{"type":"FeatureCollection","features":[{"type":"Feature","properties":{},"geometry":{"geodesic":false,"type":"Polygon","coordinates":[[[6.72811,5.10036],[6.72811,5.10027],[6.72802,5.10027],[6.72802,5.10036],[6.72739,5.10036],[6.72739,5.10027],[6.72721,5.10027],[6.72721,5.10019],[6.72685,5.10019],[6.72685,5.1001],[6.72676,5.1001],[6.72676,5.09974],[6.72667,5.09974],[6.72667,5.09938],[6.72658,5.09938],[6.72658,5.09884],[6.72667,5.09884],[6.72667,5.09875],[6.72658,5.09875],[6.72658,5.09866],[6.72667,5.09866],[6.72667,5.0983],[6.72658,5.0983],[6.72658,5.09812],[6.72712,5.09812],[6.72712,5.09794],[6.72703,5.09794],[6.72703,5.09803],[6.72667,5.09803],[6.72667,5.09776],[6.72658,5.09776],[6.72658,5.09767],[6.72667,5.09767],[6.72667,5.09749],[6.72658,5.09749],[6.72658,5.0974],[6.72667,5.0974],[6.72667,5.09731],[6.72676,5.09731],[6.72676,5.09713],[6.72685,5.09713],[6.72685,5.09695],[6.72694,5.09695],[6.72694,5.09668],[6.72712,5.09668],[6.72712,5.09659],[6.72721,5.09659],[6.72721,5.0965],[6.7273,5.0965],[6.7273,5.09632],[6.72739,5.09632],[6.72739,5.09623],[6.7273,5.09623],[6.7273,5.09614],[6.72739,5.09614],[6.72739,5.09578],[6.72748,5.09578],[6.72748,5.09533],[6.72757,5.09533],[6.72757,5.09515],[6.72793,5.09515],[6.72793,5.09506],[6.72802,5.09506],[6.72802,5.09497],[6.72811,5.09497],[6.72811,5.09488],[6.72829,5.09488],[6.72829,5.09497],[6.72838,5.09497],[6.72838,5.09524],[6.72847,5.09524],[6.72847,5.09515],[6.72856,5.09515],[6.72856,5.09524],[6.72874,5.09524],[6.72874,5.09533],[6.72883,5.09533],[6.72883,5.09524],[6.72892,5.09524],[6.72892,5.09533],[6.7291,5.09533],[6.7291,5.09551],[6.72901,5.09551],[6.72901,5.09587],[6.72892,5.09587],[6.72892,5.09614],[6.72883,5.09614],[6.72883,5.09623],[6.72874,5.09623],[6.72874,5.09659],[6.72856,5.09659],[6.72856,5.0965],[6.72838,5.0965],[6.72838,5.09641],[6.72829,5.09641],[6.72829,5.09668],[6.72811,5.09668],[6.72811,5.09677],[6.72802,5.09677],[6.72802,5.09659],[6.72811,5.09659],[6.72811,5.09641],[6.7282,5.09641],[6.7282,5.09632],[6.72802,5.09632],[6.72802,5.09641],[6.72784,5.09641],[6.72784,5.0965],[6.72775,5.0965],[6.72775,5.09668],[6.72757,5.09668],[6.72757,5.09677],[6.72748,5.09677],[6.72748,5.09695],[6.72739,5.09695],[6.72739,5.09713],[6.7273,5.09713],[6.7273,5.09722],[6.72739,5.09722],[6.72739,5.09731],[6.72721,5.09731],[6.72721,5.0974],[6.72739,5.0974],[6.72739,5.09749],[6.72748,5.09749],[6.72748,5.0974],[6.72757,5.0974],[6.72757,5.09749],[6.72766,5.09749],[6.72766,5.09758],[6.72775,5.09758],[6.72775,5.09731],[6.72802,5.09731],[6.72802,5.09722],[6.72865,5.09722],[6.72865,5.09731],[6.72874,5.09731],[6.72874,5.09749],[6.72883,5.09749],[6.72883,5.09767],[6.72892,5.09767],[6.72892,5.09803],[6.72883,5.09803],[6.72883,5.09812],[6.72892,5.09812],[6.72892,5.09839],[6.72883,5.09839],[6.72883,5.09875],[6.72901,5.09875],[6.72901,5.09893],[6.72892,5.09893],[6.72892,5.09911],[6.72901,5.09911],[6.72901,5.09938],[6.72883,5.09938],[6.72883,5.09983],[6.72865,5.09983],[6.72865,5.09992],[6.72856,5.09992],[6.72856,5.10001],[6.72847,5.10001],[6.72847,5.10019],[6.72838,5.10019],[6.72838,5.10027],[6.72829,5.10027],[6.72829,5.10036],[6.72811,5.10036]]]}},{"type":"Feature","properties":{},"geometry":{"geodesic":false,"type":"Polygon","coordinates":[[[6.74787,5.09497],[6.74787,5.09488],[6.74752,5.09488],[6.74752,5.09471],[6.74761,5.09471],[6.74761,5.09453],[6.74743,5.09453],[6.74743,5.09435],[6.74734,5.09435],[6.74734,5.09444],[6.74725,5.09444],[6.74725,5.09399],[6.74734,5.09399],[6.74734,5.09408],[6.74752,5.09408],[6.74752,5.09417],[6.74743,5.09417],[6.74743,5.09435],[6.74761,5.09435],[6.74761,5.09417],[6.7477,5.09417],[6.7477,5.09408],[6.74779,5.09408],[6.74779,5.0939],[6.74787,5.0939],[6.74787,5.09408],[6.74796,5.09408],[6.74796,5.09381],[6.74779,5.09381],[6.74779,5.09372],[6.74761,5.09372],[6.74761,5.09381],[6.7477,5.09381],[6.7477,5.0939],[6.74743,5.0939],[6.74743,5.09381],[6.74725,5.09381],[6.74725,5.09372],[6.74743,5.09372],[6.74743,5.09363],[6.74752,5.09363],[6.74752,5.09354],[6.74761,5.09354],[6.74761,5.09345],[6.7477,5.09345],[6.7477,5.09354],[6.74805,5.09354],[6.74805,5.0939],[6.74814,5.0939],[6.74814,5.09399],[6.74805,5.09399],[6.74805,5.09435],[6.74814,5.09435],[6.74814,5.09444],[6.74805,5.09444],[6.74805,5.09462],[6.74796,5.09462],[6.74796,5.09471],[6.74805,5.09471],[6.74805,5.0948],[6.74814,5.0948],[6.74814,5.09488],[6.74805,5.09488],[6.74805,5.09497],[6.74787,5.09497]],[[6.74787,5.09426],[6.7477,5.09426],[6.7477,5.09417],[6.74787,5.09417],[6.74787,5.09426]]]}},{"type":"Feature","properties":{},"geometry":{"geodesic":false,"type":"Polygon","coordinates":[[[6.76665,5.09354],[6.76665,5.09345],[6.76629,5.09345],[6.76629,5.09336],[6.76638,5.09336],[6.76638,5.09309],[6.76647,5.09309],[6.76647,5.093],[6.76638,5.093],[6.76638,5.09273],[6.76656,5.09273],[6.76656,5.09264],[6.76665,5.09264],[6.76665,5.09273],[6.76674,5.09273],[6.76674,5.09282],[6.76692,5.09282],[6.76692,5.09273],[6.76701,5.09273],[6.76701,5.09282],[6.76719,5.09282],[6.76719,5.093],[6.7671,5.093],[6.7671,5.09318],[6.76692,5.09318],[6.76692,5.09336],[6.76683,5.09336],[6.76683,5.09345],[6.76674,5.09345],[6.76674,5.09354],[6.76665,5.09354]]]}},{"type":"Feature","properties":{},"geometry":{"geodesic":false,"type":"Polygon","coordinates":[[[6.77222,5.11025],[6.77222,5.11016],[6.77213,5.11016],[6.77213,5.11007],[6.77186,5.11007],[6.77186,5.10998],[6.77177,5.10998],[6.77177,5.10989],[6.77159,5.10989],[6.77159,5.10971],[6.77177,5.10971],[6.77177,5.10962],[6.77186,5.10962],[6.77186,5.10953],[6.77195,5.10953],[6.77195,5.10935],[6.77222,5.10935],[6.77222,5.10944],[6.7724,5.10944],[6.7724,5.10962],[6.77249,5.10962],[6.77249,5.10971],[6.77258,5.10971],[6.77258,5.10989],[6.77267,5.10989],[6.77267,5.10998],[6.77276,5.10998],[6.77276,5.11016],[6.77258,5.11016],[6.77258,5.11007],[6.7724,5.11007],[6.7724,5.10998],[6.77231,5.10998],[6.77231,5.11025],[6.77222,5.11025]],[[6.77222,5.10962],[6.77213,5.10962],[6.77213,5.10944],[6.77222,5.10944],[6.77222,5.10962]]]}},{"type":"Feature","properties":{},"geometry":{"geodesic":false,"type":"Polygon","coordinates":[[[6.82558,5.13684],[6.82558,5.13675],[6.82549,5.13675],[6.82549,5.13684],[6.8254,5.13684],[6.8254,5.13657],[6.82531,5.13657],[6.82531,5.1363],[6.8254,5.1363],[6.8254,5.13612],[6.82549,5.13612],[6.82549,5.13576],[6.82558,5.13576],[6.82558,5.13558],[6.82567,5.13558],[6.82567,5.13549],[6.82558,5.13549],[6.82558,5.13531],[6.82549,5.13531],[6.82549,5.13522],[6.82558,5.13522],[6.82558,5.13513],[6.82549,5.13513],[6.82549,5.13504],[6.82558,5.13504],[6.82558,5.13486],[6.82549,5.13486],[6.82549,5.13441],[6.82558,5.13441],[6.82558,5.13414],[6.82576,5.13414],[6.82576,5.13405],[6.82585,5.13405],[6.82585,5.13396],[6.82594,5.13396],[6.82594,5.13405],[6.82612,5.13405],[6.82612,5.13459],[6.82621,5.13459],[6.82621,5.13468],[6.82612,5.13468],[6.82612,5.13486],[6.8263,5.13486],[6.8263,5.13414],[6.82648,5.13414],[6.82648,5.13423],[6.82666,5.13423],[6.82666,5.13432],[6.82675,5.13432],[6.82675,5.1345],[6.82684,5.1345],[6.82684,5.13459],[6.82693,5.13459],[6.82693,5.13405],[6.82711,5.13405],[6.82711,5.13414],[6.8272,5.13414],[6.8272,5.13423],[6.82729,5.13423],[6.82729,5.13441],[6.82747,5.13441],[6.82747,5.13468],[6.82738,5.13468],[6.82738,5.13486],[6.82747,5.13486],[6.82747,5.13495],[6.82738,5.13495],[6.82738,5.13513],[6.82711,5.13513],[6.82711,5.13522],[6.82693,5.13522],[6.82693,5.13513],[6.82702,5.13513],[6.82702,5.13504],[6.82684,5.13504],[6.82684,5.13495],[6.82675,5.13495],[6.82675,5.13513],[6.82666,5.13513],[6.82666,5.13504],[6.82657,5.13504],[6.82657,5.13513],[6.82648,5.13513],[6.82648,5.13531],[6.8263,5.13531],[6.8263,5.13549],[6.82639,5.13549],[6.82639,5.13558],[6.82621,5.13558],[6.82621,5.13567],[6.82612,5.13567],[6.82612,5.13576],[6.82603,5.13576],[6.82603,5.13585],[6.82585,5.13585],[6.82585,5.13603],[6.82576,5.13603],[6.82576,5.13675],[6.82567,5.13675],[6.82567,5.13684],[6.82558,5.13684]],[[6.82684,5.13477],[6.82675,5.13477],[6.82675,5.13468],[6.82684,5.13468],[6.82684,5.13477]],[[6.82639,5.13495],[6.8263,5.13495],[6.8263,5.13486],[6.82639,5.13486],[6.82639,5.13495]]]}},{"type":"Feature","properties":{},"geometry":{"geodesic":false,"type":"Polygon","coordinates":[[[6.82657,5.13243],[6.82657,5.13234],[6.82639,5.13234],[6.82639,5.13217],[6.8263,5.13217],[6.8263,5.13145],[6.82639,5.13145],[6.82639,5.13136],[6.8263,5.13136],[6.8263,5.13127],[6.82639,5.13127],[6.82639,5.13109],[6.82648,5.13109],[6.82648,5.13091],[6.82657,5.13091],[6.82657,5.13082],[6.82666,5.13082],[6.82666,5.13073],[6.82684,5.13073],[6.82684,5.13127],[6.82693,5.13127],[6.82693,5.13136],[6.82684,5.13136],[6.82684,5.13181],[6.82693,5.13181],[6.82693,5.1319],[6.82684,5.1319],[6.82684,5.13208],[6.82675,5.13208],[6.82675,5.13225],[6.82666,5.13225],[6.82666,5.13243],[6.82657,5.13243]]]}},{"type":"Feature","properties":{},"geometry":{"geodesic":false,"type":"Polygon","coordinates":[[[6.82693,5.1292],[6.82693,5.12911],[6.82684,5.12911],[6.82684,5.12902],[6.82666,5.12902],[6.82666,5.12857],[6.82657,5.12857],[6.82657,5.12848],[6.82666,5.12848],[6.82666,5.12821],[6.82675,5.12821],[6.82675,5.12812],[6.82666,5.12812],[6.82666,5.12794],[6.82675,5.12794],[6.82675,5.12767],[6.82693,5.12767],[6.82693,5.12758],[6.82702,5.12758],[6.82702,5.12749],[6.82711,5.12749],[6.82711,5.12776],[6.8272,5.12776],[6.8272,5.12794],[6.82711,5.12794],[6.82711,5.12821],[6.8272,5.12821],[6.8272,5.12848],[6.82729,5.12848],[6.82729,5.12857],[6.8272,5.12857],[6.8272,5.12884],[6.82711,5.12884],[6.82711,5.12902],[6.82702,5.12902],[6.82702,5.1292],[6.82693,5.1292]]]}},{"type":"Feature","properties":{},"geometry":{"geodesic":false,"type":"Polygon","coordinates":[[[6.8272,5.13755],[6.8272,5.13729],[6.82729,5.13729],[6.82729,5.1372],[6.82738,5.1372],[6.82738,5.13711],[6.82747,5.13711],[6.82747,5.13702],[6.82765,5.13702],[6.82765,5.13693],[6.82782,5.13693],[6.82782,5.13675],[6.82791,5.13675],[6.82791,5.13666],[6.828,5.13666],[6.828,5.13603],[6.82791,5.13603],[6.82791,5.13594],[6.82774,5.13594],[6.82774,5.13612],[6.82765,5.13612],[6.82765,5.13621],[6.82756,5.13621],[6.82756,5.13648],[6.82747,5.13648],[6.82747,5.13666],[6.82738,5.13666],[6.82738,5.13675],[6.82729,5.13675],[6.82729,5.13684],[6.8272,5.13684],[6.8272,5.13693],[6.82702,5.13693],[6.82702,5.13702],[6.82675,5.13702],[6.82675,5.13693],[6.82684,5.13693],[6.82684,5.13684],[6.82693,5.13684],[6.82693,5.13666],[6.82702,5.13666],[6.82702,5.13657],[6.8272,5.13657],[6.8272,5.13666],[6.82729,5.13666],[6.82729,5.13639],[6.82711,5.13639],[6.82711,5.13621],[6.8272,5.13621],[6.8272,5.13594],[6.82738,5.13594],[6.82738,5.13585],[6.82765,5.13585],[6.82765,5.13567],[6.82774,5.13567],[6.82774,5.13558],[6.828,5.13558],[6.828,5.13549],[6.82818,5.13549],[6.82818,5.1354],[6.82836,5.1354],[6.82836,5.13522],[6.82854,5.13522],[6.82854,5.13531],[6.82863,5.13531],[6.82863,5.13567],[6.82854,5.13567],[6.82854,5.13576],[6.82818,5.13576],[6.82818,5.13585],[6.82836,5.13585],[6.82836,5.13594],[6.82809,5.13594],[6.82809,5.13585],[6.828,5.13585],[6.828,5.13603],[6.82818,5.13603],[6.82818,5.13612],[6.82827,5.13612],[6.82827,5.13621],[6.82836,5.13621],[6.82836,5.13675],[6.82827,5.13675],[6.82827,5.13693],[6.828,5.13693],[6.828,5.13702],[6.82774,5.13702],[6.82774,5.13711],[6.82782,5.13711],[6.82782,5.1372],[6.82774,5.1372],[6.82774,5.13729],[6.82765,5.13729],[6.82765,5.13738],[6.82756,5.13738],[6.82756,5.13747],[6.82738,5.13747],[6.82738,5.13755],[6.8272,5.13755]],[[6.82782,5.13585],[6.82774,5.13585],[6.82774,5.13576],[6.82782,5.13576],[6.82782,5.13585]]]}},{"type":"Feature","properties":{},"geometry":{"geodesic":false,"type":"Polygon","coordinates":[[[6.82863,5.14115],[6.82863,5.14106],[6.82845,5.14106],[6.82845,5.14097],[6.82854,5.14097],[6.82854,5.14088],[6.82863,5.14088],[6.82863,5.14097],[6.82872,5.14097],[6.82872,5.14088],[6.82881,5.14088],[6.82881,5.1407],[6.8289,5.1407],[6.8289,5.14061],[6.82899,5.14061],[6.82899,5.14052],[6.82908,5.14052],[6.82908,5.14025],[6.82917,5.14025],[6.82917,5.14016],[6.82962,5.14016],[6.82962,5.14025],[6.82971,5.14025],[6.82971,5.14034],[6.82962,5.14034],[6.82962,5.14052],[6.82953,5.14052],[6.82953,5.1407],[6.82935,5.1407],[6.82935,5.14079],[6.82944,5.14079],[6.82944,5.14088],[6.82935,5.14088],[6.82935,5.14079],[6.82926,5.14079],[6.82926,5.14061],[6.82899,5.14061],[6.82899,5.14079],[6.82908,5.14079],[6.82908,5.14088],[6.82917,5.14088],[6.82917,5.14097],[6.82899,5.14097],[6.82899,5.14106],[6.82872,5.14106],[6.82872,5.14115],[6.82863,5.14115]]]}},{"type":"Feature","properties":{},"geometry":{"geodesic":false,"type":"Polygon","coordinates":[[[6.82899,5.13199],[6.82899,5.1319],[6.82872,5.1319],[6.82872,5.13181],[6.82881,5.13181],[6.82881,5.13172],[6.82872,5.13172],[6.82872,5.13163],[6.82881,5.13163],[6.82881,5.13154],[6.82872,5.13154],[6.82872,5.13136],[6.82854,5.13136],[6.82854,5.13127],[6.82863,5.13127],[6.82863,5.13109],[6.82872,5.13109],[6.82872,5.131],[6.82881,5.131],[6.82881,5.13082],[6.82899,5.13082],[6.82899,5.13073],[6.82881,5.13073],[6.82881,5.13055],[6.82872,5.13055],[6.82872,5.13046],[6.82854,5.13046],[6.82854,5.13037],[6.82845,5.13037],[6.82845,5.13019],[6.82836,5.13019],[6.82836,5.1301],[6.82827,5.1301],[6.82827,5.13001],[6.82836,5.13001],[6.82836,5.12992],[6.82827,5.12992],[6.82827,5.12911],[6.82818,5.12911],[6.82818,5.12902],[6.82827,5.12902],[6.82827,5.12884],[6.82836,5.12884],[6.82836,5.12875],[6.82845,5.12875],[6.82845,5.12866],[6.82854,5.12866],[6.82854,5.12857],[6.82908,5.12857],[6.82908,5.12866],[6.82917,5.12866],[6.82917,5.12875],[6.82908,5.12875],[6.82908,5.12866],[6.82899,5.12866],[6.82899,5.12884],[6.82881,5.12884],[6.82881,5.12893],[6.8289,5.12893],[6.8289,5.12902],[6.82899,5.12902],[6.82899,5.12893],[6.82908,5.12893],[6.82908,5.12902],[6.82926,5.12902],[6.82926,5.12911],[6.82944,5.12911],[6.82944,5.12902],[6.82935,5.12902],[6.82935,5.12884],[6.82944,5.12884],[6.82944,5.12893],[6.82953,5.12893],[6.82953,5.12884],[6.82971,5.12884],[6.82971,5.12866],[6.8298,5.12866],[6.8298,5.12875],[6.82998,5.12875],[6.82998,5.12866],[6.83016,5.12866],[6.83016,5.12884],[6.83007,5.12884],[6.83007,5.12893],[6.83016,5.12893],[6.83016,5.12902],[6.83007,5.12902],[6.83007,5.12911],[6.82989,5.12911],[6.82989,5.1292],[6.83007,5.1292],[6.83007,5.12929],[6.82989,5.12929],[6.82989,5.12947],[6.8298,5.12947],[6.8298,5.12965],[6.82917,5.12965],[6.82917,5.12974],[6.82935,5.12974],[6.82935,5.12983],[6.82899,5.12983],[6.82899,5.13001],[6.8289,5.13001],[6.8289,5.13019],[6.82899,5.13019],[6.82899,5.13028],[6.82881,5.13028],[6.82881,5.13037],[6.82872,5.13037],[6.82872,5.13046],[6.82899,5.13046],[6.82899,5.13037],[6.82908,5.13037],[6.82908,5.13028],[6.82917,5.13028],[6.82917,5.13019],[6.82926,5.13019],[6.82926,5.13028],[6.82935,5.13028],[6.82935,5.13019],[6.82944,5.13019],[6.82944,5.13028],[6.82935,5.13028],[6.82935,5.13037],[6.82926,5.13037],[6.82926,5.13046],[6.82917,5.13046],[6.82917,5.13064],[6.82908,5.13064],[6.82908,5.13082],[6.82926,5.13082],[6.82926,5.13073],[6.82944,5.13073],[6.82944,5.13064],[6.82953,5.13064],[6.82953,5.13055],[6.82971,5.13055],[6.82971,5.13037],[6.8298,5.13037],[6.8298,5.13046],[6.82989,5.13046],[6.82989,5.13019],[6.83007,5.13019],[6.83007,5.1301],[6.82998,5.1301],[6.82998,5.13001],[6.83007,5.13001],[6.83007,5.1301],[6.83025,5.1301],[6.83025,5.13046],[6.83016,5.13046],[6.83016,5.13055],[6.83007,5.13055],[6.83007,5.13064],[6.82998,5.13064],[6.82998,5.13073],[6.82989,5.13073],[6.82989,5.13082],[6.8298,5.13082],[6.8298,5.13091],[6.82971,5.13091],[6.82971,5.131],[6.82962,5.131],[6.82962,5.13109],[6.82944,5.13109],[6.82944,5.13127],[6.82926,5.13127],[6.82926,5.1319],[6.82917,5.1319],[6.82917,5.13199],[6.82899,5.13199]],[[6.82944,5.12938],[6.82935,5.12938],[6.82935,5.12929],[6.82944,5.12929],[6.82944,5.12938]],[[6.82917,5.12947],[6.82908,5.12947],[6.82908,5.12938],[6.82899,5.12938],[6.82899,5.1292],[6.82908,5.1292],[6.82908,5.12929],[6.82917,5.12929],[6.82917,5.12947]],[[6.82917,5.12965],[6.82908,5.12965],[6.82908,5.12956],[6.82917,5.12956],[6.82917,5.12965]]]}},{"type":"Feature","properties":{},"geometry":{"geodesic":false,"type":"Polygon","coordinates":[[[6.8289,5.1363],[6.8289,5.13603],[6.82881,5.13603],[6.82881,5.13576],[6.8289,5.13576],[6.8289,5.13567],[6.82881,5.13567],[6.82881,5.13558],[6.8289,5.13558],[6.8289,5.1354],[6.82908,5.1354],[6.82908,5.13531],[6.8289,5.13531],[6.8289,5.13522],[6.82899,5.13522],[6.82899,5.13513],[6.82908,5.13513],[6.82908,5.13477],[6.82917,5.13477],[6.82917,5.13459],[6.82935,5.13459],[6.82935,5.1345],[6.82998,5.1345],[6.82998,5.13459],[6.8298,5.13459],[6.8298,5.13477],[6.82971,5.13477],[6.82971,5.13495],[6.8298,5.13495],[6.8298,5.13513],[6.82971,5.13513],[6.82971,5.13522],[6.8298,5.13522],[6.8298,5.13549],[6.82962,5.13549],[6.82962,5.13558],[6.8298,5.13558],[6.8298,5.13576],[6.82971,5.13576],[6.82971,5.13594],[6.82962,5.13594],[6.82962,5.13603],[6.82953,5.13603],[6.82953,5.13621],[6.82935,5.13621],[6.82935,5.1363],[6.8289,5.1363]],[[6.82971,5.13576],[6.82962,5.13576],[6.82962,5.13567],[6.82971,5.13567],[6.82971,5.13576]]]}},{"type":"Feature","properties":{},"geometry":{"geodesic":false,"type":"Polygon","coordinates":[[[6.82962,5.1327],[6.82962,5.13261],[6.82953,5.13261],[6.82953,5.13252],[6.82944,5.13252],[6.82944,5.13217],[6.82953,5.13217],[6.82953,5.13208],[6.82962,5.13208],[6.82962,5.13199],[6.82971,5.13199],[6.82971,5.1319],[6.8298,5.1319],[6.8298,5.13181],[6.82971,5.13181],[6.82971,5.13172],[6.8298,5.13172],[6.8298,5.13154],[6.82989,5.13154],[6.82989,5.13163],[6.82998,5.13163],[6.82998,5.13172],[6.83007,5.13172],[6.83007,5.13163],[6.83016,5.13163],[6.83016,5.13154],[6.83025,5.13154],[6.83025,5.13172],[6.83034,5.13172],[6.83034,5.13163],[6.83043,5.13163],[6.83043,5.1319],[6.83052,5.1319],[6.83052,5.13208],[6.83043,5.13208],[6.83043,5.13217],[6.83016,5.13217],[6.83016,5.13225],[6.82998,5.13225],[6.82998,5.13243],[6.82989,5.13243],[6.82989,5.13261],[6.8298,5.13261],[6.8298,5.1327],[6.82962,5.1327]],[[6.82998,5.1319],[6.82989,5.1319],[6.82989,5.13181],[6.82998,5.13181],[6.82998,5.1319]]]}},{"type":"Feature","properties":{},"geometry":{"geodesic":false,"type":"Polygon","coordinates":[[[6.83034,5.13702],[6.83034,5.13693],[6.83025,5.13693],[6.83025,5.13666],[6.83016,5.13666],[6.83016,5.13648],[6.83007,5.13648],[6.83007,5.13639],[6.83016,5.13639],[6.83016,5.1363],[6.83025,5.1363],[6.83025,5.13603],[6.83016,5.13603],[6.83016,5.13594],[6.82998,5.13594],[6.82998,5.13585],[6.83025,5.13585],[6.83025,5.13576],[6.83034,5.13576],[6.83034,5.13585],[6.83043,5.13585],[6.83043,5.13603],[6.83034,5.13603],[6.83034,5.13621],[6.83043,5.13621],[6.83043,5.13612],[6.83052,5.13612],[6.83052,5.13603],[6.83061,5.13603],[6.83061,5.13576],[6.8307,5.13576],[6.8307,5.13567],[6.83052,5.13567],[6.83052,5.13549],[6.83043,5.13549],[6.83043,5.13468],[6.83079,5.13468],[6.83079,5.13477],[6.83088,5.13477],[6.83088,5.13504],[6.83097,5.13504],[6.83097,5.13549],[6.83106,5.13549],[6.83106,5.13567],[6.83097,5.13567],[6.83097,5.13576],[6.83106,5.13576],[6.83106,5.13585],[6.83124,5.13585],[6.83124,5.13594],[6.83115,5.13594],[6.83115,5.13612],[6.83106,5.13612],[6.83106,5.13621],[6.83097,5.13621],[6.83097,5.13612],[6.83088,5.13612],[6.83088,5.13639],[6.83079,5.13639],[6.83079,5.13657],[6.8307,5.13657],[6.8307,5.13675],[6.83061,5.13675],[6.83061,5.13684],[6.83052,5.13684],[6.83052,5.13693],[6.83043,5.13693],[6.83043,5.13702],[6.83034,5.13702]],[[6.83034,5.13594],[6.83025,5.13594],[6.83025,5.13585],[6.83034,5.13585],[6.83034,5.13594]],[[6.83088,5.13576],[6.83079,5.13576],[6.83079,5.13567],[6.83088,5.13567],[6.83088,5.13576]],[[6.83088,5.13594],[6.83079,5.13594],[6.83079,5.13585],[6.83088,5.13585],[6.83088,5.13594]],[[6.83097,5.13603],[6.83088,5.13603],[6.83088,5.13594],[6.83097,5.13594],[6.83097,5.13603]],[[6.83088,5.13612],[6.8307,5.13612],[6.8307,5.13594],[6.83079,5.13594],[6.83079,5.13603],[6.83088,5.13603],[6.83088,5.13612]],[[6.83106,5.13612],[6.83097,5.13612],[6.83097,5.13603],[6.83106,5.13603],[6.83106,5.13612]]]}},{"type":"Feature","properties":{},"geometry":{"geodesic":false,"type":"Polygon","coordinates":[[[6.83178,5.1336],[6.83178,5.13324],[6.83169,5.13324],[6.83169,5.13279],[6.83178,5.13279],[6.83178,5.1327],[6.83187,5.1327],[6.83187,5.13217],[6.83205,5.13217],[6.83205,5.13225],[6.83214,5.13225],[6.83214,5.13252],[6.83223,5.13252],[6.83223,5.13279],[6.83232,5.13279],[6.83232,5.13288],[6.83223,5.13288],[6.83223,5.13297],[6.83214,5.13297],[6.83214,5.13324],[6.83205,5.13324],[6.83205,5.13342],[6.83196,5.13342],[6.83196,5.13351],[6.83187,5.13351],[6.83187,5.1336],[6.83178,5.1336]]]}},{"type":"Feature","properties":{},"geometry":{"geodesic":false,"type":"Polygon","coordinates":[[[6.83366,5.04467],[6.83366,5.04404],[6.83357,5.04404],[6.83357,5.04368],[6.83348,5.04368],[6.83348,5.04305],[6.83339,5.04305],[6.83339,5.04251],[6.8333,5.04251],[6.8333,5.04215],[6.83321,5.04215],[6.83321,5.04179],[6.8333,5.04179],[6.8333,5.04188],[6.83339,5.04188],[6.83339,5.04215],[6.83348,5.04215],[6.83348,5.04224],[6.83357,5.04224],[6.83357,5.04233],[6.83348,5.04233],[6.83348,5.04242],[6.83339,5.04242],[6.83339,5.04251],[6.83348,5.04251],[6.83348,5.0426],[6.83357,5.0426],[6.83357,5.04341],[6.83366,5.04341],[6.83366,5.04386],[6.83375,5.04386],[6.83375,5.04422],[6.83384,5.04422],[6.83384,5.04431],[6.83375,5.04431],[6.83375,5.0444],[6.83384,5.0444],[6.83384,5.04449],[6.83375,5.04449],[6.83375,5.04467],[6.83366,5.04467]]]}},{"type":"Feature","properties":{},"geometry":{"geodesic":false,"type":"Polygon","coordinates":[[[6.83375,5.22775],[6.83375,5.22748],[6.83384,5.22748],[6.83384,5.22739],[6.83375,5.22739],[6.83375,5.22712],[6.83384,5.22712],[6.83384,5.22703],[6.83366,5.22703],[6.83366,5.22694],[6.83357,5.22694],[6.83357,5.22685],[6.83348,5.22685],[6.83348,5.22667],[6.83357,5.22667],[6.83357,5.22676],[6.83375,5.22676],[6.83375,5.22667],[6.83366,5.22667],[6.83366,5.22658],[6.83357,5.22658],[6.83357,5.2264],[6.83375,5.2264],[6.83375,5.22649],[6.83384,5.22649],[6.83384,5.22658],[6.83393,5.22658],[6.83393,5.22676],[6.83402,5.22676],[6.83402,5.22667],[6.83411,5.22667],[6.83411,5.22703],[6.8342,5.22703],[6.8342,5.22685],[6.83438,5.22685],[6.83438,5.22676],[6.83447,5.22676],[6.83447,5.22667],[6.83438,5.22667],[6.83438,5.22658],[6.83465,5.22658],[6.83465,5.22676],[6.83456,5.22676],[6.83456,5.22685],[6.83438,5.22685],[6.83438,5.22694],[6.83429,5.22694],[6.83429,5.22703],[6.83438,5.22703],[6.83438,5.22712],[6.83411,5.22712],[6.83411,5.22748],[6.83393,5.22748],[6.83393,5.22757],[6.83402,5.22757],[6.83402,5.22766],[6.83384,5.22766],[6.83384,5.22775],[6.83375,5.22775]],[[6.83393,5.22685],[6.83384,5.22685],[6.83384,5.22676],[6.83393,5.22676],[6.83393,5.22685]],[[6.83384,5.22694],[6.83375,5.22694],[6.83375,5.22685],[6.83384,5.22685],[6.83384,5.22694]]]}},{"type":"Feature","properties":{},"geometry":{"geodesic":false,"type":"Polygon","coordinates":[[[6.83447,5.04862],[6.83447,5.04817],[6.83438,5.04817],[6.83438,5.04799],[6.83429,5.04799],[6.83429,5.0479],[6.83438,5.0479],[6.83438,5.04781],[6.83429,5.04781],[6.83429,5.04745],[6.8342,5.04745],[6.8342,5.04709],[6.83411,5.04709],[6.83411,5.047],[6.8342,5.047],[6.8342,5.04683],[6.83411,5.04683],[6.83411,5.04638],[6.83429,5.04638],[6.83429,5.04665],[6.83438,5.04665],[6.83438,5.04674],[6.83429,5.04674],[6.83429,5.047],[6.83438,5.047],[6.83438,5.04745],[6.83447,5.04745],[6.83447,5.04754],[6.83456,5.04754],[6.83456,5.04745],[6.83465,5.04745],[6.83465,5.04763],[6.83456,5.04763],[6.83456,5.04826],[6.83465,5.04826],[6.83465,5.04844],[6.83456,5.04844],[6.83456,5.04853],[6.83474,5.04853],[6.83474,5.04862],[6.83447,5.04862]]]}},{"type":"Feature","properties":{},"geometry":{"geodesic":false,"type":"Polygon","coordinates":[[[6.83959,5.07359],[6.83959,5.07342],[6.8395,5.07342],[6.8395,5.07306],[6.83959,5.07306],[6.83959,5.07297],[6.8395,5.07297],[6.8395,5.0727],[6.83941,5.0727],[6.83941,5.07225],[6.83932,5.07225],[6.83932,5.07207],[6.83923,5.07207],[6.83923,5.07189],[6.83932,5.07189],[6.83932,5.07162],[6.83923,5.07162],[6.83923,5.07144],[6.83914,5.07144],[6.83914,5.07108],[6.83905,5.07108],[6.83905,5.0709],[6.83914,5.0709],[6.83914,5.07072],[6.83923,5.07072],[6.83923,5.07081],[6.83932,5.07081],[6.83932,5.07108],[6.83941,5.07108],[6.83941,5.07099],[6.8395,5.07099],[6.8395,5.07108],[6.83941,5.07108],[6.83941,5.07117],[6.83932,5.07117],[6.83932,5.07126],[6.83941,5.07126],[6.83941,5.07162],[6.8395,5.07162],[6.8395,5.07171],[6.83959,5.07171],[6.83959,5.0718],[6.8395,5.0718],[6.8395,5.07216],[6.83959,5.07216],[6.83959,5.07225],[6.8395,5.07225],[6.8395,5.07243],[6.83959,5.07243],[6.83959,5.07288],[6.83968,5.07288],[6.83968,5.07306],[6.83977,5.07306],[6.83977,5.07297],[6.83986,5.07297],[6.83986,5.07306],[6.83977,5.07306],[6.83977,5.07324],[6.83968,5.07324],[6.83968,5.07359],[6.83959,5.07359]],[[6.83941,5.07207],[6.83932,5.07207],[6.83932,5.07198],[6.83941,5.07198],[6.83941,5.07207]]]}},{"type":"Feature","properties":{},"geometry":{"geodesic":false,"type":"Polygon","coordinates":[[[6.84202,5.08554],[6.84202,5.08536],[6.84193,5.08536],[6.84193,5.085],[6.84184,5.085],[6.84184,5.08446],[6.84175,5.08446],[6.84175,5.08393],[6.84166,5.08393],[6.84166,5.08375],[6.84175,5.08375],[6.84175,5.08357],[6.84193,5.08357],[6.84193,5.08366],[6.84184,5.08366],[6.84184,5.08384],[6.84193,5.08384],[6.84193,5.08375],[6.84202,5.08375],[6.84202,5.08366],[6.84211,5.08366],[6.84211,5.08348],[6.8422,5.08348],[6.8422,5.08366],[6.84229,5.08366],[6.84229,5.08411],[6.8422,5.08411],[6.8422,5.08384],[6.84211,5.08384],[6.84211,5.08393],[6.84202,5.08393],[6.84202,5.08402],[6.84184,5.08402],[6.84184,5.08428],[6.84193,5.08428],[6.84193,5.08455],[6.84202,5.08455],[6.84202,5.08527],[6.8422,5.08527],[6.8422,5.08545],[6.84211,5.08545],[6.84211,5.08554],[6.84202,5.08554]],[[6.84184,5.08393],[6.84175,5.08393],[6.84175,5.08384],[6.84184,5.08384],[6.84184,5.08393]]]}},{"type":"Feature","properties":{},"geometry":{"geodesic":false,"type":"Polygon","coordinates":[[[6.84346,5.05814],[6.84346,5.05805],[6.84337,5.05805],[6.84337,5.05814],[6.84328,5.05814],[6.84328,5.05805],[6.84319,5.05805],[6.84319,5.05814],[6.84283,5.05814],[6.84283,5.05805],[6.84256,5.05805],[6.84256,5.05796],[6.84229,5.05796],[6.84229,5.05805],[6.8422,5.05805],[6.8422,5.05814],[6.84211,5.05814],[6.84211,5.05787],[6.8422,5.05787],[6.8422,5.05769],[6.84238,5.05769],[6.84238,5.0576],[6.84265,5.0576],[6.84265,5.05743],[6.84274,5.05743],[6.84274,5.05734],[6.84283,5.05734],[6.84283,5.05752],[6.84292,5.05752],[6.84292,5.05743],[6.84301,5.05743],[6.84301,5.05734],[6.84355,5.05734],[6.84355,5.05716],[6.84364,5.05716],[6.84364,5.05698],[6.84381,5.05698],[6.84381,5.05725],[6.84373,5.05725],[6.84373,5.05734],[6.84381,5.05734],[6.84381,5.05743],[6.84408,5.05743],[6.84408,5.05752],[6.84426,5.05752],[6.84426,5.0576],[6.84408,5.0576],[6.84408,5.05769],[6.84399,5.05769],[6.84399,5.05752],[6.8439,5.05752],[6.8439,5.05787],[6.84373,5.05787],[6.84373,5.05796],[6.84381,5.05796],[6.84381,5.05805],[6.84364,5.05805],[6.84364,5.05814],[6.84346,5.05814]]]}},{"type":"Feature","properties":{},"geometry":{"geodesic":false,"type":"Polygon","coordinates":[[[6.8448,5.09488],[6.8448,5.0948],[6.84471,5.0948],[6.84471,5.09471],[6.84462,5.09471],[6.84462,5.09462],[6.84444,5.09462],[6.84444,5.0948],[6.84435,5.0948],[6.84435,5.09488],[6.84426,5.09488],[6.84426,5.0948],[6.84435,5.0948],[6.84435,5.09471],[6.84417,5.09471],[6.84417,5.0948],[6.8439,5.0948],[6.8439,5.09426],[6.84373,5.09426],[6.84373,5.09363],[6.84364,5.09363],[6.84364,5.09345],[6.84373,5.09345],[6.84373,5.09336],[6.84364,5.09336],[6.84364,5.09318],[6.84373,5.09318],[6.84373,5.09309],[6.8439,5.09309],[6.8439,5.09318],[6.84373,5.09318],[6.84373,5.09327],[6.8439,5.09327],[6.8439,5.09345],[6.84399,5.09345],[6.84399,5.09354],[6.8439,5.09354],[6.8439,5.09363],[6.84381,5.09363],[6.84381,5.09372],[6.8439,5.09372],[6.8439,5.09399],[6.84399,5.09399],[6.84399,5.0939],[6.84417,5.0939],[6.84417,5.09408],[6.84399,5.09408],[6.84399,5.09417],[6.8439,5.09417],[6.8439,5.09426],[6.84399,5.09426],[6.84399,5.09453],[6.84408,5.09453],[6.84408,5.09444],[6.84435,5.09444],[6.84435,5.09426],[6.84453,5.09426],[6.84453,5.09453],[6.84462,5.09453],[6.84462,5.09462],[6.84471,5.09462],[6.84471,5.09471],[6.8448,5.09471],[6.8448,5.0948],[6.84489,5.0948],[6.84489,5.09488],[6.8448,5.09488]]]}},{"type":"Feature","properties":{},"geometry":{"geodesic":false,"type":"Polygon","coordinates":[[[6.84588,5.10423],[6.84588,5.10405],[6.84579,5.10405],[6.84579,5.1036],[6.8457,5.1036],[6.8457,5.10306],[6.84561,5.10306],[6.84561,5.10288],[6.8457,5.10288],[6.8457,5.1027],[6.84579,5.1027],[6.84579,5.10288],[6.84588,5.10288],[6.84588,5.10315],[6.84615,5.10315],[6.84615,5.10324],[6.84624,5.10324],[6.84624,5.10351],[6.84615,5.10351],[6.84615,5.1036],[6.84624,5.1036],[6.84624,5.10369],[6.84633,5.10369],[6.84633,5.10378],[6.84624,5.10378],[6.84624,5.10387],[6.84615,5.10387],[6.84615,5.10414],[6.84606,5.10414],[6.84606,5.10423],[6.84588,5.10423]],[[6.84579,5.10306],[6.8457,5.10306],[6.8457,5.10297],[6.84579,5.10297],[6.84579,5.10306]],[[6.84615,5.10351],[6.84606,5.10351],[6.84606,5.10342],[6.84597,5.10342],[6.84597,5.10333],[6.84615,5.10333],[6.84615,5.10351]],[[6.84606,5.10405],[6.84597,5.10405],[6.84597,5.10387],[6.84588,5.10387],[6.84588,5.10378],[6.84597,5.10378],[6.84597,5.10369],[6.84615,5.10369],[6.84615,5.10378],[6.84606,5.10378],[6.84606,5.10405]]]}},{"type":"Feature","properties":{},"geometry":{"geodesic":false,"type":"Polygon","coordinates":[[[6.84723,5.10836],[6.84723,5.10818],[6.84705,5.10818],[6.84705,5.10809],[6.84678,5.10809],[6.84678,5.108],[6.84669,5.108],[6.84669,5.10791],[6.8466,5.10791],[6.8466,5.10782],[6.84651,5.10782],[6.84651,5.10764],[6.84642,5.10764],[6.84642,5.10737],[6.84633,5.10737],[6.84633,5.10701],[6.84642,5.10701],[6.84642,5.10692],[6.84624,5.10692],[6.84624,5.10665],[6.84633,5.10665],[6.84633,5.10674],[6.84642,5.10674],[6.84642,5.10692],[6.84651,5.10692],[6.84651,5.10728],[6.8466,5.10728],[6.8466,5.10737],[6.84669,5.10737],[6.84669,5.10728],[6.84687,5.10728],[6.84687,5.10737],[6.84696,5.10737],[6.84696,5.10728],[6.84705,5.10728],[6.84705,5.10719],[6.84714,5.10719],[6.84714,5.10728],[6.84732,5.10728],[6.84732,5.10746],[6.8475,5.10746],[6.8475,5.10755],[6.84768,5.10755],[6.84768,5.10782],[6.84759,5.10782],[6.84759,5.10791],[6.8475,5.10791],[6.8475,5.10809],[6.84723,5.10809],[6.84723,5.10818],[6.84732,5.10818],[6.84732,5.10827],[6.84741,5.10827],[6.84741,5.10836],[6.84723,5.10836]]]}},{"type":"Feature","properties":{},"geometry":{"geodesic":false,"type":"Polygon","coordinates":[[[6.84786,5.1142],[6.84786,5.11375],[6.84777,5.11375],[6.84777,5.11348],[6.84768,5.11348],[6.84768,5.11312],[6.84759,5.11312],[6.84759,5.11276],[6.8475,5.11276],[6.8475,5.11222],[6.84741,5.11222],[6.84741,5.11204],[6.84759,5.11204],[6.84759,5.11213],[6.84768,5.11213],[6.84768,5.11222],[6.84777,5.11222],[6.84777,5.11213],[6.84786,5.11213],[6.84786,5.11222],[6.84795,5.11222],[6.84795,5.1124],[6.84768,5.1124],[6.84768,5.11285],[6.84777,5.11285],[6.84777,5.11312],[6.84786,5.11312],[6.84786,5.11339],[6.84795,5.11339],[6.84795,5.11375],[6.84804,5.11375],[6.84804,5.11384],[6.84795,5.11384],[6.84795,5.1142],[6.84786,5.1142]]]}},{"type":"Feature","properties":{},"geometry":{"geodesic":false,"type":"Polygon","coordinates":[[[6.84876,5.11923],[6.84876,5.11905],[6.84867,5.11905],[6.84867,5.11887],[6.84858,5.11887],[6.84858,5.11878],[6.84849,5.11878],[6.84849,5.11869],[6.84858,5.11869],[6.84858,5.11851],[6.84849,5.11851],[6.84849,5.1186],[6.8484,5.1186],[6.8484,5.11851],[6.84849,5.11851],[6.84849,5.11842],[6.8484,5.11842],[6.8484,5.11788],[6.84831,5.11788],[6.84831,5.11761],[6.8484,5.11761],[6.8484,5.11779],[6.84858,5.11779],[6.84858,5.11788],[6.84867,5.11788],[6.84867,5.11797],[6.84876,5.11797],[6.84876,5.11833],[6.84885,5.11833],[6.84885,5.11842],[6.84894,5.11842],[6.84894,5.11869],[6.84885,5.11869],[6.84885,5.11923],[6.84876,5.11923]]]}},{"type":"Feature","properties":{},"geometry":{"geodesic":false,"type":"Polygon","coordinates":[[[6.85037,5.10378],[6.85037,5.10369],[6.85019,5.10369],[6.85019,5.10261],[6.85028,5.10261],[6.85028,5.10288],[6.85037,5.10288],[6.85037,5.1027],[6.85046,5.1027],[6.85046,5.10252],[6.85037,5.10252],[6.85037,5.10225],[6.85046,5.10225],[6.85046,5.10207],[6.85118,5.10207],[6.85118,5.10225],[6.85154,5.10225],[6.85154,5.1027],[6.85136,5.1027],[6.85136,5.10288],[6.85127,5.10288],[6.85127,5.10279],[6.85109,5.10279],[6.85109,5.10288],[6.851,5.10288],[6.851,5.10297],[6.85109,5.10297],[6.85109,5.10315],[6.85073,5.10315],[6.85073,5.10324],[6.85037,5.10324],[6.85037,5.10333],[6.85046,5.10333],[6.85046,5.10342],[6.85055,5.10342],[6.85055,5.10351],[6.85046,5.10351],[6.85046,5.10378],[6.85037,5.10378]],[[6.85091,5.10252],[6.85082,5.10252],[6.85082,5.10243],[6.85091,5.10243],[6.85091,5.10252]],[[6.85073,5.10315],[6.85055,5.10315],[6.85055,5.10306],[6.85046,5.10306],[6.85046,5.10297],[6.85037,5.10297],[6.85037,5.10288],[6.85055,5.10288],[6.85055,5.10279],[6.85073,5.10279],[6.85073,5.10288],[6.85064,5.10288],[6.85064,5.10297],[6.85082,5.10297],[6.85082,5.10306],[6.85073,5.10306],[6.85073,5.10315]]]}},{"type":"Feature","properties":{},"geometry":{"geodesic":false,"type":"Polygon","coordinates":[[[6.851,5.0983],[6.851,5.09812],[6.85091,5.09812],[6.85091,5.09821],[6.85082,5.09821],[6.85082,5.0983],[6.85064,5.0983],[6.85064,5.09812],[6.85037,5.09812],[6.85037,5.09803],[6.85055,5.09803],[6.85055,5.09776],[6.85082,5.09776],[6.85082,5.09767],[6.85091,5.09767],[6.85091,5.09758],[6.851,5.09758],[6.851,5.09749],[6.85109,5.09749],[6.85109,5.09767],[6.85118,5.09767],[6.85118,5.09785],[6.85127,5.09785],[6.85127,5.09794],[6.85136,5.09794],[6.85136,5.09812],[6.85118,5.09812],[6.85118,5.09821],[6.85127,5.09821],[6.85127,5.0983],[6.851,5.0983]]]}},{"type":"Feature","properties":{},"geometry":{"geodesic":false,"type":"Polygon","coordinates":[[[6.85118,5.10054],[6.85118,5.10045],[6.851,5.10045],[6.851,5.10036],[6.85091,5.10036],[6.85091,5.10045],[6.85055,5.10045],[6.85055,5.10036],[6.85046,5.10036],[6.85046,5.10027],[6.85055,5.10027],[6.85055,5.10019],[6.85064,5.10019],[6.85064,5.1001],[6.85073,5.1001],[6.85073,5.09983],[6.85064,5.09983],[6.85064,5.09965],[6.85073,5.09965],[6.85073,5.09956],[6.85082,5.09956],[6.85082,5.09947],[6.851,5.09947],[6.851,5.09956],[6.85109,5.09956],[6.85109,5.09965],[6.851,5.09965],[6.851,5.09974],[6.85109,5.09974],[6.85109,5.09992],[6.851,5.09992],[6.851,5.10001],[6.85136,5.10001],[6.85136,5.09992],[6.85145,5.09992],[6.85145,5.10001],[6.85136,5.10001],[6.85136,5.1001],[6.85127,5.1001],[6.85127,5.10019],[6.85136,5.10019],[6.85136,5.10036],[6.85127,5.10036],[6.85127,5.10045],[6.85136,5.10045],[6.85136,5.10054],[6.85118,5.10054]]]}},{"type":"Feature","properties":{},"geometry":{"geodesic":false,"type":"Polygon","coordinates":[[[6.85145,5.03811],[6.85145,5.03802],[6.85136,5.03802],[6.85136,5.03775],[6.85127,5.03775],[6.85127,5.03784],[6.85118,5.03784],[6.85118,5.03775],[6.85127,5.03775],[6.85127,5.03766],[6.85118,5.03766],[6.85118,5.03757],[6.85127,5.03757],[6.85127,5.03748],[6.85118,5.03748],[6.85118,5.0373],[6.85109,5.0373],[6.85109,5.03748],[6.851,5.03748],[6.851,5.03766],[6.85091,5.03766],[6.85091,5.03775],[6.851,5.03775],[6.851,5.03784],[6.85091,5.03784],[6.85091,5.03775],[6.85073,5.03775],[6.85073,5.03757],[6.85055,5.03757],[6.85055,5.03748],[6.85064,5.03748],[6.85064,5.03739],[6.85082,5.03739],[6.85082,5.0373],[6.85091,5.0373],[6.85091,5.03712],[6.85073,5.03712],[6.85073,5.03703],[6.85055,5.03703],[6.85055,5.03685],[6.85046,5.03685],[6.85046,5.03694],[6.85037,5.03694],[6.85037,5.03712],[6.85046,5.03712],[6.85046,5.03739],[6.85028,5.03739],[6.85028,5.03685],[6.85037,5.03685],[6.85037,5.03676],[6.85055,5.03676],[6.85055,5.03667],[6.85082,5.03667],[6.85082,5.03676],[6.851,5.03676],[6.851,5.03685],[6.85109,5.03685],[6.85109,5.03712],[6.85118,5.03712],[6.85118,5.0373],[6.85145,5.0373],[6.85145,5.03739],[6.85154,5.03739],[6.85154,5.03748],[6.85172,5.03748],[6.85172,5.03739],[6.85163,5.03739],[6.85163,5.0373],[6.85172,5.0373],[6.85172,5.03721],[6.85136,5.03721],[6.85136,5.03685],[6.85127,5.03685],[6.85127,5.03658],[6.85118,5.03658],[6.85118,5.03631],[6.85136,5.03631],[6.85136,5.0364],[6.85127,5.0364],[6.85127,5.03649],[6.85145,5.03649],[6.85145,5.0364],[6.85154,5.0364],[6.85154,5.03658],[6.85163,5.03658],[6.85163,5.03667],[6.85199,5.03667],[6.85199,5.03649],[6.85208,5.03649],[6.85208,5.03667],[6.85226,5.03667],[6.85226,5.03685],[6.85235,5.03685],[6.85235,5.03703],[6.85244,5.03703],[6.85244,5.03712],[6.85199,5.03712],[6.85199,5.03721],[6.85208,5.03721],[6.85208,5.03748],[6.85181,5.03748],[6.85181,5.03757],[6.85172,5.03757],[6.85172,5.03766],[6.85145,5.03766],[6.85145,5.03793],[6.85154,5.03793],[6.85154,5.03811],[6.85145,5.03811]],[[6.85109,5.0373],[6.851,5.0373],[6.851,5.03721],[6.85109,5.03721],[6.85109,5.0373]],[[6.85154,5.03667],[6.85145,5.03667],[6.85145,5.03658],[6.85154,5.03658],[6.85154,5.03667]],[[6.85208,5.03685],[6.85199,5.03685],[6.85199,5.03676],[6.85208,5.03676],[6.85208,5.03685]],[[6.85226,5.03703],[6.85217,5.03703],[6.85217,5.03685],[6.85226,5.03685],[6.85226,5.03703]],[[6.85145,5.03748],[6.85136,5.03748],[6.85136,5.03739],[6.85145,5.03739],[6.85145,5.03748]]]}},{"type":"Feature","properties":{},"geometry":{"geodesic":false,"type":"Polygon","coordinates":[[[6.85208,5.11986],[6.85208,5.11977],[6.85199,5.11977],[6.85199,5.11968],[6.8519,5.11968],[6.8519,5.11959],[6.85172,5.11959],[6.85172,5.1195],[6.85163,5.1195],[6.85163,5.11968],[6.85154,5.11968],[6.85154,5.11941],[6.85172,5.11941],[6.85172,5.11923],[6.85181,5.11923],[6.85181,5.11905],[6.85217,5.11905],[6.85217,5.11896],[6.85235,5.11896],[6.85235,5.11923],[6.85244,5.11923],[6.85244,5.11914],[6.85253,5.11914],[6.85253,5.11905],[6.85244,5.11905],[6.85244,5.11896],[6.85262,5.11896],[6.85262,5.11914],[6.85271,5.11914],[6.85271,5.11923],[6.85253,5.11923],[6.85253,5.11932],[6.85244,5.11932],[6.85244,5.1195],[6.85217,5.1195],[6.85217,5.11959],[6.85226,5.11959],[6.85226,5.11968],[6.85217,5.11968],[6.85217,5.11986],[6.85208,5.11986]]]}},{"type":"Feature","properties":{},"geometry":{"geodesic":false,"type":"Polygon","coordinates":[[[6.85262,5.13711],[6.85262,5.13702],[6.85235,5.13702],[6.85235,5.13666],[6.85226,5.13666],[6.85226,5.13657],[6.85217,5.13657],[6.85217,5.13648],[6.85208,5.13648],[6.85208,5.13657],[6.8519,5.13657],[6.8519,5.13675],[6.85181,5.13675],[6.85181,5.13684],[6.8519,5.13684],[6.8519,5.13702],[6.85181,5.13702],[6.85181,5.13693],[6.85172,5.13693],[6.85172,5.13666],[6.85163,5.13666],[6.85163,5.13657],[6.85172,5.13657],[6.85172,5.13648],[6.85163,5.13648],[6.85163,5.13612],[6.85154,5.13612],[6.85154,5.13585],[6.85163,5.13585],[6.85163,5.13576],[6.85181,5.13576],[6.85181,5.13603],[6.8519,5.13603],[6.8519,5.13612],[6.85199,5.13612],[6.85199,5.13585],[6.85208,5.13585],[6.85208,5.13603],[6.85217,5.13603],[6.85217,5.13612],[6.85226,5.13612],[6.85226,5.13621],[6.85235,5.13621],[6.85235,5.13594],[6.85244,5.13594],[6.85244,5.13621],[6.85253,5.13621],[6.85253,5.13657],[6.85262,5.13657],[6.85262,5.13675],[6.85271,5.13675],[6.85271,5.13657],[6.8528,5.13657],[6.8528,5.13648],[6.85271,5.13648],[6.85271,5.1363],[6.85262,5.1363],[6.85262,5.13585],[6.85271,5.13585],[6.85271,5.13576],[6.8528,5.13576],[6.8528,5.13603],[6.85289,5.13603],[6.85289,5.13594],[6.85298,5.13594],[6.85298,5.13621],[6.85289,5.13621],[6.85289,5.13639],[6.85298,5.13639],[6.85298,5.1363],[6.85316,5.1363],[6.85316,5.13639],[6.85298,5.13639],[6.85298,5.13657],[6.85289,5.13657],[6.85289,5.13684],[6.8528,5.13684],[6.8528,5.13675],[6.85271,5.13675],[6.85271,5.13711],[6.85262,5.13711]],[[6.8519,5.13621],[6.85181,5.13621],[6.85181,5.13612],[6.8519,5.13612],[6.8519,5.13621]],[[6.85181,5.13639],[6.85172,5.13639],[6.85172,5.1363],[6.85181,5.1363],[6.85181,5.13639]],[[6.85226,5.13639],[6.85208,5.13639],[6.85208,5.1363],[6.85217,5.1363],[6.85217,5.13621],[6.85226,5.13621],[6.85226,5.13639]]]}},{"type":"Feature","properties":{},"geometry":{"geodesic":false,"type":"Polygon","coordinates":[[[6.85352,5.09695],[6.85352,5.09686],[6.85334,5.09686],[6.85334,5.09677],[6.85325,5.09677],[6.85325,5.09668],[6.85316,5.09668],[6.85316,5.09659],[6.85334,5.09659],[6.85334,5.09632],[6.85307,5.09632],[6.85307,5.09623],[6.85289,5.09623],[6.85289,5.09614],[6.85307,5.09614],[6.85307,5.09596],[6.85334,5.09596],[6.85334,5.09605],[6.85343,5.09605],[6.85343,5.09623],[6.85361,5.09623],[6.85361,5.09632],[6.8537,5.09632],[6.8537,5.09641],[6.85379,5.09641],[6.85379,5.09632],[6.85388,5.09632],[6.85388,5.09641],[6.85415,5.09641],[6.85415,5.09632],[6.85406,5.09632],[6.85406,5.09623],[6.85415,5.09623],[6.85415,5.09614],[6.85397,5.09614],[6.85397,5.09596],[6.85406,5.09596],[6.85406,5.09587],[6.85397,5.09587],[6.85397,5.09578],[6.85406,5.09578],[6.85406,5.09551],[6.85415,5.09551],[6.85415,5.09542],[6.85424,5.09542],[6.85424,5.09551],[6.85433,5.09551],[6.85433,5.0956],[6.85442,5.0956],[6.85442,5.09551],[6.8545,5.09551],[6.8545,5.0956],[6.85468,5.0956],[6.85468,5.09551],[6.85477,5.09551],[6.85477,5.0956],[6.85468,5.0956],[6.85468,5.09587],[6.85477,5.09587],[6.85477,5.09605],[6.85468,5.09605],[6.85468,5.09614],[6.85486,5.09614],[6.85486,5.0965],[6.85433,5.0965],[6.85433,5.09641],[6.85415,5.09641],[6.85415,5.0965],[6.85406,5.0965],[6.85406,5.09659],[6.85379,5.09659],[6.85379,5.09677],[6.8537,5.09677],[6.8537,5.09686],[6.85361,5.09686],[6.85361,5.09695],[6.85352,5.09695]],[[6.85316,5.09623],[6.85307,5.09623],[6.85307,5.09614],[6.85316,5.09614],[6.85316,5.09623]]]}},{"type":"Feature","properties":{},"geometry":{"geodesic":false,"type":"Polygon","coordinates":[[[6.85397,5.09947],[6.85397,5.09938],[6.85379,5.09938],[6.85379,5.09947],[6.85343,5.09947],[6.85343,5.09938],[6.85352,5.09938],[6.85352,5.09929],[6.85334,5.09929],[6.85334,5.09938],[6.85325,5.09938],[6.85325,5.09929],[6.85334,5.09929],[6.85334,5.0992],[6.85343,5.0992],[6.85343,5.09911],[6.85325,5.09911],[6.85325,5.09902],[6.85316,5.09902],[6.85316,5.09893],[6.85298,5.09893],[6.85298,5.09884],[6.8528,5.09884],[6.8528,5.09848],[6.85289,5.09848],[6.85289,5.09839],[6.8528,5.09839],[6.8528,5.0983],[6.85289,5.0983],[6.85289,5.09812],[6.85271,5.09812],[6.85271,5.09803],[6.85262,5.09803],[6.85262,5.09749],[6.85271,5.09749],[6.85271,5.09731],[6.85289,5.09731],[6.85289,5.0974],[6.85298,5.0974],[6.85298,5.09749],[6.85307,5.09749],[6.85307,5.09758],[6.85316,5.09758],[6.85316,5.09767],[6.85334,5.09767],[6.85334,5.09776],[6.85343,5.09776],[6.85343,5.09785],[6.85352,5.09785],[6.85352,5.09794],[6.85361,5.09794],[6.85361,5.09803],[6.8537,5.09803],[6.8537,5.09812],[6.85361,5.09812],[6.85361,5.09821],[6.8537,5.09821],[6.8537,5.09848],[6.85388,5.09848],[6.85388,5.09839],[6.85397,5.09839],[6.85397,5.09884],[6.85406,5.09884],[6.85406,5.09893],[6.85397,5.09893],[6.85397,5.09902],[6.85433,5.09902],[6.85433,5.09893],[6.8545,5.09893],[6.8545,5.09911],[6.85442,5.09911],[6.85442,5.0992],[6.85415,5.0992],[6.85415,5.09929],[6.85424,5.09929],[6.85424,5.09938],[6.85415,5.09938],[6.85415,5.09947],[6.85397,5.09947]],[[6.85325,5.09893],[6.85316,5.09893],[6.85316,5.09884],[6.85298,5.09884],[6.85298,5.09866],[6.85325,5.09866],[6.85325,5.09893]],[[6.85397,5.0992],[6.85379,5.0992],[6.85379,5.09911],[6.85388,5.09911],[6.85388,5.09902],[6.85397,5.09902],[6.85397,5.0992]],[[6.85379,5.09929],[6.8537,5.09929],[6.8537,5.0992],[6.85379,5.0992],[6.85379,5.09929]]]}},{"type":"Feature","properties":{},"geometry":{"geodesic":false,"type":"Polygon","coordinates":[[[6.8545,5.14708],[6.8545,5.1469],[6.85442,5.1469],[6.85442,5.14681],[6.8545,5.14681],[6.8545,5.14672],[6.85424,5.14672],[6.85424,5.1469],[6.85415,5.1469],[6.85415,5.14681],[6.85406,5.14681],[6.85406,5.14672],[6.85415,5.14672],[6.85415,5.14663],[6.85433,5.14663],[6.85433,5.14654],[6.85442,5.14654],[6.85442,5.14645],[6.85433,5.14645],[6.85433,5.14591],[6.85406,5.14591],[6.85406,5.14636],[6.85415,5.14636],[6.85415,5.14654],[6.85406,5.14654],[6.85406,5.14645],[6.85397,5.14645],[6.85397,5.14609],[6.85388,5.14609],[6.85388,5.14591],[6.85397,5.14591],[6.85397,5.14582],[6.85388,5.14582],[6.85388,5.14528],[6.85379,5.14528],[6.85379,5.1451],[6.8537,5.1451],[6.8537,5.14492],[6.85352,5.14492],[6.85352,5.14519],[6.85343,5.14519],[6.85343,5.14483],[6.85334,5.14483],[6.85334,5.14474],[6.85325,5.14474],[6.85325,5.14465],[6.85334,5.14465],[6.85334,5.14456],[6.85343,5.14456],[6.85343,5.14447],[6.85352,5.14447],[6.85352,5.1442],[6.85361,5.1442],[6.85361,5.14402],[6.8537,5.14402],[6.8537,5.1442],[6.85379,5.1442],[6.85379,5.14411],[6.85388,5.14411],[6.85388,5.14402],[6.85379,5.14402],[6.85379,5.14384],[6.8537,5.14384],[6.8537,5.14393],[6.85352,5.14393],[6.85352,5.14375],[6.85361,5.14375],[6.85361,5.14366],[6.8537,5.14366],[6.8537,5.14375],[6.85379,5.14375],[6.85379,5.14366],[6.85388,5.14366],[6.85388,5.14375],[6.85397,5.14375],[6.85397,5.14384],[6.85406,5.14384],[6.85406,5.14393],[6.85415,5.14393],[6.85415,5.14402],[6.85424,5.14402],[6.85424,5.14429],[6.85442,5.14429],[6.85442,5.14456],[6.85433,5.14456],[6.85433,5.14465],[6.85424,5.14465],[6.85424,5.14483],[6.85415,5.14483],[6.85415,5.14474],[6.85406,5.14474],[6.85406,5.14483],[6.85397,5.14483],[6.85397,5.14492],[6.85388,5.14492],[6.85388,5.1451],[6.85397,5.1451],[6.85397,5.14519],[6.85406,5.14519],[6.85406,5.14528],[6.85397,5.14528],[6.85397,5.14546],[6.85406,5.14546],[6.85406,5.14555],[6.85415,5.14555],[6.85415,5.14564],[6.85424,5.14564],[6.85424,5.1451],[6.85433,5.1451],[6.85433,5.14555],[6.85442,5.14555],[6.85442,5.14546],[6.8545,5.14546],[6.8545,5.14537],[6.85459,5.14537],[6.85459,5.14555],[6.8545,5.14555],[6.8545,5.14564],[6.85459,5.14564],[6.85459,5.14582],[6.85468,5.14582],[6.85468,5.146],[6.85459,5.146],[6.85459,5.14618],[6.85468,5.14618],[6.85468,5.14627],[6.85459,5.14627],[6.85459,5.14654],[6.85468,5.14654],[6.85468,5.14681],[6.85459,5.14681],[6.85459,5.1469],[6.85468,5.1469],[6.85468,5.14699],[6.85459,5.14699],[6.85459,5.14708],[6.8545,5.14708]],[[6.85397,5.14393],[6.85388,5.14393],[6.85388,5.14384],[6.85397,5.14384],[6.85397,5.14393]],[[6.85397,5.14438],[6.85388,5.14438],[6.85388,5.14429],[6.85379,5.14429],[6.85379,5.1442],[6.85397,5.1442],[6.85397,5.14438]],[[6.85397,5.14483],[6.85388,5.14483],[6.85388,5.14474],[6.85379,5.14474],[6.85379,5.14465],[6.85388,5.14465],[6.85388,5.14456],[6.85397,5.14456],[6.85397,5.14447],[6.85406,5.14447],[6.85406,5.14474],[6.85397,5.14474],[6.85397,5.14483]],[[6.85415,5.14573],[6.85406,5.14573],[6.85406,5.14564],[6.85415,5.14564],[6.85415,5.14573]],[[6.85424,5.14582],[6.85415,5.14582],[6.85415,5.14573],[6.85424,5.14573],[6.85424,5.14582]]]}},{"type":"Feature","properties":{},"geometry":{"geodesic":false,"type":"Polygon","coordinates":[[[6.85486,5.02293],[6.85486,5.02284],[6.8545,5.02284],[6.8545,5.02275],[6.85442,5.02275],[6.85442,5.02266],[6.8545,5.02266],[6.8545,5.02257],[6.85459,5.02257],[6.85459,5.02248],[6.8545,5.02248],[6.8545,5.0223],[6.85442,5.0223],[6.85442,5.02203],[6.8545,5.02203],[6.8545,5.02194],[6.85459,5.02194],[6.85459,5.02203],[6.85495,5.02203],[6.85495,5.02212],[6.85504,5.02212],[6.85504,5.02203],[6.85513,5.02203],[6.85513,5.02194],[6.85504,5.02194],[6.85504,5.02185],[6.85513,5.02185],[6.85513,5.02194],[6.85522,5.02194],[6.85522,5.02203],[6.85531,5.02203],[6.85531,5.02212],[6.85513,5.02212],[6.85513,5.02221],[6.85504,5.02221],[6.85504,5.0223],[6.85513,5.0223],[6.85513,5.02266],[6.85504,5.02266],[6.85504,5.02284],[6.85495,5.02284],[6.85495,5.02293],[6.85486,5.02293]]]}},{"type":"Feature","properties":{},"geometry":{"geodesic":false,"type":"Polygon","coordinates":[[[6.85477,5.09848],[6.85477,5.0983],[6.85468,5.0983],[6.85468,5.09785],[6.85477,5.09785],[6.85477,5.09767],[6.85486,5.09767],[6.85486,5.09758],[6.85504,5.09758],[6.85504,5.09749],[6.85513,5.09749],[6.85513,5.09758],[6.85522,5.09758],[6.85522,5.0974],[6.85531,5.0974],[6.85531,5.09758],[6.8554,5.09758],[6.8554,5.09767],[6.85522,5.09767],[6.85522,5.09812],[6.85504,5.09812],[6.85504,5.09839],[6.85495,5.09839],[6.85495,5.09848],[6.85477,5.09848]]]}},{"type":"Feature","properties":{},"geometry":{"geodesic":false,"type":"Polygon","coordinates":[[[6.85531,5.15058],[6.85531,5.15049],[6.85522,5.15049],[6.85522,5.15013],[6.85513,5.15013],[6.85513,5.14986],[6.85504,5.14986],[6.85504,5.14977],[6.85513,5.14977],[6.85513,5.14959],[6.85504,5.14959],[6.85504,5.14914],[6.85495,5.14914],[6.85495,5.14869],[6.85468,5.14869],[6.85468,5.1486],[6.85486,5.1486],[6.85486,5.14824],[6.85477,5.14824],[6.85477,5.14842],[6.85468,5.14842],[6.85468,5.14851],[6.85459,5.14851],[6.85459,5.14833],[6.85468,5.14833],[6.85468,5.14824],[6.85477,5.14824],[6.85477,5.14789],[6.85468,5.14789],[6.85468,5.14753],[6.85486,5.14753],[6.85486,5.14771],[6.85495,5.14771],[6.85495,5.14824],[6.85504,5.14824],[6.85504,5.1486],[6.85495,5.1486],[6.85495,5.14869],[6.85504,5.14869],[6.85504,5.14878],[6.85513,5.14878],[6.85513,5.14887],[6.85504,5.14887],[6.85504,5.14896],[6.85513,5.14896],[6.85513,5.14914],[6.85522,5.14914],[6.85522,5.14959],[6.85531,5.14959],[6.85531,5.15004],[6.85522,5.15004],[6.85522,5.15013],[6.85531,5.15013],[6.85531,5.15031],[6.8554,5.15031],[6.8554,5.15058],[6.85531,5.15058]]]}},{"type":"Feature","properties":{},"geometry":{"geodesic":false,"type":"Polygon","coordinates":[[[6.85513,5.04772],[6.85513,5.04736],[6.85522,5.04736],[6.85522,5.04718],[6.85531,5.04718],[6.85531,5.04709],[6.85504,5.04709],[6.85504,5.047],[6.85513,5.047],[6.85513,5.04691],[6.85522,5.04691],[6.85522,5.04683],[6.85513,5.04683],[6.85513,5.04665],[6.85504,5.04665],[6.85504,5.04656],[6.85495,5.04656],[6.85495,5.04665],[6.85486,5.04665],[6.85486,5.04656],[6.85495,5.04656],[6.85495,5.04647],[6.85504,5.04647],[6.85504,5.04656],[6.85513,5.04656],[6.85513,5.04665],[6.85522,5.04665],[6.85522,5.04674],[6.85531,5.04674],[6.85531,5.047],[6.85549,5.047],[6.85549,5.04691],[6.85558,5.04691],[6.85558,5.04683],[6.85567,5.04683],[6.85567,5.04691],[6.85585,5.04691],[6.85585,5.04718],[6.85576,5.04718],[6.85576,5.04736],[6.85585,5.04736],[6.85585,5.04745],[6.85594,5.04745],[6.85594,5.04763],[6.85585,5.04763],[6.85585,5.04754],[6.85576,5.04754],[6.85576,5.04772],[6.85513,5.04772]],[[6.8554,5.04727],[6.85531,5.04727],[6.85531,5.04718],[6.8554,5.04718],[6.8554,5.04727]]]}},{"type":"Feature","properties":{},"geometry":{"geodesic":false,"type":"Polygon","coordinates":[[[6.85585,5.18535],[6.85585,5.18508],[6.85567,5.18508],[6.85567,5.18472],[6.8554,5.18472],[6.8554,5.18463],[6.85549,5.18463],[6.85549,5.18436],[6.85558,5.18436],[6.85558,5.18427],[6.85576,5.18427],[6.85576,5.18418],[6.85621,5.18418],[6.85621,5.18436],[6.8563,5.18436],[6.8563,5.18454],[6.85639,5.18454],[6.85639,5.18481],[6.8563,5.18481],[6.8563,5.1849],[6.85621,5.1849],[6.85621,5.18508],[6.85612,5.18508],[6.85612,5.18517],[6.85621,5.18517],[6.85621,5.18526],[6.85594,5.18526],[6.85594,5.18535],[6.85585,5.18535]],[[6.85585,5.18499],[6.85576,5.18499],[6.85576,5.1849],[6.85585,5.1849],[6.85585,5.18499]]]}},{"type":"Feature","properties":{},"geometry":{"geodesic":false,"type":"Polygon","coordinates":[[[6.85585,5.11321],[6.85585,5.11312],[6.85558,5.11312],[6.85558,5.11303],[6.8554,5.11303],[6.8554,5.11285],[6.85549,5.11285],[6.85549,5.11249],[6.85594,5.11249],[6.85594,5.11258],[6.85585,5.11258],[6.85585,5.11267],[6.85621,5.11267],[6.85621,5.11294],[6.8563,5.11294],[6.8563,5.11285],[6.85639,5.11285],[6.85639,5.11267],[6.85648,5.11267],[6.85648,5.11276],[6.85657,5.11276],[6.85657,5.11285],[6.85648,5.11285],[6.85648,5.11294],[6.85639,5.11294],[6.85639,5.11303],[6.85621,5.11303],[6.85621,5.11312],[6.85612,5.11312],[6.85612,5.11321],[6.85585,5.11321]]]}},{"type":"Feature","properties":{},"geometry":{"geodesic":false,"type":"Polygon","coordinates":[[[6.85648,5.10144],[6.85648,5.10126],[6.85657,5.10126],[6.85657,5.10117],[6.85666,5.10117],[6.85666,5.10108],[6.85675,5.10108],[6.85675,5.10099],[6.85684,5.10099],[6.85684,5.1009],[6.85693,5.1009],[6.85693,5.10081],[6.85675,5.10081],[6.85675,5.1009],[6.85648,5.1009],[6.85648,5.10081],[6.85639,5.10081],[6.85639,5.1009],[6.8563,5.1009],[6.8563,5.10081],[6.85603,5.10081],[6.85603,5.10072],[6.85558,5.10072],[6.85558,5.10063],[6.85531,5.10063],[6.85531,5.10054],[6.85513,5.10054],[6.85513,5.10045],[6.85504,5.10045],[6.85504,5.10027],[6.85495,5.10027],[6.85495,5.09965],[6.85486,5.09965],[6.85486,5.09938],[6.85477,5.09938],[6.85477,5.09929],[6.85486,5.09929],[6.85486,5.09938],[6.85495,5.09938],[6.85495,5.09965],[6.85504,5.09965],[6.85504,5.09983],[6.85522,5.09983],[6.85522,5.09974],[6.85531,5.09974],[6.85531,5.09983],[6.8554,5.09983],[6.8554,5.09992],[6.85549,5.09992],[6.85549,5.10001],[6.85558,5.10001],[6.85558,5.09992],[6.85576,5.09992],[6.85576,5.09974],[6.85585,5.09974],[6.85585,5.09965],[6.85594,5.09965],[6.85594,5.09956],[6.85612,5.09956],[6.85612,5.09965],[6.85621,5.09965],[6.85621,5.09974],[6.85612,5.09974],[6.85612,5.1001],[6.85603,5.1001],[6.85603,5.09992],[6.85594,5.09992],[6.85594,5.10001],[6.85567,5.10001],[6.85567,5.1001],[6.85558,5.1001],[6.85558,5.10019],[6.85576,5.10019],[6.85576,5.1001],[6.85585,5.1001],[6.85585,5.10019],[6.85603,5.10019],[6.85603,5.10036],[6.85612,5.10036],[6.85612,5.10045],[6.85603,5.10045],[6.85603,5.10054],[6.85612,5.10054],[6.85612,5.10063],[6.8563,5.10063],[6.8563,5.10072],[6.85639,5.10072],[6.85639,5.10045],[6.85648,5.10045],[6.85648,5.10054],[6.85693,5.10054],[6.85693,5.10072],[6.85711,5.10072],[6.85711,5.10063],[6.8572,5.10063],[6.8572,5.10072],[6.85738,5.10072],[6.85738,5.1009],[6.85747,5.1009],[6.85747,5.10099],[6.85729,5.10099],[6.85729,5.10108],[6.8572,5.10108],[6.8572,5.10117],[6.85702,5.10117],[6.85702,5.10126],[6.85684,5.10126],[6.85684,5.10135],[6.85675,5.10135],[6.85675,5.10144],[6.85648,5.10144]],[[6.85594,5.09992],[6.85585,5.09992],[6.85585,5.09983],[6.85594,5.09983],[6.85594,5.09992]],[[6.85576,5.10036],[6.85567,5.10036],[6.85567,5.10027],[6.85576,5.10027],[6.85576,5.10036]]]}},{"type":"Feature","properties":{},"geometry":{"geodesic":false,"type":"Polygon","coordinates":[[[6.85765,5.1001],[6.85765,5.10001],[6.85756,5.10001],[6.85756,5.09983],[6.85765,5.09983],[6.85765,5.09956],[6.85756,5.09956],[6.85756,5.09938],[6.85747,5.09938],[6.85747,5.09947],[6.85729,5.09947],[6.85729,5.09929],[6.8572,5.09929],[6.8572,5.0992],[6.85738,5.0992],[6.85738,5.09902],[6.85747,5.09902],[6.85747,5.09893],[6.85774,5.09893],[6.85774,5.09884],[6.85792,5.09884],[6.85792,5.09875],[6.85837,5.09875],[6.85837,5.09893],[6.85828,5.09893],[6.85828,5.09902],[6.85819,5.09902],[6.85819,5.09911],[6.8581,5.09911],[6.8581,5.09929],[6.85801,5.09929],[6.85801,5.09974],[6.8581,5.09974],[6.8581,5.09965],[6.85828,5.09965],[6.85828,5.09992],[6.85819,5.09992],[6.85819,5.09983],[6.85783,5.09983],[6.85783,5.09992],[6.85765,5.09992],[6.85765,5.10001],[6.85774,5.10001],[6.85774,5.1001],[6.85765,5.1001]],[[6.85747,5.09929],[6.85738,5.09929],[6.85738,5.0992],[6.85747,5.0992],[6.85747,5.09929]]]}},{"type":"Feature","properties":{},"geometry":{"geodesic":false,"type":"Polygon","coordinates":[[[6.85792,5.05195],[6.85792,5.05186],[6.85783,5.05186],[6.85783,5.05195],[6.85765,5.05195],[6.85765,5.05177],[6.85756,5.05177],[6.85756,5.05186],[6.85747,5.05186],[6.85747,5.05177],[6.85738,5.05177],[6.85738,5.05168],[6.8572,5.05168],[6.8572,5.0515],[6.85711,5.0515],[6.85711,5.05141],[6.85702,5.05141],[6.85702,5.05114],[6.85693,5.05114],[6.85693,5.05132],[6.85684,5.05132],[6.85684,5.05141],[6.85657,5.05141],[6.85657,5.05132],[6.85666,5.05132],[6.85666,5.05123],[6.85639,5.05123],[6.85639,5.05114],[6.85648,5.05114],[6.85648,5.05105],[6.85639,5.05105],[6.85639,5.05096],[6.85621,5.05096],[6.85621,5.05078],[6.85612,5.05078],[6.85612,5.05069],[6.85594,5.05069],[6.85594,5.0506],[6.85585,5.0506],[6.85585,5.05051],[6.85576,5.05051],[6.85576,5.05033],[6.85585,5.05033],[6.85585,5.05051],[6.85603,5.05051],[6.85603,5.0506],[6.85612,5.0506],[6.85612,5.05069],[6.85621,5.05069],[6.85621,5.05042],[6.85612,5.05042],[6.85612,5.05015],[6.85603,5.05015],[6.85603,5.05024],[6.85594,5.05024],[6.85594,5.05015],[6.85585,5.05015],[6.85585,5.05024],[6.85576,5.05024],[6.85576,5.05015],[6.85558,5.05015],[6.85558,5.05006],[6.85549,5.05006],[6.85549,5.05015],[6.85513,5.05015],[6.85513,5.04997],[6.85531,5.04997],[6.85531,5.04961],[6.8554,5.04961],[6.8554,5.04952],[6.85558,5.04952],[6.85558,5.04934],[6.85531,5.04934],[6.85531,5.04952],[6.85522,5.04952],[6.85522,5.0497],[6.85504,5.0497],[6.85504,5.04988],[6.85486,5.04988],[6.85486,5.04979],[6.85477,5.04979],[6.85477,5.04961],[6.85468,5.04961],[6.85468,5.04952],[6.85477,5.04952],[6.85477,5.04934],[6.85486,5.04934],[6.85486,5.04943],[6.85495,5.04943],[6.85495,5.04934],[6.85504,5.04934],[6.85504,5.04925],[6.85513,5.04925],[6.85513,5.04934],[6.85531,5.04934],[6.85531,5.04925],[6.85522,5.04925],[6.85522,5.04916],[6.85531,5.04916],[6.85531,5.04907],[6.8554,5.04907],[6.8554,5.04916],[6.85567,5.04916],[6.85567,5.04907],[6.85576,5.04907],[6.85576,5.04898],[6.85585,5.04898],[6.85585,5.04907],[6.85576,5.04907],[6.85576,5.04916],[6.85585,5.04916],[6.85585,5.04925],[6.85594,5.04925],[6.85594,5.04934],[6.85603,5.04934],[6.85603,5.04925],[6.85621,5.04925],[6.85621,5.04934],[6.8563,5.04934],[6.8563,5.04952],[6.85648,5.04952],[6.85648,5.04934],[6.85666,5.04934],[6.85666,5.04943],[6.85675,5.04943],[6.85675,5.04934],[6.85693,5.04934],[6.85693,5.04907],[6.85702,5.04907],[6.85702,5.04898],[6.85675,5.04898],[6.85675,5.04871],[6.85684,5.04871],[6.85684,5.04862],[6.85675,5.04862],[6.85675,5.04853],[6.85684,5.04853],[6.85684,5.04844],[6.85675,5.04844],[6.85675,5.04835],[6.85666,5.04835],[6.85666,5.04844],[6.85657,5.04844],[6.85657,5.04835],[6.85648,5.04835],[6.85648,5.04844],[6.8563,5.04844],[6.8563,5.04835],[6.85639,5.04835],[6.85639,5.04826],[6.85675,5.04826],[6.85675,5.04817],[6.85693,5.04817],[6.85693,5.04808],[6.85684,5.04808],[6.85684,5.04799],[6.85693,5.04799],[6.85693,5.04808],[6.85702,5.04808],[6.85702,5.04817],[6.85693,5.04817],[6.85693,5.04844],[6.85702,5.04844],[6.85702,5.04853],[6.85711,5.04853],[6.85711,5.04862],[6.85729,5.04862],[6.85729,5.04853],[6.8572,5.04853],[6.8572,5.04817],[6.85711,5.04817],[6.85711,5.0479],[6.85702,5.0479],[6.85702,5.04781],[6.85711,5.04781],[6.85711,5.04772],[6.85729,5.04772],[6.85729,5.04763],[6.85738,5.04763],[6.85738,5.04736],[6.85747,5.04736],[6.85747,5.04745],[6.85756,5.04745],[6.85756,5.04772],[6.85765,5.04772],[6.85765,5.04781],[6.8581,5.04781],[6.8581,5.0479],[6.85801,5.0479],[6.85801,5.04808],[6.85792,5.04808],[6.85792,5.04817],[6.8581,5.04817],[6.8581,5.04826],[6.85819,5.04826],[6.85819,5.04862],[6.8581,5.04862],[6.8581,5.04871],[6.85828,5.04871],[6.85828,5.0488],[6.85819,5.0488],[6.85819,5.04907],[6.8581,5.04907],[6.8581,5.04934],[6.85801,5.04934],[6.85801,5.04988],[6.8581,5.04988],[6.8581,5.04997],[6.85819,5.04997],[6.85819,5.05024],[6.8581,5.05024],[6.8581,5.0506],[6.85819,5.0506],[6.85819,5.05069],[6.85828,5.05069],[6.85828,5.05087],[6.85819,5.05087],[6.85819,5.05096],[6.85828,5.05096],[6.85828,5.05105],[6.85819,5.05105],[6.85819,5.05114],[6.8581,5.05114],[6.8581,5.05123],[6.85828,5.05123],[6.85828,5.05132],[6.8581,5.05132],[6.8581,5.05168],[6.85801,5.05168],[6.85801,5.05195],[6.85792,5.05195]],[[6.85513,5.04943],[6.85504,5.04943],[6.85504,5.04934],[6.85513,5.04934],[6.85513,5.04943]],[[6.85729,5.0479],[6.8572,5.0479],[6.8572,5.04781],[6.85729,5.04781],[6.85729,5.0479]],[[6.85603,5.04979],[6.85585,5.04979],[6.85585,5.04961],[6.85576,5.04961],[6.85576,5.04952],[6.85594,5.04952],[6.85594,5.04961],[6.85603,5.04961],[6.85603,5.04979]],[[6.85693,5.04988],[6.85666,5.04988],[6.85666,5.04979],[6.85693,5.04979],[6.85693,5.04988]],[[6.85567,5.05006],[6.85558,5.05006],[6.85558,5.0497],[6.85567,5.0497],[6.85567,5.04988],[6.85576,5.04988],[6.85576,5.04997],[6.85567,5.04997],[6.85567,5.05006]],[[6.8563,5.05042],[6.85621,5.05042],[6.85621,5.05033],[6.8563,5.05033],[6.8563,5.05042]],[[6.8563,5.05078],[6.85621,5.05078],[6.85621,5.05069],[6.8563,5.05069],[6.8563,5.05078]],[[6.8572,5.05132],[6.85711,5.05132],[6.85711,5.05114],[6.85729,5.05114],[6.85729,5.05123],[6.8572,5.05123],[6.8572,5.05132]],[[6.85729,5.0515],[6.8572,5.0515],[6.8572,5.05141],[6.85729,5.05141],[6.85729,5.0515]],[[6.85756,5.05168],[6.85738,5.05168],[6.85738,5.05159],[6.85756,5.05159],[6.85756,5.05168]]]}},{"type":"Feature","properties":{},"geometry":{"geodesic":false,"type":"Polygon","coordinates":[[[6.8581,5.03299],[6.8581,5.0329],[6.85801,5.0329],[6.85801,5.03281],[6.85783,5.03281],[6.85783,5.0329],[6.85756,5.0329],[6.85756,5.03254],[6.85783,5.03254],[6.85783,5.03263],[6.85792,5.03263],[6.85792,5.03254],[6.85819,5.03254],[6.85819,5.03245],[6.8581,5.03245],[6.8581,5.03236],[6.85828,5.03236],[6.85828,5.03227],[6.85846,5.03227],[6.85846,5.03236],[6.85873,5.03236],[6.85873,5.03227],[6.85882,5.03227],[6.85882,5.03245],[6.85873,5.03245],[6.85873,5.03254],[6.85864,5.03254],[6.85864,5.03263],[6.85855,5.03263],[6.85855,5.03272],[6.85837,5.03272],[6.85837,5.03281],[6.85819,5.03281],[6.85819,5.03299],[6.8581,5.03299]],[[6.85828,5.03263],[6.85819,5.03263],[6.85819,5.03254],[6.85828,5.03254],[6.85828,5.03263]],[[6.85837,5.03272],[6.85828,5.03272],[6.85828,5.03263],[6.85837,5.03263],[6.85837,5.03272]]]}},{"type":"Feature","properties":{},"geometry":{"geodesic":false,"type":"Polygon","coordinates":[[[6.85783,5.03218],[6.85783,5.03209],[6.85792,5.03209],[6.85792,5.032],[6.85774,5.032],[6.85774,5.03209],[6.8572,5.03209],[6.8572,5.03173],[6.85702,5.03173],[6.85702,5.03119],[6.85711,5.03119],[6.85711,5.03101],[6.85729,5.03101],[6.85729,5.0311],[6.85738,5.0311],[6.85738,5.03101],[6.85756,5.03101],[6.85756,5.0311],[6.85783,5.0311],[6.85783,5.03119],[6.85792,5.03119],[6.85792,5.0311],[6.85801,5.0311],[6.85801,5.03119],[6.85792,5.03119],[6.85792,5.03128],[6.85801,5.03128],[6.85801,5.03137],[6.85792,5.03137],[6.85792,5.03164],[6.85801,5.03164],[6.85801,5.03173],[6.8581,5.03173],[6.8581,5.03164],[6.85819,5.03164],[6.85819,5.03155],[6.85837,5.03155],[6.85837,5.03137],[6.85846,5.03137],[6.85846,5.03182],[6.85837,5.03182],[6.85837,5.03191],[6.85828,5.03191],[6.85828,5.032],[6.85819,5.032],[6.85819,5.03209],[6.85828,5.03209],[6.85828,5.03218],[6.85783,5.03218]],[[6.85801,5.03182],[6.85792,5.03182],[6.85792,5.03173],[6.85801,5.03173],[6.85801,5.03182]]]}},{"type":"Feature","properties":{},"geometry":{"geodesic":false,"type":"Polygon","coordinates":[[[6.85846,5.09848],[6.85846,5.09839],[6.85837,5.09839],[6.85837,5.09821],[6.85846,5.09821],[6.85846,5.09803],[6.85837,5.09803],[6.85837,5.09785],[6.85846,5.09785],[6.85846,5.09776],[6.85837,5.09776],[6.85837,5.09767],[6.85846,5.09767],[6.85846,5.09758],[6.85873,5.09758],[6.85873,5.09749],[6.85909,5.09749],[6.85909,5.09758],[6.859,5.09758],[6.859,5.09767],[6.85909,5.09767],[6.85909,5.09785],[6.85918,5.09785],[6.85918,5.09776],[6.85936,5.09776],[6.85936,5.09767],[6.85945,5.09767],[6.85945,5.09758],[6.85936,5.09758],[6.85936,5.09749],[6.85918,5.09749],[6.85918,5.0974],[6.85927,5.0974],[6.85927,5.09722],[6.85918,5.09722],[6.85918,5.09731],[6.85909,5.09731],[6.85909,5.09722],[6.85918,5.09722],[6.85918,5.09713],[6.85927,5.09713],[6.85927,5.09704],[6.85936,5.09704],[6.85936,5.09695],[6.85954,5.09695],[6.85954,5.09704],[6.85963,5.09704],[6.85963,5.09695],[6.85972,5.09695],[6.85972,5.09704],[6.85963,5.09704],[6.85963,5.09722],[6.85972,5.09722],[6.85972,5.09713],[6.85981,5.09713],[6.85981,5.09722],[6.85989,5.09722],[6.85989,5.09731],[6.85998,5.09731],[6.85998,5.09758],[6.85989,5.09758],[6.85989,5.09767],[6.85981,5.09767],[6.85981,5.09758],[6.85989,5.09758],[6.85989,5.0974],[6.85981,5.0974],[6.85981,5.09731],[6.85963,5.09731],[6.85963,5.09749],[6.85972,5.09749],[6.85972,5.09758],[6.85963,5.09758],[6.85963,5.09767],[6.85954,5.09767],[6.85954,5.09776],[6.85945,5.09776],[6.85945,5.09785],[6.85936,5.09785],[6.85936,5.09812],[6.85927,5.09812],[6.85927,5.09803],[6.85909,5.09803],[6.85909,5.09812],[6.85918,5.09812],[6.85918,5.09821],[6.85909,5.09821],[6.85909,5.0983],[6.859,5.0983],[6.859,5.09812],[6.85891,5.09812],[6.85891,5.09821],[6.85882,5.09821],[6.85882,5.0983],[6.85864,5.0983],[6.85864,5.09839],[6.85855,5.09839],[6.85855,5.09848],[6.85846,5.09848]],[[6.85936,5.09722],[6.85927,5.09722],[6.85927,5.09713],[6.85936,5.09713],[6.85936,5.09722]],[[6.85945,5.09731],[6.85936,5.09731],[6.85936,5.09722],[6.85945,5.09722],[6.85945,5.09731]],[[6.85891,5.09803],[6.85882,5.09803],[6.85882,5.09794],[6.85891,5.09794],[6.85891,5.09803]]]}},{"type":"Feature","properties":{},"geometry":{"geodesic":false,"type":"Polygon","coordinates":[[[6.85846,5.16621],[6.85846,5.16612],[6.85837,5.16612],[6.85837,5.16621],[6.85819,5.16621],[6.85819,5.16585],[6.85828,5.16585],[6.85828,5.16603],[6.85837,5.16603],[6.85837,5.16576],[6.85828,5.16576],[6.85828,5.16549],[6.85819,5.16549],[6.85819,5.16576],[6.8581,5.16576],[6.8581,5.16531],[6.85801,5.16531],[6.85801,5.16486],[6.85792,5.16486],[6.85792,5.16477],[6.85765,5.16477],[6.85765,5.16468],[6.85792,5.16468],[6.85792,5.1645],[6.85801,5.1645],[6.85801,5.16459],[6.85819,5.16459],[6.85819,5.1645],[6.8581,5.1645],[6.8581,5.16441],[6.85792,5.16441],[6.85792,5.16432],[6.85783,5.16432],[6.85783,5.16423],[6.85792,5.16423],[6.85792,5.16406],[6.85783,5.16406],[6.85783,5.16397],[6.85774,5.16397],[6.85774,5.16379],[6.85783,5.16379],[6.85783,5.16397],[6.85792,5.16397],[6.85792,5.16406],[6.85801,5.16406],[6.85801,5.16388],[6.85792,5.16388],[6.85792,5.16361],[6.85783,5.16361],[6.85783,5.16352],[6.85774,5.16352],[6.85774,5.16298],[6.85756,5.16298],[6.85756,5.16271],[6.85747,5.16271],[6.85747,5.16253],[6.85756,5.16253],[6.85756,5.16226],[6.85747,5.16226],[6.85747,5.16217],[6.85765,5.16217],[6.85765,5.16208],[6.85738,5.16208],[6.85738,5.16199],[6.85747,5.16199],[6.85747,5.1619],[6.85738,5.1619],[6.85738,5.16163],[6.85729,5.16163],[6.85729,5.16154],[6.85738,5.16154],[6.85738,5.16163],[6.85747,5.16163],[6.85747,5.16136],[6.85738,5.16136],[6.85738,5.161],[6.85747,5.161],[6.85747,5.16091],[6.85738,5.16091],[6.85738,5.16082],[6.85729,5.16082],[6.85729,5.16055],[6.85738,5.16055],[6.85738,5.16037],[6.85729,5.16037],[6.85729,5.16046],[6.8572,5.16046],[6.8572,5.16064],[6.85711,5.16064],[6.85711,5.16037],[6.85702,5.16037],[6.85702,5.16028],[6.8572,5.16028],[6.8572,5.1601],[6.85738,5.1601],[6.85738,5.16028],[6.85747,5.16028],[6.85747,5.16073],[6.85756,5.16073],[6.85756,5.16064],[6.85765,5.16064],[6.85765,5.161],[6.85747,5.161],[6.85747,5.16109],[6.85774,5.16109],[6.85774,5.16118],[6.85756,5.16118],[6.85756,5.16127],[6.85747,5.16127],[6.85747,5.16136],[6.85765,5.16136],[6.85765,5.16154],[6.85774,5.16154],[6.85774,5.16163],[6.85765,5.16163],[6.85765,5.1619],[6.85774,5.1619],[6.85774,5.16199],[6.85783,5.16199],[6.85783,5.16253],[6.85792,5.16253],[6.85792,5.16262],[6.85783,5.16262],[6.85783,5.16271],[6.85792,5.16271],[6.85792,5.1628],[6.85801,5.1628],[6.85801,5.16298],[6.8581,5.16298],[6.8581,5.16307],[6.85801,5.16307],[6.85801,5.16325],[6.8581,5.16325],[6.8581,5.16334],[6.85819,5.16334],[6.85819,5.16343],[6.8581,5.16343],[6.8581,5.16361],[6.85819,5.16361],[6.85819,5.16379],[6.8581,5.16379],[6.8581,5.16406],[6.85819,5.16406],[6.85819,5.1645],[6.85828,5.1645],[6.85828,5.16486],[6.85837,5.16486],[6.85837,5.16495],[6.85828,5.16495],[6.85828,5.16504],[6.85837,5.16504],[6.85837,5.16522],[6.85828,5.16522],[6.85828,5.16531],[6.85846,5.16531],[6.85846,5.1654],[6.85837,5.1654],[6.85837,5.16558],[6.85846,5.16558],[6.85846,5.16576],[6.85855,5.16576],[6.85855,5.16621],[6.85846,5.16621]],[[6.85729,5.16037],[6.8572,5.16037],[6.8572,5.16028],[6.85729,5.16028],[6.85729,5.16037]],[[6.85774,5.16208],[6.85765,5.16208],[6.85765,5.16199],[6.85774,5.16199],[6.85774,5.16208]],[[6.85774,5.1628],[6.85765,5.1628],[6.85765,5.16253],[6.85774,5.16253],[6.85774,5.1628]],[[6.8581,5.16415],[6.85801,5.16415],[6.85801,5.16406],[6.8581,5.16406],[6.8581,5.16415]],[[6.85819,5.16504],[6.8581,5.16504],[6.8581,5.16477],[6.85819,5.16477],[6.85819,5.16504]],[[6.85828,5.1654],[6.85819,5.1654],[6.85819,5.16531],[6.85828,5.16531],[6.85828,5.1654]]]}},{"type":"Feature","properties":{},"geometry":{"geodesic":false,"type":"Polygon","coordinates":[[[6.86106,4.92519],[6.86115,4.92519],[6.86115,4.92528],[6.86106,4.92528],[6.86106,4.92519]]]}},{"type":"Feature","properties":{},"geometry":{"geodesic":false,"type":"Polygon","coordinates":[[[6.86133,5.11564],[6.86133,5.11546],[6.86124,5.11546],[6.86124,5.11537],[6.86106,5.11537],[6.86106,5.11528],[6.86097,5.11528],[6.86097,5.11537],[6.86079,5.11537],[6.86079,5.11546],[6.8607,5.11546],[6.8607,5.11537],[6.86061,5.11537],[6.86061,5.11528],[6.86034,5.11528],[6.86034,5.11537],[6.86025,5.11537],[6.86025,5.11519],[6.86007,5.11519],[6.86007,5.11528],[6.85989,5.11528],[6.85989,5.1151],[6.85998,5.1151],[6.85998,5.11501],[6.86007,5.11501],[6.86007,5.11465],[6.86016,5.11465],[6.86016,5.11474],[6.86034,5.11474],[6.86034,5.11465],[6.86025,5.11465],[6.86025,5.11447],[6.86034,5.11447],[6.86034,5.11429],[6.86043,5.11429],[6.86043,5.11438],[6.86079,5.11438],[6.86079,5.11429],[6.86097,5.11429],[6.86097,5.11438],[6.86106,5.11438],[6.86106,5.11447],[6.86097,5.11447],[6.86097,5.11438],[6.86088,5.11438],[6.86088,5.11447],[6.8607,5.11447],[6.8607,5.11456],[6.86043,5.11456],[6.86043,5.11465],[6.86061,5.11465],[6.86061,5.11483],[6.8607,5.11483],[6.8607,5.11474],[6.86079,5.11474],[6.86079,5.11483],[6.8607,5.11483],[6.8607,5.11492],[6.86061,5.11492],[6.86061,5.11501],[6.8607,5.11501],[6.8607,5.1151],[6.86088,5.1151],[6.86088,5.11519],[6.86106,5.11519],[6.86106,5.1151],[6.86115,5.1151],[6.86115,5.11501],[6.86124,5.11501],[6.86124,5.1151],[6.86133,5.1151],[6.86133,5.11519],[6.86142,5.11519],[6.86142,5.11537],[6.86151,5.11537],[6.86151,5.11546],[6.86142,5.11546],[6.86142,5.11564],[6.86133,5.11564]],[[6.86052,5.1151],[6.86043,5.1151],[6.86043,5.11501],[6.86052,5.11501],[6.86052,5.1151]],[[6.86079,5.11528],[6.86061,5.11528],[6.86061,5.11519],[6.86079,5.11519],[6.86079,5.11528]]]}},{"type":"Feature","properties":{},"geometry":{"geodesic":false,"type":"Polygon","coordinates":[[[6.86151,5.01916],[6.86151,5.01889],[6.8616,5.01889],[6.8616,5.01871],[6.86169,5.01871],[6.86169,5.01862],[6.86178,5.01862],[6.86178,5.01844],[6.86187,5.01844],[6.86187,5.01826],[6.86169,5.01826],[6.86169,5.01835],[6.8616,5.01835],[6.8616,5.01853],[6.86151,5.01853],[6.86151,5.01862],[6.86142,5.01862],[6.86142,5.01871],[6.86133,5.01871],[6.86133,5.0188],[6.86124,5.0188],[6.86124,5.01889],[6.86088,5.01889],[6.86088,5.01862],[6.86097,5.01862],[6.86097,5.01826],[6.86133,5.01826],[6.86133,5.01799],[6.86106,5.01799],[6.86106,5.01772],[6.86115,5.01772],[6.86115,5.01763],[6.86133,5.01763],[6.86133,5.01754],[6.8616,5.01754],[6.8616,5.01763],[6.86169,5.01763],[6.86169,5.01772],[6.86178,5.01772],[6.86178,5.01799],[6.86196,5.01799],[6.86196,5.01781],[6.86205,5.01781],[6.86205,5.0179],[6.86232,5.0179],[6.86232,5.01826],[6.86223,5.01826],[6.86223,5.01844],[6.86214,5.01844],[6.86214,5.01853],[6.86196,5.01853],[6.86196,5.01862],[6.86205,5.01862],[6.86205,5.01871],[6.86196,5.01871],[6.86196,5.0188],[6.86187,5.0188],[6.86187,5.01907],[6.86178,5.01907],[6.86178,5.01916],[6.86151,5.01916]],[[6.86169,5.01826],[6.8616,5.01826],[6.8616,5.01808],[6.86169,5.01808],[6.86169,5.01799],[6.86178,5.01799],[6.86178,5.01817],[6.86169,5.01817],[6.86169,5.01826]],[[6.86196,5.01826],[6.86187,5.01826],[6.86187,5.01808],[6.86196,5.01808],[6.86196,5.01826]]]}},{"type":"Feature","properties":{},"geometry":{"geodesic":false,"type":"Polygon","coordinates":[[[6.86169,5.05491],[6.86169,5.05482],[6.86142,5.05482],[6.86142,5.05473],[6.86124,5.05473],[6.86124,5.05482],[6.86106,5.05482],[6.86106,5.05473],[6.86088,5.05473],[6.86088,5.05464],[6.86079,5.05464],[6.86079,5.05455],[6.8607,5.05455],[6.8607,5.05437],[6.86079,5.05437],[6.86079,5.05428],[6.86097,5.05428],[6.86097,5.05437],[6.86106,5.05437],[6.86106,5.05428],[6.86115,5.05428],[6.86115,5.05419],[6.86088,5.05419],[6.86088,5.05401],[6.86115,5.05401],[6.86115,5.05374],[6.86106,5.05374],[6.86106,5.05365],[6.86097,5.05365],[6.86097,5.05356],[6.86088,5.05356],[6.86088,5.05347],[6.86097,5.05347],[6.86097,5.05338],[6.86106,5.05338],[6.86106,5.05329],[6.86115,5.05329],[6.86115,5.05338],[6.86124,5.05338],[6.86124,5.05329],[6.86133,5.05329],[6.86133,5.05338],[6.86151,5.05338],[6.86151,5.05347],[6.86142,5.05347],[6.86142,5.05356],[6.86133,5.05356],[6.86133,5.05365],[6.86151,5.05365],[6.86151,5.05374],[6.86142,5.05374],[6.86142,5.05392],[6.86133,5.05392],[6.86133,5.05401],[6.86151,5.05401],[6.86151,5.0541],[6.86133,5.0541],[6.86133,5.05401],[6.86124,5.05401],[6.86124,5.05419],[6.86133,5.05419],[6.86133,5.05428],[6.86151,5.05428],[6.86151,5.05419],[6.86169,5.05419],[6.86169,5.05428],[6.86178,5.05428],[6.86178,5.05437],[6.86169,5.05437],[6.86169,5.05455],[6.8616,5.05455],[6.8616,5.05464],[6.86178,5.05464],[6.86178,5.05491],[6.86169,5.05491]],[[6.86133,5.05356],[6.86115,5.05356],[6.86115,5.05347],[6.86133,5.05347],[6.86133,5.05356]]]}},{"type":"Feature","properties":{},"geometry":{"geodesic":false,"type":"Polygon","coordinates":[[[6.86169,4.92654],[6.86169,4.92645],[6.86124,4.92645],[6.86124,4.92636],[6.86106,4.92636],[6.86106,4.92627],[6.86061,4.92627],[6.86061,4.926],[6.8607,4.926],[6.8607,4.92591],[6.86079,4.92591],[6.86079,4.92573],[6.86088,4.92573],[6.86088,4.92555],[6.86097,4.92555],[6.86097,4.92537],[6.86124,4.92537],[6.86124,4.92546],[6.8616,4.92546],[6.8616,4.92555],[6.86205,4.92555],[6.86205,4.92564],[6.86214,4.92564],[6.86214,4.92573],[6.86205,4.92573],[6.86205,4.92582],[6.86187,4.92582],[6.86187,4.926],[6.86196,4.926],[6.86196,4.92609],[6.86214,4.92609],[6.86214,4.92627],[6.86205,4.92627],[6.86205,4.92636],[6.86196,4.92636],[6.86196,4.92627],[6.86187,4.92627],[6.86187,4.92645],[6.86196,4.92645],[6.86196,4.92654],[6.86169,4.92654]],[[6.86178,4.92618],[6.86169,4.92618],[6.86169,4.92609],[6.86178,4.92609],[6.86178,4.92618]],[[6.86187,4.92627],[6.86178,4.92627],[6.86178,4.92618],[6.86187,4.92618],[6.86187,4.92627]]]}},{"type":"Feature","properties":{},"geometry":{"geodesic":false,"type":"Polygon","coordinates":[[[6.86214,5.03048],[6.86214,5.0303],[6.86205,5.0303],[6.86205,5.03012],[6.86196,5.03012],[6.86196,5.02985],[6.86205,5.02985],[6.86205,5.02976],[6.86196,5.02976],[6.86196,5.02967],[6.86178,5.02967],[6.86178,5.02976],[6.8616,5.02976],[6.8616,5.02985],[6.86151,5.02985],[6.86151,5.02976],[6.86142,5.02976],[6.86142,5.02967],[6.86151,5.02967],[6.86151,5.02976],[6.8616,5.02976],[6.8616,5.02967],[6.86169,5.02967],[6.86169,5.02958],[6.86178,5.02958],[6.86178,5.0294],[6.86187,5.0294],[6.86187,5.02922],[6.86196,5.02922],[6.86196,5.02913],[6.86205,5.02913],[6.86205,5.02904],[6.86214,5.02904],[6.86214,5.02886],[6.86223,5.02886],[6.86223,5.02877],[6.86232,5.02877],[6.86232,5.02868],[6.8625,5.02868],[6.8625,5.02895],[6.86259,5.02895],[6.86259,5.02922],[6.86268,5.02922],[6.86268,5.02931],[6.86277,5.02931],[6.86277,5.0294],[6.86286,5.0294],[6.86286,5.02958],[6.86277,5.02958],[6.86277,5.02967],[6.86286,5.02967],[6.86286,5.03003],[6.86277,5.03003],[6.86277,5.03012],[6.86286,5.03012],[6.86286,5.03021],[6.86277,5.03021],[6.86277,5.03012],[6.8625,5.03012],[6.8625,5.0303],[6.86241,5.0303],[6.86241,5.03039],[6.86223,5.03039],[6.86223,5.03048],[6.86214,5.03048]],[[6.86268,5.02958],[6.86259,5.02958],[6.86259,5.02949],[6.86268,5.02949],[6.86268,5.02958]],[[6.86277,5.03003],[6.86268,5.03003],[6.86268,5.02994],[6.86277,5.02994],[6.86277,5.03003]]]}},{"type":"Feature","properties":{},"geometry":{"geodesic":false,"type":"Polygon","coordinates":[[[6.86241,5.02562],[6.86241,5.02554],[6.8625,5.02554],[6.8625,5.02545],[6.86232,5.02545],[6.86232,5.02518],[6.86223,5.02518],[6.86223,5.025],[6.86232,5.025],[6.86232,5.02491],[6.86259,5.02491],[6.86259,5.02482],[6.86268,5.02482],[6.86268,5.02473],[6.86259,5.02473],[6.86259,5.02464],[6.86268,5.02464],[6.86268,5.02446],[6.86277,5.02446],[6.86277,5.02464],[6.86295,5.02464],[6.86295,5.02473],[6.86304,5.02473],[6.86304,5.02482],[6.86313,5.02482],[6.86313,5.02491],[6.86322,5.02491],[6.86322,5.02509],[6.86313,5.02509],[6.86313,5.02518],[6.86295,5.02518],[6.86295,5.025],[6.86286,5.025],[6.86286,5.02518],[6.86268,5.02518],[6.86268,5.02554],[6.86259,5.02554],[6.86259,5.02562],[6.86241,5.02562]],[[6.86295,5.02491],[6.86286,5.02491],[6.86286,5.02482],[6.86295,5.02482],[6.86295,5.02491]]]}},{"type":"Feature","properties":{},"geometry":{"geodesic":false,"type":"Polygon","coordinates":[[[6.86277,4.92223],[6.86277,4.92205],[6.86286,4.92205],[6.86286,4.92187],[6.86295,4.92187],[6.86295,4.92178],[6.86313,4.92178],[6.86313,4.92169],[6.86322,4.92169],[6.86322,4.9216],[6.86331,4.9216],[6.86331,4.92151],[6.8634,4.92151],[6.8634,4.92142],[6.86349,4.92142],[6.86349,4.92133],[6.86322,4.92133],[6.86322,4.92124],[6.86349,4.92124],[6.86349,4.92097],[6.8634,4.92097],[6.8634,4.92088],[6.86349,4.92088],[6.86349,4.92079],[6.86358,4.92079],[6.86358,4.92061],[6.86367,4.92061],[6.86367,4.92043],[6.86376,4.92043],[6.86376,4.92034],[6.86385,4.92034],[6.86385,4.92025],[6.86394,4.92025],[6.86394,4.92016],[6.86403,4.92016],[6.86403,4.91998],[6.86412,4.91998],[6.86412,4.92016],[6.86403,4.92016],[6.86403,4.92043],[6.86457,4.92043],[6.86457,4.91962],[6.86484,4.91962],[6.86484,4.91908],[6.86511,4.91908],[6.86511,4.91828],[6.86537,4.91828],[6.86537,4.91774],[6.86564,4.91774],[6.86564,4.91756],[6.86573,4.91756],[6.86573,4.91738],[6.86582,4.91738],[6.86582,4.91729],[6.86591,4.91729],[6.86591,4.91738],[6.86582,4.91738],[6.86582,4.91756],[6.866,4.91756],[6.866,4.91747],[6.86609,4.91747],[6.86609,4.91729],[6.86618,4.91729],[6.86618,4.91702],[6.86627,4.91702],[6.86627,4.91693],[6.86618,4.91693],[6.86618,4.91675],[6.86627,4.91675],[6.86627,4.91666],[6.86636,4.91666],[6.86636,4.91675],[6.86645,4.91675],[6.86645,4.91657],[6.86636,4.91657],[6.86636,4.91648],[6.86645,4.91648],[6.86645,4.91639],[6.86654,4.91639],[6.86654,4.91612],[6.86663,4.91612],[6.86663,4.91594],[6.86672,4.91594],[6.86672,4.91576],[6.86663,4.91576],[6.86663,4.91567],[6.86672,4.91567],[6.86672,4.91549],[6.86681,4.91549],[6.86681,4.9154],[6.86672,4.9154],[6.86672,4.91477],[6.86699,4.91477],[6.86699,4.91459],[6.86708,4.91459],[6.86708,4.9145],[6.86726,4.9145],[6.86726,4.91423],[6.86735,4.91423],[6.86735,4.91414],[6.86744,4.91414],[6.86744,4.91396],[6.86753,4.91396],[6.86753,4.91387],[6.86762,4.91387],[6.86762,4.91378],[6.8678,4.91378],[6.8678,4.91369],[6.86798,4.91369],[6.86798,4.9136],[6.86807,4.9136],[6.86807,4.91352],[6.86816,4.91352],[6.86816,4.91343],[6.86825,4.91343],[6.86825,4.91334],[6.86843,4.91334],[6.86843,4.91316],[6.87049,4.91316],[6.87049,4.91325],[6.87067,4.91325],[6.87067,4.91316],[6.87184,4.91316],[6.87184,4.91298],[6.87193,4.91298],[6.87193,4.91289],[6.87202,4.91289],[6.87202,4.91298],[6.87211,4.91298],[6.87211,4.91307],[6.87202,4.91307],[6.87202,4.91316],[6.87427,4.91316],[6.87427,4.91307],[6.87454,4.91307],[6.87454,4.91316],[6.87481,4.91316],[6.87481,4.91289],[6.87535,4.91289],[6.87535,4.9128],[6.87553,4.9128],[6.87553,4.91271],[6.8758,4.91271],[6.8758,4.91262],[6.87642,4.91262],[6.87642,4.91235],[6.87696,4.91235],[6.87696,4.91208],[6.87705,4.91208],[6.87705,4.91217],[6.87714,4.91217],[6.87714,4.91208],[6.8775,4.91208],[6.8775,4.91181],[6.87759,4.91181],[6.87759,4.9119],[6.87786,4.9119],[6.87786,4.91181],[6.87804,4.91181],[6.87804,4.91163],[6.87831,4.91163],[6.87831,4.91172],[6.8784,4.91172],[6.8784,4.91163],[6.87894,4.91163],[6.87894,4.91154],[6.87912,4.91154],[6.87912,4.91163],[6.8793,4.91163],[6.8793,4.91154],[6.87948,4.91154],[6.87948,4.91145],[6.87939,4.91145],[6.87939,4.91127],[6.88047,4.91127],[6.88047,4.91154],[6.88101,4.91154],[6.88101,4.91136],[6.88118,4.91136],[6.88118,4.91127],[6.88136,4.91127],[6.88136,4.91136],[6.88145,4.91136],[6.88145,4.91127],[6.88163,4.91127],[6.88163,4.91109],[6.88172,4.91109],[6.88172,4.911],[6.88208,4.911],[6.88208,4.91082],[6.88217,4.91082],[6.88217,4.91073],[6.88235,4.91073],[6.88235,4.91046],[6.88262,4.91046],[6.88262,4.91028],[6.88271,4.91028],[6.88271,4.91019],[6.88289,4.91019],[6.88289,4.90992],[6.88298,4.90992],[6.88298,4.91001],[6.88307,4.91001],[6.88307,4.90992],[6.88316,4.90992],[6.88316,4.90929],[6.88325,4.90929],[6.88325,4.90911],[6.88343,4.90911],[6.88343,4.90866],[6.8837,4.90866],[6.8837,4.90857],[6.88406,4.90857],[6.88406,4.90848],[6.88442,4.90848],[6.88442,4.90839],[6.88451,4.90839],[6.88451,4.90848],[6.8846,4.90848],[6.8846,4.90857],[6.88469,4.90857],[6.88469,4.90866],[6.8846,4.90866],[6.8846,4.90857],[6.88442,4.90857],[6.88442,4.90875],[6.88451,4.90875],[6.88451,4.90884],[6.88433,4.90884],[6.88433,4.90911],[6.88424,4.90911],[6.88424,4.9092],[6.88415,4.9092],[6.88415,4.90947],[6.88406,4.90947],[6.88406,4.90965],[6.88397,4.90965],[6.88397,4.90974],[6.88388,4.90974],[6.88388,4.90992],[6.8837,4.90992],[6.8837,4.91001],[6.88379,4.91001],[6.88379,4.91028],[6.8837,4.91028],[6.8837,4.91037],[6.88361,4.91037],[6.88361,4.91055],[6.88352,4.91055],[6.88352,4.91064],[6.88343,4.91064],[6.88343,4.91073],[6.88334,4.91073],[6.88334,4.91082],[6.88325,4.91082],[6.88325,4.91091],[6.88316,4.91091],[6.88316,4.911],[6.8828,4.911],[6.8828,4.91109],[6.88253,4.91109],[6.88253,4.91118],[6.88244,4.91118],[6.88244,4.91127],[6.88217,4.91127],[6.88217,4.91136],[6.88199,4.91136],[6.88199,4.91145],[6.88181,4.91145],[6.88181,4.91154],[6.88163,4.91154],[6.88163,4.91163],[6.88136,4.91163],[6.88136,4.91172],[6.88118,4.91172],[6.88118,4.91181],[6.88065,4.91181],[6.88065,4.91172],[6.88056,4.91172],[6.88056,4.91181],[6.88029,4.91181],[6.88029,4.91172],[6.87975,4.91172],[6.87975,4.91181],[6.87948,4.91181],[6.87948,4.9119],[6.87939,4.9119],[6.87939,4.91181],[6.8793,4.91181],[6.8793,4.9119],[6.87921,4.9119],[6.87921,4.91208],[6.87912,4.91208],[6.87912,4.91199],[6.87894,4.91199],[6.87894,4.9119],[6.87858,4.9119],[6.87858,4.91199],[6.87849,4.91199],[6.87849,4.91208],[6.8784,4.91208],[6.8784,4.91217],[6.87813,4.91217],[6.87813,4.91226],[6.87795,4.91226],[6.87795,4.91235],[6.87768,4.91235],[6.87768,4.91244],[6.87759,4.91244],[6.87759,4.91235],[6.8775,4.91235],[6.8775,4.91244],[6.87741,4.91244],[6.87741,4.91253],[6.87732,4.91253],[6.87732,4.91262],[6.87723,4.91262],[6.87723,4.91271],[6.87714,4.91271],[6.87714,4.9128],[6.87696,4.9128],[6.87696,4.91289],[6.87642,4.91289],[6.87642,4.91298],[6.87615,4.91298],[6.87615,4.91307],[6.87597,4.91307],[6.87597,4.91298],[6.87588,4.91298],[6.87588,4.91307],[6.87562,4.91307],[6.87562,4.91316],[6.87553,4.91316],[6.87553,4.91325],[6.87526,4.91325],[6.87526,4.91334],[6.87463,4.91334],[6.87463,4.91343],[6.87337,4.91343],[6.87337,4.91352],[6.87319,4.91352],[6.87319,4.91343],[6.87256,4.91343],[6.87256,4.91334],[6.87247,4.91334],[6.87247,4.91343],[6.8722,4.91343],[6.8722,4.91352],[6.87193,4.91352],[6.87193,4.91343],[6.87175,4.91343],[6.87175,4.91352],[6.87157,4.91352],[6.87157,4.91343],[6.87148,4.91343],[6.87148,4.91352],[6.87112,4.91352],[6.87112,4.91343],[6.87085,4.91343],[6.87085,4.91352],[6.87067,4.91352],[6.87067,4.91343],[6.87058,4.91343],[6.87058,4.91352],[6.87014,4.91352],[6.87014,4.91343],[6.86987,4.91343],[6.86987,4.91352],[6.86969,4.91352],[6.86969,4.91343],[6.8696,4.91343],[6.8696,4.9136],[6.86942,4.9136],[6.86942,4.91369],[6.86924,4.91369],[6.86924,4.9136],[6.86906,4.9136],[6.86906,4.91369],[6.86888,4.91369],[6.86888,4.91378],[6.8687,4.91378],[6.8687,4.91387],[6.86861,4.91387],[6.86861,4.91396],[6.86852,4.91396],[6.86852,4.91405],[6.86843,4.91405],[6.86843,4.91423],[6.86834,4.91423],[6.86834,4.91432],[6.86825,4.91432],[6.86825,4.91441],[6.86807,4.91441],[6.86807,4.91459],[6.86798,4.91459],[6.86798,4.91477],[6.8678,4.91477],[6.8678,4.91504],[6.86771,4.91504],[6.86771,4.91522],[6.86762,4.91522],[6.86762,4.91558],[6.86753,4.91558],[6.86753,4.91576],[6.86744,4.91576],[6.86744,4.91603],[6.86735,4.91603],[6.86735,4.9163],[6.86726,4.9163],[6.86726,4.91639],[6.86717,4.91639],[6.86717,4.91657],[6.86708,4.91657],[6.86708,4.91666],[6.86699,4.91666],[6.86699,4.91684],[6.8669,4.91684],[6.8669,4.91693],[6.86681,4.91693],[6.86681,4.91711],[6.86672,4.91711],[6.86672,4.91738],[6.86663,4.91738],[6.86663,4.91747],[6.86654,4.91747],[6.86654,4.91774],[6.86645,4.91774],[6.86645,4.91783],[6.86636,4.91783],[6.86636,4.9181],[6.86627,4.9181],[6.86627,4.91819],[6.86618,4.91819],[6.86618,4.91828],[6.86609,4.91828],[6.86609,4.91846],[6.866,4.91846],[6.866,4.91864],[6.86591,4.91864],[6.86591,4.91873],[6.866,4.91873],[6.866,4.91882],[6.86591,4.91882],[6.86591,4.91908],[6.86582,4.91908],[6.86582,4.91935],[6.86573,4.91935],[6.86573,4.91944],[6.86564,4.91944],[6.86564,4.91962],[6.86555,4.91962],[6.86555,4.9198],[6.86546,4.9198],[6.86546,4.91998],[6.86537,4.91998],[6.86537,4.92016],[6.86528,4.92016],[6.86528,4.92025],[6.86519,4.92025],[6.86519,4.92043],[6.86511,4.92043],[6.86511,4.92052],[6.86502,4.92052],[6.86502,4.92061],[6.86493,4.92061],[6.86493,4.92079],[6.86475,4.92079],[6.86475,4.92088],[6.86466,4.92088],[6.86466,4.92106],[6.86457,4.92106],[6.86457,4.92124],[6.86448,4.92124],[6.86448,4.92133],[6.86439,4.92133],[6.86439,4.92142],[6.8643,4.92142],[6.8643,4.92151],[6.86421,4.92151],[6.86421,4.9216],[6.86412,4.9216],[6.86412,4.92169],[6.86403,4.92169],[6.86403,4.92178],[6.86394,4.92178],[6.86394,4.92187],[6.86367,4.92187],[6.86367,4.92196],[6.86358,4.92196],[6.86358,4.92205],[6.86331,4.92205],[6.86331,4.92214],[6.86286,4.92214],[6.86286,4.92223],[6.86277,4.92223]],[[6.87921,4.9119],[6.87912,4.9119],[6.87912,4.91181],[6.87921,4.91181],[6.87921,4.9119]],[[6.8669,4.9154],[6.86681,4.9154],[6.86681,4.91513],[6.86699,4.91513],[6.86699,4.91522],[6.8669,4.91522],[6.8669,4.9154]],[[6.86636,4.91693],[6.86627,4.91693],[6.86627,4.91675],[6.86636,4.91675],[6.86636,4.91693]],[[6.86573,4.9181],[6.86564,4.9181],[6.86564,4.91801],[6.86573,4.91801],[6.86573,4.9181]],[[6.86546,4.91846],[6.86537,4.91846],[6.86537,4.91837],[6.86546,4.91837],[6.86546,4.91846]],[[6.86546,4.91864],[6.86537,4.91864],[6.86537,4.91855],[6.86546,4.91855],[6.86546,4.91864]],[[6.86546,4.91882],[6.86528,4.91882],[6.86528,4.91873],[6.86546,4.91873],[6.86546,4.91882]],[[6.86502,4.91962],[6.86493,4.91962],[6.86493,4.91953],[6.86502,4.91953],[6.86502,4.91962]],[[6.86502,4.9198],[6.86493,4.9198],[6.86493,4.91971],[6.86502,4.91971],[6.86502,4.9198]],[[6.8643,4.92097],[6.86412,4.92097],[6.86412,4.92088],[6.86421,4.92088],[6.86421,4.92079],[6.8643,4.92079],[6.8643,4.9207],[6.86439,4.9207],[6.86439,4.92061],[6.86457,4.92061],[6.86457,4.92043],[6.86466,4.92043],[6.86466,4.92016],[6.86475,4.92016],[6.86475,4.91998],[6.86484,4.91998],[6.86484,4.9198],[6.86493,4.9198],[6.86493,4.91989],[6.86502,4.91989],[6.86502,4.92007],[6.86493,4.92007],[6.86493,4.92016],[6.86484,4.92016],[6.86484,4.92043],[6.86475,4.92043],[6.86475,4.92052],[6.86466,4.92052],[6.86466,4.9207],[6.86457,4.9207],[6.86457,4.92079],[6.86439,4.92079],[6.86439,4.92088],[6.8643,4.92088],[6.8643,4.92097]],[[6.86412,4.92106],[6.86403,4.92106],[6.86403,4.92097],[6.86412,4.92097],[6.86412,4.92106]],[[6.86367,4.92133],[6.86349,4.92133],[6.86349,4.92124],[6.86367,4.92124],[6.86367,4.92133]]]}},{"type":"Feature","properties":{},"geometry":{"geodesic":false,"type":"Polygon","coordinates":[[[6.86304,5.10081],[6.86304,5.10072],[6.86277,5.10072],[6.86277,5.10081],[6.86268,5.10081],[6.86268,5.10072],[6.86259,5.10072],[6.86259,5.10063],[6.86241,5.10063],[6.86241,5.10054],[6.8625,5.10054],[6.8625,5.10045],[6.86241,5.10045],[6.86241,5.10036],[6.8625,5.10036],[6.8625,5.10019],[6.86241,5.10019],[6.86241,5.09983],[6.8625,5.09983],[6.8625,5.09974],[6.86277,5.09974],[6.86277,5.09965],[6.86286,5.09965],[6.86286,5.09992],[6.86295,5.09992],[6.86295,5.1001],[6.86304,5.1001],[6.86304,5.10054],[6.86322,5.10054],[6.86322,5.10072],[6.86313,5.10072],[6.86313,5.10081],[6.86304,5.10081]],[[6.86277,5.09992],[6.86268,5.09992],[6.86268,5.09983],[6.86277,5.09983],[6.86277,5.09992]]]}},{"type":"Feature","properties":{},"geometry":{"geodesic":false,"type":"Polygon","coordinates":[[[6.8634,5.04709],[6.8634,5.047],[6.86331,5.047],[6.86331,5.04691],[6.8634,5.04691],[6.8634,5.04674],[6.86331,5.04674],[6.86331,5.04665],[6.86322,5.04665],[6.86322,5.04674],[6.86313,5.04674],[6.86313,5.04665],[6.86286,5.04665],[6.86286,5.04656],[6.86295,5.04656],[6.86295,5.04647],[6.86304,5.04647],[6.86304,5.04656],[6.86313,5.04656],[6.86313,5.04638],[6.86295,5.04638],[6.86295,5.04629],[6.86268,5.04629],[6.86268,5.0462],[6.86259,5.0462],[6.86259,5.04602],[6.86241,5.04602],[6.86241,5.04557],[6.86268,5.04557],[6.86268,5.04548],[6.86277,5.04548],[6.86277,5.04539],[6.86313,5.04539],[6.86313,5.0453],[6.8634,5.0453],[6.8634,5.04539],[6.86349,5.04539],[6.86349,5.0453],[6.86358,5.0453],[6.86358,5.04539],[6.86367,5.04539],[6.86367,5.04548],[6.86394,5.04548],[6.86394,5.0453],[6.86376,5.0453],[6.86376,5.04521],[6.86403,5.04521],[6.86403,5.0453],[6.86421,5.0453],[6.86421,5.04521],[6.86439,5.04521],[6.86439,5.04512],[6.86448,5.04512],[6.86448,5.04521],[6.86457,5.04521],[6.86457,5.04539],[6.86448,5.04539],[6.86448,5.04548],[6.86439,5.04548],[6.86439,5.04557],[6.8643,5.04557],[6.8643,5.04566],[6.86421,5.04566],[6.86421,5.04575],[6.86367,5.04575],[6.86367,5.04584],[6.86349,5.04584],[6.86349,5.04611],[6.86358,5.04611],[6.86358,5.04647],[6.86367,5.04647],[6.86367,5.04638],[6.86376,5.04638],[6.86376,5.04629],[6.86385,5.04629],[6.86385,5.0462],[6.86394,5.0462],[6.86394,5.04611],[6.86412,5.04611],[6.86412,5.04593],[6.8643,5.04593],[6.8643,5.04602],[6.86448,5.04602],[6.86448,5.04611],[6.86457,5.04611],[6.86457,5.04602],[6.86475,5.04602],[6.86475,5.04611],[6.86484,5.04611],[6.86484,5.04629],[6.86475,5.04629],[6.86475,5.04638],[6.86466,5.04638],[6.86466,5.04647],[6.86457,5.04647],[6.86457,5.04656],[6.86421,5.04656],[6.86421,5.04665],[6.86412,5.04665],[6.86412,5.04656],[6.86403,5.04656],[6.86403,5.04665],[6.86376,5.04665],[6.86376,5.04683],[6.86349,5.04683],[6.86349,5.04691],[6.8634,5.04691],[6.8634,5.047],[6.86358,5.047],[6.86358,5.04709],[6.8634,5.04709]],[[6.86358,5.04548],[6.86349,5.04548],[6.86349,5.04539],[6.86358,5.04539],[6.86358,5.04548]],[[6.86376,5.04656],[6.86367,5.04656],[6.86367,5.04647],[6.86376,5.04647],[6.86376,5.04656]]]}},{"type":"Feature","properties":{},"geometry":{"geodesic":false,"type":"Polygon","coordinates":[[[6.86358,5.19253],[6.86358,5.19235],[6.86349,5.19235],[6.86349,5.19226],[6.86358,5.19226],[6.86358,5.19217],[6.86367,5.19217],[6.86367,5.19172],[6.86358,5.19172],[6.86358,5.19127],[6.86349,5.19127],[6.86349,5.19083],[6.8634,5.19083],[6.8634,5.19038],[6.86331,5.19038],[6.86331,5.18993],[6.86322,5.18993],[6.86322,5.18984],[6.86331,5.18984],[6.86331,5.18966],[6.8634,5.18966],[6.8634,5.18975],[6.86349,5.18975],[6.86349,5.18993],[6.8634,5.18993],[6.8634,5.19002],[6.86358,5.19002],[6.86358,5.19011],[6.86367,5.19011],[6.86367,5.1902],[6.86349,5.1902],[6.86349,5.19029],[6.86358,5.19029],[6.86358,5.19038],[6.86367,5.19038],[6.86367,5.19047],[6.86376,5.19047],[6.86376,5.19065],[6.86385,5.19065],[6.86385,5.19074],[6.86376,5.19074],[6.86376,5.19127],[6.86385,5.19127],[6.86385,5.19136],[6.86394,5.19136],[6.86394,5.1919],[6.86385,5.1919],[6.86385,5.19199],[6.86376,5.19199],[6.86376,5.19217],[6.86367,5.19217],[6.86367,5.19226],[6.86376,5.19226],[6.86376,5.19253],[6.86358,5.19253]]]}},{"type":"Feature","properties":{},"geometry":{"geodesic":false,"type":"Polygon","coordinates":[[[6.86412,5.11447],[6.86412,5.11429],[6.86394,5.11429],[6.86394,5.1142],[6.86358,5.1142],[6.86358,5.11429],[6.86376,5.11429],[6.86376,5.11438],[6.86385,5.11438],[6.86385,5.11447],[6.86367,5.11447],[6.86367,5.11438],[6.86358,5.11438],[6.86358,5.11429],[6.8634,5.11429],[6.8634,5.11438],[6.86349,5.11438],[6.86349,5.11447],[6.86331,5.11447],[6.86331,5.11411],[6.8634,5.11411],[6.8634,5.1142],[6.86349,5.1142],[6.86349,5.11393],[6.8634,5.11393],[6.8634,5.11402],[6.86322,5.11402],[6.86322,5.11384],[6.86331,5.11384],[6.86331,5.11375],[6.8634,5.11375],[6.8634,5.11384],[6.86349,5.11384],[6.86349,5.11393],[6.86358,5.11393],[6.86358,5.11375],[6.86394,5.11375],[6.86394,5.11384],[6.86403,5.11384],[6.86403,5.11366],[6.86412,5.11366],[6.86412,5.11375],[6.86421,5.11375],[6.86421,5.11393],[6.8643,5.11393],[6.8643,5.1142],[6.86412,5.1142],[6.86412,5.11429],[6.86421,5.11429],[6.86421,5.11447],[6.86412,5.11447]]]}},{"type":"Feature","properties":{},"geometry":{"geodesic":false,"type":"Polygon","coordinates":[[[6.86385,5.03066],[6.86385,5.03057],[6.86367,5.03057],[6.86367,5.03039],[6.86358,5.03039],[6.86358,5.0303],[6.86367,5.0303],[6.86367,5.03021],[6.86376,5.03021],[6.86376,5.02994],[6.86367,5.02994],[6.86367,5.02985],[6.86358,5.02985],[6.86358,5.03012],[6.86349,5.03012],[6.86349,5.03003],[6.8634,5.03003],[6.8634,5.02994],[6.86331,5.02994],[6.86331,5.03012],[6.8634,5.03012],[6.8634,5.0303],[6.86322,5.0303],[6.86322,5.03021],[6.86313,5.03021],[6.86313,5.03012],[6.86304,5.03012],[6.86304,5.02976],[6.86295,5.02976],[6.86295,5.02958],[6.86304,5.02958],[6.86304,5.02931],[6.86331,5.02931],[6.86331,5.0294],[6.8634,5.0294],[6.8634,5.02949],[6.86349,5.02949],[6.86349,5.02958],[6.86358,5.02958],[6.86358,5.02976],[6.86367,5.02976],[6.86367,5.02967],[6.86376,5.02967],[6.86376,5.02958],[6.86394,5.02958],[6.86394,5.02967],[6.86412,5.02967],[6.86412,5.03003],[6.8643,5.03003],[6.8643,5.03012],[6.86439,5.03012],[6.86439,5.03021],[6.86448,5.03021],[6.86448,5.03048],[6.86439,5.03048],[6.86439,5.03057],[6.8643,5.03057],[6.8643,5.03066],[6.86385,5.03066]],[[6.8634,5.02967],[6.86322,5.02967],[6.86322,5.02958],[6.86331,5.02958],[6.86331,5.02949],[6.8634,5.02949],[6.8634,5.02967]]]}},{"type":"Feature","properties":{},"geometry":{"geodesic":false,"type":"Polygon","coordinates":[[[6.86421,5.16882],[6.86421,5.16873],[6.86412,5.16873],[6.86412,5.16855],[6.86403,5.16855],[6.86403,5.16882],[6.86394,5.16882],[6.86394,5.16873],[6.86385,5.16873],[6.86385,5.16846],[6.86376,5.16846],[6.86376,5.16828],[6.86367,5.16828],[6.86367,5.16801],[6.86358,5.16801],[6.86358,5.16774],[6.86331,5.16774],[6.86331,5.16747],[6.86322,5.16747],[6.86322,5.16729],[6.86304,5.16729],[6.86304,5.1672],[6.86295,5.1672],[6.86295,5.16711],[6.86286,5.16711],[6.86286,5.16693],[6.86295,5.16693],[6.86295,5.16684],[6.86313,5.16684],[6.86313,5.16702],[6.86322,5.16702],[6.86322,5.16711],[6.86331,5.16711],[6.86331,5.1672],[6.86349,5.1672],[6.86349,5.16756],[6.86358,5.16756],[6.86358,5.16765],[6.86367,5.16765],[6.86367,5.16774],[6.86376,5.16774],[6.86376,5.16792],[6.86385,5.16792],[6.86385,5.1681],[6.86394,5.1681],[6.86394,5.16801],[6.86403,5.16801],[6.86403,5.16819],[6.86421,5.16819],[6.86421,5.16864],[6.8643,5.16864],[6.8643,5.16882],[6.86421,5.16882]],[[6.86304,5.16702],[6.86295,5.16702],[6.86295,5.16693],[6.86304,5.16693],[6.86304,5.16702]],[[6.86403,5.16828],[6.86394,5.16828],[6.86394,5.16819],[6.86403,5.16819],[6.86403,5.16828]]]}},{"type":"Feature","properties":{},"geometry":{"geodesic":false,"type":"Polygon","coordinates":[[[6.86555,5.20071],[6.86555,5.20062],[6.86546,5.20062],[6.86546,5.20044],[6.86537,5.20044],[6.86537,5.1999],[6.86528,5.1999],[6.86528,5.19972],[6.86502,5.19972],[6.86502,5.19981],[6.86493,5.19981],[6.86493,5.19972],[6.86502,5.19972],[6.86502,5.19945],[6.86493,5.19945],[6.86493,5.19927],[6.86484,5.19927],[6.86484,5.19882],[6.86493,5.19882],[6.86493,5.19891],[6.86502,5.19891],[6.86502,5.19927],[6.86519,5.19927],[6.86519,5.19891],[6.86511,5.19891],[6.86511,5.19855],[6.86502,5.19855],[6.86502,5.19828],[6.86511,5.19828],[6.86511,5.19837],[6.86519,5.19837],[6.86519,5.19873],[6.86528,5.19873],[6.86528,5.19891],[6.86546,5.19891],[6.86546,5.199],[6.86564,5.199],[6.86564,5.19927],[6.86573,5.19927],[6.86573,5.19963],[6.86564,5.19963],[6.86564,5.19972],[6.86555,5.19972],[6.86555,5.20035],[6.86573,5.20035],[6.86573,5.20044],[6.86582,5.20044],[6.86582,5.20062],[6.86573,5.20062],[6.86573,5.20071],[6.86555,5.20071]],[[6.86555,5.19936],[6.86546,5.19936],[6.86546,5.19909],[6.86555,5.19909],[6.86555,5.19936]],[[6.86555,5.20044],[6.86546,5.20044],[6.86546,5.20035],[6.86555,5.20035],[6.86555,5.20044]]]}},{"type":"Feature","properties":{},"geometry":{"geodesic":false,"type":"Polygon","coordinates":[[[6.86618,5.02491],[6.86618,5.02482],[6.86564,5.02482],[6.86564,5.02473],[6.86555,5.02473],[6.86555,5.02464],[6.86546,5.02464],[6.86546,5.02419],[6.86537,5.02419],[6.86537,5.0241],[6.86546,5.0241],[6.86546,5.02392],[6.86555,5.02392],[6.86555,5.02383],[6.86609,5.02383],[6.86609,5.02365],[6.86627,5.02365],[6.86627,5.02374],[6.86636,5.02374],[6.86636,5.02383],[6.86663,5.02383],[6.86663,5.02374],[6.86672,5.02374],[6.86672,5.02383],[6.86681,5.02383],[6.86681,5.02392],[6.8669,5.02392],[6.8669,5.02401],[6.86699,5.02401],[6.86699,5.02419],[6.86708,5.02419],[6.86708,5.02428],[6.86699,5.02428],[6.86699,5.02446],[6.8669,5.02446],[6.8669,5.02464],[6.86672,5.02464],[6.86672,5.02473],[6.86645,5.02473],[6.86645,5.02482],[6.86636,5.02482],[6.86636,5.02491],[6.86618,5.02491]]]}},{"type":"Feature","properties":{},"geometry":{"geodesic":false,"type":"Polygon","coordinates":[[[6.86681,5.20708],[6.86681,5.20699],[6.86672,5.20699],[6.86672,5.2069],[6.86663,5.2069],[6.86663,5.20682],[6.86645,5.20682],[6.86645,5.20673],[6.86636,5.20673],[6.86636,5.20664],[6.86627,5.20664],[6.86627,5.20673],[6.86618,5.20673],[6.86618,5.20619],[6.86636,5.20619],[6.86636,5.2061],[6.86645,5.2061],[6.86645,5.20619],[6.86654,5.20619],[6.86654,5.20646],[6.86645,5.20646],[6.86645,5.20673],[6.86663,5.20673],[6.86663,5.20682],[6.86672,5.20682],[6.86672,5.20664],[6.86663,5.20664],[6.86663,5.2061],[6.86654,5.2061],[6.86654,5.20565],[6.86663,5.20565],[6.86663,5.20574],[6.86672,5.20574],[6.86672,5.20565],[6.86681,5.20565],[6.86681,5.20574],[6.86672,5.20574],[6.86672,5.20583],[6.86681,5.20583],[6.86681,5.20592],[6.8669,5.20592],[6.8669,5.20601],[6.86699,5.20601],[6.86699,5.20592],[6.86708,5.20592],[6.86708,5.20601],[6.86699,5.20601],[6.86699,5.2061],[6.86708,5.2061],[6.86708,5.20637],[6.86717,5.20637],[6.86717,5.20655],[6.86708,5.20655],[6.86708,5.20673],[6.86699,5.20673],[6.86699,5.20699],[6.8669,5.20699],[6.8669,5.20708],[6.86681,5.20708]],[[6.86636,5.20637],[6.86627,5.20637],[6.86627,5.20628],[6.86636,5.20628],[6.86636,5.20637]]]}},{"type":"Feature","properties":{},"geometry":{"geodesic":false,"type":"Polygon","coordinates":[[[6.8669,5.03748],[6.8669,5.03739],[6.86681,5.03739],[6.86681,5.0373],[6.86654,5.0373],[6.86654,5.03712],[6.86645,5.03712],[6.86645,5.03685],[6.86654,5.03685],[6.86654,5.03676],[6.86663,5.03676],[6.86663,5.03667],[6.86672,5.03667],[6.86672,5.03658],[6.86681,5.03658],[6.86681,5.03667],[6.8669,5.03667],[6.8669,5.03658],[6.86699,5.03658],[6.86699,5.03667],[6.86708,5.03667],[6.86708,5.03694],[6.86717,5.03694],[6.86717,5.03712],[6.86708,5.03712],[6.86708,5.03721],[6.86699,5.03721],[6.86699,5.03748],[6.8669,5.03748]]]}},{"type":"Feature","properties":{},"geometry":{"geodesic":false,"type":"Polygon","coordinates":[[[6.8669,5.20933],[6.8669,5.20924],[6.86681,5.20924],[6.86681,5.20933],[6.86672,5.20933],[6.86672,5.20924],[6.86663,5.20924],[6.86663,5.20879],[6.86672,5.20879],[6.86672,5.20834],[6.86663,5.20834],[6.86663,5.20798],[6.86654,5.20798],[6.86654,5.20771],[6.86645,5.20771],[6.86645,5.2069],[6.86654,5.2069],[6.86654,5.20735],[6.86672,5.20735],[6.86672,5.20744],[6.86681,5.20744],[6.86681,5.20798],[6.8669,5.20798],[6.8669,5.20807],[6.86681,5.20807],[6.86681,5.20861],[6.8669,5.20861],[6.8669,5.2087],[6.86699,5.2087],[6.86699,5.20888],[6.86708,5.20888],[6.86708,5.20897],[6.86699,5.20897],[6.86699,5.20933],[6.8669,5.20933]]]}},{"type":"Feature","properties":{},"geometry":{"geodesic":false,"type":"Polygon","coordinates":[[[6.8669,5.10863],[6.8669,5.10854],[6.86681,5.10854],[6.86681,5.10845],[6.86663,5.10845],[6.86663,5.10836],[6.86654,5.10836],[6.86654,5.10827],[6.86636,5.10827],[6.86636,5.108],[6.86645,5.108],[6.86645,5.10791],[6.86654,5.10791],[6.86654,5.10809],[6.86672,5.10809],[6.86672,5.10818],[6.86681,5.10818],[6.86681,5.10836],[6.8669,5.10836],[6.8669,5.10818],[6.86708,5.10818],[6.86708,5.10809],[6.86717,5.10809],[6.86717,5.10791],[6.86726,5.10791],[6.86726,5.10773],[6.86735,5.10773],[6.86735,5.10791],[6.86726,5.10791],[6.86726,5.108],[6.86735,5.108],[6.86735,5.10818],[6.86753,5.10818],[6.86753,5.10845],[6.86735,5.10845],[6.86735,5.10854],[6.86717,5.10854],[6.86717,5.10863],[6.8669,5.10863]]]}},{"type":"Feature","properties":{},"geometry":{"geodesic":false,"type":"Polygon","coordinates":[[[6.86735,5.09686],[6.86735,5.09677],[6.86717,5.09677],[6.86717,5.09668],[6.86708,5.09668],[6.86708,5.09659],[6.8669,5.09659],[6.8669,5.09632],[6.86708,5.09632],[6.86708,5.09623],[6.86717,5.09623],[6.86717,5.09605],[6.86708,5.09605],[6.86708,5.09614],[6.86699,5.09614],[6.86699,5.09605],[6.86708,5.09605],[6.86708,5.09587],[6.86699,5.09587],[6.86699,5.09551],[6.86708,5.09551],[6.86708,5.0956],[6.86717,5.0956],[6.86717,5.09569],[6.86726,5.09569],[6.86726,5.09578],[6.86717,5.09578],[6.86717,5.09596],[6.86735,5.09596],[6.86735,5.09578],[6.86753,5.09578],[6.86753,5.09569],[6.86744,5.09569],[6.86744,5.0956],[6.86753,5.0956],[6.86753,5.09569],[6.86789,5.09569],[6.86789,5.09578],[6.8678,5.09578],[6.8678,5.09587],[6.86798,5.09587],[6.86798,5.09578],[6.86807,5.09578],[6.86807,5.09587],[6.86816,5.09587],[6.86816,5.09596],[6.86807,5.09596],[6.86807,5.09614],[6.86798,5.09614],[6.86798,5.09623],[6.86789,5.09623],[6.86789,5.09614],[6.86762,5.09614],[6.86762,5.09623],[6.86753,5.09623],[6.86753,5.09614],[6.86744,5.09614],[6.86744,5.09623],[6.86735,5.09623],[6.86735,5.09641],[6.86744,5.09641],[6.86744,5.0965],[6.86735,5.0965],[6.86735,5.09668],[6.86744,5.09668],[6.86744,5.09677],[6.86753,5.09677],[6.86753,5.09686],[6.86735,5.09686]]]}},{"type":"Feature","properties":{},"geometry":{"geodesic":false,"type":"Polygon","coordinates":[[[6.86744,5.1849],[6.86744,5.18481],[6.86717,5.18481],[6.86717,5.18472],[6.86708,5.18472],[6.86708,5.18463],[6.86699,5.18463],[6.86699,5.18445],[6.86708,5.18445],[6.86708,5.18418],[6.86699,5.18418],[6.86699,5.18409],[6.86708,5.18409],[6.86708,5.18382],[6.86717,5.18382],[6.86717,5.18373],[6.86726,5.18373],[6.86726,5.18364],[6.86735,5.18364],[6.86735,5.18355],[6.86744,5.18355],[6.86744,5.18346],[6.86771,5.18346],[6.86771,5.18355],[6.8678,5.18355],[6.8678,5.18427],[6.86771,5.18427],[6.86771,5.18472],[6.86762,5.18472],[6.86762,5.18481],[6.86753,5.18481],[6.86753,5.1849],[6.86744,5.1849]],[[6.86753,5.18454],[6.86726,5.18454],[6.86726,5.18373],[6.86753,5.18373],[6.86753,5.18454]]]}},{"type":"Feature","properties":{},"geometry":{"geodesic":false,"type":"Polygon","coordinates":[[[6.86771,4.96652],[6.86771,4.96643],[6.86762,4.96643],[6.86762,4.96616],[6.86771,4.96616],[6.86771,4.96607],[6.8678,4.96607],[6.8678,4.96598],[6.86798,4.96598],[6.86798,4.9658],[6.86807,4.9658],[6.86807,4.96562],[6.86825,4.96562],[6.86825,4.96553],[6.86807,4.96553],[6.86807,4.96526],[6.86816,4.96526],[6.86816,4.96517],[6.86807,4.96517],[6.86807,4.96508],[6.86816,4.96508],[6.86816,4.9649],[6.86825,4.9649],[6.86825,4.96481],[6.86843,4.96481],[6.86843,4.96463],[6.86852,4.96463],[6.86852,4.96454],[6.86861,4.96454],[6.86861,4.96445],[6.86897,4.96445],[6.86897,4.96463],[6.86879,4.96463],[6.86879,4.96454],[6.86861,4.96454],[6.86861,4.96463],[6.8687,4.96463],[6.8687,4.96472],[6.86861,4.96472],[6.86861,4.9649],[6.86852,4.9649],[6.86852,4.96553],[6.86843,4.96553],[6.86843,4.96562],[6.86834,4.96562],[6.86834,4.96571],[6.86843,4.96571],[6.86843,4.9658],[6.86834,4.9658],[6.86834,4.96589],[6.86825,4.96589],[6.86825,4.96598],[6.86816,4.96598],[6.86816,4.96616],[6.86807,4.96616],[6.86807,4.96625],[6.86798,4.96625],[6.86798,4.96634],[6.8678,4.96634],[6.8678,4.96652],[6.86771,4.96652]],[[6.86834,4.9658],[6.86825,4.9658],[6.86825,4.96571],[6.86834,4.96571],[6.86834,4.9658]]]}},{"type":"Feature","properties":{},"geometry":{"geodesic":false,"type":"Polygon","coordinates":[[[6.86744,5.07413],[6.86744,5.07404],[6.86726,5.07404],[6.86726,5.07395],[6.86717,5.07395],[6.86717,5.07386],[6.86699,5.07386],[6.86699,5.07377],[6.86708,5.07377],[6.86708,5.07368],[6.8669,5.07368],[6.8669,5.07342],[6.86681,5.07342],[6.86681,5.07324],[6.86672,5.07324],[6.86672,5.07315],[6.86663,5.07315],[6.86663,5.07288],[6.86672,5.07288],[6.86672,5.07279],[6.8669,5.07279],[6.8669,5.07261],[6.86708,5.07261],[6.86708,5.07252],[6.86771,5.07252],[6.86771,5.0727],[6.8678,5.0727],[6.8678,5.07279],[6.86789,5.07279],[6.86789,5.0727],[6.86816,5.0727],[6.86816,5.07252],[6.86807,5.07252],[6.86807,5.07234],[6.86816,5.07234],[6.86816,5.07252],[6.86825,5.07252],[6.86825,5.07225],[6.86816,5.07225],[6.86816,5.07216],[6.86798,5.07216],[6.86798,5.07207],[6.86771,5.07207],[6.86771,5.07216],[6.86762,5.07216],[6.86762,5.07225],[6.86753,5.07225],[6.86753,5.07216],[6.86744,5.07216],[6.86744,5.07198],[6.86753,5.07198],[6.86753,5.07207],[6.86771,5.07207],[6.86771,5.07189],[6.8678,5.07189],[6.8678,5.0718],[6.86798,5.0718],[6.86798,5.07198],[6.86807,5.07198],[6.86807,5.07207],[6.86816,5.07207],[6.86816,5.07216],[6.86834,5.07216],[6.86834,5.07225],[6.86852,5.07225],[6.86852,5.07234],[6.86843,5.07234],[6.86843,5.07243],[6.86834,5.07243],[6.86834,5.07252],[6.86825,5.07252],[6.86825,5.07261],[6.86843,5.07261],[6.86843,5.07252],[6.86852,5.07252],[6.86852,5.07243],[6.86861,5.07243],[6.86861,5.07261],[6.86852,5.07261],[6.86852,5.0727],[6.86843,5.0727],[6.86843,5.07279],[6.86834,5.07279],[6.86834,5.07324],[6.86825,5.07324],[6.86825,5.07333],[6.86834,5.07333],[6.86834,5.07342],[6.86816,5.07342],[6.86816,5.07359],[6.86807,5.07359],[6.86807,5.07395],[6.86798,5.07395],[6.86798,5.07404],[6.86789,5.07404],[6.86789,5.07413],[6.86744,5.07413]]]}},{"type":"Feature","properties":{},"geometry":{"geodesic":false,"type":"Polygon","coordinates":[[[6.8678,5.18499],[6.8678,5.1849],[6.86771,5.1849],[6.86771,5.18481],[6.8678,5.18481],[6.8678,5.18463],[6.86789,5.18463],[6.86789,5.18436],[6.86798,5.18436],[6.86798,5.18409],[6.86807,5.18409],[6.86807,5.18382],[6.86798,5.18382],[6.86798,5.18364],[6.86807,5.18364],[6.86807,5.18382],[6.86825,5.18382],[6.86825,5.184],[6.86834,5.184],[6.86834,5.18409],[6.86843,5.18409],[6.86843,5.18463],[6.86834,5.18463],[6.86834,5.18472],[6.86825,5.18472],[6.86825,5.18481],[6.86816,5.18481],[6.86816,5.1849],[6.86807,5.1849],[6.86807,5.18499],[6.8678,5.18499]]]}},{"type":"Feature","properties":{},"geometry":{"geodesic":false,"type":"Polygon","coordinates":[[[6.86816,5.21364],[6.86816,5.21355],[6.86807,5.21355],[6.86807,5.21346],[6.86798,5.21346],[6.86798,5.21337],[6.86789,5.21337],[6.86789,5.21256],[6.8678,5.21256],[6.8678,5.21212],[6.86789,5.21212],[6.86789,5.21185],[6.86771,5.21185],[6.86771,5.21167],[6.86762,5.21167],[6.86762,5.2114],[6.86753,5.2114],[6.86753,5.21113],[6.86744,5.21113],[6.86744,5.21122],[6.86735,5.21122],[6.86735,5.21113],[6.86744,5.21113],[6.86744,5.21104],[6.86753,5.21104],[6.86753,5.21068],[6.86744,5.21068],[6.86744,5.2105],[6.86753,5.2105],[6.86753,5.21041],[6.86762,5.21041],[6.86762,5.2105],[6.86771,5.2105],[6.86771,5.21059],[6.86762,5.21059],[6.86762,5.21068],[6.86771,5.21068],[6.86771,5.21077],[6.86762,5.21077],[6.86762,5.21086],[6.86771,5.21086],[6.86771,5.21095],[6.8678,5.21095],[6.8678,5.21104],[6.86789,5.21104],[6.86789,5.21113],[6.8678,5.21113],[6.8678,5.2114],[6.86789,5.2114],[6.86789,5.21167],[6.8678,5.21167],[6.8678,5.21176],[6.86789,5.21176],[6.86789,5.21185],[6.86798,5.21185],[6.86798,5.21203],[6.86807,5.21203],[6.86807,5.21229],[6.86816,5.21229],[6.86816,5.21292],[6.86825,5.21292],[6.86825,5.2131],[6.86834,5.2131],[6.86834,5.21319],[6.86825,5.21319],[6.86825,5.21328],[6.86834,5.21328],[6.86834,5.21346],[6.86825,5.21346],[6.86825,5.21364],[6.86816,5.21364]]]}},{"type":"Feature","properties":{},"geometry":{"geodesic":false,"type":"Polygon","coordinates":[[[6.86879,5.21885],[6.86879,5.21876],[6.8687,5.21876],[6.8687,5.21849],[6.86861,5.21849],[6.86861,5.21804],[6.86852,5.21804],[6.86852,5.21768],[6.86861,5.21768],[6.86861,5.21777],[6.8687,5.21777],[6.8687,5.21786],[6.86897,5.21786],[6.86897,5.21813],[6.86906,5.21813],[6.86906,5.21876],[6.86897,5.21876],[6.86897,5.21885],[6.86879,5.21885]]]}},{"type":"Feature","properties":{},"geometry":{"geodesic":false,"type":"Polygon","coordinates":[[[6.8696,5.0718],[6.8696,5.07171],[6.86951,5.07171],[6.86951,5.0718],[6.86933,5.0718],[6.86933,5.07171],[6.86924,5.07171],[6.86924,5.07144],[6.86915,5.07144],[6.86915,5.07135],[6.86906,5.07135],[6.86906,5.07108],[6.86897,5.07108],[6.86897,5.0709],[6.86888,5.0709],[6.86888,5.07081],[6.86879,5.07081],[6.86879,5.07072],[6.86888,5.07072],[6.86888,5.07054],[6.8687,5.07054],[6.8687,5.07036],[6.86879,5.07036],[6.86879,5.07018],[6.86888,5.07018],[6.86888,5.07009],[6.86879,5.07009],[6.86879,5.07],[6.86888,5.07],[6.86888,5.06991],[6.86897,5.06991],[6.86897,5.06982],[6.86906,5.06982],[6.86906,5.06973],[6.86969,5.06973],[6.86969,5.06982],[6.86987,5.06982],[6.86987,5.06991],[6.86996,5.06991],[6.86996,5.07],[6.87005,5.07],[6.87005,5.07009],[6.87014,5.07009],[6.87014,5.07],[6.87023,5.07],[6.87023,5.07027],[6.87032,5.07027],[6.87032,5.07018],[6.87041,5.07018],[6.87041,5.07009],[6.87067,5.07009],[6.87067,5.07018],[6.87058,5.07018],[6.87058,5.07027],[6.87085,5.07027],[6.87085,5.07036],[6.87094,5.07036],[6.87094,5.07045],[6.87103,5.07045],[6.87103,5.07036],[6.87112,5.07036],[6.87112,5.07045],[6.87121,5.07045],[6.87121,5.07054],[6.87112,5.07054],[6.87112,5.07072],[6.87103,5.07072],[6.87103,5.07081],[6.87076,5.07081],[6.87076,5.0709],[6.87067,5.0709],[6.87067,5.07099],[6.87076,5.07099],[6.87076,5.07108],[6.87067,5.07108],[6.87067,5.07117],[6.87058,5.07117],[6.87058,5.07126],[6.87041,5.07126],[6.87041,5.07153],[6.86996,5.07153],[6.86996,5.07171],[6.86987,5.07171],[6.86987,5.0718],[6.8696,5.0718]]]}},{"type":"Feature","properties":{},"geometry":{"geodesic":false,"type":"Polygon","coordinates":[[[6.86969,5.17843],[6.86969,5.17834],[6.8696,5.17834],[6.8696,5.17843],[6.86951,5.17843],[6.86951,5.17825],[6.86942,5.17825],[6.86942,5.17807],[6.86933,5.17807],[6.86933,5.1778],[6.86951,5.1778],[6.86951,5.17771],[6.86987,5.17771],[6.86987,5.1778],[6.86996,5.1778],[6.86996,5.17807],[6.87005,5.17807],[6.87005,5.17825],[6.87023,5.17825],[6.87023,5.17834],[6.86996,5.17834],[6.86996,5.17843],[6.86969,5.17843]]]}},{"type":"Feature","properties":{},"geometry":{"geodesic":false,"type":"Polygon","coordinates":[[[6.87005,4.9393],[6.87005,4.93921],[6.86996,4.93921],[6.86996,4.93912],[6.86987,4.93912],[6.86987,4.93903],[6.86978,4.93903],[6.86978,4.93912],[6.86969,4.93912],[6.86969,4.93921],[6.8696,4.93921],[6.8696,4.93912],[6.86951,4.93912],[6.86951,4.93903],[6.86942,4.93903],[6.86942,4.93894],[6.86951,4.93894],[6.86951,4.93876],[6.86942,4.93876],[6.86942,4.93858],[6.86933,4.93858],[6.86933,4.93849],[6.86924,4.93849],[6.86924,4.9384],[6.86933,4.9384],[6.86933,4.93849],[6.86942,4.93849],[6.86942,4.93831],[6.86951,4.93831],[6.86951,4.93813],[6.8696,4.93813],[6.8696,4.93831],[6.86987,4.93831],[6.86987,4.9384],[6.86996,4.9384],[6.86996,4.93831],[6.87005,4.93831],[6.87005,4.93822],[6.87041,4.93822],[6.87041,4.93831],[6.87058,4.93831],[6.87058,4.93822],[6.87076,4.93822],[6.87076,4.93813],[6.87094,4.93813],[6.87094,4.93804],[6.87103,4.93804],[6.87103,4.93813],[6.87121,4.93813],[6.87121,4.93804],[6.87139,4.93804],[6.87139,4.93813],[6.87175,4.93813],[6.87175,4.93822],[6.87193,4.93822],[6.87193,4.93849],[6.87184,4.93849],[6.87184,4.93858],[6.87175,4.93858],[6.87175,4.93876],[6.87139,4.93876],[6.87139,4.93885],[6.87094,4.93885],[6.87094,4.93894],[6.87076,4.93894],[6.87076,4.93903],[6.87067,4.93903],[6.87067,4.93912],[6.87049,4.93912],[6.87049,4.93921],[6.87041,4.93921],[6.87041,4.93912],[6.87032,4.93912],[6.87032,4.93921],[6.87023,4.93921],[6.87023,4.93912],[6.87032,4.93912],[6.87032,4.93903],[6.87005,4.93903],[6.87005,4.93921],[6.87014,4.93921],[6.87014,4.9393],[6.87005,4.9393]],[[6.87014,4.9384],[6.87005,4.9384],[6.87005,4.93831],[6.87014,4.93831],[6.87014,4.9384]],[[6.87032,4.93849],[6.87014,4.93849],[6.87014,4.9384],[6.87032,4.9384],[6.87032,4.93849]],[[6.87041,4.93903],[6.87032,4.93903],[6.87032,4.93876],[6.87041,4.93876],[6.87041,4.93903]]]}},{"type":"Feature","properties":{},"geometry":{"geodesic":false,"type":"Polygon","coordinates":[[[6.87032,5.22469],[6.87032,5.22451],[6.87023,5.22451],[6.87023,5.22415],[6.87014,5.22415],[6.87014,5.22379],[6.87005,5.22379],[6.87005,5.22334],[6.86996,5.22334],[6.86996,5.22343],[6.86987,5.22343],[6.86987,5.22361],[6.8696,5.22361],[6.8696,5.22334],[6.86951,5.22334],[6.86951,5.22316],[6.86942,5.22316],[6.86942,5.22307],[6.8696,5.22307],[6.8696,5.22316],[6.86978,5.22316],[6.86978,5.22325],[6.86996,5.22325],[6.86996,5.22316],[6.86987,5.22316],[6.86987,5.22298],[6.86996,5.22298],[6.86996,5.22272],[6.86987,5.22272],[6.86987,5.22227],[6.86978,5.22227],[6.86978,5.222],[6.86987,5.222],[6.86987,5.22209],[6.86996,5.22209],[6.86996,5.22227],[6.87005,5.22227],[6.87005,5.22245],[6.87014,5.22245],[6.87014,5.22263],[6.87023,5.22263],[6.87023,5.22289],[6.87032,5.22289],[6.87032,5.22298],[6.87041,5.22298],[6.87041,5.22316],[6.87032,5.22316],[6.87032,5.22352],[6.87041,5.22352],[6.87041,5.2237],[6.87049,5.2237],[6.87049,5.22397],[6.87058,5.22397],[6.87058,5.22406],[6.87049,5.22406],[6.87049,5.22415],[6.87058,5.22415],[6.87058,5.22433],[6.87049,5.22433],[6.87049,5.22442],[6.87041,5.22442],[6.87041,5.22433],[6.87032,5.22433],[6.87032,5.22451],[6.87041,5.22451],[6.87041,5.22469],[6.87032,5.22469]],[[6.87049,5.22433],[6.87041,5.22433],[6.87041,5.22415],[6.87049,5.22415],[6.87049,5.22433]]]}},{"type":"Feature","properties":{},"geometry":{"geodesic":false,"type":"Polygon","coordinates":[[[6.87139,5.22981],[6.87139,5.22963],[6.8713,5.22963],[6.8713,5.22918],[6.87121,5.22918],[6.87121,5.22873],[6.87112,5.22873],[6.87112,5.22828],[6.87103,5.22828],[6.87103,5.22784],[6.87094,5.22784],[6.87094,5.22739],[6.87103,5.22739],[6.87103,5.22784],[6.87112,5.22784],[6.87112,5.22793],[6.87121,5.22793],[6.87121,5.22775],[6.8713,5.22775],[6.8713,5.22793],[6.87121,5.22793],[6.87121,5.22811],[6.8713,5.22811],[6.8713,5.22802],[6.87139,5.22802],[6.87139,5.22811],[6.87148,5.22811],[6.87148,5.22802],[6.87157,5.22802],[6.87157,5.22819],[6.87166,5.22819],[6.87166,5.22828],[6.87157,5.22828],[6.87157,5.22837],[6.87166,5.22837],[6.87166,5.22855],[6.87157,5.22855],[6.87157,5.22864],[6.87175,5.22864],[6.87175,5.22873],[6.87184,5.22873],[6.87184,5.22882],[6.87175,5.22882],[6.87175,5.22891],[6.87157,5.22891],[6.87157,5.22927],[6.87139,5.22927],[6.87139,5.22963],[6.87148,5.22963],[6.87148,5.22981],[6.87139,5.22981]],[[6.8713,5.22828],[6.87121,5.22828],[6.87121,5.22819],[6.8713,5.22819],[6.8713,5.22828]],[[6.87175,5.22882],[6.87166,5.22882],[6.87166,5.22873],[6.87175,5.22873],[6.87175,5.22882]]]}},{"type":"Feature","properties":{},"geometry":{"geodesic":false,"type":"Polygon","coordinates":[[[6.87184,4.96472],[6.87184,4.96463],[6.87193,4.96463],[6.87193,4.96445],[6.87184,4.96445],[6.87184,4.96454],[6.87166,4.96454],[6.87166,4.96436],[6.87175,4.96436],[6.87175,4.96418],[6.87184,4.96418],[6.87184,4.964],[6.87193,4.964],[6.87193,4.96382],[6.87202,4.96382],[6.87202,4.96373],[6.8722,4.96373],[6.8722,4.96328],[6.87238,4.96328],[6.87238,4.9631],[6.87247,4.9631],[6.87247,4.96301],[6.87256,4.96301],[6.87256,4.9631],[6.87274,4.9631],[6.87274,4.96301],[6.87265,4.96301],[6.87265,4.96292],[6.87274,4.96292],[6.87274,4.96274],[6.87283,4.96274],[6.87283,4.96301],[6.8731,4.96301],[6.8731,4.96319],[6.87301,4.96319],[6.87301,4.96328],[6.87292,4.96328],[6.87292,4.96337],[6.87283,4.96337],[6.87283,4.96346],[6.87274,4.96346],[6.87274,4.96355],[6.87283,4.96355],[6.87283,4.96364],[6.87274,4.96364],[6.87274,4.96373],[6.87265,4.96373],[6.87265,4.96391],[6.87256,4.96391],[6.87256,4.96409],[6.87247,4.96409],[6.87247,4.96427],[6.87229,4.96427],[6.87229,4.96436],[6.8722,4.96436],[6.8722,4.96445],[6.87211,4.96445],[6.87211,4.96454],[6.87202,4.96454],[6.87202,4.96472],[6.87184,4.96472]],[[6.87247,4.96409],[6.87238,4.96409],[6.87238,4.964],[6.87247,4.964],[6.87247,4.96409]]]}},{"type":"Feature","properties":{},"geometry":{"geodesic":false,"type":"Polygon","coordinates":[[[6.8731,5.23835],[6.8731,5.23799],[6.87301,5.23799],[6.87301,5.23745],[6.8731,5.23745],[6.8731,5.23727],[6.87301,5.23727],[6.87301,5.23736],[6.87292,5.23736],[6.87292,5.23727],[6.87301,5.23727],[6.87301,5.23718],[6.87283,5.23718],[6.87283,5.23691],[6.87274,5.23691],[6.87274,5.23682],[6.87265,5.23682],[6.87265,5.23673],[6.87256,5.23673],[6.87256,5.23655],[6.87247,5.23655],[6.87247,5.23637],[6.87256,5.23637],[6.87256,5.23646],[6.87265,5.23646],[6.87265,5.23655],[6.87274,5.23655],[6.87274,5.23646],[6.87283,5.23646],[6.87283,5.23628],[6.87274,5.23628],[6.87274,5.23601],[6.87265,5.23601],[6.87265,5.23583],[6.87256,5.23583],[6.87256,5.23601],[6.87247,5.23601],[6.87247,5.23574],[6.87238,5.23574],[6.87238,5.23556],[6.87247,5.23556],[6.87247,5.23565],[6.87265,5.23565],[6.87265,5.2352],[6.87274,5.2352],[6.87274,5.23547],[6.87283,5.23547],[6.87283,5.23592],[6.87292,5.23592],[6.87292,5.23601],[6.87283,5.23601],[6.87283,5.23619],[6.87292,5.23619],[6.87292,5.23646],[6.87301,5.23646],[6.87301,5.23682],[6.87292,5.23682],[6.87292,5.23709],[6.87301,5.23709],[6.87301,5.23718],[6.8731,5.23718],[6.8731,5.23673],[6.87319,5.23673],[6.87319,5.23664],[6.8731,5.23664],[6.8731,5.23646],[6.87319,5.23646],[6.87319,5.23592],[6.87328,5.23592],[6.87328,5.23556],[6.87346,5.23556],[6.87346,5.23592],[6.87328,5.23592],[6.87328,5.23601],[6.87337,5.23601],[6.87337,5.23628],[6.87346,5.23628],[6.87346,5.23637],[6.87337,5.23637],[6.87337,5.23655],[6.87319,5.23655],[6.87319,5.23664],[6.87337,5.23664],[6.87337,5.23673],[6.87328,5.23673],[6.87328,5.23745],[6.87319,5.23745],[6.87319,5.23754],[6.87328,5.23754],[6.87328,5.23781],[6.87337,5.23781],[6.87337,5.23808],[6.87319,5.23808],[6.87319,5.23835],[6.8731,5.23835]]]}},{"type":"Feature","properties":{},"geometry":{"geodesic":false,"type":"Polygon","coordinates":[[[6.87355,5.17942],[6.87355,5.17933],[6.87337,5.17933],[6.87337,5.17915],[6.87328,5.17915],[6.87328,5.17897],[6.87355,5.17897],[6.87355,5.17888],[6.87364,5.17888],[6.87364,5.17879],[6.87382,5.17879],[6.87382,5.17861],[6.874,5.17861],[6.874,5.17843],[6.87391,5.17843],[6.87391,5.17807],[6.874,5.17807],[6.874,5.17798],[6.87391,5.17798],[6.87391,5.17771],[6.87427,5.17771],[6.87427,5.1778],[6.87418,5.1778],[6.87418,5.17789],[6.87427,5.17789],[6.87427,5.17816],[6.87436,5.17816],[6.87436,5.17834],[6.87445,5.17834],[6.87445,5.17906],[6.87436,5.17906],[6.87436,5.17915],[6.87427,5.17915],[6.87427,5.17924],[6.87409,5.17924],[6.87409,5.17933],[6.87373,5.17933],[6.87373,5.17942],[6.87355,5.17942]],[[6.87373,5.17933],[6.87364,5.17933],[6.87364,5.17924],[6.87373,5.17924],[6.87373,5.17933]]]}},{"type":"Feature","properties":{},"geometry":{"geodesic":false,"type":"Polygon","coordinates":[[[6.87373,4.91262],[6.87373,4.91253],[6.87364,4.91253],[6.87364,4.91262],[6.87355,4.91262],[6.87355,4.91253],[6.87346,4.91253],[6.87346,4.91235],[6.87157,4.91235],[6.87157,4.91253],[6.87148,4.91253],[6.87148,4.91262],[6.86996,4.91262],[6.86996,4.91253],[6.87032,4.91253],[6.87032,4.91244],[6.87058,4.91244],[6.87058,4.91235],[6.87085,4.91235],[6.87085,4.91226],[6.8713,4.91226],[6.8713,4.91217],[6.87139,4.91217],[6.87139,4.91226],[6.87148,4.91226],[6.87148,4.91217],[6.87166,4.91217],[6.87166,4.91226],[6.87184,4.91226],[6.87184,4.91217],[6.87211,4.91217],[6.87211,4.91208],[6.87229,4.91208],[6.87229,4.91199],[6.87247,4.91199],[6.87247,4.91208],[6.87256,4.91208],[6.87256,4.91217],[6.87274,4.91217],[6.87274,4.91226],[6.87337,4.91226],[6.87337,4.91217],[6.87355,4.91217],[6.87355,4.91208],[6.87382,4.91208],[6.87382,4.91199],[6.87391,4.91199],[6.87391,4.91208],[6.87418,4.91208],[6.87418,4.91217],[6.87427,4.91217],[6.87427,4.91208],[6.87436,4.91208],[6.87436,4.91217],[6.87445,4.91217],[6.87445,4.91208],[6.8749,4.91208],[6.8749,4.91199],[6.87517,4.91199],[6.87517,4.9119],[6.87535,4.9119],[6.87535,4.91181],[6.87562,4.91181],[6.87562,4.91163],[6.87571,4.91163],[6.87571,4.91154],[6.8758,4.91154],[6.8758,4.91145],[6.87597,4.91145],[6.87597,4.91127],[6.87633,4.91127],[6.87633,4.91118],[6.87651,4.91118],[6.87651,4.91109],[6.87669,4.91109],[6.87669,4.911],[6.87678,4.911],[6.87678,4.91091],[6.87696,4.91091],[6.87696,4.91064],[6.87705,4.91064],[6.87705,4.91055],[6.87723,4.91055],[6.87723,4.91064],[6.87741,4.91064],[6.87741,4.91055],[6.8775,4.91055],[6.8775,4.91046],[6.87768,4.91046],[6.87768,4.91055],[6.87777,4.91055],[6.87777,4.91073],[6.87786,4.91073],[6.87786,4.91064],[6.87831,4.91064],[6.87831,4.91055],[6.8784,4.91055],[6.8784,4.91064],[6.87849,4.91064],[6.87849,4.91055],[6.87885,4.91055],[6.87885,4.91046],[6.87912,4.91046],[6.87912,4.91037],[6.87957,4.91037],[6.87957,4.91028],[6.87966,4.91028],[6.87966,4.91037],[6.87975,4.91037],[6.87975,4.91028],[6.88002,4.91028],[6.88002,4.91019],[6.8802,4.91019],[6.8802,4.9101],[6.88038,4.9101],[6.88038,4.91001],[6.88047,4.91001],[6.88047,4.90992],[6.88056,4.90992],[6.88056,4.90983],[6.88074,4.90983],[6.88074,4.90974],[6.88083,4.90974],[6.88083,4.90983],[6.88136,4.90983],[6.88136,4.90974],[6.88145,4.90974],[6.88145,4.90965],[6.88154,4.90965],[6.88154,4.90956],[6.88163,4.90956],[6.88163,4.90938],[6.88172,4.90938],[6.88172,4.90929],[6.88181,4.90929],[6.88181,4.90911],[6.88208,4.90911],[6.88208,4.90992],[6.88154,4.90992],[6.88154,4.91019],[6.88047,4.91019],[6.88047,4.91046],[6.87993,4.91046],[6.87993,4.91073],[6.87804,4.91073],[6.87804,4.911],[6.87723,4.911],[6.87723,4.91127],[6.87669,4.91127],[6.87669,4.91154],[6.87615,4.91154],[6.87615,4.91181],[6.87588,4.91181],[6.87588,4.91208],[6.87535,4.91208],[6.87535,4.91235],[6.874,4.91235],[6.874,4.91262],[6.87373,4.91262]],[[6.87238,4.91217],[6.87229,4.91217],[6.87229,4.91208],[6.87238,4.91208],[6.87238,4.91217]],[[6.87391,4.91217],[6.87382,4.91217],[6.87382,4.91208],[6.87391,4.91208],[6.87391,4.91217]],[[6.87256,4.91226],[6.87238,4.91226],[6.87238,4.91217],[6.87256,4.91217],[6.87256,4.91226]]]}},{"type":"Feature","properties":{},"geometry":{"geodesic":false,"type":"Polygon","coordinates":[[[6.874,5.22981],[6.874,5.22972],[6.87382,5.22972],[6.87382,5.22963],[6.87373,5.22963],[6.87373,5.22945],[6.87364,5.22945],[6.87364,5.22954],[6.87346,5.22954],[6.87346,5.22936],[6.87355,5.22936],[6.87355,5.22927],[6.87364,5.22927],[6.87364,5.22918],[6.87355,5.22918],[6.87355,5.22909],[6.87337,5.22909],[6.87337,5.229],[6.87346,5.229],[6.87346,5.22864],[6.87355,5.22864],[6.87355,5.22873],[6.87373,5.22873],[6.87373,5.22882],[6.87382,5.22882],[6.87382,5.22891],[6.874,5.22891],[6.874,5.229],[6.87409,5.229],[6.87409,5.22909],[6.87418,5.22909],[6.87418,5.22927],[6.87427,5.22927],[6.87427,5.22945],[6.87418,5.22945],[6.87418,5.22972],[6.87409,5.22972],[6.87409,5.22981],[6.874,5.22981]],[[6.87364,5.229],[6.87355,5.229],[6.87355,5.22891],[6.87364,5.22891],[6.87364,5.229]]]}},{"type":"Feature","properties":{},"geometry":{"geodesic":false,"type":"Polygon","coordinates":[[[6.87481,5.16585],[6.87481,5.16576],[6.8749,5.16576],[6.8749,5.16567],[6.87463,5.16567],[6.87463,5.16576],[6.87454,5.16576],[6.87454,5.16567],[6.87463,5.16567],[6.87463,5.1654],[6.87454,5.1654],[6.87454,5.16549],[6.87436,5.16549],[6.87436,5.1654],[6.87427,5.1654],[6.87427,5.16549],[6.87409,5.16549],[6.87409,5.16522],[6.874,5.16522],[6.874,5.16513],[6.87409,5.16513],[6.87409,5.16522],[6.87418,5.16522],[6.87418,5.16513],[6.87427,5.16513],[6.87427,5.16504],[6.87436,5.16504],[6.87436,5.16495],[6.87427,5.16495],[6.87427,5.16486],[6.87436,5.16486],[6.87436,5.16477],[6.87445,5.16477],[6.87445,5.16468],[6.87463,5.16468],[6.87463,5.16486],[6.87454,5.16486],[6.87454,5.16495],[6.87463,5.16495],[6.87463,5.16522],[6.87472,5.16522],[6.87472,5.16549],[6.87508,5.16549],[6.87508,5.16558],[6.87526,5.16558],[6.87526,5.16567],[6.87508,5.16567],[6.87508,5.16558],[6.8749,5.16558],[6.8749,5.16567],[6.87499,5.16567],[6.87499,5.16576],[6.8749,5.16576],[6.8749,5.16585],[6.87481,5.16585]],[[6.87463,5.16531],[6.87445,5.16531],[6.87445,5.16522],[6.87463,5.16522],[6.87463,5.16531]]]}},{"type":"Feature","properties":{},"geometry":{"geodesic":false,"type":"Polygon","coordinates":[[[6.87553,5.01359],[6.87553,5.0135],[6.87535,5.0135],[6.87535,5.01359],[6.87517,5.01359],[6.87517,5.0135],[6.87508,5.0135],[6.87508,5.01332],[6.87499,5.01332],[6.87499,5.01341],[6.8749,5.01341],[6.8749,5.01332],[6.87499,5.01332],[6.87499,5.01323],[6.87508,5.01323],[6.87508,5.01305],[6.87517,5.01305],[6.87517,5.01296],[6.87508,5.01296],[6.87508,5.01278],[6.87517,5.01278],[6.87517,5.01269],[6.87526,5.01269],[6.87526,5.0126],[6.87544,5.0126],[6.87544,5.01242],[6.87553,5.01242],[6.87553,5.01233],[6.87562,5.01233],[6.87562,5.01251],[6.8758,5.01251],[6.8758,5.0126],[6.87588,5.0126],[6.87588,5.01278],[6.87597,5.01278],[6.87597,5.01269],[6.87606,5.01269],[6.87606,5.0126],[6.87615,5.0126],[6.87615,5.01251],[6.87624,5.01251],[6.87624,5.01242],[6.87633,5.01242],[6.87633,5.0126],[6.87642,5.0126],[6.87642,5.01296],[6.87633,5.01296],[6.87633,5.01323],[6.87624,5.01323],[6.87624,5.01332],[6.87606,5.01332],[6.87606,5.01341],[6.87597,5.01341],[6.87597,5.0135],[6.87571,5.0135],[6.87571,5.01332],[6.87562,5.01332],[6.87562,5.01341],[6.87553,5.01341],[6.87553,5.0135],[6.87562,5.0135],[6.87562,5.01359],[6.87553,5.01359]],[[6.87597,5.01305],[6.87588,5.01305],[6.87588,5.01287],[6.87597,5.01287],[6.87597,5.01305]],[[6.87571,5.01314],[6.87562,5.01314],[6.87562,5.01296],[6.87571,5.01296],[6.87571,5.01314]],[[6.87517,5.01332],[6.87508,5.01332],[6.87508,5.01323],[6.87517,5.01323],[6.87517,5.01332]]]}},{"type":"Feature","properties":{},"geometry":{"geodesic":false,"type":"Polygon","coordinates":[[[6.8758,4.96086],[6.8758,4.96077],[6.87571,4.96077],[6.87571,4.96068],[6.87562,4.96068],[6.87562,4.96041],[6.87553,4.96041],[6.87553,4.96023],[6.87571,4.96023],[6.87571,4.96005],[6.87642,4.96005],[6.87642,4.9605],[6.87633,4.9605],[6.87633,4.96059],[6.87615,4.96059],[6.87615,4.96068],[6.87606,4.96068],[6.87606,4.96059],[6.87597,4.96059],[6.87597,4.96086],[6.8758,4.96086]]]}},{"type":"Feature","properties":{},"geometry":{"geodesic":false,"type":"Polygon","coordinates":[[[6.87597,5.01215],[6.87597,5.01206],[6.87588,5.01206],[6.87588,5.01197],[6.8758,5.01197],[6.8758,5.01161],[6.87588,5.01161],[6.87588,5.01125],[6.8758,5.01125],[6.8758,5.0108],[6.87597,5.0108],[6.87597,5.01062],[6.87624,5.01062],[6.87624,5.01053],[6.87633,5.01053],[6.87633,5.01035],[6.87624,5.01035],[6.87624,5.01044],[6.87615,5.01044],[6.87615,5.01026],[6.87624,5.01026],[6.87624,5.01017],[6.87633,5.01017],[6.87633,5.01008],[6.87651,5.01008],[6.87651,5.0099],[6.87687,5.0099],[6.87687,5.00981],[6.87696,5.00981],[6.87696,5.0099],[6.87705,5.0099],[6.87705,5.00999],[6.87714,5.00999],[6.87714,5.0099],[6.87723,5.0099],[6.87723,5.00999],[6.87741,5.00999],[6.87741,5.0099],[6.87759,5.0099],[6.87759,5.01008],[6.87768,5.01008],[6.87768,5.01053],[6.87759,5.01053],[6.87759,5.0108],[6.8775,5.0108],[6.8775,5.01098],[6.87741,5.01098],[6.87741,5.01116],[6.87732,5.01116],[6.87732,5.01152],[6.87723,5.01152],[6.87723,5.0117],[6.87714,5.0117],[6.87714,5.01179],[6.87669,5.01179],[6.87669,5.01188],[6.8766,5.01188],[6.8766,5.01197],[6.87642,5.01197],[6.87642,5.01206],[6.87615,5.01206],[6.87615,5.01215],[6.87597,5.01215]],[[6.87723,5.01026],[6.87714,5.01026],[6.87714,5.01017],[6.87723,5.01017],[6.87723,5.01026]],[[6.87714,5.01062],[6.87705,5.01062],[6.87705,5.01053],[6.87714,5.01053],[6.87714,5.01062]],[[6.87705,5.0108],[6.87696,5.0108],[6.87696,5.01062],[6.87705,5.01062],[6.87705,5.0108]],[[6.87687,5.01107],[6.87678,5.01107],[6.87678,5.01089],[6.87687,5.01089],[6.87687,5.0108],[6.87696,5.0108],[6.87696,5.01098],[6.87687,5.01098],[6.87687,5.01107]],[[6.87678,5.01143],[6.8766,5.01143],[6.8766,5.01125],[6.87669,5.01125],[6.87669,5.01107],[6.87678,5.01107],[6.87678,5.01143]]]}},{"type":"Feature","properties":{},"geometry":{"geodesic":false,"type":"Polygon","coordinates":[[[6.87786,5.15929],[6.87786,5.1592],[6.87777,5.1592],[6.87777,5.15911],[6.87741,5.15911],[6.87741,5.15902],[6.8775,5.15902],[6.8775,5.15893],[6.87732,5.15893],[6.87732,5.15902],[6.87714,5.15902],[6.87714,5.15893],[6.87696,5.15893],[6.87696,5.15885],[6.87705,5.15885],[6.87705,5.15876],[6.87714,5.15876],[6.87714,5.15867],[6.87705,5.15867],[6.87705,5.15858],[6.87714,5.15858],[6.87714,5.15867],[6.87732,5.15867],[6.87732,5.15876],[6.87723,5.15876],[6.87723,5.15893],[6.87732,5.15893],[6.87732,5.15885],[6.87759,5.15885],[6.87759,5.15858],[6.87768,5.15858],[6.87768,5.15849],[6.87777,5.15849],[6.87777,5.15858],[6.87786,5.15858],[6.87786,5.1584],[6.87759,5.1584],[6.87759,5.15831],[6.8775,5.15831],[6.8775,5.15822],[6.87741,5.15822],[6.87741,5.15795],[6.87786,5.15795],[6.87786,5.15786],[6.87777,5.15786],[6.87777,5.15777],[6.87786,5.15777],[6.87786,5.15759],[6.87804,5.15759],[6.87804,5.1575],[6.87831,5.1575],[6.87831,5.15759],[6.87822,5.15759],[6.87822,5.15768],[6.87831,5.15768],[6.87831,5.15777],[6.87822,5.15777],[6.87822,5.15795],[6.8784,5.15795],[6.8784,5.15804],[6.87831,5.15804],[6.87831,5.15813],[6.87822,5.15813],[6.87822,5.15822],[6.87813,5.15822],[6.87813,5.15831],[6.87831,5.15831],[6.87831,5.1584],[6.87813,5.1584],[6.87813,5.15849],[6.87795,5.15849],[6.87795,5.15867],[6.87804,5.15867],[6.87804,5.15858],[6.87831,5.15858],[6.87831,5.15885],[6.87822,5.15885],[6.87822,5.15893],[6.87831,5.15893],[6.87831,5.15902],[6.87813,5.15902],[6.87813,5.15911],[6.87804,5.15911],[6.87804,5.1592],[6.87795,5.1592],[6.87795,5.15929],[6.87786,5.15929]],[[6.87813,5.15768],[6.87804,5.15768],[6.87804,5.15759],[6.87813,5.15759],[6.87813,5.15768]],[[6.87795,5.15804],[6.87786,5.15804],[6.87786,5.15795],[6.87795,5.15795],[6.87795,5.15804]]]}},{"type":"Feature","properties":{},"geometry":{"geodesic":false,"type":"Polygon","coordinates":[[[6.87822,5.15669],[6.87822,5.1566],[6.87804,5.1566],[6.87804,5.15669],[6.87795,5.15669],[6.87795,5.1566],[6.87786,5.1566],[6.87786,5.15669],[6.87768,5.15669],[6.87768,5.1566],[6.87777,5.1566],[6.87777,5.15651],[6.87768,5.15651],[6.87768,5.15642],[6.87759,5.15642],[6.87759,5.15633],[6.8775,5.15633],[6.8775,5.15651],[6.87741,5.15651],[6.87741,5.1566],[6.87732,5.1566],[6.87732,5.15642],[6.87723,5.15642],[6.87723,5.15633],[6.87705,5.15633],[6.87705,5.15642],[6.87696,5.15642],[6.87696,5.15633],[6.87705,5.15633],[6.87705,5.15624],[6.87714,5.15624],[6.87714,5.15615],[6.87696,5.15615],[6.87696,5.15606],[6.87714,5.15606],[6.87714,5.15588],[6.87705,5.15588],[6.87705,5.15579],[6.87714,5.15579],[6.87714,5.15588],[6.87723,5.15588],[6.87723,5.15579],[6.87732,5.15579],[6.87732,5.15561],[6.87741,5.15561],[6.87741,5.15552],[6.8775,5.15552],[6.8775,5.15543],[6.87759,5.15543],[6.87759,5.15552],[6.87768,5.15552],[6.87768,5.15543],[6.87777,5.15543],[6.87777,5.15579],[6.87786,5.15579],[6.87786,5.1557],[6.87795,5.1557],[6.87795,5.15579],[6.87813,5.15579],[6.87813,5.15597],[6.87804,5.15597],[6.87804,5.15606],[6.87813,5.15606],[6.87813,5.15615],[6.87831,5.15615],[6.87831,5.15624],[6.8784,5.15624],[6.8784,5.15606],[6.87849,5.15606],[6.87849,5.15615],[6.87858,5.15615],[6.87858,5.15624],[6.87849,5.15624],[6.87849,5.15633],[6.8784,5.15633],[6.8784,5.15642],[6.87849,5.15642],[6.87849,5.15651],[6.8784,5.15651],[6.8784,5.1566],[6.87831,5.1566],[6.87831,5.15669],[6.87822,5.15669]],[[6.87777,5.15588],[6.87768,5.15588],[6.87768,5.15579],[6.87777,5.15579],[6.87777,5.15588]],[[6.87795,5.15606],[6.87786,5.15606],[6.87786,5.15597],[6.87795,5.15597],[6.87795,5.15606]],[[6.87804,5.15624],[6.87795,5.15624],[6.87795,5.15615],[6.87804,5.15615],[6.87804,5.15624]],[[6.87732,5.15633],[6.87723,5.15633],[6.87723,5.15624],[6.87732,5.15624],[6.87732,5.15633]],[[6.87777,5.15642],[6.87768,5.15642],[6.87768,5.15633],[6.87777,5.15633],[6.87777,5.15642]],[[6.87795,5.15642],[6.87786,5.15642],[6.87786,5.15633],[6.87795,5.15633],[6.87795,5.15642]],[[6.87804,5.1566],[6.87795,5.1566],[6.87795,5.15651],[6.87804,5.15651],[6.87804,5.1566]]]}},{"type":"Feature","properties":{},"geometry":{"geodesic":false,"type":"Polygon","coordinates":[[[6.87822,5.184],[6.87822,5.18373],[6.87795,5.18373],[6.87795,5.18364],[6.87786,5.18364],[6.87786,5.18346],[6.87777,5.18346],[6.87777,5.18382],[6.8775,5.18382],[6.8775,5.18346],[6.87759,5.18346],[6.87759,5.18337],[6.87786,5.18337],[6.87786,5.18328],[6.87795,5.18328],[6.87795,5.18337],[6.87804,5.18337],[6.87804,5.18319],[6.87777,5.18319],[6.87777,5.1831],[6.87759,5.1831],[6.87759,5.18301],[6.8775,5.18301],[6.8775,5.18292],[6.87732,5.18292],[6.87732,5.18283],[6.87723,5.18283],[6.87723,5.18274],[6.87696,5.18274],[6.87696,5.18256],[6.87687,5.18256],[6.87687,5.18265],[6.87678,5.18265],[6.87678,5.18274],[6.87651,5.18274],[6.87651,5.18283],[6.87642,5.18283],[6.87642,5.18292],[6.87633,5.18292],[6.87633,5.18301],[6.87597,5.18301],[6.87597,5.18283],[6.87606,5.18283],[6.87606,5.18274],[6.87615,5.18274],[6.87615,5.18256],[6.87633,5.18256],[6.87633,5.18247],[6.8766,5.18247],[6.8766,5.18256],[6.87678,5.18256],[6.87678,5.18247],[6.87705,5.18247],[6.87705,5.18238],[6.87732,5.18238],[6.87732,5.18247],[6.87741,5.18247],[6.87741,5.18256],[6.87759,5.18256],[6.87759,5.18265],[6.87777,5.18265],[6.87777,5.18292],[6.87768,5.18292],[6.87768,5.18301],[6.87777,5.18301],[6.87777,5.1831],[6.87795,5.1831],[6.87795,5.18301],[6.87804,5.18301],[6.87804,5.1831],[6.87813,5.1831],[6.87813,5.18301],[6.87822,5.18301],[6.87822,5.18292],[6.8784,5.18292],[6.8784,5.18301],[6.87849,5.18301],[6.87849,5.18283],[6.87867,5.18283],[6.87867,5.1831],[6.87858,5.1831],[6.87858,5.18337],[6.8784,5.18337],[6.8784,5.18355],[6.87849,5.18355],[6.87849,5.18373],[6.87858,5.18373],[6.87858,5.184],[6.87822,5.184]],[[6.8784,5.18319],[6.87831,5.18319],[6.87831,5.1831],[6.8784,5.1831],[6.8784,5.18319]]]}},{"type":"Feature","properties":{},"geometry":{"geodesic":false,"type":"Polygon","coordinates":[[[6.87894,5.15902],[6.87894,5.15893],[6.87885,5.15893],[6.87885,5.15885],[6.87867,5.15885],[6.87867,5.15876],[6.87849,5.15876],[6.87849,5.15849],[6.87867,5.15849],[6.87867,5.1584],[6.87876,5.1584],[6.87876,5.15831],[6.87867,5.15831],[6.87867,5.15786],[6.87858,5.15786],[6.87858,5.15777],[6.87849,5.15777],[6.87849,5.15786],[6.8784,5.15786],[6.8784,5.15777],[6.87849,5.15777],[6.87849,5.15768],[6.87858,5.15768],[6.87858,5.15777],[6.87867,5.15777],[6.87867,5.15786],[6.87876,5.15786],[6.87876,5.15777],[6.87894,5.15777],[6.87894,5.15786],[6.87903,5.15786],[6.87903,5.15795],[6.8793,5.15795],[6.8793,5.15813],[6.87912,5.15813],[6.87912,5.15822],[6.87903,5.15822],[6.87903,5.1584],[6.87894,5.1584],[6.87894,5.15831],[6.87885,5.15831],[6.87885,5.1584],[6.87876,5.1584],[6.87876,5.15849],[6.87903,5.15849],[6.87903,5.15858],[6.87912,5.15858],[6.87912,5.15876],[6.87894,5.15876],[6.87894,5.15885],[6.87903,5.15885],[6.87903,5.15902],[6.87894,5.15902]],[[6.87885,5.15804],[6.87876,5.15804],[6.87876,5.15795],[6.87885,5.15795],[6.87885,5.15804]],[[6.87867,5.15867],[6.87858,5.15867],[6.87858,5.15858],[6.87867,5.15858],[6.87867,5.15867]]]}},{"type":"Feature","properties":{},"geometry":{"geodesic":false,"type":"Polygon","coordinates":[[[6.87966,5.08042],[6.87966,5.08033],[6.87975,5.08033],[6.87975,5.08024],[6.87966,5.08024],[6.87966,5.08006],[6.87948,5.08006],[6.87948,5.07997],[6.8793,5.07997],[6.8793,5.08006],[6.87885,5.08006],[6.87885,5.07997],[6.87894,5.07997],[6.87894,5.07988],[6.87903,5.07988],[6.87903,5.07961],[6.87912,5.07961],[6.87912,5.07943],[6.87903,5.07943],[6.87903,5.07934],[6.87885,5.07934],[6.87885,5.07961],[6.87876,5.07961],[6.87876,5.0797],[6.87858,5.0797],[6.87858,5.07952],[6.87849,5.07952],[6.87849,5.07934],[6.87867,5.07934],[6.87867,5.07916],[6.87876,5.07916],[6.87876,5.07925],[6.87903,5.07925],[6.87903,5.07916],[6.87894,5.07916],[6.87894,5.07907],[6.87903,5.07907],[6.87903,5.07898],[6.87912,5.07898],[6.87912,5.07889],[6.87921,5.07889],[6.87921,5.07881],[6.8793,5.07881],[6.8793,5.07872],[6.87939,5.07872],[6.87939,5.07854],[6.87948,5.07854],[6.87948,5.07845],[6.87939,5.07845],[6.87939,5.07836],[6.8793,5.07836],[6.8793,5.07818],[6.87939,5.07818],[6.87939,5.07791],[6.87948,5.07791],[6.87948,5.07782],[6.87957,5.07782],[6.87957,5.07773],[6.87966,5.07773],[6.87966,5.07746],[6.87984,5.07746],[6.87984,5.07728],[6.88002,5.07728],[6.88002,5.07719],[6.88029,5.07719],[6.88029,5.0771],[6.88101,5.0771],[6.88101,5.07728],[6.8811,5.07728],[6.8811,5.07746],[6.88127,5.07746],[6.88127,5.07764],[6.88136,5.07764],[6.88136,5.07773],[6.88118,5.07773],[6.88118,5.07791],[6.8811,5.07791],[6.8811,5.07782],[6.88101,5.07782],[6.88101,5.07791],[6.88092,5.07791],[6.88092,5.078],[6.88083,5.078],[6.88083,5.07809],[6.88118,5.07809],[6.88118,5.07818],[6.88127,5.07818],[6.88127,5.07809],[6.88136,5.07809],[6.88136,5.07818],[6.88127,5.07818],[6.88127,5.07827],[6.88101,5.07827],[6.88101,5.07836],[6.88092,5.07836],[6.88092,5.07845],[6.88065,5.07845],[6.88065,5.07854],[6.88047,5.07854],[6.88047,5.07863],[6.88056,5.07863],[6.88056,5.07872],[6.88047,5.07872],[6.88047,5.07863],[6.88029,5.07863],[6.88029,5.07854],[6.8802,5.07854],[6.8802,5.07872],[6.88011,5.07872],[6.88011,5.07881],[6.88029,5.07881],[6.88029,5.07889],[6.88038,5.07889],[6.88038,5.07907],[6.88029,5.07907],[6.88029,5.07916],[6.88047,5.07916],[6.88047,5.07925],[6.88038,5.07925],[6.88038,5.07934],[6.88029,5.07934],[6.88029,5.07916],[6.8802,5.07916],[6.8802,5.07898],[6.88011,5.07898],[6.88011,5.07916],[6.88002,5.07916],[6.88002,5.07925],[6.87993,5.07925],[6.87993,5.07961],[6.8802,5.07961],[6.8802,5.0797],[6.88029,5.0797],[6.88029,5.07988],[6.88038,5.07988],[6.88038,5.08006],[6.88029,5.08006],[6.88029,5.08015],[6.8802,5.08015],[6.8802,5.08024],[6.88011,5.08024],[6.88011,5.08015],[6.88002,5.08015],[6.88002,5.08024],[6.87984,5.08024],[6.87984,5.08033],[6.87975,5.08033],[6.87975,5.08042],[6.87966,5.08042]],[[6.88083,5.07818],[6.88074,5.07818],[6.88074,5.07809],[6.88083,5.07809],[6.88083,5.07818]],[[6.8793,5.07988],[6.87912,5.07988],[6.87912,5.0797],[6.8793,5.0797],[6.8793,5.07988]],[[6.87912,5.07997],[6.87903,5.07997],[6.87903,5.07988],[6.87912,5.07988],[6.87912,5.07997]]]}},{"type":"Feature","properties":{},"geometry":{"geodesic":false,"type":"Polygon","coordinates":[[[6.87975,5.20789],[6.87975,5.20771],[6.87966,5.20771],[6.87966,5.20762],[6.87975,5.20762],[6.87975,5.20735],[6.87939,5.20735],[6.87939,5.20753],[6.87912,5.20753],[6.87912,5.20744],[6.87921,5.20744],[6.87921,5.20735],[6.87903,5.20735],[6.87903,5.20744],[6.87876,5.20744],[6.87876,5.20735],[6.87885,5.20735],[6.87885,5.20726],[6.87894,5.20726],[6.87894,5.20717],[6.87903,5.20717],[6.87903,5.20708],[6.87912,5.20708],[6.87912,5.20699],[6.87948,5.20699],[6.87948,5.20708],[6.87957,5.20708],[6.87957,5.20726],[6.87966,5.20726],[6.87966,5.20717],[6.87993,5.20717],[6.87993,5.20735],[6.88002,5.20735],[6.88002,5.20726],[6.88011,5.20726],[6.88011,5.20735],[6.8802,5.20735],[6.8802,5.20744],[6.88029,5.20744],[6.88029,5.20753],[6.8802,5.20753],[6.8802,5.20762],[6.88011,5.20762],[6.88011,5.20771],[6.88002,5.20771],[6.88002,5.20762],[6.88011,5.20762],[6.88011,5.20753],[6.8802,5.20753],[6.8802,5.20744],[6.88002,5.20744],[6.88002,5.20753],[6.87993,5.20753],[6.87993,5.20762],[6.87984,5.20762],[6.87984,5.20771],[6.87993,5.20771],[6.87993,5.20789],[6.87975,5.20789]]]}},{"type":"Feature","properties":{},"geometry":{"geodesic":false,"type":"Polygon","coordinates":[[[6.88029,5.19478],[6.88029,5.19469],[6.88011,5.19469],[6.88011,5.1946],[6.87984,5.1946],[6.87984,5.19451],[6.87975,5.19451],[6.87975,5.19442],[6.87966,5.19442],[6.87966,5.19433],[6.87957,5.19433],[6.87957,5.19424],[6.87948,5.19424],[6.87948,5.19415],[6.87939,5.19415],[6.87939,5.19397],[6.8793,5.19397],[6.8793,5.19388],[6.87912,5.19388],[6.87912,5.1937],[6.87903,5.1937],[6.87903,5.19361],[6.87885,5.19361],[6.87885,5.19352],[6.87867,5.19352],[6.87867,5.19334],[6.87858,5.19334],[6.87858,5.19325],[6.87849,5.19325],[6.87849,5.19316],[6.87858,5.19316],[6.87858,5.19325],[6.87876,5.19325],[6.87876,5.19334],[6.87885,5.19334],[6.87885,5.19343],[6.87903,5.19343],[6.87903,5.19352],[6.87912,5.19352],[6.87912,5.19334],[6.87903,5.19334],[6.87903,5.19325],[6.87894,5.19325],[6.87894,5.19316],[6.87885,5.19316],[6.87885,5.19307],[6.87876,5.19307],[6.87876,5.19298],[6.87867,5.19298],[6.87867,5.19289],[6.87849,5.19289],[6.87849,5.1928],[6.87858,5.1928],[6.87858,5.19271],[6.87867,5.19271],[6.87867,5.19262],[6.87921,5.19262],[6.87921,5.19271],[6.8793,5.19271],[6.8793,5.1928],[6.87948,5.1928],[6.87948,5.19289],[6.87957,5.19289],[6.87957,5.19298],[6.87966,5.19298],[6.87966,5.19316],[6.87975,5.19316],[6.87975,5.19325],[6.87984,5.19325],[6.87984,5.19343],[6.87948,5.19343],[6.87948,5.1937],[6.87957,5.1937],[6.87957,5.19379],[6.87966,5.19379],[6.87966,5.19388],[6.87957,5.19388],[6.87957,5.19397],[6.87948,5.19397],[6.87948,5.19406],[6.87966,5.19406],[6.87966,5.19397],[6.87984,5.19397],[6.87984,5.19388],[6.88029,5.19388],[6.88029,5.19397],[6.88038,5.19397],[6.88038,5.19415],[6.88065,5.19415],[6.88065,5.19442],[6.88056,5.19442],[6.88056,5.19451],[6.88047,5.19451],[6.88047,5.19442],[6.88038,5.19442],[6.88038,5.19478],[6.88029,5.19478]]]}},{"type":"Feature","properties":{},"geometry":{"geodesic":false,"type":"Polygon","coordinates":[[[6.88101,5.15139],[6.88101,5.1513],[6.88074,5.1513],[6.88074,5.15121],[6.88065,5.15121],[6.88065,5.15103],[6.88083,5.15103],[6.88083,5.15094],[6.88092,5.15094],[6.88092,5.15085],[6.88074,5.15085],[6.88074,5.15076],[6.88065,5.15076],[6.88065,5.15067],[6.88074,5.15067],[6.88074,5.15049],[6.88083,5.15049],[6.88083,5.1504],[6.88101,5.1504],[6.88101,5.15049],[6.8811,5.15049],[6.8811,5.15058],[6.88127,5.15058],[6.88127,5.15067],[6.88136,5.15067],[6.88136,5.15076],[6.88145,5.15076],[6.88145,5.15112],[6.88127,5.15112],[6.88127,5.15103],[6.8811,5.15103],[6.8811,5.15112],[6.88118,5.15112],[6.88118,5.15139],[6.88101,5.15139]],[[6.88101,5.15112],[6.88092,5.15112],[6.88092,5.15103],[6.88101,5.15103],[6.88101,5.15112]]]}},{"type":"Feature","properties":{},"geometry":{"geodesic":false,"type":"Polygon","coordinates":[[[6.8811,5.19271],[6.8811,5.19262],[6.88101,5.19262],[6.88101,5.19271],[6.88083,5.19271],[6.88083,5.19262],[6.88074,5.19262],[6.88074,5.19244],[6.88092,5.19244],[6.88092,5.19235],[6.88083,5.19235],[6.88083,5.19226],[6.88092,5.19226],[6.88092,5.19199],[6.88127,5.19199],[6.88127,5.1919],[6.88136,5.1919],[6.88136,5.19181],[6.88163,5.19181],[6.88163,5.1919],[6.88154,5.1919],[6.88154,5.19208],[6.88145,5.19208],[6.88145,5.19235],[6.88172,5.19235],[6.88172,5.19226],[6.88181,5.19226],[6.88181,5.19244],[6.88172,5.19244],[6.88172,5.19253],[6.88163,5.19253],[6.88163,5.19262],[6.88118,5.19262],[6.88118,5.19271],[6.8811,5.19271]],[[6.88136,5.19226],[6.88127,5.19226],[6.88127,5.19217],[6.88136,5.19217],[6.88136,5.19226]]]}},{"type":"Feature","properties":{},"geometry":{"geodesic":false,"type":"Polygon","coordinates":[[[6.8811,5.14771],[6.8811,5.14735],[6.88101,5.14735],[6.88101,5.14726],[6.8811,5.14726],[6.8811,5.14717],[6.88136,5.14717],[6.88136,5.14699],[6.88145,5.14699],[6.88145,5.1469],[6.88136,5.1469],[6.88136,5.14672],[6.88163,5.14672],[6.88163,5.14654],[6.88172,5.14654],[6.88172,5.14645],[6.88181,5.14645],[6.88181,5.14627],[6.8819,5.14627],[6.8819,5.14618],[6.88208,5.14618],[6.88208,5.14609],[6.88226,5.14609],[6.88226,5.14627],[6.88235,5.14627],[6.88235,5.14663],[6.88244,5.14663],[6.88244,5.14645],[6.88262,5.14645],[6.88262,5.14618],[6.88271,5.14618],[6.88271,5.14627],[6.88298,5.14627],[6.88298,5.14636],[6.88307,5.14636],[6.88307,5.14618],[6.88316,5.14618],[6.88316,5.14627],[6.88325,5.14627],[6.88325,5.14636],[6.88316,5.14636],[6.88316,5.14645],[6.88307,5.14645],[6.88307,5.14654],[6.88316,5.14654],[6.88316,5.14663],[6.88352,5.14663],[6.88352,5.14672],[6.88361,5.14672],[6.88361,5.1469],[6.8837,5.1469],[6.8837,5.14699],[6.88379,5.14699],[6.88379,5.1469],[6.88388,5.1469],[6.88388,5.14699],[6.88379,5.14699],[6.88379,5.14708],[6.88388,5.14708],[6.88388,5.14726],[6.8837,5.14726],[6.8837,5.14735],[6.88379,5.14735],[6.88379,5.14744],[6.88343,5.14744],[6.88343,5.14753],[6.88334,5.14753],[6.88334,5.14744],[6.88307,5.14744],[6.88307,5.14753],[6.88298,5.14753],[6.88298,5.14735],[6.88316,5.14735],[6.88316,5.14717],[6.88298,5.14717],[6.88298,5.14708],[6.88307,5.14708],[6.88307,5.14699],[6.88298,5.14699],[6.88298,5.1469],[6.8828,5.1469],[6.8828,5.14681],[6.88271,5.14681],[6.88271,5.1469],[6.88262,5.1469],[6.88262,5.14708],[6.88271,5.14708],[6.88271,5.14735],[6.88262,5.14735],[6.88262,5.14744],[6.88235,5.14744],[6.88235,5.14762],[6.88217,5.14762],[6.88217,5.14753],[6.88208,5.14753],[6.88208,5.14744],[6.88217,5.14744],[6.88217,5.14735],[6.88181,5.14735],[6.88181,5.14726],[6.88163,5.14726],[6.88163,5.14735],[6.88172,5.14735],[6.88172,5.14744],[6.88154,5.14744],[6.88154,5.14753],[6.88136,5.14753],[6.88136,5.14762],[6.88127,5.14762],[6.88127,5.14771],[6.8811,5.14771]],[[6.88307,5.14663],[6.88298,5.14663],[6.88298,5.14654],[6.88307,5.14654],[6.88307,5.14663]],[[6.8819,5.14672],[6.88181,5.14672],[6.88181,5.14663],[6.88172,5.14663],[6.88172,5.14654],[6.88181,5.14654],[6.88181,5.14645],[6.8819,5.14645],[6.8819,5.14636],[6.88199,5.14636],[6.88199,5.14654],[6.8819,5.14654],[6.8819,5.14672]],[[6.88262,5.14681],[6.88253,5.14681],[6.88253,5.14654],[6.88262,5.14654],[6.88262,5.14681]],[[6.88316,5.1469],[6.88307,5.1469],[6.88307,5.14681],[6.88316,5.14681],[6.88316,5.1469]],[[6.88208,5.14717],[6.88199,5.14717],[6.88199,5.14708],[6.8819,5.14708],[6.8819,5.14699],[6.88181,5.14699],[6.88181,5.1469],[6.88208,5.1469],[6.88208,5.14717]],[[6.88244,5.14717],[6.88235,5.14717],[6.88235,5.14708],[6.88244,5.14708],[6.88244,5.14717]],[[6.88235,5.14735],[6.88226,5.14735],[6.88226,5.14717],[6.88235,5.14717],[6.88235,5.14735]],[[6.88352,5.14735],[6.88343,5.14735],[6.88343,5.14717],[6.88352,5.14717],[6.88352,5.14735]]]}},{"type":"Feature","properties":{},"geometry":{"geodesic":false,"type":"Polygon","coordinates":[[[6.8811,5.15507],[6.8811,5.15498],[6.88101,5.15498],[6.88101,5.15489],[6.8811,5.15489],[6.8811,5.1548],[6.88092,5.1548],[6.88092,5.15471],[6.88056,5.15471],[6.88056,5.15462],[6.88074,5.15462],[6.88074,5.15453],[6.88065,5.15453],[6.88065,5.15444],[6.88083,5.15444],[6.88083,5.15453],[6.88092,5.15453],[6.88092,5.15471],[6.88101,5.15471],[6.88101,5.15444],[6.88092,5.15444],[6.88092,5.15435],[6.8811,5.15435],[6.8811,5.15399],[6.88118,5.15399],[6.88118,5.1539],[6.88083,5.1539],[6.88083,5.15399],[6.88074,5.15399],[6.88074,5.15363],[6.88083,5.15363],[6.88083,5.15346],[6.88074,5.15346],[6.88074,5.15337],[6.88056,5.15337],[6.88056,5.15346],[6.88065,5.15346],[6.88065,5.15354],[6.88056,5.15354],[6.88056,5.15363],[6.88047,5.15363],[6.88047,5.15354],[6.88038,5.15354],[6.88038,5.15337],[6.8802,5.15337],[6.8802,5.15292],[6.88038,5.15292],[6.88038,5.15283],[6.88047,5.15283],[6.88047,5.15292],[6.88056,5.15292],[6.88056,5.15283],[6.88065,5.15283],[6.88065,5.15274],[6.88083,5.15274],[6.88083,5.15256],[6.88074,5.15256],[6.88074,5.15247],[6.88083,5.15247],[6.88083,5.1522],[6.88074,5.1522],[6.88074,5.15229],[6.88065,5.15229],[6.88065,5.1522],[6.88056,5.1522],[6.88056,5.15202],[6.88065,5.15202],[6.88065,5.15193],[6.88074,5.15193],[6.88074,5.15184],[6.88083,5.15184],[6.88083,5.15193],[6.88092,5.15193],[6.88092,5.15202],[6.88083,5.15202],[6.88083,5.1522],[6.88101,5.1522],[6.88101,5.15211],[6.8811,5.15211],[6.8811,5.15229],[6.88118,5.15229],[6.88118,5.1522],[6.88136,5.1522],[6.88136,5.15211],[6.88145,5.15211],[6.88145,5.15193],[6.88154,5.15193],[6.88154,5.15184],[6.8819,5.15184],[6.8819,5.15202],[6.88199,5.15202],[6.88199,5.15184],[6.88208,5.15184],[6.88208,5.15175],[6.88226,5.15175],[6.88226,5.15184],[6.88217,5.15184],[6.88217,5.15202],[6.88199,5.15202],[6.88199,5.15211],[6.8819,5.15211],[6.8819,5.15229],[6.88208,5.15229],[6.88208,5.15247],[6.88199,5.15247],[6.88199,5.15238],[6.8819,5.15238],[6.8819,5.15265],[6.88172,5.15265],[6.88172,5.15274],[6.88163,5.15274],[6.88163,5.15283],[6.88154,5.15283],[6.88154,5.15292],[6.88172,5.15292],[6.88172,5.15319],[6.88154,5.15319],[6.88154,5.15328],[6.88145,5.15328],[6.88145,5.15337],[6.88154,5.15337],[6.88154,5.15354],[6.88145,5.15354],[6.88145,5.15363],[6.88172,5.15363],[6.88172,5.15346],[6.88181,5.15346],[6.88181,5.15337],[6.8819,5.15337],[6.8819,5.1531],[6.88199,5.1531],[6.88199,5.15292],[6.8819,5.15292],[6.8819,5.15283],[6.88199,5.15283],[6.88199,5.15292],[6.88208,5.15292],[6.88208,5.1531],[6.88226,5.1531],[6.88226,5.15292],[6.88235,5.15292],[6.88235,5.15301],[6.88244,5.15301],[6.88244,5.1531],[6.8828,5.1531],[6.8828,5.15301],[6.88289,5.15301],[6.88289,5.15292],[6.88298,5.15292],[6.88298,5.15301],[6.88307,5.15301],[6.88307,5.15292],[6.88316,5.15292],[6.88316,5.15337],[6.88325,5.15337],[6.88325,5.15346],[6.88334,5.15346],[6.88334,5.15337],[6.88343,5.15337],[6.88343,5.15354],[6.88352,5.15354],[6.88352,5.15363],[6.88343,5.15363],[6.88343,5.15381],[6.88334,5.15381],[6.88334,5.1539],[6.88325,5.1539],[6.88325,5.15399],[6.88343,5.15399],[6.88343,5.1539],[6.8837,5.1539],[6.8837,5.15399],[6.88361,5.15399],[6.88361,5.15417],[6.88352,5.15417],[6.88352,5.15426],[6.88334,5.15426],[6.88334,5.15435],[6.8828,5.15435],[6.8828,5.15426],[6.88271,5.15426],[6.88271,5.1539],[6.8828,5.1539],[6.8828,5.15381],[6.88271,5.15381],[6.88271,5.15372],[6.88244,5.15372],[6.88244,5.15381],[6.88235,5.15381],[6.88235,5.15408],[6.88226,5.15408],[6.88226,5.15399],[6.88199,5.15399],[6.88199,5.15417],[6.88163,5.15417],[6.88163,5.15399],[6.88154,5.15399],[6.88154,5.1539],[6.88127,5.1539],[6.88127,5.15408],[6.88136,5.15408],[6.88136,5.15444],[6.88145,5.15444],[6.88145,5.15426],[6.88154,5.15426],[6.88154,5.15435],[6.88163,5.15435],[6.88163,5.15444],[6.88145,5.15444],[6.88145,5.15462],[6.88136,5.15462],[6.88136,5.15507],[6.8811,5.15507]],[[6.88172,5.15247],[6.88145,5.15247],[6.88145,5.15229],[6.88172,5.15229],[6.88172,5.15247]],[[6.88145,5.15256],[6.88136,5.15256],[6.88136,5.15247],[6.88145,5.15247],[6.88145,5.15256]],[[6.88181,5.15256],[6.88172,5.15256],[6.88172,5.15247],[6.88181,5.15247],[6.88181,5.15256]],[[6.88101,5.15274],[6.88092,5.15274],[6.88092,5.15265],[6.88101,5.15265],[6.88101,5.15274]],[[6.88136,5.15274],[6.8811,5.15274],[6.8811,5.15247],[6.88118,5.15247],[6.88118,5.15256],[6.88136,5.15256],[6.88136,5.15274]],[[6.88092,5.15283],[6.88083,5.15283],[6.88083,5.15274],[6.88092,5.15274],[6.88092,5.15283]],[[6.88145,5.15292],[6.88136,5.15292],[6.88136,5.15283],[6.88145,5.15283],[6.88145,5.15292]],[[6.88065,5.15301],[6.88056,5.15301],[6.88056,5.15292],[6.88065,5.15292],[6.88065,5.15301]],[[6.88163,5.1531],[6.88154,5.1531],[6.88154,5.15301],[6.88163,5.15301],[6.88163,5.1531]],[[6.88038,5.15319],[6.88029,5.15319],[6.88029,5.1531],[6.88038,5.1531],[6.88038,5.15319]],[[6.88047,5.15337],[6.88038,5.15337],[6.88038,5.15319],[6.88047,5.15319],[6.88047,5.15337]],[[6.88092,5.15337],[6.88083,5.15337],[6.88083,5.15328],[6.88092,5.15328],[6.88092,5.15337]],[[6.88127,5.15337],[6.88118,5.15337],[6.88118,5.15328],[6.88127,5.15328],[6.88127,5.15337]],[[6.88145,5.15346],[6.88136,5.15346],[6.88136,5.15337],[6.88145,5.15337],[6.88145,5.15346]],[[6.88235,5.15319],[6.88226,5.15319],[6.88226,5.1531],[6.88235,5.1531],[6.88235,5.15319]],[[6.88199,5.15381],[6.88172,5.15381],[6.88172,5.15363],[6.88181,5.15363],[6.88181,5.15372],[6.8819,5.15372],[6.8819,5.15363],[6.88199,5.15363],[6.88199,5.15381]],[[6.88316,5.15381],[6.88307,5.15381],[6.88307,5.15363],[6.88298,5.15363],[6.88298,5.15346],[6.88307,5.15346],[6.88307,5.15337],[6.88316,5.15337],[6.88316,5.15346],[6.88325,5.15346],[6.88325,5.15363],[6.88316,5.15363],[6.88316,5.15381]],[[6.88163,5.1539],[6.88154,5.1539],[6.88154,5.15381],[6.88163,5.15381],[6.88163,5.1539]],[[6.88172,5.15399],[6.88163,5.15399],[6.88163,5.1539],[6.88172,5.1539],[6.88172,5.15399]],[[6.8819,5.15408],[6.88172,5.15408],[6.88172,5.15399],[6.8819,5.15399],[6.8819,5.15408]],[[6.88118,5.15453],[6.8811,5.15453],[6.8811,5.15435],[6.88118,5.15435],[6.88118,5.15453]],[[6.88118,5.1548],[6.8811,5.1548],[6.8811,5.15462],[6.88127,5.15462],[6.88127,5.15471],[6.88118,5.15471],[6.88118,5.1548]]]}},{"type":"Feature","properties":{},"geometry":{"geodesic":false,"type":"Polygon","coordinates":[[[6.88127,5.15705],[6.88127,5.15696],[6.88136,5.15696],[6.88136,5.15687],[6.88127,5.15687],[6.88127,5.1566],[6.8811,5.1566],[6.8811,5.15651],[6.88136,5.15651],[6.88136,5.15642],[6.88127,5.15642],[6.88127,5.15633],[6.88118,5.15633],[6.88118,5.15642],[6.8811,5.15642],[6.8811,5.15624],[6.88092,5.15624],[6.88092,5.15642],[6.88074,5.15642],[6.88074,5.15651],[6.88047,5.15651],[6.88047,5.15669],[6.88038,5.15669],[6.88038,5.15678],[6.88029,5.15678],[6.88029,5.15669],[6.8802,5.15669],[6.8802,5.15678],[6.88011,5.15678],[6.88011,5.15669],[6.87993,5.15669],[6.87993,5.15651],[6.88002,5.15651],[6.88002,5.15633],[6.88011,5.15633],[6.88011,5.15624],[6.8802,5.15624],[6.8802,5.15615],[6.88029,5.15615],[6.88029,5.15624],[6.88038,5.15624],[6.88038,5.15615],[6.88047,5.15615],[6.88047,5.15606],[6.88056,5.15606],[6.88056,5.15588],[6.88101,5.15588],[6.88101,5.15579],[6.88118,5.15579],[6.88118,5.15543],[6.88136,5.15543],[6.88136,5.15534],[6.88127,5.15534],[6.88127,5.15525],[6.88118,5.15525],[6.88118,5.15516],[6.88154,5.15516],[6.88154,5.15489],[6.88163,5.15489],[6.88163,5.1548],[6.88172,5.1548],[6.88172,5.15489],[6.88181,5.15489],[6.88181,5.1548],[6.8819,5.1548],[6.8819,5.15498],[6.88199,5.15498],[6.88199,5.15507],[6.8819,5.15507],[6.8819,5.15498],[6.88181,5.15498],[6.88181,5.15516],[6.88172,5.15516],[6.88172,5.15525],[6.88181,5.15525],[6.88181,5.15543],[6.8819,5.15543],[6.8819,5.15552],[6.88199,5.15552],[6.88199,5.1557],[6.88208,5.1557],[6.88208,5.15579],[6.8819,5.15579],[6.8819,5.1557],[6.88181,5.1557],[6.88181,5.15552],[6.88172,5.15552],[6.88172,5.15561],[6.88163,5.15561],[6.88163,5.15579],[6.88154,5.15579],[6.88154,5.15588],[6.88145,5.15588],[6.88145,5.15579],[6.88136,5.15579],[6.88136,5.15624],[6.88145,5.15624],[6.88145,5.15651],[6.88136,5.15651],[6.88136,5.15669],[6.88145,5.15669],[6.88145,5.15678],[6.88136,5.15678],[6.88136,5.15687],[6.88145,5.15687],[6.88145,5.15696],[6.88136,5.15696],[6.88136,5.15705],[6.88127,5.15705]],[[6.88163,5.15543],[6.88154,5.15543],[6.88154,5.15534],[6.88163,5.15534],[6.88163,5.15543]],[[6.88065,5.15633],[6.88056,5.15633],[6.88056,5.15624],[6.88065,5.15624],[6.88065,5.15633]],[[6.8802,5.15669],[6.88011,5.15669],[6.88011,5.15633],[6.8802,5.15633],[6.8802,5.15651],[6.88029,5.15651],[6.88029,5.1566],[6.8802,5.1566],[6.8802,5.15669]]]}},{"type":"Feature","properties":{},"geometry":{"geodesic":false,"type":"Polygon","coordinates":[[[6.88181,4.94558],[6.88181,4.94523],[6.88172,4.94523],[6.88172,4.94487],[6.88181,4.94487],[6.88181,4.9446],[6.8819,4.9446],[6.8819,4.94442],[6.88181,4.94442],[6.88181,4.94415],[6.8819,4.94415],[6.8819,4.94406],[6.88181,4.94406],[6.88181,4.94397],[6.8819,4.94397],[6.8819,4.94379],[6.88199,4.94379],[6.88199,4.94352],[6.88208,4.94352],[6.88208,4.94334],[6.88217,4.94334],[6.88217,4.94325],[6.88226,4.94325],[6.88226,4.94316],[6.88235,4.94316],[6.88235,4.94325],[6.88244,4.94325],[6.88244,4.94307],[6.88253,4.94307],[6.88253,4.94289],[6.88271,4.94289],[6.88271,4.9428],[6.88262,4.9428],[6.88262,4.94271],[6.8828,4.94271],[6.8828,4.94289],[6.88298,4.94289],[6.88298,4.94316],[6.88307,4.94316],[6.88307,4.94343],[6.88325,4.94343],[6.88325,4.9437],[6.88316,4.9437],[6.88316,4.94397],[6.88307,4.94397],[6.88307,4.94406],[6.88289,4.94406],[6.88289,4.94424],[6.8828,4.94424],[6.8828,4.9446],[6.88271,4.9446],[6.88271,4.94469],[6.88253,4.94469],[6.88253,4.94478],[6.88244,4.94478],[6.88244,4.94487],[6.88226,4.94487],[6.88226,4.94505],[6.88208,4.94505],[6.88208,4.9455],[6.88199,4.9455],[6.88199,4.94541],[6.8819,4.94541],[6.8819,4.94558],[6.88181,4.94558]],[[6.88298,4.94334],[6.88289,4.94334],[6.88289,4.94325],[6.88298,4.94325],[6.88298,4.94334]],[[6.88298,4.94361],[6.88289,4.94361],[6.88289,4.94352],[6.88298,4.94352],[6.88298,4.94361]],[[6.88289,4.94388],[6.88271,4.94388],[6.88271,4.94379],[6.8828,4.94379],[6.8828,4.9437],[6.88289,4.9437],[6.88289,4.94388]],[[6.88271,4.94397],[6.88262,4.94397],[6.88262,4.94388],[6.88271,4.94388],[6.88271,4.94397]],[[6.88253,4.94424],[6.88244,4.94424],[6.88244,4.94415],[6.88253,4.94415],[6.88253,4.94424]],[[6.88271,4.94451],[6.88262,4.94451],[6.88262,4.94442],[6.88271,4.94442],[6.88271,4.94451]]]}},{"type":"Feature","properties":{},"geometry":{"geodesic":false,"type":"Polygon","coordinates":[[[6.88199,4.94163],[6.88199,4.94145],[6.8819,4.94145],[6.8819,4.94154],[6.88181,4.94154],[6.88181,4.941],[6.88172,4.941],[6.88172,4.94118],[6.88154,4.94118],[6.88154,4.94109],[6.88163,4.94109],[6.88163,4.94091],[6.88154,4.94091],[6.88154,4.94082],[6.88145,4.94082],[6.88145,4.94073],[6.88154,4.94073],[6.88154,4.94082],[6.88172,4.94082],[6.88172,4.94055],[6.8819,4.94055],[6.8819,4.93993],[6.88208,4.93993],[6.88208,4.94011],[6.88217,4.94011],[6.88217,4.9402],[6.88199,4.9402],[6.88199,4.94028],[6.88208,4.94028],[6.88208,4.94064],[6.88217,4.94064],[6.88217,4.94073],[6.88226,4.94073],[6.88226,4.94091],[6.88217,4.94091],[6.88217,4.941],[6.88226,4.941],[6.88226,4.94109],[6.88217,4.94109],[6.88217,4.94118],[6.88226,4.94118],[6.88226,4.94145],[6.88217,4.94145],[6.88217,4.94154],[6.88208,4.94154],[6.88208,4.94163],[6.88199,4.94163]],[[6.88199,4.94091],[6.8819,4.94091],[6.8819,4.94082],[6.88199,4.94082],[6.88199,4.94091]],[[6.88217,4.94109],[6.88208,4.94109],[6.88208,4.941],[6.88217,4.941],[6.88217,4.94109]]]}},{"type":"Feature","properties":{},"geometry":{"geodesic":false,"type":"Polygon","coordinates":[[[6.88199,4.97182],[6.88199,4.97173],[6.8819,4.97173],[6.8819,4.97164],[6.88172,4.97164],[6.88172,4.97155],[6.88154,4.97155],[6.88154,4.97164],[6.88145,4.97164],[6.88145,4.97146],[6.88136,4.97146],[6.88136,4.97137],[6.88127,4.97137],[6.88127,4.97128],[6.8811,4.97128],[6.8811,4.97083],[6.88118,4.97083],[6.88118,4.97065],[6.8811,4.97065],[6.8811,4.97047],[6.88101,4.97047],[6.88101,4.97002],[6.88092,4.97002],[6.88092,4.96939],[6.88083,4.96939],[6.88083,4.9693],[6.88074,4.9693],[6.88074,4.96876],[6.88065,4.96876],[6.88065,4.96858],[6.88074,4.96858],[6.88074,4.96849],[6.88092,4.96849],[6.88092,4.9684],[6.88083,4.9684],[6.88083,4.96831],[6.88092,4.96831],[6.88092,4.9684],[6.88101,4.9684],[6.88101,4.96795],[6.8811,4.96795],[6.8811,4.96768],[6.88118,4.96768],[6.88118,4.9675],[6.8811,4.9675],[6.8811,4.96741],[6.88101,4.96741],[6.88101,4.96732],[6.8811,4.96732],[6.8811,4.96705],[6.88118,4.96705],[6.88118,4.96679],[6.88127,4.96679],[6.88127,4.96661],[6.88118,4.96661],[6.88118,4.96652],[6.88127,4.96652],[6.88127,4.96643],[6.88118,4.96643],[6.88118,4.96625],[6.88101,4.96625],[6.88101,4.96643],[6.88092,4.96643],[6.88092,4.96661],[6.88074,4.96661],[6.88074,4.96634],[6.88065,4.96634],[6.88065,4.96625],[6.88083,4.96625],[6.88083,4.96607],[6.88074,4.96607],[6.88074,4.96598],[6.88092,4.96598],[6.88092,4.96589],[6.8811,4.96589],[6.8811,4.96598],[6.88118,4.96598],[6.88118,4.96589],[6.88127,4.96589],[6.88127,4.96553],[6.88145,4.96553],[6.88145,4.96526],[6.88163,4.96526],[6.88163,4.96508],[6.88154,4.96508],[6.88154,4.96499],[6.88145,4.96499],[6.88145,4.96472],[6.88154,4.96472],[6.88154,4.96445],[6.88163,4.96445],[6.88163,4.96436],[6.88154,4.96436],[6.88154,4.96427],[6.88163,4.96427],[6.88163,4.96418],[6.88154,4.96418],[6.88154,4.96409],[6.88163,4.96409],[6.88163,4.964],[6.88172,4.964],[6.88172,4.96373],[6.88181,4.96373],[6.88181,4.96364],[6.88208,4.96364],[6.88208,4.96355],[6.88244,4.96355],[6.88244,4.96364],[6.88262,4.96364],[6.88262,4.96391],[6.88271,4.96391],[6.88271,4.964],[6.8828,4.964],[6.8828,4.96418],[6.88271,4.96418],[6.88271,4.96427],[6.8828,4.96427],[6.8828,4.96436],[6.88271,4.96436],[6.88271,4.96445],[6.88262,4.96445],[6.88262,4.96454],[6.88253,4.96454],[6.88253,4.96463],[6.88244,4.96463],[6.88244,4.96472],[6.88235,4.96472],[6.88235,4.96517],[6.88226,4.96517],[6.88226,4.96535],[6.88235,4.96535],[6.88235,4.96553],[6.88244,4.96553],[6.88244,4.96562],[6.88253,4.96562],[6.88253,4.96571],[6.88262,4.96571],[6.88262,4.96598],[6.88271,4.96598],[6.88271,4.96589],[6.8828,4.96589],[6.8828,4.96607],[6.88262,4.96607],[6.88262,4.96616],[6.8828,4.96616],[6.8828,4.96661],[6.88289,4.96661],[6.88289,4.96643],[6.88298,4.96643],[6.88298,4.96679],[6.88289,4.96679],[6.88289,4.9667],[6.8828,4.9667],[6.8828,4.96696],[6.88289,4.96696],[6.88289,4.96714],[6.88298,4.96714],[6.88298,4.96723],[6.88307,4.96723],[6.88307,4.96741],[6.88298,4.96741],[6.88298,4.96768],[6.88289,4.96768],[6.88289,4.96795],[6.8828,4.96795],[6.8828,4.96822],[6.88289,4.96822],[6.88289,4.96849],[6.88298,4.96849],[6.88298,4.96858],[6.88289,4.96858],[6.88289,4.96885],[6.8828,4.96885],[6.8828,4.96921],[6.88289,4.96921],[6.88289,4.9693],[6.8828,4.9693],[6.8828,4.96948],[6.88289,4.96948],[6.88289,4.96975],[6.8828,4.96975],[6.8828,4.96993],[6.88271,4.96993],[6.88271,4.97002],[6.88289,4.97002],[6.88289,4.97011],[6.8828,4.97011],[6.8828,4.9702],[6.88289,4.9702],[6.88289,4.97038],[6.8828,4.97038],[6.8828,4.97056],[6.88262,4.97056],[6.88262,4.97083],[6.88271,4.97083],[6.88271,4.97092],[6.8828,4.97092],[6.8828,4.97155],[6.88271,4.97155],[6.88271,4.97164],[6.88262,4.97164],[6.88262,4.97155],[6.88253,4.97155],[6.88253,4.9711],[6.88244,4.9711],[6.88244,4.97083],[6.88253,4.97083],[6.88253,4.97056],[6.88244,4.97056],[6.88244,4.97065],[6.88235,4.97065],[6.88235,4.97092],[6.88226,4.97092],[6.88226,4.97083],[6.88217,4.97083],[6.88217,4.97074],[6.88208,4.97074],[6.88208,4.97092],[6.88217,4.97092],[6.88217,4.97101],[6.88226,4.97101],[6.88226,4.9711],[6.88217,4.9711],[6.88217,4.97101],[6.88199,4.97101],[6.88199,4.9711],[6.88208,4.9711],[6.88208,4.97119],[6.88226,4.97119],[6.88226,4.97137],[6.88235,4.97137],[6.88235,4.97146],[6.88217,4.97146],[6.88217,4.97155],[6.88226,4.97155],[6.88226,4.97164],[6.88217,4.97164],[6.88217,4.97182],[6.88199,4.97182]],[[6.88235,4.96373],[6.88226,4.96373],[6.88226,4.96364],[6.88235,4.96364],[6.88235,4.96373]],[[6.88226,4.96382],[6.88217,4.96382],[6.88217,4.96373],[6.88226,4.96373],[6.88226,4.96382]],[[6.88235,4.96391],[6.88226,4.96391],[6.88226,4.96382],[6.88235,4.96382],[6.88235,4.96391]],[[6.88244,4.964],[6.88235,4.964],[6.88235,4.96391],[6.88244,4.96391],[6.88244,4.964]],[[6.88253,4.96409],[6.88244,4.96409],[6.88244,4.964],[6.88253,4.964],[6.88253,4.96409]],[[6.88145,4.96571],[6.88136,4.96571],[6.88136,4.96562],[6.88145,4.96562],[6.88145,4.96571]],[[6.88235,4.96607],[6.88226,4.96607],[6.88226,4.96598],[6.88235,4.96598],[6.88235,4.96607]],[[6.8811,4.96616],[6.88101,4.96616],[6.88101,4.96607],[6.8811,4.96607],[6.8811,4.96616]],[[6.88244,4.96688],[6.88235,4.96688],[6.88235,4.96661],[6.88226,4.96661],[6.88226,4.96643],[6.88235,4.96643],[6.88235,4.96625],[6.88226,4.96625],[6.88226,4.96616],[6.88244,4.96616],[6.88244,4.96688]],[[6.88253,4.96822],[6.88235,4.96822],[6.88235,4.96795],[6.88244,4.96795],[6.88244,4.96804],[6.88253,4.96804],[6.88253,4.96822]],[[6.88226,4.96957],[6.88217,4.96957],[6.88217,4.96939],[6.88226,4.96939],[6.88226,4.96957]],[[6.88235,4.97056],[6.88208,4.97056],[6.88208,4.97029],[6.88235,4.97029],[6.88235,4.97056]],[[6.88208,4.97128],[6.88199,4.97128],[6.88199,4.97119],[6.88208,4.97119],[6.88208,4.97128]]]}},{"type":"Feature","properties":{},"geometry":{"geodesic":false,"type":"Polygon","coordinates":[[[6.88271,4.96211],[6.88271,4.96202],[6.88262,4.96202],[6.88262,4.96193],[6.88244,4.96193],[6.88244,4.96175],[6.88253,4.96175],[6.88253,4.96166],[6.88226,4.96166],[6.88226,4.96157],[6.88235,4.96157],[6.88235,4.96149],[6.88244,4.96149],[6.88244,4.96122],[6.88253,4.96122],[6.88253,4.96095],[6.88262,4.96095],[6.88262,4.96041],[6.88271,4.96041],[6.88271,4.96023],[6.8828,4.96023],[6.8828,4.96014],[6.88307,4.96014],[6.88307,4.96023],[6.88316,4.96023],[6.88316,4.96032],[6.88334,4.96032],[6.88334,4.96041],[6.8837,4.96041],[6.8837,4.96095],[6.88352,4.96095],[6.88352,4.96104],[6.88343,4.96104],[6.88343,4.96113],[6.88325,4.96113],[6.88325,4.9614],[6.88316,4.9614],[6.88316,4.96157],[6.88307,4.96157],[6.88307,4.96166],[6.8828,4.96166],[6.8828,4.96175],[6.88289,4.96175],[6.88289,4.96184],[6.88298,4.96184],[6.88298,4.96175],[6.88307,4.96175],[6.88307,4.96184],[6.88298,4.96184],[6.88298,4.96202],[6.88289,4.96202],[6.88289,4.96211],[6.88271,4.96211]],[[6.8828,4.96166],[6.88262,4.96166],[6.88262,4.96157],[6.88271,4.96157],[6.88271,4.96149],[6.8828,4.96149],[6.8828,4.96166]]]}},{"type":"Feature","properties":{},"geometry":{"geodesic":false,"type":"Polygon","coordinates":[[[6.88289,4.93175],[6.88289,4.93166],[6.88271,4.93166],[6.88271,4.93121],[6.8828,4.93121],[6.8828,4.93103],[6.88271,4.93103],[6.88271,4.93076],[6.8828,4.93076],[6.8828,4.93058],[6.88289,4.93058],[6.88289,4.93031],[6.88298,4.93031],[6.88298,4.93022],[6.88307,4.93022],[6.88307,4.93004],[6.88316,4.93004],[6.88316,4.92959],[6.88325,4.92959],[6.88325,4.92942],[6.88334,4.92942],[6.88334,4.92924],[6.88325,4.92924],[6.88325,4.92906],[6.88316,4.92906],[6.88316,4.92888],[6.88307,4.92888],[6.88307,4.92861],[6.88289,4.92861],[6.88289,4.92852],[6.88298,4.92852],[6.88298,4.92843],[6.88307,4.92843],[6.88307,4.92807],[6.88316,4.92807],[6.88316,4.92825],[6.88352,4.92825],[6.88352,4.92834],[6.8837,4.92834],[6.8837,4.92852],[6.88379,4.92852],[6.88379,4.92861],[6.88388,4.92861],[6.88388,4.92852],[6.88406,4.92852],[6.88406,4.92843],[6.88442,4.92843],[6.88442,4.92852],[6.88433,4.92852],[6.88433,4.9287],[6.88442,4.9287],[6.88442,4.92897],[6.88451,4.92897],[6.88451,4.92906],[6.88442,4.92906],[6.88442,4.92915],[6.88433,4.92915],[6.88433,4.92942],[6.88415,4.92942],[6.88415,4.92924],[6.88406,4.92924],[6.88406,4.92933],[6.88397,4.92933],[6.88397,4.92924],[6.88388,4.92924],[6.88388,4.92977],[6.8837,4.92977],[6.8837,4.92986],[6.88361,4.92986],[6.88361,4.92995],[6.88352,4.92995],[6.88352,4.93004],[6.88343,4.93004],[6.88343,4.93013],[6.88325,4.93013],[6.88325,4.93049],[6.88316,4.93049],[6.88316,4.93058],[6.88307,4.93058],[6.88307,4.93103],[6.88298,4.93103],[6.88298,4.93175],[6.88289,4.93175]],[[6.88397,4.92897],[6.88388,4.92897],[6.88388,4.92879],[6.88379,4.92879],[6.88379,4.9287],[6.88397,4.9287],[6.88397,4.92897]],[[6.88424,4.92915],[6.88415,4.92915],[6.88415,4.92906],[6.88424,4.92906],[6.88424,4.92915]],[[6.88334,4.92977],[6.88325,4.92977],[6.88325,4.92968],[6.88334,4.92968],[6.88334,4.92977]]]}},{"type":"Feature","properties":{},"geometry":{"geodesic":false,"type":"Polygon","coordinates":[[[6.88325,5.03614],[6.88325,5.03605],[6.88334,5.03605],[6.88334,5.03596],[6.88325,5.03596],[6.88325,5.03578],[6.88334,5.03578],[6.88334,5.03569],[6.88325,5.03569],[6.88325,5.0356],[6.88307,5.0356],[6.88307,5.03542],[6.88298,5.03542],[6.88298,5.03524],[6.88307,5.03524],[6.88307,5.03506],[6.88316,5.03506],[6.88316,5.03488],[6.88325,5.03488],[6.88325,5.03479],[6.88334,5.03479],[6.88334,5.0347],[6.88343,5.0347],[6.88343,5.03461],[6.88352,5.03461],[6.88352,5.03452],[6.8837,5.03452],[6.8837,5.03443],[6.88379,5.03443],[6.88379,5.03452],[6.88388,5.03452],[6.88388,5.03461],[6.88406,5.03461],[6.88406,5.03551],[6.88397,5.03551],[6.88397,5.0356],[6.88406,5.0356],[6.88406,5.03587],[6.88388,5.03587],[6.88388,5.03569],[6.88379,5.03569],[6.88379,5.03578],[6.8837,5.03578],[6.8837,5.03596],[6.88352,5.03596],[6.88352,5.03614],[6.88325,5.03614]],[[6.88397,5.03524],[6.88343,5.03524],[6.88343,5.0347],[6.8837,5.0347],[6.8837,5.03497],[6.88397,5.03497],[6.88397,5.03524]]]}},{"type":"Feature","properties":{},"geometry":{"geodesic":false,"type":"Polygon","coordinates":[[[6.88361,4.92798],[6.88361,4.92789],[6.88352,4.92789],[6.88352,4.9278],[6.88343,4.9278],[6.88343,4.92771],[6.88325,4.92771],[6.88325,4.92753],[6.88307,4.92753],[6.88307,4.92744],[6.88316,4.92744],[6.88316,4.92735],[6.88289,4.92735],[6.88289,4.92726],[6.88298,4.92726],[6.88298,4.92717],[6.88307,4.92717],[6.88307,4.92708],[6.88298,4.92708],[6.88298,4.92699],[6.88289,4.92699],[6.88289,4.9269],[6.88298,4.9269],[6.88298,4.92681],[6.88289,4.92681],[6.88289,4.92654],[6.88298,4.92654],[6.88298,4.92645],[6.88289,4.92645],[6.88289,4.92627],[6.88298,4.92627],[6.88298,4.92618],[6.88307,4.92618],[6.88307,4.92627],[6.88316,4.92627],[6.88316,4.92618],[6.88325,4.92618],[6.88325,4.92609],[6.88334,4.92609],[6.88334,4.926],[6.88352,4.926],[6.88352,4.92618],[6.88361,4.92618],[6.88361,4.92609],[6.8837,4.92609],[6.8837,4.92618],[6.88361,4.92618],[6.88361,4.92627],[6.8837,4.92627],[6.8837,4.92645],[6.88379,4.92645],[6.88379,4.92654],[6.88388,4.92654],[6.88388,4.92627],[6.88379,4.92627],[6.88379,4.92609],[6.88388,4.92609],[6.88388,4.92591],[6.88397,4.92591],[6.88397,4.92582],[6.88406,4.92582],[6.88406,4.92591],[6.88415,4.92591],[6.88415,4.926],[6.88424,4.926],[6.88424,4.92609],[6.88415,4.92609],[6.88415,4.92654],[6.88424,4.92654],[6.88424,4.92663],[6.88415,4.92663],[6.88415,4.92708],[6.88406,4.92708],[6.88406,4.92726],[6.88397,4.92726],[6.88397,4.92753],[6.88388,4.92753],[6.88388,4.92771],[6.88379,4.92771],[6.88379,4.9278],[6.88388,4.9278],[6.88388,4.92789],[6.88379,4.92789],[6.88379,4.92798],[6.88361,4.92798]],[[6.88307,4.92636],[6.88298,4.92636],[6.88298,4.92627],[6.88307,4.92627],[6.88307,4.92636]],[[6.88379,4.92663],[6.88361,4.92663],[6.88361,4.92654],[6.88379,4.92654],[6.88379,4.92663]],[[6.88352,4.92717],[6.88334,4.92717],[6.88334,4.92708],[6.88352,4.92708],[6.88352,4.92717]],[[6.88334,4.92735],[6.88325,4.92735],[6.88325,4.92726],[6.88334,4.92726],[6.88334,4.92735]],[[6.88343,4.92762],[6.88334,4.92762],[6.88334,4.92744],[6.88343,4.92744],[6.88343,4.92762]]]}},{"type":"Feature","properties":{},"geometry":{"geodesic":false,"type":"Polygon","coordinates":[[[6.88361,4.93265],[6.88361,4.93247],[6.88343,4.93247],[6.88343,4.93211],[6.88334,4.93211],[6.88334,4.93202],[6.88325,4.93202],[6.88325,4.93193],[6.88316,4.93193],[6.88316,4.93184],[6.88325,4.93184],[6.88325,4.93166],[6.88316,4.93166],[6.88316,4.93157],[6.88325,4.93157],[6.88325,4.93148],[6.88316,4.93148],[6.88316,4.93121],[6.88325,4.93121],[6.88325,4.93076],[6.88334,4.93076],[6.88334,4.93067],[6.88343,4.93067],[6.88343,4.9304],[6.88352,4.9304],[6.88352,4.93031],[6.88361,4.93031],[6.88361,4.9304],[6.88379,4.9304],[6.88379,4.93013],[6.88388,4.93013],[6.88388,4.93004],[6.88379,4.93004],[6.88379,4.92995],[6.88415,4.92995],[6.88415,4.93013],[6.88406,4.93013],[6.88406,4.93022],[6.88388,4.93022],[6.88388,4.93049],[6.8837,4.93049],[6.8837,4.93076],[6.88361,4.93076],[6.88361,4.93085],[6.88379,4.93085],[6.88379,4.93103],[6.88388,4.93103],[6.88388,4.9313],[6.88379,4.9313],[6.88379,4.93157],[6.88388,4.93157],[6.88388,4.93166],[6.88379,4.93166],[6.88379,4.93184],[6.88361,4.93184],[6.88361,4.93193],[6.8837,4.93193],[6.8837,4.9322],[6.88379,4.9322],[6.88379,4.93238],[6.8837,4.93238],[6.8837,4.93256],[6.88379,4.93256],[6.88379,4.93265],[6.88361,4.93265]],[[6.88361,4.93058],[6.88352,4.93058],[6.88352,4.93049],[6.88361,4.93049],[6.88361,4.93058]]]}},{"type":"Feature","properties":{},"geometry":{"geodesic":false,"type":"Polygon","coordinates":[[[6.8837,5.15247],[6.8837,5.15229],[6.88325,5.15229],[6.88325,5.1522],[6.88307,5.1522],[6.88307,5.15229],[6.88298,5.15229],[6.88298,5.15238],[6.88289,5.15238],[6.88289,5.1522],[6.88298,5.1522],[6.88298,5.15184],[6.88289,5.15184],[6.88289,5.15175],[6.8828,5.15175],[6.8828,5.15157],[6.88289,5.15157],[6.88289,5.15175],[6.88307,5.15175],[6.88307,5.15157],[6.88343,5.15157],[6.88343,5.15148],[6.88352,5.15148],[6.88352,5.15139],[6.88361,5.15139],[6.88361,5.1513],[6.88352,5.1513],[6.88352,5.15112],[6.88388,5.15112],[6.88388,5.1513],[6.88406,5.1513],[6.88406,5.15121],[6.88415,5.15121],[6.88415,5.15103],[6.88442,5.15103],[6.88442,5.15094],[6.88451,5.15094],[6.88451,5.15103],[6.8846,5.15103],[6.8846,5.1513],[6.88451,5.1513],[6.88451,5.15139],[6.88433,5.15139],[6.88433,5.15157],[6.88442,5.15157],[6.88442,5.15175],[6.88433,5.15175],[6.88433,5.15184],[6.88424,5.15184],[6.88424,5.15193],[6.88433,5.15193],[6.88433,5.15211],[6.88424,5.15211],[6.88424,5.15229],[6.88415,5.15229],[6.88415,5.15238],[6.88406,5.15238],[6.88406,5.15247],[6.8837,5.15247]],[[6.88388,5.15193],[6.88379,5.15193],[6.88379,5.15184],[6.88388,5.15184],[6.88388,5.15193]],[[6.88415,5.15193],[6.88406,5.15193],[6.88406,5.15175],[6.88397,5.15175],[6.88397,5.15148],[6.88406,5.15148],[6.88406,5.1513],[6.88415,5.1513],[6.88415,5.15121],[6.88433,5.15121],[6.88433,5.15139],[6.88424,5.15139],[6.88424,5.15157],[6.88433,5.15157],[6.88433,5.15166],[6.88424,5.15166],[6.88424,5.15184],[6.88415,5.15184],[6.88415,5.15193]]]}},{"type":"Feature","properties":{},"geometry":{"geodesic":false,"type":"Polygon","coordinates":[[[6.88415,5.03587],[6.88415,5.0356],[6.88424,5.0356],[6.88424,5.03551],[6.88433,5.03551],[6.88433,5.03524],[6.88442,5.03524],[6.88442,5.03497],[6.88478,5.03497],[6.88478,5.03515],[6.88487,5.03515],[6.88487,5.03551],[6.88478,5.03551],[6.88478,5.0356],[6.88469,5.0356],[6.88469,5.03569],[6.8846,5.03569],[6.8846,5.03578],[6.88442,5.03578],[6.88442,5.03587],[6.88415,5.03587]]]}},{"type":"Feature","properties":{},"geometry":{"geodesic":false,"type":"Polygon","coordinates":[[[6.88442,5.13926],[6.88442,5.13908],[6.88451,5.13908],[6.88451,5.13872],[6.88478,5.13872],[6.88478,5.13845],[6.88487,5.13845],[6.88487,5.13836],[6.88505,5.13836],[6.88505,5.13827],[6.88514,5.13827],[6.88514,5.13818],[6.88523,5.13818],[6.88523,5.13809],[6.88532,5.13809],[6.88532,5.138],[6.88541,5.138],[6.88541,5.13791],[6.88559,5.13791],[6.88559,5.13773],[6.88568,5.13773],[6.88568,5.138],[6.88577,5.138],[6.88577,5.13791],[6.88586,5.13791],[6.88586,5.13782],[6.88577,5.13782],[6.88577,5.13773],[6.88586,5.13773],[6.88586,5.13782],[6.88613,5.13782],[6.88613,5.13773],[6.88604,5.13773],[6.88604,5.13764],[6.88577,5.13764],[6.88577,5.13755],[6.88613,5.13755],[6.88613,5.13764],[6.88622,5.13764],[6.88622,5.13738],[6.88631,5.13738],[6.88631,5.13755],[6.8864,5.13755],[6.8864,5.13782],[6.88631,5.13782],[6.88631,5.13791],[6.88622,5.13791],[6.88622,5.13818],[6.88613,5.13818],[6.88613,5.13836],[6.88604,5.13836],[6.88604,5.13845],[6.88595,5.13845],[6.88595,5.13854],[6.88586,5.13854],[6.88586,5.13863],[6.88577,5.13863],[6.88577,5.13872],[6.88559,5.13872],[6.88559,5.13881],[6.8855,5.13881],[6.8855,5.1389],[6.88532,5.1389],[6.88532,5.13881],[6.88505,5.13881],[6.88505,5.1389],[6.88514,5.1389],[6.88514,5.13899],[6.88505,5.13899],[6.88505,5.13908],[6.88496,5.13908],[6.88496,5.13899],[6.88487,5.13899],[6.88487,5.13908],[6.88478,5.13908],[6.88478,5.13917],[6.8846,5.13917],[6.8846,5.13926],[6.88442,5.13926]],[[6.88541,5.13872],[6.88532,5.13872],[6.88532,5.13845],[6.88541,5.13845],[6.88541,5.13827],[6.88532,5.13827],[6.88532,5.13809],[6.88541,5.13809],[6.88541,5.138],[6.88568,5.138],[6.88568,5.13809],[6.88559,5.13809],[6.88559,5.13836],[6.88568,5.13836],[6.88568,5.13845],[6.88559,5.13845],[6.88559,5.13854],[6.88541,5.13854],[6.88541,5.13872]],[[6.88505,5.13881],[6.88496,5.13881],[6.88496,5.13872],[6.88505,5.13872],[6.88505,5.13881]],[[6.88487,5.13899],[6.88478,5.13899],[6.88478,5.1389],[6.88487,5.1389],[6.88487,5.13899]]]}},{"type":"Feature","properties":{},"geometry":{"geodesic":false,"type":"Polygon","coordinates":[[[6.88469,4.92582],[6.88469,4.92573],[6.88451,4.92573],[6.88451,4.92582],[6.88433,4.92582],[6.88433,4.92573],[6.88424,4.92573],[6.88424,4.92582],[6.88415,4.92582],[6.88415,4.92555],[6.88397,4.92555],[6.88397,4.92546],[6.88379,4.92546],[6.88379,4.92555],[6.8837,4.92555],[6.8837,4.92573],[6.88361,4.92573],[6.88361,4.92564],[6.88352,4.92564],[6.88352,4.92546],[6.88343,4.92546],[6.88343,4.92528],[6.88334,4.92528],[6.88334,4.92519],[6.88325,4.92519],[6.88325,4.92501],[6.88334,4.92501],[6.88334,4.92492],[6.88343,4.92492],[6.88343,4.9251],[6.88334,4.9251],[6.88334,4.92519],[6.88352,4.92519],[6.88352,4.92492],[6.88361,4.92492],[6.88361,4.92483],[6.8837,4.92483],[6.8837,4.92465],[6.88379,4.92465],[6.88379,4.92447],[6.88388,4.92447],[6.88388,4.92438],[6.88379,4.92438],[6.88379,4.92403],[6.8837,4.92403],[6.8837,4.92394],[6.88361,4.92394],[6.88361,4.92367],[6.88352,4.92367],[6.88352,4.92358],[6.88361,4.92358],[6.88361,4.92322],[6.88352,4.92322],[6.88352,4.92331],[6.88343,4.92331],[6.88343,4.9234],[6.88325,4.9234],[6.88325,4.92367],[6.88334,4.92367],[6.88334,4.92376],[6.88325,4.92376],[6.88325,4.92385],[6.88334,4.92385],[6.88334,4.92394],[6.88325,4.92394],[6.88325,4.92412],[6.88316,4.92412],[6.88316,4.92403],[6.88307,4.92403],[6.88307,4.92376],[6.88298,4.92376],[6.88298,4.92385],[6.88289,4.92385],[6.88289,4.92349],[6.88298,4.92349],[6.88298,4.92367],[6.88307,4.92367],[6.88307,4.9234],[6.88289,4.9234],[6.88289,4.92331],[6.88307,4.92331],[6.88307,4.92322],[6.88289,4.92322],[6.88289,4.92304],[6.88298,4.92304],[6.88298,4.92268],[6.88307,4.92268],[6.88307,4.92259],[6.88325,4.92259],[6.88325,4.9225],[6.88316,4.9225],[6.88316,4.92223],[6.88325,4.92223],[6.88325,4.92205],[6.88334,4.92205],[6.88334,4.92178],[6.88343,4.92178],[6.88343,4.9216],[6.88352,4.9216],[6.88352,4.92142],[6.8837,4.92142],[6.8837,4.92133],[6.88379,4.92133],[6.88379,4.92124],[6.88388,4.92124],[6.88388,4.92115],[6.88406,4.92115],[6.88406,4.92088],[6.88415,4.92088],[6.88415,4.92097],[6.88424,4.92097],[6.88424,4.92088],[6.88433,4.92088],[6.88433,4.92097],[6.88442,4.92097],[6.88442,4.92088],[6.88469,4.92088],[6.88469,4.9207],[6.88478,4.9207],[6.88478,4.92079],[6.88487,4.92079],[6.88487,4.9207],[6.88496,4.9207],[6.88496,4.92061],[6.88505,4.92061],[6.88505,4.92052],[6.88514,4.92052],[6.88514,4.92043],[6.88523,4.92043],[6.88523,4.92034],[6.88541,4.92034],[6.88541,4.92025],[6.8855,4.92025],[6.8855,4.92034],[6.88559,4.92034],[6.88559,4.92025],[6.88586,4.92025],[6.88586,4.92034],[6.88595,4.92034],[6.88595,4.92043],[6.88613,4.92043],[6.88613,4.92034],[6.88622,4.92034],[6.88622,4.92043],[6.88613,4.92043],[6.88613,4.9207],[6.88631,4.9207],[6.88631,4.92079],[6.88648,4.92079],[6.88648,4.9207],[6.88657,4.9207],[6.88657,4.92079],[6.88666,4.92079],[6.88666,4.9207],[6.88675,4.9207],[6.88675,4.92097],[6.88657,4.92097],[6.88657,4.92133],[6.88648,4.92133],[6.88648,4.92142],[6.88657,4.92142],[6.88657,4.92151],[6.88622,4.92151],[6.88622,4.9216],[6.8864,4.9216],[6.8864,4.92169],[6.88622,4.92169],[6.88622,4.9216],[6.88604,4.9216],[6.88604,4.92142],[6.88586,4.92142],[6.88586,4.92115],[6.8855,4.92115],[6.8855,4.92124],[6.88559,4.92124],[6.88559,4.92133],[6.8855,4.92133],[6.8855,4.92151],[6.88532,4.92151],[6.88532,4.9216],[6.88523,4.9216],[6.88523,4.92151],[6.88496,4.92151],[6.88496,4.9216],[6.88505,4.9216],[6.88505,4.92187],[6.88496,4.92187],[6.88496,4.92205],[6.88487,4.92205],[6.88487,4.92214],[6.88469,4.92214],[6.88469,4.92223],[6.88442,4.92223],[6.88442,4.92232],[6.88433,4.92232],[6.88433,4.92259],[6.88424,4.92259],[6.88424,4.92295],[6.88406,4.92295],[6.88406,4.92313],[6.88424,4.92313],[6.88424,4.92322],[6.88415,4.92322],[6.88415,4.92403],[6.88406,4.92403],[6.88406,4.92421],[6.88415,4.92421],[6.88415,4.92429],[6.88424,4.92429],[6.88424,4.92412],[6.88451,4.92412],[6.88451,4.92403],[6.8846,4.92403],[6.8846,4.92394],[6.88469,4.92394],[6.88469,4.92412],[6.88478,4.92412],[6.88478,4.92429],[6.88487,4.92429],[6.88487,4.92465],[6.88496,4.92465],[6.88496,4.92474],[6.88505,4.92474],[6.88505,4.92483],[6.88514,4.92483],[6.88514,4.92492],[6.88523,4.92492],[6.88523,4.92501],[6.88532,4.92501],[6.88532,4.9251],[6.88541,4.9251],[6.88541,4.92519],[6.8855,4.92519],[6.8855,4.92546],[6.88514,4.92546],[6.88514,4.92564],[6.88505,4.92564],[6.88505,4.92573],[6.88487,4.92573],[6.88487,4.92582],[6.88469,4.92582]],[[6.8855,4.92061],[6.88541,4.92061],[6.88541,4.92043],[6.8855,4.92043],[6.8855,4.92061]],[[6.88559,4.9207],[6.8855,4.9207],[6.8855,4.92061],[6.88559,4.92061],[6.88559,4.9207]],[[6.88586,4.92088],[6.88568,4.92088],[6.88568,4.9207],[6.88586,4.9207],[6.88586,4.92088]],[[6.88523,4.92124],[6.88514,4.92124],[6.88514,4.92115],[6.88505,4.92115],[6.88505,4.92106],[6.88496,4.92106],[6.88496,4.92097],[6.88505,4.92097],[6.88505,4.92079],[6.88514,4.92079],[6.88514,4.92088],[6.8855,4.92088],[6.8855,4.92097],[6.88541,4.92097],[6.88541,4.92115],[6.88523,4.92115],[6.88523,4.92124]],[[6.88478,4.92133],[6.88469,4.92133],[6.88469,4.92124],[6.88478,4.92124],[6.88478,4.92133]],[[6.88487,4.92151],[6.88478,4.92151],[6.88478,4.92142],[6.88487,4.92142],[6.88487,4.92151]],[[6.8837,4.92196],[6.88361,4.92196],[6.88361,4.92187],[6.8837,4.92187],[6.8837,4.92196]],[[6.88388,4.92223],[6.88379,4.92223],[6.88379,4.92214],[6.88388,4.92214],[6.88388,4.92223]],[[6.88334,4.92241],[6.88325,4.92241],[6.88325,4.92232],[6.88334,4.92232],[6.88334,4.92241]],[[6.8837,4.9225],[6.88361,4.9225],[6.88361,4.92232],[6.8837,4.92232],[6.8837,4.92223],[6.88379,4.92223],[6.88379,4.92241],[6.8837,4.92241],[6.8837,4.9225]],[[6.88361,4.92259],[6.88352,4.92259],[6.88352,4.9225],[6.88361,4.9225],[6.88361,4.92259]],[[6.8837,4.92268],[6.88361,4.92268],[6.88361,4.92259],[6.8837,4.92259],[6.8837,4.92268]],[[6.88361,4.92313],[6.88352,4.92313],[6.88352,4.92295],[6.88343,4.92295],[6.88343,4.92286],[6.88352,4.92286],[6.88352,4.92268],[6.88361,4.92268],[6.88361,4.92313]],[[6.88397,4.92421],[6.88388,4.92421],[6.88388,4.92412],[6.88397,4.92412],[6.88397,4.92421]],[[6.88415,4.92528],[6.88406,4.92528],[6.88406,4.92519],[6.88415,4.92519],[6.88415,4.92528]],[[6.88406,4.92546],[6.88397,4.92546],[6.88397,4.92537],[6.88406,4.92537],[6.88406,4.92546]]]}},{"type":"Feature","properties":{},"geometry":{"geodesic":false,"type":"Polygon","coordinates":[[[6.8846,4.9958],[6.8846,4.99571],[6.88442,4.99571],[6.88442,4.99544],[6.88433,4.99544],[6.88433,4.99535],[6.88424,4.99535],[6.88424,4.99499],[6.88433,4.99499],[6.88433,4.9949],[6.88424,4.9949],[6.88424,4.99481],[6.88442,4.99481],[6.88442,4.99472],[6.88451,4.99472],[6.88451,4.99463],[6.8846,4.99463],[6.8846,4.99454],[6.88469,4.99454],[6.88469,4.99463],[6.88478,4.99463],[6.88478,4.99454],[6.88496,4.99454],[6.88496,4.99472],[6.88487,4.99472],[6.88487,4.99481],[6.88496,4.99481],[6.88496,4.9949],[6.88487,4.9949],[6.88487,4.99508],[6.88496,4.99508],[6.88496,4.99517],[6.88487,4.99517],[6.88487,4.99562],[6.88478,4.99562],[6.88478,4.99571],[6.88487,4.99571],[6.88487,4.9958],[6.8846,4.9958]]]}},{"type":"Feature","properties":{},"geometry":{"geodesic":false,"type":"Polygon","coordinates":[[[6.88505,5.14429],[6.88505,5.1442],[6.88487,5.1442],[6.88487,5.14402],[6.88505,5.14402],[6.88505,5.14393],[6.88514,5.14393],[6.88514,5.14375],[6.88505,5.14375],[6.88505,5.14348],[6.88496,5.14348],[6.88496,5.1433],[6.88523,5.1433],[6.88523,5.14312],[6.88532,5.14312],[6.88532,5.14357],[6.88559,5.14357],[6.88559,5.14303],[6.88577,5.14303],[6.88577,5.1433],[6.88568,5.1433],[6.88568,5.14375],[6.88559,5.14375],[6.88559,5.14384],[6.88541,5.14384],[6.88541,5.14393],[6.8855,5.14393],[6.8855,5.14402],[6.88532,5.14402],[6.88532,5.14411],[6.88523,5.14411],[6.88523,5.1442],[6.88514,5.1442],[6.88514,5.14429],[6.88505,5.14429]]]}},{"type":"Feature","properties":{},"geometry":{"geodesic":false,"type":"Polygon","coordinates":[[[6.88505,5.1539],[6.88505,5.15372],[6.88487,5.15372],[6.88487,5.15363],[6.88469,5.15363],[6.88469,5.15354],[6.8846,5.15354],[6.8846,5.15346],[6.88451,5.15346],[6.88451,5.15363],[6.88442,5.15363],[6.88442,5.15354],[6.88433,5.15354],[6.88433,5.15301],[6.8846,5.15301],[6.8846,5.15292],[6.88478,5.15292],[6.88478,5.15283],[6.88487,5.15283],[6.88487,5.15292],[6.88514,5.15292],[6.88514,5.15301],[6.88532,5.15301],[6.88532,5.1531],[6.88541,5.1531],[6.88541,5.15319],[6.88523,5.15319],[6.88523,5.15328],[6.88514,5.15328],[6.88514,5.15346],[6.88523,5.15346],[6.88523,5.15337],[6.88541,5.15337],[6.88541,5.15346],[6.88532,5.15346],[6.88532,5.15354],[6.88523,5.15354],[6.88523,5.15372],[6.88532,5.15372],[6.88532,5.15381],[6.88523,5.15381],[6.88523,5.1539],[6.88505,5.1539]]]}},{"type":"Feature","properties":{},"geometry":{"geodesic":false,"type":"Polygon","coordinates":[[[6.88559,5.14564],[6.88559,5.14555],[6.8855,5.14555],[6.8855,5.14546],[6.88541,5.14546],[6.88541,5.14564],[6.88532,5.14564],[6.88532,5.14546],[6.88523,5.14546],[6.88523,5.14519],[6.88514,5.14519],[6.88514,5.1451],[6.88496,5.1451],[6.88496,5.14519],[6.88487,5.14519],[6.88487,5.14456],[6.88478,5.14456],[6.88478,5.14447],[6.88514,5.14447],[6.88514,5.14438],[6.88541,5.14438],[6.88541,5.14456],[6.88559,5.14456],[6.88559,5.14465],[6.88541,5.14465],[6.88541,5.14474],[6.88559,5.14474],[6.88559,5.14483],[6.88541,5.14483],[6.88541,5.14492],[6.88523,5.14492],[6.88523,5.14519],[6.88532,5.14519],[6.88532,5.1451],[6.88577,5.1451],[6.88577,5.14501],[6.88586,5.14501],[6.88586,5.1451],[6.88604,5.1451],[6.88604,5.14546],[6.88586,5.14546],[6.88586,5.14555],[6.88568,5.14555],[6.88568,5.14564],[6.88559,5.14564]],[[6.88532,5.14474],[6.88505,5.14474],[6.88505,5.14465],[6.88496,5.14465],[6.88496,5.14456],[6.88514,5.14456],[6.88514,5.14465],[6.88532,5.14465],[6.88532,5.14474]]]}},{"type":"Feature","properties":{},"geometry":{"geodesic":false,"type":"Polygon","coordinates":[[[6.88622,5.15678],[6.88622,5.15669],[6.88613,5.15669],[6.88613,5.15651],[6.88604,5.15651],[6.88604,5.15642],[6.88586,5.15642],[6.88586,5.15633],[6.88568,5.15633],[6.88568,5.15624],[6.8855,5.15624],[6.8855,5.15615],[6.88541,5.15615],[6.88541,5.15633],[6.8855,5.15633],[6.8855,5.1566],[6.88541,5.1566],[6.88541,5.15678],[6.88532,5.15678],[6.88532,5.15669],[6.88469,5.15669],[6.88469,5.1566],[6.88451,5.1566],[6.88451,5.15651],[6.88442,5.15651],[6.88442,5.15633],[6.88433,5.15633],[6.88433,5.15624],[6.88415,5.15624],[6.88415,5.15633],[6.88406,5.15633],[6.88406,5.15624],[6.88397,5.15624],[6.88397,5.15606],[6.88424,5.15606],[6.88424,5.15615],[6.88442,5.15615],[6.88442,5.15597],[6.88451,5.15597],[6.88451,5.15606],[6.8846,5.15606],[6.8846,5.15615],[6.88478,5.15615],[6.88478,5.15624],[6.88487,5.15624],[6.88487,5.15633],[6.88514,5.15633],[6.88514,5.15624],[6.88505,5.15624],[6.88505,5.15615],[6.88496,5.15615],[6.88496,5.15606],[6.88505,5.15606],[6.88505,5.15579],[6.88523,5.15579],[6.88523,5.1557],[6.88514,5.1557],[6.88514,5.15552],[6.88523,5.15552],[6.88523,5.15525],[6.88541,5.15525],[6.88541,5.15534],[6.88532,5.15534],[6.88532,5.15543],[6.8855,5.15543],[6.8855,5.15534],[6.88568,5.15534],[6.88568,5.15507],[6.88586,5.15507],[6.88586,5.15516],[6.88613,5.15516],[6.88613,5.15507],[6.88631,5.15507],[6.88631,5.15498],[6.8864,5.15498],[6.8864,5.15489],[6.88648,5.15489],[6.88648,5.15471],[6.8864,5.15471],[6.8864,5.15462],[6.88648,5.15462],[6.88648,5.15453],[6.88657,5.15453],[6.88657,5.15444],[6.88666,5.15444],[6.88666,5.15426],[6.88657,5.15426],[6.88657,5.15417],[6.8864,5.15417],[6.8864,5.15399],[6.88631,5.15399],[6.88631,5.15408],[6.88622,5.15408],[6.88622,5.15346],[6.88631,5.15346],[6.88631,5.15337],[6.88604,5.15337],[6.88604,5.15328],[6.88613,5.15328],[6.88613,5.15319],[6.88604,5.15319],[6.88604,5.1531],[6.88577,5.1531],[6.88577,5.15301],[6.88586,5.15301],[6.88586,5.15292],[6.88595,5.15292],[6.88595,5.15283],[6.88622,5.15283],[6.88622,5.15274],[6.88631,5.15274],[6.88631,5.15292],[6.88657,5.15292],[6.88657,5.15328],[6.88666,5.15328],[6.88666,5.15319],[6.88675,5.15319],[6.88675,5.15337],[6.88684,5.15337],[6.88684,5.15328],[6.8872,5.15328],[6.8872,5.15319],[6.88711,5.15319],[6.88711,5.1531],[6.88729,5.1531],[6.88729,5.15301],[6.88747,5.15301],[6.88747,5.1531],[6.88756,5.1531],[6.88756,5.15319],[6.88783,5.15319],[6.88783,5.15328],[6.88801,5.15328],[6.88801,5.15337],[6.8881,5.15337],[6.8881,5.15346],[6.88801,5.15346],[6.88801,5.15363],[6.88819,5.15363],[6.88819,5.15354],[6.88828,5.15354],[6.88828,5.15346],[6.88855,5.15346],[6.88855,5.15328],[6.88864,5.15328],[6.88864,5.1531],[6.88873,5.1531],[6.88873,5.15319],[6.88891,5.15319],[6.88891,5.15328],[6.88882,5.15328],[6.88882,5.15337],[6.88873,5.15337],[6.88873,5.15346],[6.88855,5.15346],[6.88855,5.15354],[6.88882,5.15354],[6.88882,5.15381],[6.88891,5.15381],[6.88891,5.15399],[6.88882,5.15399],[6.88882,5.15381],[6.88855,5.15381],[6.88855,5.1539],[6.88846,5.1539],[6.88846,5.15399],[6.88864,5.15399],[6.88864,5.15426],[6.88837,5.15426],[6.88837,5.15435],[6.88819,5.15435],[6.88819,5.15444],[6.8881,5.15444],[6.8881,5.15435],[6.88801,5.15435],[6.88801,5.15426],[6.88783,5.15426],[6.88783,5.15408],[6.88774,5.15408],[6.88774,5.15444],[6.88783,5.15444],[6.88783,5.15453],[6.88801,5.15453],[6.88801,5.15462],[6.88783,5.15462],[6.88783,5.15471],[6.88792,5.15471],[6.88792,5.1548],[6.88783,5.1548],[6.88783,5.15498],[6.88756,5.15498],[6.88756,5.15489],[6.88747,5.15489],[6.88747,5.15507],[6.88792,5.15507],[6.88792,5.15489],[6.88801,5.15489],[6.88801,5.15516],[6.88819,5.15516],[6.88819,5.15507],[6.88837,5.15507],[6.88837,5.15516],[6.88855,5.15516],[6.88855,5.15525],[6.88864,5.15525],[6.88864,5.15516],[6.88873,5.15516],[6.88873,5.15534],[6.88864,5.15534],[6.88864,5.15552],[6.88855,5.15552],[6.88855,5.15561],[6.88837,5.15561],[6.88837,5.1557],[6.88819,5.1557],[6.88819,5.15579],[6.8881,5.15579],[6.8881,5.15624],[6.88801,5.15624],[6.88801,5.15633],[6.88774,5.15633],[6.88774,5.1566],[6.88765,5.1566],[6.88765,5.15669],[6.88747,5.15669],[6.88747,5.1566],[6.88729,5.1566],[6.88729,5.15651],[6.88747,5.15651],[6.88747,5.15642],[6.88738,5.15642],[6.88738,5.15633],[6.88729,5.15633],[6.88729,5.15615],[6.8872,5.15615],[6.8872,5.15624],[6.88711,5.15624],[6.88711,5.15615],[6.8872,5.15615],[6.8872,5.15597],[6.88711,5.15597],[6.88711,5.15606],[6.88702,5.15606],[6.88702,5.15597],[6.88693,5.15597],[6.88693,5.15606],[6.88675,5.15606],[6.88675,5.15597],[6.88666,5.15597],[6.88666,5.15606],[6.88657,5.15606],[6.88657,5.15615],[6.8864,5.15615],[6.8864,5.15633],[6.88648,5.15633],[6.88648,5.15642],[6.8864,5.15642],[6.8864,5.15651],[6.88631,5.15651],[6.88631,5.15678],[6.88622,5.15678]],[[6.88738,5.15346],[6.88711,5.15346],[6.88711,5.15337],[6.8872,5.15337],[6.8872,5.15328],[6.88729,5.15328],[6.88729,5.15337],[6.88738,5.15337],[6.88738,5.15346]],[[6.88792,5.15346],[6.88783,5.15346],[6.88783,5.15337],[6.88792,5.15337],[6.88792,5.15346]],[[6.88693,5.15354],[6.88684,5.15354],[6.88684,5.15346],[6.88693,5.15346],[6.88693,5.15354]],[[6.88774,5.15354],[6.88765,5.15354],[6.88765,5.15337],[6.88774,5.15337],[6.88774,5.15354]],[[6.88846,5.15363],[6.88837,5.15363],[6.88837,5.15354],[6.88846,5.15354],[6.88846,5.15363]],[[6.88837,5.15381],[6.88828,5.15381],[6.88828,5.15372],[6.88837,5.15372],[6.88837,5.15381]],[[6.88648,5.1539],[6.8864,5.1539],[6.8864,5.15381],[6.88648,5.15381],[6.88648,5.1539]],[[6.88828,5.15399],[6.8881,5.15399],[6.8881,5.15372],[6.88819,5.15372],[6.88819,5.15381],[6.88828,5.15381],[6.88828,5.15399]],[[6.88774,5.15408],[6.88765,5.15408],[6.88765,5.15399],[6.88774,5.15399],[6.88774,5.15408]],[[6.88819,5.15417],[6.8881,5.15417],[6.8881,5.15408],[6.88819,5.15408],[6.88819,5.15417]],[[6.88855,5.15417],[6.88846,5.15417],[6.88846,5.15408],[6.88855,5.15408],[6.88855,5.15417]],[[6.8881,5.15426],[6.88801,5.15426],[6.88801,5.15417],[6.8881,5.15417],[6.8881,5.15426]],[[6.88765,5.15444],[6.88747,5.15444],[6.88747,5.15435],[6.88765,5.15435],[6.88765,5.15444]],[[6.88738,5.15453],[6.88729,5.15453],[6.88729,5.15444],[6.88738,5.15444],[6.88738,5.15453]],[[6.88774,5.15453],[6.88765,5.15453],[6.88765,5.15444],[6.88774,5.15444],[6.88774,5.15453]],[[6.88568,5.15552],[6.88559,5.15552],[6.88559,5.15543],[6.88568,5.15543],[6.88568,5.15552]],[[6.88648,5.15561],[6.8864,5.15561],[6.8864,5.15552],[6.88648,5.15552],[6.88648,5.15561]],[[6.88774,5.15561],[6.88765,5.15561],[6.88765,5.15552],[6.88774,5.15552],[6.88774,5.15561]],[[6.88604,5.1557],[6.88595,5.1557],[6.88595,5.15561],[6.88604,5.15561],[6.88604,5.1557]],[[6.8881,5.1557],[6.88792,5.1557],[6.88792,5.15552],[6.8881,5.15552],[6.8881,5.1557]],[[6.88792,5.15579],[6.88783,5.15579],[6.88783,5.1557],[6.88792,5.1557],[6.88792,5.15579]],[[6.88648,5.15588],[6.8864,5.15588],[6.8864,5.15579],[6.88648,5.15579],[6.88648,5.15588]],[[6.88666,5.15597],[6.88657,5.15597],[6.88657,5.15579],[6.88648,5.15579],[6.88648,5.15561],[6.88657,5.15561],[6.88657,5.1557],[6.88675,5.1557],[6.88675,5.15552],[6.88666,5.15552],[6.88666,5.15534],[6.88657,5.15534],[6.88657,5.15525],[6.8864,5.15525],[6.8864,5.15507],[6.88648,5.15507],[6.88648,5.15498],[6.88657,5.15498],[6.88657,5.15507],[6.88666,5.15507],[6.88666,5.15516],[6.88675,5.15516],[6.88675,5.15498],[6.88684,5.15498],[6.88684,5.15507],[6.88693,5.15507],[6.88693,5.15498],[6.88702,5.15498],[6.88702,5.15489],[6.88711,5.15489],[6.88711,5.1548],[6.8872,5.1548],[6.8872,5.15498],[6.88711,5.15498],[6.88711,5.15507],[6.8872,5.15507],[6.8872,5.15516],[6.88711,5.15516],[6.88711,5.15552],[6.8872,5.15552],[6.8872,5.15579],[6.88711,5.15579],[6.88711,5.15588],[6.88666,5.15588],[6.88666,5.15597]],[[6.88756,5.15606],[6.88747,5.15606],[6.88747,5.15597],[6.88738,5.15597],[6.88738,5.15588],[6.88747,5.15588],[6.88747,5.15579],[6.88738,5.15579],[6.88738,5.15552],[6.88756,5.15552],[6.88756,5.1557],[6.88765,5.1557],[6.88765,5.15588],[6.88756,5.15588],[6.88756,5.15606]],[[6.88622,5.15624],[6.88604,5.15624],[6.88604,5.15615],[6.88613,5.15615],[6.88613,5.15606],[6.88622,5.15606],[6.88622,5.15597],[6.88631,5.15597],[6.88631,5.15615],[6.88622,5.15615],[6.88622,5.15624]],[[6.88774,5.15633],[6.88765,5.15633],[6.88765,5.15624],[6.88774,5.15624],[6.88774,5.15633]],[[6.88631,5.15642],[6.88613,5.15642],[6.88613,5.15633],[6.88631,5.15633],[6.88631,5.15642]]]}},{"type":"Feature","properties":{},"geometry":{"geodesic":false,"type":"Polygon","coordinates":[[[6.88622,4.91073],[6.88622,4.91064],[6.88595,4.91064],[6.88595,4.91046],[6.88586,4.91046],[6.88586,4.91037],[6.88577,4.91037],[6.88577,4.91028],[6.88586,4.91028],[6.88586,4.91001],[6.88577,4.91001],[6.88577,4.9101],[6.88568,4.9101],[6.88568,4.90992],[6.8855,4.90992],[6.8855,4.90983],[6.88568,4.90983],[6.88568,4.90965],[6.88577,4.90965],[6.88577,4.90974],[6.88586,4.90974],[6.88586,4.91001],[6.88595,4.91001],[6.88595,4.90992],[6.88604,4.90992],[6.88604,4.91001],[6.88622,4.91001],[6.88622,4.9101],[6.8864,4.9101],[6.8864,4.91019],[6.88631,4.91019],[6.88631,4.91037],[6.88648,4.91037],[6.88648,4.91055],[6.88657,4.91055],[6.88657,4.91064],[6.8864,4.91064],[6.8864,4.91073],[6.88622,4.91073]]]}},{"type":"Feature","properties":{},"geometry":{"geodesic":false,"type":"Polygon","coordinates":[[[6.88631,5.06497],[6.88631,5.06488],[6.88622,5.06488],[6.88622,5.06443],[6.88631,5.06443],[6.88631,5.06434],[6.8864,5.06434],[6.8864,5.06425],[6.88648,5.06425],[6.88648,5.06407],[6.88657,5.06407],[6.88657,5.06389],[6.88666,5.06389],[6.88666,5.06326],[6.88675,5.06326],[6.88675,5.06362],[6.88684,5.06362],[6.88684,5.06371],[6.88693,5.06371],[6.88693,5.06407],[6.88684,5.06407],[6.88684,5.06434],[6.88675,5.06434],[6.88675,5.06443],[6.88666,5.06443],[6.88666,5.06452],[6.88657,5.06452],[6.88657,5.06461],[6.88648,5.06461],[6.88648,5.06488],[6.8864,5.06488],[6.8864,5.06497],[6.88631,5.06497]]]}},{"type":"Feature","properties":{},"geometry":{"geodesic":false,"type":"Polygon","coordinates":[[[6.88657,4.91684],[6.88657,4.91675],[6.8864,4.91675],[6.8864,4.91648],[6.88631,4.91648],[6.88631,4.91639],[6.8864,4.91639],[6.8864,4.91621],[6.88648,4.91621],[6.88648,4.91612],[6.88613,4.91612],[6.88613,4.91603],[6.88604,4.91603],[6.88604,4.91585],[6.88613,4.91585],[6.88613,4.91531],[6.88622,4.91531],[6.88622,4.91522],[6.88613,4.91522],[6.88613,4.91513],[6.88622,4.91513],[6.88622,4.91504],[6.88631,4.91504],[6.88631,4.91513],[6.88657,4.91513],[6.88657,4.91522],[6.88675,4.91522],[6.88675,4.91531],[6.88684,4.91531],[6.88684,4.91504],[6.88666,4.91504],[6.88666,4.91495],[6.88702,4.91495],[6.88702,4.91513],[6.88711,4.91513],[6.88711,4.91495],[6.88729,4.91495],[6.88729,4.91522],[6.8872,4.91522],[6.8872,4.9154],[6.88729,4.9154],[6.88729,4.91585],[6.8872,4.91585],[6.8872,4.91603],[6.88711,4.91603],[6.88711,4.91621],[6.88702,4.91621],[6.88702,4.91639],[6.88693,4.91639],[6.88693,4.91657],[6.88666,4.91657],[6.88666,4.91684],[6.88657,4.91684]],[[6.88675,4.91567],[6.88666,4.91567],[6.88666,4.91549],[6.88675,4.91549],[6.88675,4.91567]],[[6.88675,4.91594],[6.88666,4.91594],[6.88666,4.91585],[6.88675,4.91585],[6.88675,4.91594]],[[6.88657,4.91603],[6.88648,4.91603],[6.88648,4.91576],[6.88657,4.91576],[6.88657,4.91567],[6.88666,4.91567],[6.88666,4.91585],[6.88657,4.91585],[6.88657,4.91603]]]}},{"type":"Feature","properties":{},"geometry":{"geodesic":false,"type":"Polygon","coordinates":[[[6.8864,4.91783],[6.8864,4.91774],[6.88622,4.91774],[6.88622,4.91756],[6.88613,4.91756],[6.88613,4.91738],[6.88604,4.91738],[6.88604,4.91747],[6.88577,4.91747],[6.88577,4.91738],[6.88604,4.91738],[6.88604,4.91729],[6.88568,4.91729],[6.88568,4.91738],[6.8855,4.91738],[6.8855,4.91729],[6.88541,4.91729],[6.88541,4.91738],[6.88523,4.91738],[6.88523,4.91711],[6.88505,4.91711],[6.88505,4.91702],[6.88496,4.91702],[6.88496,4.91693],[6.88505,4.91693],[6.88505,4.91666],[6.88496,4.91666],[6.88496,4.91675],[6.88487,4.91675],[6.88487,4.91657],[6.88496,4.91657],[6.88496,4.91648],[6.88505,4.91648],[6.88505,4.9163],[6.88523,4.9163],[6.88523,4.91639],[6.88532,4.91639],[6.88532,4.9163],[6.88541,4.9163],[6.88541,4.91639],[6.88559,4.91639],[6.88559,4.91648],[6.88622,4.91648],[6.88622,4.91657],[6.88631,4.91657],[6.88631,4.91666],[6.88622,4.91666],[6.88622,4.91684],[6.88631,4.91684],[6.88631,4.91693],[6.88622,4.91693],[6.88622,4.91702],[6.88631,4.91702],[6.88631,4.9172],[6.88648,4.9172],[6.88648,4.91711],[6.88684,4.91711],[6.88684,4.9172],[6.88693,4.9172],[6.88693,4.91756],[6.88684,4.91756],[6.88684,4.91765],[6.88666,4.91765],[6.88666,4.91783],[6.8864,4.91783]],[[6.8855,4.91675],[6.88541,4.91675],[6.88541,4.91666],[6.8855,4.91666],[6.8855,4.91675]],[[6.88568,4.91684],[6.8855,4.91684],[6.8855,4.91675],[6.88559,4.91675],[6.88559,4.91666],[6.88568,4.91666],[6.88568,4.91684]],[[6.88586,4.91702],[6.88568,4.91702],[6.88568,4.91693],[6.88586,4.91693],[6.88586,4.91702]],[[6.88586,4.9172],[6.88577,4.9172],[6.88577,4.91711],[6.88586,4.91711],[6.88586,4.9172]],[[6.88622,4.9172],[6.88613,4.9172],[6.88613,4.91711],[6.88622,4.91711],[6.88622,4.9172]],[[6.88631,4.91738],[6.88622,4.91738],[6.88622,4.91729],[6.88631,4.91729],[6.88631,4.91738]],[[6.88648,4.91738],[6.8864,4.91738],[6.8864,4.91729],[6.88648,4.91729],[6.88648,4.91738]]]}},{"type":"Feature","properties":{},"geometry":{"geodesic":false,"type":"Polygon","coordinates":[[[6.88657,5.16109],[6.88657,5.161],[6.88648,5.161],[6.88648,5.16082],[6.88657,5.16082],[6.88657,5.16064],[6.88666,5.16064],[6.88666,5.16055],[6.88675,5.16055],[6.88675,5.16046],[6.88666,5.16046],[6.88666,5.16001],[6.88675,5.16001],[6.88675,5.15992],[6.88684,5.15992],[6.88684,5.15983],[6.88693,5.15983],[6.88693,5.15992],[6.88711,5.15992],[6.88711,5.15983],[6.8872,5.15983],[6.8872,5.16001],[6.88729,5.16001],[6.88729,5.16019],[6.8872,5.16019],[6.8872,5.16028],[6.88729,5.16028],[6.88729,5.16046],[6.8872,5.16046],[6.8872,5.16064],[6.88702,5.16064],[6.88702,5.16055],[6.88711,5.16055],[6.88711,5.16046],[6.88693,5.16046],[6.88693,5.16055],[6.88684,5.16055],[6.88684,5.16091],[6.88675,5.16091],[6.88675,5.161],[6.88666,5.161],[6.88666,5.16109],[6.88657,5.16109]],[[6.88711,5.16019],[6.88702,5.16019],[6.88702,5.1601],[6.88711,5.1601],[6.88711,5.16019]],[[6.88702,5.16028],[6.88693,5.16028],[6.88693,5.16019],[6.88702,5.16019],[6.88702,5.16028]]]}},{"type":"Feature","properties":{},"geometry":{"geodesic":false,"type":"Polygon","coordinates":[[[6.88693,5.15893],[6.88693,5.15885],[6.88684,5.15885],[6.88684,5.15876],[6.88675,5.15876],[6.88675,5.15867],[6.88666,5.15867],[6.88666,5.15858],[6.88675,5.15858],[6.88675,5.15849],[6.88693,5.15849],[6.88693,5.1584],[6.88711,5.1584],[6.88711,5.15831],[6.8872,5.15831],[6.8872,5.15822],[6.88711,5.15822],[6.88711,5.15813],[6.88702,5.15813],[6.88702,5.15822],[6.88684,5.15822],[6.88684,5.15813],[6.88675,5.15813],[6.88675,5.15822],[6.88666,5.15822],[6.88666,5.15831],[6.88657,5.15831],[6.88657,5.15804],[6.8864,5.15804],[6.8864,5.15777],[6.88648,5.15777],[6.88648,5.15768],[6.88684,5.15768],[6.88684,5.1575],[6.88693,5.1575],[6.88693,5.15741],[6.88702,5.15741],[6.88702,5.15759],[6.88711,5.15759],[6.88711,5.15768],[6.8872,5.15768],[6.8872,5.15759],[6.88729,5.15759],[6.88729,5.1575],[6.88747,5.1575],[6.88747,5.15759],[6.88756,5.15759],[6.88756,5.15768],[6.88774,5.15768],[6.88774,5.15786],[6.88792,5.15786],[6.88792,5.15795],[6.88801,5.15795],[6.88801,5.15804],[6.88792,5.15804],[6.88792,5.15813],[6.88783,5.15813],[6.88783,5.15822],[6.88774,5.15822],[6.88774,5.15831],[6.88765,5.15831],[6.88765,5.1584],[6.88774,5.1584],[6.88774,5.15849],[6.88765,5.15849],[6.88765,5.15867],[6.88756,5.15867],[6.88756,5.15885],[6.88747,5.15885],[6.88747,5.15876],[6.88729,5.15876],[6.88729,5.15867],[6.8872,5.15867],[6.8872,5.15893],[6.88693,5.15893]],[[6.88684,5.15786],[6.88675,5.15786],[6.88675,5.15777],[6.88684,5.15777],[6.88684,5.15786]],[[6.88756,5.15822],[6.88747,5.15822],[6.88747,5.15813],[6.88756,5.15813],[6.88756,5.15822]],[[6.88693,5.15876],[6.88684,5.15876],[6.88684,5.15867],[6.88693,5.15867],[6.88693,5.15876]]]}},{"type":"Feature","properties":{},"geometry":{"geodesic":false,"type":"Polygon","coordinates":[[[6.8872,4.99131],[6.8872,4.99113],[6.88729,4.99113],[6.88729,4.99104],[6.88711,4.99104],[6.88711,4.99014],[6.8872,4.99014],[6.8872,4.99005],[6.88729,4.99005],[6.88729,4.98987],[6.88747,4.98987],[6.88747,4.98978],[6.88756,4.98978],[6.88756,4.98987],[6.88765,4.98987],[6.88765,4.98996],[6.88792,4.98996],[6.88792,4.98987],[6.88801,4.98987],[6.88801,4.99014],[6.88828,4.99014],[6.88828,4.99023],[6.88846,4.99023],[6.88846,4.99032],[6.88837,4.99032],[6.88837,4.99059],[6.88828,4.99059],[6.88828,4.99068],[6.88855,4.99068],[6.88855,4.99077],[6.88837,4.99077],[6.88837,4.99086],[6.88819,4.99086],[6.88819,4.99095],[6.8881,4.99095],[6.8881,4.99086],[6.88801,4.99086],[6.88801,4.99104],[6.88783,4.99104],[6.88783,4.99113],[6.88756,4.99113],[6.88756,4.99122],[6.88729,4.99122],[6.88729,4.99131],[6.8872,4.99131]],[[6.88729,4.9905],[6.8872,4.9905],[6.8872,4.99041],[6.88729,4.99041],[6.88729,4.9905]]]}},{"type":"Feature","properties":{},"geometry":{"geodesic":false,"type":"Polygon","coordinates":[[[6.88774,4.92124],[6.88774,4.92097],[6.88783,4.92097],[6.88783,4.92088],[6.88792,4.92088],[6.88792,4.92079],[6.88774,4.92079],[6.88774,4.9207],[6.88729,4.9207],[6.88729,4.92079],[6.8872,4.92079],[6.8872,4.9207],[6.88729,4.9207],[6.88729,4.92052],[6.88738,4.92052],[6.88738,4.92043],[6.88747,4.92043],[6.88747,4.92034],[6.88756,4.92034],[6.88756,4.92016],[6.88747,4.92016],[6.88747,4.92007],[6.88738,4.92007],[6.88738,4.91989],[6.88747,4.91989],[6.88747,4.91971],[6.88738,4.91971],[6.88738,4.91962],[6.8872,4.91962],[6.8872,4.91953],[6.88711,4.91953],[6.88711,4.91962],[6.88702,4.91962],[6.88702,4.91935],[6.88693,4.91935],[6.88693,4.91926],[6.88702,4.91926],[6.88702,4.91917],[6.88693,4.91917],[6.88693,4.91908],[6.88702,4.91908],[6.88702,4.91891],[6.88693,4.91891],[6.88693,4.91899],[6.88684,4.91899],[6.88684,4.91882],[6.88675,4.91882],[6.88675,4.91873],[6.88666,4.91873],[6.88666,4.91864],[6.88684,4.91864],[6.88684,4.9181],[6.88702,4.9181],[6.88702,4.91801],[6.88684,4.91801],[6.88684,4.91774],[6.88711,4.91774],[6.88711,4.91792],[6.8872,4.91792],[6.8872,4.91783],[6.88729,4.91783],[6.88729,4.91792],[6.88747,4.91792],[6.88747,4.9181],[6.88756,4.9181],[6.88756,4.91846],[6.88765,4.91846],[6.88765,4.91882],[6.88756,4.91882],[6.88756,4.91899],[6.88765,4.91899],[6.88765,4.91908],[6.88783,4.91908],[6.88783,4.91891],[6.88774,4.91891],[6.88774,4.91864],[6.88783,4.91864],[6.88783,4.91846],[6.88792,4.91846],[6.88792,4.91828],[6.88783,4.91828],[6.88783,4.91819],[6.88774,4.91819],[6.88774,4.91828],[6.88765,4.91828],[6.88765,4.9181],[6.88792,4.9181],[6.88792,4.91801],[6.8881,4.91801],[6.8881,4.91819],[6.88819,4.91819],[6.88819,4.91882],[6.88837,4.91882],[6.88837,4.91891],[6.88855,4.91891],[6.88855,4.91899],[6.88873,4.91899],[6.88873,4.91917],[6.88882,4.91917],[6.88882,4.91926],[6.88891,4.91926],[6.88891,4.91944],[6.88909,4.91944],[6.88909,4.91935],[6.88918,4.91935],[6.88918,4.91953],[6.88954,4.91953],[6.88954,4.91962],[6.88909,4.91962],[6.88909,4.91989],[6.88945,4.91989],[6.88945,4.91998],[6.88954,4.91998],[6.88954,4.92007],[6.88963,4.92007],[6.88963,4.92025],[6.88972,4.92025],[6.88972,4.92034],[6.88981,4.92034],[6.88981,4.92025],[6.8899,4.92025],[6.8899,4.92016],[6.88981,4.92016],[6.88981,4.92007],[6.8899,4.92007],[6.8899,4.92016],[6.88999,4.92016],[6.88999,4.91998],[6.89008,4.91998],[6.89008,4.91989],[6.89017,4.91989],[6.89017,4.9198],[6.89008,4.9198],[6.89008,4.91971],[6.89017,4.91971],[6.89017,4.91962],[6.89044,4.91962],[6.89044,4.91971],[6.89062,4.91971],[6.89062,4.9198],[6.8908,4.9198],[6.8908,4.91989],[6.89089,4.91989],[6.89089,4.92007],[6.89107,4.92007],[6.89107,4.92016],[6.89098,4.92016],[6.89098,4.92025],[6.89089,4.92025],[6.89089,4.92043],[6.8908,4.92043],[6.8908,4.92052],[6.89062,4.92052],[6.89062,4.92043],[6.89053,4.92043],[6.89053,4.92052],[6.89044,4.92052],[6.89044,4.92043],[6.89026,4.92043],[6.89026,4.92052],[6.89035,4.92052],[6.89035,4.9207],[6.89017,4.9207],[6.89017,4.92079],[6.89008,4.92079],[6.89008,4.9207],[6.88954,4.9207],[6.88954,4.92061],[6.88936,4.92061],[6.88936,4.92052],[6.88927,4.92052],[6.88927,4.92061],[6.88918,4.92061],[6.88918,4.92052],[6.88909,4.92052],[6.88909,4.92043],[6.88891,4.92043],[6.88891,4.92034],[6.88873,4.92034],[6.88873,4.92025],[6.88864,4.92025],[6.88864,4.92016],[6.88855,4.92016],[6.88855,4.92034],[6.88864,4.92034],[6.88864,4.9207],[6.88855,4.9207],[6.88855,4.92079],[6.88846,4.92079],[6.88846,4.92097],[6.88828,4.92097],[6.88828,4.92106],[6.8881,4.92106],[6.8881,4.92115],[6.88783,4.92115],[6.88783,4.92124],[6.88774,4.92124]],[[6.88801,4.91855],[6.88792,4.91855],[6.88792,4.91846],[6.88801,4.91846],[6.88801,4.91855]],[[6.88783,4.91944],[6.88774,4.91944],[6.88774,4.91926],[6.88801,4.91926],[6.88801,4.91935],[6.88783,4.91935],[6.88783,4.91944]],[[6.88891,4.91953],[6.88882,4.91953],[6.88882,4.91944],[6.88891,4.91944],[6.88891,4.91953]],[[6.88756,4.92007],[6.88747,4.92007],[6.88747,4.91998],[6.88756,4.91998],[6.88756,4.92007]],[[6.8881,4.92007],[6.88801,4.92007],[6.88801,4.91998],[6.88792,4.91998],[6.88792,4.91971],[6.88774,4.91971],[6.88774,4.91962],[6.88756,4.91962],[6.88756,4.91953],[6.88783,4.91953],[6.88783,4.91962],[6.88828,4.91962],[6.88828,4.91971],[6.88819,4.91971],[6.88819,4.91998],[6.8881,4.91998],[6.8881,4.92007]],[[6.88801,4.92016],[6.88783,4.92016],[6.88783,4.91998],[6.88792,4.91998],[6.88792,4.92007],[6.88801,4.92007],[6.88801,4.92016]],[[6.89026,4.92007],[6.89017,4.92007],[6.89017,4.91998],[6.89026,4.91998],[6.89026,4.92007]],[[6.89008,4.92025],[6.88999,4.92025],[6.88999,4.92016],[6.89008,4.92016],[6.89008,4.92025]],[[6.88819,4.92043],[6.88801,4.92043],[6.88801,4.92016],[6.8881,4.92016],[6.8881,4.92007],[6.88819,4.92007],[6.88819,4.91998],[6.88828,4.91998],[6.88828,4.9198],[6.88846,4.9198],[6.88846,4.91989],[6.88855,4.91989],[6.88855,4.92016],[6.88837,4.92016],[6.88837,4.92007],[6.88828,4.92007],[6.88828,4.92034],[6.88819,4.92034],[6.88819,4.92043]],[[6.8908,4.92043],[6.89071,4.92043],[6.89071,4.92034],[6.8908,4.92034],[6.8908,4.92043]],[[6.88801,4.92061],[6.88792,4.92061],[6.88792,4.92052],[6.88801,4.92052],[6.88801,4.92061]]]}},{"type":"Feature","properties":{},"geometry":{"geodesic":false,"type":"Polygon","coordinates":[[[6.88747,4.99347],[6.88747,4.99311],[6.88756,4.99311],[6.88756,4.99302],[6.88738,4.99302],[6.88738,4.99284],[6.88756,4.99284],[6.88756,4.99275],[6.88765,4.99275],[6.88765,4.99284],[6.88774,4.99284],[6.88774,4.99275],[6.88783,4.99275],[6.88783,4.99284],[6.88801,4.99284],[6.88801,4.99248],[6.8881,4.99248],[6.8881,4.99239],[6.88819,4.99239],[6.88819,4.99248],[6.88828,4.99248],[6.88828,4.99257],[6.88837,4.99257],[6.88837,4.99284],[6.88828,4.99284],[6.88828,4.99302],[6.88837,4.99302],[6.88837,4.9932],[6.88828,4.9932],[6.88828,4.99338],[6.88819,4.99338],[6.88819,4.99347],[6.88747,4.99347]],[[6.88774,4.99311],[6.88765,4.99311],[6.88765,4.99302],[6.88774,4.99302],[6.88774,4.99311]],[[6.88801,4.99311],[6.88783,4.99311],[6.88783,4.99302],[6.88774,4.99302],[6.88774,4.99293],[6.88792,4.99293],[6.88792,4.99302],[6.88801,4.99302],[6.88801,4.99311]]]}},{"type":"Feature","properties":{},"geometry":{"geodesic":false,"type":"Polygon","coordinates":[[[6.88846,5.1336],[6.88846,5.13351],[6.88828,5.13351],[6.88828,5.13342],[6.88819,5.13342],[6.88819,5.13315],[6.8881,5.13315],[6.8881,5.13297],[6.88801,5.13297],[6.88801,5.1327],[6.8881,5.1327],[6.8881,5.13243],[6.88819,5.13243],[6.88819,5.13234],[6.88801,5.13234],[6.88801,5.13225],[6.88792,5.13225],[6.88792,5.13217],[6.88783,5.13217],[6.88783,5.13208],[6.88774,5.13208],[6.88774,5.13199],[6.88765,5.13199],[6.88765,5.1319],[6.88774,5.1319],[6.88774,5.13181],[6.88783,5.13181],[6.88783,5.13172],[6.88819,5.13172],[6.88819,5.13163],[6.88828,5.13163],[6.88828,5.13154],[6.88855,5.13154],[6.88855,5.13163],[6.88837,5.13163],[6.88837,5.13172],[6.88864,5.13172],[6.88864,5.13181],[6.88873,5.13181],[6.88873,5.13172],[6.88891,5.13172],[6.88891,5.13163],[6.889,5.13163],[6.889,5.13154],[6.88909,5.13154],[6.88909,5.13163],[6.88927,5.13163],[6.88927,5.13208],[6.88945,5.13208],[6.88945,5.13181],[6.88954,5.13181],[6.88954,5.13199],[6.88981,5.13199],[6.88981,5.1319],[6.8899,5.1319],[6.8899,5.13181],[6.88972,5.13181],[6.88972,5.13172],[6.88981,5.13172],[6.88981,5.13163],[6.89008,5.13163],[6.89008,5.13172],[6.89017,5.13172],[6.89017,5.13181],[6.89035,5.13181],[6.89035,5.13172],[6.89026,5.13172],[6.89026,5.13163],[6.89035,5.13163],[6.89035,5.13154],[6.89044,5.13154],[6.89044,5.13163],[6.89062,5.13163],[6.89062,5.13136],[6.89071,5.13136],[6.89071,5.13163],[6.8908,5.13163],[6.8908,5.13172],[6.89089,5.13172],[6.89089,5.13181],[6.89098,5.13181],[6.89098,5.1319],[6.89089,5.1319],[6.89089,5.13181],[6.89071,5.13181],[6.89071,5.1319],[6.89062,5.1319],[6.89062,5.13172],[6.89053,5.13172],[6.89053,5.13199],[6.89062,5.13199],[6.89062,5.13208],[6.89053,5.13208],[6.89053,5.13199],[6.89044,5.13199],[6.89044,5.13208],[6.89026,5.13208],[6.89026,5.13217],[6.89017,5.13217],[6.89017,5.13208],[6.89008,5.13208],[6.89008,5.13199],[6.88999,5.13199],[6.88999,5.13208],[6.8899,5.13208],[6.8899,5.13199],[6.88981,5.13199],[6.88981,5.13225],[6.88972,5.13225],[6.88972,5.13234],[6.88981,5.13234],[6.88981,5.13243],[6.88972,5.13243],[6.88972,5.13252],[6.88963,5.13252],[6.88963,5.13261],[6.88954,5.13261],[6.88954,5.13279],[6.88945,5.13279],[6.88945,5.13297],[6.88927,5.13297],[6.88927,5.13288],[6.88918,5.13288],[6.88918,5.13279],[6.889,5.13279],[6.889,5.13261],[6.88891,5.13261],[6.88891,5.13217],[6.88882,5.13217],[6.88882,5.13225],[6.88873,5.13225],[6.88873,5.13234],[6.88864,5.13234],[6.88864,5.13243],[6.88855,5.13243],[6.88855,5.13252],[6.88819,5.13252],[6.88819,5.13315],[6.88846,5.13315],[6.88846,5.13342],[6.88855,5.13342],[6.88855,5.1336],[6.88846,5.1336]],[[6.88999,5.13199],[6.8899,5.13199],[6.8899,5.1319],[6.88999,5.1319],[6.88999,5.13199]],[[6.88954,5.13225],[6.88936,5.13225],[6.88936,5.13217],[6.88954,5.13217],[6.88954,5.13225]]]}},{"type":"Feature","properties":{},"geometry":{"geodesic":false,"type":"Polygon","coordinates":[[[6.88936,4.9092],[6.88936,4.90911],[6.88882,4.90911],[6.88882,4.90884],[6.88855,4.90884],[6.88855,4.90857],[6.88837,4.90857],[6.88837,4.90848],[6.88828,4.90848],[6.88828,4.90839],[6.88837,4.90839],[6.88837,4.90822],[6.88828,4.90822],[6.88828,4.90786],[6.88819,4.90786],[6.88819,4.90777],[6.8881,4.90777],[6.8881,4.90768],[6.88855,4.90768],[6.88855,4.90777],[6.88864,4.90777],[6.88864,4.90786],[6.88873,4.90786],[6.88873,4.90795],[6.88882,4.90795],[6.88882,4.90813],[6.88891,4.90813],[6.88891,4.90822],[6.889,4.90822],[6.889,4.9083],[6.88909,4.9083],[6.88909,4.90839],[6.88918,4.90839],[6.88918,4.90857],[6.88927,4.90857],[6.88927,4.90866],[6.88936,4.90866],[6.88936,4.90875],[6.88927,4.90875],[6.88927,4.90884],[6.88936,4.90884],[6.88936,4.90893],[6.88945,4.90893],[6.88945,4.90902],[6.88954,4.90902],[6.88954,4.90911],[6.88945,4.90911],[6.88945,4.9092],[6.88936,4.9092]],[[6.889,4.90893],[6.88891,4.90893],[6.88891,4.90884],[6.889,4.90884],[6.889,4.90893]],[[6.88945,4.90911],[6.88936,4.90911],[6.88936,4.90902],[6.88945,4.90902],[6.88945,4.90911]]]}},{"type":"Feature","properties":{},"geometry":{"geodesic":false,"type":"Polygon","coordinates":[[[6.88963,5.19711],[6.88963,5.19702],[6.88945,5.19702],[6.88945,5.19711],[6.88927,5.19711],[6.88927,5.19693],[6.88936,5.19693],[6.88936,5.19684],[6.88945,5.19684],[6.88945,5.19675],[6.88954,5.19675],[6.88954,5.19666],[6.88963,5.19666],[6.88963,5.19648],[6.88972,5.19648],[6.88972,5.19639],[6.8899,5.19639],[6.8899,5.19621],[6.89008,5.19621],[6.89008,5.19613],[6.89017,5.19613],[6.89017,5.19595],[6.89008,5.19595],[6.89008,5.19586],[6.89017,5.19586],[6.89017,5.19577],[6.89008,5.19577],[6.89008,5.19568],[6.89026,5.19568],[6.89026,5.19577],[6.89035,5.19577],[6.89035,5.19586],[6.89044,5.19586],[6.89044,5.19595],[6.89062,5.19595],[6.89062,5.19604],[6.89053,5.19604],[6.89053,5.19613],[6.89062,5.19613],[6.89062,5.19621],[6.89053,5.19621],[6.89053,5.1963],[6.89044,5.1963],[6.89044,5.19639],[6.89035,5.19639],[6.89035,5.19657],[6.89044,5.19657],[6.89044,5.19648],[6.89053,5.19648],[6.89053,5.19639],[6.89062,5.19639],[6.89062,5.19675],[6.89044,5.19675],[6.89044,5.19666],[6.89035,5.19666],[6.89035,5.19675],[6.89008,5.19675],[6.89008,5.19684],[6.8899,5.19684],[6.8899,5.19693],[6.88981,5.19693],[6.88981,5.19702],[6.88972,5.19702],[6.88972,5.19711],[6.88963,5.19711]]]}},{"type":"Feature","properties":{},"geometry":{"geodesic":false,"type":"Polygon","coordinates":[[[6.89008,5.14762],[6.89008,5.14744],[6.88981,5.14744],[6.88981,5.14735],[6.88972,5.14735],[6.88972,5.14726],[6.88963,5.14726],[6.88963,5.14708],[6.88972,5.14708],[6.88972,5.14663],[6.8899,5.14663],[6.8899,5.14654],[6.88999,5.14654],[6.88999,5.14672],[6.89008,5.14672],[6.89008,5.14645],[6.88999,5.14645],[6.88999,5.14627],[6.89008,5.14627],[6.89008,5.14636],[6.89017,5.14636],[6.89017,5.14627],[6.89044,5.14627],[6.89044,5.14645],[6.89035,5.14645],[6.89035,5.14654],[6.89026,5.14654],[6.89026,5.14663],[6.89053,5.14663],[6.89053,5.14645],[6.8908,5.14645],[6.8908,5.14654],[6.89098,5.14654],[6.89098,5.14645],[6.89107,5.14645],[6.89107,5.14654],[6.89098,5.14654],[6.89098,5.14672],[6.89089,5.14672],[6.89089,5.14699],[6.89098,5.14699],[6.89098,5.14708],[6.8908,5.14708],[6.8908,5.14717],[6.89071,5.14717],[6.89071,5.14726],[6.89062,5.14726],[6.89062,5.14699],[6.89053,5.14699],[6.89053,5.14681],[6.89044,5.14681],[6.89044,5.14672],[6.89026,5.14672],[6.89026,5.1469],[6.89035,5.1469],[6.89035,5.14699],[6.89026,5.14699],[6.89026,5.14708],[6.89017,5.14708],[6.89017,5.14717],[6.88999,5.14717],[6.88999,5.14735],[6.89008,5.14735],[6.89008,5.14744],[6.89017,5.14744],[6.89017,5.14762],[6.89008,5.14762]],[[6.89017,5.14681],[6.89008,5.14681],[6.89008,5.14672],[6.89017,5.14672],[6.89017,5.14681]]]}},{"type":"Feature","properties":{},"geometry":{"geodesic":false,"type":"Polygon","coordinates":[[[6.89008,5.18948],[6.89008,5.18939],[6.89017,5.18939],[6.89017,5.18912],[6.89008,5.18912],[6.89008,5.18885],[6.88999,5.18885],[6.88999,5.18867],[6.8899,5.18867],[6.8899,5.18858],[6.88972,5.18858],[6.88972,5.18831],[6.88999,5.18831],[6.88999,5.18822],[6.8899,5.18822],[6.8899,5.18813],[6.88999,5.18813],[6.88999,5.18822],[6.89017,5.18822],[6.89017,5.18831],[6.89035,5.18831],[6.89035,5.18849],[6.89044,5.18849],[6.89044,5.18858],[6.89053,5.18858],[6.89053,5.18876],[6.89062,5.18876],[6.89062,5.18885],[6.89053,5.18885],[6.89053,5.18894],[6.89062,5.18894],[6.89062,5.18903],[6.89053,5.18903],[6.89053,5.18912],[6.89044,5.18912],[6.89044,5.1893],[6.89026,5.1893],[6.89026,5.18939],[6.89017,5.18939],[6.89017,5.18948],[6.89008,5.18948]]]}},{"type":"Feature","properties":{},"geometry":{"geodesic":false,"type":"Polygon","coordinates":[[[6.89035,5.19855],[6.89035,5.19846],[6.8899,5.19846],[6.8899,5.19837],[6.88981,5.19837],[6.88981,5.19828],[6.88972,5.19828],[6.88972,5.19819],[6.88963,5.19819],[6.88963,5.1981],[6.88972,5.1981],[6.88972,5.19792],[6.88963,5.19792],[6.88963,5.19783],[6.88936,5.19783],[6.88936,5.19774],[6.88918,5.19774],[6.88918,5.19765],[6.88927,5.19765],[6.88927,5.19756],[6.88918,5.19756],[6.88918,5.19747],[6.88927,5.19747],[6.88927,5.1972],[6.88963,5.1972],[6.88963,5.19729],[6.88954,5.19729],[6.88954,5.19738],[6.88963,5.19738],[6.88963,5.19756],[6.8899,5.19756],[6.8899,5.19774],[6.89008,5.19774],[6.89008,5.19765],[6.89017,5.19765],[6.89017,5.19756],[6.89026,5.19756],[6.89026,5.19765],[6.89035,5.19765],[6.89035,5.19783],[6.89026,5.19783],[6.89026,5.19792],[6.89017,5.19792],[6.89017,5.19801],[6.89026,5.19801],[6.89026,5.1981],[6.89053,5.1981],[6.89053,5.19819],[6.89062,5.19819],[6.89062,5.19846],[6.89053,5.19846],[6.89053,5.19855],[6.89035,5.19855]],[[6.88936,5.19756],[6.88927,5.19756],[6.88927,5.19747],[6.88936,5.19747],[6.88936,5.19756]]]}},{"type":"Feature","properties":{},"geometry":{"geodesic":false,"type":"Polygon","coordinates":[[[6.89071,5.14995],[6.89071,5.14977],[6.89062,5.14977],[6.89062,5.14968],[6.89044,5.14968],[6.89044,5.14977],[6.89035,5.14977],[6.89035,5.14995],[6.89026,5.14995],[6.89026,5.14977],[6.89035,5.14977],[6.89035,5.14968],[6.89044,5.14968],[6.89044,5.14959],[6.89026,5.14959],[6.89026,5.14968],[6.89017,5.14968],[6.89017,5.1495],[6.89008,5.1495],[6.89008,5.14941],[6.88999,5.14941],[6.88999,5.14932],[6.8899,5.14932],[6.8899,5.14923],[6.88999,5.14923],[6.88999,5.14914],[6.88981,5.14914],[6.88981,5.14905],[6.8899,5.14905],[6.8899,5.14896],[6.89017,5.14896],[6.89017,5.14905],[6.89008,5.14905],[6.89008,5.14914],[6.89035,5.14914],[6.89035,5.14905],[6.89053,5.14905],[6.89053,5.14914],[6.89071,5.14914],[6.89071,5.14932],[6.89062,5.14932],[6.89062,5.14941],[6.8908,5.14941],[6.8908,5.14932],[6.89098,5.14932],[6.89098,5.14914],[6.89107,5.14914],[6.89107,5.14905],[6.89071,5.14905],[6.89071,5.14896],[6.89107,5.14896],[6.89107,5.14905],[6.89116,5.14905],[6.89116,5.14914],[6.89125,5.14914],[6.89125,5.1495],[6.89116,5.1495],[6.89116,5.14977],[6.89089,5.14977],[6.89089,5.14986],[6.8908,5.14986],[6.8908,5.14995],[6.89071,5.14995]],[[6.8908,5.14968],[6.89071,5.14968],[6.89071,5.14959],[6.89062,5.14959],[6.89062,5.1495],[6.8908,5.1495],[6.8908,5.14968]]]}},{"type":"Feature","properties":{},"geometry":{"geodesic":false,"type":"Polygon","coordinates":[[[6.89062,4.99212],[6.89062,4.99203],[6.89044,4.99203],[6.89044,4.99212],[6.89035,4.99212],[6.89035,4.99185],[6.89008,4.99185],[6.89008,4.99167],[6.89017,4.99167],[6.89017,4.99158],[6.89098,4.99158],[6.89098,4.99149],[6.89107,4.99149],[6.89107,4.99158],[6.89116,4.99158],[6.89116,4.99167],[6.89134,4.99167],[6.89134,4.99176],[6.89143,4.99176],[6.89143,4.99185],[6.89134,4.99185],[6.89134,4.99203],[6.89116,4.99203],[6.89116,4.99194],[6.89107,4.99194],[6.89107,4.99203],[6.89098,4.99203],[6.89098,4.99212],[6.89062,4.99212]]]}},{"type":"Feature","properties":{},"geometry":{"geodesic":false,"type":"Polygon","coordinates":[[[6.8917,5.18014],[6.89161,5.18014],[6.89161,5.18022],[6.89152,5.18022],[6.89152,5.18031],[6.89143,5.18031],[6.89143,5.18022],[6.89152,5.18022],[6.89152,5.18005],[6.89143,5.18005],[6.89143,5.17987],[6.89134,5.17987],[6.89134,5.17978],[6.89152,5.17978],[6.89152,5.17969],[6.89143,5.17969],[6.89143,5.17951],[6.89134,5.17951],[6.89134,5.17942],[6.89116,5.17942],[6.89116,5.17951],[6.89107,5.17951],[6.89107,5.17942],[6.89098,5.17942],[6.89098,5.1796],[6.89089,5.1796],[6.89089,5.17951],[6.8908,5.17951],[6.8908,5.17924],[6.89071,5.17924],[6.89071,5.17915],[6.89044,5.17915],[6.89044,5.17924],[6.89035,5.17924],[6.89035,5.17915],[6.89026,5.17915],[6.89026,5.17861],[6.89017,5.17861],[6.89017,5.17843],[6.89008,5.17843],[6.89008,5.17834],[6.88999,5.17834],[6.88999,5.17816],[6.8899,5.17816],[6.8899,5.17807],[6.88999,5.17807],[6.88999,5.17816],[6.89008,5.17816],[6.89008,5.17834],[6.89017,5.17834],[6.89017,5.17825],[6.89026,5.17825],[6.89026,5.17807],[6.89035,5.17807],[6.89035,5.17816],[6.89053,5.17816],[6.89053,5.17807],[6.89062,5.17807],[6.89062,5.17798],[6.89071,5.17798],[6.89071,5.17807],[6.8908,5.17807],[6.8908,5.17798],[6.89089,5.17798],[6.89089,5.17789],[6.89098,5.17789],[6.89098,5.17771],[6.89107,5.17771],[6.89107,5.1778],[6.89116,5.1778],[6.89116,5.17789],[6.89152,5.17789],[6.89152,5.17798],[6.89161,5.17798],[6.89161,5.17807],[6.89196,5.17807],[6.89196,5.17798],[6.89179,5.17798],[6.89179,5.1778],[6.8917,5.1778],[6.8917,5.17771],[6.89179,5.17771],[6.89179,5.17762],[6.89196,5.17762],[6.89196,5.17771],[6.89205,5.17771],[6.89205,5.1778],[6.89214,5.1778],[6.89214,5.17789],[6.89223,5.17789],[6.89223,5.17798],[6.89232,5.17798],[6.89232,5.17807],[6.89196,5.17807],[6.89196,5.17816],[6.89187,5.17816],[6.89187,5.17843],[6.89179,5.17843],[6.89179,5.17852],[6.8917,5.17852],[6.8917,5.17861],[6.89161,5.17861],[6.89161,5.17897],[6.89143,5.17897],[6.89143,5.17906],[6.89134,5.17906],[6.89134,5.17915],[6.89143,5.17915],[6.89143,5.17924],[6.89161,5.17924],[6.89161,5.17915],[6.8917,5.17915],[6.8917,5.17906],[6.89179,5.17906],[6.89179,5.17915],[6.8917,5.17915],[6.8917,5.17924],[6.89179,5.17924],[6.89179,5.17933],[6.89187,5.17933],[6.89187,5.17942],[6.89179,5.17942],[6.89179,5.1796],[6.8917,5.1796],[6.8917,5.17978],[6.89161,5.17978],[6.89161,5.17987],[6.8917,5.17987],[6.8917,5.18014]],[[6.89053,5.17852],[6.89044,5.17852],[6.89044,5.17843],[6.89053,5.17843],[6.89053,5.17852]],[[6.89044,5.17861],[6.89026,5.17861],[6.89026,5.17843],[6.89035,5.17843],[6.89035,5.17852],[6.89044,5.17852],[6.89044,5.17861]],[[6.89089,5.1787],[6.8908,5.1787],[6.8908,5.17861],[6.89062,5.17861],[6.89062,5.17852],[6.8908,5.17852],[6.8908,5.17843],[6.89053,5.17843],[6.89053,5.17834],[6.89062,5.17834],[6.89062,5.17816],[6.89071,5.17816],[6.89071,5.17825],[6.89089,5.17825],[6.89089,5.17834],[6.89098,5.17834],[6.89098,5.17861],[6.89089,5.17861],[6.89089,5.1787]],[[6.89161,5.17942],[6.89152,5.17942],[6.89152,5.17933],[6.89161,5.17933],[6.89161,5.17942]],[[6.89152,5.17951],[6.89143,5.17951],[6.89143,5.17942],[6.89152,5.17942],[6.89152,5.17951]],[[6.89161,5.17969],[6.89152,5.17969],[6.89152,5.1796],[6.89161,5.1796],[6.89161,5.17969]]]}},{"type":"Feature","properties":{},"geometry":{"geodesic":false,"type":"Polygon","coordinates":[[[6.89161,4.99122],[6.89161,4.99113],[6.89143,4.99113],[6.89143,4.99086],[6.89134,4.99086],[6.89134,4.99041],[6.89125,4.99041],[6.89125,4.99023],[6.89134,4.99023],[6.89134,4.99014],[6.89143,4.99014],[6.89143,4.99005],[6.89152,4.99005],[6.89152,4.99014],[6.89161,4.99014],[6.89161,4.99032],[6.8917,4.99032],[6.8917,4.99041],[6.89179,4.99041],[6.89179,4.9905],[6.89187,4.9905],[6.89187,4.99041],[6.89196,4.99041],[6.89196,4.99032],[6.89205,4.99032],[6.89205,4.99059],[6.89214,4.99059],[6.89214,4.99095],[6.89205,4.99095],[6.89205,4.99113],[6.8917,4.99113],[6.8917,4.99122],[6.89161,4.99122]]]}},{"type":"Feature","properties":{},"geometry":{"geodesic":false,"type":"Polygon","coordinates":[[[6.89134,5.15058],[6.89134,5.15049],[6.89143,5.15049],[6.89143,5.1504],[6.89134,5.1504],[6.89134,5.15031],[6.89116,5.15031],[6.89116,5.15049],[6.89107,5.15049],[6.89107,5.15022],[6.89098,5.15022],[6.89098,5.15031],[6.89089,5.15031],[6.89089,5.15004],[6.89098,5.15004],[6.89098,5.15013],[6.89107,5.15013],[6.89107,5.15004],[6.89116,5.15004],[6.89116,5.14995],[6.89107,5.14995],[6.89107,5.14986],[6.89116,5.14986],[6.89116,5.14995],[6.89152,5.14995],[6.89152,5.14986],[6.89161,5.14986],[6.89161,5.15004],[6.89179,5.15004],[6.89179,5.15022],[6.89187,5.15022],[6.89187,5.1504],[6.89179,5.1504],[6.89179,5.15049],[6.8917,5.15049],[6.8917,5.15058],[6.89134,5.15058]],[[6.8917,5.15049],[6.89161,5.15049],[6.89161,5.1504],[6.8917,5.1504],[6.8917,5.15049]]]}},{"type":"Feature","properties":{},"geometry":{"geodesic":false,"type":"Polygon","coordinates":[[[6.89268,5.14753],[6.89268,5.14735],[6.89259,5.14735],[6.89259,5.14726],[6.89268,5.14726],[6.89268,5.14708],[6.89259,5.14708],[6.89259,5.14717],[6.89241,5.14717],[6.89241,5.14708],[6.89232,5.14708],[6.89232,5.14717],[6.89223,5.14717],[6.89223,5.14726],[6.89214,5.14726],[6.89214,5.14735],[6.89205,5.14735],[6.89205,5.14726],[6.89214,5.14726],[6.89214,5.14717],[6.89196,5.14717],[6.89196,5.14708],[6.89205,5.14708],[6.89205,5.14699],[6.89223,5.14699],[6.89223,5.14681],[6.89214,5.14681],[6.89214,5.14672],[6.89205,5.14672],[6.89205,5.14681],[6.89187,5.14681],[6.89187,5.14672],[6.8917,5.14672],[6.8917,5.14645],[6.89179,5.14645],[6.89179,5.14654],[6.89187,5.14654],[6.89187,5.14645],[6.89196,5.14645],[6.89196,5.14636],[6.89187,5.14636],[6.89187,5.14627],[6.89196,5.14627],[6.89196,5.14636],[6.89205,5.14636],[6.89205,5.14645],[6.89196,5.14645],[6.89196,5.14654],[6.89214,5.14654],[6.89214,5.14663],[6.89223,5.14663],[6.89223,5.14654],[6.89241,5.14654],[6.89241,5.14663],[6.8925,5.14663],[6.8925,5.14672],[6.89259,5.14672],[6.89259,5.14663],[6.89286,5.14663],[6.89286,5.14681],[6.89268,5.14681],[6.89268,5.14708],[6.89277,5.14708],[6.89277,5.14726],[6.89286,5.14726],[6.89286,5.14735],[6.89277,5.14735],[6.89277,5.14753],[6.89268,5.14753]],[[6.89205,5.14672],[6.89196,5.14672],[6.89196,5.14663],[6.89205,5.14663],[6.89205,5.14672]],[[6.8925,5.14708],[6.89241,5.14708],[6.89241,5.14699],[6.8925,5.14699],[6.8925,5.14708]]]}},{"type":"Feature","properties":{},"geometry":{"geodesic":false,"type":"Polygon","coordinates":[[[6.89304,5.1637],[6.89304,5.16361],[6.89295,5.16361],[6.89295,5.16352],[6.89304,5.16352],[6.89304,5.16334],[6.89295,5.16334],[6.89295,5.16316],[6.89286,5.16316],[6.89286,5.16325],[6.89277,5.16325],[6.89277,5.16334],[6.89286,5.16334],[6.89286,5.16352],[6.89259,5.16352],[6.89259,5.16343],[6.89241,5.16343],[6.89241,5.16334],[6.8925,5.16334],[6.8925,5.16325],[6.89241,5.16325],[6.89241,5.16316],[6.89259,5.16316],[6.89259,5.16298],[6.8925,5.16298],[6.8925,5.16289],[6.89241,5.16289],[6.89241,5.1628],[6.89232,5.1628],[6.89232,5.16271],[6.89241,5.16271],[6.89241,5.16262],[6.89232,5.16262],[6.89232,5.16244],[6.89268,5.16244],[6.89268,5.1628],[6.89277,5.1628],[6.89277,5.16271],[6.89286,5.16271],[6.89286,5.1628],[6.89277,5.1628],[6.89277,5.16289],[6.89259,5.16289],[6.89259,5.16298],[6.89286,5.16298],[6.89286,5.16307],[6.89295,5.16307],[6.89295,5.16316],[6.89304,5.16316],[6.89304,5.16325],[6.89322,5.16325],[6.89322,5.16316],[6.89331,5.16316],[6.89331,5.16307],[6.8934,5.16307],[6.8934,5.16316],[6.89349,5.16316],[6.89349,5.16334],[6.89331,5.16334],[6.89331,5.16343],[6.8934,5.16343],[6.8934,5.16352],[6.89331,5.16352],[6.89331,5.1637],[6.89304,5.1637]],[[6.89277,5.16325],[6.89268,5.16325],[6.89268,5.16316],[6.89277,5.16316],[6.89277,5.16325]],[[6.89322,5.16361],[6.89313,5.16361],[6.89313,5.16343],[6.89322,5.16343],[6.89322,5.16361]]]}},{"type":"Feature","properties":{},"geometry":{"geodesic":false,"type":"Polygon","coordinates":[[[6.89331,5.17906],[6.89331,5.17897],[6.89322,5.17897],[6.89322,5.17888],[6.89313,5.17888],[6.89313,5.17897],[6.89304,5.17897],[6.89304,5.17879],[6.89295,5.17879],[6.89295,5.1787],[6.89286,5.1787],[6.89286,5.17888],[6.89259,5.17888],[6.89259,5.17897],[6.8925,5.17897],[6.8925,5.17906],[6.89241,5.17906],[6.89241,5.17888],[6.89232,5.17888],[6.89232,5.17906],[6.89205,5.17906],[6.89205,5.17879],[6.89232,5.17879],[6.89232,5.1787],[6.89214,5.1787],[6.89214,5.17852],[6.89223,5.17852],[6.89223,5.17843],[6.89232,5.17843],[6.89232,5.17852],[6.89241,5.17852],[6.89241,5.17861],[6.8925,5.17861],[6.8925,5.17852],[6.89268,5.17852],[6.89268,5.17843],[6.89277,5.17843],[6.89277,5.17852],[6.89286,5.17852],[6.89286,5.17834],[6.89295,5.17834],[6.89295,5.17816],[6.89304,5.17816],[6.89304,5.17807],[6.89322,5.17807],[6.89322,5.17798],[6.89331,5.17798],[6.89331,5.17816],[6.89313,5.17816],[6.89313,5.17834],[6.89304,5.17834],[6.89304,5.17852],[6.89331,5.17852],[6.89331,5.17861],[6.89322,5.17861],[6.89322,5.17888],[6.89331,5.17888],[6.89331,5.17879],[6.89349,5.17879],[6.89349,5.1787],[6.89358,5.1787],[6.89358,5.17861],[6.89349,5.17861],[6.89349,5.17852],[6.89358,5.17852],[6.89358,5.17843],[6.89349,5.17843],[6.89349,5.17807],[6.89358,5.17807],[6.89358,5.17816],[6.89367,5.17816],[6.89367,5.17798],[6.89358,5.17798],[6.89358,5.17789],[6.89376,5.17789],[6.89376,5.1778],[6.89367,5.1778],[6.89367,5.17771],[6.89403,5.17771],[6.89403,5.17789],[6.89394,5.17789],[6.89394,5.17807],[6.89403,5.17807],[6.89403,5.17825],[6.89394,5.17825],[6.89394,5.17834],[6.89385,5.17834],[6.89385,5.17843],[6.89376,5.17843],[6.89376,5.17852],[6.89385,5.17852],[6.89385,5.1787],[6.89394,5.1787],[6.89394,5.17861],[6.8943,5.17861],[6.8943,5.1787],[6.89421,5.1787],[6.89421,5.17888],[6.89385,5.17888],[6.89385,5.17897],[6.89376,5.17897],[6.89376,5.17888],[6.89367,5.17888],[6.89367,5.17897],[6.89349,5.17897],[6.89349,5.17906],[6.89331,5.17906]],[[6.89367,5.17834],[6.89358,5.17834],[6.89358,5.17825],[6.89367,5.17825],[6.89367,5.17834]],[[6.8934,5.17897],[6.89331,5.17897],[6.89331,5.17888],[6.8934,5.17888],[6.8934,5.17897]]]}},{"type":"Feature","properties":{},"geometry":{"geodesic":false,"type":"Polygon","coordinates":[[[6.89376,4.92196],[6.89376,4.92187],[6.89367,4.92187],[6.89367,4.92169],[6.8934,4.92169],[6.8934,4.92151],[6.89331,4.92151],[6.89331,4.92142],[6.89322,4.92142],[6.89322,4.92151],[6.89313,4.92151],[6.89313,4.92169],[6.89295,4.92169],[6.89295,4.92178],[6.89268,4.92178],[6.89268,4.92187],[6.8925,4.92187],[6.8925,4.92169],[6.89241,4.92169],[6.89241,4.9216],[6.89223,4.9216],[6.89223,4.92169],[6.89205,4.92169],[6.89205,4.9216],[6.89196,4.9216],[6.89196,4.92169],[6.89161,4.92169],[6.89161,4.9216],[6.89143,4.9216],[6.89143,4.92142],[6.89134,4.92142],[6.89134,4.92133],[6.89125,4.92133],[6.89125,4.92115],[6.89116,4.92115],[6.89116,4.92106],[6.89107,4.92106],[6.89107,4.92115],[6.89098,4.92115],[6.89098,4.92106],[6.89089,4.92106],[6.89089,4.92097],[6.8908,4.92097],[6.8908,4.92088],[6.89071,4.92088],[6.89071,4.92079],[6.89062,4.92079],[6.89062,4.9207],[6.89098,4.9207],[6.89098,4.92061],[6.89107,4.92061],[6.89107,4.9207],[6.89116,4.9207],[6.89116,4.92061],[6.89125,4.92061],[6.89125,4.9207],[6.89179,4.9207],[6.89179,4.92079],[6.89187,4.92079],[6.89187,4.92061],[6.89205,4.92061],[6.89205,4.9207],[6.89223,4.9207],[6.89223,4.92106],[6.89241,4.92106],[6.89241,4.92115],[6.89232,4.92115],[6.89232,4.92124],[6.89277,4.92124],[6.89277,4.92133],[6.89304,4.92133],[6.89304,4.92124],[6.89313,4.92124],[6.89313,4.92133],[6.89331,4.92133],[6.89331,4.92115],[6.89322,4.92115],[6.89322,4.92106],[6.89313,4.92106],[6.89313,4.92097],[6.89304,4.92097],[6.89304,4.92088],[6.89295,4.92088],[6.89295,4.92079],[6.89304,4.92079],[6.89304,4.92088],[6.89313,4.92088],[6.89313,4.92097],[6.89322,4.92097],[6.89322,4.92088],[6.89349,4.92088],[6.89349,4.92079],[6.89358,4.92079],[6.89358,4.92097],[6.89367,4.92097],[6.89367,4.92124],[6.89394,4.92124],[6.89394,4.92142],[6.89385,4.92142],[6.89385,4.9216],[6.89376,4.9216],[6.89376,4.92187],[6.89385,4.92187],[6.89385,4.92196],[6.89376,4.92196]],[[6.89098,4.92088],[6.8908,4.92088],[6.8908,4.92079],[6.89098,4.92079],[6.89098,4.92088]],[[6.89214,4.92088],[6.89205,4.92088],[6.89205,4.92079],[6.89214,4.92079],[6.89214,4.92088]],[[6.89107,4.92097],[6.89098,4.92097],[6.89098,4.92088],[6.89107,4.92088],[6.89107,4.92097]],[[6.89259,4.92142],[6.8925,4.92142],[6.8925,4.92133],[6.89259,4.92133],[6.89259,4.92142]]]}},{"type":"Feature","properties":{},"geometry":{"geodesic":false,"type":"Polygon","coordinates":[[[6.89358,5.12686],[6.89358,5.12678],[6.8934,5.12678],[6.8934,5.12651],[6.89376,5.12651],[6.89376,5.12642],[6.89367,5.12642],[6.89367,5.12633],[6.89376,5.12633],[6.89376,5.12642],[6.89385,5.12642],[6.89385,5.12633],[6.89394,5.12633],[6.89394,5.12615],[6.89403,5.12615],[6.89403,5.12588],[6.89412,5.12588],[6.89412,5.12579],[6.89439,5.12579],[6.89439,5.1257],[6.89457,5.1257],[6.89457,5.12579],[6.89466,5.12579],[6.89466,5.12597],[6.89457,5.12597],[6.89457,5.12633],[6.89439,5.12633],[6.89439,5.12642],[6.89412,5.12642],[6.89412,5.12651],[6.89403,5.12651],[6.89403,5.12678],[6.89385,5.12678],[6.89385,5.12686],[6.89358,5.12686]]]}},{"type":"Feature","properties":{},"geometry":{"geodesic":false,"type":"Polygon","coordinates":[[[6.89385,4.91441],[6.89385,4.91423],[6.89376,4.91423],[6.89376,4.91414],[6.89367,4.91414],[6.89367,4.91423],[6.89322,4.91423],[6.89322,4.91414],[6.89286,4.91414],[6.89286,4.91405],[6.89277,4.91405],[6.89277,4.91396],[6.89268,4.91396],[6.89268,4.91405],[6.89259,4.91405],[6.89259,4.91396],[6.89241,4.91396],[6.89241,4.91387],[6.89232,4.91387],[6.89232,4.91405],[6.89223,4.91405],[6.89223,4.91414],[6.89214,4.91414],[6.89214,4.91405],[6.89196,4.91405],[6.89196,4.91396],[6.89179,4.91396],[6.89179,4.91387],[6.8917,4.91387],[6.8917,4.91378],[6.89161,4.91378],[6.89161,4.91369],[6.89152,4.91369],[6.89152,4.9136],[6.89161,4.9136],[6.89161,4.91343],[6.89152,4.91343],[6.89152,4.91325],[6.89089,4.91325],[6.89089,4.91334],[6.89062,4.91334],[6.89062,4.91343],[6.89035,4.91343],[6.89035,4.91334],[6.89008,4.91334],[6.89008,4.91343],[6.8899,4.91343],[6.8899,4.91334],[6.88981,4.91334],[6.88981,4.91325],[6.88963,4.91325],[6.88963,4.91334],[6.88954,4.91334],[6.88954,4.91343],[6.88936,4.91343],[6.88936,4.91334],[6.88918,4.91334],[6.88918,4.91325],[6.889,4.91325],[6.889,4.91316],[6.88882,4.91316],[6.88882,4.91307],[6.88873,4.91307],[6.88873,4.91298],[6.88864,4.91298],[6.88864,4.9128],[6.88873,4.9128],[6.88873,4.91271],[6.88855,4.91271],[6.88855,4.91289],[6.88846,4.91289],[6.88846,4.91298],[6.88855,4.91298],[6.88855,4.91307],[6.88846,4.91307],[6.88846,4.91316],[6.88837,4.91316],[6.88837,4.91307],[6.88819,4.91307],[6.88819,4.91298],[6.88801,4.91298],[6.88801,4.9128],[6.88792,4.9128],[6.88792,4.91271],[6.88783,4.91271],[6.88783,4.91244],[6.88774,4.91244],[6.88774,4.91208],[6.88783,4.91208],[6.88783,4.91199],[6.88792,4.91199],[6.88792,4.91181],[6.88774,4.91181],[6.88774,4.91199],[6.88738,4.91199],[6.88738,4.9119],[6.88702,4.9119],[6.88702,4.91181],[6.88693,4.91181],[6.88693,4.91172],[6.88684,4.91172],[6.88684,4.91181],[6.88675,4.91181],[6.88675,4.91199],[6.88666,4.91199],[6.88666,4.91208],[6.88675,4.91208],[6.88675,4.91217],[6.88657,4.91217],[6.88657,4.91226],[6.88666,4.91226],[6.88666,4.91235],[6.88657,4.91235],[6.88657,4.91253],[6.88666,4.91253],[6.88666,4.91271],[6.88657,4.91271],[6.88657,4.91262],[6.8864,4.91262],[6.8864,4.91271],[6.88648,4.91271],[6.88648,4.9128],[6.8864,4.9128],[6.8864,4.91271],[6.88631,4.91271],[6.88631,4.91262],[6.8864,4.91262],[6.8864,4.91244],[6.88631,4.91244],[6.88631,4.91253],[6.88622,4.91253],[6.88622,4.91271],[6.88613,4.91271],[6.88613,4.9128],[6.88595,4.9128],[6.88595,4.91289],[6.88604,4.91289],[6.88604,4.91307],[6.88595,4.91307],[6.88595,4.91316],[6.88604,4.91316],[6.88604,4.91334],[6.88613,4.91334],[6.88613,4.91343],[6.88622,4.91343],[6.88622,4.91369],[6.88631,4.91369],[6.88631,4.91405],[6.8864,4.91405],[6.8864,4.91423],[6.88631,4.91423],[6.88631,4.91414],[6.88613,4.91414],[6.88613,4.91396],[6.88604,4.91396],[6.88604,4.91369],[6.88586,4.91369],[6.88586,4.9136],[6.88577,4.9136],[6.88577,4.91343],[6.88568,4.91343],[6.88568,4.91289],[6.88577,4.91289],[6.88577,4.9128],[6.88586,4.9128],[6.88586,4.91271],[6.88568,4.91271],[6.88568,4.91262],[6.88595,4.91262],[6.88595,4.91253],[6.88604,4.91253],[6.88604,4.91244],[6.88631,4.91244],[6.88631,4.91235],[6.88613,4.91235],[6.88613,4.91226],[6.88622,4.91226],[6.88622,4.91217],[6.88631,4.91217],[6.88631,4.91208],[6.8864,4.91208],[6.8864,4.9119],[6.88631,4.9119],[6.88631,4.91181],[6.88648,4.91181],[6.88648,4.9119],[6.88657,4.9119],[6.88657,4.91163],[6.88648,4.91163],[6.88648,4.91154],[6.88657,4.91154],[6.88657,4.91136],[6.88675,4.91136],[6.88675,4.91127],[6.88684,4.91127],[6.88684,4.91118],[6.88693,4.91118],[6.88693,4.91109],[6.88702,4.91109],[6.88702,4.911],[6.88711,4.911],[6.88711,4.91082],[6.88702,4.91082],[6.88702,4.91064],[6.88693,4.91064],[6.88693,4.91055],[6.88675,4.91055],[6.88675,4.91046],[6.88666,4.91046],[6.88666,4.91037],[6.88657,4.91037],[6.88657,4.91019],[6.88648,4.91019],[6.88648,4.90983],[6.8864,4.90983],[6.8864,4.90938],[6.88648,4.90938],[6.88648,4.90911],[6.8864,4.90911],[6.8864,4.90902],[6.88648,4.90902],[6.88648,4.90884],[6.88657,4.90884],[6.88657,4.90839],[6.88648,4.90839],[6.88648,4.90822],[6.8864,4.90822],[6.8864,4.90813],[6.88631,4.90813],[6.88631,4.90804],[6.88622,4.90804],[6.88622,4.90795],[6.88631,4.90795],[6.88631,4.90786],[6.88666,4.90786],[6.88666,4.90804],[6.88693,4.90804],[6.88693,4.90965],[6.8872,4.90965],[6.8872,4.90884],[6.88747,4.90884],[6.88747,4.90911],[6.88792,4.90911],[6.88792,4.9092],[6.88801,4.9092],[6.88801,4.90938],[6.88828,4.90938],[6.88828,4.90992],[6.88855,4.90992],[6.88855,4.91019],[6.88882,4.91019],[6.88882,4.91046],[6.88909,4.91046],[6.88909,4.91073],[6.88963,4.91073],[6.88963,4.911],[6.89017,4.911],[6.89017,4.91127],[6.89062,4.91127],[6.89062,4.91136],[6.89071,4.91136],[6.89071,4.91145],[6.8908,4.91145],[6.8908,4.91154],[6.89116,4.91154],[6.89116,4.91172],[6.89125,4.91172],[6.89125,4.91181],[6.89143,4.91181],[6.89143,4.9119],[6.89152,4.9119],[6.89152,4.91181],[6.89232,4.91181],[6.89232,4.91208],[6.89214,4.91208],[6.89214,4.91217],[6.89232,4.91217],[6.89232,4.91235],[6.89241,4.91235],[6.89241,4.91244],[6.8925,4.91244],[6.8925,4.91235],[6.89259,4.91235],[6.89259,4.91253],[6.89268,4.91253],[6.89268,4.91262],[6.89277,4.91262],[6.89277,4.9128],[6.89295,4.9128],[6.89295,4.91271],[6.89313,4.91271],[6.89313,4.91289],[6.89295,4.91289],[6.89295,4.91307],[6.89313,4.91307],[6.89313,4.91325],[6.89322,4.91325],[6.89322,4.91334],[6.89358,4.91334],[6.89358,4.91325],[6.89367,4.91325],[6.89367,4.91343],[6.89376,4.91343],[6.89376,4.91325],[6.89394,4.91325],[6.89394,4.91343],[6.89403,4.91343],[6.89403,4.91334],[6.89412,4.91334],[6.89412,4.91316],[6.89403,4.91316],[6.89403,4.9128],[6.89376,4.9128],[6.89376,4.91271],[6.89367,4.91271],[6.89367,4.91253],[6.89331,4.91253],[6.89331,4.91244],[6.89313,4.91244],[6.89313,4.91226],[6.89304,4.91226],[6.89304,4.91235],[6.89295,4.91235],[6.89295,4.91226],[6.89268,4.91226],[6.89268,4.91217],[6.8925,4.91217],[6.8925,4.91208],[6.89259,4.91208],[6.89259,4.9119],[6.89286,4.9119],[6.89286,4.91208],[6.89376,4.91208],[6.89376,4.91217],[6.89385,4.91217],[6.89385,4.91208],[6.89448,4.91208],[6.89448,4.91181],[6.8952,4.91181],[6.8952,4.9119],[6.89502,4.9119],[6.89502,4.91199],[6.89538,4.91199],[6.89538,4.9119],[6.89547,4.9119],[6.89547,4.91181],[6.89556,4.91181],[6.89556,4.91199],[6.89565,4.91199],[6.89565,4.9119],[6.89583,4.9119],[6.89583,4.91199],[6.89592,4.91199],[6.89592,4.9119],[6.8961,4.9119],[6.8961,4.91181],[6.89664,4.91181],[6.89664,4.91154],[6.89673,4.91154],[6.89673,4.91163],[6.89682,4.91163],[6.89682,4.91154],[6.89717,4.91154],[6.89717,4.91127],[6.89744,4.91127],[6.89744,4.91082],[6.89762,4.91082],[6.89762,4.91073],[6.89771,4.91073],[6.89771,4.91064],[6.8978,4.91064],[6.8978,4.91055],[6.89789,4.91055],[6.89789,4.91046],[6.89798,4.91046],[6.89798,4.91037],[6.89807,4.91037],[6.89807,4.91028],[6.89816,4.91028],[6.89816,4.91019],[6.89825,4.91019],[6.89825,4.90992],[6.89834,4.90992],[6.89834,4.90983],[6.89843,4.90983],[6.89843,4.90974],[6.89852,4.90974],[6.89852,4.90956],[6.89861,4.90956],[6.89861,4.90947],[6.8987,4.90947],[6.8987,4.90938],[6.89879,4.90938],[6.89879,4.90911],[6.89888,4.90911],[6.89888,4.90902],[6.89906,4.90902],[6.89906,4.90857],[6.89915,4.90857],[6.89915,4.90848],[6.89924,4.90848],[6.89924,4.9083],[6.89933,4.9083],[6.89933,4.90804],[6.89942,4.90804],[6.89942,4.90768],[6.89951,4.90768],[6.89951,4.90732],[6.8996,4.90732],[6.8996,4.90687],[6.89969,4.90687],[6.89969,4.90678],[6.8996,4.90678],[6.8996,4.90642],[6.89969,4.90642],[6.89969,4.90588],[6.8996,4.90588],[6.8996,4.9057],[6.89969,4.9057],[6.89969,4.90543],[6.8996,4.90543],[6.8996,4.90534],[6.89969,4.90534],[6.89969,4.90498],[6.8996,4.90498],[6.8996,4.90471],[6.89978,4.90471],[6.89978,4.9048],[6.89987,4.9048],[6.89987,4.90489],[6.90005,4.90489],[6.90005,4.90498],[6.90014,4.90498],[6.90014,4.90507],[6.90023,4.90507],[6.90023,4.90534],[6.90014,4.90534],[6.90014,4.90624],[6.90005,4.90624],[6.90005,4.90768],[6.89996,4.90768],[6.89996,4.90786],[6.89987,4.90786],[6.89987,4.90822],[6.89978,4.90822],[6.89978,4.90857],[6.89969,4.90857],[6.89969,4.90884],[6.8996,4.90884],[6.8996,4.90902],[6.89951,4.90902],[6.89951,4.9092],[6.89942,4.9092],[6.89942,4.90938],[6.89933,4.90938],[6.89933,4.90947],[6.89924,4.90947],[6.89924,4.90956],[6.89915,4.90956],[6.89915,4.90965],[6.89906,4.90965],[6.89906,4.90974],[6.89897,4.90974],[6.89897,4.90983],[6.89888,4.90983],[6.89888,4.90992],[6.89879,4.90992],[6.89879,4.9101],[6.8987,4.9101],[6.8987,4.91028],[6.89861,4.91028],[6.89861,4.91037],[6.89852,4.91037],[6.89852,4.91046],[6.89843,4.91046],[6.89843,4.91064],[6.89834,4.91064],[6.89834,4.91073],[6.89825,4.91073],[6.89825,4.91091],[6.89816,4.91091],[6.89816,4.911],[6.89807,4.911],[6.89807,4.91118],[6.89798,4.91118],[6.89798,4.91145],[6.89789,4.91145],[6.89789,4.91154],[6.8978,4.91154],[6.8978,4.91163],[6.89771,4.91163],[6.89771,4.91172],[6.89744,4.91172],[6.89744,4.91181],[6.89726,4.91181],[6.89726,4.9119],[6.89691,4.9119],[6.89691,4.91199],[6.89673,4.91199],[6.89673,4.91208],[6.89646,4.91208],[6.89646,4.91217],[6.89619,4.91217],[6.89619,4.91226],[6.8961,4.91226],[6.8961,4.91217],[6.89601,4.91217],[6.89601,4.91226],[6.89583,4.91226],[6.89583,4.91235],[6.89556,4.91235],[6.89556,4.91244],[6.89565,4.91244],[6.89565,4.91253],[6.89556,4.91253],[6.89556,4.91244],[6.89547,4.91244],[6.89547,4.91253],[6.89538,4.91253],[6.89538,4.91271],[6.89529,4.91271],[6.89529,4.9128],[6.8952,4.9128],[6.8952,4.91271],[6.89511,4.91271],[6.89511,4.91262],[6.8952,4.91262],[6.8952,4.91253],[6.89502,4.91253],[6.89502,4.9128],[6.89511,4.9128],[6.89511,4.91289],[6.89502,4.91289],[6.89502,4.91298],[6.89493,4.91298],[6.89493,4.91307],[6.89475,4.91307],[6.89475,4.91325],[6.89457,4.91325],[6.89457,4.91352],[6.89448,4.91352],[6.89448,4.9136],[6.89457,4.9136],[6.89457,4.91378],[6.89448,4.91378],[6.89448,4.9136],[6.8943,4.9136],[6.8943,4.91396],[6.89421,4.91396],[6.89421,4.91405],[6.89412,4.91405],[6.89412,4.91414],[6.89403,4.91414],[6.89403,4.91423],[6.89394,4.91423],[6.89394,4.91441],[6.89385,4.91441]],[[6.88747,4.9092],[6.88738,4.9092],[6.88738,4.90911],[6.88747,4.90911],[6.88747,4.9092]],[[6.88666,4.9101],[6.88657,4.9101],[6.88657,4.91001],[6.88666,4.91001],[6.88666,4.9101]],[[6.88756,4.91046],[6.88747,4.91046],[6.88747,4.91037],[6.88738,4.91037],[6.88738,4.9101],[6.88729,4.9101],[6.88729,4.90992],[6.8872,4.90992],[6.8872,4.90983],[6.88738,4.90983],[6.88738,4.90992],[6.88747,4.90992],[6.88747,4.91019],[6.88756,4.91019],[6.88756,4.91046]],[[6.88873,4.911],[6.88864,4.911],[6.88864,4.91091],[6.88873,4.91091],[6.88873,4.911]],[[6.88801,4.91127],[6.88792,4.91127],[6.88792,4.91118],[6.88783,4.91118],[6.88783,4.91082],[6.88774,4.91082],[6.88774,4.91064],[6.88756,4.91064],[6.88756,4.91046],[6.88783,4.91046],[6.88783,4.91028],[6.88792,4.91028],[6.88792,4.91001],[6.88783,4.91001],[6.88783,4.90983],[6.88801,4.90983],[6.88801,4.91001],[6.8881,4.91001],[6.8881,4.9101],[6.88819,4.9101],[6.88819,4.91028],[6.88828,4.91028],[6.88828,4.91046],[6.88846,4.91046],[6.88846,4.91055],[6.88855,4.91055],[6.88855,4.91091],[6.88837,4.91091],[6.88837,4.91082],[6.88828,4.91082],[6.88828,4.91073],[6.88819,4.91073],[6.88819,4.91064],[6.8881,4.91064],[6.8881,4.911],[6.88801,4.911],[6.88801,4.91127]],[[6.88693,4.91136],[6.88684,4.91136],[6.88684,4.91127],[6.88693,4.91127],[6.88693,4.91136]],[[6.88945,4.91145],[6.88936,4.91145],[6.88936,4.91136],[6.88945,4.91136],[6.88945,4.91145]],[[6.89062,4.91145],[6.89053,4.91145],[6.89053,4.91136],[6.89062,4.91136],[6.89062,4.91145]],[[6.88954,4.91163],[6.88945,4.91163],[6.88945,4.91145],[6.88954,4.91145],[6.88954,4.91163]],[[6.88774,4.91181],[6.88747,4.91181],[6.88747,4.91154],[6.8872,4.91154],[6.8872,4.91127],[6.88747,4.91127],[6.88747,4.911],[6.88774,4.911],[6.88774,4.91127],[6.88783,4.91127],[6.88783,4.91163],[6.88792,4.91163],[6.88792,4.91172],[6.88774,4.91172],[6.88774,4.91181]],[[6.88666,4.91199],[6.88657,4.91199],[6.88657,4.9119],[6.88666,4.9119],[6.88666,4.91199]],[[6.89205,4.91226],[6.89196,4.91226],[6.89196,4.91217],[6.89205,4.91217],[6.89205,4.91226]],[[6.89196,4.91235],[6.89187,4.91235],[6.89187,4.91226],[6.89196,4.91226],[6.89196,4.91235]],[[6.88837,4.91253],[6.88792,4.91253],[6.88792,4.91244],[6.88801,4.91244],[6.88801,4.91226],[6.88819,4.91226],[6.88819,4.91235],[6.88846,4.91235],[6.88846,4.91244],[6.88837,4.91244],[6.88837,4.91253]],[[6.88604,4.91271],[6.88595,4.91271],[6.88595,4.91262],[6.88604,4.91262],[6.88604,4.91271]],[[6.88918,4.91307],[6.889,4.91307],[6.889,4.91289],[6.88909,4.91289],[6.88909,4.91298],[6.88918,4.91298],[6.88918,4.91307]],[[6.89529,4.91244],[6.8952,4.91244],[6.8952,4.91235],[6.89529,4.91235],[6.89529,4.91244]],[[6.89403,4.91262],[6.89394,4.91262],[6.89394,4.91253],[6.89385,4.91253],[6.89385,4.91244],[6.89412,4.91244],[6.89412,4.91253],[6.89403,4.91253],[6.89403,4.91262]],[[6.8943,4.91262],[6.89412,4.91262],[6.89412,4.91253],[6.8943,4.91253],[6.8943,4.91262]],[[6.89412,4.91271],[6.89403,4.91271],[6.89403,4.91262],[6.89412,4.91262],[6.89412,4.91271]],[[6.89466,4.91271],[6.89457,4.91271],[6.89457,4.91262],[6.89466,4.91262],[6.89466,4.91271]],[[6.89475,4.9128],[6.89466,4.9128],[6.89466,4.91271],[6.89475,4.91271],[6.89475,4.9128]],[[6.89448,4.91316],[6.89439,4.91316],[6.89439,4.91307],[6.89448,4.91307],[6.89448,4.91316]],[[6.89385,4.91352],[6.89376,4.91352],[6.89376,4.91343],[6.89385,4.91343],[6.89385,4.91352]],[[6.89448,4.91352],[6.8943,4.91352],[6.8943,4.91343],[6.89439,4.91343],[6.89439,4.91334],[6.89448,4.91334],[6.89448,4.91352]],[[6.89403,4.91378],[6.89394,4.91378],[6.89394,4.91369],[6.89403,4.91369],[6.89403,4.91378]],[[6.89394,4.91387],[6.89376,4.91387],[6.89376,4.91378],[6.89394,4.91378],[6.89394,4.91387]]]}},{"type":"Feature","properties":{},"geometry":{"geodesic":false,"type":"Polygon","coordinates":[[[6.89376,5.15337],[6.89376,5.15328],[6.89358,5.15328],[6.89358,5.15319],[6.89367,5.15319],[6.89367,5.15301],[6.89376,5.15301],[6.89376,5.1531],[6.89385,5.1531],[6.89385,5.15283],[6.89394,5.15283],[6.89394,5.15274],[6.89385,5.15274],[6.89385,5.15265],[6.89367,5.15265],[6.89367,5.15256],[6.89394,5.15256],[6.89394,5.15265],[6.89403,5.15265],[6.89403,5.15274],[6.89421,5.15274],[6.89421,5.15265],[6.8943,5.15265],[6.8943,5.15274],[6.89439,5.15274],[6.89439,5.15283],[6.89457,5.15283],[6.89457,5.15301],[6.89484,5.15301],[6.89484,5.1531],[6.89448,5.1531],[6.89448,5.15292],[6.89439,5.15292],[6.89439,5.15301],[6.8943,5.15301],[6.8943,5.1531],[6.89439,5.1531],[6.89439,5.15328],[6.89421,5.15328],[6.89421,5.15319],[6.89412,5.15319],[6.89412,5.1531],[6.89394,5.1531],[6.89394,5.15319],[6.89403,5.15319],[6.89403,5.15337],[6.89376,5.15337]],[[6.89403,5.15292],[6.89394,5.15292],[6.89394,5.15283],[6.89403,5.15283],[6.89403,5.15292]]]}},{"type":"Feature","properties":{},"geometry":{"geodesic":false,"type":"Polygon","coordinates":[[[6.89421,5.17996],[6.89421,5.18014],[6.89439,5.18014],[6.89439,5.18022],[6.8943,5.18022],[6.8943,5.18031],[6.89439,5.18031],[6.89439,5.18049],[6.89448,5.18049],[6.89448,5.18058],[6.89457,5.18058],[6.89457,5.18067],[6.89466,5.18067],[6.89466,5.18058],[6.89475,5.18058],[6.89475,5.18067],[6.89466,5.18067],[6.89466,5.18076],[6.89457,5.18076],[6.89457,5.18094],[6.89448,5.18094],[6.89448,5.18139],[6.89439,5.18139],[6.89439,5.18157],[6.8943,5.18157],[6.8943,5.18166],[6.89439,5.18166],[6.89439,5.18175],[6.8943,5.18175],[6.8943,5.18184],[6.89421,5.18184],[6.89421,5.18193],[6.89412,5.18193],[6.89412,5.18229],[6.89403,5.18229],[6.89403,5.18238],[6.89412,5.18238],[6.89412,5.18247],[6.89403,5.18247],[6.89403,5.18256],[6.89412,5.18256],[6.89412,5.18265],[6.89403,5.18265],[6.89403,5.18274],[6.89412,5.18274],[6.89412,5.18292],[6.89403,5.18292],[6.89403,5.18319],[6.89385,5.18319],[6.89385,5.18301],[6.89394,5.18301],[6.89394,5.18283],[6.89385,5.18283],[6.89385,5.18238],[6.89394,5.18238],[6.89394,5.18229],[6.89403,5.18229],[6.89403,5.18184],[6.89412,5.18184],[6.89412,5.18157],[6.89403,5.18157],[6.89403,5.18148],[6.89412,5.18148],[6.89412,5.18139],[6.89421,5.18139],[6.89421,5.1813],[6.8943,5.1813],[6.8943,5.18094],[6.89421,5.18094],[6.89421,5.18076],[6.89412,5.18076],[6.89412,5.17996],[6.89421,5.17996]]]}},{"type":"Feature","properties":{},"geometry":{"geodesic":false,"type":"Polygon","coordinates":[[[6.89466,5.15651],[6.89466,5.15642],[6.89475,5.15642],[6.89475,5.15633],[6.89466,5.15633],[6.89466,5.15624],[6.89457,5.15624],[6.89457,5.15615],[6.89475,5.15615],[6.89475,5.1557],[6.89484,5.1557],[6.89484,5.15561],[6.89502,5.15561],[6.89502,5.1557],[6.89529,5.1557],[6.89529,5.15561],[6.89538,5.15561],[6.89538,5.15552],[6.89547,5.15552],[6.89547,5.15588],[6.89529,5.15588],[6.89529,5.15597],[6.89538,5.15597],[6.89538,5.15606],[6.89529,5.15606],[6.89529,5.15615],[6.89538,5.15615],[6.89538,5.15624],[6.89511,5.15624],[6.89511,5.15633],[6.89502,5.15633],[6.89502,5.15642],[6.89475,5.15642],[6.89475,5.15651],[6.89466,5.15651]],[[6.89502,5.15606],[6.89493,5.15606],[6.89493,5.15597],[6.89502,5.15597],[6.89502,5.15606]]]}},{"type":"Feature","properties":{},"geometry":{"geodesic":false,"type":"Polygon","coordinates":[[[6.89475,5.15893],[6.89475,5.15876],[6.89484,5.15876],[6.89484,5.15867],[6.8952,5.15867],[6.8952,5.1584],[6.89511,5.1584],[6.89511,5.15813],[6.8952,5.15813],[6.8952,5.15831],[6.89529,5.15831],[6.89529,5.15813],[6.89547,5.15813],[6.89547,5.15822],[6.89565,5.15822],[6.89565,5.15813],[6.89574,5.15813],[6.89574,5.15804],[6.89565,5.15804],[6.89565,5.15795],[6.89583,5.15795],[6.89583,5.15804],[6.89601,5.15804],[6.89601,5.15822],[6.89592,5.15822],[6.89592,5.1584],[6.89601,5.1584],[6.89601,5.15831],[6.8961,5.15831],[6.8961,5.15822],[6.89619,5.15822],[6.89619,5.15831],[6.8961,5.15831],[6.8961,5.1584],[6.89601,5.1584],[6.89601,5.15858],[6.8961,5.15858],[6.8961,5.15885],[6.89592,5.15885],[6.89592,5.15876],[6.89583,5.15876],[6.89583,5.15867],[6.89574,5.15867],[6.89574,5.15876],[6.89565,5.15876],[6.89565,5.15867],[6.89556,5.15867],[6.89556,5.15876],[6.89529,5.15876],[6.89529,5.15885],[6.89502,5.15885],[6.89502,5.15876],[6.89493,5.15876],[6.89493,5.15885],[6.89484,5.15885],[6.89484,5.15893],[6.89475,5.15893]],[[6.89565,5.15849],[6.89556,5.15849],[6.89556,5.1584],[6.89565,5.1584],[6.89565,5.15849]],[[6.89556,5.15858],[6.89547,5.15858],[6.89547,5.15849],[6.89556,5.15849],[6.89556,5.15858]],[[6.89592,5.15858],[6.89583,5.15858],[6.89583,5.15849],[6.89592,5.15849],[6.89592,5.15858]]]}},{"type":"Feature","properties":{},"geometry":{"geodesic":false,"type":"Polygon","coordinates":[[[6.89268,4.91127],[6.89268,4.91118],[6.89259,4.91118],[6.89259,4.911],[6.89152,4.911],[6.89152,4.91073],[6.89125,4.91073],[6.89125,4.91046],[6.89107,4.91046],[6.89107,4.91037],[6.89098,4.91037],[6.89098,4.91046],[6.89089,4.91046],[6.89089,4.91028],[6.89071,4.91028],[6.89071,4.91019],[6.89026,4.91019],[6.89026,4.9101],[6.89017,4.9101],[6.89017,4.90965],[6.89008,4.90965],[6.89008,4.90956],[6.88999,4.90956],[6.88999,4.90965],[6.8899,4.90965],[6.8899,4.90956],[6.88999,4.90956],[6.88999,4.90947],[6.8899,4.90947],[6.8899,4.9092],[6.88999,4.9092],[6.88999,4.90929],[6.89026,4.90929],[6.89026,4.90938],[6.89035,4.90938],[6.89035,4.90947],[6.89044,4.90947],[6.89044,4.90956],[6.89053,4.90956],[6.89053,4.90974],[6.89062,4.90974],[6.89062,4.90983],[6.89071,4.90983],[6.89071,4.91001],[6.8908,4.91001],[6.8908,4.91019],[6.89089,4.91019],[6.89089,4.91028],[6.89116,4.91028],[6.89116,4.91037],[6.89143,4.91037],[6.89143,4.91046],[6.89161,4.91046],[6.89161,4.91055],[6.89179,4.91055],[6.89179,4.91073],[6.89205,4.91073],[6.89205,4.91082],[6.89223,4.91082],[6.89223,4.91091],[6.89277,4.91091],[6.89277,4.911],[6.89331,4.911],[6.89331,4.91091],[6.89322,4.91091],[6.89322,4.91082],[6.89331,4.91082],[6.89331,4.91064],[6.89349,4.91064],[6.89349,4.91073],[6.8934,4.91073],[6.8934,4.91091],[6.89358,4.91091],[6.89358,4.911],[6.89448,4.911],[6.89448,4.91091],[6.89511,4.91091],[6.89511,4.911],[6.89502,4.911],[6.89502,4.91127],[6.89268,4.91127]]]}},{"type":"Feature","properties":{},"geometry":{"geodesic":false,"type":"Polygon","coordinates":[[[6.89574,5.14681],[6.89574,5.14672],[6.89565,5.14672],[6.89565,5.14663],[6.89556,5.14663],[6.89556,5.14672],[6.89547,5.14672],[6.89547,5.14663],[6.89538,5.14663],[6.89538,5.14672],[6.8952,5.14672],[6.8952,5.14681],[6.89511,5.14681],[6.89511,5.14672],[6.89493,5.14672],[6.89493,5.14663],[6.89484,5.14663],[6.89484,5.14654],[6.89475,5.14654],[6.89475,5.14663],[6.89466,5.14663],[6.89466,5.14672],[6.89448,5.14672],[6.89448,5.14663],[6.89439,5.14663],[6.89439,5.14654],[6.89457,5.14654],[6.89457,5.14645],[6.89466,5.14645],[6.89466,5.14636],[6.89484,5.14636],[6.89484,5.14618],[6.89502,5.14618],[6.89502,5.14645],[6.89529,5.14645],[6.89529,5.14636],[6.8952,5.14636],[6.8952,5.14609],[6.89529,5.14609],[6.89529,5.14618],[6.89538,5.14618],[6.89538,5.14627],[6.89547,5.14627],[6.89547,5.14618],[6.89565,5.14618],[6.89565,5.14609],[6.89592,5.14609],[6.89592,5.146],[6.89601,5.146],[6.89601,5.14618],[6.8961,5.14618],[6.8961,5.14645],[6.89601,5.14645],[6.89601,5.14654],[6.89592,5.14654],[6.89592,5.14663],[6.89583,5.14663],[6.89583,5.14681],[6.89574,5.14681]],[[6.89475,5.14654],[6.89466,5.14654],[6.89466,5.14645],[6.89475,5.14645],[6.89475,5.14654]],[[6.89493,5.14654],[6.89484,5.14654],[6.89484,5.14645],[6.89493,5.14645],[6.89493,5.14654]]]}},{"type":"Feature","properties":{},"geometry":{"geodesic":false,"type":"Polygon","coordinates":[[[6.89565,5.1539],[6.89565,5.15381],[6.89574,5.15381],[6.89574,5.15363],[6.89565,5.15363],[6.89565,5.15346],[6.89556,5.15346],[6.89556,5.15354],[6.89547,5.15354],[6.89547,5.15363],[6.89529,5.15363],[6.89529,5.15354],[6.89547,5.15354],[6.89547,5.15346],[6.89529,5.15346],[6.89529,5.15328],[6.89538,5.15328],[6.89538,5.15337],[6.89547,5.15337],[6.89547,5.1531],[6.89556,5.1531],[6.89556,5.15283],[6.89565,5.15283],[6.89565,5.15274],[6.89574,5.15274],[6.89574,5.15301],[6.89583,5.15301],[6.89583,5.15283],[6.89592,5.15283],[6.89592,5.15301],[6.89601,5.15301],[6.89601,5.1531],[6.8961,5.1531],[6.8961,5.15337],[6.89601,5.15337],[6.89601,5.15346],[6.89592,5.15346],[6.89592,5.15354],[6.89574,5.15354],[6.89574,5.15363],[6.89583,5.15363],[6.89583,5.1539],[6.89565,5.1539]]]}},{"type":"Feature","properties":{},"geometry":{"geodesic":false,"type":"Polygon","coordinates":[[[6.89628,5.16145],[6.89628,5.16136],[6.89619,5.16136],[6.89619,5.16109],[6.89601,5.16109],[6.89601,5.16127],[6.8961,5.16127],[6.8961,5.16136],[6.89601,5.16136],[6.89601,5.16145],[6.89592,5.16145],[6.89592,5.16136],[6.89601,5.16136],[6.89601,5.16127],[6.89592,5.16127],[6.89592,5.16109],[6.89583,5.16109],[6.89583,5.16073],[6.89592,5.16073],[6.89592,5.16064],[6.89583,5.16064],[6.89583,5.16055],[6.89529,5.16055],[6.89529,5.16037],[6.8952,5.16037],[6.8952,5.16028],[6.89502,5.16028],[6.89502,5.16019],[6.89493,5.16019],[6.89493,5.16037],[6.89466,5.16037],[6.89466,5.16046],[6.89493,5.16046],[6.89493,5.16082],[6.89484,5.16082],[6.89484,5.16109],[6.89493,5.16109],[6.89493,5.16127],[6.89466,5.16127],[6.89466,5.16118],[6.89475,5.16118],[6.89475,5.161],[6.8943,5.161],[6.8943,5.16118],[6.89403,5.16118],[6.89403,5.161],[6.89394,5.161],[6.89394,5.16091],[6.89403,5.16091],[6.89403,5.16073],[6.89394,5.16073],[6.89394,5.16064],[6.89385,5.16064],[6.89385,5.16055],[6.89376,5.16055],[6.89376,5.16064],[6.89358,5.16064],[6.89358,5.16073],[6.89349,5.16073],[6.89349,5.16082],[6.8934,5.16082],[6.8934,5.16073],[6.89322,5.16073],[6.89322,5.16082],[6.89295,5.16082],[6.89295,5.16091],[6.89313,5.16091],[6.89313,5.161],[6.89304,5.161],[6.89304,5.16109],[6.89295,5.16109],[6.89295,5.16118],[6.89286,5.16118],[6.89286,5.16127],[6.89277,5.16127],[6.89277,5.16118],[6.89268,5.16118],[6.89268,5.16109],[6.89259,5.16109],[6.89259,5.16118],[6.89241,5.16118],[6.89241,5.161],[6.8925,5.161],[6.8925,5.16091],[6.89241,5.16091],[6.89241,5.16082],[6.89232,5.16082],[6.89232,5.16073],[6.89223,5.16073],[6.89223,5.16055],[6.89214,5.16055],[6.89214,5.16046],[6.89232,5.16046],[6.89232,5.16037],[6.89241,5.16037],[6.89241,5.16028],[6.89232,5.16028],[6.89232,5.1601],[6.8925,5.1601],[6.8925,5.15992],[6.89241,5.15992],[6.89241,5.15983],[6.89232,5.15983],[6.89232,5.15974],[6.89223,5.15974],[6.89223,5.15956],[6.89259,5.15956],[6.89259,5.15974],[6.89268,5.15974],[6.89268,5.15983],[6.89295,5.15983],[6.89295,5.15992],[6.89268,5.15992],[6.89268,5.16001],[6.89259,5.16001],[6.89259,5.1601],[6.89268,5.1601],[6.89268,5.16019],[6.89277,5.16019],[6.89277,5.16028],[6.89268,5.16028],[6.89268,5.16055],[6.89277,5.16055],[6.89277,5.16046],[6.89304,5.16046],[6.89304,5.16037],[6.89322,5.16037],[6.89322,5.16046],[6.89349,5.16046],[6.89349,5.16037],[6.89358,5.16037],[6.89358,5.16046],[6.89349,5.16046],[6.89349,5.16055],[6.89376,5.16055],[6.89376,5.16046],[6.89367,5.16046],[6.89367,5.16037],[6.89385,5.16037],[6.89385,5.16028],[6.89376,5.16028],[6.89376,5.16019],[6.89385,5.16019],[6.89385,5.16028],[6.89412,5.16028],[6.89412,5.1601],[6.89394,5.1601],[6.89394,5.16001],[6.89412,5.16001],[6.89412,5.15983],[6.89403,5.15983],[6.89403,5.15965],[6.89412,5.15965],[6.89412,5.15974],[6.89421,5.15974],[6.89421,5.15965],[6.8943,5.15965],[6.8943,5.15983],[6.89439,5.15983],[6.89439,5.15974],[6.89448,5.15974],[6.89448,5.15983],[6.89457,5.15983],[6.89457,5.15992],[6.89466,5.15992],[6.89466,5.15974],[6.89484,5.15974],[6.89484,5.15965],[6.89493,5.15965],[6.89493,5.15974],[6.89484,5.15974],[6.89484,5.15983],[6.89502,5.15983],[6.89502,5.16019],[6.89511,5.16019],[6.89511,5.1601],[6.8952,5.1601],[6.8952,5.16001],[6.89538,5.16001],[6.89538,5.15992],[6.89547,5.15992],[6.89547,5.15974],[6.89556,5.15974],[6.89556,5.16019],[6.89547,5.16019],[6.89547,5.16046],[6.89556,5.16046],[6.89556,5.16037],[6.89583,5.16037],[6.89583,5.1601],[6.89574,5.1601],[6.89574,5.16001],[6.89583,5.16001],[6.89583,5.1601],[6.89592,5.1601],[6.89592,5.16001],[6.89601,5.16001],[6.89601,5.1601],[6.8961,5.1601],[6.8961,5.16001],[6.89619,5.16001],[6.89619,5.15983],[6.89628,5.15983],[6.89628,5.15974],[6.89637,5.15974],[6.89637,5.15965],[6.89664,5.15965],[6.89664,5.15974],[6.89673,5.15974],[6.89673,5.15965],[6.89682,5.15965],[6.89682,5.15974],[6.89673,5.15974],[6.89673,5.16028],[6.89682,5.16028],[6.89682,5.16019],[6.89691,5.16019],[6.89691,5.1601],[6.89682,5.1601],[6.89682,5.16001],[6.89717,5.16001],[6.89717,5.1601],[6.89726,5.1601],[6.89726,5.16019],[6.89735,5.16019],[6.89735,5.15992],[6.89744,5.15992],[6.89744,5.15983],[6.89771,5.15983],[6.89771,5.15992],[6.89798,5.15992],[6.89798,5.16001],[6.89807,5.16001],[6.89807,5.15992],[6.89816,5.15992],[6.89816,5.15983],[6.89843,5.15983],[6.89843,5.15992],[6.89852,5.15992],[6.89852,5.16001],[6.89843,5.16001],[6.89843,5.16019],[6.89852,5.16019],[6.89852,5.16028],[6.89843,5.16028],[6.89843,5.16019],[6.89834,5.16019],[6.89834,5.1601],[6.89825,5.1601],[6.89825,5.16019],[6.89816,5.16019],[6.89816,5.16028],[6.89834,5.16028],[6.89834,5.16037],[6.89807,5.16037],[6.89807,5.16046],[6.89798,5.16046],[6.89798,5.16055],[6.89789,5.16055],[6.89789,5.16082],[6.8978,5.16082],[6.8978,5.16091],[6.89771,5.16091],[6.89771,5.16082],[6.89753,5.16082],[6.89753,5.16073],[6.89762,5.16073],[6.89762,5.16064],[6.89771,5.16064],[6.89771,5.16055],[6.89735,5.16055],[6.89735,5.16046],[6.89726,5.16046],[6.89726,5.16037],[6.89717,5.16037],[6.89717,5.16046],[6.89709,5.16046],[6.89709,5.16055],[6.89691,5.16055],[6.89691,5.16037],[6.89673,5.16037],[6.89673,5.16028],[6.89664,5.16028],[6.89664,5.16019],[6.89655,5.16019],[6.89655,5.16001],[6.89664,5.16001],[6.89664,5.15992],[6.89655,5.15992],[6.89655,5.15974],[6.89637,5.15974],[6.89637,5.16037],[6.89628,5.16037],[6.89628,5.16046],[6.89619,5.16046],[6.89619,5.16055],[6.89646,5.16055],[6.89646,5.16091],[6.89664,5.16091],[6.89664,5.16109],[6.89646,5.16109],[6.89646,5.16127],[6.89655,5.16127],[6.89655,5.16136],[6.89646,5.16136],[6.89646,5.16145],[6.89628,5.16145]],[[6.8978,5.16028],[6.89771,5.16028],[6.89771,5.1601],[6.8978,5.1601],[6.8978,5.16028]],[[6.89619,5.16046],[6.8961,5.16046],[6.8961,5.16037],[6.89601,5.16037],[6.89601,5.16028],[6.89619,5.16028],[6.89619,5.16019],[6.89628,5.16019],[6.89628,5.16037],[6.89619,5.16037],[6.89619,5.16046]],[[6.89457,5.16055],[6.89448,5.16055],[6.89448,5.16046],[6.89457,5.16046],[6.89457,5.16055]],[[6.89466,5.16064],[6.89457,5.16064],[6.89457,5.16055],[6.89466,5.16055],[6.89466,5.16064]],[[6.89268,5.16091],[6.8925,5.16091],[6.8925,5.16082],[6.89268,5.16082],[6.89268,5.16091]],[[6.89601,5.16091],[6.89592,5.16091],[6.89592,5.16082],[6.89601,5.16082],[6.89601,5.16091]]]}},{"type":"Feature","properties":{},"geometry":{"geodesic":false,"type":"Polygon","coordinates":[[[6.89592,4.91073],[6.89592,4.91064],[6.89619,4.91064],[6.89619,4.91055],[6.89637,4.91055],[6.89637,4.91046],[6.89646,4.91046],[6.89646,4.91037],[6.89664,4.91037],[6.89664,4.91028],[6.89673,4.91028],[6.89673,4.91019],[6.89682,4.91019],[6.89682,4.9101],[6.89691,4.9101],[6.89691,4.91001],[6.89709,4.91001],[6.89709,4.90992],[6.89717,4.90992],[6.89717,4.90983],[6.89726,4.90983],[6.89726,4.90974],[6.89717,4.90974],[6.89717,4.90965],[6.89726,4.90965],[6.89726,4.90956],[6.89753,4.90956],[6.89753,4.90947],[6.89762,4.90947],[6.89762,4.90929],[6.89771,4.90929],[6.89771,4.90911],[6.8978,4.90911],[6.8978,4.90902],[6.89789,4.90902],[6.89789,4.90884],[6.89798,4.90884],[6.89798,4.90875],[6.89789,4.90875],[6.89789,4.90857],[6.89807,4.90857],[6.89807,4.90848],[6.89816,4.90848],[6.89816,4.90839],[6.89807,4.90839],[6.89807,4.9083],[6.89816,4.9083],[6.89816,4.90804],[6.89825,4.90804],[6.89825,4.90786],[6.89834,4.90786],[6.89834,4.90759],[6.89843,4.90759],[6.89843,4.9075],[6.89834,4.9075],[6.89834,4.90741],[6.89843,4.90741],[6.89843,4.9075],[6.89852,4.9075],[6.89852,4.90723],[6.89861,4.90723],[6.89861,4.90687],[6.89852,4.90687],[6.89852,4.90678],[6.89861,4.90678],[6.89861,4.90642],[6.89843,4.90642],[6.89843,4.90633],[6.89861,4.90633],[6.89861,4.90606],[6.89852,4.90606],[6.89852,4.90579],[6.89834,4.90579],[6.89834,4.90552],[6.89852,4.90552],[6.89852,4.90525],[6.89843,4.90525],[6.89843,4.90516],[6.89852,4.90516],[6.89852,4.90498],[6.89843,4.90498],[6.89843,4.90489],[6.89834,4.90489],[6.89834,4.9048],[6.89825,4.9048],[6.89825,4.90471],[6.89816,4.90471],[6.89816,4.90462],[6.89807,4.90462],[6.89807,4.90471],[6.89789,4.90471],[6.89789,4.90453],[6.89825,4.90453],[6.89825,4.90444],[6.89852,4.90444],[6.89852,4.90453],[6.89879,4.90453],[6.89879,4.90777],[6.89852,4.90777],[6.89852,4.90857],[6.89825,4.90857],[6.89825,4.90911],[6.89798,4.90911],[6.89798,4.90965],[6.89771,4.90965],[6.89771,4.90992],[6.89717,4.90992],[6.89717,4.91019],[6.89691,4.91019],[6.89691,4.91046],[6.89664,4.91046],[6.89664,4.91073],[6.89592,4.91073]]]}},{"type":"Feature","properties":{},"geometry":{"geodesic":false,"type":"Polygon","coordinates":[[[6.89717,5.19882],[6.89717,5.19864],[6.897,5.19864],[6.897,5.19846],[6.89691,5.19846],[6.89691,5.19855],[6.89682,5.19855],[6.89682,5.19846],[6.89664,5.19846],[6.89664,5.19837],[6.89646,5.19837],[6.89646,5.19846],[6.89637,5.19846],[6.89637,5.19855],[6.89628,5.19855],[6.89628,5.19846],[6.89619,5.19846],[6.89619,5.19837],[6.89628,5.19837],[6.89628,5.19828],[6.89637,5.19828],[6.89637,5.19819],[6.89628,5.19819],[6.89628,5.1981],[6.89646,5.1981],[6.89646,5.19801],[6.89655,5.19801],[6.89655,5.19783],[6.89673,5.19783],[6.89673,5.19774],[6.89691,5.19774],[6.89691,5.19765],[6.897,5.19765],[6.897,5.19756],[6.89709,5.19756],[6.89709,5.19774],[6.897,5.19774],[6.897,5.19783],[6.89717,5.19783],[6.89717,5.19792],[6.897,5.19792],[6.897,5.19801],[6.89717,5.19801],[6.89717,5.1981],[6.89726,5.1981],[6.89726,5.19837],[6.89735,5.19837],[6.89735,5.19864],[6.89726,5.19864],[6.89726,5.19882],[6.89717,5.19882]],[[6.89655,5.19819],[6.89646,5.19819],[6.89646,5.1981],[6.89655,5.1981],[6.89655,5.19819]],[[6.89682,5.19819],[6.89673,5.19819],[6.89673,5.1981],[6.89682,5.1981],[6.89682,5.19819]],[[6.89673,5.19837],[6.89664,5.19837],[6.89664,5.19819],[6.89673,5.19819],[6.89673,5.19837]]]}},{"type":"Feature","properties":{},"geometry":{"geodesic":false,"type":"Polygon","coordinates":[[[6.89726,5.14986],[6.89726,5.14977],[6.89709,5.14977],[6.89709,5.14968],[6.89691,5.14968],[6.89691,5.1495],[6.89682,5.1495],[6.89682,5.14932],[6.89673,5.14932],[6.89673,5.1495],[6.89619,5.1495],[6.89619,5.14941],[6.89628,5.14941],[6.89628,5.14923],[6.89619,5.14923],[6.89619,5.14896],[6.8961,5.14896],[6.8961,5.14887],[6.89601,5.14887],[6.89601,5.14878],[6.89592,5.14878],[6.89592,5.14869],[6.89601,5.14869],[6.89601,5.1486],[6.89583,5.1486],[6.89583,5.14851],[6.89547,5.14851],[6.89547,5.1486],[6.89556,5.1486],[6.89556,5.14869],[6.89547,5.14869],[6.89547,5.14878],[6.89583,5.14878],[6.89583,5.14887],[6.89556,5.14887],[6.89556,5.14896],[6.89547,5.14896],[6.89547,5.14887],[6.89511,5.14887],[6.89511,5.14878],[6.89493,5.14878],[6.89493,5.14887],[6.89502,5.14887],[6.89502,5.14896],[6.89538,5.14896],[6.89538,5.14905],[6.89547,5.14905],[6.89547,5.14914],[6.89556,5.14914],[6.89556,5.14923],[6.89538,5.14923],[6.89538,5.14932],[6.89547,5.14932],[6.89547,5.1495],[6.89538,5.1495],[6.89538,5.14941],[6.89529,5.14941],[6.89529,5.14923],[6.89511,5.14923],[6.89511,5.14932],[6.8952,5.14932],[6.8952,5.1495],[6.89511,5.1495],[6.89511,5.14959],[6.89502,5.14959],[6.89502,5.14968],[6.89493,5.14968],[6.89493,5.14959],[6.89484,5.14959],[6.89484,5.14941],[6.89475,5.14941],[6.89475,5.14932],[6.89466,5.14932],[6.89466,5.14923],[6.89448,5.14923],[6.89448,5.14896],[6.89421,5.14896],[6.89421,5.14905],[6.89412,5.14905],[6.89412,5.14914],[6.89403,5.14914],[6.89403,5.14923],[6.89385,5.14923],[6.89385,5.14914],[6.89367,5.14914],[6.89367,5.14905],[6.89358,5.14905],[6.89358,5.14896],[6.89349,5.14896],[6.89349,5.14887],[6.89367,5.14887],[6.89367,5.14842],[6.89376,5.14842],[6.89376,5.14833],[6.89385,5.14833],[6.89385,5.14824],[6.89394,5.14824],[6.89394,5.14816],[6.89421,5.14816],[6.89421,5.14789],[6.89448,5.14789],[6.89448,5.14798],[6.89439,5.14798],[6.89439,5.14807],[6.89448,5.14807],[6.89448,5.14816],[6.89457,5.14816],[6.89457,5.14824],[6.89466,5.14824],[6.89466,5.14833],[6.89484,5.14833],[6.89484,5.14824],[6.89547,5.14824],[6.89547,5.14833],[6.89565,5.14833],[6.89565,5.14842],[6.89574,5.14842],[6.89574,5.14833],[6.89583,5.14833],[6.89583,5.14824],[6.89592,5.14824],[6.89592,5.14833],[6.8961,5.14833],[6.8961,5.14842],[6.89628,5.14842],[6.89628,5.14833],[6.89637,5.14833],[6.89637,5.14842],[6.89646,5.14842],[6.89646,5.14851],[6.89655,5.14851],[6.89655,5.1486],[6.89664,5.1486],[6.89664,5.14869],[6.89673,5.14869],[6.89673,5.14878],[6.89682,5.14878],[6.89682,5.14923],[6.897,5.14923],[6.897,5.14932],[6.89709,5.14932],[6.89709,5.14941],[6.89726,5.14941],[6.89726,5.14923],[6.89709,5.14923],[6.89709,5.14914],[6.89726,5.14914],[6.89726,5.14923],[6.89735,5.14923],[6.89735,5.14914],[6.89744,5.14914],[6.89744,5.14923],[6.89753,5.14923],[6.89753,5.14914],[6.8978,5.14914],[6.8978,5.14923],[6.89798,5.14923],[6.89798,5.14932],[6.89789,5.14932],[6.89789,5.14941],[6.8978,5.14941],[6.8978,5.1495],[6.89771,5.1495],[6.89771,5.14968],[6.89762,5.14968],[6.89762,5.14977],[6.89744,5.14977],[6.89744,5.14968],[6.89735,5.14968],[6.89735,5.14986],[6.89726,5.14986]],[[6.89448,5.14851],[6.89439,5.14851],[6.89439,5.14842],[6.89448,5.14842],[6.89448,5.14851]],[[6.89385,5.14878],[6.89376,5.14878],[6.89376,5.14869],[6.89385,5.14869],[6.89385,5.14878]],[[6.89394,5.14896],[6.89385,5.14896],[6.89385,5.14887],[6.89394,5.14887],[6.89394,5.14896]],[[6.89484,5.14923],[6.89475,5.14923],[6.89475,5.14914],[6.89484,5.14914],[6.89484,5.14923]],[[6.89655,5.14932],[6.89646,5.14932],[6.89646,5.14923],[6.89655,5.14923],[6.89655,5.14932]],[[6.89744,5.1495],[6.89735,5.1495],[6.89735,5.14941],[6.89744,5.14941],[6.89744,5.1495]],[[6.89726,5.14968],[6.89717,5.14968],[6.89717,5.1495],[6.89726,5.1495],[6.89726,5.14968]]]}},{"type":"Feature","properties":{},"geometry":{"geodesic":false,"type":"Polygon","coordinates":[[[6.8978,5.14896],[6.8978,5.14878],[6.89744,5.14878],[6.89744,5.1486],[6.89726,5.1486],[6.89726,5.14851],[6.89762,5.14851],[6.89762,5.14842],[6.89735,5.14842],[6.89735,5.14833],[6.89709,5.14833],[6.89709,5.14824],[6.89726,5.14824],[6.89726,5.14816],[6.89717,5.14816],[6.89717,5.14807],[6.89744,5.14807],[6.89744,5.14798],[6.89753,5.14798],[6.89753,5.14789],[6.8978,5.14789],[6.8978,5.14798],[6.89789,5.14798],[6.89789,5.14824],[6.89807,5.14824],[6.89807,5.14833],[6.89816,5.14833],[6.89816,5.14842],[6.89825,5.14842],[6.89825,5.14851],[6.89834,5.14851],[6.89834,5.1486],[6.89816,5.1486],[6.89816,5.14851],[6.89798,5.14851],[6.89798,5.1486],[6.89789,5.1486],[6.89789,5.14887],[6.89798,5.14887],[6.89798,5.14896],[6.8978,5.14896]]]}},{"type":"Feature","properties":{},"geometry":{"geodesic":false,"type":"Polygon","coordinates":[[[6.89771,5.15175],[6.89771,5.15166],[6.89735,5.15166],[6.89735,5.15157],[6.89744,5.15157],[6.89744,5.15139],[6.89735,5.15139],[6.89735,5.1513],[6.89744,5.1513],[6.89744,5.15139],[6.89753,5.15139],[6.89753,5.15148],[6.89771,5.15148],[6.89771,5.1513],[6.89753,5.1513],[6.89753,5.15112],[6.89762,5.15112],[6.89762,5.15094],[6.89771,5.15094],[6.89771,5.15076],[6.8978,5.15076],[6.8978,5.15067],[6.89789,5.15067],[6.89789,5.15058],[6.89834,5.15058],[6.89834,5.15067],[6.89843,5.15067],[6.89843,5.15103],[6.89852,5.15103],[6.89852,5.15094],[6.89861,5.15094],[6.89861,5.15085],[6.89852,5.15085],[6.89852,5.15067],[6.89888,5.15067],[6.89888,5.15076],[6.89897,5.15076],[6.89897,5.15085],[6.89906,5.15085],[6.89906,5.15094],[6.89897,5.15094],[6.89897,5.15103],[6.89888,5.15103],[6.89888,5.15094],[6.89897,5.15094],[6.89897,5.15085],[6.89879,5.15085],[6.89879,5.15094],[6.8987,5.15094],[6.8987,5.15103],[6.89852,5.15103],[6.89852,5.15112],[6.89843,5.15112],[6.89843,5.15121],[6.89825,5.15121],[6.89825,5.15148],[6.89798,5.15148],[6.89798,5.15157],[6.89807,5.15157],[6.89807,5.15166],[6.89798,5.15166],[6.89798,5.15175],[6.89771,5.15175]],[[6.89798,5.15085],[6.89789,5.15085],[6.89789,5.15076],[6.89798,5.15076],[6.89798,5.15085]],[[6.89816,5.15121],[6.89807,5.15121],[6.89807,5.15112],[6.89816,5.15112],[6.89816,5.15121]],[[6.89798,5.15166],[6.89789,5.15166],[6.89789,5.15157],[6.89798,5.15157],[6.89798,5.15166]]]}},{"type":"Feature","properties":{},"geometry":{"geodesic":false,"type":"Polygon","coordinates":[[[6.89942,5.14268],[6.89942,5.14259],[6.89915,5.14259],[6.89915,5.14268],[6.89897,5.14268],[6.89897,5.14259],[6.89906,5.14259],[6.89906,5.1425],[6.89915,5.1425],[6.89915,5.14241],[6.89897,5.14241],[6.89897,5.14232],[6.89879,5.14232],[6.89879,5.14223],[6.89861,5.14223],[6.89861,5.14232],[6.89834,5.14232],[6.89834,5.14223],[6.89825,5.14223],[6.89825,5.14232],[6.89807,5.14232],[6.89807,5.14241],[6.89789,5.14241],[6.89789,5.14232],[6.89771,5.14232],[6.89771,5.14187],[6.8978,5.14187],[6.8978,5.14169],[6.89789,5.14169],[6.89789,5.1416],[6.89807,5.1416],[6.89807,5.14178],[6.89816,5.14178],[6.89816,5.14187],[6.89825,5.14187],[6.89825,5.14196],[6.89834,5.14196],[6.89834,5.14187],[6.89843,5.14187],[6.89843,5.14196],[6.89852,5.14196],[6.89852,5.14187],[6.89861,5.14187],[6.89861,5.14196],[6.8987,5.14196],[6.8987,5.14205],[6.89879,5.14205],[6.89879,5.14196],[6.89906,5.14196],[6.89906,5.14187],[6.89915,5.14187],[6.89915,5.14178],[6.89924,5.14178],[6.89924,5.14169],[6.8996,5.14169],[6.8996,5.14178],[6.89969,5.14178],[6.89969,5.14187],[6.89978,5.14187],[6.89978,5.14178],[6.89987,5.14178],[6.89987,5.14223],[6.89978,5.14223],[6.89978,5.14232],[6.89969,5.14232],[6.89969,5.1425],[6.89978,5.1425],[6.89978,5.14268],[6.89942,5.14268]],[[6.89825,5.14223],[6.89816,5.14223],[6.89816,5.14214],[6.89825,5.14214],[6.89825,5.14223]]]}},{"type":"Feature","properties":{},"geometry":{"geodesic":false,"type":"Polygon","coordinates":[[[6.89987,5.16127],[6.89987,5.16118],[6.89978,5.16118],[6.89978,5.16127],[6.89969,5.16127],[6.89969,5.16118],[6.89978,5.16118],[6.89978,5.16082],[6.89996,5.16082],[6.89996,5.16073],[6.89987,5.16073],[6.89987,5.16064],[6.89996,5.16064],[6.89996,5.16055],[6.89969,5.16055],[6.89969,5.16037],[6.89978,5.16037],[6.89978,5.16028],[6.89987,5.16028],[6.89987,5.15992],[6.89978,5.15992],[6.89978,5.15983],[6.89969,5.15983],[6.89969,5.1601],[6.8996,5.1601],[6.8996,5.16001],[6.89924,5.16001],[6.89924,5.1601],[6.89915,5.1601],[6.89915,5.16019],[6.89906,5.16019],[6.89906,5.1601],[6.89888,5.1601],[6.89888,5.16001],[6.89879,5.16001],[6.89879,5.1601],[6.8987,5.1601],[6.8987,5.16001],[6.89879,5.16001],[6.89879,5.15983],[6.89906,5.15983],[6.89906,5.15992],[6.89915,5.15992],[6.89915,5.15974],[6.89897,5.15974],[6.89897,5.15965],[6.89879,5.15965],[6.89879,5.15956],[6.8987,5.15956],[6.8987,5.15938],[6.89879,5.15938],[6.89879,5.15956],[6.89888,5.15956],[6.89888,5.15947],[6.89897,5.15947],[6.89897,5.15956],[6.89915,5.15956],[6.89915,5.15974],[6.89933,5.15974],[6.89933,5.15965],[6.89942,5.15965],[6.89942,5.15974],[6.89951,5.15974],[6.89951,5.15965],[6.89969,5.15965],[6.89969,5.15974],[6.90005,5.15974],[6.90005,5.15965],[6.90014,5.15965],[6.90014,5.15956],[6.90041,5.15956],[6.90041,5.15965],[6.90059,5.15965],[6.90059,5.15983],[6.90068,5.15983],[6.90068,5.15974],[6.90077,5.15974],[6.90077,5.15965],[6.90068,5.15965],[6.90068,5.15956],[6.90086,5.15956],[6.90086,5.15947],[6.90104,5.15947],[6.90104,5.15965],[6.90095,5.15965],[6.90095,5.15992],[6.90113,5.15992],[6.90113,5.15983],[6.90158,5.15983],[6.90158,5.15992],[6.90176,5.15992],[6.90176,5.15965],[6.90158,5.15965],[6.90158,5.15956],[6.90176,5.15956],[6.90176,5.15965],[6.90185,5.15965],[6.90185,5.15974],[6.90194,5.15974],[6.90194,5.15983],[6.90203,5.15983],[6.90203,5.15974],[6.90221,5.15974],[6.90221,5.15965],[6.90239,5.15965],[6.90239,5.15974],[6.90247,5.15974],[6.90247,5.15965],[6.90256,5.15965],[6.90256,5.15974],[6.90265,5.15974],[6.90265,5.15992],[6.90274,5.15992],[6.90274,5.16001],[6.90283,5.16001],[6.90283,5.16028],[6.90292,5.16028],[6.90292,5.16046],[6.90283,5.16046],[6.90283,5.16037],[6.90265,5.16037],[6.90265,5.16046],[6.90256,5.16046],[6.90256,5.16055],[6.90274,5.16055],[6.90274,5.16064],[6.90256,5.16064],[6.90256,5.16073],[6.90265,5.16073],[6.90265,5.16082],[6.90247,5.16082],[6.90247,5.16073],[6.90239,5.16073],[6.90239,5.16064],[6.90221,5.16064],[6.90221,5.16073],[6.90203,5.16073],[6.90203,5.16064],[6.90212,5.16064],[6.90212,5.16055],[6.90203,5.16055],[6.90203,5.16046],[6.90185,5.16046],[6.90185,5.16037],[6.90167,5.16037],[6.90167,5.16046],[6.90158,5.16046],[6.90158,5.16055],[6.90167,5.16055],[6.90167,5.16064],[6.90149,5.16064],[6.90149,5.16082],[6.9014,5.16082],[6.9014,5.161],[6.90122,5.161],[6.90122,5.16118],[6.90077,5.16118],[6.90077,5.16109],[6.90086,5.16109],[6.90086,5.161],[6.90059,5.161],[6.90059,5.16091],[6.9005,5.16091],[6.9005,5.161],[6.90014,5.161],[6.90014,5.16091],[6.90005,5.16091],[6.90005,5.16109],[6.89996,5.16109],[6.89996,5.16127],[6.89987,5.16127]],[[6.90095,5.15965],[6.90086,5.15965],[6.90086,5.15956],[6.90095,5.15956],[6.90095,5.15965]],[[6.90032,5.16001],[6.90023,5.16001],[6.90023,5.15992],[6.90032,5.15992],[6.90032,5.16001]],[[6.9023,5.1601],[6.90221,5.1601],[6.90221,5.16001],[6.9023,5.16001],[6.9023,5.1601]],[[6.90239,5.16019],[6.9023,5.16019],[6.9023,5.1601],[6.90239,5.1601],[6.90239,5.16019]],[[6.90274,5.16028],[6.90265,5.16028],[6.90265,5.16019],[6.90274,5.16019],[6.90274,5.16028]],[[6.9005,5.16037],[6.90041,5.16037],[6.90041,5.16028],[6.9005,5.16028],[6.9005,5.16037]],[[6.90203,5.16037],[6.90194,5.16037],[6.90194,5.16028],[6.90203,5.16028],[6.90203,5.16037]],[[6.90221,5.16037],[6.90212,5.16037],[6.90212,5.16028],[6.90221,5.16028],[6.90221,5.16037]],[[6.89987,5.16046],[6.89978,5.16046],[6.89978,5.16037],[6.89987,5.16037],[6.89987,5.16046]],[[6.90239,5.16055],[6.90221,5.16055],[6.90221,5.16046],[6.90239,5.16046],[6.90239,5.16055]],[[6.90014,5.16064],[6.90005,5.16064],[6.90005,5.16055],[6.90014,5.16055],[6.90014,5.16064]],[[6.90032,5.16091],[6.90023,5.16091],[6.90023,5.16073],[6.90032,5.16073],[6.90032,5.16091]]]}},{"type":"Feature","properties":{},"geometry":{"geodesic":false,"type":"Polygon","coordinates":[[[6.90005,5.16316],[6.90005,5.16307],[6.89996,5.16307],[6.89996,5.16298],[6.89969,5.16298],[6.89969,5.16262],[6.89951,5.16262],[6.89951,5.16253],[6.89924,5.16253],[6.89924,5.16244],[6.89897,5.16244],[6.89897,5.16226],[6.89906,5.16226],[6.89906,5.16217],[6.89915,5.16217],[6.89915,5.16199],[6.89924,5.16199],[6.89924,5.16208],[6.89933,5.16208],[6.89933,5.1619],[6.89951,5.1619],[6.89951,5.16181],[6.89933,5.16181],[6.89933,5.16172],[6.89915,5.16172],[6.89915,5.16163],[6.89906,5.16163],[6.89906,5.16154],[6.89915,5.16154],[6.89915,5.16163],[6.89924,5.16163],[6.89924,5.16154],[6.89951,5.16154],[6.89951,5.16145],[6.8996,5.16145],[6.8996,5.16136],[6.89969,5.16136],[6.89969,5.16154],[6.89996,5.16154],[6.89996,5.16163],[6.90014,5.16163],[6.90014,5.16181],[6.90023,5.16181],[6.90023,5.1619],[6.90032,5.1619],[6.90032,5.16208],[6.90023,5.16208],[6.90023,5.16217],[6.90014,5.16217],[6.90014,5.16226],[6.90041,5.16226],[6.90041,5.16235],[6.9005,5.16235],[6.9005,5.16253],[6.90059,5.16253],[6.90059,5.16244],[6.90068,5.16244],[6.90068,5.16253],[6.90059,5.16253],[6.90059,5.16262],[6.9005,5.16262],[6.9005,5.1628],[6.90032,5.1628],[6.90032,5.16289],[6.90014,5.16289],[6.90014,5.16298],[6.90023,5.16298],[6.90023,5.16307],[6.90032,5.16307],[6.90032,5.16316],[6.90005,5.16316]],[[6.89996,5.16172],[6.89987,5.16172],[6.89987,5.16163],[6.89996,5.16163],[6.89996,5.16172]],[[6.89924,5.16235],[6.89915,5.16235],[6.89915,5.16226],[6.89924,5.16226],[6.89924,5.16235]],[[6.89942,5.16235],[6.89933,5.16235],[6.89933,5.16226],[6.89942,5.16226],[6.89942,5.16235]],[[6.90041,5.16244],[6.90032,5.16244],[6.90032,5.16235],[6.90041,5.16235],[6.90041,5.16244]],[[6.8996,5.16253],[6.89951,5.16253],[6.89951,5.16226],[6.8996,5.16226],[6.8996,5.16235],[6.89969,5.16235],[6.89969,5.16244],[6.8996,5.16244],[6.8996,5.16253]],[[6.90005,5.16262],[6.89978,5.16262],[6.89978,5.16253],[6.89996,5.16253],[6.89996,5.16244],[6.90005,5.16244],[6.90005,5.16262]],[[6.9005,5.16262],[6.90041,5.16262],[6.90041,5.16253],[6.9005,5.16253],[6.9005,5.16262]],[[6.90005,5.1628],[6.89996,5.1628],[6.89996,5.16271],[6.90005,5.16271],[6.90005,5.1628]],[[6.90023,5.1628],[6.90014,5.1628],[6.90014,5.16271],[6.90005,5.16271],[6.90005,5.16262],[6.90023,5.16262],[6.90023,5.1628]],[[6.90005,5.16298],[6.89996,5.16298],[6.89996,5.16289],[6.90005,5.16289],[6.90005,5.16298]],[[6.90014,5.16307],[6.90005,5.16307],[6.90005,5.16298],[6.90014,5.16298],[6.90014,5.16307]]]}},{"type":"Feature","properties":{},"geometry":{"geodesic":false,"type":"Polygon","coordinates":[[[6.90086,5.16352],[6.90086,5.16334],[6.90068,5.16334],[6.90068,5.16343],[6.90041,5.16343],[6.90041,5.16334],[6.90023,5.16334],[6.90023,5.16325],[6.9005,5.16325],[6.9005,5.16298],[6.90068,5.16298],[6.90068,5.1628],[6.90086,5.1628],[6.90086,5.16289],[6.90095,5.16289],[6.90095,5.16271],[6.90086,5.16271],[6.90086,5.16244],[6.90104,5.16244],[6.90104,5.16253],[6.90113,5.16253],[6.90113,5.16271],[6.90122,5.16271],[6.90122,5.16262],[6.90149,5.16262],[6.90149,5.16253],[6.90158,5.16253],[6.90158,5.16262],[6.90149,5.16262],[6.90149,5.16271],[6.90167,5.16271],[6.90167,5.1628],[6.90176,5.1628],[6.90176,5.16271],[6.90185,5.16271],[6.90185,5.16289],[6.90158,5.16289],[6.90158,5.16298],[6.90167,5.16298],[6.90167,5.16307],[6.90149,5.16307],[6.90149,5.16325],[6.90122,5.16325],[6.90122,5.16334],[6.90104,5.16334],[6.90104,5.16343],[6.90095,5.16343],[6.90095,5.16352],[6.90086,5.16352]],[[6.90104,5.16271],[6.90095,5.16271],[6.90095,5.16262],[6.90104,5.16262],[6.90104,5.16271]],[[6.90122,5.16316],[6.90113,5.16316],[6.90113,5.16307],[6.90122,5.16307],[6.90122,5.16316]],[[6.90095,5.16325],[6.90068,5.16325],[6.90068,5.16316],[6.90095,5.16316],[6.90095,5.16325]]]}},{"type":"Feature","properties":{},"geometry":{"geodesic":false,"type":"Polygon","coordinates":[[[6.90113,5.14753],[6.90113,5.14744],[6.90104,5.14744],[6.90104,5.14717],[6.90095,5.14717],[6.90095,5.14708],[6.90113,5.14708],[6.90113,5.14717],[6.9014,5.14717],[6.9014,5.14708],[6.90167,5.14708],[6.90167,5.14699],[6.90158,5.14699],[6.90158,5.1469],[6.90167,5.1469],[6.90167,5.14681],[6.90158,5.14681],[6.90158,5.14672],[6.90149,5.14672],[6.90149,5.14681],[6.90131,5.14681],[6.90131,5.14672],[6.9014,5.14672],[6.9014,5.14663],[6.90095,5.14663],[6.90095,5.14672],[6.90104,5.14672],[6.90104,5.14681],[6.90086,5.14681],[6.90086,5.14708],[6.90077,5.14708],[6.90077,5.14726],[6.90068,5.14726],[6.90068,5.14699],[6.90077,5.14699],[6.90077,5.14672],[6.90023,5.14672],[6.90023,5.14681],[6.90014,5.14681],[6.90014,5.1469],[6.90005,5.1469],[6.90005,5.14672],[6.90014,5.14672],[6.90014,5.14663],[6.90005,5.14663],[6.90005,5.14654],[6.89978,5.14654],[6.89978,5.14636],[6.89987,5.14636],[6.89987,5.14627],[6.90005,5.14627],[6.90005,5.14618],[6.89987,5.14618],[6.89987,5.14609],[6.89996,5.14609],[6.89996,5.146],[6.90023,5.146],[6.90023,5.14582],[6.90032,5.14582],[6.90032,5.14591],[6.90041,5.14591],[6.90041,5.14627],[6.90068,5.14627],[6.90068,5.14618],[6.90086,5.14618],[6.90086,5.14609],[6.90095,5.14609],[6.90095,5.14618],[6.90113,5.14618],[6.90113,5.14636],[6.90104,5.14636],[6.90104,5.14645],[6.90122,5.14645],[6.90122,5.14654],[6.90131,5.14654],[6.90131,5.14645],[6.9014,5.14645],[6.9014,5.14663],[6.90185,5.14663],[6.90185,5.14627],[6.90203,5.14627],[6.90203,5.14618],[6.90221,5.14618],[6.90221,5.14645],[6.9023,5.14645],[6.9023,5.14636],[6.90239,5.14636],[6.90239,5.14618],[6.90247,5.14618],[6.90247,5.14627],[6.90256,5.14627],[6.90256,5.14618],[6.90274,5.14618],[6.90274,5.14627],[6.90265,5.14627],[6.90265,5.14636],[6.90256,5.14636],[6.90256,5.14645],[6.90247,5.14645],[6.90247,5.14672],[6.90239,5.14672],[6.90239,5.14681],[6.90256,5.14681],[6.90256,5.1469],[6.90265,5.1469],[6.90265,5.14699],[6.90256,5.14699],[6.90256,5.14708],[6.90274,5.14708],[6.90274,5.14717],[6.90283,5.14717],[6.90283,5.14726],[6.90292,5.14726],[6.90292,5.14735],[6.90283,5.14735],[6.90283,5.14744],[6.90256,5.14744],[6.90256,5.14708],[6.90247,5.14708],[6.90247,5.14726],[6.90239,5.14726],[6.90239,5.14717],[6.90221,5.14717],[6.90221,5.14735],[6.90212,5.14735],[6.90212,5.14744],[6.9014,5.14744],[6.9014,5.14753],[6.90113,5.14753]],[[6.90014,5.14636],[6.90005,5.14636],[6.90005,5.14627],[6.90014,5.14627],[6.90014,5.14636]],[[6.90068,5.14654],[6.90059,5.14654],[6.90059,5.14645],[6.90068,5.14645],[6.90068,5.14654]],[[6.90086,5.14654],[6.90077,5.14654],[6.90077,5.14645],[6.90068,5.14645],[6.90068,5.14636],[6.90086,5.14636],[6.90086,5.14654]],[[6.90023,5.14663],[6.90014,5.14663],[6.90014,5.14654],[6.90023,5.14654],[6.90023,5.14663]],[[6.90095,5.14663],[6.90086,5.14663],[6.90086,5.14654],[6.90095,5.14654],[6.90095,5.14663]],[[6.90203,5.14681],[6.90194,5.14681],[6.90194,5.14672],[6.90203,5.14672],[6.90203,5.14681]],[[6.9023,5.14699],[6.90221,5.14699],[6.90221,5.1469],[6.90212,5.1469],[6.90212,5.14681],[6.9023,5.14681],[6.9023,5.14699]],[[6.90212,5.14708],[6.90194,5.14708],[6.90194,5.1469],[6.90212,5.1469],[6.90212,5.14708]],[[6.90167,5.14726],[6.90149,5.14726],[6.90149,5.14717],[6.90167,5.14717],[6.90167,5.14726]],[[6.90185,5.14735],[6.90176,5.14735],[6.90176,5.14708],[6.90185,5.14708],[6.90185,5.14717],[6.90194,5.14717],[6.90194,5.14726],[6.90185,5.14726],[6.90185,5.14735]]]}},{"type":"Feature","properties":{},"geometry":{"geodesic":false,"type":"Polygon","coordinates":[[[6.90221,4.97792],[6.90221,4.97748],[6.90239,4.97748],[6.90239,4.97739],[6.90221,4.97739],[6.90221,4.97712],[6.90203,4.97712],[6.90203,4.9773],[6.90212,4.9773],[6.90212,4.97765],[6.90203,4.97765],[6.90203,4.97756],[6.90194,4.97756],[6.90194,4.97676],[6.90203,4.97676],[6.90203,4.97667],[6.90212,4.97667],[6.90212,4.97658],[6.90221,4.97658],[6.90221,4.9764],[6.90239,4.9764],[6.90239,4.97631],[6.90301,4.97631],[6.90301,4.9764],[6.9031,4.9764],[6.9031,4.97622],[6.90328,4.97622],[6.90328,4.97631],[6.90337,4.97631],[6.90337,4.97649],[6.90328,4.97649],[6.90328,4.97676],[6.90337,4.97676],[6.90337,4.97685],[6.90319,4.97685],[6.90319,4.97694],[6.90292,4.97694],[6.90292,4.97703],[6.90283,4.97703],[6.90283,4.97712],[6.90274,4.97712],[6.90274,4.97721],[6.90256,4.97721],[6.90256,4.9773],[6.90247,4.9773],[6.90247,4.97748],[6.90239,4.97748],[6.90239,4.97756],[6.90247,4.97756],[6.90247,4.97774],[6.9023,4.97774],[6.9023,4.97783],[6.90239,4.97783],[6.90239,4.97792],[6.90221,4.97792]]]}},{"type":"Feature","properties":{},"geometry":{"geodesic":false,"type":"Polygon","coordinates":[[[6.90239,5.16522],[6.90239,5.16513],[6.9023,5.16513],[6.9023,5.16495],[6.90203,5.16495],[6.90203,5.16513],[6.90194,5.16513],[6.90194,5.16504],[6.90176,5.16504],[6.90176,5.16495],[6.90185,5.16495],[6.90185,5.16477],[6.90167,5.16477],[6.90167,5.16468],[6.90158,5.16468],[6.90158,5.16459],[6.90149,5.16459],[6.90149,5.1645],[6.90185,5.1645],[6.90185,5.16459],[6.90167,5.16459],[6.90167,5.16468],[6.90185,5.16468],[6.90185,5.16477],[6.90194,5.16477],[6.90194,5.16486],[6.90221,5.16486],[6.90221,5.16468],[6.9023,5.16468],[6.9023,5.16459],[6.90239,5.16459],[6.90239,5.16468],[6.90247,5.16468],[6.90247,5.16477],[6.90239,5.16477],[6.90239,5.16486],[6.90247,5.16486],[6.90247,5.16495],[6.90239,5.16495],[6.90239,5.16504],[6.90256,5.16504],[6.90256,5.16477],[6.90265,5.16477],[6.90265,5.16468],[6.90256,5.16468],[6.90256,5.16459],[6.90265,5.16459],[6.90265,5.1645],[6.90283,5.1645],[6.90283,5.16459],[6.90301,5.16459],[6.90301,5.1645],[6.9031,5.1645],[6.9031,5.16468],[6.90319,5.16468],[6.90319,5.16495],[6.90346,5.16495],[6.90346,5.16504],[6.90319,5.16504],[6.90319,5.16513],[6.9031,5.16513],[6.9031,5.16504],[6.90301,5.16504],[6.90301,5.16513],[6.90283,5.16513],[6.90283,5.16522],[6.90239,5.16522]],[[6.90239,5.16495],[6.9023,5.16495],[6.9023,5.16486],[6.90239,5.16486],[6.90239,5.16495]],[[6.90301,5.16486],[6.90292,5.16486],[6.90292,5.16477],[6.90301,5.16477],[6.90301,5.16486]],[[6.90292,5.16495],[6.90283,5.16495],[6.90283,5.16486],[6.90292,5.16486],[6.90292,5.16495]]]}},{"type":"Feature","properties":{},"geometry":{"geodesic":false,"type":"Polygon","coordinates":[[[6.90283,5.17915],[6.90283,5.17897],[6.90292,5.17897],[6.90292,5.17879],[6.90274,5.17879],[6.90274,5.17897],[6.90247,5.17897],[6.90247,5.17888],[6.90239,5.17888],[6.90239,5.17879],[6.90256,5.17879],[6.90256,5.1787],[6.90265,5.1787],[6.90265,5.17861],[6.90247,5.17861],[6.90247,5.17852],[6.90256,5.17852],[6.90256,5.17843],[6.90247,5.17843],[6.90247,5.17834],[6.90239,5.17834],[6.90239,5.17852],[6.90221,5.17852],[6.90221,5.17843],[6.90185,5.17843],[6.90185,5.17852],[6.90176,5.17852],[6.90176,5.1787],[6.90158,5.1787],[6.90158,5.17861],[6.90149,5.17861],[6.90149,5.17852],[6.90131,5.17852],[6.90131,5.17834],[6.90122,5.17834],[6.90122,5.17816],[6.90131,5.17816],[6.90131,5.17789],[6.9014,5.17789],[6.9014,5.1778],[6.90149,5.1778],[6.90149,5.17789],[6.90176,5.17789],[6.90176,5.17798],[6.90185,5.17798],[6.90185,5.17789],[6.90221,5.17789],[6.90221,5.17798],[6.90256,5.17798],[6.90256,5.17807],[6.90265,5.17807],[6.90265,5.17816],[6.90283,5.17816],[6.90283,5.17825],[6.90337,5.17825],[6.90337,5.17834],[6.90328,5.17834],[6.90328,5.17843],[6.90337,5.17843],[6.90337,5.17897],[6.90328,5.17897],[6.90328,5.17906],[6.90319,5.17906],[6.90319,5.17897],[6.90292,5.17897],[6.90292,5.17915],[6.90283,5.17915]],[[6.90149,5.17798],[6.9014,5.17798],[6.9014,5.17789],[6.90149,5.17789],[6.90149,5.17798]],[[6.90212,5.17807],[6.90203,5.17807],[6.90203,5.17798],[6.90212,5.17798],[6.90212,5.17807]],[[6.90194,5.17816],[6.90185,5.17816],[6.90185,5.17798],[6.90194,5.17798],[6.90194,5.17816]],[[6.90212,5.17825],[6.90203,5.17825],[6.90203,5.17816],[6.90212,5.17816],[6.90212,5.17825]],[[6.9031,5.17852],[6.90301,5.17852],[6.90301,5.17834],[6.9031,5.17834],[6.9031,5.17852]],[[6.90301,5.1787],[6.90292,5.1787],[6.90292,5.17861],[6.90301,5.17861],[6.90301,5.1787]],[[6.90328,5.1787],[6.9031,5.1787],[6.9031,5.17861],[6.90328,5.17861],[6.90328,5.1787]]]}},{"type":"Feature","properties":{},"geometry":{"geodesic":false,"type":"Polygon","coordinates":[[[6.90292,5.16325],[6.90292,5.16316],[6.90274,5.16316],[6.90274,5.16307],[6.90239,5.16307],[6.90239,5.16298],[6.90212,5.16298],[6.90212,5.16307],[6.90194,5.16307],[6.90194,5.1628],[6.90212,5.1628],[6.90212,5.16271],[6.90194,5.16271],[6.90194,5.16262],[6.90185,5.16262],[6.90185,5.16244],[6.90194,5.16244],[6.90194,5.16253],[6.90221,5.16253],[6.90221,5.16244],[6.9023,5.16244],[6.9023,5.16217],[6.90212,5.16217],[6.90212,5.16199],[6.90221,5.16199],[6.90221,5.1619],[6.9023,5.1619],[6.9023,5.16208],[6.90239,5.16208],[6.90239,5.16199],[6.90247,5.16199],[6.90247,5.16208],[6.90239,5.16208],[6.90239,5.16217],[6.90256,5.16217],[6.90256,5.16226],[6.90247,5.16226],[6.90247,5.16235],[6.90239,5.16235],[6.90239,5.16253],[6.90247,5.16253],[6.90247,5.16262],[6.90256,5.16262],[6.90256,5.16289],[6.90265,5.16289],[6.90265,5.16298],[6.90274,5.16298],[6.90274,5.16307],[6.90301,5.16307],[6.90301,5.16325],[6.90292,5.16325]],[[6.90247,5.16289],[6.90239,5.16289],[6.90239,5.1628],[6.90247,5.1628],[6.90247,5.16289]]]}},{"type":"Feature","properties":{},"geometry":{"geodesic":false,"type":"Polygon","coordinates":[[[6.90328,5.14546],[6.90328,5.14537],[6.90319,5.14537],[6.90319,5.14528],[6.90301,5.14528],[6.90301,5.14519],[6.90319,5.14519],[6.90319,5.1451],[6.90301,5.1451],[6.90301,5.14492],[6.9031,5.14492],[6.9031,5.14483],[6.90319,5.14483],[6.90319,5.14474],[6.90337,5.14474],[6.90337,5.14465],[6.90346,5.14465],[6.90346,5.14483],[6.90355,5.14483],[6.90355,5.14492],[6.90373,5.14492],[6.90373,5.14483],[6.90382,5.14483],[6.90382,5.14492],[6.90391,5.14492],[6.90391,5.14483],[6.90409,5.14483],[6.90409,5.14492],[6.90418,5.14492],[6.90418,5.1451],[6.90391,5.1451],[6.90391,5.14528],[6.90364,5.14528],[6.90364,5.14537],[6.90355,5.14537],[6.90355,5.14528],[6.90328,5.14528],[6.90328,5.14537],[6.90346,5.14537],[6.90346,5.14546],[6.90328,5.14546]]]}},{"type":"Feature","properties":{},"geometry":{"geodesic":false,"type":"Polygon","coordinates":[[[6.90337,5.15893],[6.90337,5.15885],[6.90346,5.15885],[6.90346,5.15867],[6.90337,5.15867],[6.90337,5.15849],[6.90328,5.15849],[6.90328,5.15858],[6.90319,5.15858],[6.90319,5.15822],[6.90337,5.15822],[6.90337,5.15813],[6.90373,5.15813],[6.90373,5.15822],[6.90391,5.15822],[6.90391,5.15831],[6.904,5.15831],[6.904,5.1584],[6.90409,5.1584],[6.90409,5.15849],[6.90418,5.15849],[6.90418,5.15858],[6.90409,5.15858],[6.90409,5.15867],[6.904,5.15867],[6.904,5.15876],[6.90391,5.15876],[6.90391,5.15885],[6.90364,5.15885],[6.90364,5.15893],[6.90337,5.15893]]]}},{"type":"Feature","properties":{},"geometry":{"geodesic":false,"type":"Polygon","coordinates":[[[6.90373,5.16774],[6.90373,5.16765],[6.90382,5.16765],[6.90382,5.16756],[6.90364,5.16756],[6.90364,5.16747],[6.90355,5.16747],[6.90355,5.16765],[6.90346,5.16765],[6.90346,5.16756],[6.90337,5.16756],[6.90337,5.16747],[6.90328,5.16747],[6.90328,5.16729],[6.90319,5.16729],[6.90319,5.16738],[6.9031,5.16738],[6.9031,5.16711],[6.90319,5.16711],[6.90319,5.16693],[6.9031,5.16693],[6.9031,5.16675],[6.90319,5.16675],[6.90319,5.16666],[6.90328,5.16666],[6.90328,5.16684],[6.90337,5.16684],[6.90337,5.16675],[6.90346,5.16675],[6.90346,5.16666],[6.90355,5.16666],[6.90355,5.16675],[6.90364,5.16675],[6.90364,5.16684],[6.90355,5.16684],[6.90355,5.16693],[6.90346,5.16693],[6.90346,5.16711],[6.90337,5.16711],[6.90337,5.1672],[6.90355,5.1672],[6.90355,5.16729],[6.90364,5.16729],[6.90364,5.16738],[6.90373,5.16738],[6.90373,5.16729],[6.90391,5.16729],[6.90391,5.16711],[6.904,5.16711],[6.904,5.16729],[6.90391,5.16729],[6.90391,5.16738],[6.90409,5.16738],[6.90409,5.16729],[6.90418,5.16729],[6.90418,5.16747],[6.90409,5.16747],[6.90409,5.16765],[6.904,5.16765],[6.904,5.16774],[6.90373,5.16774]],[[6.90355,5.16747],[6.90346,5.16747],[6.90346,5.16738],[6.90355,5.16738],[6.90355,5.16747]]]}},{"type":"Feature","properties":{},"geometry":{"geodesic":false,"type":"Polygon","coordinates":[[[6.90373,5.16307],[6.90373,5.16298],[6.90355,5.16298],[6.90355,5.1628],[6.90346,5.1628],[6.90346,5.16289],[6.90337,5.16289],[6.90337,5.1628],[6.90328,5.1628],[6.90328,5.16289],[6.90319,5.16289],[6.90319,5.16271],[6.90328,5.16271],[6.90328,5.16253],[6.90346,5.16253],[6.90346,5.16244],[6.90355,5.16244],[6.90355,5.16235],[6.90382,5.16235],[6.90382,5.16226],[6.90373,5.16226],[6.90373,5.16217],[6.90382,5.16217],[6.90382,5.16226],[6.90391,5.16226],[6.90391,5.16253],[6.904,5.16253],[6.904,5.16262],[6.90409,5.16262],[6.90409,5.1628],[6.904,5.1628],[6.904,5.16289],[6.90427,5.16289],[6.90427,5.1628],[6.90418,5.1628],[6.90418,5.16271],[6.90454,5.16271],[6.90454,5.16289],[6.90436,5.16289],[6.90436,5.16298],[6.90427,5.16298],[6.90427,5.16307],[6.90373,5.16307]]]}},{"type":"Feature","properties":{},"geometry":{"geodesic":false,"type":"Polygon","coordinates":[[[6.90436,5.20232],[6.90436,5.20223],[6.90427,5.20223],[6.90427,5.20232],[6.904,5.20232],[6.904,5.20223],[6.90391,5.20223],[6.90391,5.20214],[6.90373,5.20214],[6.90373,5.20196],[6.90364,5.20196],[6.90364,5.20187],[6.90355,5.20187],[6.90355,5.20178],[6.90364,5.20178],[6.90364,5.20169],[6.90382,5.20169],[6.90382,5.20151],[6.90427,5.20151],[6.90427,5.20169],[6.90436,5.20169],[6.90436,5.2016],[6.90445,5.2016],[6.90445,5.20169],[6.90472,5.20169],[6.90472,5.20178],[6.9049,5.20178],[6.9049,5.20169],[6.90499,5.20169],[6.90499,5.20178],[6.90508,5.20178],[6.90508,5.20205],[6.9049,5.20205],[6.9049,5.20196],[6.90481,5.20196],[6.90481,5.20205],[6.90472,5.20205],[6.90472,5.20214],[6.90463,5.20214],[6.90463,5.20223],[6.90445,5.20223],[6.90445,5.20232],[6.90436,5.20232]]]}},{"type":"Feature","properties":{},"geometry":{"geodesic":false,"type":"Polygon","coordinates":[[[6.90445,5.1654],[6.90445,5.16531],[6.90409,5.16531],[6.90409,5.16486],[6.904,5.16486],[6.904,5.16459],[6.90409,5.16459],[6.90409,5.16415],[6.90436,5.16415],[6.90436,5.16423],[6.90445,5.16423],[6.90445,5.16415],[6.90454,5.16415],[6.90454,5.16423],[6.90463,5.16423],[6.90463,5.16432],[6.90454,5.16432],[6.90454,5.16441],[6.90472,5.16441],[6.90472,5.16432],[6.90481,5.16432],[6.90481,5.16441],[6.90508,5.16441],[6.90508,5.1645],[6.90499,5.1645],[6.90499,5.16468],[6.9049,5.16468],[6.9049,5.16486],[6.90499,5.16486],[6.90499,5.16495],[6.9049,5.16495],[6.9049,5.16486],[6.90472,5.16486],[6.90472,5.16504],[6.90436,5.16504],[6.90436,5.16513],[6.90445,5.16513],[6.90445,5.16531],[6.90454,5.16531],[6.90454,5.1654],[6.90445,5.1654]],[[6.90481,5.1645],[6.90472,5.1645],[6.90472,5.16441],[6.90481,5.16441],[6.90481,5.1645]],[[6.90472,5.16459],[6.90463,5.16459],[6.90463,5.1645],[6.90472,5.1645],[6.90472,5.16459]],[[6.9049,5.16468],[6.90472,5.16468],[6.90472,5.16459],[6.90481,5.16459],[6.90481,5.1645],[6.9049,5.1645],[6.9049,5.16468]],[[6.90436,5.16477],[6.90427,5.16477],[6.90427,5.16468],[6.90436,5.16468],[6.90436,5.16477]],[[6.90445,5.16486],[6.90436,5.16486],[6.90436,5.16477],[6.90445,5.16477],[6.90445,5.16486]],[[6.90472,5.16486],[6.90463,5.16486],[6.90463,5.16477],[6.90445,5.16477],[6.90445,5.16468],[6.90472,5.16468],[6.90472,5.16486]],[[6.90436,5.16522],[6.90427,5.16522],[6.90427,5.16513],[6.90436,5.16513],[6.90436,5.16522]]]}},{"type":"Feature","properties":{},"geometry":{"geodesic":false,"type":"Polygon","coordinates":[[[6.90553,5.00955],[6.90553,5.00946],[6.90544,5.00946],[6.90544,5.00928],[6.90535,5.00928],[6.90535,5.00955],[6.90526,5.00955],[6.90526,5.00946],[6.90517,5.00946],[6.90517,5.00919],[6.90508,5.00919],[6.90508,5.0091],[6.9049,5.0091],[6.9049,5.00901],[6.90481,5.00901],[6.90481,5.0091],[6.90472,5.0091],[6.90472,5.00892],[6.90463,5.00892],[6.90463,5.00901],[6.90454,5.00901],[6.90454,5.00874],[6.90436,5.00874],[6.90436,5.00856],[6.90454,5.00856],[6.90454,5.00847],[6.90463,5.00847],[6.90463,5.00856],[6.90472,5.00856],[6.90472,5.00847],[6.9049,5.00847],[6.9049,5.00856],[6.90499,5.00856],[6.90499,5.00865],[6.90508,5.00865],[6.90508,5.00847],[6.90517,5.00847],[6.90517,5.00829],[6.90526,5.00829],[6.90526,5.00865],[6.90553,5.00865],[6.90553,5.00856],[6.90562,5.00856],[6.90562,5.00892],[6.90544,5.00892],[6.90544,5.00901],[6.90571,5.00901],[6.90571,5.0091],[6.9058,5.0091],[6.9058,5.00928],[6.90571,5.00928],[6.90571,5.00946],[6.90562,5.00946],[6.90562,5.00955],[6.90553,5.00955]],[[6.90463,5.00865],[6.90454,5.00865],[6.90454,5.00856],[6.90463,5.00856],[6.90463,5.00865]],[[6.90535,5.00928],[6.90526,5.00928],[6.90526,5.00919],[6.90535,5.00919],[6.90535,5.00928]]]}},{"type":"Feature","properties":{},"geometry":{"geodesic":false,"type":"Polygon","coordinates":[[[6.90553,5.15399],[6.90553,5.1539],[6.90508,5.1539],[6.90508,5.15372],[6.90526,5.15372],[6.90526,5.15363],[6.90535,5.15363],[6.90535,5.15346],[6.90526,5.15346],[6.90526,5.15328],[6.90499,5.15328],[6.90499,5.15319],[6.90508,5.15319],[6.90508,5.15301],[6.90526,5.15301],[6.90526,5.1531],[6.90535,5.1531],[6.90535,5.15301],[6.90553,5.15301],[6.90553,5.15283],[6.90571,5.15283],[6.90571,5.15292],[6.9058,5.15292],[6.9058,5.15328],[6.90571,5.15328],[6.90571,5.15319],[6.90562,5.15319],[6.90562,5.15337],[6.90553,5.15337],[6.90553,5.15372],[6.90562,5.15372],[6.90562,5.15399],[6.90553,5.15399]],[[6.90544,5.15337],[6.90535,5.15337],[6.90535,5.15328],[6.90544,5.15328],[6.90544,5.15337]]]}},{"type":"Feature","properties":{},"geometry":{"geodesic":false,"type":"Polygon","coordinates":[[[6.90598,5.10468],[6.9058,5.10468],[6.9058,5.10477],[6.90571,5.10477],[6.90571,5.10486],[6.90544,5.10486],[6.90544,5.10477],[6.90526,5.10477],[6.90526,5.10486],[6.90508,5.10486],[6.90508,5.10477],[6.90499,5.10477],[6.90499,5.10459],[6.90508,5.10459],[6.90508,5.1045],[6.90535,5.1045],[6.90535,5.10432],[6.90544,5.10432],[6.90544,5.10423],[6.90553,5.10423],[6.90553,5.10414],[6.90544,5.10414],[6.90544,5.10405],[6.90526,5.10405],[6.90526,5.10396],[6.90544,5.10396],[6.90544,5.10387],[6.90571,5.10387],[6.90571,5.10396],[6.9058,5.10396],[6.9058,5.10414],[6.90589,5.10414],[6.90589,5.10423],[6.90598,5.10423],[6.90598,5.10405],[6.90589,5.10405],[6.90589,5.10396],[6.90607,5.10396],[6.90607,5.10414],[6.90625,5.10414],[6.90625,5.10423],[6.90643,5.10423],[6.90643,5.10432],[6.90634,5.10432],[6.90634,5.10468],[6.90625,5.10468],[6.90625,5.10477],[6.90616,5.10477],[6.90616,5.10468],[6.90625,5.10468],[6.90625,5.1045],[6.90598,5.1045],[6.90598,5.10468]],[[6.90526,5.10468],[6.90508,5.10468],[6.90508,5.10459],[6.90526,5.10459],[6.90526,5.10468]],[[6.9058,5.10432],[6.90571,5.10432],[6.90571,5.10423],[6.9058,5.10423],[6.9058,5.10432]]]}},{"type":"Feature","properties":{},"geometry":{"geodesic":false,"type":"Polygon","coordinates":[[[6.9058,5.1575],[6.9058,5.15732],[6.90562,5.15732],[6.90562,5.15723],[6.90553,5.15723],[6.90553,5.15732],[6.90544,5.15732],[6.90544,5.15741],[6.90553,5.15741],[6.90553,5.15759],[6.90544,5.15759],[6.90544,5.1575],[6.90535,5.1575],[6.90535,5.15741],[6.90526,5.15741],[6.90526,5.15732],[6.90535,5.15732],[6.90535,5.15705],[6.90526,5.15705],[6.90526,5.15696],[6.90517,5.15696],[6.90517,5.15723],[6.90508,5.15723],[6.90508,5.15714],[6.90499,5.15714],[6.90499,5.15705],[6.90508,5.15705],[6.90508,5.15687],[6.90517,5.15687],[6.90517,5.15678],[6.90535,5.15678],[6.90535,5.15669],[6.90526,5.15669],[6.90526,5.1566],[6.90517,5.1566],[6.90517,5.15651],[6.90499,5.15651],[6.90499,5.15642],[6.90535,5.15642],[6.90535,5.15669],[6.90544,5.15669],[6.90544,5.15642],[6.90553,5.15642],[6.90553,5.15651],[6.90571,5.15651],[6.90571,5.15633],[6.90589,5.15633],[6.90589,5.15642],[6.9058,5.15642],[6.9058,5.15651],[6.90571,5.15651],[6.90571,5.1566],[6.90562,5.1566],[6.90562,5.15687],[6.90571,5.15687],[6.90571,5.15696],[6.9058,5.15696],[6.9058,5.15705],[6.90598,5.15705],[6.90598,5.15714],[6.90607,5.15714],[6.90607,5.15741],[6.90616,5.15741],[6.90616,5.15732],[6.90643,5.15732],[6.90643,5.15759],[6.90652,5.15759],[6.90652,5.1575],[6.90661,5.1575],[6.90661,5.15777],[6.90643,5.15777],[6.90643,5.15768],[6.90634,5.15768],[6.90634,5.15777],[6.90625,5.15777],[6.90625,5.15804],[6.90616,5.15804],[6.90616,5.15786],[6.90607,5.15786],[6.90607,5.15777],[6.90598,5.15777],[6.90598,5.15759],[6.90589,5.15759],[6.90589,5.15768],[6.90571,5.15768],[6.90571,5.15759],[6.90562,5.15759],[6.90562,5.15741],[6.90571,5.15741],[6.90571,5.1575],[6.9058,5.1575]],[[6.90598,5.15732],[6.90589,5.15732],[6.90589,5.15723],[6.90598,5.15723],[6.90598,5.15732]],[[6.90607,5.15759],[6.90598,5.15759],[6.90598,5.1575],[6.90607,5.1575],[6.90607,5.15759]]]}},{"type":"Feature","properties":{},"geometry":{"geodesic":false,"type":"Polygon","coordinates":[[[6.90607,5.17178],[6.9058,5.17178],[6.9058,5.17187],[6.90571,5.17187],[6.90571,5.17205],[6.90562,5.17205],[6.90562,5.17223],[6.90544,5.17223],[6.90544,5.17214],[6.90535,5.17214],[6.90535,5.17232],[6.90517,5.17232],[6.90517,5.17241],[6.90508,5.17241],[6.90508,5.17223],[6.90499,5.17223],[6.90499,5.17214],[6.90481,5.17214],[6.90481,5.17205],[6.90454,5.17205],[6.90454,5.17196],[6.90472,5.17196],[6.90472,5.17187],[6.9049,5.17187],[6.9049,5.17205],[6.90526,5.17205],[6.90526,5.17214],[6.90535,5.17214],[6.90535,5.17196],[6.90526,5.17196],[6.90526,5.17187],[6.90517,5.17187],[6.90517,5.17178],[6.90553,5.17178],[6.90553,5.17169],[6.90562,5.17169],[6.90562,5.1716],[6.90598,5.1716],[6.90598,5.17151],[6.90625,5.17151],[6.90625,5.17169],[6.90643,5.17169],[6.90643,5.17178],[6.9067,5.17178],[6.9067,5.17169],[6.90679,5.17169],[6.90679,5.1716],[6.90697,5.1716],[6.90697,5.17169],[6.90724,5.17169],[6.90724,5.17187],[6.90715,5.17187],[6.90715,5.17214],[6.90688,5.17214],[6.90688,5.17241],[6.90679,5.17241],[6.90679,5.17223],[6.90661,5.17223],[6.90661,5.17232],[6.90643,5.17232],[6.90643,5.17241],[6.90634,5.17241],[6.90634,5.1725],[6.90625,5.1725],[6.90625,5.17223],[6.90616,5.17223],[6.90616,5.17214],[6.90598,5.17214],[6.90598,5.17196],[6.90607,5.17196],[6.90607,5.17178]],[[6.90571,5.17187],[6.90562,5.17187],[6.90562,5.17178],[6.90571,5.17178],[6.90571,5.17187]],[[6.90697,5.17178],[6.90688,5.17178],[6.90688,5.17169],[6.90697,5.17169],[6.90697,5.17178]],[[6.90679,5.17214],[6.9067,5.17214],[6.9067,5.17196],[6.90679,5.17196],[6.90679,5.17214]]]}},{"type":"Feature","properties":{},"geometry":{"geodesic":false,"type":"Polygon","coordinates":[[[6.90625,5.01134],[6.90625,5.01125],[6.90616,5.01125],[6.90616,5.01116],[6.90607,5.01116],[6.90607,5.01107],[6.90598,5.01107],[6.90598,5.0108],[6.90589,5.0108],[6.90589,5.01071],[6.9058,5.01071],[6.9058,5.01062],[6.90589,5.01062],[6.90589,5.01053],[6.90607,5.01053],[6.90607,5.01035],[6.90616,5.01035],[6.90616,5.01026],[6.90625,5.01026],[6.90625,5.01035],[6.90634,5.01035],[6.90634,5.01071],[6.90625,5.01071],[6.90625,5.01089],[6.90643,5.01089],[6.90643,5.01098],[6.90652,5.01098],[6.90652,5.01089],[6.90661,5.01089],[6.90661,5.01116],[6.9067,5.01116],[6.9067,5.01125],[6.90652,5.01125],[6.90652,5.01134],[6.90625,5.01134]],[[6.90634,5.01107],[6.90625,5.01107],[6.90625,5.01098],[6.90634,5.01098],[6.90634,5.01107]]]}},{"type":"Feature","properties":{},"geometry":{"geodesic":false,"type":"Polygon","coordinates":[[[6.90625,5.14941],[6.90625,5.14923],[6.90616,5.14923],[6.90616,5.14941],[6.90607,5.14941],[6.90607,5.14914],[6.90598,5.14914],[6.90598,5.14923],[6.90589,5.14923],[6.90589,5.14905],[6.90607,5.14905],[6.90607,5.14896],[6.90616,5.14896],[6.90616,5.14914],[6.90625,5.14914],[6.90625,5.14887],[6.90634,5.14887],[6.90634,5.1486],[6.90625,5.1486],[6.90625,5.14869],[6.90616,5.14869],[6.90616,5.14878],[6.90607,5.14878],[6.90607,5.14869],[6.90598,5.14869],[6.90598,5.14851],[6.90607,5.14851],[6.90607,5.14842],[6.90616,5.14842],[6.90616,5.14851],[6.9067,5.14851],[6.9067,5.14896],[6.90661,5.14896],[6.90661,5.14905],[6.90679,5.14905],[6.90679,5.14914],[6.90661,5.14914],[6.90661,5.14932],[6.90652,5.14932],[6.90652,5.14941],[6.90625,5.14941]],[[6.90652,5.14869],[6.90643,5.14869],[6.90643,5.1486],[6.90652,5.1486],[6.90652,5.14869]],[[6.90661,5.14887],[6.90643,5.14887],[6.90643,5.14878],[6.90661,5.14878],[6.90661,5.14887]]]}},{"type":"Feature","properties":{},"geometry":{"geodesic":false,"type":"Polygon","coordinates":[[[6.90625,5.16549],[6.90625,5.16513],[6.90634,5.16513],[6.90634,5.16504],[6.90607,5.16504],[6.90607,5.16513],[6.90598,5.16513],[6.90598,5.16504],[6.90607,5.16504],[6.90607,5.16495],[6.90598,5.16495],[6.90598,5.16468],[6.90607,5.16468],[6.90607,5.16477],[6.90616,5.16477],[6.90616,5.16468],[6.90625,5.16468],[6.90625,5.1645],[6.90634,5.1645],[6.90634,5.16459],[6.90643,5.16459],[6.90643,5.16477],[6.90652,5.16477],[6.90652,5.16468],[6.90661,5.16468],[6.90661,5.16486],[6.90652,5.16486],[6.90652,5.16495],[6.90634,5.16495],[6.90634,5.16504],[6.90643,5.16504],[6.90643,5.16513],[6.90652,5.16513],[6.90652,5.16504],[6.9067,5.16504],[6.9067,5.16513],[6.90679,5.16513],[6.90679,5.16522],[6.90697,5.16522],[6.90697,5.16531],[6.90688,5.16531],[6.90688,5.1654],[6.90679,5.1654],[6.90679,5.16531],[6.90661,5.16531],[6.90661,5.16549],[6.90625,5.16549]]]}},{"type":"Feature","properties":{},"geometry":{"geodesic":false,"type":"Polygon","coordinates":[[[6.90598,5.16702],[6.90571,5.16702],[6.90571,5.16711],[6.90562,5.16711],[6.90562,5.16693],[6.90544,5.16693],[6.90544,5.16675],[6.90607,5.16675],[6.90607,5.16657],[6.90616,5.16657],[6.90616,5.16666],[6.90625,5.16666],[6.90625,5.16675],[6.90634,5.16675],[6.90634,5.16702],[6.90643,5.16702],[6.90643,5.16684],[6.90652,5.16684],[6.90652,5.16666],[6.90661,5.16666],[6.90661,5.16657],[6.90643,5.16657],[6.90643,5.16639],[6.90652,5.16639],[6.90652,5.1663],[6.90679,5.1663],[6.90679,5.16639],[6.90706,5.16639],[6.90706,5.1663],[6.90715,5.1663],[6.90715,5.16648],[6.90724,5.16648],[6.90724,5.16675],[6.90733,5.16675],[6.90733,5.16693],[6.90715,5.16693],[6.90715,5.16702],[6.90724,5.16702],[6.90724,5.16711],[6.90697,5.16711],[6.90697,5.16702],[6.90688,5.16702],[6.90688,5.16693],[6.9067,5.16693],[6.9067,5.1672],[6.90652,5.1672],[6.90652,5.16702],[6.90643,5.16702],[6.90643,5.16711],[6.90634,5.16711],[6.90634,5.16702],[6.90616,5.16702],[6.90616,5.16693],[6.90598,5.16693],[6.90598,5.16702]],[[6.9058,5.16693],[6.90571,5.16693],[6.90571,5.16684],[6.9058,5.16684],[6.9058,5.16693]]]}},{"type":"Feature","properties":{},"geometry":{"geodesic":false,"type":"Polygon","coordinates":[[[6.90688,5.16945],[6.90688,5.16927],[6.90697,5.16927],[6.90697,5.16918],[6.90679,5.16918],[6.90679,5.16909],[6.9067,5.16909],[6.9067,5.169],[6.90652,5.169],[6.90652,5.16909],[6.90643,5.16909],[6.90643,5.169],[6.90625,5.169],[6.90625,5.16882],[6.90634,5.16882],[6.90634,5.16873],[6.90625,5.16873],[6.90625,5.16864],[6.9067,5.16864],[6.9067,5.16873],[6.90688,5.16873],[6.90688,5.16864],[6.90679,5.16864],[6.90679,5.16855],[6.90706,5.16855],[6.90706,5.16864],[6.90733,5.16864],[6.90733,5.16855],[6.90742,5.16855],[6.90742,5.16864],[6.90733,5.16864],[6.90733,5.16882],[6.90724,5.16882],[6.90724,5.16891],[6.90715,5.16891],[6.90715,5.16909],[6.90706,5.16909],[6.90706,5.16927],[6.90724,5.16927],[6.90724,5.16936],[6.90715,5.16936],[6.90715,5.16945],[6.90688,5.16945]],[[6.90697,5.16909],[6.90688,5.16909],[6.90688,5.16891],[6.90706,5.16891],[6.90706,5.169],[6.90697,5.169],[6.90697,5.16909]]]}},{"type":"Feature","properties":{},"geometry":{"geodesic":false,"type":"Polygon","coordinates":[[[6.9058,5.1442],[6.9058,5.14411],[6.90571,5.14411],[6.90571,5.14393],[6.90553,5.14393],[6.90553,5.14384],[6.90562,5.14384],[6.90562,5.14375],[6.90553,5.14375],[6.90553,5.14348],[6.90544,5.14348],[6.90544,5.14339],[6.90589,5.14339],[6.90589,5.14357],[6.90598,5.14357],[6.90598,5.14348],[6.90607,5.14348],[6.90607,5.14366],[6.90616,5.14366],[6.90616,5.14393],[6.90607,5.14393],[6.90607,5.14402],[6.9058,5.14402],[6.9058,5.14411],[6.90589,5.14411],[6.90589,5.1442],[6.90616,5.1442],[6.90616,5.14411],[6.90625,5.14411],[6.90625,5.1442],[6.90634,5.1442],[6.90634,5.14429],[6.90643,5.14429],[6.90643,5.14438],[6.90652,5.14438],[6.90652,5.14429],[6.9067,5.14429],[6.9067,5.1442],[6.90679,5.1442],[6.90679,5.14402],[6.90688,5.14402],[6.90688,5.14384],[6.90697,5.14384],[6.90697,5.14393],[6.90706,5.14393],[6.90706,5.14402],[6.90715,5.14402],[6.90715,5.1442],[6.90724,5.1442],[6.90724,5.14438],[6.90733,5.14438],[6.90733,5.14447],[6.90742,5.14447],[6.90742,5.14456],[6.90733,5.14456],[6.90733,5.14474],[6.90724,5.14474],[6.90724,5.14501],[6.90733,5.14501],[6.90733,5.1451],[6.90724,5.1451],[6.90724,5.14519],[6.90715,5.14519],[6.90715,5.1451],[6.90706,5.1451],[6.90706,5.14519],[6.90688,5.14519],[6.90688,5.1451],[6.9067,5.1451],[6.9067,5.14501],[6.90652,5.14501],[6.90652,5.14465],[6.90661,5.14465],[6.90661,5.14447],[6.90634,5.14447],[6.90634,5.14438],[6.90616,5.14438],[6.90616,5.14429],[6.90607,5.14429],[6.90607,5.14438],[6.90598,5.14438],[6.90598,5.14447],[6.9058,5.14447],[6.9058,5.14438],[6.90589,5.14438],[6.90589,5.1442],[6.9058,5.1442]]]}},{"type":"Feature","properties":{},"geometry":{"geodesic":false,"type":"Polygon","coordinates":[[[6.90751,5.17349],[6.90751,5.17331],[6.90742,5.17331],[6.90742,5.17322],[6.90715,5.17322],[6.90715,5.17295],[6.90706,5.17295],[6.90706,5.17277],[6.90715,5.17277],[6.90715,5.17268],[6.90706,5.17268],[6.90706,5.17259],[6.90715,5.17259],[6.90715,5.1725],[6.90733,5.1725],[6.90733,5.17223],[6.90724,5.17223],[6.90724,5.17214],[6.90733,5.17214],[6.90733,5.17178],[6.90742,5.17178],[6.90742,5.17196],[6.90751,5.17196],[6.90751,5.17223],[6.9076,5.17223],[6.9076,5.17232],[6.90751,5.17232],[6.90751,5.17241],[6.90742,5.17241],[6.90742,5.1725],[6.90751,5.1725],[6.90751,5.17268],[6.90742,5.17268],[6.90742,5.17277],[6.90751,5.17277],[6.90751,5.17304],[6.9076,5.17304],[6.9076,5.17295],[6.90769,5.17295],[6.90769,5.17304],[6.90778,5.17304],[6.90778,5.17322],[6.90769,5.17322],[6.90769,5.17331],[6.9076,5.17331],[6.9076,5.1734],[6.90769,5.1734],[6.90769,5.17349],[6.90751,5.17349]],[[6.90769,5.17322],[6.9076,5.17322],[6.9076,5.17313],[6.90769,5.17313],[6.90769,5.17322]]]}},{"type":"Feature","properties":{},"geometry":{"geodesic":false,"type":"Polygon","coordinates":[[[6.9076,5.18876],[6.9076,5.18867],[6.90751,5.18867],[6.90751,5.18858],[6.90742,5.18858],[6.90742,5.18849],[6.90733,5.18849],[6.90733,5.1884],[6.90742,5.1884],[6.90742,5.18822],[6.90778,5.18822],[6.90778,5.18795],[6.90786,5.18795],[6.90786,5.18813],[6.90795,5.18813],[6.90795,5.18822],[6.90804,5.18822],[6.90804,5.18813],[6.90813,5.18813],[6.90813,5.18804],[6.90804,5.18804],[6.90804,5.18795],[6.90813,5.18795],[6.90813,5.18804],[6.90822,5.18804],[6.90822,5.18813],[6.90831,5.18813],[6.90831,5.18822],[6.9084,5.18822],[6.9084,5.18831],[6.90849,5.18831],[6.90849,5.1884],[6.9084,5.1884],[6.9084,5.18849],[6.90831,5.18849],[6.90831,5.18858],[6.90813,5.18858],[6.90813,5.18867],[6.90804,5.18867],[6.90804,5.18858],[6.90795,5.18858],[6.90795,5.18867],[6.90778,5.18867],[6.90778,5.18876],[6.9076,5.18876]]]}},{"type":"Feature","properties":{},"geometry":{"geodesic":false,"type":"Polygon","coordinates":[[[6.9084,5.10459],[6.9084,5.1045],[6.90831,5.1045],[6.90831,5.10432],[6.90813,5.10432],[6.90813,5.10414],[6.90804,5.10414],[6.90804,5.10396],[6.90822,5.10396],[6.90822,5.10378],[6.90831,5.10378],[6.90831,5.10369],[6.90858,5.10369],[6.90858,5.1036],[6.90876,5.1036],[6.90876,5.10405],[6.90885,5.10405],[6.90885,5.10423],[6.90876,5.10423],[6.90876,5.10414],[6.90867,5.10414],[6.90867,5.10423],[6.90858,5.10423],[6.90858,5.10432],[6.90849,5.10432],[6.90849,5.10459],[6.9084,5.10459]],[[6.90858,5.10387],[6.90849,5.10387],[6.90849,5.10378],[6.90858,5.10378],[6.90858,5.10387]],[[6.90858,5.10423],[6.90849,5.10423],[6.90849,5.10414],[6.90858,5.10414],[6.90858,5.10423]]]}},{"type":"Feature","properties":{},"geometry":{"geodesic":false,"type":"Polygon","coordinates":[[[6.90867,5.14241],[6.90867,5.14232],[6.90858,5.14232],[6.90858,5.14214],[6.9084,5.14214],[6.9084,5.14187],[6.90858,5.14187],[6.90858,5.14196],[6.90867,5.14196],[6.90867,5.14187],[6.90876,5.14187],[6.90876,5.1416],[6.90867,5.1416],[6.90867,5.14169],[6.90849,5.14169],[6.90849,5.14178],[6.9084,5.14178],[6.9084,5.1416],[6.90858,5.1416],[6.90858,5.14115],[6.90867,5.14115],[6.90867,5.14088],[6.90876,5.14088],[6.90876,5.14079],[6.90885,5.14079],[6.90885,5.14088],[6.90912,5.14088],[6.90912,5.14097],[6.90921,5.14097],[6.90921,5.14106],[6.9093,5.14106],[6.9093,5.14115],[6.90939,5.14115],[6.90939,5.14142],[6.90948,5.14142],[6.90948,5.14124],[6.90957,5.14124],[6.90957,5.14115],[6.90975,5.14115],[6.90975,5.14124],[6.91011,5.14124],[6.91011,5.14151],[6.91002,5.14151],[6.91002,5.1416],[6.90984,5.1416],[6.90984,5.14151],[6.90975,5.14151],[6.90975,5.1416],[6.90966,5.1416],[6.90966,5.14151],[6.90957,5.14151],[6.90957,5.14142],[6.90948,5.14142],[6.90948,5.1416],[6.90939,5.1416],[6.90939,5.14142],[6.9093,5.14142],[6.9093,5.1416],[6.90912,5.1416],[6.90912,5.14169],[6.90921,5.14169],[6.90921,5.14178],[6.90939,5.14178],[6.90939,5.14205],[6.90921,5.14205],[6.90921,5.14214],[6.90885,5.14214],[6.90885,5.14205],[6.90876,5.14205],[6.90876,5.14232],[6.90885,5.14232],[6.90885,5.14241],[6.90867,5.14241]],[[6.90903,5.14196],[6.90894,5.14196],[6.90894,5.14187],[6.90885,5.14187],[6.90885,5.14169],[6.90912,5.14169],[6.90912,5.14178],[6.90921,5.14178],[6.90921,5.14187],[6.90903,5.14187],[6.90903,5.14196]]]}},{"type":"Feature","properties":{},"geometry":{"geodesic":false,"type":"Polygon","coordinates":[[[6.90885,5.15911],[6.90885,5.15902],[6.90786,5.15902],[6.90786,5.15893],[6.90778,5.15893],[6.90778,5.15902],[6.90769,5.15902],[6.90769,5.15893],[6.9076,5.15893],[6.9076,5.15885],[6.90742,5.15885],[6.90742,5.15876],[6.90733,5.15876],[6.90733,5.15867],[6.90742,5.15867],[6.90742,5.15858],[6.90715,5.15858],[6.90715,5.15867],[6.90697,5.15867],[6.90697,5.15858],[6.90688,5.15858],[6.90688,5.15849],[6.90679,5.15849],[6.90679,5.15867],[6.9067,5.15867],[6.9067,5.15849],[6.90661,5.15849],[6.90661,5.1584],[6.9067,5.1584],[6.9067,5.15822],[6.90679,5.15822],[6.90679,5.15813],[6.9067,5.15813],[6.9067,5.15804],[6.90652,5.15804],[6.90652,5.15795],[6.90679,5.15795],[6.90679,5.15777],[6.9067,5.15777],[6.9067,5.15768],[6.90679,5.15768],[6.90679,5.15759],[6.90706,5.15759],[6.90706,5.15768],[6.90724,5.15768],[6.90724,5.15741],[6.90733,5.15741],[6.90733,5.15732],[6.90751,5.15732],[6.90751,5.15723],[6.90769,5.15723],[6.90769,5.15714],[6.90778,5.15714],[6.90778,5.15705],[6.90795,5.15705],[6.90795,5.15687],[6.90804,5.15687],[6.90804,5.15678],[6.90822,5.15678],[6.90822,5.15669],[6.9084,5.15669],[6.9084,5.1566],[6.90858,5.1566],[6.90858,5.15651],[6.90876,5.15651],[6.90876,5.15642],[6.90885,5.15642],[6.90885,5.15633],[6.90894,5.15633],[6.90894,5.15624],[6.90912,5.15624],[6.90912,5.15606],[6.90921,5.15606],[6.90921,5.15597],[6.9093,5.15597],[6.9093,5.15606],[6.90939,5.15606],[6.90939,5.15615],[6.91002,5.15615],[6.91002,5.15624],[6.91011,5.15624],[6.91011,5.15606],[6.9102,5.15606],[6.9102,5.15597],[6.91038,5.15597],[6.91038,5.15588],[6.91047,5.15588],[6.91047,5.15597],[6.91056,5.15597],[6.91056,5.15615],[6.91065,5.15615],[6.91065,5.15606],[6.91083,5.15606],[6.91083,5.15615],[6.91101,5.15615],[6.91101,5.15633],[6.9111,5.15633],[6.9111,5.15642],[6.91119,5.15642],[6.91119,5.1566],[6.91128,5.1566],[6.91128,5.15678],[6.91137,5.15678],[6.91137,5.15732],[6.91128,5.15732],[6.91128,5.1575],[6.91119,5.1575],[6.91119,5.15732],[6.9111,5.15732],[6.9111,5.1575],[6.91101,5.1575],[6.91101,5.15777],[6.91092,5.15777],[6.91092,5.15795],[6.91065,5.15795],[6.91065,5.15804],[6.91056,5.15804],[6.91056,5.15813],[6.91038,5.15813],[6.91038,5.15822],[6.91029,5.15822],[6.91029,5.15831],[6.9102,5.15831],[6.9102,5.1584],[6.91011,5.1584],[6.91011,5.15849],[6.91002,5.15849],[6.91002,5.15858],[6.90993,5.15858],[6.90993,5.15867],[6.90984,5.15867],[6.90984,5.15876],[6.90975,5.15876],[6.90975,5.15885],[6.90957,5.15885],[6.90957,5.15893],[6.90948,5.15893],[6.90948,5.15902],[6.90912,5.15902],[6.90912,5.15911],[6.90885,5.15911]],[[6.91029,5.15642],[6.91011,5.15642],[6.91011,5.15624],[6.91029,5.15624],[6.91029,5.15642]],[[6.90697,5.15786],[6.90688,5.15786],[6.90688,5.15777],[6.90697,5.15777],[6.90697,5.15786]],[[6.90948,5.15893],[6.90939,5.15893],[6.90939,5.15885],[6.90948,5.15885],[6.90948,5.15893]]]}},{"type":"Feature","properties":{},"geometry":{"geodesic":false,"type":"Polygon","coordinates":[[[6.90912,5.18319],[6.90912,5.1831],[6.90903,5.1831],[6.90903,5.18292],[6.90894,5.18292],[6.90894,5.18283],[6.90885,5.18283],[6.90885,5.18274],[6.90912,5.18274],[6.90912,5.18292],[6.90921,5.18292],[6.90921,5.18301],[6.9093,5.18301],[6.9093,5.18292],[6.90939,5.18292],[6.90939,5.18301],[6.90948,5.18301],[6.90948,5.18283],[6.9093,5.18283],[6.9093,5.18274],[6.90921,5.18274],[6.90921,5.18238],[6.9093,5.18238],[6.9093,5.18229],[6.90921,5.18229],[6.90921,5.1822],[6.90948,5.1822],[6.90948,5.18229],[6.90939,5.18229],[6.90939,5.18238],[6.90948,5.18238],[6.90948,5.18247],[6.90966,5.18247],[6.90966,5.18238],[6.90984,5.18238],[6.90984,5.18283],[6.90975,5.18283],[6.90975,5.18292],[6.90957,5.18292],[6.90957,5.18301],[6.90948,5.18301],[6.90948,5.1831],[6.90939,5.1831],[6.90939,5.18301],[6.9093,5.18301],[6.9093,5.1831],[6.90921,5.1831],[6.90921,5.18319],[6.90912,5.18319]]]}},{"type":"Feature","properties":{},"geometry":{"geodesic":false,"type":"Polygon","coordinates":[[[6.90975,5.18193],[6.90975,5.18166],[6.90957,5.18166],[6.90957,5.18157],[6.90948,5.18157],[6.90948,5.18166],[6.90939,5.18166],[6.90939,5.18148],[6.90948,5.18148],[6.90948,5.18139],[6.90957,5.18139],[6.90957,5.18112],[6.90939,5.18112],[6.90939,5.18121],[6.90894,5.18121],[6.90894,5.18103],[6.90876,5.18103],[6.90876,5.18112],[6.90867,5.18112],[6.90867,5.18094],[6.90858,5.18094],[6.90858,5.18085],[6.90849,5.18085],[6.90849,5.18076],[6.90858,5.18076],[6.90858,5.18067],[6.90867,5.18067],[6.90867,5.18058],[6.90876,5.18058],[6.90876,5.18049],[6.90885,5.18049],[6.90885,5.18058],[6.90921,5.18058],[6.90921,5.18085],[6.90939,5.18085],[6.90939,5.18094],[6.90948,5.18094],[6.90948,5.18085],[6.90957,5.18085],[6.90957,5.18103],[6.90984,5.18103],[6.90984,5.18121],[6.91002,5.18121],[6.91002,5.1813],[6.90993,5.1813],[6.90993,5.18139],[6.90984,5.18139],[6.90984,5.18148],[6.90975,5.18148],[6.90975,5.18139],[6.90957,5.18139],[6.90957,5.18148],[6.90966,5.18148],[6.90966,5.18157],[6.90975,5.18157],[6.90975,5.18166],[6.90984,5.18166],[6.90984,5.18193],[6.90975,5.18193]],[[6.90903,5.18085],[6.90894,5.18085],[6.90894,5.18067],[6.90903,5.18067],[6.90903,5.18085]]]}},{"type":"Feature","properties":{},"geometry":{"geodesic":false,"type":"Polygon","coordinates":[[[6.90984,5.16738],[6.90984,5.16711],[6.90975,5.16711],[6.90975,5.1672],[6.9093,5.1672],[6.9093,5.16702],[6.90921,5.16702],[6.90921,5.16693],[6.90939,5.16693],[6.90939,5.16675],[6.90957,5.16675],[6.90957,5.16666],[6.90939,5.16666],[6.90939,5.16657],[6.9093,5.16657],[6.9093,5.16648],[6.90966,5.16648],[6.90966,5.16639],[6.90975,5.16639],[6.90975,5.16657],[6.90984,5.16657],[6.90984,5.16666],[6.91002,5.16666],[6.91002,5.16675],[6.91011,5.16675],[6.91011,5.16684],[6.9102,5.16684],[6.9102,5.16693],[6.91029,5.16693],[6.91029,5.16702],[6.91011,5.16702],[6.91011,5.16711],[6.9102,5.16711],[6.9102,5.1672],[6.91011,5.1672],[6.91011,5.16729],[6.90993,5.16729],[6.90993,5.16738],[6.90984,5.16738]],[[6.90948,5.16702],[6.90939,5.16702],[6.90939,5.16693],[6.90948,5.16693],[6.90948,5.16702]]]}},{"type":"Feature","properties":{},"geometry":{"geodesic":false,"type":"Polygon","coordinates":[[[6.90975,5.1857],[6.90975,5.18552],[6.91002,5.18552],[6.91002,5.18526],[6.90993,5.18526],[6.90993,5.18517],[6.90984,5.18517],[6.90984,5.18508],[6.90975,5.18508],[6.90975,5.18517],[6.90966,5.18517],[6.90966,5.18526],[6.90957,5.18526],[6.90957,5.18552],[6.90948,5.18552],[6.90948,5.18561],[6.90939,5.18561],[6.90939,5.18552],[6.9093,5.18552],[6.9093,5.18544],[6.90921,5.18544],[6.90921,5.18535],[6.90912,5.18535],[6.90912,5.18481],[6.90921,5.18481],[6.90921,5.18472],[6.90939,5.18472],[6.90939,5.18481],[6.90957,5.18481],[6.90957,5.18472],[6.90948,5.18472],[6.90948,5.18463],[6.90957,5.18463],[6.90957,5.18472],[6.90966,5.18472],[6.90966,5.18463],[6.90975,5.18463],[6.90975,5.18454],[6.90966,5.18454],[6.90966,5.18445],[6.90975,5.18445],[6.90975,5.18454],[6.90993,5.18454],[6.90993,5.18436],[6.91002,5.18436],[6.91002,5.18454],[6.9102,5.18454],[6.9102,5.18463],[6.91038,5.18463],[6.91038,5.18454],[6.91047,5.18454],[6.91047,5.18481],[6.91056,5.18481],[6.91056,5.18472],[6.91065,5.18472],[6.91065,5.18508],[6.91056,5.18508],[6.91056,5.18517],[6.91047,5.18517],[6.91047,5.18526],[6.91056,5.18526],[6.91056,5.18544],[6.91047,5.18544],[6.91047,5.18526],[6.91029,5.18526],[6.91029,5.18517],[6.91038,5.18517],[6.91038,5.18508],[6.91029,5.18508],[6.91029,5.18499],[6.9102,5.18499],[6.9102,5.18508],[6.91011,5.18508],[6.91011,5.18526],[6.9102,5.18526],[6.9102,5.18535],[6.91011,5.18535],[6.91011,5.18552],[6.91002,5.18552],[6.91002,5.1857],[6.90975,5.1857]],[[6.91002,5.18499],[6.90993,5.18499],[6.90993,5.18481],[6.90984,5.18481],[6.90984,5.18472],[6.91002,5.18472],[6.91002,5.18463],[6.9102,5.18463],[6.9102,5.18472],[6.91011,5.18472],[6.91011,5.18481],[6.91002,5.18481],[6.91002,5.18499]],[[6.90957,5.18508],[6.90948,5.18508],[6.90948,5.18499],[6.90957,5.18499],[6.90957,5.18508]],[[6.90966,5.18517],[6.90957,5.18517],[6.90957,5.18508],[6.90966,5.18508],[6.90966,5.18517]]]}},{"type":"Feature","properties":{},"geometry":{"geodesic":false,"type":"Polygon","coordinates":[[[6.91092,5.08204],[6.91092,5.08195],[6.91083,5.08195],[6.91083,5.08204],[6.91065,5.08204],[6.91065,5.08195],[6.91056,5.08195],[6.91056,5.08177],[6.91065,5.08177],[6.91065,5.08168],[6.91056,5.08168],[6.91056,5.08159],[6.91065,5.08159],[6.91065,5.0815],[6.91074,5.0815],[6.91074,5.08141],[6.91047,5.08141],[6.91047,5.08132],[6.91065,5.08132],[6.91065,5.08123],[6.91074,5.08123],[6.91074,5.08114],[6.91092,5.08114],[6.91092,5.08132],[6.91119,5.08132],[6.91119,5.08114],[6.91128,5.08114],[6.91128,5.08123],[6.91137,5.08123],[6.91137,5.08114],[6.91146,5.08114],[6.91146,5.08123],[6.91137,5.08123],[6.91137,5.08132],[6.91119,5.08132],[6.91119,5.08141],[6.91128,5.08141],[6.91128,5.08159],[6.91137,5.08159],[6.91137,5.0815],[6.91146,5.0815],[6.91146,5.08159],[6.91137,5.08159],[6.91137,5.08168],[6.91119,5.08168],[6.91119,5.08204],[6.91092,5.08204]]]}},{"type":"Feature","properties":{},"geometry":{"geodesic":false,"type":"Polygon","coordinates":[[[6.91164,5.13747],[6.91164,5.13729],[6.91146,5.13729],[6.91146,5.13711],[6.91173,5.13711],[6.91173,5.13693],[6.91182,5.13693],[6.91182,5.13684],[6.91173,5.13684],[6.91173,5.13675],[6.91155,5.13675],[6.91155,5.1363],[6.91146,5.1363],[6.91146,5.13639],[6.91119,5.13639],[6.91119,5.13648],[6.9111,5.13648],[6.9111,5.13621],[6.91119,5.13621],[6.91119,5.1363],[6.91128,5.1363],[6.91128,5.13612],[6.91173,5.13612],[6.91173,5.13621],[6.91182,5.13621],[6.91182,5.13612],[6.91191,5.13612],[6.91191,5.13603],[6.912,5.13603],[6.912,5.13594],[6.91191,5.13594],[6.91191,5.13585],[6.91209,5.13585],[6.91209,5.13612],[6.91218,5.13612],[6.91218,5.13621],[6.91236,5.13621],[6.91236,5.1363],[6.91245,5.1363],[6.91245,5.13621],[6.91263,5.13621],[6.91263,5.1363],[6.91272,5.1363],[6.91272,5.13657],[6.91281,5.13657],[6.91281,5.13666],[6.91272,5.13666],[6.91272,5.13693],[6.91281,5.13693],[6.91281,5.13702],[6.9129,5.13702],[6.9129,5.13711],[6.91281,5.13711],[6.91281,5.1372],[6.91272,5.1372],[6.91272,5.13711],[6.91245,5.13711],[6.91245,5.1372],[6.91218,5.1372],[6.91218,5.13729],[6.91209,5.13729],[6.91209,5.13738],[6.912,5.13738],[6.912,5.13729],[6.91191,5.13729],[6.91191,5.13738],[6.91173,5.13738],[6.91173,5.13747],[6.91164,5.13747]]]}},{"type":"Feature","properties":{},"geometry":{"geodesic":false,"type":"Polygon","coordinates":[[[6.91245,5.14286],[6.91245,5.14277],[6.91236,5.14277],[6.91236,5.14268],[6.912,5.14268],[6.912,5.14259],[6.91182,5.14259],[6.91182,5.14241],[6.91191,5.14241],[6.91191,5.14232],[6.912,5.14232],[6.912,5.14223],[6.91209,5.14223],[6.91209,5.14205],[6.91218,5.14205],[6.91218,5.14196],[6.91236,5.14196],[6.91236,5.14187],[6.9129,5.14187],[6.9129,5.14178],[6.91299,5.14178],[6.91299,5.14169],[6.91308,5.14169],[6.91308,5.14178],[6.91299,5.14178],[6.91299,5.14187],[6.9129,5.14187],[6.9129,5.14196],[6.91299,5.14196],[6.91299,5.14205],[6.9129,5.14205],[6.9129,5.14214],[6.91299,5.14214],[6.91299,5.14223],[6.91308,5.14223],[6.91308,5.14241],[6.9129,5.14241],[6.9129,5.1425],[6.91281,5.1425],[6.91281,5.14268],[6.91272,5.14268],[6.91272,5.14277],[6.91254,5.14277],[6.91254,5.14286],[6.91245,5.14286]]]}},{"type":"Feature","properties":{},"geometry":{"geodesic":false,"type":"Polygon","coordinates":[[[6.91325,5.16747],[6.91325,5.16738],[6.91308,5.16738],[6.91308,5.1672],[6.91299,5.1672],[6.91299,5.16693],[6.91308,5.16693],[6.91308,5.16702],[6.91316,5.16702],[6.91316,5.16693],[6.91325,5.16693],[6.91325,5.16684],[6.91308,5.16684],[6.91308,5.16675],[6.91299,5.16675],[6.91299,5.16666],[6.9129,5.16666],[6.9129,5.16657],[6.91281,5.16657],[6.91281,5.16666],[6.91272,5.16666],[6.91272,5.16675],[6.91281,5.16675],[6.91281,5.16684],[6.91272,5.16684],[6.91272,5.16693],[6.9129,5.16693],[6.9129,5.16711],[6.91281,5.16711],[6.91281,5.1672],[6.91254,5.1672],[6.91254,5.16711],[6.91245,5.16711],[6.91245,5.16675],[6.91263,5.16675],[6.91263,5.16666],[6.91254,5.16666],[6.91254,5.16648],[6.91281,5.16648],[6.91281,5.1663],[6.91299,5.1663],[6.91299,5.16639],[6.91308,5.16639],[6.91308,5.1663],[6.91316,5.1663],[6.91316,5.16612],[6.91334,5.16612],[6.91334,5.16639],[6.91352,5.16639],[6.91352,5.16657],[6.91361,5.16657],[6.91361,5.16675],[6.91334,5.16675],[6.91334,5.16684],[6.91352,5.16684],[6.91352,5.16693],[6.91343,5.16693],[6.91343,5.16711],[6.91352,5.16711],[6.91352,5.16738],[6.91343,5.16738],[6.91343,5.16747],[6.91325,5.16747]],[[6.91334,5.16702],[6.91325,5.16702],[6.91325,5.16693],[6.91334,5.16693],[6.91334,5.16702]],[[6.91334,5.16729],[6.91325,5.16729],[6.91325,5.1672],[6.91334,5.1672],[6.91334,5.16729]]]}},{"type":"Feature","properties":{},"geometry":{"geodesic":false,"type":"Polygon","coordinates":[[[6.91559,5.16522],[6.91559,5.16513],[6.91514,5.16513],[6.91514,5.16468],[6.91505,5.16468],[6.91505,5.16459],[6.91514,5.16459],[6.91514,5.16441],[6.91523,5.16441],[6.91523,5.16432],[6.91532,5.16432],[6.91532,5.16423],[6.9155,5.16423],[6.9155,5.1645],[6.91559,5.1645],[6.91559,5.16432],[6.91577,5.16432],[6.91577,5.1645],[6.91586,5.1645],[6.91586,5.16486],[6.91577,5.16486],[6.91577,5.16477],[6.91568,5.16477],[6.91568,5.16468],[6.91559,5.16468],[6.91559,5.16477],[6.9155,5.16477],[6.9155,5.16486],[6.91541,5.16486],[6.91541,5.16504],[6.91559,5.16504],[6.91559,5.16513],[6.91577,5.16513],[6.91577,5.16495],[6.91586,5.16495],[6.91586,5.16513],[6.91577,5.16513],[6.91577,5.16522],[6.91559,5.16522]]]}},{"type":"Feature","properties":{},"geometry":{"geodesic":false,"type":"Polygon","coordinates":[[[6.91649,5.15426],[6.91649,5.15417],[6.9164,5.15417],[6.9164,5.15408],[6.91649,5.15408],[6.91649,5.15399],[6.9164,5.15399],[6.9164,5.15381],[6.91631,5.15381],[6.91631,5.15363],[6.9164,5.15363],[6.9164,5.15354],[6.91658,5.15354],[6.91658,5.15346],[6.91667,5.15346],[6.91667,5.15337],[6.91658,5.15337],[6.91658,5.15328],[6.91649,5.15328],[6.91649,5.15346],[6.9164,5.15346],[6.9164,5.15292],[6.91631,5.15292],[6.91631,5.15283],[6.9164,5.15283],[6.9164,5.15292],[6.91649,5.15292],[6.91649,5.15265],[6.91658,5.15265],[6.91658,5.15283],[6.91667,5.15283],[6.91667,5.15301],[6.91694,5.15301],[6.91694,5.1531],[6.91703,5.1531],[6.91703,5.15319],[6.91712,5.15319],[6.91712,5.15337],[6.91721,5.15337],[6.91721,5.15328],[6.9173,5.15328],[6.9173,5.15337],[6.91739,5.15337],[6.91739,5.15328],[6.91757,5.15328],[6.91757,5.15337],[6.91766,5.15337],[6.91766,5.15346],[6.91757,5.15346],[6.91757,5.15354],[6.91748,5.15354],[6.91748,5.15363],[6.91721,5.15363],[6.91721,5.15372],[6.91712,5.15372],[6.91712,5.15381],[6.91703,5.15381],[6.91703,5.15372],[6.91694,5.15372],[6.91694,5.15381],[6.91685,5.15381],[6.91685,5.15399],[6.91676,5.15399],[6.91676,5.15417],[6.91667,5.15417],[6.91667,5.15399],[6.91658,5.15399],[6.91658,5.15408],[6.91649,5.15408],[6.91649,5.15417],[6.91658,5.15417],[6.91658,5.15426],[6.91649,5.15426]],[[6.91694,5.15337],[6.91667,5.15337],[6.91667,5.15319],[6.91694,5.15319],[6.91694,5.15337]],[[6.91748,5.15354],[6.91739,5.15354],[6.91739,5.15346],[6.91748,5.15346],[6.91748,5.15354]],[[6.91721,5.15363],[6.91703,5.15363],[6.91703,5.15354],[6.91694,5.15354],[6.91694,5.15346],[6.91712,5.15346],[6.91712,5.15354],[6.91721,5.15354],[6.91721,5.15363]]]}},{"type":"Feature","properties":{},"geometry":{"geodesic":false,"type":"Polygon","coordinates":[[[6.91802,4.99625],[6.91802,4.9958],[6.91811,4.9958],[6.91811,4.99571],[6.9182,4.99571],[6.9182,4.99562],[6.91829,4.99562],[6.91829,4.99553],[6.91838,4.99553],[6.91838,4.99544],[6.91846,4.99544],[6.91846,4.99562],[6.91855,4.99562],[6.91855,4.99571],[6.91864,4.99571],[6.91864,4.99562],[6.91873,4.99562],[6.91873,4.99571],[6.91882,4.99571],[6.91882,4.99562],[6.91891,4.99562],[6.91891,4.99571],[6.91882,4.99571],[6.91882,4.9958],[6.91873,4.9958],[6.91873,4.99598],[6.919,4.99598],[6.919,4.99616],[6.91909,4.99616],[6.91909,4.99625],[6.91927,4.99625],[6.91927,4.99652],[6.91909,4.99652],[6.91909,4.9967],[6.91918,4.9967],[6.91918,4.99661],[6.91936,4.99661],[6.91936,4.99652],[6.91945,4.99652],[6.91945,4.99661],[6.91936,4.99661],[6.91936,4.9967],[6.91954,4.9967],[6.91954,4.99679],[6.91972,4.99679],[6.91972,4.99688],[6.9199,4.99688],[6.9199,4.99697],[6.91999,4.99697],[6.91999,4.99706],[6.92017,4.99706],[6.92017,4.99697],[6.92026,4.99697],[6.92026,4.9967],[6.92017,4.9967],[6.92017,4.99679],[6.92008,4.99679],[6.92008,4.9967],[6.92017,4.9967],[6.92017,4.99661],[6.92035,4.99661],[6.92035,4.99652],[6.92071,4.99652],[6.92071,4.99643],[6.92089,4.99643],[6.92089,4.99661],[6.92107,4.99661],[6.92107,4.9967],[6.92125,4.9967],[6.92125,4.99661],[6.92134,4.99661],[6.92134,4.9967],[6.92143,4.9967],[6.92143,4.99679],[6.92134,4.99679],[6.92134,4.99688],[6.92143,4.99688],[6.92143,4.99697],[6.92134,4.99697],[6.92134,4.99706],[6.92107,4.99706],[6.92107,4.99715],[6.92098,4.99715],[6.92098,4.99706],[6.9208,4.99706],[6.9208,4.99715],[6.92044,4.99715],[6.92044,4.99742],[6.92053,4.99742],[6.92053,4.99769],[6.92062,4.99769],[6.92062,4.99778],[6.92071,4.99778],[6.92071,4.99769],[6.9208,4.99769],[6.9208,4.9976],[6.92089,4.9976],[6.92089,4.99778],[6.92098,4.99778],[6.92098,4.99787],[6.92107,4.99787],[6.92107,4.99796],[6.92089,4.99796],[6.92089,4.99805],[6.92116,4.99805],[6.92116,4.99823],[6.92107,4.99823],[6.92107,4.99832],[6.92125,4.99832],[6.92125,4.99841],[6.92134,4.99841],[6.92134,4.99823],[6.92125,4.99823],[6.92125,4.99796],[6.92134,4.99796],[6.92134,4.99805],[6.92152,4.99805],[6.92152,4.99796],[6.92161,4.99796],[6.92161,4.99787],[6.9217,4.99787],[6.9217,4.99796],[6.92179,4.99796],[6.92179,4.99805],[6.9217,4.99805],[6.9217,4.99814],[6.92161,4.99814],[6.92161,4.99805],[6.92152,4.99805],[6.92152,4.99823],[6.92188,4.99823],[6.92188,4.99832],[6.92179,4.99832],[6.92179,4.99859],[6.92188,4.99859],[6.92188,4.99877],[6.92197,4.99877],[6.92197,4.99886],[6.92188,4.99886],[6.92188,4.99877],[6.92179,4.99877],[6.92179,4.99903],[6.92188,4.99903],[6.92188,4.99912],[6.92206,4.99912],[6.92206,4.99903],[6.92215,4.99903],[6.92215,4.99886],[6.92224,4.99886],[6.92224,4.99877],[6.92242,4.99877],[6.92242,4.99859],[6.92251,4.99859],[6.92251,4.99832],[6.92269,4.99832],[6.92269,4.99814],[6.92278,4.99814],[6.92278,4.99805],[6.92287,4.99805],[6.92287,4.99796],[6.92296,4.99796],[6.92296,4.99787],[6.92287,4.99787],[6.92287,4.99778],[6.92278,4.99778],[6.92278,4.99769],[6.92296,4.99769],[6.92296,4.99778],[6.92305,4.99778],[6.92305,4.99787],[6.92314,4.99787],[6.92314,4.99769],[6.92323,4.99769],[6.92323,4.9976],[6.92332,4.9976],[6.92332,4.99733],[6.92341,4.99733],[6.92341,4.99697],[6.92332,4.99697],[6.92332,4.99706],[6.92323,4.99706],[6.92323,4.99715],[6.92314,4.99715],[6.92314,4.99697],[6.92323,4.99697],[6.92323,4.99688],[6.92332,4.99688],[6.92332,4.99679],[6.92341,4.99679],[6.92341,4.99688],[6.92359,4.99688],[6.92359,4.9967],[6.9235,4.9967],[6.9235,4.99661],[6.92368,4.99661],[6.92368,4.99652],[6.92377,4.99652],[6.92377,4.99643],[6.92385,4.99643],[6.92385,4.99634],[6.92412,4.99634],[6.92412,4.99643],[6.92403,4.99643],[6.92403,4.99652],[6.92421,4.99652],[6.92421,4.99643],[6.9243,4.99643],[6.9243,4.99634],[6.92421,4.99634],[6.92421,4.99616],[6.9243,4.99616],[6.9243,4.99598],[6.92439,4.99598],[6.92439,4.99589],[6.92448,4.99589],[6.92448,4.99571],[6.92466,4.99571],[6.92466,4.99553],[6.92475,4.99553],[6.92475,4.99562],[6.92484,4.99562],[6.92484,4.99553],[6.92493,4.99553],[6.92493,4.99544],[6.92502,4.99544],[6.92502,4.99535],[6.92511,4.99535],[6.92511,4.99526],[6.9252,4.99526],[6.9252,4.99517],[6.92538,4.99517],[6.92538,4.99508],[6.92565,4.99508],[6.92565,4.99499],[6.92574,4.99499],[6.92574,4.9949],[6.92583,4.9949],[6.92583,4.99481],[6.92592,4.99481],[6.92592,4.99463],[6.92601,4.99463],[6.92601,4.99445],[6.9261,4.99445],[6.9261,4.99436],[6.92619,4.99436],[6.92619,4.99418],[6.92628,4.99418],[6.92628,4.99409],[6.92646,4.99409],[6.92646,4.994],[6.92637,4.994],[6.92637,4.99391],[6.92646,4.99391],[6.92646,4.99382],[6.92664,4.99382],[6.92664,4.99373],[6.92682,4.99373],[6.92682,4.99338],[6.92691,4.99338],[6.92691,4.9932],[6.927,4.9932],[6.927,4.99302],[6.92682,4.99302],[6.92682,4.99293],[6.92718,4.99293],[6.92718,4.99284],[6.92727,4.99284],[6.92727,4.99275],[6.92736,4.99275],[6.92736,4.99257],[6.92772,4.99257],[6.92772,4.99248],[6.92781,4.99248],[6.92781,4.99239],[6.9279,4.99239],[6.9279,4.99248],[6.92799,4.99248],[6.92799,4.9923],[6.92817,4.9923],[6.92817,4.99221],[6.92835,4.99221],[6.92835,4.9923],[6.92817,4.9923],[6.92817,4.99248],[6.92853,4.99248],[6.92853,4.99239],[6.92862,4.99239],[6.92862,4.9923],[6.92871,4.9923],[6.92871,4.99239],[6.92889,4.99239],[6.92889,4.9923],[6.92907,4.9923],[6.92907,4.99248],[6.92915,4.99248],[6.92915,4.99239],[6.92924,4.99239],[6.92924,4.99248],[6.92933,4.99248],[6.92933,4.99266],[6.92915,4.99266],[6.92915,4.99257],[6.92907,4.99257],[6.92907,4.99266],[6.92898,4.99266],[6.92898,4.99302],[6.92889,4.99302],[6.92889,4.99311],[6.92907,4.99311],[6.92907,4.99293],[6.92915,4.99293],[6.92915,4.99302],[6.92933,4.99302],[6.92933,4.99311],[6.92942,4.99311],[6.92942,4.9932],[6.92951,4.9932],[6.92951,4.99329],[6.92942,4.99329],[6.92942,4.99356],[6.92933,4.99356],[6.92933,4.99364],[6.92924,4.99364],[6.92924,4.99373],[6.92915,4.99373],[6.92915,4.99382],[6.92907,4.99382],[6.92907,4.99391],[6.92898,4.99391],[6.92898,4.99382],[6.92889,4.99382],[6.92889,4.994],[6.9288,4.994],[6.9288,4.99382],[6.92889,4.99382],[6.92889,4.99347],[6.9288,4.99347],[6.9288,4.99364],[6.92871,4.99364],[6.92871,4.99382],[6.92862,4.99382],[6.92862,4.99373],[6.92853,4.99373],[6.92853,4.99391],[6.92862,4.99391],[6.92862,4.994],[6.92871,4.994],[6.92871,4.99418],[6.92853,4.99418],[6.92853,4.99427],[6.92844,4.99427],[6.92844,4.99436],[6.92826,4.99436],[6.92826,4.99418],[6.92835,4.99418],[6.92835,4.99409],[6.92817,4.99409],[6.92817,4.994],[6.92808,4.994],[6.92808,4.99391],[6.92799,4.99391],[6.92799,4.994],[6.92781,4.994],[6.92781,4.99427],[6.9279,4.99427],[6.9279,4.99418],[6.92799,4.99418],[6.92799,4.99445],[6.9279,4.99445],[6.9279,4.99454],[6.92799,4.99454],[6.92799,4.99463],[6.92808,4.99463],[6.92808,4.99481],[6.92799,4.99481],[6.92799,4.99499],[6.92772,4.99499],[6.92772,4.99508],[6.92763,4.99508],[6.92763,4.99517],[6.92745,4.99517],[6.92745,4.99535],[6.92736,4.99535],[6.92736,4.99544],[6.92727,4.99544],[6.92727,4.99562],[6.92709,4.99562],[6.92709,4.99571],[6.92682,4.99571],[6.92682,4.9958],[6.92673,4.9958],[6.92673,4.99589],[6.92664,4.99589],[6.92664,4.9958],[6.92646,4.9958],[6.92646,4.99598],[6.92664,4.99598],[6.92664,4.99607],[6.92637,4.99607],[6.92637,4.99616],[6.92619,4.99616],[6.92619,4.99661],[6.9261,4.99661],[6.9261,4.9967],[6.92628,4.9967],[6.92628,4.99679],[6.9261,4.99679],[6.9261,4.99706],[6.92601,4.99706],[6.92601,4.99724],[6.9261,4.99724],[6.9261,4.99742],[6.92592,4.99742],[6.92592,4.99751],[6.92583,4.99751],[6.92583,4.9976],[6.92574,4.9976],[6.92574,4.99769],[6.92565,4.99769],[6.92565,4.99778],[6.92556,4.99778],[6.92556,4.99787],[6.92529,4.99787],[6.92529,4.99796],[6.9252,4.99796],[6.9252,4.99814],[6.92511,4.99814],[6.92511,4.99823],[6.92502,4.99823],[6.92502,4.99832],[6.92511,4.99832],[6.92511,4.9985],[6.92502,4.9985],[6.92502,4.99832],[6.92493,4.99832],[6.92493,4.99823],[6.92484,4.99823],[6.92484,4.99814],[6.92475,4.99814],[6.92475,4.9985],[6.92484,4.9985],[6.92484,4.99859],[6.92475,4.99859],[6.92475,4.99877],[6.92484,4.99877],[6.92484,4.99886],[6.92493,4.99886],[6.92493,4.99894],[6.92502,4.99894],[6.92502,4.99903],[6.92484,4.99903],[6.92484,4.99921],[6.92466,4.99921],[6.92466,4.9993],[6.92475,4.9993],[6.92475,4.99939],[6.92457,4.99939],[6.92457,4.9993],[6.92439,4.9993],[6.92439,4.99939],[6.9243,4.99939],[6.9243,4.99948],[6.92421,4.99948],[6.92421,4.99921],[6.92412,4.99921],[6.92412,4.99894],[6.92385,4.99894],[6.92385,4.99877],[6.92377,4.99877],[6.92377,4.99868],[6.92368,4.99868],[6.92368,4.99859],[6.92359,4.99859],[6.92359,4.9985],[6.9235,4.9985],[6.9235,4.99859],[6.92323,4.99859],[6.92323,4.99868],[6.92314,4.99868],[6.92314,4.99877],[6.92305,4.99877],[6.92305,4.99886],[6.92314,4.99886],[6.92314,4.99894],[6.92305,4.99894],[6.92305,4.99903],[6.92332,4.99903],[6.92332,4.99921],[6.92341,4.99921],[6.92341,4.99912],[6.92359,4.99912],[6.92359,4.99903],[6.92368,4.99903],[6.92368,4.99921],[6.92377,4.99921],[6.92377,4.99939],[6.92385,4.99939],[6.92385,4.99948],[6.92394,4.99948],[6.92394,4.99957],[6.92412,4.99957],[6.92412,4.99975],[6.92403,4.99975],[6.92403,4.99984],[6.92385,4.99984],[6.92385,4.99993],[6.92394,4.99993],[6.92394,5.00002],[6.92377,5.00002],[6.92377,5.00011],[6.92332,5.00011],[6.92332,5.0002],[6.92323,5.0002],[6.92323,5.00029],[6.92287,5.00029],[6.92287,5.00038],[6.92278,5.00038],[6.92278,5.00029],[6.92269,5.00029],[6.92269,5.0002],[6.9226,5.0002],[6.9226,5.00002],[6.92251,5.00002],[6.92251,5.00011],[6.92233,5.00011],[6.92233,5.00002],[6.92242,5.00002],[6.92242,4.99993],[6.92251,4.99993],[6.92251,4.99975],[6.92242,4.99975],[6.92242,4.99957],[6.92215,4.99957],[6.92215,4.99948],[6.92206,4.99948],[6.92206,4.99966],[6.92224,4.99966],[6.92224,4.99975],[6.92206,4.99975],[6.92206,4.99993],[6.92197,4.99993],[6.92197,5.00011],[6.92215,5.00011],[6.92215,5.00029],[6.92179,5.00029],[6.92179,5.00038],[6.92206,5.00038],[6.92206,5.00047],[6.92242,5.00047],[6.92242,5.00056],[6.92233,5.00056],[6.92233,5.00065],[6.92224,5.00065],[6.92224,5.00074],[6.92206,5.00074],[6.92206,5.00092],[6.92188,5.00092],[6.92188,5.00101],[6.92179,5.00101],[6.92179,5.00119],[6.92161,5.00119],[6.92161,5.00146],[6.92152,5.00146],[6.92152,5.00164],[6.92143,5.00164],[6.92143,5.00173],[6.92107,5.00173],[6.92107,5.00182],[6.92071,5.00182],[6.92071,5.00191],[6.92062,5.00191],[6.92062,5.00182],[6.92053,5.00182],[6.92053,5.00191],[6.92044,5.00191],[6.92044,5.00209],[6.92035,5.00209],[6.92035,5.00218],[6.92008,5.00218],[6.92008,5.00236],[6.91999,5.00236],[6.91999,5.00245],[6.92008,5.00245],[6.92008,5.00254],[6.92017,5.00254],[6.92017,5.00272],[6.92026,5.00272],[6.92026,5.00281],[6.91999,5.00281],[6.91999,5.00272],[6.91972,5.00272],[6.91972,5.00263],[6.91954,5.00263],[6.91954,5.00254],[6.91927,5.00254],[6.91927,5.00263],[6.91918,5.00263],[6.91918,5.00254],[6.91927,5.00254],[6.91927,5.00236],[6.91918,5.00236],[6.91918,5.00245],[6.91909,5.00245],[6.91909,5.00236],[6.919,5.00236],[6.919,5.00272],[6.91891,5.00272],[6.91891,5.00263],[6.91873,5.00263],[6.91873,5.00245],[6.91855,5.00245],[6.91855,5.00227],[6.91846,5.00227],[6.91846,5.00272],[6.91864,5.00272],[6.91864,5.00281],[6.91855,5.00281],[6.91855,5.0029],[6.91838,5.0029],[6.91838,5.00299],[6.91829,5.00299],[6.91829,5.00317],[6.9182,5.00317],[6.9182,5.00308],[6.91811,5.00308],[6.91811,5.0029],[6.91802,5.0029],[6.91802,5.00281],[6.91784,5.00281],[6.91784,5.00299],[6.91775,5.00299],[6.91775,5.00308],[6.91802,5.00308],[6.91802,5.00335],[6.9182,5.00335],[6.9182,5.00344],[6.91802,5.00344],[6.91802,5.00335],[6.91793,5.00335],[6.91793,5.00344],[6.91784,5.00344],[6.91784,5.00362],[6.91775,5.00362],[6.91775,5.00371],[6.91766,5.00371],[6.91766,5.0038],[6.91748,5.0038],[6.91748,5.00371],[6.91766,5.00371],[6.91766,5.00353],[6.91757,5.00353],[6.91757,5.00344],[6.91739,5.00344],[6.91739,5.00326],[6.91748,5.00326],[6.91748,5.00308],[6.91739,5.00308],[6.91739,5.00272],[6.9173,5.00272],[6.9173,5.00281],[6.91712,5.00281],[6.91712,5.00272],[6.91694,5.00272],[6.91694,5.00254],[6.91685,5.00254],[6.91685,5.00236],[6.91676,5.00236],[6.91676,5.00227],[6.91703,5.00227],[6.91703,5.00218],[6.91721,5.00218],[6.91721,5.00209],[6.91703,5.00209],[6.91703,5.00191],[6.91712,5.00191],[6.91712,5.002],[6.91721,5.002],[6.91721,5.00191],[6.9173,5.00191],[6.9173,5.00155],[6.91739,5.00155],[6.91739,5.00137],[6.91748,5.00137],[6.91748,5.00128],[6.91739,5.00128],[6.91739,5.00119],[6.91766,5.00119],[6.91766,5.0011],[6.91775,5.0011],[6.91775,5.00119],[6.91793,5.00119],[6.91793,5.0011],[6.91829,5.0011],[6.91829,5.00101],[6.91838,5.00101],[6.91838,5.00092],[6.91846,5.00092],[6.91846,5.00101],[6.91838,5.00101],[6.91838,5.0011],[6.91846,5.0011],[6.91846,5.00119],[6.91873,5.00119],[6.91873,5.0011],[6.91864,5.0011],[6.91864,5.00101],[6.91855,5.00101],[6.91855,5.00083],[6.91873,5.00083],[6.91873,5.00074],[6.919,5.00074],[6.919,5.00092],[6.91936,5.00092],[6.91936,5.00056],[6.919,5.00056],[6.919,5.00065],[6.91864,5.00065],[6.91864,5.00047],[6.91855,5.00047],[6.91855,5.00038],[6.91864,5.00038],[6.91864,5.00011],[6.91873,5.00011],[6.91873,4.99993],[6.91882,4.99993],[6.91882,4.99984],[6.91891,4.99984],[6.91891,4.99966],[6.91873,4.99966],[6.91873,4.99957],[6.91864,4.99957],[6.91864,4.99939],[6.91873,4.99939],[6.91873,4.9993],[6.91882,4.9993],[6.91882,4.99921],[6.91864,4.99921],[6.91864,4.99886],[6.91873,4.99886],[6.91873,4.99859],[6.91864,4.99859],[6.91864,4.99868],[6.91846,4.99868],[6.91846,4.99841],[6.91855,4.99841],[6.91855,4.99832],[6.91811,4.99832],[6.91811,4.99841],[6.91793,4.99841],[6.91793,4.99859],[6.91784,4.99859],[6.91784,4.9985],[6.91766,4.9985],[6.91766,4.99841],[6.91757,4.99841],[6.91757,4.9985],[6.91748,4.9985],[6.91748,4.99832],[6.91739,4.99832],[6.91739,4.99814],[6.91748,4.99814],[6.91748,4.99787],[6.91739,4.99787],[6.91739,4.99769],[6.9173,4.99769],[6.9173,4.99751],[6.91748,4.99751],[6.91748,4.99742],[6.91739,4.99742],[6.91739,4.99733],[6.91748,4.99733],[6.91748,4.99715],[6.91757,4.99715],[6.91757,4.99706],[6.91775,4.99706],[6.91775,4.99697],[6.91802,4.99697],[6.91802,4.9967],[6.91793,4.9967],[6.91793,4.99679],[6.91784,4.99679],[6.91784,4.9967],[6.91793,4.9967],[6.91793,4.99661],[6.91829,4.99661],[6.91829,4.99652],[6.91846,4.99652],[6.91846,4.99634],[6.91838,4.99634],[6.91838,4.99616],[6.91811,4.99616],[6.91811,4.99625],[6.91802,4.99625]],[[6.91864,4.99661],[6.91855,4.99661],[6.91855,4.99652],[6.91864,4.99652],[6.91864,4.99661]],[[6.91882,4.99661],[6.91873,4.99661],[6.91873,4.99643],[6.91882,4.99643],[6.91882,4.99634],[6.91891,4.99634],[6.91891,4.99625],[6.919,4.99625],[6.919,4.99643],[6.91891,4.99643],[6.91891,4.99652],[6.91882,4.99652],[6.91882,4.99661]],[[6.92134,4.99679],[6.92125,4.99679],[6.92125,4.9967],[6.92134,4.9967],[6.92134,4.99679]],[[6.91784,4.99715],[6.91775,4.99715],[6.91775,4.99706],[6.91784,4.99706],[6.91784,4.99715]],[[6.91927,4.9985],[6.91918,4.9985],[6.91918,4.99841],[6.91927,4.99841],[6.91927,4.9985]],[[6.92134,4.99859],[6.92125,4.99859],[6.92125,4.9985],[6.92134,4.9985],[6.92134,4.99859]],[[6.92592,4.99661],[6.92583,4.99661],[6.92583,4.99652],[6.92592,4.99652],[6.92592,4.99661]],[[6.92403,4.9967],[6.92377,4.9967],[6.92377,4.99661],[6.92394,4.99661],[6.92394,4.99652],[6.92403,4.99652],[6.92403,4.9967]],[[6.92377,4.99688],[6.92368,4.99688],[6.92368,4.9967],[6.92377,4.9967],[6.92377,4.99688]],[[6.92592,4.99688],[6.92583,4.99688],[6.92583,4.99679],[6.92592,4.99679],[6.92592,4.99688]],[[6.92574,4.99724],[6.92565,4.99724],[6.92565,4.99715],[6.92574,4.99715],[6.92574,4.99724]],[[6.92565,4.99742],[6.92556,4.99742],[6.92556,4.99733],[6.92565,4.99733],[6.92565,4.99742]],[[6.92583,4.99751],[6.92574,4.99751],[6.92574,4.99733],[6.92592,4.99733],[6.92592,4.99742],[6.92583,4.99742],[6.92583,4.99751]],[[6.92502,4.99769],[6.92475,4.99769],[6.92475,4.99751],[6.92502,4.99751],[6.92502,4.99769]],[[6.92466,4.99796],[6.92457,4.99796],[6.92457,4.99787],[6.92466,4.99787],[6.92466,4.99796]],[[6.92502,4.99814],[6.92493,4.99814],[6.92493,4.99805],[6.92484,4.99805],[6.92484,4.99787],[6.92502,4.99787],[6.92502,4.99778],[6.92511,4.99778],[6.92511,4.99769],[6.92529,4.99769],[6.92529,4.99778],[6.9252,4.99778],[6.9252,4.99796],[6.92511,4.99796],[6.92511,4.99805],[6.92502,4.99805],[6.92502,4.99814]],[[6.92385,4.99859],[6.92377,4.99859],[6.92377,4.9985],[6.92385,4.9985],[6.92385,4.99859]],[[6.92125,4.99912],[6.92116,4.99912],[6.92116,4.99903],[6.92125,4.99903],[6.92125,4.99912]],[[6.92161,4.99912],[6.92152,4.99912],[6.92152,4.99903],[6.92134,4.99903],[6.92134,4.99894],[6.92125,4.99894],[6.92125,4.99886],[6.92152,4.99886],[6.92152,4.99877],[6.9217,4.99877],[6.9217,4.99903],[6.92161,4.99903],[6.92161,4.99912]],[[6.92197,4.9993],[6.92179,4.9993],[6.92179,4.99921],[6.92197,4.99921],[6.92197,4.9993]],[[6.92179,4.99939],[6.9217,4.99939],[6.9217,4.9993],[6.92179,4.9993],[6.92179,4.99939]],[[6.92332,4.99939],[6.92323,4.99939],[6.92323,4.9993],[6.92332,4.9993],[6.92332,4.99939]],[[6.92206,4.99948],[6.92197,4.99948],[6.92197,4.99939],[6.92206,4.99939],[6.92206,4.99948]],[[6.9226,4.99975],[6.92251,4.99975],[6.92251,4.99948],[6.9226,4.99948],[6.9226,4.99975]],[[6.91909,4.99984],[6.919,4.99984],[6.919,4.99975],[6.91909,4.99975],[6.91909,4.99984]],[[6.92044,5.00146],[6.92035,5.00146],[6.92035,5.00137],[6.92044,5.00137],[6.92044,5.00146]],[[6.91954,5.00173],[6.91945,5.00173],[6.91945,5.00164],[6.91954,5.00164],[6.91954,5.00173]],[[6.9199,5.00182],[6.91972,5.00182],[6.91972,5.00173],[6.9199,5.00173],[6.9199,5.00182]],[[6.92026,5.00182],[6.92017,5.00182],[6.92017,5.00173],[6.92026,5.00173],[6.92026,5.00182]],[[6.91891,5.00191],[6.91882,5.00191],[6.91882,5.00182],[6.91864,5.00182],[6.91864,5.00164],[6.91873,5.00164],[6.91873,5.00155],[6.91882,5.00155],[6.91882,5.00146],[6.91891,5.00146],[6.91891,5.00137],[6.91909,5.00137],[6.91909,5.00146],[6.919,5.00146],[6.919,5.00155],[6.91918,5.00155],[6.91918,5.00146],[6.91927,5.00146],[6.91927,5.00155],[6.91936,5.00155],[6.91936,5.00164],[6.91891,5.00164],[6.91891,5.00191]],[[6.91963,5.00191],[6.91945,5.00191],[6.91945,5.00182],[6.91963,5.00182],[6.91963,5.00191]],[[6.91963,5.00209],[6.91954,5.00209],[6.91954,5.002],[6.91963,5.002],[6.91963,5.00209]],[[6.91739,5.00218],[6.9173,5.00218],[6.9173,5.00209],[6.91739,5.00209],[6.91739,5.00218]],[[6.91784,5.00236],[6.91757,5.00236],[6.91757,5.00227],[6.91748,5.00227],[6.91748,5.002],[6.91739,5.002],[6.91739,5.00182],[6.91748,5.00182],[6.91748,5.00191],[6.91757,5.00191],[6.91757,5.002],[6.91766,5.002],[6.91766,5.00191],[6.91775,5.00191],[6.91775,5.00182],[6.91784,5.00182],[6.91784,5.00191],[6.91793,5.00191],[6.91793,5.00182],[6.91811,5.00182],[6.91811,5.00191],[6.9182,5.00191],[6.9182,5.00182],[6.91846,5.00182],[6.91846,5.002],[6.91838,5.002],[6.91838,5.00209],[6.91829,5.00209],[6.91829,5.00218],[6.91802,5.00218],[6.91802,5.00227],[6.91784,5.00227],[6.91784,5.00236]],[[6.9182,5.00236],[6.91811,5.00236],[6.91811,5.00227],[6.9182,5.00227],[6.9182,5.00236]],[[6.91811,5.00263],[6.91802,5.00263],[6.91802,5.00254],[6.91811,5.00254],[6.91811,5.00263]],[[6.91748,5.00272],[6.91739,5.00272],[6.91739,5.00263],[6.91748,5.00263],[6.91748,5.00272]],[[6.92915,4.9932],[6.92907,4.9932],[6.92907,4.99311],[6.92915,4.99311],[6.92915,4.9932]],[[6.92826,4.99391],[6.92808,4.99391],[6.92808,4.99382],[6.92826,4.99382],[6.92826,4.99391]],[[6.92853,4.994],[6.92844,4.994],[6.92844,4.99391],[6.92853,4.99391],[6.92853,4.994]],[[6.92781,4.99454],[6.92772,4.99454],[6.92772,4.99427],[6.92781,4.99427],[6.92781,4.99454]],[[6.92799,4.99472],[6.9279,4.99472],[6.9279,4.99463],[6.92799,4.99463],[6.92799,4.99472]],[[6.92493,4.99571],[6.92484,4.99571],[6.92484,4.99562],[6.92493,4.99562],[6.92493,4.99571]]]}},{"type":"Feature","properties":{},"geometry":{"geodesic":false,"type":"Polygon","coordinates":[[[6.91793,5.16468],[6.91793,5.16459],[6.91784,5.16459],[6.91784,5.1645],[6.91793,5.1645],[6.91793,5.16441],[6.91784,5.16441],[6.91784,5.16423],[6.91775,5.16423],[6.91775,5.16415],[6.91766,5.16415],[6.91766,5.16397],[6.91757,5.16397],[6.91757,5.16388],[6.91748,5.16388],[6.91748,5.16379],[6.91757,5.16379],[6.91757,5.16388],[6.91766,5.16388],[6.91766,5.1637],[6.91757,5.1637],[6.91757,5.16334],[6.91748,5.16334],[6.91748,5.16325],[6.91739,5.16325],[6.91739,5.16316],[6.91748,5.16316],[6.91748,5.16307],[6.91757,5.16307],[6.91757,5.16289],[6.91766,5.16289],[6.91766,5.16298],[6.91784,5.16298],[6.91784,5.16289],[6.9182,5.16289],[6.9182,5.16298],[6.91811,5.16298],[6.91811,5.16307],[6.9182,5.16307],[6.9182,5.16334],[6.91829,5.16334],[6.91829,5.16343],[6.9182,5.16343],[6.9182,5.16352],[6.91829,5.16352],[6.91829,5.16361],[6.9182,5.16361],[6.9182,5.1637],[6.91802,5.1637],[6.91802,5.16388],[6.91784,5.16388],[6.91784,5.16397],[6.91793,5.16397],[6.91793,5.16406],[6.91802,5.16406],[6.91802,5.16415],[6.9182,5.16415],[6.9182,5.16432],[6.91811,5.16432],[6.91811,5.1645],[6.91802,5.1645],[6.91802,5.16468],[6.91793,5.16468]],[[6.91775,5.16397],[6.91766,5.16397],[6.91766,5.16388],[6.91775,5.16388],[6.91775,5.16397]]]}},{"type":"Feature","properties":{},"geometry":{"geodesic":false,"type":"Polygon","coordinates":[[[6.91802,4.96481],[6.91802,4.96463],[6.91748,4.96463],[6.91748,4.96454],[6.91739,4.96454],[6.91739,4.96436],[6.9173,4.96436],[6.9173,4.96454],[6.91721,4.96454],[6.91721,4.96436],[6.91694,4.96436],[6.91694,4.96427],[6.91685,4.96427],[6.91685,4.96436],[6.91676,4.96436],[6.91676,4.96418],[6.91694,4.96418],[6.91694,4.964],[6.91712,4.964],[6.91712,4.96382],[6.9173,4.96382],[6.9173,4.96373],[6.91739,4.96373],[6.91739,4.96364],[6.91775,4.96364],[6.91775,4.96355],[6.91784,4.96355],[6.91784,4.96337],[6.91775,4.96337],[6.91775,4.9631],[6.91784,4.9631],[6.91784,4.96292],[6.91793,4.96292],[6.91793,4.96283],[6.91811,4.96283],[6.91811,4.96292],[6.9182,4.96292],[6.9182,4.96283],[6.91838,4.96283],[6.91838,4.96274],[6.91873,4.96274],[6.91873,4.96247],[6.919,4.96247],[6.919,4.96229],[6.91918,4.96229],[6.91918,4.9622],[6.91927,4.9622],[6.91927,4.96229],[6.91954,4.96229],[6.91954,4.9622],[6.91936,4.9622],[6.91936,4.96202],[6.91945,4.96202],[6.91945,4.96211],[6.91954,4.96211],[6.91954,4.9622],[6.91972,4.9622],[6.91972,4.96229],[6.91963,4.96229],[6.91963,4.96238],[6.91972,4.96238],[6.91972,4.96247],[6.91981,4.96247],[6.91981,4.96265],[6.91972,4.96265],[6.91972,4.96274],[6.91963,4.96274],[6.91963,4.96283],[6.91945,4.96283],[6.91945,4.96292],[6.91963,4.96292],[6.91963,4.96301],[6.91954,4.96301],[6.91954,4.96319],[6.91945,4.96319],[6.91945,4.96328],[6.91936,4.96328],[6.91936,4.96337],[6.91927,4.96337],[6.91927,4.96364],[6.91936,4.96364],[6.91936,4.96373],[6.91927,4.96373],[6.91927,4.96382],[6.91909,4.96382],[6.91909,4.96391],[6.91891,4.96391],[6.91891,4.96382],[6.91855,4.96382],[6.91855,4.96373],[6.91846,4.96373],[6.91846,4.96382],[6.91838,4.96382],[6.91838,4.96373],[6.91829,4.96373],[6.91829,4.96355],[6.9182,4.96355],[6.9182,4.96364],[6.91811,4.96364],[6.91811,4.96382],[6.91802,4.96382],[6.91802,4.96391],[6.91811,4.96391],[6.91811,4.964],[6.9182,4.964],[6.9182,4.96427],[6.91829,4.96427],[6.91829,4.96436],[6.9182,4.96436],[6.9182,4.96445],[6.91838,4.96445],[6.91838,4.96454],[6.91855,4.96454],[6.91855,4.96472],[6.91846,4.96472],[6.91846,4.96481],[6.91802,4.96481]],[[6.91864,4.96301],[6.91846,4.96301],[6.91846,4.96283],[6.91864,4.96283],[6.91864,4.96301]],[[6.91846,4.96373],[6.91838,4.96373],[6.91838,4.96364],[6.91846,4.96364],[6.91846,4.96373]],[[6.91748,4.96382],[6.91739,4.96382],[6.91739,4.96373],[6.91748,4.96373],[6.91748,4.96382]]]}},{"type":"Feature","properties":{},"geometry":{"geodesic":false,"type":"Polygon","coordinates":[[[6.91873,5.16549],[6.91873,5.1654],[6.91829,5.1654],[6.91829,5.16531],[6.9182,5.16531],[6.9182,5.16549],[6.91793,5.16549],[6.91793,5.1654],[6.91775,5.1654],[6.91775,5.16531],[6.91784,5.16531],[6.91784,5.16522],[6.91775,5.16522],[6.91775,5.16495],[6.91784,5.16495],[6.91784,5.16504],[6.91793,5.16504],[6.91793,5.16477],[6.91811,5.16477],[6.91811,5.16468],[6.9182,5.16468],[6.9182,5.16495],[6.91838,5.16495],[6.91838,5.16504],[6.91846,5.16504],[6.91846,5.16513],[6.91864,5.16513],[6.91864,5.16531],[6.91873,5.16531],[6.91873,5.16522],[6.91882,5.16522],[6.91882,5.16531],[6.91891,5.16531],[6.91891,5.16549],[6.91873,5.16549]]]}},{"type":"Feature","properties":{},"geometry":{"geodesic":false,"type":"Polygon","coordinates":[[[6.91918,5.15049],[6.91918,5.1504],[6.91927,5.1504],[6.91927,5.15031],[6.91918,5.15031],[6.91918,5.15022],[6.91909,5.15022],[6.91909,5.15013],[6.91918,5.15013],[6.91918,5.15004],[6.91909,5.15004],[6.91909,5.14995],[6.91918,5.14995],[6.91918,5.14968],[6.91927,5.14968],[6.91927,5.14959],[6.91909,5.14959],[6.91909,5.1495],[6.919,5.1495],[6.919,5.14941],[6.91891,5.14941],[6.91891,5.14914],[6.919,5.14914],[6.919,5.14905],[6.91909,5.14905],[6.91909,5.14896],[6.91882,5.14896],[6.91882,5.14878],[6.91873,5.14878],[6.91873,5.14887],[6.91838,5.14887],[6.91838,5.14896],[6.91829,5.14896],[6.91829,5.14905],[6.9182,5.14905],[6.9182,5.14914],[6.91802,5.14914],[6.91802,5.14905],[6.91793,5.14905],[6.91793,5.14896],[6.91757,5.14896],[6.91757,5.14914],[6.91748,5.14914],[6.91748,5.14923],[6.91757,5.14923],[6.91757,5.14941],[6.91748,5.14941],[6.91748,5.1495],[6.91739,5.1495],[6.91739,5.14941],[6.9173,5.14941],[6.9173,5.14932],[6.91721,5.14932],[6.91721,5.14914],[6.91694,5.14914],[6.91694,5.14878],[6.91712,5.14878],[6.91712,5.14896],[6.91703,5.14896],[6.91703,5.14905],[6.91721,5.14905],[6.91721,5.14896],[6.91739,5.14896],[6.91739,5.14887],[6.91721,5.14887],[6.91721,5.14851],[6.91703,5.14851],[6.91703,5.14842],[6.91712,5.14842],[6.91712,5.14833],[6.91721,5.14833],[6.91721,5.14824],[6.9173,5.14824],[6.9173,5.14833],[6.91775,5.14833],[6.91775,5.14816],[6.91784,5.14816],[6.91784,5.14824],[6.91793,5.14824],[6.91793,5.14833],[6.91775,5.14833],[6.91775,5.14869],[6.91766,5.14869],[6.91766,5.14878],[6.91757,5.14878],[6.91757,5.14887],[6.91802,5.14887],[6.91802,5.14896],[6.91811,5.14896],[6.91811,5.14851],[6.91802,5.14851],[6.91802,5.14807],[6.91811,5.14807],[6.91811,5.14798],[6.91829,5.14798],[6.91829,5.14789],[6.91846,5.14789],[6.91846,5.14807],[6.91864,5.14807],[6.91864,5.14816],[6.91855,5.14816],[6.91855,5.14824],[6.91864,5.14824],[6.91864,5.14833],[6.91873,5.14833],[6.91873,5.14824],[6.91909,5.14824],[6.91909,5.14833],[6.91918,5.14833],[6.91918,5.14851],[6.91945,5.14851],[6.91945,5.14869],[6.91963,5.14869],[6.91963,5.14914],[6.91972,5.14914],[6.91972,5.14923],[6.91963,5.14923],[6.91963,5.14914],[6.91945,5.14914],[6.91945,5.14932],[6.91936,5.14932],[6.91936,5.14941],[6.91945,5.14941],[6.91945,5.14959],[6.91936,5.14959],[6.91936,5.14968],[6.91927,5.14968],[6.91927,5.14977],[6.91945,5.14977],[6.91945,5.14986],[6.91954,5.14986],[6.91954,5.14977],[6.91963,5.14977],[6.91963,5.14986],[6.91954,5.14986],[6.91954,5.14995],[6.91936,5.14995],[6.91936,5.15013],[6.91927,5.15013],[6.91927,5.15031],[6.91936,5.15031],[6.91936,5.1504],[6.91927,5.1504],[6.91927,5.15049],[6.91918,5.15049]],[[6.9173,5.14851],[6.91721,5.14851],[6.91721,5.14842],[6.9173,5.14842],[6.9173,5.14851]],[[6.91739,5.14878],[6.9173,5.14878],[6.9173,5.14869],[6.91739,5.14869],[6.91739,5.14878]],[[6.91882,5.14842],[6.91873,5.14842],[6.91873,5.14833],[6.91882,5.14833],[6.91882,5.14842]],[[6.91855,5.14851],[6.91829,5.14851],[6.91829,5.14842],[6.91855,5.14842],[6.91855,5.14851]],[[6.91829,5.14869],[6.9182,5.14869],[6.9182,5.1486],[6.91829,5.1486],[6.91829,5.14869]],[[6.91936,5.14878],[6.91927,5.14878],[6.91927,5.14869],[6.91936,5.14869],[6.91936,5.14878]],[[6.91954,5.14905],[6.91945,5.14905],[6.91945,5.14896],[6.91954,5.14896],[6.91954,5.14905]],[[6.91909,5.14923],[6.919,5.14923],[6.919,5.14914],[6.91909,5.14914],[6.91909,5.14923]]]}},{"type":"Feature","properties":{},"geometry":{"geodesic":false,"type":"Polygon","coordinates":[[[6.91954,5.15408],[6.91954,5.15399],[6.919,5.15399],[6.919,5.1539],[6.91909,5.1539],[6.91909,5.15381],[6.91891,5.15381],[6.91891,5.15372],[6.919,5.15372],[6.919,5.15337],[6.91891,5.15337],[6.91891,5.15328],[6.91855,5.15328],[6.91855,5.15337],[6.91846,5.15337],[6.91846,5.15346],[6.91855,5.15346],[6.91855,5.15363],[6.91838,5.15363],[6.91838,5.15354],[6.9182,5.15354],[6.9182,5.15328],[6.91784,5.15328],[6.91784,5.1531],[6.91793,5.1531],[6.91793,5.15292],[6.91802,5.15292],[6.91802,5.15283],[6.91793,5.15283],[6.91793,5.15265],[6.91811,5.15265],[6.91811,5.15256],[6.91793,5.15256],[6.91793,5.15247],[6.9182,5.15247],[6.9182,5.15238],[6.91793,5.15238],[6.91793,5.15211],[6.91802,5.15211],[6.91802,5.15229],[6.9182,5.15229],[6.9182,5.15238],[6.91829,5.15238],[6.91829,5.15247],[6.91846,5.15247],[6.91846,5.15256],[6.91838,5.15256],[6.91838,5.15292],[6.91846,5.15292],[6.91846,5.15283],[6.91864,5.15283],[6.91864,5.15292],[6.91882,5.15292],[6.91882,5.15319],[6.91891,5.15319],[6.91891,5.15328],[6.91918,5.15328],[6.91918,5.15337],[6.91927,5.15337],[6.91927,5.15319],[6.91936,5.15319],[6.91936,5.15283],[6.91945,5.15283],[6.91945,5.15265],[6.91963,5.15265],[6.91963,5.15256],[6.91981,5.15256],[6.91981,5.15247],[6.91972,5.15247],[6.91972,5.15238],[6.91981,5.15238],[6.91981,5.1522],[6.91936,5.1522],[6.91936,5.15211],[6.91891,5.15211],[6.91891,5.15202],[6.919,5.15202],[6.919,5.15184],[6.91891,5.15184],[6.91891,5.15175],[6.91882,5.15175],[6.91882,5.15193],[6.91855,5.15193],[6.91855,5.15184],[6.91838,5.15184],[6.91838,5.15175],[6.91855,5.15175],[6.91855,5.15184],[6.91864,5.15184],[6.91864,5.15166],[6.91891,5.15166],[6.91891,5.15175],[6.919,5.15175],[6.919,5.15184],[6.91918,5.15184],[6.91918,5.15175],[6.91927,5.15175],[6.91927,5.15166],[6.91945,5.15166],[6.91945,5.15175],[6.91954,5.15175],[6.91954,5.15184],[6.91963,5.15184],[6.91963,5.15202],[6.9199,5.15202],[6.9199,5.15193],[6.91981,5.15193],[6.91981,5.15184],[6.9199,5.15184],[6.9199,5.15157],[6.91999,5.15157],[6.91999,5.15139],[6.92017,5.15139],[6.92017,5.1513],[6.92026,5.1513],[6.92026,5.15148],[6.92017,5.15148],[6.92017,5.15166],[6.92008,5.15166],[6.92008,5.15175],[6.92017,5.15175],[6.92017,5.15184],[6.92044,5.15184],[6.92044,5.15166],[6.92035,5.15166],[6.92035,5.15148],[6.92053,5.15148],[6.92053,5.15139],[6.92062,5.15139],[6.92062,5.15148],[6.92053,5.15148],[6.92053,5.15157],[6.92071,5.15157],[6.92071,5.15166],[6.92062,5.15166],[6.92062,5.15175],[6.92071,5.15175],[6.92071,5.15202],[6.92116,5.15202],[6.92116,5.15193],[6.92125,5.15193],[6.92125,5.15211],[6.92116,5.15211],[6.92116,5.1522],[6.92107,5.1522],[6.92107,5.15238],[6.92098,5.15238],[6.92098,5.15229],[6.92089,5.15229],[6.92089,5.15247],[6.92098,5.15247],[6.92098,5.15265],[6.92089,5.15265],[6.92089,5.15256],[6.9208,5.15256],[6.9208,5.15238],[6.92071,5.15238],[6.92071,5.15229],[6.92053,5.15229],[6.92053,5.1522],[6.92026,5.1522],[6.92026,5.15256],[6.92035,5.15256],[6.92035,5.15238],[6.92053,5.15238],[6.92053,5.15247],[6.92044,5.15247],[6.92044,5.15256],[6.92035,5.15256],[6.92035,5.15265],[6.92026,5.15265],[6.92026,5.15256],[6.92017,5.15256],[6.92017,5.15283],[6.92008,5.15283],[6.92008,5.15301],[6.91999,5.15301],[6.91999,5.15319],[6.92008,5.15319],[6.92008,5.1531],[6.92026,5.1531],[6.92026,5.15319],[6.92017,5.15319],[6.92017,5.15337],[6.92008,5.15337],[6.92008,5.15346],[6.91999,5.15346],[6.91999,5.15354],[6.92008,5.15354],[6.92008,5.15363],[6.91999,5.15363],[6.91999,5.15381],[6.9199,5.15381],[6.9199,5.15372],[6.91972,5.15372],[6.91972,5.15363],[6.91954,5.15363],[6.91954,5.15372],[6.91963,5.15372],[6.91963,5.15381],[6.91981,5.15381],[6.91981,5.1539],[6.9199,5.1539],[6.9199,5.15408],[6.91954,5.15408]],[[6.91999,5.15193],[6.9199,5.15193],[6.9199,5.15184],[6.91999,5.15184],[6.91999,5.15193]],[[6.92053,5.15193],[6.92044,5.15193],[6.92044,5.15184],[6.92053,5.15184],[6.92053,5.15193]],[[6.91945,5.15202],[6.91936,5.15202],[6.91936,5.15184],[6.91927,5.15184],[6.91927,5.15175],[6.91945,5.15175],[6.91945,5.15184],[6.91954,5.15184],[6.91954,5.15193],[6.91945,5.15193],[6.91945,5.15202]],[[6.91954,5.15211],[6.91945,5.15211],[6.91945,5.15202],[6.91954,5.15202],[6.91954,5.15211]],[[6.91999,5.15247],[6.9199,5.15247],[6.9199,5.15238],[6.91999,5.15238],[6.91999,5.15247]],[[6.92008,5.15274],[6.9199,5.15274],[6.9199,5.15256],[6.91999,5.15256],[6.91999,5.15247],[6.92008,5.15247],[6.92008,5.15274]],[[6.91963,5.1531],[6.91945,5.1531],[6.91945,5.15301],[6.91954,5.15301],[6.91954,5.15292],[6.91972,5.15292],[6.91972,5.15301],[6.91963,5.15301],[6.91963,5.1531]],[[6.91981,5.1531],[6.91972,5.1531],[6.91972,5.15301],[6.91981,5.15301],[6.91981,5.1531]],[[6.91954,5.15346],[6.91936,5.15346],[6.91936,5.15319],[6.91945,5.15319],[6.91945,5.15328],[6.91954,5.15328],[6.91954,5.15346]],[[6.91918,5.15372],[6.91909,5.15372],[6.91909,5.15363],[6.91918,5.15363],[6.91918,5.15372]]]}},{"type":"Feature","properties":{},"geometry":{"geodesic":false,"type":"Polygon","coordinates":[[[6.92053,4.99535],[6.92053,4.99526],[6.92044,4.99526],[6.92044,4.99535],[6.92035,4.99535],[6.92035,4.99526],[6.92026,4.99526],[6.92026,4.99508],[6.92017,4.99508],[6.92017,4.99517],[6.91999,4.99517],[6.91999,4.99508],[6.91981,4.99508],[6.91981,4.99517],[6.91972,4.99517],[6.91972,4.99508],[6.91963,4.99508],[6.91963,4.99517],[6.91954,4.99517],[6.91954,4.99508],[6.919,4.99508],[6.919,4.99499],[6.91909,4.99499],[6.91909,4.9949],[6.91918,4.9949],[6.91918,4.99481],[6.91936,4.99481],[6.91936,4.99463],[6.91954,4.99463],[6.91954,4.99454],[6.91972,4.99454],[6.91972,4.99463],[6.91981,4.99463],[6.91981,4.99445],[6.9199,4.99445],[6.9199,4.99436],[6.91999,4.99436],[6.91999,4.99418],[6.92008,4.99418],[6.92008,4.99427],[6.92017,4.99427],[6.92017,4.99436],[6.92026,4.99436],[6.92026,4.99427],[6.92035,4.99427],[6.92035,4.99418],[6.92044,4.99418],[6.92044,4.994],[6.92035,4.994],[6.92035,4.99391],[6.92026,4.99391],[6.92026,4.99373],[6.92035,4.99373],[6.92035,4.99364],[6.92026,4.99364],[6.92026,4.99356],[6.92035,4.99356],[6.92035,4.99338],[6.92026,4.99338],[6.92026,4.99329],[6.91999,4.99329],[6.91999,4.9932],[6.92017,4.9932],[6.92017,4.99311],[6.92026,4.99311],[6.92026,4.99284],[6.92044,4.99284],[6.92044,4.99266],[6.92035,4.99266],[6.92035,4.99257],[6.92044,4.99257],[6.92044,4.99248],[6.92053,4.99248],[6.92053,4.99239],[6.92062,4.99239],[6.92062,4.9923],[6.92053,4.9923],[6.92053,4.99221],[6.92044,4.99221],[6.92044,4.99212],[6.92035,4.99212],[6.92035,4.99203],[6.92044,4.99203],[6.92044,4.99194],[6.92053,4.99194],[6.92053,4.99185],[6.92062,4.99185],[6.92062,4.99176],[6.92071,4.99176],[6.92071,4.99185],[6.9208,4.99185],[6.9208,4.99194],[6.92098,4.99194],[6.92098,4.99203],[6.92107,4.99203],[6.92107,4.99212],[6.92116,4.99212],[6.92116,4.99203],[6.92125,4.99203],[6.92125,4.99212],[6.92134,4.99212],[6.92134,4.99194],[6.92125,4.99194],[6.92125,4.99185],[6.92116,4.99185],[6.92116,4.99176],[6.92107,4.99176],[6.92107,4.99185],[6.92098,4.99185],[6.92098,4.99167],[6.92089,4.99167],[6.92089,4.99149],[6.92098,4.99149],[6.92098,4.99122],[6.92107,4.99122],[6.92107,4.99113],[6.9217,4.99113],[6.9217,4.99104],[6.92179,4.99104],[6.92179,4.99095],[6.92188,4.99095],[6.92188,4.99086],[6.92206,4.99086],[6.92206,4.99095],[6.92224,4.99095],[6.92224,4.99104],[6.92233,4.99104],[6.92233,4.99122],[6.92242,4.99122],[6.92242,4.99131],[6.92269,4.99131],[6.92269,4.99149],[6.9226,4.99149],[6.9226,4.99167],[6.92242,4.99167],[6.92242,4.99176],[6.92233,4.99176],[6.92233,4.99185],[6.92224,4.99185],[6.92224,4.99194],[6.92242,4.99194],[6.92242,4.99212],[6.92224,4.99212],[6.92224,4.99221],[6.92215,4.99221],[6.92215,4.9923],[6.92206,4.9923],[6.92206,4.99239],[6.92197,4.99239],[6.92197,4.99257],[6.92206,4.99257],[6.92206,4.99266],[6.92215,4.99266],[6.92215,4.99284],[6.92233,4.99284],[6.92233,4.99311],[6.92224,4.99311],[6.92224,4.99302],[6.92215,4.99302],[6.92215,4.99284],[6.92206,4.99284],[6.92206,4.99293],[6.92197,4.99293],[6.92197,4.99311],[6.92188,4.99311],[6.92188,4.99293],[6.9217,4.99293],[6.9217,4.99302],[6.92161,4.99302],[6.92161,4.9932],[6.92152,4.9932],[6.92152,4.99329],[6.92143,4.99329],[6.92143,4.99347],[6.92134,4.99347],[6.92134,4.99356],[6.92143,4.99356],[6.92143,4.99364],[6.92152,4.99364],[6.92152,4.99382],[6.92161,4.99382],[6.92161,4.99391],[6.92134,4.99391],[6.92134,4.99364],[6.92125,4.99364],[6.92125,4.99373],[6.92116,4.99373],[6.92116,4.99391],[6.92089,4.99391],[6.92089,4.99409],[6.92098,4.99409],[6.92098,4.99418],[6.92089,4.99418],[6.92089,4.99463],[6.9208,4.99463],[6.9208,4.9949],[6.92071,4.9949],[6.92071,4.99499],[6.9208,4.99499],[6.9208,4.99508],[6.92062,4.99508],[6.92062,4.99526],[6.92071,4.99526],[6.92071,4.99535],[6.92053,4.99535]],[[6.92206,4.99104],[6.92197,4.99104],[6.92197,4.99095],[6.92206,4.99095],[6.92206,4.99104]],[[6.92215,4.99122],[6.92197,4.99122],[6.92197,4.99113],[6.92215,4.99113],[6.92215,4.99122]],[[6.92179,4.9914],[6.9217,4.9914],[6.9217,4.99131],[6.92179,4.99131],[6.92179,4.9914]],[[6.92224,4.9914],[6.92215,4.9914],[6.92215,4.99131],[6.92224,4.99131],[6.92224,4.9914]],[[6.9217,4.99158],[6.92161,4.99158],[6.92161,4.99149],[6.9217,4.99149],[6.9217,4.99158]],[[6.92251,4.99158],[6.92242,4.99158],[6.92242,4.99149],[6.92251,4.99149],[6.92251,4.99158]],[[6.92179,4.99239],[6.9217,4.99239],[6.9217,4.9923],[6.92179,4.9923],[6.92179,4.99239]],[[6.92107,4.99275],[6.92098,4.99275],[6.92098,4.99266],[6.92107,4.99266],[6.92107,4.99275]],[[6.92062,4.99284],[6.92053,4.99284],[6.92053,4.99275],[6.92062,4.99275],[6.92062,4.99284]],[[6.92098,4.99284],[6.9208,4.99284],[6.9208,4.99275],[6.92098,4.99275],[6.92098,4.99284]],[[6.92206,4.99284],[6.92188,4.99284],[6.92188,4.99275],[6.92206,4.99275],[6.92206,4.99284]],[[6.9217,4.99293],[6.92161,4.99293],[6.92161,4.99257],[6.9217,4.99257],[6.9217,4.99275],[6.92179,4.99275],[6.92179,4.99284],[6.9217,4.99284],[6.9217,4.99293]],[[6.92125,4.99329],[6.92116,4.99329],[6.92116,4.9932],[6.92125,4.9932],[6.92125,4.99329]],[[6.92143,4.99329],[6.92134,4.99329],[6.92134,4.9932],[6.92125,4.9932],[6.92125,4.99311],[6.92143,4.99311],[6.92143,4.99329]],[[6.91963,4.9949],[6.91945,4.9949],[6.91945,4.99481],[6.91963,4.99481],[6.91963,4.9949]],[[6.92044,4.9949],[6.92035,4.9949],[6.92035,4.99463],[6.92044,4.99463],[6.92044,4.9949]],[[6.92026,4.99499],[6.92008,4.99499],[6.92008,4.9949],[6.92026,4.9949],[6.92026,4.99499]],[[6.92053,4.99508],[6.92044,4.99508],[6.92044,4.9949],[6.92053,4.9949],[6.92053,4.99508]]]}},{"type":"Feature","properties":{},"geometry":{"geodesic":false,"type":"Polygon","coordinates":[[[6.92053,5.16163],[6.92053,5.16154],[6.92035,5.16154],[6.92035,5.16163],[6.92017,5.16163],[6.92017,5.16154],[6.91981,5.16154],[6.91981,5.16145],[6.91963,5.16145],[6.91963,5.16136],[6.91954,5.16136],[6.91954,5.16127],[6.9182,5.16127],[6.9182,5.16136],[6.91775,5.16136],[6.91775,5.16145],[6.91757,5.16145],[6.91757,5.16154],[6.91739,5.16154],[6.91739,5.16163],[6.91721,5.16163],[6.91721,5.16154],[6.91712,5.16154],[6.91712,5.16145],[6.91667,5.16145],[6.91667,5.16136],[6.9164,5.16136],[6.9164,5.16118],[6.91649,5.16118],[6.91649,5.16091],[6.9164,5.16091],[6.9164,5.16064],[6.91649,5.16064],[6.91649,5.16055],[6.91658,5.16055],[6.91658,5.16019],[6.91649,5.16019],[6.91649,5.15992],[6.9164,5.15992],[6.9164,5.15965],[6.91649,5.15965],[6.91649,5.15938],[6.91658,5.15938],[6.91658,5.15911],[6.91649,5.15911],[6.91649,5.15902],[6.91658,5.15902],[6.91658,5.15893],[6.91649,5.15893],[6.91649,5.15885],[6.9164,5.15885],[6.9164,5.15867],[6.91631,5.15867],[6.91631,5.15831],[6.9164,5.15831],[6.9164,5.1584],[6.91658,5.1584],[6.91658,5.15804],[6.91649,5.15804],[6.91649,5.15813],[6.9164,5.15813],[6.9164,5.15804],[6.91631,5.15804],[6.91631,5.15795],[6.9164,5.15795],[6.9164,5.15768],[6.91649,5.15768],[6.91649,5.1575],[6.9164,5.1575],[6.9164,5.15705],[6.91649,5.15705],[6.91649,5.15687],[6.91667,5.15687],[6.91667,5.15678],[6.91658,5.15678],[6.91658,5.15669],[6.91676,5.15669],[6.91676,5.15678],[6.91685,5.15678],[6.91685,5.15669],[6.91694,5.15669],[6.91694,5.15651],[6.91703,5.15651],[6.91703,5.1566],[6.91712,5.1566],[6.91712,5.15669],[6.9173,5.15669],[6.9173,5.15678],[6.91784,5.15678],[6.91784,5.15669],[6.91793,5.15669],[6.91793,5.15651],[6.91766,5.15651],[6.91766,5.15642],[6.91775,5.15642],[6.91775,5.15633],[6.91793,5.15633],[6.91793,5.15642],[6.91802,5.15642],[6.91802,5.15633],[6.91811,5.15633],[6.91811,5.15651],[6.91838,5.15651],[6.91838,5.15633],[6.91846,5.15633],[6.91846,5.15642],[6.91855,5.15642],[6.91855,5.15669],[6.919,5.15669],[6.919,5.15678],[6.91936,5.15678],[6.91936,5.15669],[6.91954,5.15669],[6.91954,5.15678],[6.91963,5.15678],[6.91963,5.15669],[6.92026,5.15669],[6.92026,5.1566],[6.92035,5.1566],[6.92035,5.15651],[6.92044,5.15651],[6.92044,5.15669],[6.92071,5.15669],[6.92071,5.1566],[6.92089,5.1566],[6.92089,5.15669],[6.92071,5.15669],[6.92071,5.15687],[6.9208,5.15687],[6.9208,5.15696],[6.92089,5.15696],[6.92089,5.15759],[6.9208,5.15759],[6.9208,5.15777],[6.92071,5.15777],[6.92071,5.15813],[6.9208,5.15813],[6.9208,5.15831],[6.92089,5.15831],[6.92089,5.15849],[6.92098,5.15849],[6.92098,5.15867],[6.92089,5.15867],[6.92089,5.15876],[6.92098,5.15876],[6.92098,5.15885],[6.92089,5.15885],[6.92089,5.15893],[6.92071,5.15893],[6.92071,5.15938],[6.92098,5.15938],[6.92098,5.15947],[6.9208,5.15947],[6.9208,5.15956],[6.92098,5.15956],[6.92098,5.15974],[6.92089,5.15974],[6.92089,5.16028],[6.9208,5.16028],[6.9208,5.16055],[6.92107,5.16055],[6.92107,5.16064],[6.92125,5.16064],[6.92125,5.16082],[6.92107,5.16082],[6.92107,5.16091],[6.92098,5.16091],[6.92098,5.161],[6.92089,5.161],[6.92089,5.16109],[6.92098,5.16109],[6.92098,5.16118],[6.92044,5.16118],[6.92044,5.16127],[6.92071,5.16127],[6.92071,5.16136],[6.92062,5.16136],[6.92062,5.16154],[6.92071,5.16154],[6.92071,5.16163],[6.92053,5.16163]],[[6.91811,5.1566],[6.91802,5.1566],[6.91802,5.15651],[6.91811,5.15651],[6.91811,5.1566]],[[6.91811,5.15678],[6.91793,5.15678],[6.91793,5.15669],[6.91811,5.15669],[6.91811,5.15678]],[[6.91829,5.15678],[6.9182,5.15678],[6.9182,5.1566],[6.91829,5.1566],[6.91829,5.15678]],[[6.91846,5.15678],[6.91838,5.15678],[6.91838,5.15669],[6.91846,5.15669],[6.91846,5.15678]],[[6.91649,5.15804],[6.9164,5.15804],[6.9164,5.15795],[6.91649,5.15795],[6.91649,5.15804]],[[6.92062,5.15911],[6.92044,5.15911],[6.92044,5.15902],[6.92062,5.15902],[6.92062,5.15911]]]}},{"type":"Feature","properties":{},"geometry":{"geodesic":false,"type":"Polygon","coordinates":[[[6.9208,5.15435],[6.9208,5.15426],[6.92071,5.15426],[6.92071,5.15417],[6.92062,5.15417],[6.92062,5.15408],[6.92053,5.15408],[6.92053,5.15417],[6.92044,5.15417],[6.92044,5.15408],[6.92035,5.15408],[6.92035,5.15417],[6.92026,5.15417],[6.92026,5.15399],[6.92017,5.15399],[6.92017,5.1539],[6.92026,5.1539],[6.92026,5.15399],[6.92044,5.15399],[6.92044,5.1539],[6.92062,5.1539],[6.92062,5.15381],[6.9208,5.15381],[6.9208,5.1539],[6.92089,5.1539],[6.92089,5.15399],[6.92098,5.15399],[6.92098,5.15372],[6.92107,5.15372],[6.92107,5.15363],[6.92125,5.15363],[6.92125,5.15354],[6.92134,5.15354],[6.92134,5.15328],[6.92143,5.15328],[6.92143,5.15337],[6.92152,5.15337],[6.92152,5.15328],[6.92161,5.15328],[6.92161,5.15346],[6.9217,5.15346],[6.9217,5.15337],[6.92179,5.15337],[6.92179,5.15328],[6.92188,5.15328],[6.92188,5.15319],[6.92197,5.15319],[6.92197,5.15328],[6.92215,5.15328],[6.92215,5.15337],[6.92233,5.15337],[6.92233,5.15354],[6.92215,5.15354],[6.92215,5.15346],[6.92206,5.15346],[6.92206,5.15372],[6.92224,5.15372],[6.92224,5.15381],[6.92233,5.15381],[6.92233,5.1539],[6.92251,5.1539],[6.92251,5.15363],[6.92242,5.15363],[6.92242,5.15354],[6.92251,5.15354],[6.92251,5.15337],[6.9226,5.15337],[6.9226,5.15381],[6.92278,5.15381],[6.92278,5.1539],[6.92287,5.1539],[6.92287,5.15408],[6.92278,5.15408],[6.92278,5.15417],[6.9226,5.15417],[6.9226,5.15399],[6.92188,5.15399],[6.92188,5.15417],[6.92179,5.15417],[6.92179,5.1539],[6.9217,5.1539],[6.9217,5.15408],[6.92161,5.15408],[6.92161,5.15417],[6.92116,5.15417],[6.92116,5.15408],[6.92107,5.15408],[6.92107,5.15417],[6.92098,5.15417],[6.92098,5.15426],[6.92089,5.15426],[6.92089,5.15435],[6.9208,5.15435]],[[6.92188,5.15346],[6.92179,5.15346],[6.92179,5.15337],[6.92188,5.15337],[6.92188,5.15346]],[[6.92116,5.1539],[6.92107,5.1539],[6.92107,5.15372],[6.92116,5.15372],[6.92116,5.1539]]]}},{"type":"Feature","properties":{},"geometry":{"geodesic":false,"type":"Polygon","coordinates":[[[6.92089,5.18948],[6.92089,5.18939],[6.92044,5.18939],[6.92044,5.1893],[6.92008,5.1893],[6.92008,5.18903],[6.92017,5.18903],[6.92017,5.18921],[6.92026,5.18921],[6.92026,5.18894],[6.92008,5.18894],[6.92008,5.18885],[6.91999,5.18885],[6.91999,5.18849],[6.92008,5.18849],[6.92008,5.18831],[6.92044,5.18831],[6.92044,5.1884],[6.92053,5.1884],[6.92053,5.18849],[6.92062,5.18849],[6.92062,5.1884],[6.9208,5.1884],[6.9208,5.18831],[6.92089,5.18831],[6.92089,5.18822],[6.92098,5.18822],[6.92098,5.18813],[6.92107,5.18813],[6.92107,5.18858],[6.92116,5.18858],[6.92116,5.18876],[6.92107,5.18876],[6.92107,5.18894],[6.92089,5.18894],[6.92089,5.18903],[6.9208,5.18903],[6.9208,5.18912],[6.92089,5.18912],[6.92089,5.18921],[6.92098,5.18921],[6.92098,5.18912],[6.92107,5.18912],[6.92107,5.18939],[6.92098,5.18939],[6.92098,5.18948],[6.92089,5.18948]],[[6.92044,5.18849],[6.92035,5.18849],[6.92035,5.1884],[6.92044,5.1884],[6.92044,5.18849]],[[6.92026,5.18876],[6.92017,5.18876],[6.92017,5.18858],[6.92035,5.18858],[6.92035,5.18867],[6.92026,5.18867],[6.92026,5.18876]],[[6.92017,5.18885],[6.92008,5.18885],[6.92008,5.18876],[6.92017,5.18876],[6.92017,5.18885]],[[6.92071,5.18894],[6.92062,5.18894],[6.92062,5.18885],[6.92071,5.18885],[6.92071,5.18894]],[[6.9208,5.18921],[6.92044,5.18921],[6.92044,5.18912],[6.9208,5.18912],[6.9208,5.18921]]]}},{"type":"Feature","properties":{},"geometry":{"geodesic":false,"type":"Polygon","coordinates":[[[6.9208,5.04539],[6.9208,5.0453],[6.92071,5.0453],[6.92071,5.04521],[6.9208,5.04521],[6.9208,5.04503],[6.92071,5.04503],[6.92071,5.04494],[6.92053,5.04494],[6.92053,5.04476],[6.92071,5.04476],[6.92071,5.04458],[6.9208,5.04458],[6.9208,5.0444],[6.92089,5.0444],[6.92089,5.04458],[6.92098,5.04458],[6.92098,5.0444],[6.92116,5.0444],[6.92116,5.04449],[6.92125,5.04449],[6.92125,5.0444],[6.92134,5.0444],[6.92134,5.04458],[6.92152,5.04458],[6.92152,5.04467],[6.92161,5.04467],[6.92161,5.04476],[6.92152,5.04476],[6.92152,5.04485],[6.92143,5.04485],[6.92143,5.04476],[6.92134,5.04476],[6.92134,5.04494],[6.92116,5.04494],[6.92116,5.04512],[6.92107,5.04512],[6.92107,5.04539],[6.9208,5.04539]],[[6.92125,5.04485],[6.92107,5.04485],[6.92107,5.04476],[6.92125,5.04476],[6.92125,5.04485]]]}},{"type":"Feature","properties":{},"geometry":{"geodesic":false,"type":"Polygon","coordinates":[[[6.92098,5.13234],[6.92098,5.13225],[6.92089,5.13225],[6.92089,5.13217],[6.92098,5.13217],[6.92098,5.1319],[6.92107,5.1319],[6.92107,5.13181],[6.92116,5.13181],[6.92116,5.13172],[6.92107,5.13172],[6.92107,5.13163],[6.9208,5.13163],[6.9208,5.13154],[6.92062,5.13154],[6.92062,5.13145],[6.92071,5.13145],[6.92071,5.13136],[6.92062,5.13136],[6.92062,5.13118],[6.92071,5.13118],[6.92071,5.13109],[6.9208,5.13109],[6.9208,5.13091],[6.92089,5.13091],[6.92089,5.13109],[6.92098,5.13109],[6.92098,5.13118],[6.92116,5.13118],[6.92116,5.13127],[6.92134,5.13127],[6.92134,5.13145],[6.92125,5.13145],[6.92125,5.13154],[6.92143,5.13154],[6.92143,5.13199],[6.92134,5.13199],[6.92134,5.13208],[6.92116,5.13208],[6.92116,5.13234],[6.92098,5.13234]],[[6.92089,5.13154],[6.9208,5.13154],[6.9208,5.13145],[6.92089,5.13145],[6.92089,5.13154]],[[6.92134,5.13172],[6.92116,5.13172],[6.92116,5.13163],[6.92134,5.13163],[6.92134,5.13172]]]}},{"type":"Feature","properties":{},"geometry":{"geodesic":false,"type":"Polygon","coordinates":[[[6.92134,5.14519],[6.92134,5.1451],[6.92125,5.1451],[6.92125,5.14519],[6.92116,5.14519],[6.92116,5.1451],[6.92107,5.1451],[6.92107,5.14501],[6.92098,5.14501],[6.92098,5.14492],[6.92089,5.14492],[6.92089,5.14465],[6.9208,5.14465],[6.9208,5.14411],[6.92071,5.14411],[6.92071,5.14402],[6.9208,5.14402],[6.9208,5.14384],[6.92107,5.14384],[6.92107,5.14375],[6.92125,5.14375],[6.92125,5.14366],[6.92116,5.14366],[6.92116,5.14357],[6.92107,5.14357],[6.92107,5.14348],[6.92125,5.14348],[6.92125,5.14357],[6.92134,5.14357],[6.92134,5.14375],[6.92125,5.14375],[6.92125,5.14393],[6.92134,5.14393],[6.92134,5.14411],[6.92143,5.14411],[6.92143,5.14447],[6.92161,5.14447],[6.92161,5.14465],[6.92143,5.14465],[6.92143,5.14483],[6.92134,5.14483],[6.92134,5.14501],[6.92143,5.14501],[6.92143,5.14519],[6.92134,5.14519]],[[6.92134,5.14456],[6.92125,5.14456],[6.92125,5.14447],[6.92134,5.14447],[6.92134,5.14456]],[[6.92116,5.14501],[6.92107,5.14501],[6.92107,5.14492],[6.92098,5.14492],[6.92098,5.14483],[6.92116,5.14483],[6.92116,5.14501]]]}},{"type":"Feature","properties":{},"geometry":{"geodesic":false,"type":"Polygon","coordinates":[[[6.92134,5.1504],[6.92134,5.15031],[6.92125,5.15031],[6.92125,5.15022],[6.92116,5.15022],[6.92116,5.15013],[6.92125,5.15013],[6.92125,5.15004],[6.92116,5.15004],[6.92116,5.14995],[6.92107,5.14995],[6.92107,5.14977],[6.92098,5.14977],[6.92098,5.14968],[6.9208,5.14968],[6.9208,5.14941],[6.92071,5.14941],[6.92071,5.14968],[6.92062,5.14968],[6.92062,5.14941],[6.92053,5.14941],[6.92053,5.14932],[6.92017,5.14932],[6.92017,5.14905],[6.91999,5.14905],[6.91999,5.14896],[6.92026,5.14896],[6.92026,5.14887],[6.92035,5.14887],[6.92035,5.14878],[6.92062,5.14878],[6.92062,5.14869],[6.9208,5.14869],[6.9208,5.14878],[6.92071,5.14878],[6.92071,5.14914],[6.9208,5.14914],[6.9208,5.14905],[6.92098,5.14905],[6.92098,5.14896],[6.92107,5.14896],[6.92107,5.14905],[6.92116,5.14905],[6.92116,5.14914],[6.92152,5.14914],[6.92152,5.14923],[6.92161,5.14923],[6.92161,5.14914],[6.9217,5.14914],[6.9217,5.14923],[6.92179,5.14923],[6.92179,5.14932],[6.9217,5.14932],[6.9217,5.14941],[6.92161,5.14941],[6.92161,5.14932],[6.92143,5.14932],[6.92143,5.14968],[6.92134,5.14968],[6.92134,5.14986],[6.92143,5.14986],[6.92143,5.15013],[6.92134,5.15013],[6.92134,5.15031],[6.92143,5.15031],[6.92143,5.1504],[6.92134,5.1504]],[[6.92044,5.14905],[6.92026,5.14905],[6.92026,5.14896],[6.92044,5.14896],[6.92044,5.14905]],[[6.92053,5.14923],[6.92044,5.14923],[6.92044,5.14905],[6.92053,5.14905],[6.92053,5.14923]]]}},{"type":"Feature","properties":{},"geometry":{"geodesic":false,"type":"Polygon","coordinates":[[[6.92152,5.14348],[6.92152,5.14339],[6.92143,5.14339],[6.92143,5.1433],[6.92152,5.1433],[6.92152,5.14321],[6.92134,5.14321],[6.92134,5.14312],[6.92143,5.14312],[6.92143,5.14294],[6.92152,5.14294],[6.92152,5.14277],[6.9217,5.14277],[6.9217,5.14241],[6.92179,5.14241],[6.92179,5.14223],[6.92188,5.14223],[6.92188,5.14205],[6.92197,5.14205],[6.92197,5.14196],[6.92215,5.14196],[6.92215,5.14205],[6.92224,5.14205],[6.92224,5.14196],[6.92233,5.14196],[6.92233,5.14187],[6.92242,5.14187],[6.92242,5.14196],[6.92251,5.14196],[6.92251,5.14214],[6.9226,5.14214],[6.9226,5.14205],[6.92269,5.14205],[6.92269,5.14214],[6.92278,5.14214],[6.92278,5.14232],[6.92296,5.14232],[6.92296,5.14241],[6.92287,5.14241],[6.92287,5.1425],[6.92269,5.1425],[6.92269,5.14259],[6.92251,5.14259],[6.92251,5.1425],[6.92233,5.1425],[6.92233,5.14259],[6.92242,5.14259],[6.92242,5.14268],[6.92233,5.14268],[6.92233,5.14277],[6.92224,5.14277],[6.92224,5.14294],[6.92206,5.14294],[6.92206,5.14303],[6.92197,5.14303],[6.92197,5.14294],[6.92188,5.14294],[6.92188,5.14312],[6.92197,5.14312],[6.92197,5.14321],[6.92179,5.14321],[6.92179,5.1433],[6.92161,5.1433],[6.92161,5.14348],[6.92152,5.14348]],[[6.92233,5.14268],[6.92224,5.14268],[6.92224,5.14259],[6.92233,5.14259],[6.92233,5.14268]],[[6.92161,5.14303],[6.92152,5.14303],[6.92152,5.14294],[6.92161,5.14294],[6.92161,5.14303]]]}},{"type":"Feature","properties":{},"geometry":{"geodesic":false,"type":"Polygon","coordinates":[[[6.92152,4.91908],[6.92152,4.91891],[6.92143,4.91891],[6.92143,4.91873],[6.92134,4.91873],[6.92134,4.91864],[6.92143,4.91864],[6.92143,4.91855],[6.92134,4.91855],[6.92134,4.91819],[6.92125,4.91819],[6.92125,4.9181],[6.92134,4.9181],[6.92134,4.91792],[6.92278,4.91792],[6.92278,4.91801],[6.92269,4.91801],[6.92269,4.9181],[6.9226,4.9181],[6.9226,4.91819],[6.92242,4.91819],[6.92242,4.91837],[6.92233,4.91837],[6.92233,4.91846],[6.92215,4.91846],[6.92215,4.91891],[6.92206,4.91891],[6.92206,4.91882],[6.92197,4.91882],[6.92197,4.91899],[6.92179,4.91899],[6.92179,4.91908],[6.92152,4.91908]],[[6.9217,4.91819],[6.92161,4.91819],[6.92161,4.9181],[6.9217,4.9181],[6.9217,4.91819]]]}},{"type":"Feature","properties":{},"geometry":{"geodesic":false,"type":"Polygon","coordinates":[[[6.92152,4.9525],[6.92152,4.95241],[6.92134,4.95241],[6.92134,4.95223],[6.92125,4.95223],[6.92125,4.95241],[6.92089,4.95241],[6.92089,4.95232],[6.92053,4.95232],[6.92053,4.95223],[6.92044,4.95223],[6.92044,4.95214],[6.92053,4.95214],[6.92053,4.95178],[6.92062,4.95178],[6.92062,4.9516],[6.92089,4.9516],[6.92089,4.95151],[6.92098,4.95151],[6.92098,4.95142],[6.92107,4.95142],[6.92107,4.95124],[6.92116,4.95124],[6.92116,4.95142],[6.92134,4.95142],[6.92134,4.9516],[6.92152,4.9516],[6.92152,4.95169],[6.92116,4.95169],[6.92116,4.95196],[6.92134,4.95196],[6.92134,4.95205],[6.92143,4.95205],[6.92143,4.95196],[6.92152,4.95196],[6.92152,4.95187],[6.9217,4.95187],[6.9217,4.95178],[6.92188,4.95178],[6.92188,4.95187],[6.92206,4.95187],[6.92206,4.95205],[6.92215,4.95205],[6.92215,4.95214],[6.92224,4.95214],[6.92224,4.95223],[6.92215,4.95223],[6.92215,4.95232],[6.92206,4.95232],[6.92206,4.95241],[6.92188,4.95241],[6.92188,4.9525],[6.92152,4.9525]],[[6.92143,4.95223],[6.92134,4.95223],[6.92134,4.95214],[6.92143,4.95214],[6.92143,4.95223]]]}},{"type":"Feature","properties":{},"geometry":{"geodesic":false,"type":"Polygon","coordinates":[[[6.92179,5.15211],[6.92179,5.15202],[6.9217,5.15202],[6.9217,5.15211],[6.92161,5.15211],[6.92161,5.15175],[6.92152,5.15175],[6.92152,5.15166],[6.9217,5.15166],[6.9217,5.15157],[6.92161,5.15157],[6.92161,5.15148],[6.9217,5.15148],[6.9217,5.15139],[6.92179,5.15139],[6.92179,5.15148],[6.92188,5.15148],[6.92188,5.15175],[6.92197,5.15175],[6.92197,5.15166],[6.92206,5.15166],[6.92206,5.15175],[6.92224,5.15175],[6.92224,5.15166],[6.92215,5.15166],[6.92215,5.15148],[6.92233,5.15148],[6.92233,5.15157],[6.92242,5.15157],[6.92242,5.15139],[6.92233,5.15139],[6.92233,5.1513],[6.92251,5.1513],[6.92251,5.15112],[6.92224,5.15112],[6.92224,5.15103],[6.92215,5.15103],[6.92215,5.15112],[6.92206,5.15112],[6.92206,5.15103],[6.92197,5.15103],[6.92197,5.15085],[6.92188,5.15085],[6.92188,5.15094],[6.92152,5.15094],[6.92152,5.15103],[6.92143,5.15103],[6.92143,5.15112],[6.92134,5.15112],[6.92134,5.15103],[6.92125,5.15103],[6.92125,5.15112],[6.92098,5.15112],[6.92098,5.15121],[6.9208,5.15121],[6.9208,5.1513],[6.92035,5.1513],[6.92035,5.15121],[6.92026,5.15121],[6.92026,5.15112],[6.92017,5.15112],[6.92017,5.15094],[6.92008,5.15094],[6.92008,5.15112],[6.9199,5.15112],[6.9199,5.15103],[6.91981,5.15103],[6.91981,5.15112],[6.91972,5.15112],[6.91972,5.15103],[6.91963,5.15103],[6.91963,5.15094],[6.91972,5.15094],[6.91972,5.15085],[6.91981,5.15085],[6.91981,5.15076],[6.91972,5.15076],[6.91972,5.1504],[6.9199,5.1504],[6.9199,5.15022],[6.91981,5.15022],[6.91981,5.15013],[6.9199,5.15013],[6.9199,5.15004],[6.92026,5.15004],[6.92026,5.15022],[6.92017,5.15022],[6.92017,5.15031],[6.92026,5.15031],[6.92026,5.1504],[6.92035,5.1504],[6.92035,5.15058],[6.92026,5.15058],[6.92026,5.15076],[6.92053,5.15076],[6.92053,5.15085],[6.92062,5.15085],[6.92062,5.15094],[6.92044,5.15094],[6.92044,5.15085],[6.92035,5.15085],[6.92035,5.15112],[6.92044,5.15112],[6.92044,5.15103],[6.92053,5.15103],[6.92053,5.15112],[6.92044,5.15112],[6.92044,5.15121],[6.92062,5.15121],[6.92062,5.15103],[6.92071,5.15103],[6.92071,5.15094],[6.92089,5.15094],[6.92089,5.15085],[6.92098,5.15085],[6.92098,5.15067],[6.92116,5.15067],[6.92116,5.15076],[6.92125,5.15076],[6.92125,5.15085],[6.92143,5.15085],[6.92143,5.15094],[6.92152,5.15094],[6.92152,5.15076],[6.92134,5.15076],[6.92134,5.15049],[6.92152,5.15049],[6.92152,5.1504],[6.92161,5.1504],[6.92161,5.15031],[6.92197,5.15031],[6.92197,5.1504],[6.92206,5.1504],[6.92206,5.15031],[6.92269,5.15031],[6.92269,5.15013],[6.92287,5.15013],[6.92287,5.15085],[6.92296,5.15085],[6.92296,5.15103],[6.92305,5.15103],[6.92305,5.15121],[6.92323,5.15121],[6.92323,5.1513],[6.92332,5.1513],[6.92332,5.15139],[6.92323,5.15139],[6.92323,5.15148],[6.92341,5.15148],[6.92341,5.15157],[6.92314,5.15157],[6.92314,5.15175],[6.92332,5.15175],[6.92332,5.15184],[6.92323,5.15184],[6.92323,5.15193],[6.92314,5.15193],[6.92314,5.15184],[6.92305,5.15184],[6.92305,5.15193],[6.92296,5.15193],[6.92296,5.15184],[6.92287,5.15184],[6.92287,5.15193],[6.92269,5.15193],[6.92269,5.15202],[6.92242,5.15202],[6.92242,5.15193],[6.92188,5.15193],[6.92188,5.15211],[6.92179,5.15211]],[[6.91999,5.15022],[6.9199,5.15022],[6.9199,5.15013],[6.91999,5.15013],[6.91999,5.15022]],[[6.92017,5.15067],[6.92008,5.15067],[6.92008,5.15049],[6.92026,5.15049],[6.92026,5.15058],[6.92017,5.15058],[6.92017,5.15067]],[[6.92116,5.15085],[6.92107,5.15085],[6.92107,5.15076],[6.92116,5.15076],[6.92116,5.15085]],[[6.92197,5.15049],[6.92188,5.15049],[6.92188,5.1504],[6.92197,5.1504],[6.92197,5.15049]],[[6.92179,5.15076],[6.9217,5.15076],[6.9217,5.15067],[6.92179,5.15067],[6.92179,5.15076]],[[6.92215,5.15103],[6.92206,5.15103],[6.92206,5.15094],[6.92215,5.15094],[6.92215,5.15103]],[[6.9208,5.15112],[6.92071,5.15112],[6.92071,5.15103],[6.9208,5.15103],[6.9208,5.15112]],[[6.92233,5.15184],[6.92224,5.15184],[6.92224,5.15175],[6.92233,5.15175],[6.92233,5.15184]]]}},{"type":"Feature","properties":{},"geometry":{"geodesic":false,"type":"Polygon","coordinates":[[[6.92152,5.16082],[6.92152,5.16064],[6.92161,5.16064],[6.92161,5.16046],[6.92152,5.16046],[6.92152,5.16055],[6.92143,5.16055],[6.92143,5.16046],[6.92134,5.16046],[6.92134,5.15983],[6.92152,5.15983],[6.92152,5.15974],[6.9217,5.15974],[6.9217,5.15965],[6.92179,5.15965],[6.92179,5.15956],[6.92188,5.15956],[6.92188,5.15965],[6.92197,5.15965],[6.92197,5.15974],[6.92188,5.15974],[6.92188,5.15992],[6.92197,5.15992],[6.92197,5.16055],[6.92206,5.16055],[6.92206,5.16073],[6.92197,5.16073],[6.92197,5.16082],[6.92152,5.16082]]]}},{"type":"Feature","properties":{},"geometry":{"geodesic":false,"type":"Polygon","coordinates":[[[6.92197,5.16486],[6.92197,5.16477],[6.92179,5.16477],[6.92179,5.1645],[6.92188,5.1645],[6.92188,5.16441],[6.92206,5.16441],[6.92206,5.16432],[6.92197,5.16432],[6.92197,5.16415],[6.92224,5.16415],[6.92224,5.16397],[6.92233,5.16397],[6.92233,5.16406],[6.92242,5.16406],[6.92242,5.16397],[6.92269,5.16397],[6.92269,5.16388],[6.92278,5.16388],[6.92278,5.16379],[6.92287,5.16379],[6.92287,5.1637],[6.92296,5.1637],[6.92296,5.16361],[6.92305,5.16361],[6.92305,5.1637],[6.92296,5.1637],[6.92296,5.16379],[6.92305,5.16379],[6.92305,5.16388],[6.92314,5.16388],[6.92314,5.16415],[6.92332,5.16415],[6.92332,5.16406],[6.92341,5.16406],[6.92341,5.16415],[6.92332,5.16415],[6.92332,5.16432],[6.9235,5.16432],[6.9235,5.16441],[6.92359,5.16441],[6.92359,5.16423],[6.92368,5.16423],[6.92368,5.16415],[6.92385,5.16415],[6.92385,5.16423],[6.92368,5.16423],[6.92368,5.16468],[6.92359,5.16468],[6.92359,5.16459],[6.92323,5.16459],[6.92323,5.1645],[6.92305,5.1645],[6.92305,5.16459],[6.92296,5.16459],[6.92296,5.1645],[6.92269,5.1645],[6.92269,5.16459],[6.92278,5.16459],[6.92278,5.16468],[6.92287,5.16468],[6.92287,5.16477],[6.92278,5.16477],[6.92278,5.16468],[6.92269,5.16468],[6.92269,5.16459],[6.9226,5.16459],[6.9226,5.1645],[6.92224,5.1645],[6.92224,5.16477],[6.92206,5.16477],[6.92206,5.16486],[6.92197,5.16486]],[[6.92305,5.16441],[6.92296,5.16441],[6.92296,5.16432],[6.92305,5.16432],[6.92305,5.16441]],[[6.92269,5.1645],[6.9226,5.1645],[6.9226,5.16441],[6.92269,5.16441],[6.92269,5.1645]],[[6.92215,5.16468],[6.92206,5.16468],[6.92206,5.16459],[6.92215,5.16459],[6.92215,5.16468]]]}},{"type":"Feature","properties":{},"geometry":{"geodesic":false,"type":"Polygon","coordinates":[[[6.92206,4.94819],[6.92206,4.9481],[6.92197,4.9481],[6.92197,4.94819],[6.92179,4.94819],[6.92179,4.9481],[6.92188,4.9481],[6.92188,4.94792],[6.92197,4.94792],[6.92197,4.94774],[6.92179,4.94774],[6.92179,4.94792],[6.9217,4.94792],[6.9217,4.94801],[6.92152,4.94801],[6.92152,4.9481],[6.92134,4.9481],[6.92134,4.94801],[6.92125,4.94801],[6.92125,4.94783],[6.92116,4.94783],[6.92116,4.94747],[6.92107,4.94747],[6.92107,4.94729],[6.92098,4.94729],[6.92098,4.9472],[6.92107,4.9472],[6.92107,4.94711],[6.92098,4.94711],[6.92098,4.94684],[6.92089,4.94684],[6.92089,4.94666],[6.92098,4.94666],[6.92098,4.94648],[6.92107,4.94648],[6.92107,4.94639],[6.92116,4.94639],[6.92116,4.94621],[6.92125,4.94621],[6.92125,4.9463],[6.92143,4.9463],[6.92143,4.94621],[6.92161,4.94621],[6.92161,4.94612],[6.92197,4.94612],[6.92197,4.94621],[6.92206,4.94621],[6.92206,4.9463],[6.92215,4.9463],[6.92215,4.94639],[6.92224,4.94639],[6.92224,4.9463],[6.92233,4.9463],[6.92233,4.94621],[6.92242,4.94621],[6.92242,4.9463],[6.92233,4.9463],[6.92233,4.94639],[6.92224,4.94639],[6.92224,4.94648],[6.92233,4.94648],[6.92233,4.94657],[6.92224,4.94657],[6.92224,4.94675],[6.92233,4.94675],[6.92233,4.94684],[6.92215,4.94684],[6.92215,4.94693],[6.92224,4.94693],[6.92224,4.94702],[6.92233,4.94702],[6.92233,4.9472],[6.92242,4.9472],[6.92242,4.94702],[6.92251,4.94702],[6.92251,4.94675],[6.9226,4.94675],[6.9226,4.94666],[6.92269,4.94666],[6.92269,4.94675],[6.92278,4.94675],[6.92278,4.94693],[6.92287,4.94693],[6.92287,4.94702],[6.92296,4.94702],[6.92296,4.94711],[6.92287,4.94711],[6.92287,4.94729],[6.92278,4.94729],[6.92278,4.94738],[6.92287,4.94738],[6.92287,4.94747],[6.92278,4.94747],[6.92278,4.94765],[6.92269,4.94765],[6.92269,4.94774],[6.9226,4.94774],[6.9226,4.94783],[6.92251,4.94783],[6.92251,4.94792],[6.92242,4.94792],[6.92242,4.94801],[6.92233,4.94801],[6.92233,4.94819],[6.92206,4.94819]],[[6.92215,4.9472],[6.92197,4.9472],[6.92197,4.94711],[6.92206,4.94711],[6.92206,4.94693],[6.92215,4.94693],[6.92215,4.94702],[6.92224,4.94702],[6.92224,4.94711],[6.92215,4.94711],[6.92215,4.9472]],[[6.92215,4.94747],[6.92206,4.94747],[6.92206,4.94729],[6.92215,4.94729],[6.92215,4.94747]],[[6.92215,4.94792],[6.92206,4.94792],[6.92206,4.94774],[6.92224,4.94774],[6.92224,4.94783],[6.92215,4.94783],[6.92215,4.94792]]]}},{"type":"Feature","properties":{},"geometry":{"geodesic":false,"type":"Polygon","coordinates":[[[6.92224,5.14905],[6.92224,5.14896],[6.92215,5.14896],[6.92215,5.14887],[6.92206,5.14887],[6.92206,5.14878],[6.92197,5.14878],[6.92197,5.14887],[6.92188,5.14887],[6.92188,5.14896],[6.92179,5.14896],[6.92179,5.14905],[6.9217,5.14905],[6.9217,5.14896],[6.92179,5.14896],[6.92179,5.14887],[6.9217,5.14887],[6.9217,5.14878],[6.92161,5.14878],[6.92161,5.1486],[6.92152,5.1486],[6.92152,5.14851],[6.92143,5.14851],[6.92143,5.1486],[6.92116,5.1486],[6.92116,5.14851],[6.92143,5.14851],[6.92143,5.14842],[6.92152,5.14842],[6.92152,5.14824],[6.92143,5.14824],[6.92143,5.14833],[6.92134,5.14833],[6.92134,5.14824],[6.92125,5.14824],[6.92125,5.14816],[6.92152,5.14816],[6.92152,5.14824],[6.92161,5.14824],[6.92161,5.14833],[6.92179,5.14833],[6.92179,5.14816],[6.92188,5.14816],[6.92188,5.14807],[6.92197,5.14807],[6.92197,5.14798],[6.92215,5.14798],[6.92215,5.14807],[6.92224,5.14807],[6.92224,5.14816],[6.92233,5.14816],[6.92233,5.14824],[6.92242,5.14824],[6.92242,5.14816],[6.92251,5.14816],[6.92251,5.14824],[6.9226,5.14824],[6.9226,5.14842],[6.92269,5.14842],[6.92269,5.1486],[6.92251,5.1486],[6.92251,5.14869],[6.92242,5.14869],[6.92242,5.1486],[6.92233,5.1486],[6.92233,5.14878],[6.92242,5.14878],[6.92242,5.14905],[6.92224,5.14905]],[[6.92197,5.14824],[6.92188,5.14824],[6.92188,5.14816],[6.92197,5.14816],[6.92197,5.14824]],[[6.92251,5.14833],[6.92242,5.14833],[6.92242,5.14824],[6.92251,5.14824],[6.92251,5.14833]],[[6.92188,5.14842],[6.92179,5.14842],[6.92179,5.14833],[6.92188,5.14833],[6.92188,5.14842]],[[6.92161,5.14851],[6.92152,5.14851],[6.92152,5.14842],[6.92161,5.14842],[6.92161,5.14851]],[[6.9217,5.1486],[6.92161,5.1486],[6.92161,5.14851],[6.9217,5.14851],[6.9217,5.1486]]]}},{"type":"Feature","properties":{},"geometry":{"geodesic":false,"type":"Polygon","coordinates":[[[6.92314,5.14124],[6.92314,5.14106],[6.92305,5.14106],[6.92305,5.14115],[6.92287,5.14115],[6.92287,5.14106],[6.92269,5.14106],[6.92269,5.14097],[6.92251,5.14097],[6.92251,5.14079],[6.9226,5.14079],[6.9226,5.14061],[6.92287,5.14061],[6.92287,5.14052],[6.92305,5.14052],[6.92305,5.14043],[6.92323,5.14043],[6.92323,5.14034],[6.92332,5.14034],[6.92332,5.14043],[6.92323,5.14043],[6.92323,5.14052],[6.9235,5.14052],[6.9235,5.1407],[6.92332,5.1407],[6.92332,5.14079],[6.92341,5.14079],[6.92341,5.14088],[6.92332,5.14088],[6.92332,5.14115],[6.92323,5.14115],[6.92323,5.14124],[6.92314,5.14124]],[[6.92332,5.1407],[6.92323,5.1407],[6.92323,5.14061],[6.92332,5.14061],[6.92332,5.1407]]]}},{"type":"Feature","properties":{},"geometry":{"geodesic":false,"type":"Polygon","coordinates":[[[6.92323,5.14807],[6.92323,5.14798],[6.92305,5.14798],[6.92305,5.1478],[6.92314,5.1478],[6.92314,5.14762],[6.92296,5.14762],[6.92296,5.14798],[6.92287,5.14798],[6.92287,5.1478],[6.92278,5.1478],[6.92278,5.14771],[6.92287,5.14771],[6.92287,5.14762],[6.92278,5.14762],[6.92278,5.14744],[6.92296,5.14744],[6.92296,5.14726],[6.92287,5.14726],[6.92287,5.14717],[6.92278,5.14717],[6.92278,5.14726],[6.92269,5.14726],[6.92269,5.14735],[6.92251,5.14735],[6.92251,5.14753],[6.92242,5.14753],[6.92242,5.14726],[6.92233,5.14726],[6.92233,5.14735],[6.92224,5.14735],[6.92224,5.14717],[6.92233,5.14717],[6.92233,5.14708],[6.92242,5.14708],[6.92242,5.14717],[6.9226,5.14717],[6.9226,5.1469],[6.92242,5.1469],[6.92242,5.14699],[6.92224,5.14699],[6.92224,5.14681],[6.92233,5.14681],[6.92233,5.14663],[6.92242,5.14663],[6.92242,5.14672],[6.92251,5.14672],[6.92251,5.14645],[6.92242,5.14645],[6.92242,5.14627],[6.92251,5.14627],[6.92251,5.14636],[6.92269,5.14636],[6.92269,5.14654],[6.92278,5.14654],[6.92278,5.14663],[6.92296,5.14663],[6.92296,5.14672],[6.92314,5.14672],[6.92314,5.14708],[6.92305,5.14708],[6.92305,5.14735],[6.92314,5.14735],[6.92314,5.14726],[6.92332,5.14726],[6.92332,5.14753],[6.92341,5.14753],[6.92341,5.14762],[6.9235,5.14762],[6.9235,5.1478],[6.92341,5.1478],[6.92341,5.14789],[6.92332,5.14789],[6.92332,5.14807],[6.92323,5.14807]],[[6.92269,5.14663],[6.9226,5.14663],[6.9226,5.14654],[6.92269,5.14654],[6.92269,5.14663]],[[6.92287,5.14699],[6.92269,5.14699],[6.92269,5.14681],[6.92278,5.14681],[6.92278,5.14672],[6.92287,5.14672],[6.92287,5.14699]],[[6.92269,5.14726],[6.9226,5.14726],[6.9226,5.14717],[6.92269,5.14717],[6.92269,5.14726]],[[6.92341,5.14771],[6.92332,5.14771],[6.92332,5.14762],[6.92341,5.14762],[6.92341,5.14771]]]}},{"type":"Feature","properties":{},"geometry":{"geodesic":false,"type":"Polygon","coordinates":[[[6.92332,5.08572],[6.92332,5.08563],[6.92323,5.08563],[6.92323,5.08545],[6.92314,5.08545],[6.92314,5.08536],[6.92323,5.08536],[6.92323,5.08482],[6.92341,5.08482],[6.92341,5.08473],[6.9235,5.08473],[6.9235,5.08482],[6.92359,5.08482],[6.92359,5.085],[6.92385,5.085],[6.92385,5.08509],[6.92394,5.08509],[6.92394,5.085],[6.92403,5.085],[6.92403,5.08473],[6.92421,5.08473],[6.92421,5.085],[6.9243,5.085],[6.9243,5.08509],[6.92421,5.08509],[6.92421,5.08527],[6.92412,5.08527],[6.92412,5.08536],[6.92394,5.08536],[6.92394,5.08527],[6.92385,5.08527],[6.92385,5.08554],[6.92377,5.08554],[6.92377,5.08563],[6.92359,5.08563],[6.92359,5.08572],[6.92332,5.08572]],[[6.92377,5.08545],[6.92368,5.08545],[6.92368,5.08536],[6.92377,5.08536],[6.92377,5.08545]]]}},{"type":"Feature","properties":{},"geometry":{"geodesic":false,"type":"Polygon","coordinates":[[[6.92359,5.16271],[6.92359,5.16262],[6.9235,5.16262],[6.9235,5.16253],[6.92341,5.16253],[6.92341,5.16244],[6.92323,5.16244],[6.92323,5.16253],[6.92314,5.16253],[6.92314,5.16262],[6.92305,5.16262],[6.92305,5.16271],[6.92296,5.16271],[6.92296,5.16244],[6.92287,5.16244],[6.92287,5.16235],[6.92296,5.16235],[6.92296,5.16226],[6.92287,5.16226],[6.92287,5.16217],[6.92278,5.16217],[6.92278,5.1619],[6.92269,5.1619],[6.92269,5.16163],[6.92314,5.16163],[6.92314,5.16181],[6.92323,5.16181],[6.92323,5.16172],[6.92341,5.16172],[6.92341,5.16163],[6.92359,5.16163],[6.92359,5.16172],[6.92368,5.16172],[6.92368,5.16163],[6.92377,5.16163],[6.92377,5.16172],[6.92385,5.16172],[6.92385,5.1619],[6.92412,5.1619],[6.92412,5.16181],[6.9243,5.16181],[6.9243,5.1619],[6.92439,5.1619],[6.92439,5.16199],[6.92421,5.16199],[6.92421,5.16208],[6.92403,5.16208],[6.92403,5.16217],[6.92385,5.16217],[6.92385,5.16226],[6.92368,5.16226],[6.92368,5.16244],[6.92377,5.16244],[6.92377,5.16253],[6.92359,5.16253],[6.92359,5.16262],[6.92368,5.16262],[6.92368,5.16271],[6.92359,5.16271]],[[6.92287,5.16181],[6.92278,5.16181],[6.92278,5.16172],[6.92287,5.16172],[6.92287,5.16181]],[[6.9235,5.16199],[6.92341,5.16199],[6.92341,5.1619],[6.9235,5.1619],[6.9235,5.16199]],[[6.92421,5.16199],[6.92412,5.16199],[6.92412,5.1619],[6.92421,5.1619],[6.92421,5.16199]],[[6.92368,5.16208],[6.9235,5.16208],[6.9235,5.16199],[6.92368,5.16199],[6.92368,5.16208]],[[6.92314,5.16217],[6.92305,5.16217],[6.92305,5.16208],[6.92314,5.16208],[6.92314,5.16217]],[[6.92341,5.16235],[6.92332,5.16235],[6.92332,5.16226],[6.92341,5.16226],[6.92341,5.16235]]]}},{"type":"Feature","properties":{},"geometry":{"geodesic":false,"type":"Polygon","coordinates":[[[6.92403,5.14708],[6.92403,5.1469],[6.92394,5.1469],[6.92394,5.14681],[6.92385,5.14681],[6.92385,5.14672],[6.92377,5.14672],[6.92377,5.1469],[6.92359,5.1469],[6.92359,5.14672],[6.92368,5.14672],[6.92368,5.14663],[6.92394,5.14663],[6.92394,5.14645],[6.92385,5.14645],[6.92385,5.14627],[6.92377,5.14627],[6.92377,5.14636],[6.92368,5.14636],[6.92368,5.14654],[6.92359,5.14654],[6.92359,5.14663],[6.9235,5.14663],[6.9235,5.14645],[6.92341,5.14645],[6.92341,5.14663],[6.92314,5.14663],[6.92314,5.14654],[6.92305,5.14654],[6.92305,5.14645],[6.92296,5.14645],[6.92296,5.14618],[6.92314,5.14618],[6.92314,5.14609],[6.92332,5.14609],[6.92332,5.14591],[6.92359,5.14591],[6.92359,5.14582],[6.92377,5.14582],[6.92377,5.14591],[6.92394,5.14591],[6.92394,5.14582],[6.92403,5.14582],[6.92403,5.14564],[6.92412,5.14564],[6.92412,5.14555],[6.92421,5.14555],[6.92421,5.14573],[6.92412,5.14573],[6.92412,5.14582],[6.92421,5.14582],[6.92421,5.14591],[6.9243,5.14591],[6.9243,5.14582],[6.92466,5.14582],[6.92466,5.14609],[6.92484,5.14609],[6.92484,5.14618],[6.92493,5.14618],[6.92493,5.14627],[6.92466,5.14627],[6.92466,5.14618],[6.92457,5.14618],[6.92457,5.14645],[6.92493,5.14645],[6.92493,5.14654],[6.92502,5.14654],[6.92502,5.14663],[6.92493,5.14663],[6.92493,5.14672],[6.92466,5.14672],[6.92466,5.14654],[6.92448,5.14654],[6.92448,5.14636],[6.9243,5.14636],[6.9243,5.14645],[6.92421,5.14645],[6.92421,5.14663],[6.92403,5.14663],[6.92403,5.14672],[6.92421,5.14672],[6.92421,5.14681],[6.92412,5.14681],[6.92412,5.14708],[6.92403,5.14708]],[[6.92368,5.146],[6.92359,5.146],[6.92359,5.14591],[6.92368,5.14591],[6.92368,5.146]],[[6.9243,5.14609],[6.92421,5.14609],[6.92421,5.146],[6.9243,5.146],[6.9243,5.14609]],[[6.92448,5.14627],[6.92439,5.14627],[6.92439,5.14618],[6.92448,5.14618],[6.92448,5.14627]],[[6.92332,5.14636],[6.92314,5.14636],[6.92314,5.14627],[6.92332,5.14627],[6.92332,5.14636]],[[6.92412,5.14636],[6.92403,5.14636],[6.92403,5.14618],[6.92412,5.14618],[6.92412,5.14636]],[[6.92412,5.14654],[6.92403,5.14654],[6.92403,5.14645],[6.92412,5.14645],[6.92412,5.14654]]]}},{"type":"Feature","properties":{},"geometry":{"geodesic":false,"type":"Polygon","coordinates":[[[6.92412,4.96625],[6.92412,4.96616],[6.92403,4.96616],[6.92403,4.96589],[6.92394,4.96589],[6.92394,4.9658],[6.92385,4.9658],[6.92385,4.96571],[6.92377,4.96571],[6.92377,4.96562],[6.92368,4.96562],[6.92368,4.96544],[6.92359,4.96544],[6.92359,4.96535],[6.9235,4.96535],[6.9235,4.96526],[6.92341,4.96526],[6.92341,4.96517],[6.92332,4.96517],[6.92332,4.96508],[6.92314,4.96508],[6.92314,4.96499],[6.92305,4.96499],[6.92305,4.96481],[6.92314,4.96481],[6.92314,4.96463],[6.92323,4.96463],[6.92323,4.96454],[6.92332,4.96454],[6.92332,4.96445],[6.9235,4.96445],[6.9235,4.96454],[6.92359,4.96454],[6.92359,4.96463],[6.92377,4.96463],[6.92377,4.96481],[6.92394,4.96481],[6.92394,4.9649],[6.92412,4.9649],[6.92412,4.96499],[6.92421,4.96499],[6.92421,4.96517],[6.9243,4.96517],[6.9243,4.96526],[6.92439,4.96526],[6.92439,4.96607],[6.9243,4.96607],[6.9243,4.96616],[6.92421,4.96616],[6.92421,4.96625],[6.92412,4.96625]]]}},{"type":"Feature","properties":{},"geometry":{"geodesic":false,"type":"Polygon","coordinates":[[[6.9243,5.1698],[6.9243,5.16971],[6.92421,5.16971],[6.92421,5.16953],[6.92439,5.16953],[6.92439,5.16945],[6.9243,5.16945],[6.9243,5.16936],[6.92439,5.16936],[6.92439,5.16918],[6.92448,5.16918],[6.92448,5.16909],[6.92439,5.16909],[6.92439,5.169],[6.9243,5.169],[6.9243,5.16891],[6.92421,5.16891],[6.92421,5.169],[6.92412,5.169],[6.92412,5.16891],[6.92421,5.16891],[6.92421,5.16882],[6.9243,5.16882],[6.9243,5.16864],[6.92439,5.16864],[6.92439,5.16846],[6.92475,5.16846],[6.92475,5.16855],[6.92484,5.16855],[6.92484,5.16846],[6.92493,5.16846],[6.92493,5.16855],[6.92502,5.16855],[6.92502,5.16873],[6.9252,5.16873],[6.9252,5.16891],[6.92529,5.16891],[6.92529,5.169],[6.92547,5.169],[6.92547,5.16936],[6.92538,5.16936],[6.92538,5.16945],[6.92547,5.16945],[6.92547,5.16962],[6.9252,5.16962],[6.9252,5.16953],[6.92511,5.16953],[6.92511,5.16945],[6.92502,5.16945],[6.92502,5.16953],[6.92493,5.16953],[6.92493,5.16945],[6.92475,5.16945],[6.92475,5.16953],[6.92448,5.16953],[6.92448,5.1698],[6.9243,5.1698]],[[6.92538,5.16953],[6.92529,5.16953],[6.92529,5.16945],[6.92538,5.16945],[6.92538,5.16953]]]}},{"type":"Feature","properties":{},"geometry":{"geodesic":false,"type":"Polygon","coordinates":[[[6.92502,4.99095],[6.92502,4.99086],[6.92439,4.99086],[6.92439,4.99077],[6.92421,4.99077],[6.92421,4.99086],[6.9243,4.99086],[6.9243,4.99095],[6.92421,4.99095],[6.92421,4.99086],[6.92412,4.99086],[6.92412,4.99077],[6.92403,4.99077],[6.92403,4.99086],[6.92385,4.99086],[6.92385,4.99068],[6.92377,4.99068],[6.92377,4.99041],[6.92368,4.99041],[6.92368,4.99023],[6.92377,4.99023],[6.92377,4.99014],[6.92359,4.99014],[6.92359,4.99005],[6.9235,4.99005],[6.9235,4.98996],[6.92359,4.98996],[6.92359,4.98987],[6.92368,4.98987],[6.92368,4.98978],[6.92359,4.98978],[6.92359,4.98969],[6.9235,4.98969],[6.9235,4.9896],[6.92341,4.9896],[6.92341,4.98933],[6.92332,4.98933],[6.92332,4.98924],[6.92341,4.98924],[6.92341,4.98906],[6.92332,4.98906],[6.92332,4.98897],[6.92341,4.98897],[6.92341,4.98906],[6.92368,4.98906],[6.92368,4.98915],[6.92377,4.98915],[6.92377,4.98906],[6.92385,4.98906],[6.92385,4.98915],[6.92403,4.98915],[6.92403,4.98897],[6.92421,4.98897],[6.92421,4.98879],[6.92448,4.98879],[6.92448,4.98861],[6.92466,4.98861],[6.92466,4.98852],[6.92475,4.98852],[6.92475,4.98843],[6.92484,4.98843],[6.92484,4.98852],[6.92493,4.98852],[6.92493,4.98843],[6.9252,4.98843],[6.9252,4.98861],[6.92529,4.98861],[6.92529,4.98888],[6.92538,4.98888],[6.92538,4.98879],[6.92547,4.98879],[6.92547,4.9887],[6.92556,4.9887],[6.92556,4.98861],[6.92547,4.98861],[6.92547,4.98843],[6.92538,4.98843],[6.92538,4.98825],[6.92547,4.98825],[6.92547,4.98817],[6.92538,4.98817],[6.92538,4.9879],[6.92547,4.9879],[6.92547,4.98763],[6.92601,4.98763],[6.92601,4.98745],[6.92619,4.98745],[6.92619,4.98754],[6.92628,4.98754],[6.92628,4.98745],[6.92637,4.98745],[6.92637,4.98754],[6.92664,4.98754],[6.92664,4.98745],[6.92673,4.98745],[6.92673,4.98754],[6.92691,4.98754],[6.92691,4.98763],[6.927,4.98763],[6.927,4.98772],[6.92709,4.98772],[6.92709,4.98763],[6.92718,4.98763],[6.92718,4.98754],[6.927,4.98754],[6.927,4.98745],[6.92709,4.98745],[6.92709,4.98727],[6.92718,4.98727],[6.92718,4.98718],[6.92736,4.98718],[6.92736,4.98727],[6.92745,4.98727],[6.92745,4.98736],[6.92772,4.98736],[6.92772,4.98727],[6.92799,4.98727],[6.92799,4.98736],[6.9279,4.98736],[6.9279,4.98745],[6.92799,4.98745],[6.92799,4.98754],[6.92808,4.98754],[6.92808,4.98745],[6.92817,4.98745],[6.92817,4.98736],[6.92844,4.98736],[6.92844,4.98727],[6.92853,4.98727],[6.92853,4.98745],[6.92862,4.98745],[6.92862,4.98781],[6.92871,4.98781],[6.92871,4.9879],[6.9288,4.9879],[6.9288,4.98772],[6.92871,4.98772],[6.92871,4.98763],[6.9288,4.98763],[6.9288,4.98745],[6.92889,4.98745],[6.92889,4.98754],[6.92898,4.98754],[6.92898,4.98772],[6.92907,4.98772],[6.92907,4.98763],[6.92915,4.98763],[6.92915,4.98772],[6.92924,4.98772],[6.92924,4.98781],[6.92933,4.98781],[6.92933,4.98763],[6.92924,4.98763],[6.92924,4.98754],[6.92907,4.98754],[6.92907,4.98745],[6.92898,4.98745],[6.92898,4.98736],[6.92889,4.98736],[6.92889,4.98718],[6.92907,4.98718],[6.92907,4.98709],[6.92898,4.98709],[6.92898,4.987],[6.92907,4.987],[6.92907,4.98709],[6.92933,4.98709],[6.92933,4.987],[6.92942,4.987],[6.92942,4.98709],[6.9296,4.98709],[6.9296,4.98682],[6.92978,4.98682],[6.92978,4.98691],[6.92987,4.98691],[6.92987,4.98682],[6.93014,4.98682],[6.93014,4.98691],[6.93023,4.98691],[6.93023,4.98718],[6.93032,4.98718],[6.93032,4.98727],[6.93005,4.98727],[6.93005,4.98736],[6.92978,4.98736],[6.92978,4.98754],[6.92987,4.98754],[6.92987,4.98763],[6.92996,4.98763],[6.92996,4.98772],[6.93005,4.98772],[6.93005,4.98763],[6.93014,4.98763],[6.93014,4.98781],[6.93023,4.98781],[6.93023,4.98808],[6.93014,4.98808],[6.93014,4.98817],[6.93032,4.98817],[6.93032,4.98808],[6.9305,4.98808],[6.9305,4.98799],[6.93041,4.98799],[6.93041,4.9879],[6.9305,4.9879],[6.9305,4.98781],[6.93068,4.98781],[6.93068,4.9879],[6.93059,4.9879],[6.93059,4.98799],[6.93077,4.98799],[6.93077,4.9879],[6.93086,4.9879],[6.93086,4.98781],[6.93113,4.98781],[6.93113,4.98772],[6.93131,4.98772],[6.93131,4.98763],[6.93158,4.98763],[6.93158,4.98736],[6.93149,4.98736],[6.93149,4.98727],[6.93167,4.98727],[6.93167,4.98718],[6.93221,4.98718],[6.93221,4.98709],[6.9323,4.98709],[6.9323,4.98727],[6.93239,4.98727],[6.93239,4.98736],[6.93266,4.98736],[6.93266,4.98727],[6.93284,4.98727],[6.93284,4.98736],[6.9332,4.98736],[6.9332,4.98727],[6.93338,4.98727],[6.93338,4.98736],[6.93365,4.98736],[6.93365,4.98727],[6.93347,4.98727],[6.93347,4.98718],[6.93338,4.98718],[6.93338,4.98709],[6.93347,4.98709],[6.93347,4.98718],[6.93365,4.98718],[6.93365,4.98727],[6.93374,4.98727],[6.93374,4.98718],[6.93392,4.98718],[6.93392,4.98727],[6.93401,4.98727],[6.93401,4.98745],[6.93428,4.98745],[6.93428,4.98763],[6.93437,4.98763],[6.93437,4.98781],[6.93428,4.98781],[6.93428,4.9879],[6.93446,4.9879],[6.93446,4.98799],[6.93454,4.98799],[6.93454,4.98808],[6.93463,4.98808],[6.93463,4.98843],[6.93454,4.98843],[6.93454,4.98852],[6.93446,4.98852],[6.93446,4.98861],[6.93428,4.98861],[6.93428,4.9887],[6.93419,4.9887],[6.93419,4.98879],[6.9341,4.98879],[6.9341,4.98888],[6.93392,4.98888],[6.93392,4.98906],[6.93383,4.98906],[6.93383,4.98915],[6.93374,4.98915],[6.93374,4.98933],[6.93365,4.98933],[6.93365,4.98942],[6.93356,4.98942],[6.93356,4.98951],[6.93347,4.98951],[6.93347,4.9896],[6.93338,4.9896],[6.93338,4.98951],[6.93329,4.98951],[6.93329,4.98942],[6.9332,4.98942],[6.9332,4.9896],[6.93302,4.9896],[6.93302,4.98969],[6.93293,4.98969],[6.93293,4.98978],[6.93275,4.98978],[6.93275,4.98987],[6.93284,4.98987],[6.93284,4.98996],[6.93293,4.98996],[6.93293,4.99005],[6.93284,4.99005],[6.93284,4.99023],[6.93293,4.99023],[6.93293,4.99032],[6.93284,4.99032],[6.93284,4.99023],[6.93248,4.99023],[6.93248,4.99032],[6.93239,4.99032],[6.93239,4.99023],[6.93221,4.99023],[6.93221,4.99014],[6.93212,4.99014],[6.93212,4.99023],[6.93203,4.99023],[6.93203,4.9905],[6.93194,4.9905],[6.93194,4.99059],[6.93185,4.99059],[6.93185,4.9905],[6.93176,4.9905],[6.93176,4.99068],[6.93131,4.99068],[6.93131,4.99077],[6.93122,4.99077],[6.93122,4.99086],[6.93113,4.99086],[6.93113,4.99077],[6.93104,4.99077],[6.93104,4.99068],[6.93068,4.99068],[6.93068,4.99059],[6.9305,4.99059],[6.9305,4.99068],[6.93059,4.99068],[6.93059,4.99077],[6.9305,4.99077],[6.9305,4.99068],[6.93041,4.99068],[6.93041,4.99077],[6.93032,4.99077],[6.93032,4.99068],[6.93041,4.99068],[6.93041,4.99059],[6.9305,4.99059],[6.9305,4.9905],[6.93032,4.9905],[6.93032,4.99041],[6.93023,4.99041],[6.93023,4.9905],[6.93014,4.9905],[6.93014,4.99041],[6.93023,4.99041],[6.93023,4.99032],[6.93005,4.99032],[6.93005,4.99014],[6.92996,4.99014],[6.92996,4.98996],[6.93014,4.98996],[6.93014,4.99005],[6.93023,4.99005],[6.93023,4.98987],[6.93032,4.98987],[6.93032,4.98969],[6.93041,4.98969],[6.93041,4.9896],[6.93032,4.9896],[6.93032,4.98951],[6.93041,4.98951],[6.93041,4.9896],[6.93059,4.9896],[6.93059,4.98951],[6.9305,4.98951],[6.9305,4.98942],[6.93041,4.98942],[6.93041,4.98933],[6.93032,4.98933],[6.93032,4.98915],[6.93041,4.98915],[6.93041,4.98897],[6.93032,4.98897],[6.93032,4.98888],[6.93023,4.98888],[6.93023,4.98879],[6.93014,4.98879],[6.93014,4.9887],[6.92996,4.9887],[6.92996,4.98843],[6.92987,4.98843],[6.92987,4.98861],[6.92978,4.98861],[6.92978,4.98852],[6.92933,4.98852],[6.92933,4.98861],[6.92924,4.98861],[6.92924,4.9887],[6.92907,4.9887],[6.92907,4.98861],[6.9288,4.98861],[6.9288,4.98879],[6.92889,4.98879],[6.92889,4.9887],[6.92898,4.9887],[6.92898,4.98888],[6.92907,4.98888],[6.92907,4.98897],[6.92915,4.98897],[6.92915,4.98906],[6.92933,4.98906],[6.92933,4.98915],[6.92951,4.98915],[6.92951,4.98942],[6.92942,4.98942],[6.92942,4.98951],[6.9296,4.98951],[6.9296,4.98978],[6.92951,4.98978],[6.92951,4.98996],[6.92942,4.98996],[6.92942,4.99014],[6.92951,4.99014],[6.92951,4.99023],[6.92942,4.99023],[6.92942,4.99032],[6.92933,4.99032],[6.92933,4.99023],[6.92924,4.99023],[6.92924,4.99032],[6.92915,4.99032],[6.92915,4.99041],[6.92889,4.99041],[6.92889,4.9905],[6.92871,4.9905],[6.92871,4.99041],[6.92853,4.99041],[6.92853,4.9905],[6.92835,4.9905],[6.92835,4.99059],[6.92853,4.99059],[6.92853,4.99068],[6.92844,4.99068],[6.92844,4.99077],[6.92826,4.99077],[6.92826,4.99068],[6.92817,4.99068],[6.92817,4.99059],[6.92826,4.99059],[6.92826,4.9905],[6.92808,4.9905],[6.92808,4.99068],[6.92799,4.99068],[6.92799,4.99059],[6.92754,4.99059],[6.92754,4.99068],[6.92745,4.99068],[6.92745,4.99059],[6.92736,4.99059],[6.92736,4.9905],[6.92727,4.9905],[6.92727,4.99059],[6.92718,4.99059],[6.92718,4.99041],[6.92709,4.99041],[6.92709,4.99032],[6.92637,4.99032],[6.92637,4.99041],[6.92574,4.99041],[6.92574,4.9905],[6.92556,4.9905],[6.92556,4.99059],[6.92547,4.99059],[6.92547,4.99068],[6.92538,4.99068],[6.92538,4.99086],[6.92511,4.99086],[6.92511,4.99095],[6.92502,4.99095]],[[6.92682,4.98772],[6.92673,4.98772],[6.92673,4.98763],[6.92682,4.98763],[6.92682,4.98772]],[[6.92799,4.98772],[6.9279,4.98772],[6.9279,4.98763],[6.92781,4.98763],[6.92781,4.98754],[6.92799,4.98754],[6.92799,4.98772]],[[6.92969,4.98718],[6.9296,4.98718],[6.9296,4.98709],[6.92969,4.98709],[6.92969,4.98718]],[[6.9296,4.98781],[6.92951,4.98781],[6.92951,4.98772],[6.9296,4.98772],[6.9296,4.98781]],[[6.92772,4.9879],[6.92763,4.9879],[6.92763,4.98781],[6.92772,4.98781],[6.92772,4.9879]],[[6.92799,4.98799],[6.92772,4.98799],[6.92772,4.9879],[6.9279,4.9879],[6.9279,4.98781],[6.92799,4.98781],[6.92799,4.98799]],[[6.92736,4.98808],[6.92718,4.98808],[6.92718,4.98781],[6.92727,4.98781],[6.92727,4.9879],[6.92736,4.9879],[6.92736,4.98808]],[[6.92718,4.98817],[6.92709,4.98817],[6.92709,4.98808],[6.92718,4.98808],[6.92718,4.98817]],[[6.92889,4.98817],[6.9288,4.98817],[6.9288,4.98808],[6.92889,4.98808],[6.92889,4.98817]],[[6.92826,4.98825],[6.92817,4.98825],[6.92817,4.9879],[6.92826,4.9879],[6.92826,4.98799],[6.92835,4.98799],[6.92835,4.98808],[6.92844,4.98808],[6.92844,4.98817],[6.92826,4.98817],[6.92826,4.98825]],[[6.92745,4.98834],[6.92736,4.98834],[6.92736,4.98825],[6.92745,4.98825],[6.92745,4.98834]],[[6.92772,4.98834],[6.92754,4.98834],[6.92754,4.98825],[6.92763,4.98825],[6.92763,4.98817],[6.92772,4.98817],[6.92772,4.98808],[6.92781,4.98808],[6.92781,4.98825],[6.92772,4.98825],[6.92772,4.98834]],[[6.93023,4.98834],[6.93014,4.98834],[6.93014,4.98825],[6.93023,4.98825],[6.93023,4.98834]],[[6.92817,4.98843],[6.92781,4.98843],[6.92781,4.98825],[6.92799,4.98825],[6.92799,4.98834],[6.92817,4.98834],[6.92817,4.98843]],[[6.93446,4.98843],[6.93437,4.98843],[6.93437,4.98834],[6.93446,4.98834],[6.93446,4.98843]],[[6.92574,4.98852],[6.92565,4.98852],[6.92565,4.98843],[6.92556,4.98843],[6.92556,4.98834],[6.92547,4.98834],[6.92547,4.98825],[6.92565,4.98825],[6.92565,4.98817],[6.92556,4.98817],[6.92556,4.98808],[6.92565,4.98808],[6.92565,4.98799],[6.92574,4.98799],[6.92574,4.98808],[6.92583,4.98808],[6.92583,4.98834],[6.92574,4.98834],[6.92574,4.98852]],[[6.9288,4.98852],[6.92871,4.98852],[6.92871,4.98843],[6.92862,4.98843],[6.92862,4.98834],[6.92871,4.98834],[6.92871,4.98825],[6.9288,4.98825],[6.9288,4.98834],[6.92889,4.98834],[6.92889,4.98843],[6.9288,4.98843],[6.9288,4.98852]],[[6.92763,4.98861],[6.92745,4.98861],[6.92745,4.98852],[6.92763,4.98852],[6.92763,4.98861]],[[6.92826,4.98861],[6.92817,4.98861],[6.92817,4.98852],[6.92826,4.98852],[6.92826,4.98861]],[[6.92763,4.98879],[6.92754,4.98879],[6.92754,4.9887],[6.92763,4.9887],[6.92763,4.98879]],[[6.92781,4.98879],[6.92772,4.98879],[6.92772,4.98861],[6.9279,4.98861],[6.9279,4.9887],[6.92781,4.9887],[6.92781,4.98879]],[[6.92448,4.98897],[6.92439,4.98897],[6.92439,4.98888],[6.92448,4.98888],[6.92448,4.98897]],[[6.92475,4.98906],[6.92466,4.98906],[6.92466,4.98897],[6.92457,4.98897],[6.92457,4.98879],[6.92475,4.98879],[6.92475,4.98906]],[[6.92466,4.98915],[6.92457,4.98915],[6.92457,4.98906],[6.92466,4.98906],[6.92466,4.98915]],[[6.93095,4.98924],[6.93086,4.98924],[6.93086,4.98915],[6.93068,4.98915],[6.93068,4.98906],[6.93077,4.98906],[6.93077,4.98897],[6.93086,4.98897],[6.93086,4.98906],[6.93095,4.98906],[6.93095,4.98924]],[[6.93059,4.98933],[6.9305,4.98933],[6.9305,4.98915],[6.93059,4.98915],[6.93059,4.98933]],[[6.93086,4.98933],[6.93068,4.98933],[6.93068,4.98924],[6.93086,4.98924],[6.93086,4.98933]],[[6.93077,4.9896],[6.93068,4.9896],[6.93068,4.98951],[6.93077,4.98951],[6.93077,4.9896]],[[6.93194,4.99032],[6.93185,4.99032],[6.93185,4.99014],[6.93203,4.99014],[6.93203,4.99023],[6.93194,4.99023],[6.93194,4.99032]],[[6.93149,4.99059],[6.9314,4.99059],[6.9314,4.99041],[6.93158,4.99041],[6.93158,4.9905],[6.93149,4.9905],[6.93149,4.99059]]]}},{"type":"Feature","properties":{},"geometry":{"geodesic":false,"type":"Polygon","coordinates":[[[6.92529,5.16298],[6.92529,5.16289],[6.92511,5.16289],[6.92511,5.16298],[6.92502,5.16298],[6.92502,5.16289],[6.92493,5.16289],[6.92493,5.16262],[6.92502,5.16262],[6.92502,5.16253],[6.92493,5.16253],[6.92493,5.16244],[6.92484,5.16244],[6.92484,5.16235],[6.92493,5.16235],[6.92493,5.16208],[6.92502,5.16208],[6.92502,5.16199],[6.92493,5.16199],[6.92493,5.1619],[6.92484,5.1619],[6.92484,5.16181],[6.92475,5.16181],[6.92475,5.16172],[6.92466,5.16172],[6.92466,5.16163],[6.92484,5.16163],[6.92484,5.16154],[6.92493,5.16154],[6.92493,5.16145],[6.9252,5.16145],[6.9252,5.16181],[6.92511,5.16181],[6.92511,5.1619],[6.9252,5.1619],[6.9252,5.16199],[6.92511,5.16199],[6.92511,5.16208],[6.9252,5.16208],[6.9252,5.16217],[6.92529,5.16217],[6.92529,5.16226],[6.9252,5.16226],[6.9252,5.16235],[6.92538,5.16235],[6.92538,5.16253],[6.92529,5.16253],[6.92529,5.16262],[6.92538,5.16262],[6.92538,5.16271],[6.92556,5.16271],[6.92556,5.16262],[6.92565,5.16262],[6.92565,5.1628],[6.92556,5.1628],[6.92556,5.16289],[6.92547,5.16289],[6.92547,5.16298],[6.92529,5.16298]],[[6.92511,5.16217],[6.92502,5.16217],[6.92502,5.16208],[6.92511,5.16208],[6.92511,5.16217]],[[6.92511,5.16235],[6.92502,5.16235],[6.92502,5.16226],[6.92511,5.16226],[6.92511,5.16235]],[[6.92511,5.16271],[6.92502,5.16271],[6.92502,5.16262],[6.92511,5.16262],[6.92511,5.16271]]]}},{"type":"Feature","properties":{},"geometry":{"geodesic":false,"type":"Polygon","coordinates":[[[6.92556,5.16549],[6.92556,5.1654],[6.92547,5.1654],[6.92547,5.16549],[6.92538,5.16549],[6.92538,5.1654],[6.92529,5.1654],[6.92529,5.16531],[6.92538,5.16531],[6.92538,5.1654],[6.92547,5.1654],[6.92547,5.16531],[6.92556,5.16531],[6.92556,5.16504],[6.92547,5.16504],[6.92547,5.16513],[6.92538,5.16513],[6.92538,5.16504],[6.92529,5.16504],[6.92529,5.16513],[6.9252,5.16513],[6.9252,5.16522],[6.92511,5.16522],[6.92511,5.16504],[6.92502,5.16504],[6.92502,5.16495],[6.92511,5.16495],[6.92511,5.16477],[6.92466,5.16477],[6.92466,5.16486],[6.92448,5.16486],[6.92448,5.16468],[6.92457,5.16468],[6.92457,5.16441],[6.92466,5.16441],[6.92466,5.16423],[6.92448,5.16423],[6.92448,5.16415],[6.92457,5.16415],[6.92457,5.16406],[6.92466,5.16406],[6.92466,5.16397],[6.92475,5.16397],[6.92475,5.16406],[6.92493,5.16406],[6.92493,5.16423],[6.92502,5.16423],[6.92502,5.16432],[6.92493,5.16432],[6.92493,5.16441],[6.92502,5.16441],[6.92502,5.1645],[6.92511,5.1645],[6.92511,5.16441],[6.9252,5.16441],[6.9252,5.16432],[6.92547,5.16432],[6.92547,5.16441],[6.92538,5.16441],[6.92538,5.1645],[6.92547,5.1645],[6.92547,5.16459],[6.92583,5.16459],[6.92583,5.1645],[6.92592,5.1645],[6.92592,5.16459],[6.92583,5.16459],[6.92583,5.16495],[6.92574,5.16495],[6.92574,5.16513],[6.92565,5.16513],[6.92565,5.16531],[6.92574,5.16531],[6.92574,5.16522],[6.92583,5.16522],[6.92583,5.16531],[6.92592,5.16531],[6.92592,5.1654],[6.92583,5.1654],[6.92583,5.16549],[6.92556,5.16549]],[[6.92529,5.16459],[6.9252,5.16459],[6.9252,5.16441],[6.92529,5.16441],[6.92529,5.16459]],[[6.92547,5.16477],[6.92538,5.16477],[6.92538,5.16459],[6.92547,5.16459],[6.92547,5.16477]],[[6.92565,5.16486],[6.92556,5.16486],[6.92556,5.16468],[6.92574,5.16468],[6.92574,5.16477],[6.92565,5.16477],[6.92565,5.16486]]]}},{"type":"Feature","properties":{},"geometry":{"geodesic":false,"type":"Polygon","coordinates":[[[6.92691,5.18319],[6.92691,5.18301],[6.927,5.18301],[6.927,5.18292],[6.92682,5.18292],[6.92682,5.18301],[6.92655,5.18301],[6.92655,5.1831],[6.92646,5.1831],[6.92646,5.18283],[6.92637,5.18283],[6.92637,5.18274],[6.9261,5.18274],[6.9261,5.18238],[6.92637,5.18238],[6.92637,5.18229],[6.92664,5.18229],[6.92664,5.18238],[6.92691,5.18238],[6.92691,5.18211],[6.92655,5.18211],[6.92655,5.1822],[6.92646,5.1822],[6.92646,5.18211],[6.92655,5.18211],[6.92655,5.18202],[6.92682,5.18202],[6.92682,5.18193],[6.92691,5.18193],[6.92691,5.18184],[6.92682,5.18184],[6.92682,5.18175],[6.927,5.18175],[6.927,5.18184],[6.92727,5.18184],[6.92727,5.18202],[6.92736,5.18202],[6.92736,5.18211],[6.92727,5.18211],[6.92727,5.18229],[6.92718,5.18229],[6.92718,5.18238],[6.92709,5.18238],[6.92709,5.18265],[6.927,5.18265],[6.927,5.18274],[6.92709,5.18274],[6.92709,5.1831],[6.927,5.1831],[6.927,5.18319],[6.92691,5.18319]],[[6.927,5.18202],[6.92691,5.18202],[6.92691,5.18193],[6.927,5.18193],[6.927,5.18202]],[[6.92718,5.18229],[6.92709,5.18229],[6.92709,5.1822],[6.92718,5.1822],[6.92718,5.18229]]]}},{"type":"Feature","properties":{},"geometry":{"geodesic":false,"type":"Polygon","coordinates":[[[6.92691,5.1495],[6.92691,5.14941],[6.92682,5.14941],[6.92682,5.14932],[6.92691,5.14932],[6.92691,5.14923],[6.92682,5.14923],[6.92682,5.14914],[6.92673,5.14914],[6.92673,5.14905],[6.92664,5.14905],[6.92664,5.14914],[6.92655,5.14914],[6.92655,5.14923],[6.92664,5.14923],[6.92664,5.14932],[6.92619,5.14932],[6.92619,5.14905],[6.92628,5.14905],[6.92628,5.14896],[6.92637,5.14896],[6.92637,5.14887],[6.92655,5.14887],[6.92655,5.1486],[6.92664,5.1486],[6.92664,5.14851],[6.92673,5.14851],[6.92673,5.1486],[6.92682,5.1486],[6.92682,5.14851],[6.92709,5.14851],[6.92709,5.14842],[6.92718,5.14842],[6.92718,5.14851],[6.92709,5.14851],[6.92709,5.1486],[6.927,5.1486],[6.927,5.14869],[6.92691,5.14869],[6.92691,5.1486],[6.92682,5.1486],[6.92682,5.14887],[6.92709,5.14887],[6.92709,5.14869],[6.92718,5.14869],[6.92718,5.14878],[6.92727,5.14878],[6.92727,5.14887],[6.92718,5.14887],[6.92718,5.14905],[6.927,5.14905],[6.927,5.14932],[6.92709,5.14932],[6.92709,5.1495],[6.92691,5.1495]],[[6.92673,5.14896],[6.92664,5.14896],[6.92664,5.14887],[6.92673,5.14887],[6.92673,5.14896]],[[6.92691,5.14914],[6.92682,5.14914],[6.92682,5.14905],[6.92691,5.14905],[6.92691,5.14914]]]}},{"type":"Feature","properties":{},"geometry":{"geodesic":false,"type":"Polygon","coordinates":[[[6.92691,5.1743],[6.92691,5.17412],[6.927,5.17412],[6.927,5.17403],[6.92673,5.17403],[6.92673,5.17412],[6.92682,5.17412],[6.92682,5.17421],[6.92673,5.17421],[6.92673,5.1743],[6.92664,5.1743],[6.92664,5.17421],[6.92655,5.17421],[6.92655,5.17412],[6.92646,5.17412],[6.92646,5.17421],[6.92637,5.17421],[6.92637,5.1743],[6.92628,5.1743],[6.92628,5.17421],[6.92637,5.17421],[6.92637,5.17412],[6.92646,5.17412],[6.92646,5.17403],[6.92655,5.17403],[6.92655,5.17394],[6.92664,5.17394],[6.92664,5.17376],[6.92691,5.17376],[6.92691,5.17349],[6.92673,5.17349],[6.92673,5.17358],[6.92664,5.17358],[6.92664,5.17367],[6.92655,5.17367],[6.92655,5.17385],[6.92646,5.17385],[6.92646,5.17349],[6.92664,5.17349],[6.92664,5.17331],[6.92673,5.17331],[6.92673,5.17313],[6.92637,5.17313],[6.92637,5.17304],[6.92646,5.17304],[6.92646,5.17295],[6.92655,5.17295],[6.92655,5.17268],[6.92673,5.17268],[6.92673,5.17277],[6.92691,5.17277],[6.92691,5.17295],[6.92718,5.17295],[6.92718,5.17286],[6.92727,5.17286],[6.92727,5.17295],[6.92736,5.17295],[6.92736,5.17286],[6.92745,5.17286],[6.92745,5.17295],[6.92736,5.17295],[6.92736,5.17304],[6.92745,5.17304],[6.92745,5.17322],[6.92754,5.17322],[6.92754,5.17331],[6.92727,5.17331],[6.92727,5.17322],[6.92691,5.17322],[6.92691,5.17331],[6.92682,5.17331],[6.92682,5.1734],[6.927,5.1734],[6.927,5.17358],[6.92709,5.17358],[6.92709,5.17376],[6.92691,5.17376],[6.92691,5.17385],[6.927,5.17385],[6.927,5.17394],[6.92709,5.17394],[6.92709,5.17403],[6.92736,5.17403],[6.92736,5.17394],[6.92727,5.17394],[6.92727,5.17367],[6.92754,5.17367],[6.92754,5.17376],[6.92763,5.17376],[6.92763,5.17358],[6.92781,5.17358],[6.92781,5.17367],[6.9279,5.17367],[6.9279,5.17376],[6.92781,5.17376],[6.92781,5.17394],[6.92772,5.17394],[6.92772,5.17376],[6.92763,5.17376],[6.92763,5.17385],[6.92754,5.17385],[6.92754,5.17394],[6.92763,5.17394],[6.92763,5.17403],[6.92772,5.17403],[6.92772,5.17421],[6.92754,5.17421],[6.92754,5.17412],[6.92727,5.17412],[6.92727,5.17421],[6.92718,5.17421],[6.92718,5.1743],[6.92691,5.1743]],[[6.92754,5.17385],[6.92736,5.17385],[6.92736,5.17376],[6.92754,5.17376],[6.92754,5.17385]]]}},{"type":"Feature","properties":{},"geometry":{"geodesic":false,"type":"Polygon","coordinates":[[[6.92727,5.12309],[6.92727,5.12282],[6.92691,5.12282],[6.92691,5.12291],[6.92664,5.12291],[6.92664,5.12282],[6.92673,5.12282],[6.92673,5.12273],[6.92664,5.12273],[6.92664,5.12246],[6.92691,5.12246],[6.92691,5.12255],[6.92709,5.12255],[6.92709,5.12273],[6.92718,5.12273],[6.92718,5.12264],[6.92727,5.12264],[6.92727,5.12255],[6.92745,5.12255],[6.92745,5.12237],[6.92754,5.12237],[6.92754,5.12228],[6.92745,5.12228],[6.92745,5.12192],[6.92763,5.12192],[6.92763,5.12174],[6.92781,5.12174],[6.92781,5.12156],[6.9279,5.12156],[6.9279,5.12183],[6.92799,5.12183],[6.92799,5.12174],[6.92835,5.12174],[6.92835,5.12183],[6.92844,5.12183],[6.92844,5.12192],[6.92835,5.12192],[6.92835,5.12183],[6.92808,5.12183],[6.92808,5.12201],[6.92817,5.12201],[6.92817,5.12246],[6.92799,5.12246],[6.92799,5.12228],[6.9279,5.12228],[6.9279,5.12246],[6.92781,5.12246],[6.92781,5.12255],[6.92808,5.12255],[6.92808,5.12282],[6.9279,5.12282],[6.9279,5.12273],[6.92781,5.12273],[6.92781,5.12264],[6.92772,5.12264],[6.92772,5.12273],[6.92763,5.12273],[6.92763,5.12282],[6.92754,5.12282],[6.92754,5.12291],[6.92745,5.12291],[6.92745,5.123],[6.92736,5.123],[6.92736,5.12309],[6.92727,5.12309]],[[6.9279,5.12219],[6.92772,5.12219],[6.92772,5.12201],[6.92808,5.12201],[6.92808,5.1221],[6.9279,5.1221],[6.9279,5.12219]]]}},{"type":"Feature","properties":{},"geometry":{"geodesic":false,"type":"Polygon","coordinates":[[[6.92745,5.14789],[6.92745,5.14762],[6.92736,5.14762],[6.92736,5.14735],[6.92745,5.14735],[6.92745,5.14717],[6.92754,5.14717],[6.92754,5.14699],[6.92736,5.14699],[6.92736,5.14708],[6.92727,5.14708],[6.92727,5.14699],[6.92718,5.14699],[6.92718,5.14708],[6.92709,5.14708],[6.92709,5.14699],[6.92718,5.14699],[6.92718,5.1469],[6.92736,5.1469],[6.92736,5.14681],[6.92745,5.14681],[6.92745,5.14672],[6.92754,5.14672],[6.92754,5.14681],[6.92763,5.14681],[6.92763,5.14699],[6.92772,5.14699],[6.92772,5.14708],[6.92763,5.14708],[6.92763,5.14717],[6.92781,5.14717],[6.92781,5.14726],[6.92799,5.14726],[6.92799,5.14708],[6.9279,5.14708],[6.9279,5.14699],[6.92799,5.14699],[6.92799,5.1469],[6.92817,5.1469],[6.92817,5.14699],[6.92826,5.14699],[6.92826,5.14708],[6.92817,5.14708],[6.92817,5.14717],[6.92826,5.14717],[6.92826,5.14735],[6.92835,5.14735],[6.92835,5.14744],[6.92826,5.14744],[6.92826,5.14753],[6.92835,5.14753],[6.92835,5.14762],[6.92817,5.14762],[6.92817,5.14771],[6.92799,5.14771],[6.92799,5.14753],[6.92808,5.14753],[6.92808,5.14744],[6.92799,5.14744],[6.92799,5.14735],[6.9279,5.14735],[6.9279,5.14771],[6.92772,5.14771],[6.92772,5.14762],[6.92763,5.14762],[6.92763,5.14771],[6.92754,5.14771],[6.92754,5.14789],[6.92745,5.14789]],[[6.92754,5.14744],[6.92745,5.14744],[6.92745,5.14735],[6.92754,5.14735],[6.92754,5.14744]],[[6.92772,5.14753],[6.92763,5.14753],[6.92763,5.14744],[6.92772,5.14744],[6.92772,5.14753]]]}},{"type":"Feature","properties":{},"geometry":{"geodesic":false,"type":"Polygon","coordinates":[[[6.92763,5.17915],[6.92763,5.17906],[6.92727,5.17906],[6.92727,5.17915],[6.927,5.17915],[6.927,5.17906],[6.92691,5.17906],[6.92691,5.17879],[6.92682,5.17879],[6.92682,5.17897],[6.92673,5.17897],[6.92673,5.17879],[6.92664,5.17879],[6.92664,5.1787],[6.92655,5.1787],[6.92655,5.17852],[6.92664,5.17852],[6.92664,5.17843],[6.92655,5.17843],[6.92655,5.17825],[6.92673,5.17825],[6.92673,5.17816],[6.92682,5.17816],[6.92682,5.17807],[6.92691,5.17807],[6.92691,5.17834],[6.927,5.17834],[6.927,5.17843],[6.92718,5.17843],[6.92718,5.17834],[6.92736,5.17834],[6.92736,5.17825],[6.92745,5.17825],[6.92745,5.17843],[6.92754,5.17843],[6.92754,5.17825],[6.92772,5.17825],[6.92772,5.17843],[6.9279,5.17843],[6.9279,5.17852],[6.92799,5.17852],[6.92799,5.17861],[6.9279,5.17861],[6.9279,5.1787],[6.92781,5.1787],[6.92781,5.17888],[6.9279,5.17888],[6.9279,5.17897],[6.92781,5.17897],[6.92781,5.17915],[6.92763,5.17915]],[[6.92763,5.17879],[6.92745,5.17879],[6.92745,5.17852],[6.92754,5.17852],[6.92754,5.17861],[6.92763,5.17861],[6.92763,5.17879]],[[6.92727,5.17888],[6.92718,5.17888],[6.92718,5.1787],[6.92709,5.1787],[6.92709,5.17861],[6.92718,5.17861],[6.92718,5.17852],[6.92727,5.17852],[6.92727,5.17843],[6.92736,5.17843],[6.92736,5.17879],[6.92727,5.17879],[6.92727,5.17888]],[[6.92745,5.17888],[6.92736,5.17888],[6.92736,5.17879],[6.92745,5.17879],[6.92745,5.17888]],[[6.92754,5.17897],[6.92745,5.17897],[6.92745,5.17888],[6.92754,5.17888],[6.92754,5.17897]],[[6.92709,5.17906],[6.927,5.17906],[6.927,5.17897],[6.92709,5.17897],[6.92709,5.17906]]]}},{"type":"Feature","properties":{},"geometry":{"geodesic":false,"type":"Polygon","coordinates":[[[6.92853,5.17268],[6.92853,5.17259],[6.92862,5.17259],[6.92862,5.1725],[6.92853,5.1725],[6.92853,5.17223],[6.92781,5.17223],[6.92781,5.17205],[6.92808,5.17205],[6.92808,5.17196],[6.9279,5.17196],[6.9279,5.17187],[6.92763,5.17187],[6.92763,5.17205],[6.92754,5.17205],[6.92754,5.17187],[6.92745,5.17187],[6.92745,5.17178],[6.92736,5.17178],[6.92736,5.17187],[6.92727,5.17187],[6.92727,5.17178],[6.92718,5.17178],[6.92718,5.17169],[6.92727,5.17169],[6.92727,5.1716],[6.927,5.1716],[6.927,5.17169],[6.92682,5.17169],[6.92682,5.1716],[6.92673,5.1716],[6.92673,5.17169],[6.92664,5.17169],[6.92664,5.17142],[6.92673,5.17142],[6.92673,5.17133],[6.92682,5.17133],[6.92682,5.17124],[6.92691,5.17124],[6.92691,5.17115],[6.927,5.17115],[6.927,5.17124],[6.92709,5.17124],[6.92709,5.17133],[6.92718,5.17133],[6.92718,5.17115],[6.92727,5.17115],[6.92727,5.17106],[6.92736,5.17106],[6.92736,5.17115],[6.92745,5.17115],[6.92745,5.17106],[6.92772,5.17106],[6.92772,5.17097],[6.92781,5.17097],[6.92781,5.17115],[6.92763,5.17115],[6.92763,5.17124],[6.92772,5.17124],[6.92772,5.17133],[6.92781,5.17133],[6.92781,5.17142],[6.92799,5.17142],[6.92799,5.17133],[6.92808,5.17133],[6.92808,5.17151],[6.92817,5.17151],[6.92817,5.17142],[6.92844,5.17142],[6.92844,5.17151],[6.92835,5.17151],[6.92835,5.17169],[6.92844,5.17169],[6.92844,5.17178],[6.92853,5.17178],[6.92853,5.17187],[6.92844,5.17187],[6.92844,5.17205],[6.92835,5.17205],[6.92835,5.17214],[6.92853,5.17214],[6.92853,5.17223],[6.92862,5.17223],[6.92862,5.17232],[6.92871,5.17232],[6.92871,5.17241],[6.92862,5.17241],[6.92862,5.1725],[6.92871,5.1725],[6.92871,5.17259],[6.92862,5.17259],[6.92862,5.17268],[6.92853,5.17268]],[[6.92763,5.1716],[6.92754,5.1716],[6.92754,5.17151],[6.92763,5.17151],[6.92763,5.1716]],[[6.92808,5.17169],[6.9279,5.17169],[6.9279,5.1716],[6.92808,5.1716],[6.92808,5.17169]]]}},{"type":"Feature","properties":{},"geometry":{"geodesic":false,"type":"Polygon","coordinates":[[[6.92871,5.1743],[6.92871,5.17421],[6.92862,5.17421],[6.92862,5.17403],[6.92853,5.17403],[6.92853,5.17385],[6.92817,5.17385],[6.92817,5.17367],[6.92799,5.17367],[6.92799,5.17358],[6.9279,5.17358],[6.9279,5.17349],[6.92763,5.17349],[6.92763,5.17322],[6.92772,5.17322],[6.92772,5.17313],[6.9279,5.17313],[6.9279,5.17304],[6.92808,5.17304],[6.92808,5.17322],[6.92826,5.17322],[6.92826,5.17313],[6.92835,5.17313],[6.92835,5.17358],[6.92889,5.17358],[6.92889,5.17376],[6.9288,5.17376],[6.9288,5.17385],[6.92889,5.17385],[6.92889,5.17403],[6.92871,5.17403],[6.92871,5.17421],[6.9288,5.17421],[6.9288,5.1743],[6.92871,5.1743]],[[6.92808,5.17331],[6.92799,5.17331],[6.92799,5.17322],[6.92808,5.17322],[6.92808,5.17331]],[[6.92808,5.17358],[6.92799,5.17358],[6.92799,5.17349],[6.92808,5.17349],[6.92808,5.17358]],[[6.92862,5.17376],[6.92853,5.17376],[6.92853,5.17367],[6.92862,5.17367],[6.92862,5.17376]],[[6.92871,5.17385],[6.92862,5.17385],[6.92862,5.17376],[6.92871,5.17376],[6.92871,5.17385]],[[6.92871,5.17403],[6.92862,5.17403],[6.92862,5.17394],[6.92871,5.17394],[6.92871,5.17403]]]}},{"type":"Feature","properties":{},"geometry":{"geodesic":false,"type":"Polygon","coordinates":[[[6.92862,5.17978],[6.92862,5.18022],[6.92871,5.18022],[6.92871,5.18031],[6.92862,5.18031],[6.92862,5.1804],[6.92871,5.1804],[6.92871,5.18049],[6.92898,5.18049],[6.92898,5.18058],[6.92889,5.18058],[6.92889,5.18085],[6.92898,5.18085],[6.92898,5.18076],[6.92907,5.18076],[6.92907,5.18058],[6.92924,5.18058],[6.92924,5.18076],[6.92933,5.18076],[6.92933,5.18049],[6.92942,5.18049],[6.92942,5.18076],[6.92951,5.18076],[6.92951,5.18085],[6.92978,5.18085],[6.92978,5.18094],[6.92969,5.18094],[6.92969,5.18103],[6.92951,5.18103],[6.92951,5.18085],[6.92942,5.18085],[6.92942,5.18121],[6.92951,5.18121],[6.92951,5.1813],[6.92933,5.1813],[6.92933,5.18139],[6.92915,5.18139],[6.92915,5.18148],[6.9288,5.18148],[6.9288,5.18166],[6.92862,5.18166],[6.92862,5.18157],[6.92853,5.18157],[6.92853,5.18148],[6.92844,5.18148],[6.92844,5.18157],[6.92808,5.18157],[6.92808,5.18139],[6.92826,5.18139],[6.92826,5.18121],[6.92817,5.18121],[6.92817,5.1813],[6.92808,5.1813],[6.92808,5.18112],[6.92799,5.18112],[6.92799,5.18103],[6.9279,5.18103],[6.9279,5.18076],[6.92781,5.18076],[6.92781,5.18067],[6.92763,5.18067],[6.92763,5.18094],[6.92772,5.18094],[6.92772,5.18103],[6.92763,5.18103],[6.92763,5.18094],[6.92754,5.18094],[6.92754,5.18076],[6.92745,5.18076],[6.92745,5.18067],[6.92736,5.18067],[6.92736,5.1804],[6.92745,5.1804],[6.92745,5.18031],[6.92718,5.18031],[6.92718,5.18005],[6.92727,5.18005],[6.92727,5.17996],[6.92736,5.17996],[6.92736,5.17987],[6.92727,5.17987],[6.92727,5.17978],[6.92736,5.17978],[6.92736,5.17942],[6.92745,5.17942],[6.92745,5.17933],[6.92754,5.17933],[6.92754,5.17969],[6.92763,5.17969],[6.92763,5.17978],[6.92772,5.17978],[6.92772,5.17996],[6.92799,5.17996],[6.92799,5.18005],[6.92808,5.18005],[6.92808,5.17996],[6.92817,5.17996],[6.92817,5.17987],[6.92835,5.17987],[6.92835,5.17978],[6.92862,5.17978]],[[6.92763,5.18031],[6.92754,5.18031],[6.92754,5.18022],[6.92763,5.18022],[6.92763,5.18031]],[[6.92763,5.18067],[6.92745,5.18067],[6.92745,5.18058],[6.92754,5.18058],[6.92754,5.18049],[6.92763,5.18049],[6.92763,5.18067]],[[6.92817,5.18085],[6.92799,5.18085],[6.92799,5.18076],[6.9279,5.18076],[6.9279,5.18067],[6.92781,5.18067],[6.92781,5.18049],[6.9279,5.18049],[6.9279,5.18058],[6.92799,5.18058],[6.92799,5.18049],[6.92826,5.18049],[6.92826,5.18067],[6.92817,5.18067],[6.92817,5.18085]],[[6.9288,5.18112],[6.92862,5.18112],[6.92862,5.18103],[6.9288,5.18103],[6.9288,5.18112]],[[6.92933,5.18121],[6.92924,5.18121],[6.92924,5.18103],[6.92933,5.18103],[6.92933,5.18121]],[[6.92853,5.1813],[6.92844,5.1813],[6.92844,5.18121],[6.92853,5.18121],[6.92853,5.1813]],[[6.92772,5.18005],[6.92763,5.18005],[6.92763,5.17996],[6.92772,5.17996],[6.92772,5.18005]],[[6.92808,5.18005],[6.92817,5.18005],[6.92817,5.18014],[6.92808,5.18014],[6.92808,5.18005]],[[6.92727,5.18005],[6.92736,5.18005],[6.92736,5.17996],[6.92754,5.17996],[6.92754,5.18005],[6.92763,5.18005],[6.92763,5.18014],[6.92754,5.18014],[6.92754,5.18022],[6.92745,5.18022],[6.92745,5.18014],[6.92727,5.18014],[6.92727,5.18005]]]}},{"type":"Feature","properties":{},"geometry":{"geodesic":false,"type":"Polygon","coordinates":[[[6.92862,5.17681],[6.92862,5.17654],[6.92853,5.17654],[6.92853,5.17663],[6.92844,5.17663],[6.92844,5.17672],[6.92826,5.17672],[6.92826,5.17654],[6.92799,5.17654],[6.92799,5.17663],[6.9279,5.17663],[6.9279,5.17654],[6.92799,5.17654],[6.92799,5.17645],[6.92808,5.17645],[6.92808,5.17627],[6.92799,5.17627],[6.92799,5.17609],[6.92781,5.17609],[6.92781,5.17636],[6.92772,5.17636],[6.92772,5.17627],[6.92763,5.17627],[6.92763,5.17609],[6.92727,5.17609],[6.92727,5.176],[6.927,5.176],[6.927,5.17591],[6.92709,5.17591],[6.92709,5.17582],[6.927,5.17582],[6.927,5.17573],[6.92691,5.17573],[6.92691,5.17564],[6.92709,5.17564],[6.92709,5.17573],[6.92736,5.17573],[6.92736,5.17564],[6.92754,5.17564],[6.92754,5.17573],[6.92763,5.17573],[6.92763,5.17555],[6.92754,5.17555],[6.92754,5.17546],[6.92772,5.17546],[6.92772,5.17573],[6.92781,5.17573],[6.92781,5.17582],[6.92772,5.17582],[6.92772,5.17591],[6.9279,5.17591],[6.9279,5.176],[6.92799,5.176],[6.92799,5.17591],[6.92826,5.17591],[6.92826,5.176],[6.92817,5.176],[6.92817,5.17618],[6.92826,5.17618],[6.92826,5.17609],[6.92835,5.17609],[6.92835,5.17627],[6.92826,5.17627],[6.92826,5.17645],[6.92835,5.17645],[6.92835,5.17636],[6.92853,5.17636],[6.92853,5.17645],[6.92862,5.17645],[6.92862,5.17636],[6.92871,5.17636],[6.92871,5.17627],[6.92862,5.17627],[6.92862,5.17618],[6.92871,5.17618],[6.92871,5.17609],[6.92889,5.17609],[6.92889,5.17618],[6.92898,5.17618],[6.92898,5.17636],[6.92915,5.17636],[6.92915,5.17654],[6.92907,5.17654],[6.92907,5.17645],[6.92898,5.17645],[6.92898,5.17654],[6.92889,5.17654],[6.92889,5.17672],[6.92898,5.17672],[6.92898,5.17681],[6.92862,5.17681]],[[6.92772,5.17582],[6.92763,5.17582],[6.92763,5.17573],[6.92772,5.17573],[6.92772,5.17582]],[[6.92817,5.17627],[6.92808,5.17627],[6.92808,5.17618],[6.92817,5.17618],[6.92817,5.17627]],[[6.9288,5.17672],[6.92871,5.17672],[6.92871,5.17663],[6.9288,5.17663],[6.9288,5.17672]]]}},{"type":"Feature","properties":{},"geometry":{"geodesic":false,"type":"Polygon","coordinates":[[[6.92924,5.1654],[6.92924,5.16531],[6.92933,5.16531],[6.92933,5.16513],[6.92942,5.16513],[6.92942,5.16486],[6.92951,5.16486],[6.92951,5.16504],[6.9296,5.16504],[6.9296,5.16477],[6.92969,5.16477],[6.92969,5.16459],[6.92987,5.16459],[6.92987,5.16441],[6.92996,5.16441],[6.92996,5.16432],[6.92987,5.16432],[6.92987,5.16423],[6.92969,5.16423],[6.92969,5.16415],[6.92951,5.16415],[6.92951,5.16423],[6.9296,5.16423],[6.9296,5.16432],[6.92969,5.16432],[6.92969,5.16441],[6.92951,5.16441],[6.92951,5.16432],[6.92924,5.16432],[6.92924,5.16423],[6.92915,5.16423],[6.92915,5.16406],[6.92907,5.16406],[6.92907,5.16397],[6.92898,5.16397],[6.92898,5.16406],[6.92862,5.16406],[6.92862,5.16379],[6.9288,5.16379],[6.9288,5.16388],[6.92889,5.16388],[6.92889,5.16397],[6.92898,5.16397],[6.92898,5.16388],[6.92907,5.16388],[6.92907,5.16379],[6.92898,5.16379],[6.92898,5.1637],[6.92915,5.1637],[6.92915,5.16379],[6.92924,5.16379],[6.92924,5.1637],[6.92933,5.1637],[6.92933,5.16397],[6.92924,5.16397],[6.92924,5.16406],[6.92933,5.16406],[6.92933,5.16423],[6.92942,5.16423],[6.92942,5.16397],[6.92951,5.16397],[6.92951,5.16388],[6.9296,5.16388],[6.9296,5.16397],[6.92969,5.16397],[6.92969,5.16406],[6.92978,5.16406],[6.92978,5.16415],[6.92987,5.16415],[6.92987,5.16397],[6.92996,5.16397],[6.92996,5.16415],[6.93005,5.16415],[6.93005,5.16406],[6.93014,5.16406],[6.93014,5.16397],[6.93023,5.16397],[6.93023,5.16406],[6.93032,5.16406],[6.93032,5.16397],[6.93077,5.16397],[6.93077,5.16388],[6.93086,5.16388],[6.93086,5.16379],[6.93113,5.16379],[6.93113,5.1637],[6.93131,5.1637],[6.93131,5.16343],[6.9314,5.16343],[6.9314,5.16361],[6.93149,5.16361],[6.93149,5.16352],[6.93167,5.16352],[6.93167,5.1637],[6.93185,5.1637],[6.93185,5.16379],[6.93176,5.16379],[6.93176,5.16388],[6.93131,5.16388],[6.93131,5.16379],[6.93113,5.16379],[6.93113,5.16388],[6.93086,5.16388],[6.93086,5.16397],[6.93104,5.16397],[6.93104,5.16406],[6.93122,5.16406],[6.93122,5.16397],[6.93131,5.16397],[6.93131,5.16406],[6.9314,5.16406],[6.9314,5.16397],[6.93149,5.16397],[6.93149,5.16423],[6.93131,5.16423],[6.93131,5.16415],[6.93122,5.16415],[6.93122,5.16423],[6.93113,5.16423],[6.93113,5.16415],[6.93086,5.16415],[6.93086,5.16423],[6.93077,5.16423],[6.93077,5.16406],[6.93068,5.16406],[6.93068,5.16415],[6.93059,5.16415],[6.93059,5.16406],[6.9305,5.16406],[6.9305,5.16415],[6.93041,5.16415],[6.93041,5.16423],[6.93059,5.16423],[6.93059,5.16441],[6.93032,5.16441],[6.93032,5.1645],[6.93023,5.1645],[6.93023,5.16441],[6.93014,5.16441],[6.93014,5.16468],[6.92996,5.16468],[6.92996,5.16477],[6.93032,5.16477],[6.93032,5.16486],[6.93023,5.16486],[6.93023,5.16495],[6.93032,5.16495],[6.93032,5.16504],[6.93023,5.16504],[6.93023,5.16495],[6.93014,5.16495],[6.93014,5.16486],[6.93005,5.16486],[6.93005,5.16495],[6.92996,5.16495],[6.92996,5.16504],[6.92987,5.16504],[6.92987,5.16513],[6.92996,5.16513],[6.92996,5.16522],[6.92978,5.16522],[6.92978,5.16531],[6.9296,5.16531],[6.9296,5.16513],[6.92942,5.16513],[6.92942,5.16531],[6.92933,5.16531],[6.92933,5.1654],[6.92924,5.1654]],[[6.93167,5.16379],[6.93158,5.16379],[6.93158,5.1637],[6.93167,5.1637],[6.93167,5.16379]],[[6.93041,5.16415],[6.93032,5.16415],[6.93032,5.16406],[6.93041,5.16406],[6.93041,5.16415]],[[6.93032,5.16432],[6.93023,5.16432],[6.93023,5.16423],[6.93032,5.16423],[6.93032,5.16432]],[[6.93014,5.16441],[6.93005,5.16441],[6.93005,5.16415],[6.93014,5.16415],[6.93014,5.16441]],[[6.92978,5.16486],[6.92969,5.16486],[6.92969,5.16477],[6.92978,5.16477],[6.92978,5.16486]],[[6.92996,5.16495],[6.92987,5.16495],[6.92987,5.16486],[6.92996,5.16486],[6.92996,5.16495]]]}},{"type":"Feature","properties":{},"geometry":{"geodesic":false,"type":"Polygon","coordinates":[[[6.92987,5.17439],[6.92987,5.17421],[6.9296,5.17421],[6.9296,5.17412],[6.92969,5.17412],[6.92969,5.17403],[6.9296,5.17403],[6.9296,5.17367],[6.92933,5.17367],[6.92933,5.17376],[6.92924,5.17376],[6.92924,5.17385],[6.92915,5.17385],[6.92915,5.17367],[6.92933,5.17367],[6.92933,5.1734],[6.92924,5.1734],[6.92924,5.17322],[6.92933,5.17322],[6.92933,5.17313],[6.92942,5.17313],[6.92942,5.17304],[6.92951,5.17304],[6.92951,5.17286],[6.9296,5.17286],[6.9296,5.17304],[6.92969,5.17304],[6.92969,5.17295],[6.92978,5.17295],[6.92978,5.17304],[6.92969,5.17304],[6.92969,5.17313],[6.9296,5.17313],[6.9296,5.17322],[6.92969,5.17322],[6.92969,5.17331],[6.9296,5.17331],[6.9296,5.1734],[6.92969,5.1734],[6.92969,5.17349],[6.92996,5.17349],[6.92996,5.1734],[6.93014,5.1734],[6.93014,5.17331],[6.93005,5.17331],[6.93005,5.17322],[6.93014,5.17322],[6.93014,5.17313],[6.93005,5.17313],[6.93005,5.17277],[6.93023,5.17277],[6.93023,5.17286],[6.93041,5.17286],[6.93041,5.17304],[6.93032,5.17304],[6.93032,5.17322],[6.9305,5.17322],[6.9305,5.17304],[6.93059,5.17304],[6.93059,5.17313],[6.93068,5.17313],[6.93068,5.17331],[6.93077,5.17331],[6.93077,5.1734],[6.93068,5.1734],[6.93068,5.17349],[6.93059,5.17349],[6.93059,5.1734],[6.93041,5.1734],[6.93041,5.17403],[6.9305,5.17403],[6.9305,5.17394],[6.93059,5.17394],[6.93059,5.17403],[6.93068,5.17403],[6.93068,5.17412],[6.93059,5.17412],[6.93059,5.17421],[6.9305,5.17421],[6.9305,5.17412],[6.93023,5.17412],[6.93023,5.17421],[6.93014,5.17421],[6.93014,5.17412],[6.93023,5.17412],[6.93023,5.17403],[6.93005,5.17403],[6.93005,5.1743],[6.92996,5.1743],[6.92996,5.17439],[6.92987,5.17439]],[[6.93023,5.17331],[6.93014,5.17331],[6.93014,5.17322],[6.93023,5.17322],[6.93023,5.17331]],[[6.92978,5.17367],[6.9296,5.17367],[6.9296,5.17349],[6.92969,5.17349],[6.92969,5.17358],[6.92978,5.17358],[6.92978,5.17367]],[[6.92996,5.17367],[6.92987,5.17367],[6.92987,5.17358],[6.92996,5.17358],[6.92996,5.17367]],[[6.92987,5.17376],[6.92978,5.17376],[6.92978,5.17367],[6.92987,5.17367],[6.92987,5.17376]]]}},{"type":"Feature","properties":{},"geometry":{"geodesic":false,"type":"Polygon","coordinates":[[[6.93005,5.17097],[6.93005,5.17088],[6.92996,5.17088],[6.92996,5.17097],[6.92978,5.17097],[6.92978,5.17088],[6.92969,5.17088],[6.92969,5.17079],[6.9296,5.17079],[6.9296,5.17088],[6.92951,5.17088],[6.92951,5.17097],[6.92942,5.17097],[6.92942,5.17088],[6.92924,5.17088],[6.92924,5.17097],[6.92915,5.17097],[6.92915,5.17079],[6.92907,5.17079],[6.92907,5.17088],[6.92889,5.17088],[6.92889,5.17079],[6.9288,5.17079],[6.9288,5.17088],[6.92871,5.17088],[6.92871,5.17079],[6.9288,5.17079],[6.9288,5.17052],[6.92907,5.17052],[6.92907,5.17043],[6.92889,5.17043],[6.92889,5.17034],[6.9288,5.17034],[6.9288,5.17016],[6.92898,5.17016],[6.92898,5.17025],[6.92907,5.17025],[6.92907,5.17034],[6.92915,5.17034],[6.92915,5.17052],[6.92907,5.17052],[6.92907,5.17061],[6.92898,5.17061],[6.92898,5.1707],[6.92924,5.1707],[6.92924,5.17052],[6.92933,5.17052],[6.92933,5.17061],[6.92942,5.17061],[6.92942,5.17079],[6.92951,5.17079],[6.92951,5.17052],[6.9296,5.17052],[6.9296,5.17043],[6.92969,5.17043],[6.92969,5.17052],[6.92978,5.17052],[6.92978,5.17061],[6.92987,5.17061],[6.92987,5.17079],[6.92996,5.17079],[6.92996,5.1707],[6.93005,5.1707],[6.93005,5.17088],[6.93014,5.17088],[6.93014,5.17097],[6.93005,5.17097]]]}},{"type":"Feature","properties":{},"geometry":{"geodesic":false,"type":"Polygon","coordinates":[[[6.93005,5.17268],[6.93005,5.17223],[6.92996,5.17223],[6.92996,5.17205],[6.93023,5.17205],[6.93023,5.17196],[6.93032,5.17196],[6.93032,5.17178],[6.93059,5.17178],[6.93059,5.17169],[6.93068,5.17169],[6.93068,5.17178],[6.93077,5.17178],[6.93077,5.17214],[6.93086,5.17214],[6.93086,5.17205],[6.93095,5.17205],[6.93095,5.17223],[6.93086,5.17223],[6.93086,5.17232],[6.93077,5.17232],[6.93077,5.17241],[6.93068,5.17241],[6.93068,5.17259],[6.9305,5.17259],[6.9305,5.1725],[6.93023,5.1725],[6.93023,5.17268],[6.93005,5.17268]],[[6.93068,5.17214],[6.93059,5.17214],[6.93059,5.17205],[6.93032,5.17205],[6.93032,5.17196],[6.9305,5.17196],[6.9305,5.17187],[6.93059,5.17187],[6.93059,5.17196],[6.93068,5.17196],[6.93068,5.17214]]]}},{"type":"Feature","properties":{},"geometry":{"geodesic":false,"type":"Polygon","coordinates":[[[6.93059,4.99212],[6.93059,4.99203],[6.93005,4.99203],[6.93005,4.99194],[6.92996,4.99194],[6.92996,4.99203],[6.9296,4.99203],[6.9296,4.99194],[6.92951,4.99194],[6.92951,4.99185],[6.92924,4.99185],[6.92924,4.99167],[6.92915,4.99167],[6.92915,4.99176],[6.92907,4.99176],[6.92907,4.99167],[6.92915,4.99167],[6.92915,4.99158],[6.92924,4.99158],[6.92924,4.9914],[6.92933,4.9914],[6.92933,4.99131],[6.92942,4.99131],[6.92942,4.99122],[6.9296,4.99122],[6.9296,4.99113],[6.92978,4.99113],[6.92978,4.99122],[6.92987,4.99122],[6.92987,4.99113],[6.93014,4.99113],[6.93014,4.99122],[6.93032,4.99122],[6.93032,4.99131],[6.9305,4.99131],[6.9305,4.99158],[6.93068,4.99158],[6.93068,4.99167],[6.93086,4.99167],[6.93086,4.99158],[6.93077,4.99158],[6.93077,4.99149],[6.93086,4.99149],[6.93086,4.99131],[6.93095,4.99131],[6.93095,4.99113],[6.93104,4.99113],[6.93104,4.99131],[6.93113,4.99131],[6.93113,4.9914],[6.93104,4.9914],[6.93104,4.99131],[6.93095,4.99131],[6.93095,4.99149],[6.93104,4.99149],[6.93104,4.99167],[6.93095,4.99167],[6.93095,4.99176],[6.93113,4.99176],[6.93113,4.99185],[6.93104,4.99185],[6.93104,4.99194],[6.93095,4.99194],[6.93095,4.99176],[6.93086,4.99176],[6.93086,4.99185],[6.93077,4.99185],[6.93077,4.99203],[6.93068,4.99203],[6.93068,4.99212],[6.93059,4.99212]]]}},{"type":"Feature","properties":{},"geometry":{"geodesic":false,"type":"Polygon","coordinates":[[[6.93104,4.97882],[6.93104,4.97873],[6.93086,4.97873],[6.93086,4.97846],[6.93077,4.97846],[6.93077,4.97828],[6.93086,4.97828],[6.93086,4.97819],[6.93104,4.97819],[6.93104,4.97801],[6.93158,4.97801],[6.93158,4.97792],[6.93185,4.97792],[6.93185,4.97801],[6.93176,4.97801],[6.93176,4.97819],[6.93185,4.97819],[6.93185,4.97828],[6.93176,4.97828],[6.93176,4.97819],[6.93167,4.97819],[6.93167,4.97801],[6.93158,4.97801],[6.93158,4.97819],[6.93149,4.97819],[6.93149,4.97828],[6.93158,4.97828],[6.93158,4.97837],[6.93149,4.97837],[6.93149,4.97855],[6.9314,4.97855],[6.9314,4.97864],[6.93158,4.97864],[6.93158,4.97873],[6.93113,4.97873],[6.93113,4.97882],[6.93104,4.97882]]]}},{"type":"Feature","properties":{},"geometry":{"geodesic":false,"type":"Polygon","coordinates":[[[6.93122,5.14708],[6.93122,5.14681],[6.93113,5.14681],[6.93113,5.14672],[6.93104,5.14672],[6.93104,5.14663],[6.93095,5.14663],[6.93095,5.14654],[6.93086,5.14654],[6.93086,5.14636],[6.93077,5.14636],[6.93077,5.14627],[6.93095,5.14627],[6.93095,5.14636],[6.93104,5.14636],[6.93104,5.14609],[6.93113,5.14609],[6.93113,5.14618],[6.93122,5.14618],[6.93122,5.14609],[6.9314,5.14609],[6.9314,5.14627],[6.93149,5.14627],[6.93149,5.14618],[6.93158,5.14618],[6.93158,5.14609],[6.93167,5.14609],[6.93167,5.14591],[6.93149,5.14591],[6.93149,5.146],[6.9314,5.146],[6.9314,5.14591],[6.93122,5.14591],[6.93122,5.14573],[6.9314,5.14573],[6.9314,5.14564],[6.93149,5.14564],[6.93149,5.14582],[6.93158,5.14582],[6.93158,5.14573],[6.93167,5.14573],[6.93167,5.14591],[6.93176,5.14591],[6.93176,5.14582],[6.93194,5.14582],[6.93194,5.14591],[6.93203,5.14591],[6.93203,5.146],[6.93194,5.146],[6.93194,5.14609],[6.93203,5.14609],[6.93203,5.14618],[6.93185,5.14618],[6.93185,5.14609],[6.93167,5.14609],[6.93167,5.14618],[6.93158,5.14618],[6.93158,5.14636],[6.93131,5.14636],[6.93131,5.14654],[6.93122,5.14654],[6.93122,5.14663],[6.93131,5.14663],[6.93131,5.14672],[6.93158,5.14672],[6.93158,5.14681],[6.93149,5.14681],[6.93149,5.1469],[6.93158,5.1469],[6.93158,5.14699],[6.9314,5.14699],[6.9314,5.14708],[6.93122,5.14708]],[[6.93122,5.14645],[6.93113,5.14645],[6.93113,5.14636],[6.93122,5.14636],[6.93122,5.14645]]]}},{"type":"Feature","properties":{},"geometry":{"geodesic":false,"type":"Polygon","coordinates":[[[6.93131,5.17897],[6.93131,5.17888],[6.93113,5.17888],[6.93113,5.17879],[6.93104,5.17879],[6.93104,5.1787],[6.93095,5.1787],[6.93095,5.17861],[6.93104,5.17861],[6.93104,5.1787],[6.93113,5.1787],[6.93113,5.17852],[6.93104,5.17852],[6.93104,5.17834],[6.93095,5.17834],[6.93095,5.17825],[6.93104,5.17825],[6.93104,5.17816],[6.93095,5.17816],[6.93095,5.17807],[6.93131,5.17807],[6.93131,5.17789],[6.9314,5.17789],[6.9314,5.17807],[6.93149,5.17807],[6.93149,5.17789],[6.93158,5.17789],[6.93158,5.17807],[6.93167,5.17807],[6.93167,5.17798],[6.93176,5.17798],[6.93176,5.17825],[6.93185,5.17825],[6.93185,5.17843],[6.93176,5.17843],[6.93176,5.17861],[6.93158,5.17861],[6.93158,5.17888],[6.93149,5.17888],[6.93149,5.17897],[6.93131,5.17897]],[[6.93158,5.17816],[6.93149,5.17816],[6.93149,5.17807],[6.93158,5.17807],[6.93158,5.17816]],[[6.93113,5.17834],[6.93104,5.17834],[6.93104,5.17825],[6.93113,5.17825],[6.93113,5.17834]],[[6.93158,5.17843],[6.93149,5.17843],[6.93149,5.17834],[6.93158,5.17834],[6.93158,5.17843]],[[6.93176,5.17843],[6.93167,5.17843],[6.93167,5.17834],[6.93176,5.17834],[6.93176,5.17843]]]}},{"type":"Feature","properties":{},"geometry":{"geodesic":false,"type":"Polygon","coordinates":[[[6.93149,5.16567],[6.93149,5.16558],[6.93158,5.16558],[6.93158,5.16549],[6.93149,5.16549],[6.93149,5.16522],[6.93158,5.16522],[6.93158,5.16513],[6.93149,5.16513],[6.93149,5.16504],[6.93158,5.16504],[6.93158,5.16495],[6.93167,5.16495],[6.93167,5.16486],[6.93158,5.16486],[6.93158,5.16477],[6.93167,5.16477],[6.93167,5.16468],[6.93176,5.16468],[6.93176,5.16459],[6.93167,5.16459],[6.93167,5.1645],[6.93176,5.1645],[6.93176,5.16441],[6.93185,5.16441],[6.93185,5.16423],[6.93194,5.16423],[6.93194,5.16432],[6.93203,5.16432],[6.93203,5.16441],[6.93212,5.16441],[6.93212,5.16459],[6.93221,5.16459],[6.93221,5.16495],[6.93248,5.16495],[6.93248,5.16504],[6.93266,5.16504],[6.93266,5.16513],[6.93257,5.16513],[6.93257,5.16531],[6.93239,5.16531],[6.93239,5.16522],[6.9323,5.16522],[6.9323,5.16513],[6.93212,5.16513],[6.93212,5.16522],[6.93203,5.16522],[6.93203,5.16531],[6.93212,5.16531],[6.93212,5.1654],[6.93194,5.1654],[6.93194,5.16558],[6.93185,5.16558],[6.93185,5.16549],[6.93167,5.16549],[6.93167,5.16558],[6.93158,5.16558],[6.93158,5.16567],[6.93149,5.16567]],[[6.93185,5.16504],[6.93167,5.16504],[6.93167,5.16495],[6.93185,5.16495],[6.93185,5.16504]],[[6.93167,5.16513],[6.93158,5.16513],[6.93158,5.16504],[6.93167,5.16504],[6.93167,5.16513]],[[6.93212,5.16513],[6.93203,5.16513],[6.93203,5.16504],[6.93212,5.16504],[6.93212,5.16513]],[[6.93239,5.16513],[6.9323,5.16513],[6.9323,5.16504],[6.93239,5.16504],[6.93239,5.16513]]]}},{"type":"Feature","properties":{},"geometry":{"geodesic":false,"type":"Polygon","coordinates":[[[6.93212,4.97819],[6.93212,4.9781],[6.93221,4.9781],[6.93221,4.97792],[6.93203,4.97792],[6.93203,4.97783],[6.93194,4.97783],[6.93194,4.97756],[6.93185,4.97756],[6.93185,4.97748],[6.93194,4.97748],[6.93194,4.97739],[6.93203,4.97739],[6.93203,4.9773],[6.93212,4.9773],[6.93212,4.97703],[6.93203,4.97703],[6.93203,4.97676],[6.9323,4.97676],[6.9323,4.97667],[6.93239,4.97667],[6.93239,4.97658],[6.93266,4.97658],[6.93266,4.97667],[6.93248,4.97667],[6.93248,4.97676],[6.93257,4.97676],[6.93257,4.97685],[6.93248,4.97685],[6.93248,4.97694],[6.93239,4.97694],[6.93239,4.97703],[6.9323,4.97703],[6.9323,4.9773],[6.93221,4.9773],[6.93221,4.97739],[6.9323,4.97739],[6.9323,4.97748],[6.93257,4.97748],[6.93257,4.97739],[6.93275,4.97739],[6.93275,4.97748],[6.93284,4.97748],[6.93284,4.97739],[6.93293,4.97739],[6.93293,4.97748],[6.93311,4.97748],[6.93311,4.97739],[6.9332,4.97739],[6.9332,4.9773],[6.93311,4.9773],[6.93311,4.97721],[6.93347,4.97721],[6.93347,4.9773],[6.93356,4.9773],[6.93356,4.97739],[6.93374,4.97739],[6.93374,4.97774],[6.93356,4.97774],[6.93356,4.97783],[6.9332,4.97783],[6.9332,4.97792],[6.93257,4.97792],[6.93257,4.97801],[6.93266,4.97801],[6.93266,4.9781],[6.93221,4.9781],[6.93221,4.97819],[6.93212,4.97819]],[[6.93275,4.97783],[6.93257,4.97783],[6.93257,4.97774],[6.93275,4.97774],[6.93275,4.97783]],[[6.93257,4.97792],[6.93248,4.97792],[6.93248,4.97783],[6.93257,4.97783],[6.93257,4.97792]]]}},{"type":"Feature","properties":{},"geometry":{"geodesic":false,"type":"Polygon","coordinates":[[[6.93284,5.17475],[6.93284,5.17466],[6.93275,5.17466],[6.93275,5.17457],[6.93266,5.17457],[6.93266,5.1743],[6.93275,5.1743],[6.93275,5.17421],[6.93266,5.17421],[6.93266,5.17412],[6.93257,5.17412],[6.93257,5.17403],[6.93266,5.17403],[6.93266,5.17394],[6.93275,5.17394],[6.93275,5.17403],[6.93293,5.17403],[6.93293,5.17385],[6.93284,5.17385],[6.93284,5.17358],[6.93293,5.17358],[6.93293,5.1734],[6.93302,5.1734],[6.93302,5.17322],[6.93311,5.17322],[6.93311,5.17331],[6.93329,5.17331],[6.93329,5.1734],[6.93338,5.1734],[6.93338,5.17349],[6.93329,5.17349],[6.93329,5.17367],[6.9332,5.17367],[6.9332,5.17376],[6.93311,5.17376],[6.93311,5.17385],[6.93302,5.17385],[6.93302,5.17394],[6.93329,5.17394],[6.93329,5.17376],[6.93338,5.17376],[6.93338,5.17385],[6.93356,5.17385],[6.93356,5.17394],[6.93347,5.17394],[6.93347,5.17412],[6.93338,5.17412],[6.93338,5.17421],[6.93347,5.17421],[6.93347,5.1743],[6.93338,5.1743],[6.93338,5.17439],[6.93329,5.17439],[6.93329,5.1743],[6.9332,5.1743],[6.9332,5.17439],[6.93311,5.17439],[6.93311,5.17457],[6.93293,5.17457],[6.93293,5.17475],[6.93284,5.17475]],[[6.93338,5.17412],[6.93329,5.17412],[6.93329,5.17403],[6.93338,5.17403],[6.93338,5.17412]],[[6.93293,5.17439],[6.93275,5.17439],[6.93275,5.1743],[6.93293,5.1743],[6.93293,5.17439]]]}},{"type":"Feature","properties":{},"geometry":{"geodesic":false,"type":"Polygon","coordinates":[[[6.93374,5.17259],[6.93374,5.17241],[6.93356,5.17241],[6.93356,5.17232],[6.93365,5.17232],[6.93365,5.17223],[6.93374,5.17223],[6.93374,5.17214],[6.93365,5.17214],[6.93365,5.17205],[6.93347,5.17205],[6.93347,5.17196],[6.93338,5.17196],[6.93338,5.17187],[6.93329,5.17187],[6.93329,5.1716],[6.93311,5.1716],[6.93311,5.17142],[6.9332,5.17142],[6.9332,5.17133],[6.93356,5.17133],[6.93356,5.17169],[6.93347,5.17169],[6.93347,5.17178],[6.93338,5.17178],[6.93338,5.17187],[6.93347,5.17187],[6.93347,5.17196],[6.93365,5.17196],[6.93365,5.17205],[6.93374,5.17205],[6.93374,5.17187],[6.93383,5.17187],[6.93383,5.1716],[6.93392,5.1716],[6.93392,5.17169],[6.93401,5.17169],[6.93401,5.17178],[6.9341,5.17178],[6.9341,5.17205],[6.93419,5.17205],[6.93419,5.17214],[6.9341,5.17214],[6.9341,5.17223],[6.93401,5.17223],[6.93401,5.17241],[6.93383,5.17241],[6.93383,5.17259],[6.93374,5.17259]],[[6.93347,5.17169],[6.93338,5.17169],[6.93338,5.1716],[6.93347,5.1716],[6.93347,5.17169]],[[6.93401,5.17196],[6.93392,5.17196],[6.93392,5.17187],[6.93401,5.17187],[6.93401,5.17196]],[[6.93392,5.17214],[6.93374,5.17214],[6.93374,5.17205],[6.93392,5.17205],[6.93392,5.17214]]]}},{"type":"Feature","properties":{},"geometry":{"geodesic":false,"type":"Polygon","coordinates":[[[6.93374,5.1972],[6.93374,5.19711],[6.93356,5.19711],[6.93356,5.1972],[6.93347,5.1972],[6.93347,5.19702],[6.93338,5.19702],[6.93338,5.19693],[6.93347,5.19693],[6.93347,5.19675],[6.93329,5.19675],[6.93329,5.19666],[6.93338,5.19666],[6.93338,5.19657],[6.93311,5.19657],[6.93311,5.19639],[6.93302,5.19639],[6.93302,5.1963],[6.93311,5.1963],[6.93311,5.19621],[6.9332,5.19621],[6.9332,5.19613],[6.93311,5.19613],[6.93311,5.19604],[6.93338,5.19604],[6.93338,5.19613],[6.93347,5.19613],[6.93347,5.19648],[6.93338,5.19648],[6.93338,5.19657],[6.93356,5.19657],[6.93356,5.19684],[6.93374,5.19684],[6.93374,5.19693],[6.93365,5.19693],[6.93365,5.19702],[6.93383,5.19702],[6.93383,5.19693],[6.93401,5.19693],[6.93401,5.19684],[6.9341,5.19684],[6.9341,5.19693],[6.93419,5.19693],[6.93419,5.19702],[6.9341,5.19702],[6.9341,5.1972],[6.93374,5.1972]]]}},{"type":"Feature","properties":{},"geometry":{"geodesic":false,"type":"Polygon","coordinates":[[[6.9341,5.16621],[6.9341,5.16612],[6.93419,5.16612],[6.93419,5.16603],[6.9341,5.16603],[6.9341,5.16576],[6.93419,5.16576],[6.93419,5.16558],[6.93454,5.16558],[6.93454,5.1654],[6.93463,5.1654],[6.93463,5.16522],[6.93472,5.16522],[6.93472,5.16513],[6.93463,5.16513],[6.93463,5.16504],[6.93472,5.16504],[6.93472,5.16495],[6.93446,5.16495],[6.93446,5.16486],[6.93481,5.16486],[6.93481,5.16468],[6.93472,5.16468],[6.93472,5.1645],[6.93481,5.1645],[6.93481,5.16468],[6.9349,5.16468],[6.9349,5.16477],[6.93499,5.16477],[6.93499,5.16495],[6.93508,5.16495],[6.93508,5.16504],[6.93499,5.16504],[6.93499,5.16522],[6.9349,5.16522],[6.9349,5.1654],[6.93481,5.1654],[6.93481,5.16567],[6.93454,5.16567],[6.93454,5.16576],[6.93437,5.16576],[6.93437,5.16603],[6.93428,5.16603],[6.93428,5.16621],[6.9341,5.16621]]]}},{"type":"Feature","properties":{},"geometry":{"geodesic":false,"type":"Polygon","coordinates":[[[6.9341,5.0559],[6.9341,5.05563],[6.93392,5.05563],[6.93392,5.05554],[6.93428,5.05554],[6.93428,5.05509],[6.93437,5.05509],[6.93437,5.05491],[6.93454,5.05491],[6.93454,5.055],[6.93472,5.055],[6.93472,5.05509],[6.93481,5.05509],[6.93481,5.05518],[6.9349,5.05518],[6.9349,5.05527],[6.93481,5.05527],[6.93481,5.05545],[6.93499,5.05545],[6.93499,5.05572],[6.93481,5.05572],[6.93481,5.05581],[6.93472,5.05581],[6.93472,5.05572],[6.93463,5.05572],[6.93463,5.05581],[6.93437,5.05581],[6.93437,5.0559],[6.9341,5.0559]],[[6.93481,5.05527],[6.93472,5.05527],[6.93472,5.05518],[6.93481,5.05518],[6.93481,5.05527]]]}},{"type":"Feature","properties":{},"geometry":{"geodesic":false,"type":"Polygon","coordinates":[[[6.93428,5.21337],[6.93428,5.21319],[6.93419,5.21319],[6.93419,5.21301],[6.9341,5.21301],[6.9341,5.21283],[6.93401,5.21283],[6.93401,5.21274],[6.93374,5.21274],[6.93374,5.21265],[6.93383,5.21265],[6.93383,5.21247],[6.9341,5.21247],[6.9341,5.21256],[6.93446,5.21256],[6.93446,5.21247],[6.93437,5.21247],[6.93437,5.21238],[6.93446,5.21238],[6.93446,5.21247],[6.93454,5.21247],[6.93454,5.21256],[6.93472,5.21256],[6.93472,5.21265],[6.93481,5.21265],[6.93481,5.21292],[6.93472,5.21292],[6.93472,5.21283],[6.93463,5.21283],[6.93463,5.21301],[6.93472,5.21301],[6.93472,5.2131],[6.93454,5.2131],[6.93454,5.21301],[6.93446,5.21301],[6.93446,5.2131],[6.93437,5.2131],[6.93437,5.21337],[6.93428,5.21337]]]}},{"type":"Feature","properties":{},"geometry":{"geodesic":false,"type":"Polygon","coordinates":[[[6.93454,4.97649],[6.93454,4.97631],[6.93446,4.97631],[6.93446,4.9764],[6.93437,4.9764],[6.93437,4.97613],[6.93463,4.97613],[6.93463,4.97604],[6.93454,4.97604],[6.93454,4.97586],[6.93463,4.97586],[6.93463,4.97577],[6.9349,4.97577],[6.9349,4.97559],[6.93571,4.97559],[6.93571,4.9755],[6.93589,4.9755],[6.93589,4.97541],[6.93625,4.97541],[6.93625,4.97532],[6.93643,4.97532],[6.93643,4.97523],[6.93679,4.97523],[6.93679,4.97514],[6.93697,4.97514],[6.93697,4.97532],[6.93706,4.97532],[6.93706,4.97541],[6.93697,4.97541],[6.93697,4.9755],[6.93688,4.9755],[6.93688,4.97532],[6.93679,4.97532],[6.93679,4.97559],[6.93643,4.97559],[6.93643,4.97568],[6.93625,4.97568],[6.93625,4.97577],[6.93607,4.97577],[6.93607,4.97568],[6.93598,4.97568],[6.93598,4.97577],[6.93553,4.97577],[6.93553,4.97586],[6.93544,4.97586],[6.93544,4.97595],[6.93535,4.97595],[6.93535,4.97604],[6.93517,4.97604],[6.93517,4.97613],[6.93526,4.97613],[6.93526,4.97622],[6.93535,4.97622],[6.93535,4.97631],[6.93526,4.97631],[6.93526,4.97622],[6.93517,4.97622],[6.93517,4.97613],[6.93508,4.97613],[6.93508,4.97604],[6.93481,4.97604],[6.93481,4.97613],[6.93463,4.97613],[6.93463,4.97631],[6.93481,4.97631],[6.93481,4.9764],[6.93463,4.9764],[6.93463,4.97649],[6.93454,4.97649]]]}},{"type":"Feature","properties":{},"geometry":{"geodesic":false,"type":"Polygon","coordinates":[[[6.93526,4.97101],[6.93526,4.97092],[6.93517,4.97092],[6.93517,4.97083],[6.93499,4.97083],[6.93499,4.97047],[6.93481,4.97047],[6.93481,4.97038],[6.93472,4.97038],[6.93472,4.97047],[6.93463,4.97047],[6.93463,4.97056],[6.93454,4.97056],[6.93454,4.97074],[6.93437,4.97074],[6.93437,4.97047],[6.93446,4.97047],[6.93446,4.97038],[6.93454,4.97038],[6.93454,4.97011],[6.93446,4.97011],[6.93446,4.97002],[6.93454,4.97002],[6.93454,4.96993],[6.93437,4.96993],[6.93437,4.96984],[6.93463,4.96984],[6.93463,4.96993],[6.93472,4.96993],[6.93472,4.97011],[6.93481,4.97011],[6.93481,4.97002],[6.93499,4.97002],[6.93499,4.96984],[6.93526,4.96984],[6.93526,4.96975],[6.93544,4.96975],[6.93544,4.96966],[6.93553,4.96966],[6.93553,4.96975],[6.93562,4.96975],[6.93562,4.96957],[6.9358,4.96957],[6.9358,4.96966],[6.93589,4.96966],[6.93589,4.96957],[6.93598,4.96957],[6.93598,4.96975],[6.93607,4.96975],[6.93607,4.96957],[6.93625,4.96957],[6.93625,4.96948],[6.93643,4.96948],[6.93643,4.96921],[6.9367,4.96921],[6.9367,4.96903],[6.93661,4.96903],[6.93661,4.96894],[6.93679,4.96894],[6.93679,4.96876],[6.93688,4.96876],[6.93688,4.96849],[6.93679,4.96849],[6.93679,4.96858],[6.9367,4.96858],[6.9367,4.96867],[6.93661,4.96867],[6.93661,4.96876],[6.93652,4.96876],[6.93652,4.96867],[6.93643,4.96867],[6.93643,4.96858],[6.93634,4.96858],[6.93634,4.96876],[6.93625,4.96876],[6.93625,4.96885],[6.93616,4.96885],[6.93616,4.96858],[6.93634,4.96858],[6.93634,4.96849],[6.93625,4.96849],[6.93625,4.9684],[6.93598,4.9684],[6.93598,4.96831],[6.93589,4.96831],[6.93589,4.96822],[6.93598,4.96822],[6.93598,4.96813],[6.93589,4.96813],[6.93589,4.96804],[6.93598,4.96804],[6.93598,4.96795],[6.93589,4.96795],[6.93589,4.96759],[6.9358,4.96759],[6.9358,4.9675],[6.93589,4.9675],[6.93589,4.96732],[6.93607,4.96732],[6.93607,4.96714],[6.93625,4.96714],[6.93625,4.96732],[6.93643,4.96732],[6.93643,4.96723],[6.93661,4.96723],[6.93661,4.96714],[6.9367,4.96714],[6.9367,4.96705],[6.93679,4.96705],[6.93679,4.96696],[6.93688,4.96696],[6.93688,4.96688],[6.93697,4.96688],[6.93697,4.9667],[6.93706,4.9667],[6.93706,4.96661],[6.93715,4.96661],[6.93715,4.96652],[6.93724,4.96652],[6.93724,4.96625],[6.93733,4.96625],[6.93733,4.96616],[6.93742,4.96616],[6.93742,4.96598],[6.93751,4.96598],[6.93751,4.96589],[6.9376,4.96589],[6.9376,4.96598],[6.93787,4.96598],[6.93787,4.96607],[6.93796,4.96607],[6.93796,4.96598],[6.93814,4.96598],[6.93814,4.96589],[6.93832,4.96589],[6.93832,4.9658],[6.93841,4.9658],[6.93841,4.96571],[6.93832,4.96571],[6.93832,4.96562],[6.93859,4.96562],[6.93859,4.96553],[6.93877,4.96553],[6.93877,4.96544],[6.93886,4.96544],[6.93886,4.96517],[6.93904,4.96517],[6.93904,4.96526],[6.93913,4.96526],[6.93913,4.96517],[6.93922,4.96517],[6.93922,4.96499],[6.93931,4.96499],[6.93931,4.9649],[6.9394,4.9649],[6.9394,4.96454],[6.93931,4.96454],[6.93931,4.96445],[6.93922,4.96445],[6.93922,4.96436],[6.93931,4.96436],[6.93931,4.96418],[6.9394,4.96418],[6.9394,4.96409],[6.93958,4.96409],[6.93958,4.96364],[6.93967,4.96364],[6.93967,4.96355],[6.93976,4.96355],[6.93976,4.96346],[6.93967,4.96346],[6.93967,4.96337],[6.93993,4.96337],[6.93993,4.96328],[6.94011,4.96328],[6.94011,4.96319],[6.94047,4.96319],[6.94047,4.96328],[6.94056,4.96328],[6.94056,4.9631],[6.94065,4.9631],[6.94065,4.96328],[6.94083,4.96328],[6.94083,4.96319],[6.94092,4.96319],[6.94092,4.96328],[6.94101,4.96328],[6.94101,4.96346],[6.9411,4.96346],[6.9411,4.96355],[6.94128,4.96355],[6.94128,4.96364],[6.94137,4.96364],[6.94137,4.96382],[6.94146,4.96382],[6.94146,4.96409],[6.94173,4.96409],[6.94173,4.96427],[6.94191,4.96427],[6.94191,4.96445],[6.942,4.96445],[6.942,4.96454],[6.94209,4.96454],[6.94209,4.96463],[6.942,4.96463],[6.942,4.96472],[6.94191,4.96472],[6.94191,4.96445],[6.94182,4.96445],[6.94182,4.96436],[6.94173,4.96436],[6.94173,4.96463],[6.94164,4.96463],[6.94164,4.96472],[6.94146,4.96472],[6.94146,4.96463],[6.94128,4.96463],[6.94128,4.96472],[6.94119,4.96472],[6.94119,4.96481],[6.9411,4.96481],[6.9411,4.9649],[6.94092,4.9649],[6.94092,4.96517],[6.94101,4.96517],[6.94101,4.96526],[6.9411,4.96526],[6.9411,4.96517],[6.94128,4.96517],[6.94128,4.96508],[6.94137,4.96508],[6.94137,4.96499],[6.94146,4.96499],[6.94146,4.96508],[6.94182,4.96508],[6.94182,4.96499],[6.942,4.96499],[6.942,4.96508],[6.94227,4.96508],[6.94227,4.96517],[6.94236,4.96517],[6.94236,4.96526],[6.94245,4.96526],[6.94245,4.96517],[6.94254,4.96517],[6.94254,4.96526],[6.94263,4.96526],[6.94263,4.96544],[6.94272,4.96544],[6.94272,4.96553],[6.94281,4.96553],[6.94281,4.9658],[6.9429,4.9658],[6.9429,4.96589],[6.94299,4.96589],[6.94299,4.96598],[6.9429,4.96598],[6.9429,4.96607],[6.94263,4.96607],[6.94263,4.96598],[6.94254,4.96598],[6.94254,4.96616],[6.94263,4.96616],[6.94263,4.96625],[6.94281,4.96625],[6.94281,4.96616],[6.9429,4.96616],[6.9429,4.96634],[6.94272,4.96634],[6.94272,4.96661],[6.94263,4.96661],[6.94263,4.96634],[6.94236,4.96634],[6.94236,4.96607],[6.94245,4.96607],[6.94245,4.96598],[6.94254,4.96598],[6.94254,4.96589],[6.94245,4.96589],[6.94245,4.9658],[6.94254,4.9658],[6.94254,4.96571],[6.94263,4.96571],[6.94263,4.96553],[6.94254,4.96553],[6.94254,4.96544],[6.94245,4.96544],[6.94245,4.96535],[6.942,4.96535],[6.942,4.96526],[6.94209,4.96526],[6.94209,4.96517],[6.94182,4.96517],[6.94182,4.96526],[6.94191,4.96526],[6.94191,4.96544],[6.94182,4.96544],[6.94182,4.96553],[6.94173,4.96553],[6.94173,4.96562],[6.94182,4.96562],[6.94182,4.96571],[6.94191,4.96571],[6.94191,4.9658],[6.942,4.9658],[6.942,4.96589],[6.94182,4.96589],[6.94182,4.9658],[6.94173,4.9658],[6.94173,4.96571],[6.94164,4.96571],[6.94164,4.9658],[6.94155,4.9658],[6.94155,4.96571],[6.94146,4.96571],[6.94146,4.96607],[6.94155,4.96607],[6.94155,4.96625],[6.94164,4.96625],[6.94164,4.96643],[6.94155,4.96643],[6.94155,4.96652],[6.94146,4.96652],[6.94146,4.96661],[6.94119,4.96661],[6.94119,4.9667],[6.94083,4.9667],[6.94083,4.96696],[6.94092,4.96696],[6.94092,4.96714],[6.9411,4.96714],[6.9411,4.96696],[6.94119,4.96696],[6.94119,4.96688],[6.94128,4.96688],[6.94128,4.96679],[6.94146,4.96679],[6.94146,4.9667],[6.94164,4.9667],[6.94164,4.96679],[6.94173,4.96679],[6.94173,4.9667],[6.94182,4.9667],[6.94182,4.96679],[6.94191,4.96679],[6.94191,4.9667],[6.94209,4.9667],[6.94209,4.96661],[6.94245,4.96661],[6.94245,4.9667],[6.94254,4.9667],[6.94254,4.96679],[6.94245,4.96679],[6.94245,4.96741],[6.94218,4.96741],[6.94218,4.9675],[6.94209,4.9675],[6.94209,4.96759],[6.942,4.96759],[6.942,4.9675],[6.94191,4.9675],[6.94191,4.96759],[6.94173,4.96759],[6.94173,4.96768],[6.94182,4.96768],[6.94182,4.96786],[6.94155,4.96786],[6.94155,4.96795],[6.94164,4.96795],[6.94164,4.96804],[6.94155,4.96804],[6.94155,4.96813],[6.94146,4.96813],[6.94146,4.96822],[6.94137,4.96822],[6.94137,4.96831],[6.94128,4.96831],[6.94128,4.9684],[6.9411,4.9684],[6.9411,4.96849],[6.94101,4.96849],[6.94101,4.96858],[6.94083,4.96858],[6.94083,4.96849],[6.94047,4.96849],[6.94047,4.9684],[6.9402,4.9684],[6.9402,4.96849],[6.94011,4.96849],[6.94011,4.9684],[6.93993,4.9684],[6.93993,4.96831],[6.94002,4.96831],[6.94002,4.96822],[6.93993,4.96822],[6.93993,4.96813],[6.93984,4.96813],[6.93984,4.96831],[6.93976,4.96831],[6.93976,4.9684],[6.93967,4.9684],[6.93967,4.96849],[6.93958,4.96849],[6.93958,4.96858],[6.93949,4.96858],[6.93949,4.96849],[6.93958,4.96849],[6.93958,4.9684],[6.93967,4.9684],[6.93967,4.96813],[6.93984,4.96813],[6.93984,4.96804],[6.93993,4.96804],[6.93993,4.96786],[6.94002,4.96786],[6.94002,4.96777],[6.9402,4.96777],[6.9402,4.96795],[6.94038,4.96795],[6.94038,4.96786],[6.94074,4.96786],[6.94074,4.96768],[6.9411,4.96768],[6.9411,4.96759],[6.94119,4.96759],[6.94119,4.96768],[6.94137,4.96768],[6.94137,4.9675],[6.94128,4.9675],[6.94128,4.96741],[6.94101,4.96741],[6.94101,4.9675],[6.94092,4.9675],[6.94092,4.96732],[6.94083,4.96732],[6.94083,4.96714],[6.94074,4.96714],[6.94074,4.96723],[6.94065,4.96723],[6.94065,4.9675],[6.94056,4.9675],[6.94056,4.96777],[6.94029,4.96777],[6.94029,4.96768],[6.9402,4.96768],[6.9402,4.96759],[6.94029,4.96759],[6.94029,4.96732],[6.94011,4.96732],[6.94011,4.96723],[6.93984,4.96723],[6.93984,4.96714],[6.93967,4.96714],[6.93967,4.96705],[6.93976,4.96705],[6.93976,4.96688],[6.93958,4.96688],[6.93958,4.96679],[6.93949,4.96679],[6.93949,4.9667],[6.9394,4.9667],[6.9394,4.96679],[6.93922,4.96679],[6.93922,4.96661],[6.93904,4.96661],[6.93904,4.9667],[6.93877,4.9667],[6.93877,4.96661],[6.93886,4.96661],[6.93886,4.96652],[6.93877,4.96652],[6.93877,4.96634],[6.93868,4.96634],[6.93868,4.96661],[6.93859,4.96661],[6.93859,4.9667],[6.9385,4.9667],[6.9385,4.96688],[6.93859,4.96688],[6.93859,4.96696],[6.9385,4.96696],[6.9385,4.96705],[6.93841,4.96705],[6.93841,4.96714],[6.9385,4.96714],[6.9385,4.96723],[6.93841,4.96723],[6.93841,4.96732],[6.93832,4.96732],[6.93832,4.9675],[6.9385,4.9675],[6.9385,4.96777],[6.93859,4.96777],[6.93859,4.96786],[6.93868,4.96786],[6.93868,4.96804],[6.93895,4.96804],[6.93895,4.96822],[6.93904,4.96822],[6.93904,4.9684],[6.93913,4.9684],[6.93913,4.96849],[6.93895,4.96849],[6.93895,4.96867],[6.93904,4.96867],[6.93904,4.96876],[6.93913,4.96876],[6.93913,4.96885],[6.93922,4.96885],[6.93922,4.96894],[6.9394,4.96894],[6.9394,4.96903],[6.93913,4.96903],[6.93913,4.96885],[6.93895,4.96885],[6.93895,4.96921],[6.93886,4.96921],[6.93886,4.9693],[6.93877,4.9693],[6.93877,4.96921],[6.93868,4.96921],[6.93868,4.9693],[6.93859,4.9693],[6.93859,4.96939],[6.9385,4.96939],[6.9385,4.96966],[6.93868,4.96966],[6.93868,4.96957],[6.93895,4.96957],[6.93895,4.96966],[6.93886,4.96966],[6.93886,4.96993],[6.93895,4.96993],[6.93895,4.96984],[6.93904,4.96984],[6.93904,4.96993],[6.93895,4.96993],[6.93895,4.97002],[6.93886,4.97002],[6.93886,4.96993],[6.93859,4.96993],[6.93859,4.97002],[6.93877,4.97002],[6.93877,4.97029],[6.93859,4.97029],[6.93859,4.97038],[6.9385,4.97038],[6.9385,4.97047],[6.93841,4.97047],[6.93841,4.97038],[6.93823,4.97038],[6.93823,4.97029],[6.93796,4.97029],[6.93796,4.97047],[6.93778,4.97047],[6.93778,4.97056],[6.93787,4.97056],[6.93787,4.97065],[6.93778,4.97065],[6.93778,4.97056],[6.93742,4.97056],[6.93742,4.97065],[6.93751,4.97065],[6.93751,4.97074],[6.93742,4.97074],[6.93742,4.97065],[6.93733,4.97065],[6.93733,4.97056],[6.93742,4.97056],[6.93742,4.97038],[6.93715,4.97038],[6.93715,4.97029],[6.93742,4.97029],[6.93742,4.9702],[6.9376,4.9702],[6.9376,4.97011],[6.93742,4.97011],[6.93742,4.97002],[6.93724,4.97002],[6.93724,4.96993],[6.93715,4.96993],[6.93715,4.96984],[6.93706,4.96984],[6.93706,4.96975],[6.93697,4.96975],[6.93697,4.96957],[6.93688,4.96957],[6.93688,4.96948],[6.9367,4.96948],[6.9367,4.96957],[6.93652,4.96957],[6.93652,4.96966],[6.93625,4.96966],[6.93625,4.96975],[6.93616,4.96975],[6.93616,4.96984],[6.93607,4.96984],[6.93607,4.96993],[6.93616,4.96993],[6.93616,4.97011],[6.93634,4.97011],[6.93634,4.9702],[6.93643,4.9702],[6.93643,4.96984],[6.9367,4.96984],[6.9367,4.96975],[6.93679,4.96975],[6.93679,4.96993],[6.93688,4.96993],[6.93688,4.97002],[6.93697,4.97002],[6.93697,4.97011],[6.93688,4.97011],[6.93688,4.9702],[6.9367,4.9702],[6.9367,4.97002],[6.93661,4.97002],[6.93661,4.97047],[6.93652,4.97047],[6.93652,4.97029],[6.93634,4.97029],[6.93634,4.97038],[6.93625,4.97038],[6.93625,4.97047],[6.93616,4.97047],[6.93616,4.97056],[6.93607,4.97056],[6.93607,4.97065],[6.93562,4.97065],[6.93562,4.97056],[6.93553,4.97056],[6.93553,4.97065],[6.93544,4.97065],[6.93544,4.97074],[6.93553,4.97074],[6.93553,4.97083],[6.93526,4.97083],[6.93526,4.97092],[6.93544,4.97092],[6.93544,4.97101],[6.93526,4.97101]],[[6.93958,4.96427],[6.93949,4.96427],[6.93949,4.96418],[6.93958,4.96418],[6.93958,4.96427]],[[6.93984,4.96436],[6.93976,4.96436],[6.93976,4.96427],[6.93984,4.96427],[6.93984,4.96436]],[[6.94146,4.96445],[6.94137,4.96445],[6.94137,4.96436],[6.94146,4.96436],[6.94146,4.96445]],[[6.94164,4.96445],[6.94155,4.96445],[6.94155,4.96436],[6.94164,4.96436],[6.94164,4.96445]],[[6.9402,4.96481],[6.94011,4.96481],[6.94011,4.96472],[6.94002,4.96472],[6.94002,4.96463],[6.94011,4.96463],[6.94011,4.96436],[6.9402,4.96436],[6.9402,4.96427],[6.94029,4.96427],[6.94029,4.96436],[6.94038,4.96436],[6.94038,4.96418],[6.94047,4.96418],[6.94047,4.96427],[6.94056,4.96427],[6.94056,4.96436],[6.94047,4.96436],[6.94047,4.96454],[6.94038,4.96454],[6.94038,4.96472],[6.9402,4.96472],[6.9402,4.96481]],[[6.94254,4.96535],[6.94245,4.96535],[6.94245,4.96526],[6.94254,4.96526],[6.94254,4.96535]],[[6.9376,4.96607],[6.93751,4.96607],[6.93751,4.96598],[6.9376,4.96598],[6.9376,4.96607]],[[6.94056,4.96696],[6.94047,4.96696],[6.94047,4.96688],[6.94056,4.96688],[6.94056,4.96696]],[[6.94155,4.96688],[6.94146,4.96688],[6.94146,4.96679],[6.94155,4.96679],[6.94155,4.96688]],[[6.942,4.96688],[6.94191,4.96688],[6.94191,4.96679],[6.942,4.96679],[6.942,4.96688]],[[6.94155,4.96732],[6.94128,4.96732],[6.94128,4.96723],[6.94119,4.96723],[6.94119,4.96714],[6.94137,4.96714],[6.94137,4.96705],[6.94146,4.96705],[6.94146,4.96714],[6.94155,4.96714],[6.94155,4.96732]],[[6.94011,4.96822],[6.94002,4.96822],[6.94002,4.96813],[6.94011,4.96813],[6.94011,4.96822]],[[6.93643,4.9684],[6.93625,4.9684],[6.93625,4.96831],[6.93643,4.96831],[6.93643,4.9684]],[[6.93706,4.9684],[6.93679,4.9684],[6.93679,4.96831],[6.93688,4.96831],[6.93688,4.96822],[6.93697,4.96822],[6.93697,4.96831],[6.93706,4.96831],[6.93706,4.9684]],[[6.93661,4.96858],[6.93652,4.96858],[6.93652,4.96849],[6.93661,4.96849],[6.93661,4.96858]],[[6.93823,4.96903],[6.93814,4.96903],[6.93814,4.96894],[6.93823,4.96894],[6.93823,4.96903]],[[6.93823,4.96921],[6.93787,4.96921],[6.93787,4.96912],[6.93769,4.96912],[6.93769,4.96894],[6.93778,4.96894],[6.93778,4.96876],[6.93787,4.96876],[6.93787,4.96885],[6.93796,4.96885],[6.93796,4.96903],[6.93814,4.96903],[6.93814,4.96912],[6.93823,4.96912],[6.93823,4.96921]],[[6.93733,4.96984],[6.93724,4.96984],[6.93724,4.96975],[6.93733,4.96975],[6.93733,4.96984]],[[6.93796,4.97002],[6.93787,4.97002],[6.93787,4.96993],[6.93796,4.96993],[6.93796,4.97002]],[[6.93787,4.9702],[6.93778,4.9702],[6.93778,4.97011],[6.93787,4.97011],[6.93787,4.9702]],[[6.93769,4.97038],[6.93751,4.97038],[6.93751,4.97029],[6.9376,4.97029],[6.9376,4.9702],[6.93769,4.9702],[6.93769,4.97038]],[[6.93508,4.97047],[6.93499,4.97047],[6.93499,4.97038],[6.93508,4.97038],[6.93508,4.97047]],[[6.93526,4.97065],[6.93517,4.97065],[6.93517,4.97047],[6.93535,4.97047],[6.93535,4.97056],[6.93526,4.97056],[6.93526,4.97065]]]}},{"type":"Feature","properties":{},"geometry":{"geodesic":false,"type":"Polygon","coordinates":[[[6.93535,4.97334],[6.93535,4.97298],[6.93526,4.97298],[6.93526,4.97307],[6.93517,4.97307],[6.93517,4.97298],[6.93508,4.97298],[6.93508,4.97289],[6.93517,4.97289],[6.93517,4.97271],[6.93598,4.97271],[6.93598,4.97253],[6.93589,4.97253],[6.93589,4.97244],[6.93598,4.97244],[6.93598,4.97218],[6.93634,4.97218],[6.93634,4.97226],[6.93643,4.97226],[6.93643,4.97235],[6.93652,4.97235],[6.93652,4.97226],[6.93661,4.97226],[6.93661,4.972],[6.9367,4.972],[6.9367,4.97191],[6.93661,4.97191],[6.93661,4.97182],[6.93652,4.97182],[6.93652,4.97164],[6.93661,4.97164],[6.93661,4.97173],[6.9367,4.97173],[6.9367,4.97155],[6.93679,4.97155],[6.93679,4.97182],[6.93688,4.97182],[6.93688,4.97173],[6.93697,4.97173],[6.93697,4.97164],[6.93715,4.97164],[6.93715,4.97173],[6.93742,4.97173],[6.93742,4.97155],[6.93751,4.97155],[6.93751,4.97164],[6.9376,4.97164],[6.9376,4.97146],[6.93778,4.97146],[6.93778,4.97137],[6.93787,4.97137],[6.93787,4.97155],[6.93796,4.97155],[6.93796,4.97146],[6.93814,4.97146],[6.93814,4.97128],[6.93823,4.97128],[6.93823,4.97137],[6.93832,4.97137],[6.93832,4.97119],[6.93859,4.97119],[6.93859,4.9711],[6.93868,4.9711],[6.93868,4.97119],[6.93877,4.97119],[6.93877,4.97128],[6.93868,4.97128],[6.93868,4.97137],[6.93877,4.97137],[6.93877,4.97155],[6.93895,4.97155],[6.93895,4.97146],[6.93886,4.97146],[6.93886,4.97128],[6.93895,4.97128],[6.93895,4.97137],[6.93904,4.97137],[6.93904,4.97146],[6.93913,4.97146],[6.93913,4.97164],[6.93904,4.97164],[6.93904,4.97182],[6.93913,4.97182],[6.93913,4.97191],[6.93922,4.97191],[6.93922,4.972],[6.93931,4.972],[6.93931,4.97218],[6.93958,4.97218],[6.93958,4.972],[6.93967,4.972],[6.93967,4.97191],[6.93958,4.97191],[6.93958,4.97173],[6.93949,4.97173],[6.93949,4.97164],[6.9394,4.97164],[6.9394,4.97146],[6.93949,4.97146],[6.93949,4.97137],[6.93967,4.97137],[6.93967,4.97128],[6.93984,4.97128],[6.93984,4.97137],[6.94002,4.97137],[6.94002,4.97119],[6.94056,4.97119],[6.94056,4.97137],[6.94065,4.97137],[6.94065,4.97155],[6.94056,4.97155],[6.94056,4.97164],[6.94065,4.97164],[6.94065,4.97209],[6.94074,4.97209],[6.94074,4.972],[6.94092,4.972],[6.94092,4.97209],[6.94101,4.97209],[6.94101,4.97218],[6.9411,4.97218],[6.9411,4.97226],[6.94119,4.97226],[6.94119,4.97253],[6.94101,4.97253],[6.94101,4.97262],[6.94092,4.97262],[6.94092,4.9728],[6.94083,4.9728],[6.94083,4.97271],[6.94065,4.97271],[6.94065,4.9728],[6.9402,4.9728],[6.9402,4.97289],[6.94029,4.97289],[6.94029,4.97307],[6.94011,4.97307],[6.94011,4.97289],[6.94002,4.97289],[6.94002,4.9728],[6.93976,4.9728],[6.93976,4.97271],[6.93967,4.97271],[6.93967,4.97262],[6.93958,4.97262],[6.93958,4.97271],[6.93949,4.97271],[6.93949,4.97262],[6.93958,4.97262],[6.93958,4.97253],[6.93895,4.97253],[6.93895,4.97244],[6.93886,4.97244],[6.93886,4.97253],[6.93859,4.97253],[6.93859,4.97262],[6.93841,4.97262],[6.93841,4.97271],[6.93814,4.97271],[6.93814,4.9728],[6.93805,4.9728],[6.93805,4.97289],[6.93787,4.97289],[6.93787,4.9728],[6.93778,4.9728],[6.93778,4.97271],[6.93769,4.97271],[6.93769,4.97289],[6.9376,4.97289],[6.9376,4.97298],[6.93751,4.97298],[6.93751,4.97289],[6.93733,4.97289],[6.93733,4.9728],[6.93715,4.9728],[6.93715,4.97289],[6.93688,4.97289],[6.93688,4.9728],[6.93679,4.9728],[6.93679,4.97289],[6.93625,4.97289],[6.93625,4.97307],[6.93643,4.97307],[6.93643,4.97325],[6.93616,4.97325],[6.93616,4.97334],[6.93535,4.97334]],[[6.93868,4.97128],[6.93859,4.97128],[6.93859,4.97119],[6.93868,4.97119],[6.93868,4.97128]],[[6.9385,4.97137],[6.93841,4.97137],[6.93841,4.97128],[6.9385,4.97128],[6.9385,4.97137]],[[6.94056,4.97155],[6.94047,4.97155],[6.94047,4.97146],[6.94056,4.97146],[6.94056,4.97155]],[[6.94056,4.97191],[6.94047,4.97191],[6.94047,4.97173],[6.94056,4.97173],[6.94056,4.97191]],[[6.93859,4.97253],[6.9385,4.97253],[6.9385,4.97244],[6.93859,4.97244],[6.93859,4.97253]],[[6.94083,4.97253],[6.94074,4.97253],[6.94074,4.97235],[6.94101,4.97235],[6.94101,4.97244],[6.94083,4.97244],[6.94083,4.97253]],[[6.93607,4.9728],[6.93598,4.9728],[6.93598,4.97271],[6.93607,4.97271],[6.93607,4.9728]]]}},{"type":"Feature","properties":{},"geometry":{"geodesic":false,"type":"Polygon","coordinates":[[[6.93652,5.1981],[6.93652,5.19783],[6.93661,5.19783],[6.93661,5.19774],[6.9367,5.19774],[6.9367,5.19765],[6.93652,5.19765],[6.93652,5.19747],[6.93661,5.19747],[6.93661,5.19729],[6.9367,5.19729],[6.9367,5.19711],[6.93715,5.19711],[6.93715,5.19729],[6.93706,5.19729],[6.93706,5.19747],[6.93715,5.19747],[6.93715,5.19774],[6.93724,5.19774],[6.93724,5.19783],[6.93715,5.19783],[6.93715,5.19774],[6.93706,5.19774],[6.93706,5.19783],[6.93697,5.19783],[6.93697,5.19774],[6.93688,5.19774],[6.93688,5.19783],[6.93679,5.19783],[6.93679,5.19792],[6.93688,5.19792],[6.93688,5.19801],[6.93679,5.19801],[6.93679,5.19792],[6.9367,5.19792],[6.9367,5.19801],[6.93661,5.19801],[6.93661,5.1981],[6.93652,5.1981]]]}},{"type":"Feature","properties":{},"geometry":{"geodesic":false,"type":"Polygon","coordinates":[[[6.9376,5.21176],[6.9376,5.21167],[6.93769,5.21167],[6.93769,5.21158],[6.9376,5.21158],[6.9376,5.21149],[6.93742,5.21149],[6.93742,5.2114],[6.93733,5.2114],[6.93733,5.21149],[6.93724,5.21149],[6.93724,5.21131],[6.93733,5.21131],[6.93733,5.21122],[6.93742,5.21122],[6.93742,5.21113],[6.93706,5.21113],[6.93706,5.21095],[6.93697,5.21095],[6.93697,5.21059],[6.93706,5.21059],[6.93706,5.21032],[6.93715,5.21032],[6.93715,5.21023],[6.93751,5.21023],[6.93751,5.21041],[6.9376,5.21041],[6.9376,5.21059],[6.93751,5.21059],[6.93751,5.21077],[6.93742,5.21077],[6.93742,5.21095],[6.93751,5.21095],[6.93751,5.21113],[6.93769,5.21113],[6.93769,5.21131],[6.93778,5.21131],[6.93778,5.21104],[6.93787,5.21104],[6.93787,5.21131],[6.93796,5.21131],[6.93796,5.21149],[6.93787,5.21149],[6.93787,5.21167],[6.93769,5.21167],[6.93769,5.21176],[6.9376,5.21176]],[[6.93742,5.21104],[6.93733,5.21104],[6.93733,5.21095],[6.93742,5.21095],[6.93742,5.21104]]]}},{"type":"Feature","properties":{},"geometry":{"geodesic":false,"type":"Polygon","coordinates":[[[6.93787,5.15076],[6.93787,5.15067],[6.93796,5.15067],[6.93796,5.15058],[6.93787,5.15058],[6.93787,5.1504],[6.93778,5.1504],[6.93778,5.15031],[6.93769,5.15031],[6.93769,5.15022],[6.9376,5.15022],[6.9376,5.15031],[6.93742,5.15031],[6.93742,5.1504],[6.93706,5.1504],[6.93706,5.15031],[6.93697,5.15031],[6.93697,5.15022],[6.93679,5.15022],[6.93679,5.15013],[6.93697,5.15013],[6.93697,5.14977],[6.93706,5.14977],[6.93706,5.14986],[6.93715,5.14986],[6.93715,5.14977],[6.93733,5.14977],[6.93733,5.14986],[6.93751,5.14986],[6.93751,5.14977],[6.9376,5.14977],[6.9376,5.14986],[6.93751,5.14986],[6.93751,5.14995],[6.9376,5.14995],[6.9376,5.15004],[6.93769,5.15004],[6.93769,5.15013],[6.93787,5.15013],[6.93787,5.15022],[6.93796,5.15022],[6.93796,5.15058],[6.93805,5.15058],[6.93805,5.15067],[6.93796,5.15067],[6.93796,5.15076],[6.93787,5.15076]],[[6.93724,5.15013],[6.93715,5.15013],[6.93715,5.14995],[6.93724,5.14995],[6.93724,5.15013]],[[6.93751,5.15022],[6.93742,5.15022],[6.93742,5.15013],[6.93751,5.15013],[6.93751,5.15022]]]}},{"type":"Feature","properties":{},"geometry":{"geodesic":false,"type":"Polygon","coordinates":[[[6.9385,5.20565],[6.9385,5.20556],[6.93841,5.20556],[6.93841,5.20538],[6.9385,5.20538],[6.9385,5.20529],[6.93832,5.20529],[6.93832,5.20484],[6.93841,5.20484],[6.93841,5.20466],[6.9385,5.20466],[6.9385,5.20448],[6.93859,5.20448],[6.93859,5.20457],[6.93868,5.20457],[6.93868,5.20466],[6.93895,5.20466],[6.93895,5.20475],[6.93913,5.20475],[6.93913,5.20466],[6.93922,5.20466],[6.93922,5.20475],[6.93931,5.20475],[6.93931,5.20466],[6.9394,5.20466],[6.9394,5.20475],[6.93949,5.20475],[6.93949,5.20466],[6.93958,5.20466],[6.93958,5.20484],[6.9394,5.20484],[6.9394,5.20493],[6.93931,5.20493],[6.93931,5.20484],[6.93886,5.20484],[6.93886,5.20493],[6.93904,5.20493],[6.93904,5.20502],[6.93913,5.20502],[6.93913,5.2052],[6.93886,5.2052],[6.93886,5.20538],[6.93868,5.20538],[6.93868,5.2052],[6.93859,5.2052],[6.93859,5.20511],[6.9385,5.20511],[6.9385,5.20529],[6.93859,5.20529],[6.93859,5.20547],[6.93868,5.20547],[6.93868,5.20556],[6.93859,5.20556],[6.93859,5.20565],[6.9385,5.20565]],[[6.93886,5.20502],[6.93877,5.20502],[6.93877,5.20493],[6.93886,5.20493],[6.93886,5.20502]]]}},{"type":"Feature","properties":{},"geometry":{"geodesic":false,"type":"Polygon","coordinates":[[[6.93841,4.93058],[6.93841,4.93049],[6.93823,4.93049],[6.93823,4.93031],[6.93832,4.93031],[6.93832,4.93022],[6.93805,4.93022],[6.93805,4.93004],[6.93796,4.93004],[6.93796,4.92977],[6.93769,4.92977],[6.93769,4.93004],[6.9376,4.93004],[6.9376,4.93031],[6.93769,4.93031],[6.93769,4.9304],[6.93751,4.9304],[6.93751,4.92995],[6.93742,4.92995],[6.93742,4.92977],[6.93751,4.92977],[6.93751,4.92968],[6.9376,4.92968],[6.9376,4.92959],[6.93751,4.92959],[6.93751,4.92942],[6.9376,4.92942],[6.9376,4.92924],[6.93769,4.92924],[6.93769,4.92915],[6.9376,4.92915],[6.9376,4.92906],[6.93724,4.92906],[6.93724,4.92915],[6.93697,4.92915],[6.93697,4.92861],[6.93706,4.92861],[6.93706,4.92825],[6.93688,4.92825],[6.93688,4.92834],[6.93679,4.92834],[6.93679,4.92798],[6.93706,4.92798],[6.93706,4.92771],[6.93715,4.92771],[6.93715,4.92726],[6.93724,4.92726],[6.93724,4.92717],[6.93733,4.92717],[6.93733,4.92708],[6.93742,4.92708],[6.93742,4.92699],[6.93733,4.92699],[6.93733,4.9269],[6.93742,4.9269],[6.93742,4.92681],[6.93751,4.92681],[6.93751,4.92672],[6.9376,4.92672],[6.9376,4.92663],[6.93769,4.92663],[6.93769,4.92636],[6.93778,4.92636],[6.93778,4.92618],[6.93787,4.92618],[6.93787,4.92609],[6.93805,4.92609],[6.93805,4.926],[6.93814,4.926],[6.93814,4.92582],[6.93823,4.92582],[6.93823,4.92564],[6.93832,4.92564],[6.93832,4.92555],[6.93841,4.92555],[6.93841,4.92546],[6.93832,4.92546],[6.93832,4.92537],[6.93841,4.92537],[6.93841,4.92546],[6.93859,4.92546],[6.93859,4.92555],[6.93895,4.92555],[6.93895,4.92546],[6.93904,4.92546],[6.93904,4.92564],[6.93868,4.92564],[6.93868,4.92573],[6.93895,4.92573],[6.93895,4.926],[6.93886,4.926],[6.93886,4.92627],[6.93877,4.92627],[6.93877,4.92645],[6.93886,4.92645],[6.93886,4.92636],[6.93895,4.92636],[6.93895,4.92627],[6.93904,4.92627],[6.93904,4.92618],[6.93913,4.92618],[6.93913,4.92609],[6.93931,4.92609],[6.93931,4.92573],[6.93922,4.92573],[6.93922,4.92555],[6.93931,4.92555],[6.93931,4.92573],[6.9394,4.92573],[6.9394,4.926],[6.93958,4.926],[6.93958,4.92591],[6.93976,4.92591],[6.93976,4.92573],[6.93993,4.92573],[6.93993,4.92564],[6.9402,4.92564],[6.9402,4.92573],[6.94011,4.92573],[6.94011,4.92591],[6.94029,4.92591],[6.94029,4.926],[6.94065,4.926],[6.94065,4.92591],[6.94074,4.92591],[6.94074,4.926],[6.94083,4.926],[6.94083,4.92609],[6.94119,4.92609],[6.94119,4.92618],[6.94146,4.92618],[6.94146,4.92672],[6.94137,4.92672],[6.94137,4.9269],[6.94128,4.9269],[6.94128,4.92699],[6.94119,4.92699],[6.94119,4.9269],[6.9411,4.9269],[6.9411,4.92699],[6.94101,4.92699],[6.94101,4.92708],[6.94092,4.92708],[6.94092,4.92717],[6.94083,4.92717],[6.94083,4.92726],[6.94074,4.92726],[6.94074,4.92735],[6.94065,4.92735],[6.94065,4.92726],[6.94047,4.92726],[6.94047,4.92717],[6.94038,4.92717],[6.94038,4.92708],[6.94029,4.92708],[6.94029,4.92717],[6.9402,4.92717],[6.9402,4.92708],[6.94011,4.92708],[6.94011,4.92699],[6.93984,4.92699],[6.93984,4.92708],[6.93967,4.92708],[6.93967,4.92717],[6.93958,4.92717],[6.93958,4.92699],[6.93949,4.92699],[6.93949,4.92708],[6.93931,4.92708],[6.93931,4.92699],[6.93913,4.92699],[6.93913,4.92708],[6.93904,4.92708],[6.93904,4.92699],[6.93868,4.92699],[6.93868,4.92681],[6.93841,4.92681],[6.93841,4.9269],[6.9385,4.9269],[6.9385,4.92699],[6.93859,4.92699],[6.93859,4.92708],[6.9385,4.92708],[6.9385,4.92717],[6.93877,4.92717],[6.93877,4.92726],[6.93904,4.92726],[6.93904,4.92735],[6.93895,4.92735],[6.93895,4.92744],[6.93886,4.92744],[6.93886,4.92753],[6.93877,4.92753],[6.93877,4.92762],[6.93868,4.92762],[6.93868,4.92771],[6.93859,4.92771],[6.93859,4.92789],[6.9385,4.92789],[6.9385,4.92798],[6.93841,4.92798],[6.93841,4.92834],[6.93832,4.92834],[6.93832,4.92843],[6.93841,4.92843],[6.93841,4.92852],[6.9385,4.92852],[6.9385,4.92861],[6.93859,4.92861],[6.93859,4.92888],[6.93868,4.92888],[6.93868,4.9287],[6.93886,4.9287],[6.93886,4.92879],[6.93895,4.92879],[6.93895,4.92888],[6.93913,4.92888],[6.93913,4.92897],[6.93922,4.92897],[6.93922,4.92879],[6.9394,4.92879],[6.9394,4.9287],[6.93949,4.9287],[6.93949,4.92861],[6.9394,4.92861],[6.9394,4.92852],[6.93931,4.92852],[6.93931,4.92834],[6.93949,4.92834],[6.93949,4.92807],[6.93958,4.92807],[6.93958,4.92789],[6.93984,4.92789],[6.93984,4.9278],[6.94002,4.9278],[6.94002,4.92771],[6.94011,4.92771],[6.94011,4.9278],[6.9402,4.9278],[6.9402,4.92789],[6.94002,4.92789],[6.94002,4.92807],[6.94011,4.92807],[6.94011,4.92825],[6.94002,4.92825],[6.94002,4.92843],[6.94011,4.92843],[6.94011,4.92852],[6.94029,4.92852],[6.94029,4.92924],[6.9402,4.92924],[6.9402,4.92933],[6.94011,4.92933],[6.94011,4.92942],[6.94002,4.92942],[6.94002,4.92951],[6.93993,4.92951],[6.93993,4.92959],[6.93984,4.92959],[6.93984,4.92968],[6.93967,4.92968],[6.93967,4.92977],[6.9394,4.92977],[6.9394,4.92968],[6.93922,4.92968],[6.93922,4.92959],[6.93913,4.92959],[6.93913,4.92951],[6.93904,4.92951],[6.93904,4.92942],[6.93895,4.92942],[6.93895,4.92933],[6.93886,4.92933],[6.93886,4.92942],[6.93868,4.92942],[6.93868,4.92933],[6.93832,4.92933],[6.93832,4.92942],[6.9385,4.92942],[6.9385,4.92959],[6.93841,4.92959],[6.93841,4.92986],[6.9385,4.92986],[6.9385,4.93013],[6.93859,4.93013],[6.93859,4.93022],[6.93868,4.93022],[6.93868,4.93031],[6.93859,4.93031],[6.93859,4.9304],[6.93868,4.9304],[6.93868,4.93058],[6.93841,4.93058]],[[6.93886,4.92591],[6.93877,4.92591],[6.93877,4.92582],[6.93886,4.92582],[6.93886,4.92591]],[[6.93976,4.92618],[6.93958,4.92618],[6.93958,4.92609],[6.93976,4.92609],[6.93976,4.92618]],[[6.93877,4.92672],[6.93859,4.92672],[6.93859,4.92663],[6.93868,4.92663],[6.93868,4.92645],[6.93877,4.92645],[6.93877,4.92672]],[[6.93841,4.92681],[6.93832,4.92681],[6.93832,4.92672],[6.93841,4.92672],[6.93841,4.92681]],[[6.94128,4.9269],[6.94119,4.9269],[6.94119,4.92681],[6.94128,4.92681],[6.94128,4.9269]],[[6.93832,4.92708],[6.93823,4.92708],[6.93823,4.9269],[6.93832,4.9269],[6.93832,4.92708]],[[6.93814,4.92744],[6.93805,4.92744],[6.93805,4.92735],[6.93814,4.92735],[6.93814,4.92744]],[[6.93805,4.92762],[6.93796,4.92762],[6.93796,4.92753],[6.93805,4.92753],[6.93805,4.92762]],[[6.93787,4.92789],[6.93778,4.92789],[6.93778,4.9278],[6.93787,4.9278],[6.93787,4.92789]],[[6.93778,4.92816],[6.93769,4.92816],[6.93769,4.92807],[6.93778,4.92807],[6.93778,4.92816]],[[6.93823,4.92834],[6.93814,4.92834],[6.93814,4.92825],[6.93823,4.92825],[6.93823,4.92834]],[[6.93778,4.92843],[6.9376,4.92843],[6.9376,4.92834],[6.93778,4.92834],[6.93778,4.92843]],[[6.93733,4.92861],[6.93724,4.92861],[6.93724,4.92852],[6.93733,4.92852],[6.93733,4.92861]],[[6.93841,4.9287],[6.93832,4.9287],[6.93832,4.92852],[6.93841,4.92852],[6.93841,4.9287]],[[6.93967,4.92834],[6.93958,4.92834],[6.93958,4.92825],[6.93967,4.92825],[6.93967,4.92834]],[[6.93778,4.92906],[6.93769,4.92906],[6.93769,4.92897],[6.93778,4.92897],[6.93778,4.92906]],[[6.93769,4.92959],[6.9376,4.92959],[6.9376,4.92951],[6.93769,4.92951],[6.93769,4.92959]]]}},{"type":"Feature","properties":{},"geometry":{"geodesic":false,"type":"Polygon","coordinates":[[[6.93823,5.21382],[6.93823,5.21364],[6.93796,5.21364],[6.93796,5.21355],[6.93778,5.21355],[6.93778,5.21364],[6.93769,5.21364],[6.93769,5.21373],[6.93778,5.21373],[6.93778,5.21382],[6.93751,5.21382],[6.93751,5.21355],[6.9376,5.21355],[6.9376,5.21364],[6.93769,5.21364],[6.93769,5.21346],[6.93778,5.21346],[6.93778,5.21337],[6.93796,5.21337],[6.93796,5.21328],[6.93805,5.21328],[6.93805,5.21319],[6.93787,5.21319],[6.93787,5.2131],[6.93796,5.2131],[6.93796,5.21301],[6.93787,5.21301],[6.93787,5.21292],[6.93778,5.21292],[6.93778,5.21274],[6.93796,5.21274],[6.93796,5.21265],[6.93823,5.21265],[6.93823,5.21283],[6.93841,5.21283],[6.93841,5.21274],[6.93832,5.21274],[6.93832,5.21265],[6.93868,5.21265],[6.93868,5.21256],[6.93877,5.21256],[6.93877,5.2131],[6.93886,5.2131],[6.93886,5.21301],[6.93895,5.21301],[6.93895,5.2131],[6.93904,5.2131],[6.93904,5.21337],[6.93913,5.21337],[6.93913,5.21328],[6.93922,5.21328],[6.93922,5.21346],[6.93913,5.21346],[6.93913,5.21355],[6.93904,5.21355],[6.93904,5.21373],[6.93895,5.21373],[6.93895,5.21364],[6.93886,5.21364],[6.93886,5.21382],[6.93823,5.21382]]]}},{"type":"Feature","properties":{},"geometry":{"geodesic":false,"type":"Polygon","coordinates":[[[6.93886,4.97792],[6.93886,4.97774],[6.93877,4.97774],[6.93877,4.97765],[6.93868,4.97765],[6.93868,4.97774],[6.93859,4.97774],[6.93859,4.97783],[6.93841,4.97783],[6.93841,4.97756],[6.93832,4.97756],[6.93832,4.97748],[6.93823,4.97748],[6.93823,4.97756],[6.93805,4.97756],[6.93805,4.97739],[6.93787,4.97739],[6.93787,4.97756],[6.93778,4.97756],[6.93778,4.97774],[6.93769,4.97774],[6.93769,4.97765],[6.9376,4.97765],[6.9376,4.97774],[6.93742,4.97774],[6.93742,4.97765],[6.93751,4.97765],[6.93751,4.97756],[6.93778,4.97756],[6.93778,4.9773],[6.93769,4.9773],[6.93769,4.97712],[6.93778,4.97712],[6.93778,4.97703],[6.93805,4.97703],[6.93805,4.97694],[6.93832,4.97694],[6.93832,4.97703],[6.93859,4.97703],[6.93859,4.97721],[6.93841,4.97721],[6.93841,4.9773],[6.93859,4.9773],[6.93859,4.97739],[6.93895,4.97739],[6.93895,4.97748],[6.93904,4.97748],[6.93904,4.9773],[6.93913,4.9773],[6.93913,4.97748],[6.93922,4.97748],[6.93922,4.97756],[6.93913,4.97756],[6.93913,4.97765],[6.93895,4.97765],[6.93895,4.97756],[6.93886,4.97756],[6.93886,4.97774],[6.93895,4.97774],[6.93895,4.97792],[6.93886,4.97792]],[[6.9385,4.97756],[6.93841,4.97756],[6.93841,4.97748],[6.93832,4.97748],[6.93832,4.97739],[6.9385,4.97739],[6.9385,4.97756]]]}},{"type":"Feature","properties":{},"geometry":{"geodesic":false,"type":"Polygon","coordinates":[[[6.9394,5.20035],[6.9394,5.20026],[6.93931,5.20026],[6.93931,5.20017],[6.93913,5.20017],[6.93913,5.20035],[6.93904,5.20035],[6.93904,5.20026],[6.93886,5.20026],[6.93886,5.20017],[6.93877,5.20017],[6.93877,5.20008],[6.93868,5.20008],[6.93868,5.19999],[6.93859,5.19999],[6.93859,5.19981],[6.93877,5.19981],[6.93877,5.1999],[6.93886,5.1999],[6.93886,5.19972],[6.93868,5.19972],[6.93868,5.19963],[6.93895,5.19963],[6.93895,5.19945],[6.93913,5.19945],[6.93913,5.19936],[6.93922,5.19936],[6.93922,5.19945],[6.93931,5.19945],[6.93931,5.19963],[6.9394,5.19963],[6.9394,5.19972],[6.93931,5.19972],[6.93931,5.19981],[6.9394,5.19981],[6.9394,5.20008],[6.93967,5.20008],[6.93967,5.20026],[6.93958,5.20026],[6.93958,5.20035],[6.9394,5.20035]]]}},{"type":"Feature","properties":{},"geometry":{"geodesic":false,"type":"Polygon","coordinates":[[[6.93949,4.92483],[6.93949,4.92474],[6.93931,4.92474],[6.93931,4.92465],[6.93922,4.92465],[6.93922,4.92447],[6.93931,4.92447],[6.93931,4.92438],[6.9394,4.92438],[6.9394,4.92447],[6.93949,4.92447],[6.93949,4.92438],[6.93958,4.92438],[6.93958,4.92429],[6.93976,4.92429],[6.93976,4.92421],[6.93984,4.92421],[6.93984,4.92412],[6.93993,4.92412],[6.93993,4.92403],[6.94002,4.92403],[6.94002,4.92385],[6.94011,4.92385],[6.94011,4.92367],[6.94029,4.92367],[6.94029,4.92358],[6.94038,4.92358],[6.94038,4.92376],[6.94047,4.92376],[6.94047,4.92385],[6.94065,4.92385],[6.94065,4.92421],[6.94056,4.92421],[6.94056,4.92429],[6.94047,4.92429],[6.94047,4.92438],[6.94029,4.92438],[6.94029,4.92447],[6.94002,4.92447],[6.94002,4.92456],[6.93993,4.92456],[6.93993,4.92465],[6.93984,4.92465],[6.93984,4.92474],[6.93976,4.92474],[6.93976,4.92483],[6.93949,4.92483]]]}},{"type":"Feature","properties":{},"geometry":{"geodesic":false,"type":"Polygon","coordinates":[[[6.93984,5.21454],[6.93984,5.21445],[6.93958,5.21445],[6.93958,5.21436],[6.93949,5.21436],[6.93949,5.21427],[6.93958,5.21427],[6.93958,5.21418],[6.93976,5.21418],[6.93976,5.21409],[6.93993,5.21409],[6.93993,5.21391],[6.93984,5.21391],[6.93984,5.21382],[6.94002,5.21382],[6.94002,5.21409],[6.94011,5.21409],[6.94011,5.21382],[6.94029,5.21382],[6.94029,5.21373],[6.94038,5.21373],[6.94038,5.21382],[6.94047,5.21382],[6.94047,5.21391],[6.94056,5.21391],[6.94056,5.214],[6.94065,5.214],[6.94065,5.21409],[6.94047,5.21409],[6.94047,5.21418],[6.94029,5.21418],[6.94029,5.21436],[6.9402,5.21436],[6.9402,5.21445],[6.93993,5.21445],[6.93993,5.21454],[6.93984,5.21454]],[[6.93976,5.21436],[6.93967,5.21436],[6.93967,5.21427],[6.93976,5.21427],[6.93976,5.21436]],[[6.94002,5.21436],[6.93993,5.21436],[6.93993,5.21427],[6.94002,5.21427],[6.94002,5.21436]]]}},{"type":"Feature","properties":{},"geometry":{"geodesic":false,"type":"Polygon","coordinates":[[[6.9411,4.99203],[6.9411,4.99176],[6.94101,4.99176],[6.94101,4.99167],[6.94092,4.99167],[6.94092,4.99176],[6.94074,4.99176],[6.94074,4.99167],[6.94065,4.99167],[6.94065,4.99122],[6.94056,4.99122],[6.94056,4.99113],[6.94047,4.99113],[6.94047,4.99104],[6.94056,4.99104],[6.94056,4.99077],[6.94038,4.99077],[6.94038,4.99095],[6.94029,4.99095],[6.94029,4.99104],[6.94038,4.99104],[6.94038,4.99113],[6.94029,4.99113],[6.94029,4.99104],[6.9402,4.99104],[6.9402,4.99113],[6.94011,4.99113],[6.94011,4.99104],[6.93993,4.99104],[6.93993,4.99095],[6.93976,4.99095],[6.93976,4.99077],[6.93958,4.99077],[6.93958,4.99068],[6.93931,4.99068],[6.93931,4.99086],[6.93877,4.99086],[6.93877,4.99077],[6.93868,4.99077],[6.93868,4.99041],[6.93877,4.99041],[6.93877,4.99032],[6.93886,4.99032],[6.93886,4.99041],[6.93895,4.99041],[6.93895,4.99023],[6.93904,4.99023],[6.93904,4.99041],[6.93913,4.99041],[6.93913,4.99059],[6.93922,4.99059],[6.93922,4.99068],[6.93931,4.99068],[6.93931,4.99059],[6.93949,4.99059],[6.93949,4.9905],[6.93958,4.9905],[6.93958,4.99041],[6.93949,4.99041],[6.93949,4.99032],[6.9394,4.99032],[6.9394,4.99023],[6.93949,4.99023],[6.93949,4.98996],[6.9394,4.98996],[6.9394,4.98987],[6.93931,4.98987],[6.93931,4.98978],[6.93895,4.98978],[6.93895,4.98969],[6.93868,4.98969],[6.93868,4.98951],[6.93859,4.98951],[6.93859,4.98942],[6.93832,4.98942],[6.93832,4.98924],[6.93823,4.98924],[6.93823,4.98933],[6.93814,4.98933],[6.93814,4.98942],[6.93805,4.98942],[6.93805,4.98933],[6.93787,4.98933],[6.93787,4.98942],[6.93769,4.98942],[6.93769,4.9896],[6.93742,4.9896],[6.93742,4.98942],[6.93751,4.98942],[6.93751,4.98933],[6.93742,4.98933],[6.93742,4.98924],[6.93751,4.98924],[6.93751,4.98915],[6.9376,4.98915],[6.9376,4.98924],[6.93769,4.98924],[6.93769,4.98915],[6.93787,4.98915],[6.93787,4.98906],[6.93778,4.98906],[6.93778,4.98897],[6.93769,4.98897],[6.93769,4.98879],[6.9376,4.98879],[6.9376,4.98897],[6.93751,4.98897],[6.93751,4.98888],[6.93742,4.98888],[6.93742,4.98897],[6.93733,4.98897],[6.93733,4.98906],[6.93706,4.98906],[6.93706,4.98897],[6.9367,4.98897],[6.9367,4.98888],[6.93652,4.98888],[6.93652,4.9887],[6.93643,4.9887],[6.93643,4.98834],[6.93634,4.98834],[6.93634,4.98808],[6.93625,4.98808],[6.93625,4.98799],[6.93634,4.98799],[6.93634,4.9879],[6.93643,4.9879],[6.93643,4.98772],[6.93661,4.98772],[6.93661,4.98763],[6.9367,4.98763],[6.9367,4.98754],[6.93679,4.98754],[6.93679,4.98763],[6.93697,4.98763],[6.93697,4.98754],[6.93688,4.98754],[6.93688,4.98736],[6.93661,4.98736],[6.93661,4.98727],[6.93652,4.98727],[6.93652,4.98709],[6.9367,4.98709],[6.9367,4.987],[6.93679,4.987],[6.93679,4.98709],[6.93688,4.98709],[6.93688,4.98691],[6.93697,4.98691],[6.93697,4.98682],[6.93706,4.98682],[6.93706,4.98691],[6.93715,4.98691],[6.93715,4.98682],[6.93733,4.98682],[6.93733,4.987],[6.93742,4.987],[6.93742,4.98727],[6.93751,4.98727],[6.93751,4.98709],[6.9376,4.98709],[6.9376,4.987],[6.93751,4.987],[6.93751,4.98664],[6.93742,4.98664],[6.93742,4.98646],[6.9376,4.98646],[6.9376,4.98664],[6.93778,4.98664],[6.93778,4.98655],[6.93787,4.98655],[6.93787,4.98637],[6.93796,4.98637],[6.93796,4.98628],[6.93805,4.98628],[6.93805,4.9861],[6.93796,4.9861],[6.93796,4.98592],[6.93805,4.98592],[6.93805,4.98601],[6.93841,4.98601],[6.93841,4.9861],[6.93859,4.9861],[6.93859,4.98601],[6.93868,4.98601],[6.93868,4.98583],[6.93895,4.98583],[6.93895,4.98574],[6.93904,4.98574],[6.93904,4.98583],[6.9394,4.98583],[6.9394,4.98592],[6.93958,4.98592],[6.93958,4.98601],[6.93967,4.98601],[6.93967,4.9861],[6.93976,4.9861],[6.93976,4.98619],[6.93984,4.98619],[6.93984,4.98628],[6.93993,4.98628],[6.93993,4.98637],[6.94011,4.98637],[6.94011,4.98655],[6.9402,4.98655],[6.9402,4.98646],[6.94038,4.98646],[6.94038,4.98637],[6.94029,4.98637],[6.94029,4.98619],[6.94038,4.98619],[6.94038,4.98592],[6.94083,4.98592],[6.94083,4.98583],[6.94101,4.98583],[6.94101,4.98592],[6.94119,4.98592],[6.94119,4.98601],[6.94128,4.98601],[6.94128,4.98619],[6.94119,4.98619],[6.94119,4.98628],[6.94137,4.98628],[6.94137,4.98619],[6.94155,4.98619],[6.94155,4.98646],[6.94182,4.98646],[6.94182,4.98655],[6.94173,4.98655],[6.94173,4.98673],[6.94191,4.98673],[6.94191,4.987],[6.94209,4.987],[6.94209,4.98709],[6.94218,4.98709],[6.94218,4.98718],[6.94245,4.98718],[6.94245,4.98709],[6.94263,4.98709],[6.94263,4.98682],[6.94272,4.98682],[6.94272,4.98673],[6.94281,4.98673],[6.94281,4.98664],[6.94272,4.98664],[6.94272,4.98646],[6.94281,4.98646],[6.94281,4.98637],[6.94326,4.98637],[6.94326,4.98628],[6.94344,4.98628],[6.94344,4.98637],[6.94362,4.98637],[6.94362,4.98628],[6.94353,4.98628],[6.94353,4.98619],[6.94371,4.98619],[6.94371,4.98628],[6.9438,4.98628],[6.9438,4.98637],[6.94389,4.98637],[6.94389,4.98628],[6.94398,4.98628],[6.94398,4.98619],[6.94407,4.98619],[6.94407,4.9861],[6.94416,4.9861],[6.94416,4.98619],[6.94425,4.98619],[6.94425,4.9861],[6.94434,4.9861],[6.94434,4.98601],[6.94443,4.98601],[6.94443,4.98583],[6.94452,4.98583],[6.94452,4.98565],[6.9447,4.98565],[6.9447,4.98556],[6.94479,4.98556],[6.94479,4.98565],[6.94497,4.98565],[6.94497,4.98628],[6.94506,4.98628],[6.94506,4.98637],[6.94514,4.98637],[6.94514,4.98628],[6.94532,4.98628],[6.94532,4.98619],[6.94568,4.98619],[6.94568,4.98628],[6.94604,4.98628],[6.94604,4.98655],[6.94631,4.98655],[6.94631,4.98637],[6.94667,4.98637],[6.94667,4.98628],[6.94676,4.98628],[6.94676,4.9861],[6.94685,4.9861],[6.94685,4.98601],[6.94676,4.98601],[6.94676,4.98583],[6.94685,4.98583],[6.94685,4.98574],[6.94694,4.98574],[6.94694,4.98592],[6.94703,4.98592],[6.94703,4.98601],[6.94712,4.98601],[6.94712,4.9861],[6.94721,4.9861],[6.94721,4.98619],[6.94748,4.98619],[6.94748,4.9861],[6.94775,4.9861],[6.94775,4.98619],[6.94784,4.98619],[6.94784,4.98628],[6.94802,4.98628],[6.94802,4.98646],[6.94811,4.98646],[6.94811,4.98655],[6.9482,4.98655],[6.9482,4.98664],[6.94838,4.98664],[6.94838,4.987],[6.94847,4.987],[6.94847,4.98718],[6.94838,4.98718],[6.94838,4.98727],[6.94847,4.98727],[6.94847,4.98736],[6.94856,4.98736],[6.94856,4.98745],[6.94838,4.98745],[6.94838,4.98754],[6.94847,4.98754],[6.94847,4.98763],[6.94856,4.98763],[6.94856,4.98781],[6.94883,4.98781],[6.94883,4.98817],[6.9491,4.98817],[6.9491,4.98825],[6.94919,4.98825],[6.94919,4.98843],[6.9491,4.98843],[6.9491,4.98852],[6.94901,4.98852],[6.94901,4.98861],[6.94892,4.98861],[6.94892,4.98879],[6.94883,4.98879],[6.94883,4.98888],[6.94901,4.98888],[6.94901,4.98897],[6.94883,4.98897],[6.94883,4.98906],[6.94874,4.98906],[6.94874,4.98915],[6.94865,4.98915],[6.94865,4.98924],[6.94847,4.98924],[6.94847,4.98933],[6.94856,4.98933],[6.94856,4.9896],[6.94847,4.9896],[6.94847,4.98951],[6.94838,4.98951],[6.94838,4.9896],[6.94811,4.9896],[6.94811,4.98969],[6.94802,4.98969],[6.94802,4.9896],[6.94793,4.9896],[6.94793,4.98951],[6.94766,4.98951],[6.94766,4.9896],[6.9473,4.9896],[6.9473,4.98951],[6.94721,4.98951],[6.94721,4.98969],[6.9473,4.98969],[6.9473,4.98978],[6.94721,4.98978],[6.94721,4.98987],[6.9473,4.98987],[6.9473,4.99005],[6.94721,4.99005],[6.94721,4.99014],[6.9473,4.99014],[6.9473,4.99032],[6.94739,4.99032],[6.94739,4.99014],[6.94748,4.99014],[6.94748,4.99032],[6.94757,4.99032],[6.94757,4.9905],[6.94748,4.9905],[6.94748,4.99068],[6.94739,4.99068],[6.94739,4.99077],[6.94748,4.99077],[6.94748,4.99086],[6.9473,4.99086],[6.9473,4.99104],[6.94757,4.99104],[6.94757,4.99113],[6.94766,4.99113],[6.94766,4.99122],[6.94748,4.99122],[6.94748,4.99113],[6.94739,4.99113],[6.94739,4.9914],[6.9473,4.9914],[6.9473,4.99149],[6.94721,4.99149],[6.94721,4.99158],[6.94712,4.99158],[6.94712,4.99176],[6.94694,4.99176],[6.94694,4.99185],[6.94667,4.99185],[6.94667,4.99158],[6.94586,4.99158],[6.94586,4.99149],[6.94577,4.99149],[6.94577,4.9914],[6.94595,4.9914],[6.94595,4.99113],[6.94586,4.99113],[6.94586,4.99104],[6.94595,4.99104],[6.94595,4.99095],[6.94586,4.99095],[6.94586,4.99086],[6.94568,4.99086],[6.94568,4.99077],[6.94586,4.99077],[6.94586,4.99068],[6.94577,4.99068],[6.94577,4.99059],[6.94559,4.99059],[6.94559,4.99041],[6.94541,4.99041],[6.94541,4.99023],[6.94532,4.99023],[6.94532,4.99014],[6.94541,4.99014],[6.94541,4.98978],[6.94532,4.98978],[6.94532,4.98942],[6.94523,4.98942],[6.94523,4.98933],[6.94497,4.98933],[6.94497,4.98924],[6.94488,4.98924],[6.94488,4.98942],[6.94497,4.98942],[6.94497,4.98951],[6.94434,4.98951],[6.94434,4.98942],[6.94443,4.98942],[6.94443,4.98933],[6.94425,4.98933],[6.94425,4.98942],[6.94407,4.98942],[6.94407,4.98951],[6.94416,4.98951],[6.94416,4.9896],[6.94407,4.9896],[6.94407,4.98969],[6.94398,4.98969],[6.94398,4.98951],[6.9438,4.98951],[6.9438,4.98933],[6.94371,4.98933],[6.94371,4.9896],[6.9438,4.9896],[6.9438,4.98969],[6.94371,4.98969],[6.94371,4.98978],[6.94362,4.98978],[6.94362,4.98996],[6.94371,4.98996],[6.94371,4.99023],[6.94362,4.99023],[6.94362,4.99032],[6.94371,4.99032],[6.94371,4.99041],[6.94362,4.99041],[6.94362,4.9905],[6.94353,4.9905],[6.94353,4.99059],[6.94335,4.99059],[6.94335,4.99068],[6.94326,4.99068],[6.94326,4.99077],[6.94308,4.99077],[6.94308,4.99086],[6.94317,4.99086],[6.94317,4.99095],[6.9429,4.99095],[6.9429,4.99104],[6.94272,4.99104],[6.94272,4.99131],[6.94263,4.99131],[6.94263,4.9914],[6.94254,4.9914],[6.94254,4.99149],[6.94245,4.99149],[6.94245,4.99158],[6.94218,4.99158],[6.94218,4.9914],[6.94164,4.9914],[6.94164,4.99131],[6.94155,4.99131],[6.94155,4.99149],[6.94173,4.99149],[6.94173,4.99176],[6.94155,4.99176],[6.94155,4.99185],[6.94173,4.99185],[6.94173,4.99194],[6.94155,4.99194],[6.94155,4.99203],[6.9411,4.99203]],[[6.93904,4.99059],[6.93895,4.99059],[6.93895,4.99041],[6.93904,4.99041],[6.93904,4.99059]],[[6.93679,4.98718],[6.9367,4.98718],[6.9367,4.98709],[6.93679,4.98709],[6.93679,4.98718]],[[6.94119,4.98646],[6.9411,4.98646],[6.9411,4.98628],[6.94119,4.98628],[6.94119,4.98646]],[[6.94137,4.98655],[6.94128,4.98655],[6.94128,4.98646],[6.94137,4.98646],[6.94137,4.98655]],[[6.93778,4.98691],[6.9376,4.98691],[6.9376,4.98673],[6.93769,4.98673],[6.93769,4.98682],[6.93778,4.98682],[6.93778,4.98691]],[[6.94029,4.98691],[6.94002,4.98691],[6.94002,4.98673],[6.94011,4.98673],[6.94011,4.98664],[6.9402,4.98664],[6.9402,4.98655],[6.94047,4.98655],[6.94047,4.98673],[6.94038,4.98673],[6.94038,4.98682],[6.94029,4.98682],[6.94029,4.98691]],[[6.94038,4.98709],[6.94029,4.98709],[6.94029,4.98691],[6.94038,4.98691],[6.94038,4.98709]],[[6.94497,4.98637],[6.94479,4.98637],[6.94479,4.98628],[6.94497,4.98628],[6.94497,4.98637]],[[6.94577,4.98646],[6.94568,4.98646],[6.94568,4.98637],[6.94577,4.98637],[6.94577,4.98646]],[[6.94308,4.98664],[6.94299,4.98664],[6.94299,4.98655],[6.94308,4.98655],[6.94308,4.98664]],[[6.94541,4.98664],[6.94532,4.98664],[6.94532,4.98655],[6.94541,4.98655],[6.94541,4.98664]],[[6.94317,4.98673],[6.94308,4.98673],[6.94308,4.98664],[6.94317,4.98664],[6.94317,4.98673]],[[6.94497,4.98673],[6.94488,4.98673],[6.94488,4.98664],[6.94497,4.98664],[6.94497,4.98673]],[[6.94532,4.98673],[6.94523,4.98673],[6.94523,4.98664],[6.94532,4.98664],[6.94532,4.98673]],[[6.94604,4.98673],[6.94595,4.98673],[6.94595,4.98664],[6.94604,4.98664],[6.94604,4.98673]],[[6.94281,4.987],[6.94272,4.987],[6.94272,4.98691],[6.94281,4.98691],[6.94281,4.987]],[[6.94326,4.987],[6.94317,4.987],[6.94317,4.98691],[6.94326,4.98691],[6.94326,4.987]],[[6.93724,4.98727],[6.93697,4.98727],[6.93697,4.987],[6.93706,4.987],[6.93706,4.98709],[6.93715,4.98709],[6.93715,4.987],[6.93724,4.987],[6.93724,4.98727]],[[6.94155,4.98736],[6.94146,4.98736],[6.94146,4.98727],[6.94155,4.98727],[6.94155,4.98736]],[[6.94119,4.98745],[6.9411,4.98745],[6.9411,4.98736],[6.94119,4.98736],[6.94119,4.98745]],[[6.93769,4.98754],[6.9376,4.98754],[6.9376,4.98745],[6.93769,4.98745],[6.93769,4.98754]],[[6.9447,4.98763],[6.94452,4.98763],[6.94452,4.98745],[6.94461,4.98745],[6.94461,4.98754],[6.9447,4.98754],[6.9447,4.98763]],[[6.93751,4.98799],[6.93742,4.98799],[6.93742,4.9879],[6.93724,4.9879],[6.93724,4.98781],[6.93715,4.98781],[6.93715,4.98772],[6.93742,4.98772],[6.93742,4.98763],[6.93751,4.98763],[6.93751,4.98772],[6.93778,4.98772],[6.93778,4.98781],[6.93796,4.98781],[6.93796,4.9879],[6.93751,4.9879],[6.93751,4.98799]],[[6.94164,4.98799],[6.94155,4.98799],[6.94155,4.9879],[6.94146,4.9879],[6.94146,4.98772],[6.94137,4.98772],[6.94137,4.98745],[6.94164,4.98745],[6.94164,4.98754],[6.94173,4.98754],[6.94173,4.98772],[6.94191,4.98772],[6.94191,4.9879],[6.94182,4.9879],[6.94182,4.98781],[6.94173,4.98781],[6.94173,4.9879],[6.94164,4.9879],[6.94164,4.98799]],[[6.942,4.98799],[6.94191,4.98799],[6.94191,4.9879],[6.942,4.9879],[6.942,4.98799]],[[6.94425,4.98799],[6.94407,4.98799],[6.94407,4.9879],[6.94425,4.9879],[6.94425,4.98799]],[[6.9464,4.98808],[6.94631,4.98808],[6.94631,4.9879],[6.9464,4.9879],[6.9464,4.98808]],[[6.94631,4.98825],[6.94622,4.98825],[6.94622,4.98817],[6.94631,4.98817],[6.94631,4.98825]],[[6.9455,4.98843],[6.94523,4.98843],[6.94523,4.98834],[6.94488,4.98834],[6.94488,4.98825],[6.9447,4.98825],[6.9447,4.98817],[6.94461,4.98817],[6.94461,4.98808],[6.94443,4.98808],[6.94443,4.98799],[6.94452,4.98799],[6.94452,4.9879],[6.9447,4.9879],[6.9447,4.98781],[6.94479,4.98781],[6.94479,4.98745],[6.94461,4.98745],[6.94461,4.98736],[6.9447,4.98736],[6.9447,4.98727],[6.94452,4.98727],[6.94452,4.98718],[6.94461,4.98718],[6.94461,4.987],[6.94479,4.987],[6.94479,4.98691],[6.94497,4.98691],[6.94497,4.98718],[6.94514,4.98718],[6.94514,4.98709],[6.94506,4.98709],[6.94506,4.987],[6.94523,4.987],[6.94523,4.98691],[6.94514,4.98691],[6.94514,4.98682],[6.94532,4.98682],[6.94532,4.98673],[6.94541,4.98673],[6.94541,4.98664],[6.94559,4.98664],[6.94559,4.98682],[6.94577,4.98682],[6.94577,4.98691],[6.94586,4.98691],[6.94586,4.98718],[6.94595,4.98718],[6.94595,4.98736],[6.94613,4.98736],[6.94613,4.98745],[6.94622,4.98745],[6.94622,4.98772],[6.94631,4.98772],[6.94631,4.98763],[6.9464,4.98763],[6.9464,4.98781],[6.94631,4.98781],[6.94631,4.9879],[6.94613,4.9879],[6.94613,4.98817],[6.94586,4.98817],[6.94586,4.98834],[6.94577,4.98834],[6.94577,4.98825],[6.94568,4.98825],[6.94568,4.98817],[6.9455,4.98817],[6.9455,4.98843]],[[6.94712,4.98843],[6.94703,4.98843],[6.94703,4.98817],[6.94721,4.98817],[6.94721,4.98799],[6.9473,4.98799],[6.9473,4.98808],[6.94739,4.98808],[6.94739,4.98825],[6.94712,4.98825],[6.94712,4.98843]],[[6.93967,4.98852],[6.93958,4.98852],[6.93958,4.98834],[6.93967,4.98834],[6.93967,4.98852]],[[6.93706,4.98861],[6.93697,4.98861],[6.93697,4.98852],[6.93706,4.98852],[6.93706,4.98861]],[[6.93733,4.98861],[6.93724,4.98861],[6.93724,4.98852],[6.93733,4.98852],[6.93733,4.98861]],[[6.94892,4.98861],[6.94883,4.98861],[6.94883,4.98852],[6.94892,4.98852],[6.94892,4.98861]],[[6.93751,4.9887],[6.93742,4.9887],[6.93742,4.98861],[6.93751,4.98861],[6.93751,4.9887]],[[6.94317,4.9887],[6.94299,4.9887],[6.94299,4.98852],[6.94308,4.98852],[6.94308,4.98861],[6.94317,4.98861],[6.94317,4.9887]],[[6.9376,4.98879],[6.93751,4.98879],[6.93751,4.9887],[6.9376,4.9887],[6.9376,4.98879]],[[6.94613,4.98879],[6.94595,4.98879],[6.94595,4.9887],[6.94613,4.9887],[6.94613,4.98879]],[[6.94164,4.98906],[6.94155,4.98906],[6.94155,4.98879],[6.94173,4.98879],[6.94173,4.98888],[6.94164,4.98888],[6.94164,4.98906]],[[6.94182,4.98906],[6.94173,4.98906],[6.94173,4.98897],[6.94182,4.98897],[6.94182,4.98906]],[[6.94479,4.98915],[6.9447,4.98915],[6.9447,4.98861],[6.94497,4.98861],[6.94497,4.98852],[6.94506,4.98852],[6.94506,4.9887],[6.94497,4.9887],[6.94497,4.98906],[6.94479,4.98906],[6.94479,4.98915]],[[6.94119,4.98924],[6.94101,4.98924],[6.94101,4.98915],[6.94119,4.98915],[6.94119,4.98924]],[[6.93868,4.98933],[6.93841,4.98933],[6.93841,4.98924],[6.9385,4.98924],[6.9385,4.98915],[6.93868,4.98915],[6.93868,4.98933]],[[6.94146,4.98933],[6.94137,4.98933],[6.94137,4.98924],[6.94146,4.98924],[6.94146,4.98933]],[[6.94317,4.98933],[6.94299,4.98933],[6.94299,4.98915],[6.94326,4.98915],[6.94326,4.98924],[6.94317,4.98924],[6.94317,4.98933]],[[6.94083,4.9896],[6.94074,4.9896],[6.94074,4.98915],[6.94083,4.98915],[6.94083,4.98942],[6.94092,4.98942],[6.94092,4.98951],[6.94083,4.98951],[6.94083,4.9896]],[[6.94101,4.9896],[6.94092,4.9896],[6.94092,4.98951],[6.94101,4.98951],[6.94101,4.9896]],[[6.94667,4.98969],[6.94658,4.98969],[6.94658,4.98942],[6.9464,4.98942],[6.9464,4.98933],[6.94631,4.98933],[6.94631,4.98924],[6.94622,4.98924],[6.94622,4.98897],[6.94613,4.98897],[6.94613,4.98879],[6.9464,4.98879],[6.9464,4.98888],[6.94649,4.98888],[6.94649,4.98879],[6.94658,4.98879],[6.94658,4.9887],[6.94685,4.9887],[6.94685,4.98852],[6.94703,4.98852],[6.94703,4.9887],[6.94712,4.9887],[6.94712,4.98861],[6.94739,4.98861],[6.94739,4.98852],[6.94748,4.98852],[6.94748,4.98879],[6.94757,4.98879],[6.94757,4.98888],[6.94766,4.98888],[6.94766,4.98906],[6.94757,4.98906],[6.94757,4.98915],[6.94775,4.98915],[6.94775,4.98942],[6.94766,4.98942],[6.94766,4.98924],[6.94721,4.98924],[6.94721,4.98933],[6.94739,4.98933],[6.94739,4.98942],[6.94721,4.98942],[6.94721,4.98951],[6.94676,4.98951],[6.94676,4.9896],[6.94667,4.9896],[6.94667,4.98969]],[[6.94074,4.98987],[6.94065,4.98987],[6.94065,4.98978],[6.94047,4.98978],[6.94047,4.98969],[6.94065,4.98969],[6.94065,4.9896],[6.94074,4.9896],[6.94074,4.98987]],[[6.94245,4.99005],[6.94236,4.99005],[6.94236,4.98996],[6.94245,4.98996],[6.94245,4.99005]],[[6.94029,4.99023],[6.94011,4.99023],[6.94011,4.99014],[6.94029,4.99014],[6.94029,4.99023]],[[6.94065,4.99023],[6.94047,4.99023],[6.94047,4.99014],[6.94029,4.99014],[6.94029,4.99005],[6.94038,4.99005],[6.94038,4.98996],[6.94056,4.98996],[6.94056,4.99014],[6.94065,4.99014],[6.94065,4.99023]],[[6.9455,4.99023],[6.94541,4.99023],[6.94541,4.99014],[6.9455,4.99014],[6.9455,4.99023]],[[6.94685,4.99023],[6.94676,4.99023],[6.94676,4.99014],[6.94685,4.99014],[6.94685,4.99023]],[[6.94209,4.99032],[6.942,4.99032],[6.942,4.99014],[6.94218,4.99014],[6.94218,4.99023],[6.94209,4.99023],[6.94209,4.99032]],[[6.9429,4.99032],[6.94281,4.99032],[6.94281,4.99023],[6.9429,4.99023],[6.9429,4.99032]],[[6.94047,4.99041],[6.94038,4.99041],[6.94038,4.99032],[6.94047,4.99032],[6.94047,4.99041]],[[6.94308,4.99041],[6.94299,4.99041],[6.94299,4.99014],[6.94308,4.99014],[6.94308,4.99023],[6.94317,4.99023],[6.94317,4.99032],[6.94308,4.99032],[6.94308,4.99041]],[[6.94362,4.99041],[6.94353,4.99041],[6.94353,4.99032],[6.94362,4.99032],[6.94362,4.99041]],[[6.94649,4.99041],[6.9464,4.99041],[6.9464,4.99032],[6.94631,4.99032],[6.94631,4.99041],[6.94604,4.99041],[6.94604,4.99023],[6.94595,4.99023],[6.94595,4.99014],[6.94586,4.99014],[6.94586,4.98996],[6.94604,4.98996],[6.94604,4.98987],[6.94631,4.98987],[6.94631,4.98996],[6.9464,4.98996],[6.9464,4.98987],[6.94658,4.98987],[6.94658,4.98996],[6.94667,4.98996],[6.94667,4.99014],[6.94658,4.99014],[6.94658,4.99032],[6.94649,4.99032],[6.94649,4.99041]],[[6.9464,4.9905],[6.94631,4.9905],[6.94631,4.99041],[6.9464,4.99041],[6.9464,4.9905]],[[6.94236,4.99059],[6.94209,4.99059],[6.94209,4.99041],[6.94227,4.99041],[6.94227,4.9905],[6.94236,4.9905],[6.94236,4.99059]],[[6.9429,4.99059],[6.94254,4.99059],[6.94254,4.9905],[6.94236,4.9905],[6.94236,4.99041],[6.94227,4.99041],[6.94227,4.99032],[6.94236,4.99032],[6.94236,4.99023],[6.94245,4.99023],[6.94245,4.99032],[6.94254,4.99032],[6.94254,4.99041],[6.94263,4.99041],[6.94263,4.99032],[6.94281,4.99032],[6.94281,4.9905],[6.9429,4.9905],[6.9429,4.99059]],[[6.94155,4.99068],[6.94146,4.99068],[6.94146,4.9905],[6.94164,4.9905],[6.94164,4.99059],[6.94155,4.99059],[6.94155,4.99068]],[[6.94326,4.99068],[6.94308,4.99068],[6.94308,4.99059],[6.94326,4.99059],[6.94326,4.99068]],[[6.94631,4.99068],[6.94622,4.99068],[6.94622,4.99059],[6.94631,4.99059],[6.94631,4.99068]],[[6.94128,4.99077],[6.94119,4.99077],[6.94119,4.99068],[6.94128,4.99068],[6.94128,4.99077]],[[6.94622,4.99086],[6.94613,4.99086],[6.94613,4.99077],[6.94604,4.99077],[6.94604,4.99068],[6.94622,4.99068],[6.94622,4.99086]],[[6.94083,4.99095],[6.94074,4.99095],[6.94074,4.99086],[6.94065,4.99086],[6.94065,4.99068],[6.94074,4.99068],[6.94074,4.99059],[6.94065,4.99059],[6.94065,4.9905],[6.94074,4.9905],[6.94074,4.99041],[6.94083,4.99041],[6.94083,4.99032],[6.94092,4.99032],[6.94092,4.99023],[6.94083,4.99023],[6.94083,4.99014],[6.94065,4.99014],[6.94065,4.99005],[6.94083,4.99005],[6.94083,4.98987],[6.94101,4.98987],[6.94101,4.98996],[6.9411,4.98996],[6.9411,4.98987],[6.94119,4.98987],[6.94119,4.98978],[6.9411,4.98978],[6.9411,4.98969],[6.94101,4.98969],[6.94101,4.9896],[6.9411,4.9896],[6.9411,4.98942],[6.94137,4.98942],[6.94137,4.98951],[6.94146,4.98951],[6.94146,4.9896],[6.94173,4.9896],[6.94173,4.98969],[6.94155,4.98969],[6.94155,4.98978],[6.94137,4.98978],[6.94137,4.98987],[6.94146,4.98987],[6.94146,4.98996],[6.94164,4.98996],[6.94164,4.99005],[6.94173,4.99005],[6.94173,4.99014],[6.94182,4.99014],[6.94182,4.99005],[6.94173,4.99005],[6.94173,4.98996],[6.94182,4.98996],[6.94182,4.98987],[6.94191,4.98987],[6.94191,4.99005],[6.942,4.99005],[6.942,4.99014],[6.94191,4.99014],[6.94191,4.99023],[6.94182,4.99023],[6.94182,4.99041],[6.94173,4.99041],[6.94173,4.99032],[6.94155,4.99032],[6.94155,4.99041],[6.94146,4.99041],[6.94146,4.9905],[6.94119,4.9905],[6.94119,4.99068],[6.94101,4.99068],[6.94101,4.99086],[6.94092,4.99086],[6.94092,4.99077],[6.94083,4.99077],[6.94083,4.99095]],[[6.94146,4.99095],[6.94119,4.99095],[6.94119,4.99086],[6.94146,4.99086],[6.94146,4.99095]],[[6.94712,4.99104],[6.94703,4.99104],[6.94703,4.99095],[6.94712,4.99095],[6.94712,4.99104]],[[6.94649,4.99149],[6.9464,4.99149],[6.9464,4.9914],[6.94622,4.9914],[6.94622,4.99131],[6.94631,4.99131],[6.94631,4.99113],[6.94658,4.99113],[6.94658,4.9914],[6.94649,4.9914],[6.94649,4.99149]],[[6.94155,4.99167],[6.94128,4.99167],[6.94128,4.99158],[6.94155,4.99158],[6.94155,4.99167]],[[6.94119,4.99176],[6.9411,4.99176],[6.9411,4.99167],[6.94119,4.99167],[6.94119,4.99176]]]}},{"type":"Feature","properties":{},"geometry":{"geodesic":false,"type":"Polygon","coordinates":[[[6.94191,4.97056],[6.94191,4.97047],[6.94146,4.97047],[6.94146,4.97038],[6.94119,4.97038],[6.94119,4.97029],[6.94101,4.97029],[6.94101,4.9702],[6.9411,4.9702],[6.9411,4.96993],[6.94119,4.96993],[6.94119,4.96984],[6.94128,4.96984],[6.94128,4.96975],[6.94137,4.96975],[6.94137,4.96984],[6.94155,4.96984],[6.94155,4.96993],[6.94164,4.96993],[6.94164,4.97002],[6.94173,4.97002],[6.94173,4.97011],[6.94182,4.97011],[6.94182,4.97029],[6.94191,4.97029],[6.94191,4.97038],[6.94209,4.97038],[6.94209,4.97047],[6.942,4.97047],[6.942,4.97056],[6.94191,4.97056]]]}},{"type":"Feature","properties":{},"geometry":{"geodesic":false,"type":"Polygon","coordinates":[[[6.94272,4.9861],[6.94272,4.98592],[6.94263,4.98592],[6.94263,4.98556],[6.94254,4.98556],[6.94254,4.98565],[6.94245,4.98565],[6.94245,4.98574],[6.94236,4.98574],[6.94236,4.98565],[6.94245,4.98565],[6.94245,4.98556],[6.94236,4.98556],[6.94236,4.98547],[6.94227,4.98547],[6.94227,4.98538],[6.94236,4.98538],[6.94236,4.98529],[6.94245,4.98529],[6.94245,4.98511],[6.94254,4.98511],[6.94254,4.9852],[6.94272,4.9852],[6.94272,4.98538],[6.94317,4.98538],[6.94317,4.98556],[6.94308,4.98556],[6.94308,4.98574],[6.94317,4.98574],[6.94317,4.98592],[6.94299,4.98592],[6.94299,4.98601],[6.94281,4.98601],[6.94281,4.9861],[6.94272,4.9861]],[[6.94299,4.98574],[6.94281,4.98574],[6.94281,4.98565],[6.94299,4.98565],[6.94299,4.98574]],[[6.94299,4.98592],[6.9429,4.98592],[6.9429,4.98583],[6.94299,4.98583],[6.94299,4.98592]]]}},{"type":"Feature","properties":{},"geometry":{"geodesic":false,"type":"Polygon","coordinates":[[[6.94317,4.97505],[6.94317,4.97487],[6.94308,4.97487],[6.94308,4.97478],[6.94299,4.97478],[6.94299,4.97469],[6.9429,4.97469],[6.9429,4.9746],[6.94299,4.9746],[6.94299,4.97442],[6.94308,4.97442],[6.94308,4.97433],[6.94317,4.97433],[6.94317,4.97451],[6.94335,4.97451],[6.94335,4.97442],[6.94353,4.97442],[6.94353,4.97433],[6.94344,4.97433],[6.94344,4.97424],[6.94335,4.97424],[6.94335,4.97388],[6.94344,4.97388],[6.94344,4.9737],[6.94353,4.9737],[6.94353,4.97352],[6.94362,4.97352],[6.94362,4.97334],[6.94389,4.97334],[6.94389,4.97298],[6.94407,4.97298],[6.94407,4.97325],[6.94416,4.97325],[6.94416,4.97334],[6.94407,4.97334],[6.94407,4.97325],[6.94398,4.97325],[6.94398,4.97343],[6.94407,4.97343],[6.94407,4.97352],[6.94398,4.97352],[6.94398,4.97343],[6.94389,4.97343],[6.94389,4.9737],[6.94398,4.9737],[6.94398,4.97379],[6.94407,4.97379],[6.94407,4.97388],[6.94416,4.97388],[6.94416,4.97397],[6.94425,4.97397],[6.94425,4.97406],[6.94398,4.97406],[6.94398,4.97415],[6.94389,4.97415],[6.94389,4.97433],[6.9438,4.97433],[6.9438,4.97442],[6.94371,4.97442],[6.94371,4.97451],[6.94362,4.97451],[6.94362,4.9746],[6.94371,4.9746],[6.94371,4.97469],[6.9438,4.97469],[6.9438,4.97487],[6.94371,4.97487],[6.94371,4.97478],[6.94344,4.97478],[6.94344,4.97487],[6.94335,4.97487],[6.94335,4.97496],[6.94326,4.97496],[6.94326,4.97505],[6.94317,4.97505]],[[6.94371,4.97361],[6.94362,4.97361],[6.94362,4.97352],[6.94371,4.97352],[6.94371,4.97361]],[[6.94371,4.97397],[6.94353,4.97397],[6.94353,4.97388],[6.94371,4.97388],[6.94371,4.97397]],[[6.94326,4.97469],[6.94308,4.97469],[6.94308,4.9746],[6.94326,4.9746],[6.94326,4.97469]],[[6.94335,4.97478],[6.94326,4.97478],[6.94326,4.97469],[6.94335,4.97469],[6.94335,4.97478]],[[6.94326,4.97487],[6.94317,4.97487],[6.94317,4.97478],[6.94326,4.97478],[6.94326,4.97487]]]}},{"type":"Feature","properties":{},"geometry":{"geodesic":false,"type":"Polygon","coordinates":[[[6.94335,4.95942],[6.94335,4.95933],[6.94326,4.95933],[6.94326,4.95942],[6.94317,4.95942],[6.94317,4.95933],[6.94308,4.95933],[6.94308,4.95942],[6.94299,4.95942],[6.94299,4.95933],[6.94263,4.95933],[6.94263,4.95924],[6.94254,4.95924],[6.94254,4.95879],[6.94245,4.95879],[6.94245,4.9587],[6.94263,4.9587],[6.94263,4.95861],[6.9429,4.95861],[6.9429,4.95852],[6.94326,4.95852],[6.94326,4.95861],[6.94335,4.95861],[6.94335,4.95852],[6.94344,4.95852],[6.94344,4.95888],[6.94353,4.95888],[6.94353,4.95879],[6.94362,4.95879],[6.94362,4.95888],[6.9438,4.95888],[6.9438,4.95897],[6.94389,4.95897],[6.94389,4.95906],[6.9438,4.95906],[6.9438,4.95915],[6.94362,4.95915],[6.94362,4.95924],[6.94353,4.95924],[6.94353,4.95933],[6.94344,4.95933],[6.94344,4.95942],[6.94335,4.95942]],[[6.94326,4.9587],[6.94317,4.9587],[6.94317,4.95861],[6.94326,4.95861],[6.94326,4.9587]]]}},{"type":"Feature","properties":{},"geometry":{"geodesic":false,"type":"Polygon","coordinates":[[[6.94371,5.0011],[6.94371,5.00101],[6.94353,5.00101],[6.94353,5.00092],[6.94344,5.00092],[6.94344,5.00083],[6.94326,5.00083],[6.94326,5.00092],[6.94317,5.00092],[6.94317,5.00083],[6.94308,5.00083],[6.94308,5.00065],[6.9429,5.00065],[6.9429,5.00056],[6.94281,5.00056],[6.94281,5.00038],[6.94263,5.00038],[6.94263,5.00029],[6.94254,5.00029],[6.94254,5.0002],[6.94263,5.0002],[6.94263,5.00011],[6.94254,5.00011],[6.94254,4.99993],[6.94245,4.99993],[6.94245,4.99975],[6.94236,4.99975],[6.94236,4.99966],[6.94227,4.99966],[6.94227,4.99957],[6.94209,4.99957],[6.94209,4.99948],[6.94191,4.99948],[6.94191,4.99957],[6.94182,4.99957],[6.94182,4.99975],[6.94146,4.99975],[6.94146,4.99957],[6.94128,4.99957],[6.94128,4.99948],[6.94119,4.99948],[6.94119,4.99939],[6.94137,4.99939],[6.94137,4.99921],[6.94146,4.99921],[6.94146,4.99903],[6.94137,4.99903],[6.94137,4.99894],[6.94128,4.99894],[6.94128,4.99877],[6.94137,4.99877],[6.94137,4.99868],[6.94146,4.99868],[6.94146,4.99886],[6.94155,4.99886],[6.94155,4.99868],[6.94164,4.99868],[6.94164,4.99859],[6.94155,4.99859],[6.94155,4.99832],[6.94146,4.99832],[6.94146,4.99805],[6.94155,4.99805],[6.94155,4.99796],[6.94191,4.99796],[6.94191,4.99787],[6.94209,4.99787],[6.94209,4.99778],[6.942,4.99778],[6.942,4.9976],[6.94209,4.9976],[6.94209,4.99751],[6.94227,4.99751],[6.94227,4.9976],[6.94236,4.9976],[6.94236,4.99769],[6.94245,4.99769],[6.94245,4.99778],[6.94218,4.99778],[6.94218,4.99787],[6.94227,4.99787],[6.94227,4.99796],[6.94254,4.99796],[6.94254,4.99769],[6.94263,4.99769],[6.94263,4.9976],[6.94272,4.9976],[6.94272,4.99769],[6.94326,4.99769],[6.94326,4.99787],[6.94335,4.99787],[6.94335,4.99814],[6.94344,4.99814],[6.94344,4.99805],[6.94353,4.99805],[6.94353,4.99814],[6.94371,4.99814],[6.94371,4.99823],[6.9438,4.99823],[6.9438,4.99832],[6.94371,4.99832],[6.94371,4.99841],[6.9438,4.99841],[6.9438,4.9985],[6.94371,4.9985],[6.94371,4.99841],[6.94353,4.99841],[6.94353,4.99832],[6.94335,4.99832],[6.94335,4.99841],[6.94326,4.99841],[6.94326,4.9985],[6.94353,4.9985],[6.94353,4.99859],[6.9438,4.99859],[6.9438,4.99886],[6.94389,4.99886],[6.94389,4.99894],[6.94398,4.99894],[6.94398,4.99912],[6.94416,4.99912],[6.94416,4.99921],[6.94407,4.99921],[6.94407,4.99984],[6.94416,4.99984],[6.94416,4.99993],[6.94425,4.99993],[6.94425,5.00002],[6.94398,5.00002],[6.94398,5.00011],[6.94389,5.00011],[6.94389,5.00029],[6.94398,5.00029],[6.94398,5.00101],[6.94389,5.00101],[6.94389,5.0011],[6.94371,5.0011]],[[6.94353,4.99823],[6.94344,4.99823],[6.94344,4.99814],[6.94353,4.99814],[6.94353,4.99823]],[[6.9438,5.00029],[6.94371,5.00029],[6.94371,5.0002],[6.9438,5.0002],[6.9438,5.00029]]]}},{"type":"Feature","properties":{},"geometry":{"geodesic":false,"type":"Polygon","coordinates":[[[6.94541,4.92349],[6.94541,4.9234],[6.94523,4.9234],[6.94523,4.92349],[6.94514,4.92349],[6.94514,4.9234],[6.94497,4.9234],[6.94497,4.92331],[6.94479,4.92331],[6.94479,4.92322],[6.9447,4.92322],[6.9447,4.92304],[6.94461,4.92304],[6.94461,4.92295],[6.94398,4.92295],[6.94398,4.92286],[6.94371,4.92286],[6.94371,4.9225],[6.94362,4.9225],[6.94362,4.92205],[6.94371,4.92205],[6.94371,4.92178],[6.9438,4.92178],[6.9438,4.92151],[6.94416,4.92151],[6.94416,4.92142],[6.9447,4.92142],[6.9447,4.92133],[6.94452,4.92133],[6.94452,4.92124],[6.94461,4.92124],[6.94461,4.92097],[6.94452,4.92097],[6.94452,4.92052],[6.94443,4.92052],[6.94443,4.92007],[6.94461,4.92007],[6.94461,4.91998],[6.9447,4.91998],[6.9447,4.91989],[6.94479,4.91989],[6.94479,4.9198],[6.94488,4.9198],[6.94488,4.91989],[6.94497,4.91989],[6.94497,4.91998],[6.94506,4.91998],[6.94506,4.92007],[6.94514,4.92007],[6.94514,4.92016],[6.94523,4.92016],[6.94523,4.92025],[6.94532,4.92025],[6.94532,4.92034],[6.94541,4.92034],[6.94541,4.92043],[6.94604,4.92043],[6.94604,4.92052],[6.9464,4.92052],[6.9464,4.92061],[6.94667,4.92061],[6.94667,4.9207],[6.94676,4.9207],[6.94676,4.92061],[6.94685,4.92061],[6.94685,4.92034],[6.94694,4.92034],[6.94694,4.92043],[6.94703,4.92043],[6.94703,4.92061],[6.94712,4.92061],[6.94712,4.9207],[6.9473,4.9207],[6.9473,4.92088],[6.94739,4.92088],[6.94739,4.92097],[6.94748,4.92097],[6.94748,4.92106],[6.94757,4.92106],[6.94757,4.92115],[6.94766,4.92115],[6.94766,4.92106],[6.94775,4.92106],[6.94775,4.92124],[6.94784,4.92124],[6.94784,4.92133],[6.94775,4.92133],[6.94775,4.92151],[6.94766,4.92151],[6.94766,4.9216],[6.94757,4.9216],[6.94757,4.92178],[6.94748,4.92178],[6.94748,4.92196],[6.94739,4.92196],[6.94739,4.92178],[6.9473,4.92178],[6.9473,4.92187],[6.94721,4.92187],[6.94721,4.92196],[6.9473,4.92196],[6.9473,4.92223],[6.94703,4.92223],[6.94703,4.92232],[6.94712,4.92232],[6.94712,4.92241],[6.94703,4.92241],[6.94703,4.9225],[6.94685,4.9225],[6.94685,4.92259],[6.94676,4.92259],[6.94676,4.92268],[6.94667,4.92268],[6.94667,4.92286],[6.94658,4.92286],[6.94658,4.92304],[6.94649,4.92304],[6.94649,4.92313],[6.9464,4.92313],[6.9464,4.92322],[6.94631,4.92322],[6.94631,4.92331],[6.94622,4.92331],[6.94622,4.9234],[6.94604,4.9234],[6.94604,4.92349],[6.94541,4.92349]],[[6.94479,4.92151],[6.9447,4.92151],[6.9447,4.92142],[6.94479,4.92142],[6.94479,4.92151]],[[6.94461,4.92259],[6.94434,4.92259],[6.94434,4.92232],[6.94461,4.92232],[6.94461,4.92259]]]}},{"type":"Feature","properties":{},"geometry":{"geodesic":false,"type":"Polygon","coordinates":[[[6.94613,4.96355],[6.94613,4.96346],[6.94595,4.96346],[6.94595,4.96337],[6.94604,4.96337],[6.94604,4.96328],[6.94586,4.96328],[6.94586,4.96319],[6.94577,4.96319],[6.94577,4.9631],[6.94568,4.9631],[6.94568,4.96301],[6.94559,4.96301],[6.94559,4.9631],[6.9455,4.9631],[6.9455,4.96319],[6.94523,4.96319],[6.94523,4.96301],[6.94541,4.96301],[6.94541,4.96274],[6.94559,4.96274],[6.94559,4.96265],[6.94577,4.96265],[6.94577,4.96256],[6.94568,4.96256],[6.94568,4.96193],[6.94586,4.96193],[6.94586,4.9622],[6.94622,4.9622],[6.94622,4.96211],[6.94631,4.96211],[6.94631,4.9622],[6.9464,4.9622],[6.9464,4.96211],[6.94649,4.96211],[6.94649,4.9622],[6.94658,4.9622],[6.94658,4.96238],[6.94676,4.96238],[6.94676,4.96247],[6.94658,4.96247],[6.94658,4.96256],[6.94667,4.96256],[6.94667,4.96265],[6.94676,4.96265],[6.94676,4.96283],[6.94667,4.96283],[6.94667,4.96292],[6.94658,4.96292],[6.94658,4.96301],[6.94649,4.96301],[6.94649,4.96319],[6.9464,4.96319],[6.9464,4.9631],[6.94631,4.9631],[6.94631,4.96337],[6.94622,4.96337],[6.94622,4.96355],[6.94613,4.96355]]]}},{"type":"Feature","properties":{},"geometry":{"geodesic":false,"type":"Polygon","coordinates":[[[6.94712,5.00901],[6.94712,5.00883],[6.94703,5.00883],[6.94703,5.00874],[6.94712,5.00874],[6.94712,5.00847],[6.94703,5.00847],[6.94703,5.00838],[6.94712,5.00838],[6.94712,5.00829],[6.9473,5.00829],[6.9473,5.0082],[6.94739,5.0082],[6.94739,5.00811],[6.9473,5.00811],[6.9473,5.00802],[6.94757,5.00802],[6.94757,5.00775],[6.94748,5.00775],[6.94748,5.00793],[6.94739,5.00793],[6.94739,5.00775],[6.9473,5.00775],[6.9473,5.00766],[6.94739,5.00766],[6.94739,5.00757],[6.9473,5.00757],[6.9473,5.0073],[6.94721,5.0073],[6.94721,5.00721],[6.94712,5.00721],[6.94712,5.00712],[6.94721,5.00712],[6.94721,5.00721],[6.9473,5.00721],[6.9473,5.00703],[6.94775,5.00703],[6.94775,5.00712],[6.94793,5.00712],[6.94793,5.00721],[6.94802,5.00721],[6.94802,5.0073],[6.94793,5.0073],[6.94793,5.00739],[6.94802,5.00739],[6.94802,5.00775],[6.94838,5.00775],[6.94838,5.00784],[6.94829,5.00784],[6.94829,5.00811],[6.9482,5.00811],[6.9482,5.00802],[6.94802,5.00802],[6.94802,5.00811],[6.94793,5.00811],[6.94793,5.00838],[6.94775,5.00838],[6.94775,5.00847],[6.94766,5.00847],[6.94766,5.00856],[6.94748,5.00856],[6.94748,5.00865],[6.94775,5.00865],[6.94775,5.00874],[6.94784,5.00874],[6.94784,5.00883],[6.94775,5.00883],[6.94775,5.00874],[6.94757,5.00874],[6.94757,5.00883],[6.94739,5.00883],[6.94739,5.00892],[6.94721,5.00892],[6.94721,5.00901],[6.94712,5.00901]],[[6.94748,5.00874],[6.94739,5.00874],[6.94739,5.00865],[6.94748,5.00865],[6.94748,5.00874]],[[6.94739,5.00883],[6.9473,5.00883],[6.9473,5.00874],[6.94739,5.00874],[6.94739,5.00883]]]}},{"type":"Feature","properties":{},"geometry":{"geodesic":false,"type":"Polygon","coordinates":[[[6.94757,4.92313],[6.94757,4.92304],[6.94748,4.92304],[6.94748,4.92286],[6.9473,4.92286],[6.9473,4.92268],[6.94721,4.92268],[6.94721,4.92259],[6.9473,4.92259],[6.9473,4.92241],[6.94739,4.92241],[6.94739,4.92205],[6.94748,4.92205],[6.94748,4.92223],[6.94757,4.92223],[6.94757,4.92232],[6.94766,4.92232],[6.94766,4.92241],[6.94811,4.92241],[6.94811,4.92232],[6.9482,4.92232],[6.9482,4.92259],[6.94829,4.92259],[6.94829,4.92277],[6.94802,4.92277],[6.94802,4.92286],[6.94784,4.92286],[6.94784,4.92295],[6.94775,4.92295],[6.94775,4.92286],[6.94766,4.92286],[6.94766,4.92313],[6.94757,4.92313]]]}},{"type":"Feature","properties":{},"geometry":{"geodesic":false,"type":"Polygon","coordinates":[[[6.94757,4.97622],[6.94757,4.97613],[6.94748,4.97613],[6.94748,4.97622],[6.94703,4.97622],[6.94703,4.97604],[6.94694,4.97604],[6.94694,4.97586],[6.94685,4.97586],[6.94685,4.97577],[6.94667,4.97577],[6.94667,4.97568],[6.94658,4.97568],[6.94658,4.97559],[6.94649,4.97559],[6.94649,4.97568],[6.9464,4.97568],[6.9464,4.97505],[6.94658,4.97505],[6.94658,4.97487],[6.94667,4.97487],[6.94667,4.97478],[6.94703,4.97478],[6.94703,4.97469],[6.94748,4.97469],[6.94748,4.97478],[6.94766,4.97478],[6.94766,4.97469],[6.94775,4.97469],[6.94775,4.97478],[6.94784,4.97478],[6.94784,4.97487],[6.94793,4.97487],[6.94793,4.97496],[6.94802,4.97496],[6.94802,4.97523],[6.94793,4.97523],[6.94793,4.97541],[6.94784,4.97541],[6.94784,4.97568],[6.94766,4.97568],[6.94766,4.97586],[6.94757,4.97586],[6.94757,4.97613],[6.94775,4.97613],[6.94775,4.97622],[6.94757,4.97622]],[[6.94757,4.97577],[6.94748,4.97577],[6.94748,4.97568],[6.94757,4.97568],[6.94757,4.97577]]]}},{"type":"Feature","properties":{},"geometry":{"geodesic":false,"type":"Polygon","coordinates":[[[6.94775,5.10513],[6.94775,5.10504],[6.94766,5.10504],[6.94766,5.10495],[6.94757,5.10495],[6.94757,5.10486],[6.94748,5.10486],[6.94748,5.10504],[6.9473,5.10504],[6.9473,5.10495],[6.94712,5.10495],[6.94712,5.10486],[6.9473,5.10486],[6.9473,5.10477],[6.94721,5.10477],[6.94721,5.10468],[6.9473,5.10468],[6.9473,5.10459],[6.94739,5.10459],[6.94739,5.1045],[6.9473,5.1045],[6.9473,5.10441],[6.94721,5.10441],[6.94721,5.10423],[6.9473,5.10423],[6.9473,5.10414],[6.94739,5.10414],[6.94739,5.10387],[6.94757,5.10387],[6.94757,5.10378],[6.94766,5.10378],[6.94766,5.10405],[6.94775,5.10405],[6.94775,5.10414],[6.94784,5.10414],[6.94784,5.10405],[6.94802,5.10405],[6.94802,5.10414],[6.9482,5.10414],[6.9482,5.10423],[6.94802,5.10423],[6.94802,5.10414],[6.94784,5.10414],[6.94784,5.10423],[6.94766,5.10423],[6.94766,5.10441],[6.94748,5.10441],[6.94748,5.1045],[6.94757,5.1045],[6.94757,5.10477],[6.94766,5.10477],[6.94766,5.10468],[6.94784,5.10468],[6.94784,5.10486],[6.94802,5.10486],[6.94802,5.10495],[6.94811,5.10495],[6.94811,5.10513],[6.94775,5.10513]]]}},{"type":"Feature","properties":{},"geometry":{"geodesic":false,"type":"Polygon","coordinates":[[[6.94865,4.95861],[6.94865,4.95843],[6.94856,4.95843],[6.94856,4.95852],[6.94838,4.95852],[6.94838,4.95861],[6.9482,4.95861],[6.9482,4.95852],[6.94811,4.95852],[6.94811,4.95861],[6.94766,4.95861],[6.94766,4.95852],[6.94757,4.95852],[6.94757,4.95843],[6.94748,4.95843],[6.94748,4.95834],[6.94739,4.95834],[6.94739,4.95825],[6.9473,4.95825],[6.9473,4.95816],[6.94721,4.95816],[6.94721,4.95807],[6.94712,4.95807],[6.94712,4.95798],[6.94721,4.95798],[6.94721,4.9578],[6.9473,4.9578],[6.9473,4.95744],[6.94748,4.95744],[6.94748,4.95708],[6.94757,4.95708],[6.94757,4.95717],[6.94766,4.95717],[6.94766,4.95708],[6.94784,4.95708],[6.94784,4.95717],[6.94766,4.95717],[6.94766,4.95735],[6.94775,4.95735],[6.94775,4.95744],[6.94784,4.95744],[6.94784,4.95735],[6.94793,4.95735],[6.94793,4.95744],[6.94784,4.95744],[6.94784,4.95771],[6.94793,4.95771],[6.94793,4.95762],[6.94802,4.95762],[6.94802,4.95753],[6.94811,4.95753],[6.94811,4.95744],[6.94829,4.95744],[6.94829,4.95753],[6.94838,4.95753],[6.94838,4.95744],[6.94847,4.95744],[6.94847,4.95753],[6.94856,4.95753],[6.94856,4.95762],[6.94865,4.95762],[6.94865,4.95771],[6.94874,4.95771],[6.94874,4.9578],[6.94865,4.9578],[6.94865,4.95789],[6.94874,4.95789],[6.94874,4.95816],[6.94892,4.95816],[6.94892,4.95834],[6.94883,4.95834],[6.94883,4.95843],[6.94874,4.95843],[6.94874,4.95861],[6.94865,4.95861]],[[6.94847,4.95762],[6.94838,4.95762],[6.94838,4.95753],[6.94847,4.95753],[6.94847,4.95762]],[[6.9482,4.95771],[6.94811,4.95771],[6.94811,4.95762],[6.9482,4.95762],[6.9482,4.95771]]]}},{"type":"Feature","properties":{},"geometry":{"geodesic":false,"type":"Polygon","coordinates":[[[6.94865,5.00999],[6.94865,5.0099],[6.94856,5.0099],[6.94856,5.00946],[6.94829,5.00946],[6.94829,5.00937],[6.94838,5.00937],[6.94838,5.00919],[6.94829,5.00919],[6.94829,5.0091],[6.9482,5.0091],[6.9482,5.00901],[6.94811,5.00901],[6.94811,5.00883],[6.9482,5.00883],[6.9482,5.00865],[6.94838,5.00865],[6.94838,5.00847],[6.94847,5.00847],[6.94847,5.0082],[6.94856,5.0082],[6.94856,5.00829],[6.94865,5.00829],[6.94865,5.00802],[6.94874,5.00802],[6.94874,5.00784],[6.94883,5.00784],[6.94883,5.00766],[6.94874,5.00766],[6.94874,5.00775],[6.94865,5.00775],[6.94865,5.00766],[6.94874,5.00766],[6.94874,5.00748],[6.94865,5.00748],[6.94865,5.00739],[6.94856,5.00739],[6.94856,5.00721],[6.94847,5.00721],[6.94847,5.00712],[6.94838,5.00712],[6.94838,5.0073],[6.94829,5.0073],[6.94829,5.00712],[6.9482,5.00712],[6.9482,5.00685],[6.94829,5.00685],[6.94829,5.00676],[6.94847,5.00676],[6.94847,5.00667],[6.94865,5.00667],[6.94865,5.00676],[6.94856,5.00676],[6.94856,5.00694],[6.94865,5.00694],[6.94865,5.00685],[6.94874,5.00685],[6.94874,5.00676],[6.94883,5.00676],[6.94883,5.00685],[6.94892,5.00685],[6.94892,5.00694],[6.94919,5.00694],[6.94919,5.00703],[6.94928,5.00703],[6.94928,5.00685],[6.94955,5.00685],[6.94955,5.00694],[6.94964,5.00694],[6.94964,5.00703],[6.94955,5.00703],[6.94955,5.00712],[6.94973,5.00712],[6.94973,5.00721],[6.94991,5.00721],[6.94991,5.00739],[6.94982,5.00739],[6.94982,5.00757],[6.94991,5.00757],[6.94991,5.00766],[6.95,5.00766],[6.95,5.00775],[6.95009,5.00775],[6.95009,5.00784],[6.95018,5.00784],[6.95018,5.00793],[6.95027,5.00793],[6.95027,5.00802],[6.95036,5.00802],[6.95036,5.00811],[6.95045,5.00811],[6.95045,5.00838],[6.95036,5.00838],[6.95036,5.00856],[6.95045,5.00856],[6.95045,5.00883],[6.95036,5.00883],[6.95036,5.00892],[6.95027,5.00892],[6.95027,5.00883],[6.95018,5.00883],[6.95018,5.00874],[6.94982,5.00874],[6.94982,5.00883],[6.94973,5.00883],[6.94973,5.00892],[6.94964,5.00892],[6.94964,5.00901],[6.94946,5.00901],[6.94946,5.0091],[6.94937,5.0091],[6.94937,5.00919],[6.94928,5.00919],[6.94928,5.00928],[6.94919,5.00928],[6.94919,5.00919],[6.94892,5.00919],[6.94892,5.00901],[6.94874,5.00901],[6.94874,5.0091],[6.94883,5.0091],[6.94883,5.00919],[6.94874,5.00919],[6.94874,5.00928],[6.94883,5.00928],[6.94883,5.0099],[6.94874,5.0099],[6.94874,5.00999],[6.94865,5.00999]],[[6.94892,5.00721],[6.94856,5.00721],[6.94856,5.00712],[6.94865,5.00712],[6.94865,5.00703],[6.94883,5.00703],[6.94883,5.00712],[6.94892,5.00712],[6.94892,5.00721]],[[6.94928,5.00739],[6.94919,5.00739],[6.94919,5.0073],[6.94928,5.0073],[6.94928,5.00739]],[[6.94937,5.00757],[6.94928,5.00757],[6.94928,5.00748],[6.94937,5.00748],[6.94937,5.00757]],[[6.94928,5.00766],[6.94919,5.00766],[6.94919,5.00757],[6.94928,5.00757],[6.94928,5.00766]],[[6.94973,5.00775],[6.94964,5.00775],[6.94964,5.00766],[6.94973,5.00766],[6.94973,5.00775]],[[6.94955,5.00784],[6.94946,5.00784],[6.94946,5.00775],[6.94955,5.00775],[6.94955,5.00784]],[[6.95,5.00793],[6.94991,5.00793],[6.94991,5.00784],[6.95,5.00784],[6.95,5.00793]],[[6.94964,5.00802],[6.94955,5.00802],[6.94955,5.00793],[6.94964,5.00793],[6.94964,5.00802]],[[6.95009,5.00802],[6.95,5.00802],[6.95,5.00793],[6.95009,5.00793],[6.95009,5.00802]],[[6.94928,5.0082],[6.94919,5.0082],[6.94919,5.00802],[6.9491,5.00802],[6.9491,5.00811],[6.94901,5.00811],[6.94901,5.0082],[6.94892,5.0082],[6.94892,5.00784],[6.94901,5.00784],[6.94901,5.00775],[6.94892,5.00775],[6.94892,5.00766],[6.94883,5.00766],[6.94883,5.00757],[6.94901,5.00757],[6.94901,5.00766],[6.94919,5.00766],[6.94919,5.00775],[6.94928,5.00775],[6.94928,5.00766],[6.94946,5.00766],[6.94946,5.00775],[6.94937,5.00775],[6.94937,5.00784],[6.94946,5.00784],[6.94946,5.00802],[6.94937,5.00802],[6.94937,5.00811],[6.94928,5.00811],[6.94928,5.0082]],[[6.94874,5.00838],[6.94865,5.00838],[6.94865,5.00829],[6.94874,5.00829],[6.94874,5.00838]],[[6.94964,5.00838],[6.94946,5.00838],[6.94946,5.00829],[6.94937,5.00829],[6.94937,5.0082],[6.94946,5.0082],[6.94946,5.00811],[6.94955,5.00811],[6.94955,5.0082],[6.94964,5.0082],[6.94964,5.00838]],[[6.94865,5.00847],[6.94856,5.00847],[6.94856,5.00838],[6.94865,5.00838],[6.94865,5.00847]],[[6.94856,5.00856],[6.94847,5.00856],[6.94847,5.00847],[6.94856,5.00847],[6.94856,5.00856]],[[6.94874,5.00892],[6.94865,5.00892],[6.94865,5.00883],[6.94874,5.00883],[6.94874,5.00892]],[[6.9491,5.00901],[6.94901,5.00901],[6.94901,5.00892],[6.9491,5.00892],[6.9491,5.00901]]]}},{"type":"Feature","properties":{},"geometry":{"geodesic":false,"type":"Polygon","coordinates":[[[6.94856,5.10522],[6.94856,5.10513],[6.94829,5.10513],[6.94829,5.10504],[6.9482,5.10504],[6.9482,5.10477],[6.94829,5.10477],[6.94829,5.1045],[6.94838,5.1045],[6.94838,5.10459],[6.94847,5.10459],[6.94847,5.10441],[6.94901,5.10441],[6.94901,5.10432],[6.9491,5.10432],[6.9491,5.10441],[6.94919,5.10441],[6.94919,5.1045],[6.94928,5.1045],[6.94928,5.10459],[6.94937,5.10459],[6.94937,5.10468],[6.94955,5.10468],[6.94955,5.10477],[6.94946,5.10477],[6.94946,5.10513],[6.94937,5.10513],[6.94937,5.10504],[6.94928,5.10504],[6.94928,5.10513],[6.9491,5.10513],[6.9491,5.10522],[6.94856,5.10522]]]}},{"type":"Feature","properties":{},"geometry":{"geodesic":false,"type":"Polygon","coordinates":[[[6.95,4.98538],[6.95,4.9852],[6.95018,4.9852],[6.95018,4.98493],[6.95009,4.98493],[6.95009,4.98484],[6.95018,4.98484],[6.95018,4.98457],[6.95045,4.98457],[6.95045,4.98448],[6.95062,4.98448],[6.95062,4.98457],[6.95071,4.98457],[6.95071,4.98466],[6.9508,4.98466],[6.9508,4.98484],[6.95089,4.98484],[6.95089,4.98511],[6.95098,4.98511],[6.95098,4.9852],[6.95089,4.9852],[6.95089,4.98511],[6.9508,4.98511],[6.9508,4.98502],[6.95071,4.98502],[6.95071,4.98493],[6.95062,4.98493],[6.95062,4.98511],[6.95053,4.98511],[6.95053,4.98529],[6.95027,4.98529],[6.95027,4.9852],[6.95018,4.9852],[6.95018,4.98529],[6.95009,4.98529],[6.95009,4.98538],[6.95,4.98538]],[[6.95045,4.98511],[6.95036,4.98511],[6.95036,4.98502],[6.95045,4.98502],[6.95045,4.98511]]]}},{"type":"Feature","properties":{},"geometry":{"geodesic":false,"type":"Polygon","coordinates":[[[6.95027,5.01305],[6.95027,5.01296],[6.95018,5.01296],[6.95018,5.01278],[6.95009,5.01278],[6.95009,5.01269],[6.95,5.01269],[6.95,5.0126],[6.94991,5.0126],[6.94991,5.01242],[6.94973,5.01242],[6.94973,5.01233],[6.94982,5.01233],[6.94982,5.01224],[6.94964,5.01224],[6.94964,5.01215],[6.94973,5.01215],[6.94973,5.01206],[6.94964,5.01206],[6.94964,5.01188],[6.94955,5.01188],[6.94955,5.0117],[6.94946,5.0117],[6.94946,5.01161],[6.94937,5.01161],[6.94937,5.01134],[6.94928,5.01134],[6.94928,5.01143],[6.94919,5.01143],[6.94919,5.01134],[6.94928,5.01134],[6.94928,5.01116],[6.94919,5.01116],[6.94919,5.01089],[6.94928,5.01089],[6.94928,5.0108],[6.94937,5.0108],[6.94937,5.01089],[6.94946,5.01089],[6.94946,5.01098],[6.94955,5.01098],[6.94955,5.01107],[6.94964,5.01107],[6.94964,5.01116],[6.94973,5.01116],[6.94973,5.01134],[6.94982,5.01134],[6.94982,5.01143],[6.94991,5.01143],[6.94991,5.0117],[6.95,5.0117],[6.95,5.01197],[6.95009,5.01197],[6.95009,5.01215],[6.95018,5.01215],[6.95018,5.01233],[6.95027,5.01233],[6.95027,5.01269],[6.95036,5.01269],[6.95036,5.01278],[6.95045,5.01278],[6.95045,5.01305],[6.95027,5.01305]],[[6.94955,5.01152],[6.94946,5.01152],[6.94946,5.01143],[6.94955,5.01143],[6.94955,5.01152]],[[6.95036,5.01296],[6.95027,5.01296],[6.95027,5.01287],[6.95036,5.01287],[6.95036,5.01296]]]}},{"type":"Feature","properties":{},"geometry":{"geodesic":false,"type":"Polygon","coordinates":[[[6.95125,4.97774],[6.95125,4.97756],[6.95116,4.97756],[6.95116,4.97748],[6.95107,4.97748],[6.95107,4.97739],[6.95098,4.97739],[6.95098,4.97685],[6.95089,4.97685],[6.95089,4.97676],[6.95098,4.97676],[6.95098,4.97667],[6.95107,4.97667],[6.95107,4.97658],[6.95116,4.97658],[6.95116,4.97649],[6.95134,4.97649],[6.95134,4.9764],[6.95143,4.9764],[6.95143,4.97649],[6.95152,4.97649],[6.95152,4.97658],[6.9517,4.97658],[6.9517,4.97667],[6.95179,4.97667],[6.95179,4.97685],[6.95188,4.97685],[6.95188,4.97703],[6.95179,4.97703],[6.95179,4.97721],[6.95197,4.97721],[6.95197,4.9773],[6.95188,4.9773],[6.95188,4.97739],[6.95179,4.97739],[6.95179,4.97748],[6.95152,4.97748],[6.95152,4.97756],[6.95134,4.97756],[6.95134,4.97774],[6.95125,4.97774]]]}},{"type":"Feature","properties":{},"geometry":{"geodesic":false,"type":"Polygon","coordinates":[[[6.95179,4.92376],[6.95179,4.92367],[6.9517,4.92367],[6.9517,4.92376],[6.95152,4.92376],[6.95152,4.92358],[6.95143,4.92358],[6.95143,4.9234],[6.95125,4.9234],[6.95125,4.92331],[6.95107,4.92331],[6.95107,4.9234],[6.95089,4.9234],[6.95089,4.92349],[6.95062,4.92349],[6.95062,4.92367],[6.95027,4.92367],[6.95027,4.92358],[6.95036,4.92358],[6.95036,4.92349],[6.95027,4.92349],[6.95027,4.9234],[6.95009,4.9234],[6.95009,4.92349],[6.95,4.92349],[6.95,4.9234],[6.95009,4.9234],[6.95009,4.92322],[6.95,4.92322],[6.95,4.92313],[6.94991,4.92313],[6.94991,4.92304],[6.94982,4.92304],[6.94982,4.92313],[6.94973,4.92313],[6.94973,4.92304],[6.94982,4.92304],[6.94982,4.92286],[6.94964,4.92286],[6.94964,4.92277],[6.94955,4.92277],[6.94955,4.92268],[6.94946,4.92268],[6.94946,4.92259],[6.94937,4.92259],[6.94937,4.9225],[6.94946,4.9225],[6.94946,4.92259],[6.94955,4.92259],[6.94955,4.9225],[6.94964,4.9225],[6.94964,4.92232],[6.94982,4.92232],[6.94982,4.92223],[6.94991,4.92223],[6.94991,4.92214],[6.95,4.92214],[6.95,4.92187],[6.95027,4.92187],[6.95027,4.92196],[6.95045,4.92196],[6.95045,4.9216],[6.95053,4.9216],[6.95053,4.92178],[6.95071,4.92178],[6.95071,4.92169],[6.9508,4.92169],[6.9508,4.92178],[6.95071,4.92178],[6.95071,4.92196],[6.95089,4.92196],[6.95089,4.92205],[6.95107,4.92205],[6.95107,4.92232],[6.95098,4.92232],[6.95098,4.92268],[6.95107,4.92268],[6.95107,4.92277],[6.9508,4.92277],[6.9508,4.92286],[6.95107,4.92286],[6.95107,4.92295],[6.95116,4.92295],[6.95116,4.92322],[6.95125,4.92322],[6.95125,4.92331],[6.95143,4.92331],[6.95143,4.92322],[6.95152,4.92322],[6.95152,4.92295],[6.95179,4.92295],[6.95179,4.92286],[6.95188,4.92286],[6.95188,4.92295],[6.95179,4.92295],[6.95179,4.92304],[6.95206,4.92304],[6.95206,4.92295],[6.95224,4.92295],[6.95224,4.92304],[6.95215,4.92304],[6.95215,4.92313],[6.95224,4.92313],[6.95224,4.92349],[6.95233,4.92349],[6.95233,4.92358],[6.95197,4.92358],[6.95197,4.92376],[6.95179,4.92376]],[[6.95009,4.92241],[6.95,4.92241],[6.95,4.92232],[6.95009,4.92232],[6.95009,4.92241]],[[6.95062,4.92322],[6.95045,4.92322],[6.95045,4.92313],[6.95036,4.92313],[6.95036,4.92295],[6.95018,4.92295],[6.95018,4.92277],[6.95009,4.92277],[6.95009,4.92241],[6.95018,4.92241],[6.95018,4.92259],[6.95027,4.92259],[6.95027,4.92268],[6.95036,4.92268],[6.95036,4.92277],[6.95045,4.92277],[6.95045,4.92295],[6.95062,4.92295],[6.95062,4.92304],[6.95071,4.92304],[6.95071,4.92313],[6.95062,4.92313],[6.95062,4.92322]]]}},{"type":"Feature","properties":{},"geometry":{"geodesic":false,"type":"Polygon","coordinates":[[[6.95188,4.96553],[6.95188,4.96544],[6.95152,4.96544],[6.95152,4.96535],[6.95179,4.96535],[6.95179,4.96526],[6.95143,4.96526],[6.95143,4.96517],[6.95125,4.96517],[6.95125,4.96508],[6.95134,4.96508],[6.95134,4.96499],[6.95143,4.96499],[6.95143,4.96481],[6.95161,4.96481],[6.95161,4.96472],[6.9517,4.96472],[6.9517,4.96463],[6.95188,4.96463],[6.95188,4.96445],[6.95197,4.96445],[6.95197,4.96436],[6.95206,4.96436],[6.95206,4.96427],[6.95224,4.96427],[6.95224,4.96418],[6.95215,4.96418],[6.95215,4.964],[6.95206,4.964],[6.95206,4.96391],[6.95197,4.96391],[6.95197,4.96355],[6.95224,4.96355],[6.95224,4.96346],[6.95251,4.96346],[6.95251,4.96355],[6.95269,4.96355],[6.95269,4.96346],[6.95278,4.96346],[6.95278,4.96337],[6.95287,4.96337],[6.95287,4.96346],[6.95278,4.96346],[6.95278,4.96355],[6.95296,4.96355],[6.95296,4.96337],[6.95305,4.96337],[6.95305,4.96364],[6.95314,4.96364],[6.95314,4.96391],[6.95323,4.96391],[6.95323,4.964],[6.95332,4.964],[6.95332,4.96409],[6.95323,4.96409],[6.95323,4.964],[6.95314,4.964],[6.95314,4.96418],[6.95305,4.96418],[6.95305,4.96409],[6.95296,4.96409],[6.95296,4.96382],[6.95287,4.96382],[6.95287,4.96391],[6.95278,4.96391],[6.95278,4.96382],[6.9526,4.96382],[6.9526,4.96391],[6.95242,4.96391],[6.95242,4.96409],[6.95233,4.96409],[6.95233,4.96418],[6.95251,4.96418],[6.95251,4.96427],[6.95242,4.96427],[6.95242,4.96445],[6.95251,4.96445],[6.95251,4.96436],[6.9526,4.96436],[6.9526,4.96418],[6.95287,4.96418],[6.95287,4.96427],[6.95296,4.96427],[6.95296,4.96454],[6.95287,4.96454],[6.95287,4.9649],[6.95296,4.9649],[6.95296,4.96499],[6.95278,4.96499],[6.95278,4.96517],[6.95269,4.96517],[6.95269,4.96526],[6.95233,4.96526],[6.95233,4.96535],[6.95224,4.96535],[6.95224,4.96526],[6.95215,4.96526],[6.95215,4.96535],[6.95206,4.96535],[6.95206,4.96544],[6.95215,4.96544],[6.95215,4.96553],[6.95188,4.96553]],[[6.95233,4.96409],[6.95224,4.96409],[6.95224,4.964],[6.95233,4.964],[6.95233,4.96409]],[[6.95242,4.96454],[6.95233,4.96454],[6.95233,4.96445],[6.95242,4.96445],[6.95242,4.96454]],[[6.95251,4.9649],[6.95242,4.9649],[6.95242,4.96481],[6.95251,4.96481],[6.95251,4.9649]],[[6.95197,4.96499],[6.95179,4.96499],[6.95179,4.96472],[6.95188,4.96472],[6.95188,4.96463],[6.95206,4.96463],[6.95206,4.96472],[6.95197,4.96472],[6.95197,4.96481],[6.95206,4.96481],[6.95206,4.96472],[6.95224,4.96472],[6.95224,4.96481],[6.95215,4.96481],[6.95215,4.9649],[6.95197,4.9649],[6.95197,4.96499]],[[6.95197,4.96526],[6.95188,4.96526],[6.95188,4.96508],[6.95197,4.96508],[6.95197,4.96526]]]}},{"type":"Feature","properties":{},"geometry":{"geodesic":false,"type":"Polygon","coordinates":[[[6.9526,5.01736],[6.9526,5.01718],[6.95251,5.01718],[6.95251,5.01727],[6.95242,5.01727],[6.95242,5.01718],[6.95233,5.01718],[6.95233,5.017],[6.95215,5.017],[6.95215,5.01646],[6.95206,5.01646],[6.95206,5.01628],[6.95215,5.01628],[6.95215,5.01619],[6.95206,5.01619],[6.95206,5.0161],[6.95197,5.0161],[6.95197,5.01601],[6.95188,5.01601],[6.95188,5.01592],[6.95179,5.01592],[6.95179,5.01583],[6.95161,5.01583],[6.95161,5.01592],[6.9517,5.01592],[6.9517,5.01601],[6.95179,5.01601],[6.95179,5.0161],[6.95188,5.0161],[6.95188,5.01628],[6.95197,5.01628],[6.95197,5.01682],[6.95179,5.01682],[6.95179,5.01655],[6.9517,5.01655],[6.9517,5.01646],[6.95179,5.01646],[6.95179,5.01655],[6.95188,5.01655],[6.95188,5.01637],[6.95179,5.01637],[6.95179,5.0161],[6.95161,5.0161],[6.95161,5.01592],[6.95152,5.01592],[6.95152,5.01583],[6.95161,5.01583],[6.95161,5.01574],[6.9517,5.01574],[6.9517,5.01565],[6.95161,5.01565],[6.95161,5.01547],[6.95152,5.01547],[6.95152,5.01538],[6.95143,5.01538],[6.95143,5.01547],[6.95134,5.01547],[6.95134,5.01538],[6.95125,5.01538],[6.95125,5.01529],[6.95134,5.01529],[6.95134,5.01511],[6.95116,5.01511],[6.95116,5.01493],[6.95107,5.01493],[6.95107,5.01476],[6.95098,5.01476],[6.95098,5.01449],[6.95089,5.01449],[6.95089,5.0144],[6.9508,5.0144],[6.9508,5.01422],[6.95071,5.01422],[6.95071,5.01386],[6.9508,5.01386],[6.9508,5.01377],[6.95089,5.01377],[6.95089,5.01395],[6.9508,5.01395],[6.9508,5.01404],[6.95098,5.01404],[6.95098,5.01413],[6.95116,5.01413],[6.95116,5.01431],[6.95134,5.01431],[6.95134,5.0144],[6.95143,5.0144],[6.95143,5.01458],[6.95152,5.01458],[6.95152,5.01449],[6.95161,5.01449],[6.95161,5.01476],[6.9517,5.01476],[6.9517,5.01467],[6.95224,5.01467],[6.95224,5.01476],[6.95206,5.01476],[6.95206,5.01485],[6.95197,5.01485],[6.95197,5.01493],[6.95179,5.01493],[6.95179,5.01502],[6.95188,5.01502],[6.95188,5.01511],[6.95206,5.01511],[6.95206,5.01502],[6.95215,5.01502],[6.95215,5.01529],[6.95224,5.01529],[6.95224,5.01538],[6.95242,5.01538],[6.95242,5.01529],[6.95251,5.01529],[6.95251,5.01493],[6.95269,5.01493],[6.95269,5.01502],[6.9526,5.01502],[6.9526,5.01511],[6.95287,5.01511],[6.95287,5.01529],[6.95278,5.01529],[6.95278,5.01538],[6.95269,5.01538],[6.95269,5.01547],[6.95278,5.01547],[6.95278,5.01556],[6.95287,5.01556],[6.95287,5.01583],[6.95296,5.01583],[6.95296,5.01592],[6.95287,5.01592],[6.95287,5.01601],[6.95278,5.01601],[6.95278,5.01574],[6.95269,5.01574],[6.95269,5.01556],[6.9526,5.01556],[6.9526,5.01565],[6.95251,5.01565],[6.95251,5.01592],[6.9526,5.01592],[6.9526,5.0161],[6.95269,5.0161],[6.95269,5.01646],[6.95278,5.01646],[6.95278,5.01655],[6.95287,5.01655],[6.95287,5.01664],[6.95296,5.01664],[6.95296,5.01673],[6.95305,5.01673],[6.95305,5.01664],[6.95314,5.01664],[6.95314,5.01673],[6.95305,5.01673],[6.95305,5.01691],[6.95296,5.01691],[6.95296,5.017],[6.95278,5.017],[6.95278,5.01736],[6.9526,5.01736]],[[6.95143,5.01511],[6.95134,5.01511],[6.95134,5.01502],[6.95143,5.01502],[6.95143,5.01511]],[[6.95161,5.01538],[6.95152,5.01538],[6.95152,5.0152],[6.95161,5.0152],[6.95161,5.01538]],[[6.9517,5.01547],[6.95161,5.01547],[6.95161,5.01538],[6.9517,5.01538],[6.9517,5.01547]],[[6.95251,5.01547],[6.95242,5.01547],[6.95242,5.01538],[6.95251,5.01538],[6.95251,5.01547]]]}},{"type":"Feature","properties":{},"geometry":{"geodesic":false,"type":"Polygon","coordinates":[[[6.93814,4.99625],[6.93814,4.99607],[6.93805,4.99607],[6.93805,4.99589],[6.93796,4.99589],[6.93796,4.99571],[6.93787,4.99571],[6.93787,4.99562],[6.93778,4.99562],[6.93778,4.99535],[6.93769,4.99535],[6.93769,4.99526],[6.93778,4.99526],[6.93778,4.99517],[6.93787,4.99517],[6.93787,4.99508],[6.93796,4.99508],[6.93796,4.99517],[6.93805,4.99517],[6.93805,4.99535],[6.93814,4.99535],[6.93814,4.99517],[6.93832,4.99517],[6.93832,4.99508],[6.9385,4.99508],[6.9385,4.99499],[6.93868,4.99499],[6.93868,4.99481],[6.93877,4.99481],[6.93877,4.9949],[6.93895,4.9949],[6.93895,4.99499],[6.93904,4.99499],[6.93904,4.99508],[6.93931,4.99508],[6.93931,4.99517],[6.9394,4.99517],[6.9394,4.99544],[6.93949,4.99544],[6.93949,4.99562],[6.93958,4.99562],[6.93958,4.99571],[6.93967,4.99571],[6.93967,4.9958],[6.93984,4.9958],[6.93984,4.99589],[6.94002,4.99589],[6.94002,4.9958],[6.94011,4.9958],[6.94011,4.99598],[6.94029,4.99598],[6.94029,4.99589],[6.94056,4.99589],[6.94056,4.99616],[6.94038,4.99616],[6.94038,4.99625],[6.94029,4.99625],[6.94029,4.99634],[6.94038,4.99634],[6.94038,4.99652],[6.94056,4.99652],[6.94056,4.99643],[6.94065,4.99643],[6.94065,4.99652],[6.94056,4.99652],[6.94056,4.9967],[6.94065,4.9967],[6.94065,4.99661],[6.94074,4.99661],[6.94074,4.99688],[6.94083,4.99688],[6.94083,4.99697],[6.94092,4.99697],[6.94092,4.99706],[6.94101,4.99706],[6.94101,4.99715],[6.9411,4.99715],[6.9411,4.99706],[6.94119,4.99706],[6.94119,4.99733],[6.9411,4.99733],[6.9411,4.99742],[6.94128,4.99742],[6.94128,4.9976],[6.9411,4.9976],[6.9411,4.99769],[6.94092,4.99769],[6.94092,4.99778],[6.94083,4.99778],[6.94083,4.99787],[6.94092,4.99787],[6.94092,4.99796],[6.94065,4.99796],[6.94065,4.99805],[6.94074,4.99805],[6.94074,4.99814],[6.94065,4.99814],[6.94065,4.99805],[6.94047,4.99805],[6.94047,4.99814],[6.94038,4.99814],[6.94038,4.99805],[6.94029,4.99805],[6.94029,4.99823],[6.94011,4.99823],[6.94011,4.99841],[6.94029,4.99841],[6.94029,4.99859],[6.94038,4.99859],[6.94038,4.99868],[6.94047,4.99868],[6.94047,4.99877],[6.94038,4.99877],[6.94038,4.99903],[6.94047,4.99903],[6.94047,4.9993],[6.94056,4.9993],[6.94056,4.99957],[6.94074,4.99957],[6.94074,4.99966],[6.94083,4.99966],[6.94083,4.99993],[6.94092,4.99993],[6.94092,5.00002],[6.94101,5.00002],[6.94101,5.00038],[6.9411,5.00038],[6.9411,5.00056],[6.94101,5.00056],[6.94101,5.00074],[6.9411,5.00074],[6.9411,5.00083],[6.94101,5.00083],[6.94101,5.00092],[6.9411,5.00092],[6.9411,5.00101],[6.94101,5.00101],[6.94101,5.0011],[6.94092,5.0011],[6.94092,5.00128],[6.94083,5.00128],[6.94083,5.0011],[6.94074,5.0011],[6.94074,5.00137],[6.94038,5.00137],[6.94038,5.00155],[6.94029,5.00155],[6.94029,5.00164],[6.94047,5.00164],[6.94047,5.00173],[6.94029,5.00173],[6.94029,5.00209],[6.94047,5.00209],[6.94047,5.00218],[6.94056,5.00218],[6.94056,5.00227],[6.94065,5.00227],[6.94065,5.00236],[6.94074,5.00236],[6.94074,5.00254],[6.9411,5.00254],[6.9411,5.00218],[6.94101,5.00218],[6.94101,5.002],[6.94092,5.002],[6.94092,5.00191],[6.94101,5.00191],[6.94101,5.00182],[6.9411,5.00182],[6.9411,5.00173],[6.94119,5.00173],[6.94119,5.002],[6.94137,5.002],[6.94137,5.00191],[6.94128,5.00191],[6.94128,5.00182],[6.94146,5.00182],[6.94146,5.00191],[6.94155,5.00191],[6.94155,5.002],[6.94164,5.002],[6.94164,5.00227],[6.94155,5.00227],[6.94155,5.00245],[6.94128,5.00245],[6.94128,5.0029],[6.94137,5.0029],[6.94137,5.00299],[6.94146,5.00299],[6.94146,5.00308],[6.94155,5.00308],[6.94155,5.0029],[6.94164,5.0029],[6.94164,5.00281],[6.94155,5.00281],[6.94155,5.00272],[6.94164,5.00272],[6.94164,5.00281],[6.94173,5.00281],[6.94173,5.00272],[6.94182,5.00272],[6.94182,5.00281],[6.942,5.00281],[6.942,5.0029],[6.94191,5.0029],[6.94191,5.00299],[6.942,5.00299],[6.942,5.00308],[6.94209,5.00308],[6.94209,5.00326],[6.94236,5.00326],[6.94236,5.00308],[6.94254,5.00308],[6.94254,5.00281],[6.94263,5.00281],[6.94263,5.00272],[6.94272,5.00272],[6.94272,5.00263],[6.9429,5.00263],[6.9429,5.00281],[6.94299,5.00281],[6.94299,5.0029],[6.94308,5.0029],[6.94308,5.00308],[6.94299,5.00308],[6.94299,5.00317],[6.94308,5.00317],[6.94308,5.00335],[6.94317,5.00335],[6.94317,5.00326],[6.94326,5.00326],[6.94326,5.00335],[6.94317,5.00335],[6.94317,5.00344],[6.94326,5.00344],[6.94326,5.00362],[6.94335,5.00362],[6.94335,5.00371],[6.94344,5.00371],[6.94344,5.00389],[6.94353,5.00389],[6.94353,5.00416],[6.94362,5.00416],[6.94362,5.00433],[6.94344,5.00433],[6.94344,5.00451],[6.94362,5.00451],[6.94362,5.0046],[6.94371,5.0046],[6.94371,5.00469],[6.9438,5.00469],[6.9438,5.00478],[6.94389,5.00478],[6.94389,5.00505],[6.94398,5.00505],[6.94398,5.00514],[6.94407,5.00514],[6.94407,5.00532],[6.94416,5.00532],[6.94416,5.00541],[6.94425,5.00541],[6.94425,5.00559],[6.94434,5.00559],[6.94434,5.00568],[6.94443,5.00568],[6.94443,5.00586],[6.94452,5.00586],[6.94452,5.00604],[6.94461,5.00604],[6.94461,5.0064],[6.94479,5.0064],[6.94479,5.00649],[6.9447,5.00649],[6.9447,5.00667],[6.94488,5.00667],[6.94488,5.00676],[6.94506,5.00676],[6.94506,5.00685],[6.94497,5.00685],[6.94497,5.00703],[6.94488,5.00703],[6.94488,5.00712],[6.94497,5.00712],[6.94497,5.00721],[6.94514,5.00721],[6.94514,5.00739],[6.94532,5.00739],[6.94532,5.00748],[6.94541,5.00748],[6.94541,5.00775],[6.9455,5.00775],[6.9455,5.00784],[6.94559,5.00784],[6.94559,5.00793],[6.94568,5.00793],[6.94568,5.00811],[6.9455,5.00811],[6.9455,5.0082],[6.94559,5.0082],[6.94559,5.00847],[6.94568,5.00847],[6.94568,5.00856],[6.94577,5.00856],[6.94577,5.00865],[6.94595,5.00865],[6.94595,5.00883],[6.94586,5.00883],[6.94586,5.00901],[6.94604,5.00901],[6.94604,5.00892],[6.94613,5.00892],[6.94613,5.00883],[6.94622,5.00883],[6.94622,5.00892],[6.94613,5.00892],[6.94613,5.00901],[6.94622,5.00901],[6.94622,5.0091],[6.94631,5.0091],[6.94631,5.00919],[6.9464,5.00919],[6.9464,5.00946],[6.94649,5.00946],[6.94649,5.00928],[6.94658,5.00928],[6.94658,5.00946],[6.94667,5.00946],[6.94667,5.00955],[6.94658,5.00955],[6.94658,5.00981],[6.94667,5.00981],[6.94667,5.0099],[6.94676,5.0099],[6.94676,5.01008],[6.94685,5.01008],[6.94685,5.01026],[6.94694,5.01026],[6.94694,5.01053],[6.94703,5.01053],[6.94703,5.01071],[6.94712,5.01071],[6.94712,5.01089],[6.94721,5.01089],[6.94721,5.01098],[6.9473,5.01098],[6.9473,5.01116],[6.94739,5.01116],[6.94739,5.01125],[6.94748,5.01125],[6.94748,5.01188],[6.94757,5.01188],[6.94757,5.01179],[6.94766,5.01179],[6.94766,5.01188],[6.94757,5.01188],[6.94757,5.01197],[6.94748,5.01197],[6.94748,5.01206],[6.94757,5.01206],[6.94757,5.01215],[6.94748,5.01215],[6.94748,5.01224],[6.94766,5.01224],[6.94766,5.01242],[6.94775,5.01242],[6.94775,5.01233],[6.94784,5.01233],[6.94784,5.01242],[6.94802,5.01242],[6.94802,5.0126],[6.94811,5.0126],[6.94811,5.01278],[6.9482,5.01278],[6.9482,5.01287],[6.94811,5.01287],[6.94811,5.01305],[6.9482,5.01305],[6.9482,5.01323],[6.94829,5.01323],[6.94829,5.01332],[6.94838,5.01332],[6.94838,5.01341],[6.94847,5.01341],[6.94847,5.0135],[6.94856,5.0135],[6.94856,5.01359],[6.94865,5.01359],[6.94865,5.01368],[6.94874,5.01368],[6.94874,5.01386],[6.94883,5.01386],[6.94883,5.01413],[6.94874,5.01413],[6.94874,5.01422],[6.94865,5.01422],[6.94865,5.01413],[6.94856,5.01413],[6.94856,5.01422],[6.9482,5.01422],[6.9482,5.0144],[6.94811,5.0144],[6.94811,5.01449],[6.9482,5.01449],[6.9482,5.01467],[6.94811,5.01467],[6.94811,5.01476],[6.94802,5.01476],[6.94802,5.01485],[6.94811,5.01485],[6.94811,5.01511],[6.94838,5.01511],[6.94838,5.01538],[6.94847,5.01538],[6.94847,5.01547],[6.94856,5.01547],[6.94856,5.01556],[6.94847,5.01556],[6.94847,5.01565],[6.94865,5.01565],[6.94865,5.01574],[6.94874,5.01574],[6.94874,5.01592],[6.94883,5.01592],[6.94883,5.01583],[6.94892,5.01583],[6.94892,5.0161],[6.94919,5.0161],[6.94919,5.01601],[6.9491,5.01601],[6.9491,5.01592],[6.94919,5.01592],[6.94919,5.01601],[6.94928,5.01601],[6.94928,5.01583],[6.94919,5.01583],[6.94919,5.01565],[6.94901,5.01565],[6.94901,5.01556],[6.94883,5.01556],[6.94883,5.01529],[6.94901,5.01529],[6.94901,5.01511],[6.94892,5.01511],[6.94892,5.0152],[6.94883,5.0152],[6.94883,5.01511],[6.94892,5.01511],[6.94892,5.01485],[6.94883,5.01485],[6.94883,5.01449],[6.94874,5.01449],[6.94874,5.0144],[6.94883,5.0144],[6.94883,5.01449],[6.94892,5.01449],[6.94892,5.01458],[6.94901,5.01458],[6.94901,5.01467],[6.9491,5.01467],[6.9491,5.01476],[6.94919,5.01476],[6.94919,5.01485],[6.94928,5.01485],[6.94928,5.01493],[6.94946,5.01493],[6.94946,5.01511],[6.94955,5.01511],[6.94955,5.01538],[6.94964,5.01538],[6.94964,5.01547],[6.94973,5.01547],[6.94973,5.01565],[6.94982,5.01565],[6.94982,5.01601],[6.94991,5.01601],[6.94991,5.01592],[6.95,5.01592],[6.95,5.0161],[6.94991,5.0161],[6.94991,5.01628],[6.95,5.01628],[6.95,5.01637],[6.95009,5.01637],[6.95009,5.01646],[6.95018,5.01646],[6.95018,5.01655],[6.95009,5.01655],[6.95009,5.017],[6.95027,5.017],[6.95027,5.01709],[6.95036,5.01709],[6.95036,5.01718],[6.95053,5.01718],[6.95053,5.01727],[6.95062,5.01727],[6.95062,5.01745],[6.95071,5.01745],[6.95071,5.01754],[6.9508,5.01754],[6.9508,5.0179],[6.95089,5.0179],[6.95089,5.01799],[6.95098,5.01799],[6.95098,5.01826],[6.95107,5.01826],[6.95107,5.01844],[6.95116,5.01844],[6.95116,5.01862],[6.95125,5.01862],[6.95125,5.01871],[6.95134,5.01871],[6.95134,5.0188],[6.95143,5.0188],[6.95143,5.01916],[6.95152,5.01916],[6.95152,5.01961],[6.95143,5.01961],[6.95143,5.0197],[6.95161,5.0197],[6.95161,5.01979],[6.9517,5.01979],[6.9517,5.01988],[6.95197,5.01988],[6.95197,5.01997],[6.95206,5.01997],[6.95206,5.02015],[6.95215,5.02015],[6.95215,5.02023],[6.95224,5.02023],[6.95224,5.02032],[6.95233,5.02032],[6.95233,5.02041],[6.95242,5.02041],[6.95242,5.02068],[6.95251,5.02068],[6.95251,5.02104],[6.95242,5.02104],[6.95242,5.02113],[6.95251,5.02113],[6.95251,5.02122],[6.95269,5.02122],[6.95269,5.02149],[6.95278,5.02149],[6.95278,5.02212],[6.95287,5.02212],[6.95287,5.02221],[6.95278,5.02221],[6.95278,5.0223],[6.95287,5.0223],[6.95287,5.02239],[6.95296,5.02239],[6.95296,5.0223],[6.95305,5.0223],[6.95305,5.02239],[6.95323,5.02239],[6.95323,5.02266],[6.95332,5.02266],[6.95332,5.02284],[6.95305,5.02284],[6.95305,5.02302],[6.95296,5.02302],[6.95296,5.02293],[6.95287,5.02293],[6.95287,5.02284],[6.95269,5.02284],[6.95269,5.02293],[6.9526,5.02293],[6.9526,5.02302],[6.95278,5.02302],[6.95278,5.02311],[6.95287,5.02311],[6.95287,5.02338],[6.95278,5.02338],[6.95278,5.02365],[6.95287,5.02365],[6.95287,5.02374],[6.95296,5.02374],[6.95296,5.02383],[6.95287,5.02383],[6.95287,5.02392],[6.95278,5.02392],[6.95278,5.02401],[6.95269,5.02401],[6.95269,5.02419],[6.95242,5.02419],[6.95242,5.02437],[6.9526,5.02437],[6.9526,5.02455],[6.95251,5.02455],[6.95251,5.02473],[6.9526,5.02473],[6.9526,5.02482],[6.95251,5.02482],[6.95251,5.02536],[6.9526,5.02536],[6.9526,5.02545],[6.95251,5.02545],[6.95251,5.02571],[6.9526,5.02571],[6.9526,5.02598],[6.95269,5.02598],[6.95269,5.02643],[6.95278,5.02643],[6.95278,5.02625],[6.95314,5.02625],[6.95314,5.02634],[6.95305,5.02634],[6.95305,5.02661],[6.95296,5.02661],[6.95296,5.02688],[6.95278,5.02688],[6.95278,5.0267],[6.95269,5.0267],[6.95269,5.02652],[6.9526,5.02652],[6.9526,5.02661],[6.95251,5.02661],[6.95251,5.02652],[6.9526,5.02652],[6.9526,5.02643],[6.95251,5.02643],[6.95251,5.02634],[6.9526,5.02634],[6.9526,5.02625],[6.95242,5.02625],[6.95242,5.02616],[6.95233,5.02616],[6.95233,5.02625],[6.95215,5.02625],[6.95215,5.02607],[6.95206,5.02607],[6.95206,5.02589],[6.95188,5.02589],[6.95188,5.0258],[6.95197,5.0258],[6.95197,5.02562],[6.95188,5.02562],[6.95188,5.02571],[6.95179,5.02571],[6.95179,5.02545],[6.9517,5.02545],[6.9517,5.02536],[6.95179,5.02536],[6.95179,5.02518],[6.9517,5.02518],[6.9517,5.02509],[6.95161,5.02509],[6.95161,5.025],[6.9517,5.025],[6.9517,5.02491],[6.95179,5.02491],[6.95179,5.02482],[6.95161,5.02482],[6.95161,5.02473],[6.95152,5.02473],[6.95152,5.02464],[6.95161,5.02464],[6.95161,5.02455],[6.95179,5.02455],[6.95179,5.02428],[6.9517,5.02428],[6.9517,5.02401],[6.95161,5.02401],[6.95161,5.02392],[6.95152,5.02392],[6.95152,5.02419],[6.95098,5.02419],[6.95098,5.02428],[6.95107,5.02428],[6.95107,5.02446],[6.95098,5.02446],[6.95098,5.02428],[6.95089,5.02428],[6.95089,5.02446],[6.9508,5.02446],[6.9508,5.02455],[6.95071,5.02455],[6.95071,5.02446],[6.95062,5.02446],[6.95062,5.02419],[6.9508,5.02419],[6.9508,5.0241],[6.95089,5.0241],[6.95089,5.02401],[6.95062,5.02401],[6.95062,5.02365],[6.95053,5.02365],[6.95053,5.02329],[6.95089,5.02329],[6.95089,5.0232],[6.95062,5.0232],[6.95062,5.02311],[6.95053,5.02311],[6.95053,5.02302],[6.95045,5.02302],[6.95045,5.02275],[6.95036,5.02275],[6.95036,5.02284],[6.95027,5.02284],[6.95027,5.02275],[6.95009,5.02275],[6.95009,5.02248],[6.95,5.02248],[6.95,5.02239],[6.94991,5.02239],[6.94991,5.02212],[6.95,5.02212],[6.95,5.02203],[6.94991,5.02203],[6.94991,5.02185],[6.94982,5.02185],[6.94982,5.02176],[6.94964,5.02176],[6.94964,5.02158],[6.94928,5.02158],[6.94928,5.02149],[6.94937,5.02149],[6.94937,5.02131],[6.94928,5.02131],[6.94928,5.02122],[6.9491,5.02122],[6.9491,5.02095],[6.94901,5.02095],[6.94901,5.02086],[6.94892,5.02086],[6.94892,5.02059],[6.94919,5.02059],[6.94919,5.02032],[6.9491,5.02032],[6.9491,5.02015],[6.94883,5.02015],[6.94883,5.02023],[6.94874,5.02023],[6.94874,5.01988],[6.94865,5.01988],[6.94865,5.01997],[6.94856,5.01997],[6.94856,5.01979],[6.94865,5.01979],[6.94865,5.0197],[6.94856,5.0197],[6.94856,5.01943],[6.94838,5.01943],[6.94838,5.01934],[6.9482,5.01934],[6.9482,5.01925],[6.94811,5.01925],[6.94811,5.01907],[6.94802,5.01907],[6.94802,5.01898],[6.94811,5.01898],[6.94811,5.01871],[6.94802,5.01871],[6.94802,5.01862],[6.94793,5.01862],[6.94793,5.01853],[6.94784,5.01853],[6.94784,5.01835],[6.94802,5.01835],[6.94802,5.01844],[6.9482,5.01844],[6.9482,5.01853],[6.94829,5.01853],[6.94829,5.0188],[6.94838,5.0188],[6.94838,5.01844],[6.94829,5.01844],[6.94829,5.01835],[6.94811,5.01835],[6.94811,5.01817],[6.94802,5.01817],[6.94802,5.01808],[6.94775,5.01808],[6.94775,5.01799],[6.94802,5.01799],[6.94802,5.0179],[6.94793,5.0179],[6.94793,5.01763],[6.94775,5.01763],[6.94775,5.01745],[6.94766,5.01745],[6.94766,5.01727],[6.94757,5.01727],[6.94757,5.01709],[6.94766,5.01709],[6.94766,5.017],[6.94757,5.017],[6.94757,5.01664],[6.94766,5.01664],[6.94766,5.01655],[6.94757,5.01655],[6.94757,5.01637],[6.94748,5.01637],[6.94748,5.01628],[6.9473,5.01628],[6.9473,5.01637],[6.94703,5.01637],[6.94703,5.01628],[6.94694,5.01628],[6.94694,5.01619],[6.94685,5.01619],[6.94685,5.01601],[6.94676,5.01601],[6.94676,5.01583],[6.94685,5.01583],[6.94685,5.01574],[6.94694,5.01574],[6.94694,5.01565],[6.94676,5.01565],[6.94676,5.01556],[6.94667,5.01556],[6.94667,5.01574],[6.94658,5.01574],[6.94658,5.01565],[6.94649,5.01565],[6.94649,5.01556],[6.9464,5.01556],[6.9464,5.01547],[6.94631,5.01547],[6.94631,5.01538],[6.94613,5.01538],[6.94613,5.01511],[6.94604,5.01511],[6.94604,5.01485],[6.94595,5.01485],[6.94595,5.01467],[6.94586,5.01467],[6.94586,5.01413],[6.94577,5.01413],[6.94577,5.01359],[6.94559,5.01359],[6.94559,5.0135],[6.9455,5.0135],[6.9455,5.01332],[6.94541,5.01332],[6.94541,5.01341],[6.94514,5.01341],[6.94514,5.01332],[6.94523,5.01332],[6.94523,5.01314],[6.94514,5.01314],[6.94514,5.01305],[6.94523,5.01305],[6.94523,5.01296],[6.94506,5.01296],[6.94506,5.01278],[6.94497,5.01278],[6.94497,5.01251],[6.94488,5.01251],[6.94488,5.01242],[6.94479,5.01242],[6.94479,5.01215],[6.9447,5.01215],[6.9447,5.01206],[6.94461,5.01206],[6.94461,5.0117],[6.94452,5.0117],[6.94452,5.01152],[6.94461,5.01152],[6.94461,5.01134],[6.94452,5.01134],[6.94452,5.01125],[6.94443,5.01125],[6.94443,5.01116],[6.94425,5.01116],[6.94425,5.01107],[6.94407,5.01107],[6.94407,5.0108],[6.94398,5.0108],[6.94398,5.01089],[6.94389,5.01089],[6.94389,5.0108],[6.94398,5.0108],[6.94398,5.01062],[6.94389,5.01062],[6.94389,5.01035],[6.94371,5.01035],[6.94371,5.01026],[6.94353,5.01026],[6.94353,5.01017],[6.94344,5.01017],[6.94344,5.01008],[6.94335,5.01008],[6.94335,5.00999],[6.94317,5.00999],[6.94317,5.00946],[6.94308,5.00946],[6.94308,5.00937],[6.94317,5.00937],[6.94317,5.00928],[6.94308,5.00928],[6.94308,5.00901],[6.94317,5.00901],[6.94317,5.00892],[6.94299,5.00892],[6.94299,5.00865],[6.9429,5.00865],[6.9429,5.00856],[6.94281,5.00856],[6.94281,5.00865],[6.94263,5.00865],[6.94263,5.00856],[6.94254,5.00856],[6.94254,5.00838],[6.94236,5.00838],[6.94236,5.00847],[6.94227,5.00847],[6.94227,5.00829],[6.94245,5.00829],[6.94245,5.0082],[6.94236,5.0082],[6.94236,5.00802],[6.94209,5.00802],[6.94209,5.00757],[6.94236,5.00757],[6.94236,5.00748],[6.94245,5.00748],[6.94245,5.00721],[6.94236,5.00721],[6.94236,5.00712],[6.94218,5.00712],[6.94218,5.00703],[6.942,5.00703],[6.942,5.00712],[6.94191,5.00712],[6.94191,5.00685],[6.942,5.00685],[6.942,5.00694],[6.94209,5.00694],[6.94209,5.00685],[6.94227,5.00685],[6.94227,5.00676],[6.94209,5.00676],[6.94209,5.00667],[6.94191,5.00667],[6.94191,5.00658],[6.94182,5.00658],[6.94182,5.00649],[6.94191,5.00649],[6.94191,5.0064],[6.94173,5.0064],[6.94173,5.00622],[6.94155,5.00622],[6.94155,5.00613],[6.94146,5.00613],[6.94146,5.00604],[6.94182,5.00604],[6.94182,5.00622],[6.942,5.00622],[6.942,5.00613],[6.94209,5.00613],[6.94209,5.00604],[6.942,5.00604],[6.942,5.00595],[6.94191,5.00595],[6.94191,5.00586],[6.94182,5.00586],[6.94182,5.00541],[6.94173,5.00541],[6.94173,5.0055],[6.94146,5.0055],[6.94146,5.00532],[6.94128,5.00532],[6.94128,5.00514],[6.94101,5.00514],[6.94101,5.00523],[6.94119,5.00523],[6.94119,5.00532],[6.9411,5.00532],[6.9411,5.0055],[6.94101,5.0055],[6.94101,5.00541],[6.94083,5.00541],[6.94083,5.00532],[6.94074,5.00532],[6.94074,5.00514],[6.94065,5.00514],[6.94065,5.00487],[6.94056,5.00487],[6.94056,5.0046],[6.94047,5.0046],[6.94047,5.00424],[6.94029,5.00424],[6.94029,5.00407],[6.9402,5.00407],[6.9402,5.00389],[6.94011,5.00389],[6.94011,5.0038],[6.94002,5.0038],[6.94002,5.00371],[6.94011,5.00371],[6.94011,5.00362],[6.94002,5.00362],[6.94002,5.00353],[6.94011,5.00353],[6.94011,5.00344],[6.94002,5.00344],[6.94002,5.00335],[6.94011,5.00335],[6.94011,5.00326],[6.94002,5.00326],[6.94002,5.00308],[6.93993,5.00308],[6.93993,5.00299],[6.93976,5.00299],[6.93976,5.00281],[6.93967,5.00281],[6.93967,5.00272],[6.93958,5.00272],[6.93958,5.00263],[6.93949,5.00263],[6.93949,5.00254],[6.9394,5.00254],[6.9394,5.00236],[6.93949,5.00236],[6.93949,5.002],[6.9394,5.002],[6.9394,5.00227],[6.93931,5.00227],[6.93931,5.00209],[6.93922,5.00209],[6.93922,5.00164],[6.93904,5.00164],[6.93904,5.00155],[6.93895,5.00155],[6.93895,5.00146],[6.93904,5.00146],[6.93904,5.00137],[6.93895,5.00137],[6.93895,5.00128],[6.93904,5.00128],[6.93904,5.00101],[6.93913,5.00101],[6.93913,5.0011],[6.93922,5.0011],[6.93922,5.00092],[6.93913,5.00092],[6.93913,5.00074],[6.93922,5.00074],[6.93922,5.00065],[6.93913,5.00065],[6.93913,5.00056],[6.93922,5.00056],[6.93922,5.00047],[6.93931,5.00047],[6.93931,5.00038],[6.9394,5.00038],[6.9394,5.00029],[6.93949,5.00029],[6.93949,5.0002],[6.93958,5.0002],[6.93958,5.00002],[6.93949,5.00002],[6.93949,4.99984],[6.93931,4.99984],[6.93931,4.99975],[6.93922,4.99975],[6.93922,4.99984],[6.93913,4.99984],[6.93913,5.00011],[6.93922,5.00011],[6.93922,5.0002],[6.93913,5.0002],[6.93913,5.00011],[6.93886,5.00011],[6.93886,5.0002],[6.93895,5.0002],[6.93895,5.00047],[6.93859,5.00047],[6.93859,5.0002],[6.9385,5.0002],[6.9385,5.00011],[6.93859,5.00011],[6.93859,4.99984],[6.93877,4.99984],[6.93877,4.99966],[6.93913,4.99966],[6.93913,4.99957],[6.93922,4.99957],[6.93922,4.99948],[6.93931,4.99948],[6.93931,4.99957],[6.9394,4.99957],[6.9394,4.99948],[6.93949,4.99948],[6.93949,4.9993],[6.93976,4.9993],[6.93976,4.99939],[6.94002,4.99939],[6.94002,4.99894],[6.94011,4.99894],[6.94011,4.99877],[6.94002,4.99877],[6.94002,4.9985],[6.93993,4.9985],[6.93993,4.99841],[6.93967,4.99841],[6.93967,4.99823],[6.93976,4.99823],[6.93976,4.99805],[6.93984,4.99805],[6.93984,4.99787],[6.93976,4.99787],[6.93976,4.9976],[6.93958,4.9976],[6.93958,4.99751],[6.93949,4.99751],[6.93949,4.99742],[6.93931,4.99742],[6.93931,4.99733],[6.93922,4.99733],[6.93922,4.99724],[6.93913,4.99724],[6.93913,4.99706],[6.93922,4.99706],[6.93922,4.99697],[6.93913,4.99697],[6.93913,4.99688],[6.93895,4.99688],[6.93895,4.99706],[6.93886,4.99706],[6.93886,4.99715],[6.93877,4.99715],[6.93877,4.99706],[6.93868,4.99706],[6.93868,4.99688],[6.93895,4.99688],[6.93895,4.9967],[6.93886,4.9967],[6.93886,4.99679],[6.93859,4.99679],[6.93859,4.9967],[6.93841,4.9967],[6.93841,4.99679],[6.93832,4.99679],[6.93832,4.99643],[6.93823,4.99643],[6.93823,4.99625],[6.93814,4.99625]],[[6.93859,4.99517],[6.9385,4.99517],[6.9385,4.99508],[6.93859,4.99508],[6.93859,4.99517]],[[6.93787,4.99535],[6.93778,4.99535],[6.93778,4.99526],[6.93787,4.99526],[6.93787,4.99535]],[[6.93805,4.99553],[6.93787,4.99553],[6.93787,4.99535],[6.93805,4.99535],[6.93805,4.99553]],[[6.93868,4.99571],[6.9385,4.99571],[6.9385,4.99562],[6.93859,4.99562],[6.93859,4.99553],[6.9385,4.99553],[6.9385,4.99526],[6.93868,4.99526],[6.93868,4.99535],[6.93877,4.99535],[6.93877,4.99544],[6.93868,4.99544],[6.93868,4.99571]],[[6.93895,4.99571],[6.93886,4.99571],[6.93886,4.99562],[6.93895,4.99562],[6.93895,4.99571]],[[6.93949,4.99679],[6.9394,4.99679],[6.9394,4.9967],[6.93949,4.9967],[6.93949,4.99679]],[[6.93993,4.99697],[6.93984,4.99697],[6.93984,4.99688],[6.93993,4.99688],[6.93993,4.99697]],[[6.93949,4.99715],[6.9394,4.99715],[6.9394,4.99697],[6.93949,4.99697],[6.93949,4.99715]],[[6.94101,4.99724],[6.94092,4.99724],[6.94092,4.99715],[6.94101,4.99715],[6.94101,4.99724]],[[6.93949,4.99733],[6.9394,4.99733],[6.9394,4.99724],[6.93949,4.99724],[6.93949,4.99733]],[[6.94083,4.99778],[6.94074,4.99778],[6.94074,4.99769],[6.94083,4.99769],[6.94083,4.99778]],[[6.94011,4.99787],[6.94002,4.99787],[6.94002,4.99769],[6.94011,4.99769],[6.94011,4.99787]],[[6.9402,4.99796],[6.94011,4.99796],[6.94011,4.99787],[6.9402,4.99787],[6.9402,4.99796]],[[6.94038,4.99877],[6.94029,4.99877],[6.94029,4.99868],[6.94038,4.99868],[6.94038,4.99877]],[[6.94038,4.99912],[6.94029,4.99912],[6.94029,4.99903],[6.94038,4.99903],[6.94038,4.99912]],[[6.93895,4.99993],[6.93877,4.99993],[6.93877,4.99984],[6.93895,4.99984],[6.93895,4.99993]],[[6.93967,5.00002],[6.93958,5.00002],[6.93958,4.99984],[6.93967,4.99984],[6.93967,5.00002]],[[6.94056,5.00002],[6.94038,5.00002],[6.94038,4.99993],[6.94047,4.99993],[6.94047,4.99984],[6.94056,4.99984],[6.94056,5.00002]],[[6.94029,5.00038],[6.9402,5.00038],[6.9402,5.0002],[6.94029,5.0002],[6.94029,5.00038]],[[6.94101,5.00047],[6.94092,5.00047],[6.94092,5.00038],[6.94101,5.00038],[6.94101,5.00047]],[[6.94056,5.00056],[6.94029,5.00056],[6.94029,5.00038],[6.94038,5.00038],[6.94038,5.0002],[6.94056,5.0002],[6.94056,5.00029],[6.94065,5.00029],[6.94065,5.00038],[6.94056,5.00038],[6.94056,5.00056]],[[6.93931,5.00092],[6.93922,5.00092],[6.93922,5.00074],[6.93931,5.00074],[6.93931,5.00092]],[[6.9402,5.00101],[6.93993,5.00101],[6.93993,5.00092],[6.94002,5.00092],[6.94002,5.00083],[6.94011,5.00083],[6.94011,5.00092],[6.9402,5.00092],[6.9402,5.00101]],[[6.94092,5.00101],[6.94083,5.00101],[6.94083,5.00092],[6.94092,5.00092],[6.94092,5.00101]],[[6.94074,5.0011],[6.94065,5.0011],[6.94065,5.00101],[6.94074,5.00101],[6.94074,5.0011]],[[6.94245,5.00335],[6.94236,5.00335],[6.94236,5.00326],[6.94245,5.00326],[6.94245,5.00335]],[[6.94236,5.00344],[6.94227,5.00344],[6.94227,5.00335],[6.94236,5.00335],[6.94236,5.00344]],[[6.94272,5.00344],[6.94263,5.00344],[6.94263,5.00317],[6.94272,5.00317],[6.94272,5.00344]],[[6.94173,5.00362],[6.94155,5.00362],[6.94155,5.00353],[6.94146,5.00353],[6.94146,5.00335],[6.94155,5.00335],[6.94155,5.00344],[6.94173,5.00344],[6.94173,5.00362]],[[6.94254,5.00362],[6.94245,5.00362],[6.94245,5.00353],[6.94254,5.00353],[6.94254,5.00362]],[[6.9429,5.00398],[6.94281,5.00398],[6.94281,5.00389],[6.9429,5.00389],[6.9429,5.00398]],[[6.94191,5.00407],[6.94182,5.00407],[6.94182,5.00398],[6.94173,5.00398],[6.94173,5.00389],[6.94164,5.00389],[6.94164,5.00371],[6.94173,5.00371],[6.94173,5.0038],[6.94191,5.0038],[6.94191,5.00407]],[[6.94209,5.00424],[6.942,5.00424],[6.942,5.00398],[6.94209,5.00398],[6.94209,5.00424]],[[6.94101,5.00514],[6.94092,5.00514],[6.94092,5.00505],[6.94101,5.00505],[6.94101,5.00514]],[[6.94092,5.00532],[6.94083,5.00532],[6.94083,5.00523],[6.94092,5.00523],[6.94092,5.00532]],[[6.942,5.00532],[6.94191,5.00532],[6.94191,5.00523],[6.942,5.00523],[6.942,5.00532]],[[6.94173,5.00541],[6.94164,5.00541],[6.94164,5.00523],[6.94155,5.00523],[6.94155,5.00514],[6.94173,5.00514],[6.94173,5.00541]],[[6.94218,5.00559],[6.94209,5.00559],[6.94209,5.00541],[6.94218,5.00541],[6.94218,5.00559]],[[6.9429,5.00559],[6.94281,5.00559],[6.94281,5.00541],[6.9429,5.00541],[6.9429,5.00559]],[[6.94209,5.00577],[6.942,5.00577],[6.942,5.00559],[6.94209,5.00559],[6.94209,5.00577]],[[6.94425,5.00622],[6.94416,5.00622],[6.94416,5.00604],[6.94425,5.00604],[6.94425,5.00622]],[[6.94416,5.00631],[6.94407,5.00631],[6.94407,5.00622],[6.94416,5.00622],[6.94416,5.00631]],[[6.94209,5.0064],[6.94191,5.0064],[6.94191,5.00631],[6.94209,5.00631],[6.94209,5.0064]],[[6.9438,5.0064],[6.94371,5.0064],[6.94371,5.00631],[6.94362,5.00631],[6.94362,5.00613],[6.94353,5.00613],[6.94353,5.00586],[6.9438,5.00586],[6.9438,5.00577],[6.94344,5.00577],[6.94344,5.00568],[6.94335,5.00568],[6.94335,5.00559],[6.94326,5.00559],[6.94326,5.00541],[6.94308,5.00541],[6.94308,5.00523],[6.94299,5.00523],[6.94299,5.00487],[6.9429,5.00487],[6.9429,5.00478],[6.94281,5.00478],[6.94281,5.00469],[6.9429,5.00469],[6.9429,5.0046],[6.94281,5.0046],[6.94281,5.00442],[6.94299,5.00442],[6.94299,5.00451],[6.94317,5.00451],[6.94317,5.00469],[6.94326,5.00469],[6.94326,5.00487],[6.94344,5.00487],[6.94344,5.00514],[6.94353,5.00514],[6.94353,5.00532],[6.94362,5.00532],[6.94362,5.0055],[6.94371,5.0055],[6.94371,5.00559],[6.9438,5.00559],[6.9438,5.00568],[6.94389,5.00568],[6.94389,5.00586],[6.94398,5.00586],[6.94398,5.00595],[6.94416,5.00595],[6.94416,5.00604],[6.94398,5.00604],[6.94398,5.00613],[6.94407,5.00613],[6.94407,5.00622],[6.94398,5.00622],[6.94398,5.00631],[6.9438,5.00631],[6.9438,5.0064]],[[6.94299,5.00658],[6.9429,5.00658],[6.9429,5.00649],[6.94299,5.00649],[6.94299,5.00658]],[[6.9429,5.00667],[6.94281,5.00667],[6.94281,5.00658],[6.9429,5.00658],[6.9429,5.00667]],[[6.94425,5.00703],[6.94416,5.00703],[6.94416,5.00685],[6.94398,5.00685],[6.94398,5.00667],[6.94407,5.00667],[6.94407,5.0064],[6.94416,5.0064],[6.94416,5.00631],[6.94434,5.00631],[6.94434,5.0064],[6.94425,5.0064],[6.94425,5.00658],[6.94434,5.00658],[6.94434,5.00676],[6.94443,5.00676],[6.94443,5.00694],[6.94425,5.00694],[6.94425,5.00703]],[[6.94335,5.00712],[6.94317,5.00712],[6.94317,5.00703],[6.94335,5.00703],[6.94335,5.00712]],[[6.94443,5.00712],[6.94434,5.00712],[6.94434,5.00703],[6.94443,5.00703],[6.94443,5.00712]],[[6.9447,5.0073],[6.94461,5.0073],[6.94461,5.00721],[6.9447,5.00721],[6.9447,5.0073]],[[6.94272,5.00766],[6.94263,5.00766],[6.94263,5.00757],[6.94272,5.00757],[6.94272,5.00766]],[[6.94299,5.00766],[6.94281,5.00766],[6.94281,5.00757],[6.94272,5.00757],[6.94272,5.00739],[6.94263,5.00739],[6.94263,5.00703],[6.94236,5.00703],[6.94236,5.00685],[6.94245,5.00685],[6.94245,5.00676],[6.94236,5.00676],[6.94236,5.00658],[6.94245,5.00658],[6.94245,5.00667],[6.94254,5.00667],[6.94254,5.00676],[6.94263,5.00676],[6.94263,5.00667],[6.94281,5.00667],[6.94281,5.00676],[6.9429,5.00676],[6.9429,5.00667],[6.94299,5.00667],[6.94299,5.00658],[6.94308,5.00658],[6.94308,5.00667],[6.94317,5.00667],[6.94317,5.00676],[6.94326,5.00676],[6.94326,5.00685],[6.94308,5.00685],[6.94308,5.00703],[6.94299,5.00703],[6.94299,5.00712],[6.94317,5.00712],[6.94317,5.00739],[6.94308,5.00739],[6.94308,5.00757],[6.94299,5.00757],[6.94299,5.00748],[6.9429,5.00748],[6.9429,5.00757],[6.94299,5.00757],[6.94299,5.00766]],[[6.94514,5.00775],[6.94479,5.00775],[6.94479,5.00757],[6.94497,5.00757],[6.94497,5.00766],[6.94514,5.00766],[6.94514,5.00775]],[[6.94272,5.00784],[6.94254,5.00784],[6.94254,5.00775],[6.94245,5.00775],[6.94245,5.00766],[6.94236,5.00766],[6.94236,5.00757],[6.94254,5.00757],[6.94254,5.00766],[6.94263,5.00766],[6.94263,5.00775],[6.94272,5.00775],[6.94272,5.00784]],[[6.94479,5.00784],[6.94461,5.00784],[6.94461,5.00775],[6.94452,5.00775],[6.94452,5.00748],[6.94443,5.00748],[6.94443,5.00712],[6.94452,5.00712],[6.94452,5.0073],[6.94461,5.0073],[6.94461,5.00748],[6.9447,5.00748],[6.9447,5.00775],[6.94479,5.00775],[6.94479,5.00784]],[[6.94461,5.00793],[6.94452,5.00793],[6.94452,5.00784],[6.94461,5.00784],[6.94461,5.00793]],[[6.94497,5.00829],[6.94488,5.00829],[6.94488,5.00811],[6.94479,5.00811],[6.94479,5.00829],[6.9447,5.00829],[6.9447,5.00802],[6.94461,5.00802],[6.94461,5.00793],[6.94479,5.00793],[6.94479,5.00784],[6.94488,5.00784],[6.94488,5.00793],[6.94497,5.00793],[6.94497,5.00829]],[[6.94488,5.00838],[6.94479,5.00838],[6.94479,5.00829],[6.94488,5.00829],[6.94488,5.00838]],[[6.94281,5.00856],[6.94263,5.00856],[6.94263,5.00847],[6.94281,5.00847],[6.94281,5.00856]],[[6.94317,5.00865],[6.94299,5.00865],[6.94299,5.00838],[6.94281,5.00838],[6.94281,5.0082],[6.94299,5.0082],[6.94299,5.00829],[6.94308,5.00829],[6.94308,5.0082],[6.94317,5.0082],[6.94317,5.00838],[6.94344,5.00838],[6.94344,5.00847],[6.94317,5.00847],[6.94317,5.00865]],[[6.94514,5.00874],[6.94506,5.00874],[6.94506,5.00865],[6.94497,5.00865],[6.94497,5.00838],[6.94532,5.00838],[6.94532,5.00829],[6.94541,5.00829],[6.94541,5.00838],[6.9455,5.00838],[6.9455,5.00856],[6.94541,5.00856],[6.94541,5.00847],[6.94514,5.00847],[6.94514,5.00856],[6.94523,5.00856],[6.94523,5.00865],[6.94514,5.00865],[6.94514,5.00874]],[[6.94326,5.00892],[6.94317,5.00892],[6.94317,5.00883],[6.94326,5.00883],[6.94326,5.00892]],[[6.94577,5.00946],[6.94568,5.00946],[6.94568,5.00937],[6.94577,5.00937],[6.94577,5.00946]],[[6.94559,5.00963],[6.94541,5.00963],[6.94541,5.00928],[6.94532,5.00928],[6.94532,5.0091],[6.94523,5.0091],[6.94523,5.00865],[6.94532,5.00865],[6.94532,5.00883],[6.9455,5.00883],[6.9455,5.00901],[6.94541,5.00901],[6.94541,5.0091],[6.9455,5.0091],[6.9455,5.00919],[6.94577,5.00919],[6.94577,5.00928],[6.94568,5.00928],[6.94568,5.00937],[6.94559,5.00937],[6.94559,5.00963]],[[6.94622,5.01008],[6.94613,5.01008],[6.94613,5.00999],[6.94622,5.00999],[6.94622,5.01008]],[[6.94613,5.01035],[6.94604,5.01035],[6.94604,5.01026],[6.94613,5.01026],[6.94613,5.01035]],[[6.94631,5.01035],[6.94622,5.01035],[6.94622,5.01026],[6.94613,5.01026],[6.94613,5.01017],[6.94631,5.01017],[6.94631,5.01035]],[[6.94667,5.01071],[6.94658,5.01071],[6.94658,5.01062],[6.94667,5.01062],[6.94667,5.01071]],[[6.94685,5.01143],[6.94676,5.01143],[6.94676,5.01134],[6.94685,5.01134],[6.94685,5.01143]],[[6.94622,5.01161],[6.94613,5.01161],[6.94613,5.01152],[6.94622,5.01152],[6.94622,5.01161]],[[6.94676,5.0117],[6.94667,5.0117],[6.94667,5.01161],[6.9464,5.01161],[6.9464,5.01152],[6.94658,5.01152],[6.94658,5.01143],[6.94649,5.01143],[6.94649,5.01134],[6.9464,5.01134],[6.9464,5.01152],[6.94622,5.01152],[6.94622,5.01143],[6.94613,5.01143],[6.94613,5.01134],[6.94622,5.01134],[6.94622,5.01116],[6.94613,5.01116],[6.94613,5.01098],[6.94622,5.01098],[6.94622,5.01071],[6.94604,5.01071],[6.94604,5.01044],[6.94613,5.01044],[6.94613,5.01035],[6.94622,5.01035],[6.94622,5.01044],[6.94649,5.01044],[6.94649,5.01071],[6.94658,5.01071],[6.94658,5.0108],[6.94667,5.0108],[6.94667,5.01089],[6.94658,5.01089],[6.94658,5.01107],[6.94685,5.01107],[6.94685,5.01125],[6.94667,5.01125],[6.94667,5.01143],[6.94676,5.01143],[6.94676,5.0117]],[[6.94694,5.0117],[6.94685,5.0117],[6.94685,5.01161],[6.94694,5.01161],[6.94694,5.0117]],[[6.94703,5.01179],[6.94694,5.01179],[6.94694,5.0117],[6.94703,5.0117],[6.94703,5.01179]],[[6.94479,5.01206],[6.9447,5.01206],[6.9447,5.01197],[6.94479,5.01197],[6.94479,5.01206]],[[6.94712,5.01215],[6.94685,5.01215],[6.94685,5.01206],[6.94694,5.01206],[6.94694,5.01197],[6.94721,5.01197],[6.94721,5.01206],[6.94712,5.01206],[6.94712,5.01215]],[[6.94739,5.01215],[6.9473,5.01215],[6.9473,5.01197],[6.94739,5.01197],[6.94739,5.01215]],[[6.94793,5.01305],[6.94784,5.01305],[6.94784,5.01287],[6.94793,5.01287],[6.94793,5.01305]],[[6.94775,5.01314],[6.94766,5.01314],[6.94766,5.01305],[6.94748,5.01305],[6.94748,5.01296],[6.94757,5.01296],[6.94757,5.01278],[6.94766,5.01278],[6.94766,5.01269],[6.94739,5.01269],[6.94739,5.0126],[6.9473,5.0126],[6.9473,5.01251],[6.94721,5.01251],[6.94721,5.01242],[6.94703,5.01242],[6.94703,5.01233],[6.94694,5.01233],[6.94694,5.01224],[6.94721,5.01224],[6.94721,5.01215],[6.9473,5.01215],[6.9473,5.01224],[6.94739,5.01224],[6.94739,5.01233],[6.94748,5.01233],[6.94748,5.01251],[6.94757,5.01251],[6.94757,5.01242],[6.94766,5.01242],[6.94766,5.01251],[6.94775,5.01251],[6.94775,5.01278],[6.94784,5.01278],[6.94784,5.01287],[6.94775,5.01287],[6.94775,5.01314]],[[6.94541,5.01332],[6.94532,5.01332],[6.94532,5.01323],[6.94541,5.01323],[6.94541,5.01332]],[[6.94568,5.0135],[6.94559,5.0135],[6.94559,5.01332],[6.94568,5.01332],[6.94568,5.0135]],[[6.94811,5.01386],[6.94802,5.01386],[6.94802,5.01377],[6.94793,5.01377],[6.94793,5.0135],[6.94802,5.0135],[6.94802,5.01359],[6.94811,5.01359],[6.94811,5.01386]],[[6.94829,5.01404],[6.9482,5.01404],[6.9482,5.01395],[6.94811,5.01395],[6.94811,5.01386],[6.94829,5.01386],[6.94829,5.01404]],[[6.94874,5.01413],[6.94865,5.01413],[6.94865,5.01404],[6.94874,5.01404],[6.94874,5.01413]],[[6.94676,5.0152],[6.94667,5.0152],[6.94667,5.01511],[6.94676,5.01511],[6.94676,5.0152]],[[6.94694,5.01529],[6.94685,5.01529],[6.94685,5.0152],[6.94694,5.0152],[6.94694,5.01529]],[[6.94811,5.01646],[6.94793,5.01646],[6.94793,5.01637],[6.94811,5.01637],[6.94811,5.01646]],[[6.94811,5.01664],[6.94802,5.01664],[6.94802,5.01655],[6.94811,5.01655],[6.94811,5.01664]],[[6.94955,5.01718],[6.94946,5.01718],[6.94946,5.01709],[6.94955,5.01709],[6.94955,5.01718]],[[6.94973,5.01718],[6.94964,5.01718],[6.94964,5.01709],[6.94973,5.01709],[6.94973,5.01718]],[[6.94982,5.01727],[6.94973,5.01727],[6.94973,5.01718],[6.94982,5.01718],[6.94982,5.01727]],[[6.94811,5.0179],[6.94802,5.0179],[6.94802,5.01781],[6.94811,5.01781],[6.94811,5.0179]],[[6.95009,5.01817],[6.94991,5.01817],[6.94991,5.01808],[6.94982,5.01808],[6.94982,5.01781],[6.94973,5.01781],[6.94973,5.01745],[6.94991,5.01745],[6.94991,5.01754],[6.95009,5.01754],[6.95009,5.0179],[6.95,5.0179],[6.95,5.01799],[6.95009,5.01799],[6.95009,5.01817]],[[6.95027,5.01817],[6.95018,5.01817],[6.95018,5.01808],[6.95027,5.01808],[6.95027,5.01817]],[[6.95018,5.01826],[6.95009,5.01826],[6.95009,5.01817],[6.95018,5.01817],[6.95018,5.01826]],[[6.95062,5.01889],[6.95053,5.01889],[6.95053,5.01862],[6.95062,5.01862],[6.95062,5.01889]],[[6.95107,5.01916],[6.95098,5.01916],[6.95098,5.01907],[6.95089,5.01907],[6.95089,5.01898],[6.95107,5.01898],[6.95107,5.01916]],[[6.95098,5.01934],[6.95089,5.01934],[6.95089,5.01925],[6.95098,5.01925],[6.95098,5.01934]],[[6.95107,5.01943],[6.95098,5.01943],[6.95098,5.01934],[6.95107,5.01934],[6.95107,5.01943]],[[6.95143,5.01961],[6.95125,5.01961],[6.95125,5.01952],[6.95107,5.01952],[6.95107,5.01943],[6.95143,5.01943],[6.95143,5.01961]],[[6.9508,5.01988],[6.95071,5.01988],[6.95071,5.0197],[6.9508,5.0197],[6.9508,5.01952],[6.95089,5.01952],[6.95089,5.01943],[6.95098,5.01943],[6.95098,5.01952],[6.95107,5.01952],[6.95107,5.0197],[6.95098,5.0197],[6.95098,5.01979],[6.9508,5.01979],[6.9508,5.01988]],[[6.95098,5.01997],[6.9508,5.01997],[6.9508,5.01988],[6.95098,5.01988],[6.95098,5.01997]],[[6.95125,5.02015],[6.95098,5.02015],[6.95098,5.01997],[6.95107,5.01997],[6.95107,5.01988],[6.95116,5.01988],[6.95116,5.02006],[6.95125,5.02006],[6.95125,5.02015]],[[6.95143,5.02041],[6.95134,5.02041],[6.95134,5.02032],[6.95143,5.02032],[6.95143,5.02041]],[[6.95152,5.02068],[6.95143,5.02068],[6.95143,5.02059],[6.95152,5.02059],[6.95152,5.02068]],[[6.94919,5.02086],[6.9491,5.02086],[6.9491,5.02077],[6.94919,5.02077],[6.94919,5.02086]],[[6.94928,5.02104],[6.94919,5.02104],[6.94919,5.02086],[6.94928,5.02086],[6.94928,5.02104]],[[6.95179,5.02104],[6.95161,5.02104],[6.95161,5.02095],[6.95152,5.02095],[6.95152,5.02086],[6.95161,5.02086],[6.95161,5.02077],[6.9517,5.02077],[6.9517,5.02086],[6.95179,5.02086],[6.95179,5.02104]],[[6.94946,5.02122],[6.94928,5.02122],[6.94928,5.02113],[6.94946,5.02113],[6.94946,5.02122]],[[6.95206,5.02122],[6.95188,5.02122],[6.95188,5.02113],[6.95197,5.02113],[6.95197,5.02104],[6.95206,5.02104],[6.95206,5.02095],[6.95188,5.02095],[6.95188,5.02077],[6.9517,5.02077],[6.9517,5.02059],[6.95179,5.02059],[6.95179,5.0205],[6.95161,5.0205],[6.95161,5.02041],[6.95152,5.02041],[6.95152,5.02032],[6.9517,5.02032],[6.9517,5.02041],[6.95188,5.02041],[6.95188,5.02059],[6.95206,5.02059],[6.95206,5.02068],[6.95215,5.02068],[6.95215,5.02113],[6.95206,5.02113],[6.95206,5.02122]],[[6.95242,5.02149],[6.95233,5.02149],[6.95233,5.02131],[6.95242,5.02131],[6.95242,5.02149]],[[6.95251,5.02158],[6.95242,5.02158],[6.95242,5.02149],[6.95251,5.02149],[6.95251,5.02158]],[[6.95269,5.02167],[6.9526,5.02167],[6.9526,5.02158],[6.95269,5.02158],[6.95269,5.02167]],[[6.95269,5.0223],[6.9526,5.0223],[6.9526,5.02221],[6.95269,5.02221],[6.95269,5.0223]],[[6.95278,5.02248],[6.95269,5.02248],[6.95269,5.02239],[6.95278,5.02239],[6.95278,5.02248]],[[6.95314,5.02275],[6.95305,5.02275],[6.95305,5.02266],[6.95314,5.02266],[6.95314,5.02275]],[[6.95296,5.02284],[6.95287,5.02284],[6.95287,5.02266],[6.95296,5.02266],[6.95296,5.02284]],[[6.95134,5.02311],[6.95125,5.02311],[6.95125,5.02302],[6.95134,5.02302],[6.95134,5.02311]],[[6.95116,5.0232],[6.95089,5.0232],[6.95089,5.02311],[6.95098,5.02311],[6.95098,5.02293],[6.95125,5.02293],[6.95125,5.02302],[6.95116,5.02302],[6.95116,5.0232]],[[6.9517,5.0232],[6.95152,5.0232],[6.95152,5.02302],[6.95161,5.02302],[6.95161,5.02311],[6.9517,5.02311],[6.9517,5.0232]],[[6.95152,5.02329],[6.95134,5.02329],[6.95134,5.0232],[6.95152,5.0232],[6.95152,5.02329]],[[6.95242,5.02419],[6.95233,5.02419],[6.95233,5.0241],[6.95242,5.0241],[6.95242,5.02419]],[[6.95215,5.02545],[6.95206,5.02545],[6.95206,5.02536],[6.95215,5.02536],[6.95215,5.02545]],[[6.95224,5.0258],[6.95215,5.0258],[6.95215,5.02571],[6.95224,5.02571],[6.95224,5.0258]],[[6.95242,5.02598],[6.95233,5.02598],[6.95233,5.02589],[6.95242,5.02589],[6.95242,5.02598]],[[6.94029,4.99616],[6.94029,4.99607],[6.94038,4.99607],[6.94038,4.99616],[6.94029,4.99616]],[[6.93949,4.99616],[6.93949,4.99643],[6.9394,4.99643],[6.9394,4.99607],[6.93913,4.99607],[6.93913,4.99598],[6.93904,4.99598],[6.93904,4.99589],[6.93895,4.99589],[6.93895,4.9958],[6.93904,4.9958],[6.93904,4.99544],[6.93895,4.99544],[6.93895,4.99535],[6.93922,4.99535],[6.93922,4.99544],[6.93913,4.99544],[6.93913,4.99553],[6.93922,4.99553],[6.93922,4.99562],[6.93913,4.99562],[6.93913,4.9958],[6.93922,4.9958],[6.93922,4.99571],[6.93931,4.99571],[6.93931,4.9958],[6.93949,4.9958],[6.93949,4.99589],[6.93958,4.99589],[6.93958,4.99616],[6.93949,4.99616]]]}},{"type":"Feature","properties":{},"geometry":{"geodesic":false,"type":"Polygon","coordinates":[[[6.95332,4.96858],[6.95332,4.96849],[6.95323,4.96849],[6.95323,4.96858],[6.95314,4.96858],[6.95314,4.96849],[6.95278,4.96849],[6.95278,4.9684],[6.95269,4.9684],[6.95269,4.96849],[6.9526,4.96849],[6.9526,4.96768],[6.95296,4.96768],[6.95296,4.96777],[6.95314,4.96777],[6.95314,4.96786],[6.95323,4.96786],[6.95323,4.96822],[6.95341,4.96822],[6.95341,4.9684],[6.9535,4.9684],[6.9535,4.96849],[6.95341,4.96849],[6.95341,4.96858],[6.95332,4.96858]]]}},{"type":"Feature","properties":{},"geometry":{"geodesic":false,"type":"Polygon","coordinates":[[[6.95323,5.01655],[6.95323,5.01646],[6.95305,5.01646],[6.95305,5.01592],[6.95314,5.01592],[6.95314,5.01583],[6.95332,5.01583],[6.95332,5.01574],[6.95314,5.01574],[6.95314,5.01556],[6.95305,5.01556],[6.95305,5.01529],[6.95296,5.01529],[6.95296,5.01485],[6.95314,5.01485],[6.95314,5.01476],[6.95305,5.01476],[6.95305,5.01467],[6.95314,5.01467],[6.95314,5.01458],[6.95323,5.01458],[6.95323,5.0144],[6.95332,5.0144],[6.95332,5.01476],[6.95341,5.01476],[6.95341,5.01493],[6.9535,5.01493],[6.9535,5.01511],[6.95359,5.01511],[6.95359,5.0152],[6.95368,5.0152],[6.95368,5.01529],[6.95377,5.01529],[6.95377,5.01538],[6.95386,5.01538],[6.95386,5.01592],[6.95395,5.01592],[6.95395,5.01601],[6.95386,5.01601],[6.95386,5.0161],[6.95377,5.0161],[6.95377,5.01601],[6.95368,5.01601],[6.95368,5.01619],[6.95377,5.01619],[6.95377,5.01628],[6.95368,5.01628],[6.95368,5.01619],[6.95341,5.01619],[6.95341,5.01637],[6.9535,5.01637],[6.9535,5.01646],[6.95341,5.01646],[6.95341,5.01655],[6.95323,5.01655]],[[6.95323,5.01538],[6.95314,5.01538],[6.95314,5.0152],[6.95323,5.0152],[6.95323,5.01538]],[[6.95386,5.01601],[6.95377,5.01601],[6.95377,5.01592],[6.95386,5.01592],[6.95386,5.01601]],[[6.95332,5.01646],[6.95323,5.01646],[6.95323,5.01637],[6.95332,5.01637],[6.95332,5.01646]]]}},{"type":"Feature","properties":{},"geometry":{"geodesic":false,"type":"Polygon","coordinates":[[[6.95341,4.96688],[6.95341,4.9667],[6.95332,4.9667],[6.95332,4.96679],[6.95323,4.96679],[6.95323,4.9667],[6.95305,4.9667],[6.95305,4.96679],[6.95296,4.96679],[6.95296,4.9667],[6.95287,4.9667],[6.95287,4.96661],[6.95278,4.96661],[6.95278,4.96652],[6.95341,4.96652],[6.95341,4.96643],[6.95368,4.96643],[6.95368,4.96634],[6.95467,4.96634],[6.95467,4.96652],[6.9544,4.96652],[6.9544,4.96661],[6.95386,4.96661],[6.95386,4.9667],[6.95395,4.9667],[6.95395,4.96679],[6.9535,4.96679],[6.9535,4.96688],[6.95341,4.96688]]]}},{"type":"Feature","properties":{},"geometry":{"geodesic":false,"type":"Polygon","coordinates":[[[6.95368,4.92061],[6.95368,4.92052],[6.9535,4.92052],[6.9535,4.92043],[6.95341,4.92043],[6.95341,4.92034],[6.95332,4.92034],[6.95332,4.92025],[6.95341,4.92025],[6.95341,4.92034],[6.95359,4.92034],[6.95359,4.92025],[6.95395,4.92025],[6.95395,4.92016],[6.95386,4.92016],[6.95386,4.92007],[6.95377,4.92007],[6.95377,4.91998],[6.95359,4.91998],[6.95359,4.91989],[6.9535,4.91989],[6.9535,4.91998],[6.95341,4.91998],[6.95341,4.92007],[6.95332,4.92007],[6.95332,4.91989],[6.95323,4.91989],[6.95323,4.9198],[6.95341,4.9198],[6.95341,4.91962],[6.95386,4.91962],[6.95386,4.91971],[6.95404,4.91971],[6.95404,4.91998],[6.95395,4.91998],[6.95395,4.92007],[6.95404,4.92007],[6.95404,4.92025],[6.95413,4.92025],[6.95413,4.92043],[6.95404,4.92043],[6.95404,4.92052],[6.95386,4.92052],[6.95386,4.92061],[6.95368,4.92061]],[[6.95404,4.92034],[6.95395,4.92034],[6.95395,4.92025],[6.95404,4.92025],[6.95404,4.92034]]]}},{"type":"Feature","properties":{},"geometry":{"geodesic":false,"type":"Polygon","coordinates":[[[6.95431,5.06452],[6.95431,5.06443],[6.95422,5.06443],[6.95422,5.06434],[6.95413,5.06434],[6.95413,5.06425],[6.95404,5.06425],[6.95404,5.06398],[6.95395,5.06398],[6.95395,5.06407],[6.95377,5.06407],[6.95377,5.06416],[6.95368,5.06416],[6.95368,5.06407],[6.9535,5.06407],[6.9535,5.06389],[6.95359,5.06389],[6.95359,5.0638],[6.95386,5.0638],[6.95386,5.06371],[6.95395,5.06371],[6.95395,5.06389],[6.95404,5.06389],[6.95404,5.0638],[6.95413,5.0638],[6.95413,5.06389],[6.95431,5.06389],[6.95431,5.06398],[6.9544,5.06398],[6.9544,5.06389],[6.95449,5.06389],[6.95449,5.0638],[6.95458,5.0638],[6.95458,5.06389],[6.95467,5.06389],[6.95467,5.06416],[6.95458,5.06416],[6.95458,5.06443],[6.95449,5.06443],[6.95449,5.06452],[6.95431,5.06452]],[[6.95449,5.06416],[6.9544,5.06416],[6.9544,5.06407],[6.95449,5.06407],[6.95449,5.06416]]]}},{"type":"Feature","properties":{},"geometry":{"geodesic":false,"type":"Polygon","coordinates":[[[6.95449,5.07018],[6.95449,5.06991],[6.9544,5.06991],[6.9544,5.06955],[6.95458,5.06955],[6.95458,5.06937],[6.95467,5.06937],[6.95467,5.06928],[6.95476,5.06928],[6.95476,5.06946],[6.95485,5.06946],[6.95485,5.06955],[6.95494,5.06955],[6.95494,5.06964],[6.95512,5.06964],[6.95512,5.06955],[6.9553,5.06955],[6.9553,5.06946],[6.95521,5.06946],[6.95521,5.06937],[6.9553,5.06937],[6.9553,5.06946],[6.95539,5.06946],[6.95539,5.06955],[6.95557,5.06955],[6.95557,5.06946],[6.95548,5.06946],[6.95548,5.06928],[6.95566,5.06928],[6.95566,5.06955],[6.95583,5.06955],[6.95583,5.06946],[6.95601,5.06946],[6.95601,5.06964],[6.95583,5.06964],[6.95583,5.06982],[6.95548,5.06982],[6.95548,5.06991],[6.95539,5.06991],[6.95539,5.06973],[6.9553,5.06973],[6.9553,5.06964],[6.95521,5.06964],[6.95521,5.06973],[6.95512,5.06973],[6.95512,5.07],[6.95521,5.07],[6.95521,5.07009],[6.95476,5.07009],[6.95476,5.07],[6.95467,5.07],[6.95467,5.07018],[6.95449,5.07018]]]}},{"type":"Feature","properties":{},"geometry":{"geodesic":false,"type":"Polygon","coordinates":[[[6.95476,5.0161],[6.95476,5.01565],[6.95467,5.01565],[6.95467,5.01556],[6.95458,5.01556],[6.95458,5.01547],[6.95449,5.01547],[6.95449,5.01529],[6.9544,5.01529],[6.9544,5.0152],[6.95431,5.0152],[6.95431,5.01511],[6.95422,5.01511],[6.95422,5.01502],[6.95413,5.01502],[6.95413,5.01449],[6.95404,5.01449],[6.95404,5.01431],[6.95431,5.01431],[6.95431,5.01413],[6.9544,5.01413],[6.9544,5.01422],[6.95449,5.01422],[6.95449,5.01413],[6.95458,5.01413],[6.95458,5.01458],[6.95467,5.01458],[6.95467,5.01467],[6.95476,5.01467],[6.95476,5.01502],[6.95485,5.01502],[6.95485,5.01511],[6.95494,5.01511],[6.95494,5.01538],[6.95512,5.01538],[6.95512,5.01547],[6.95503,5.01547],[6.95503,5.01556],[6.95512,5.01556],[6.95512,5.01574],[6.95503,5.01574],[6.95503,5.01583],[6.95494,5.01583],[6.95494,5.01592],[6.95485,5.01592],[6.95485,5.0161],[6.95476,5.0161]]]}},{"type":"Feature","properties":{},"geometry":{"geodesic":false,"type":"Polygon","coordinates":[[[6.95485,4.95619],[6.95485,4.9561],[6.95449,4.9561],[6.95449,4.95601],[6.95431,4.95601],[6.95431,4.95592],[6.95422,4.95592],[6.95422,4.95601],[6.95413,4.95601],[6.95413,4.95592],[6.95404,4.95592],[6.95404,4.95601],[6.95395,4.95601],[6.95395,4.9561],[6.95359,4.9561],[6.95359,4.95601],[6.95332,4.95601],[6.95332,4.95583],[6.95314,4.95583],[6.95314,4.95574],[6.95287,4.95574],[6.95287,4.95583],[6.95269,4.95583],[6.95269,4.95565],[6.9526,4.95565],[6.9526,4.95547],[6.95251,4.95547],[6.95251,4.95538],[6.95242,4.95538],[6.95242,4.95529],[6.95233,4.95529],[6.95233,4.95511],[6.95224,4.95511],[6.95224,4.95493],[6.95233,4.95493],[6.95233,4.95484],[6.95215,4.95484],[6.95215,4.95493],[6.95206,4.95493],[6.95206,4.95475],[6.95215,4.95475],[6.95215,4.95466],[6.95206,4.95466],[6.95206,4.95448],[6.95197,4.95448],[6.95197,4.95439],[6.95179,4.95439],[6.95179,4.95403],[6.9517,4.95403],[6.9517,4.95394],[6.95161,4.95394],[6.95161,4.95385],[6.95152,4.95385],[6.95152,4.95367],[6.95143,4.95367],[6.95143,4.9534],[6.95152,4.9534],[6.95152,4.95331],[6.9517,4.95331],[6.9517,4.95304],[6.95179,4.95304],[6.95179,4.95295],[6.95188,4.95295],[6.95188,4.95286],[6.95206,4.95286],[6.95206,4.95295],[6.95215,4.95295],[6.95215,4.95304],[6.95233,4.95304],[6.95233,4.95295],[6.95242,4.95295],[6.95242,4.95304],[6.95251,4.95304],[6.95251,4.95313],[6.9526,4.95313],[6.9526,4.95331],[6.95269,4.95331],[6.95269,4.9534],[6.95296,4.9534],[6.95296,4.95349],[6.95305,4.95349],[6.95305,4.95358],[6.95332,4.95358],[6.95332,4.95367],[6.95341,4.95367],[6.95341,4.95376],[6.9535,4.95376],[6.9535,4.95385],[6.95359,4.95385],[6.95359,4.95403],[6.95368,4.95403],[6.95368,4.95412],[6.95377,4.95412],[6.95377,4.95403],[6.95386,4.95403],[6.95386,4.95394],[6.95404,4.95394],[6.95404,4.95403],[6.95422,4.95403],[6.95422,4.95385],[6.95431,4.95385],[6.95431,4.9534],[6.9544,4.9534],[6.9544,4.95331],[6.95431,4.95331],[6.95431,4.95277],[6.9544,4.95277],[6.9544,4.95286],[6.95458,4.95286],[6.95458,4.95277],[6.95449,4.95277],[6.95449,4.95268],[6.9544,4.95268],[6.9544,4.95259],[6.95431,4.95259],[6.95431,4.95241],[6.95422,4.95241],[6.95422,4.95277],[6.95413,4.95277],[6.95413,4.95286],[6.95404,4.95286],[6.95404,4.95295],[6.95413,4.95295],[6.95413,4.95304],[6.95404,4.95304],[6.95404,4.95322],[6.95395,4.95322],[6.95395,4.95331],[6.95386,4.95331],[6.95386,4.9534],[6.9535,4.9534],[6.9535,4.95331],[6.95341,4.95331],[6.95341,4.95322],[6.95332,4.95322],[6.95332,4.95313],[6.95323,4.95313],[6.95323,4.95322],[6.95314,4.95322],[6.95314,4.95304],[6.95305,4.95304],[6.95305,4.95313],[6.95287,4.95313],[6.95287,4.95277],[6.95278,4.95277],[6.95278,4.95268],[6.95287,4.95268],[6.95287,4.95259],[6.95269,4.95259],[6.95269,4.95241],[6.9526,4.95241],[6.9526,4.95205],[6.95269,4.95205],[6.95269,4.95214],[6.95278,4.95214],[6.95278,4.95223],[6.95287,4.95223],[6.95287,4.95205],[6.95278,4.95205],[6.95278,4.95187],[6.9526,4.95187],[6.9526,4.95196],[6.95233,4.95196],[6.95233,4.95205],[6.95224,4.95205],[6.95224,4.95196],[6.95233,4.95196],[6.95233,4.95187],[6.95251,4.95187],[6.95251,4.9516],[6.9526,4.9516],[6.9526,4.95151],[6.95251,4.95151],[6.95251,4.95142],[6.95269,4.95142],[6.95269,4.95151],[6.95278,4.95151],[6.95278,4.9516],[6.95287,4.9516],[6.95287,4.95124],[6.95278,4.95124],[6.95278,4.95097],[6.95269,4.95097],[6.95269,4.95062],[6.9526,4.95062],[6.9526,4.95053],[6.95251,4.95053],[6.95251,4.95062],[6.95242,4.95062],[6.95242,4.95053],[6.95251,4.95053],[6.95251,4.95035],[6.95278,4.95035],[6.95278,4.95026],[6.95305,4.95026],[6.95305,4.94972],[6.95296,4.94972],[6.95296,4.94936],[6.95314,4.94936],[6.95314,4.94927],[6.95323,4.94927],[6.95323,4.94918],[6.95332,4.94918],[6.95332,4.949],[6.95341,4.949],[6.95341,4.94891],[6.9535,4.94891],[6.9535,4.94882],[6.95359,4.94882],[6.95359,4.94873],[6.95368,4.94873],[6.95368,4.94864],[6.95377,4.94864],[6.95377,4.94891],[6.95368,4.94891],[6.95368,4.949],[6.95359,4.949],[6.95359,4.94909],[6.95377,4.94909],[6.95377,4.94936],[6.95404,4.94936],[6.95404,4.94909],[6.95422,4.94909],[6.95422,4.949],[6.95431,4.949],[6.95431,4.94891],[6.9544,4.94891],[6.9544,4.94873],[6.95431,4.94873],[6.95431,4.94864],[6.95422,4.94864],[6.95422,4.94846],[6.9544,4.94846],[6.9544,4.94828],[6.95431,4.94828],[6.95431,4.9481],[6.95422,4.9481],[6.95422,4.94837],[6.95413,4.94837],[6.95413,4.94846],[6.95404,4.94846],[6.95404,4.94855],[6.95395,4.94855],[6.95395,4.94837],[6.95413,4.94837],[6.95413,4.94819],[6.95404,4.94819],[6.95404,4.9481],[6.95395,4.9481],[6.95395,4.94819],[6.95386,4.94819],[6.95386,4.94837],[6.95377,4.94837],[6.95377,4.94828],[6.95368,4.94828],[6.95368,4.94837],[6.95359,4.94837],[6.95359,4.94855],[6.95341,4.94855],[6.95341,4.94864],[6.95332,4.94864],[6.95332,4.94873],[6.95323,4.94873],[6.95323,4.94864],[6.95332,4.94864],[6.95332,4.94855],[6.95341,4.94855],[6.95341,4.94837],[6.9535,4.94837],[6.9535,4.9481],[6.95359,4.9481],[6.95359,4.94801],[6.95368,4.94801],[6.95368,4.94783],[6.95359,4.94783],[6.95359,4.94792],[6.9535,4.94792],[6.9535,4.94783],[6.95314,4.94783],[6.95314,4.94792],[6.95305,4.94792],[6.95305,4.94783],[6.95296,4.94783],[6.95296,4.94792],[6.95278,4.94792],[6.95278,4.94783],[6.95251,4.94783],[6.95251,4.94792],[6.95215,4.94792],[6.95215,4.94783],[6.95179,4.94783],[6.95179,4.94765],[6.95161,4.94765],[6.95161,4.94756],[6.95143,4.94756],[6.95143,4.94765],[6.95134,4.94765],[6.95134,4.94783],[6.95152,4.94783],[6.95152,4.94792],[6.95143,4.94792],[6.95143,4.94801],[6.95134,4.94801],[6.95134,4.94792],[6.95125,4.94792],[6.95125,4.94783],[6.9508,4.94783],[6.9508,4.94792],[6.95071,4.94792],[6.95071,4.94783],[6.95062,4.94783],[6.95062,4.94756],[6.95045,4.94756],[6.95045,4.94747],[6.95053,4.94747],[6.95053,4.9472],[6.95062,4.9472],[6.95062,4.94711],[6.95045,4.94711],[6.95045,4.94693],[6.95053,4.94693],[6.95053,4.94684],[6.95062,4.94684],[6.95062,4.94675],[6.9508,4.94675],[6.9508,4.94666],[6.95071,4.94666],[6.95071,4.94657],[6.9508,4.94657],[6.9508,4.94648],[6.95089,4.94648],[6.95089,4.94666],[6.95098,4.94666],[6.95098,4.94693],[6.95107,4.94693],[6.95107,4.94684],[6.95134,4.94684],[6.95134,4.94693],[6.95107,4.94693],[6.95107,4.94711],[6.95116,4.94711],[6.95116,4.94747],[6.95125,4.94747],[6.95125,4.94756],[6.95143,4.94756],[6.95143,4.94747],[6.95161,4.94747],[6.95161,4.94738],[6.95152,4.94738],[6.95152,4.94729],[6.95161,4.94729],[6.95161,4.9472],[6.95179,4.9472],[6.95179,4.94729],[6.95206,4.94729],[6.95206,4.9472],[6.95215,4.9472],[6.95215,4.94711],[6.95233,4.94711],[6.95233,4.94702],[6.9526,4.94702],[6.9526,4.94693],[6.95278,4.94693],[6.95278,4.94684],[6.95287,4.94684],[6.95287,4.94675],[6.95296,4.94675],[6.95296,4.94657],[6.95287,4.94657],[6.95287,4.94648],[6.95296,4.94648],[6.95296,4.9463],[6.95278,4.9463],[6.95278,4.94639],[6.95269,4.94639],[6.95269,4.9463],[6.9526,4.9463],[6.9526,4.94648],[6.95251,4.94648],[6.95251,4.94657],[6.9526,4.94657],[6.9526,4.94666],[6.95251,4.94666],[6.95251,4.94675],[6.95242,4.94675],[6.95242,4.94648],[6.95224,4.94648],[6.95224,4.94657],[6.95215,4.94657],[6.95215,4.94666],[6.95197,4.94666],[6.95197,4.94675],[6.95188,4.94675],[6.95188,4.94666],[6.95197,4.94666],[6.95197,4.94657],[6.95179,4.94657],[6.95179,4.94639],[6.9517,4.94639],[6.9517,4.9463],[6.95161,4.9463],[6.95161,4.94621],[6.9517,4.94621],[6.9517,4.94612],[6.95179,4.94612],[6.95179,4.94603],[6.95188,4.94603],[6.95188,4.94585],[6.95197,4.94585],[6.95197,4.94576],[6.95206,4.94576],[6.95206,4.94585],[6.95215,4.94585],[6.95215,4.9455],[6.95197,4.9455],[6.95197,4.94567],[6.95188,4.94567],[6.95188,4.94558],[6.95179,4.94558],[6.95179,4.94567],[6.95161,4.94567],[6.95161,4.94576],[6.95152,4.94576],[6.95152,4.94567],[6.95161,4.94567],[6.95161,4.94558],[6.95134,4.94558],[6.95134,4.9455],[6.95116,4.9455],[6.95116,4.94558],[6.95107,4.94558],[6.95107,4.94576],[6.95089,4.94576],[6.95089,4.94567],[6.95071,4.94567],[6.95071,4.94541],[6.9508,4.94541],[6.9508,4.94532],[6.95089,4.94532],[6.95089,4.94523],[6.9508,4.94523],[6.9508,4.94514],[6.95089,4.94514],[6.95089,4.94496],[6.9508,4.94496],[6.9508,4.94487],[6.95071,4.94487],[6.95071,4.94478],[6.95062,4.94478],[6.95062,4.94469],[6.95071,4.94469],[6.95071,4.9446],[6.9508,4.9446],[6.9508,4.94433],[6.95071,4.94433],[6.95071,4.94424],[6.9508,4.94424],[6.9508,4.94415],[6.95089,4.94415],[6.95089,4.94424],[6.95098,4.94424],[6.95098,4.94415],[6.95107,4.94415],[6.95107,4.94406],[6.95098,4.94406],[6.95098,4.94397],[6.95107,4.94397],[6.95107,4.94388],[6.95098,4.94388],[6.95098,4.94379],[6.95107,4.94379],[6.95107,4.9437],[6.95116,4.9437],[6.95116,4.94361],[6.95125,4.94361],[6.95125,4.94352],[6.95134,4.94352],[6.95134,4.94361],[6.95152,4.94361],[6.95152,4.9437],[6.95188,4.9437],[6.95188,4.94352],[6.95206,4.94352],[6.95206,4.94361],[6.95224,4.94361],[6.95224,4.94352],[6.95215,4.94352],[6.95215,4.94343],[6.95224,4.94343],[6.95224,4.94352],[6.95233,4.94352],[6.95233,4.9437],[6.95251,4.9437],[6.95251,4.94397],[6.9526,4.94397],[6.9526,4.94388],[6.95269,4.94388],[6.95269,4.94406],[6.95278,4.94406],[6.95278,4.94397],[6.95287,4.94397],[6.95287,4.94415],[6.95269,4.94415],[6.95269,4.94424],[6.9526,4.94424],[6.9526,4.94451],[6.95251,4.94451],[6.95251,4.94469],[6.9526,4.94469],[6.9526,4.94478],[6.95269,4.94478],[6.95269,4.94451],[6.95278,4.94451],[6.95278,4.94442],[6.95287,4.94442],[6.95287,4.94424],[6.95296,4.94424],[6.95296,4.94433],[6.95305,4.94433],[6.95305,4.94415],[6.95332,4.94415],[6.95332,4.94433],[6.95341,4.94433],[6.95341,4.94424],[6.9535,4.94424],[6.9535,4.94415],[6.95395,4.94415],[6.95395,4.94424],[6.95413,4.94424],[6.95413,4.94433],[6.95422,4.94433],[6.95422,4.94451],[6.95413,4.94451],[6.95413,4.94442],[6.95395,4.94442],[6.95395,4.94433],[6.95377,4.94433],[6.95377,4.94424],[6.95368,4.94424],[6.95368,4.94442],[6.95377,4.94442],[6.95377,4.94451],[6.95386,4.94451],[6.95386,4.9446],[6.95395,4.9446],[6.95395,4.94469],[6.95422,4.94469],[6.95422,4.94478],[6.95431,4.94478],[6.95431,4.94487],[6.95467,4.94487],[6.95467,4.94505],[6.95458,4.94505],[6.95458,4.94496],[6.95431,4.94496],[6.95431,4.94505],[6.95422,4.94505],[6.95422,4.94514],[6.95404,4.94514],[6.95404,4.94523],[6.95395,4.94523],[6.95395,4.94532],[6.95386,4.94532],[6.95386,4.94541],[6.95377,4.94541],[6.95377,4.9455],[6.95386,4.9455],[6.95386,4.94558],[6.95404,4.94558],[6.95404,4.94567],[6.95431,4.94567],[6.95431,4.9455],[6.95449,4.9455],[6.95449,4.94523],[6.95458,4.94523],[6.95458,4.94532],[6.95467,4.94532],[6.95467,4.94514],[6.95476,4.94514],[6.95476,4.94523],[6.95512,4.94523],[6.95512,4.94505],[6.95521,4.94505],[6.95521,4.94514],[6.9553,4.94514],[6.9553,4.94505],[6.95539,4.94505],[6.95539,4.94523],[6.95548,4.94523],[6.95548,4.94505],[6.95557,4.94505],[6.95557,4.94514],[6.95566,4.94514],[6.95566,4.94523],[6.95575,4.94523],[6.95575,4.94532],[6.95566,4.94532],[6.95566,4.9455],[6.95548,4.9455],[6.95548,4.94532],[6.95539,4.94532],[6.95539,4.9455],[6.95521,4.9455],[6.95521,4.94558],[6.95512,4.94558],[6.95512,4.94567],[6.95521,4.94567],[6.95521,4.94576],[6.95512,4.94576],[6.95512,4.94585],[6.95503,4.94585],[6.95503,4.94576],[6.95485,4.94576],[6.95485,4.94585],[6.95467,4.94585],[6.95467,4.94594],[6.95458,4.94594],[6.95458,4.94603],[6.9544,4.94603],[6.9544,4.94621],[6.95449,4.94621],[6.95449,4.94666],[6.9544,4.94666],[6.9544,4.94675],[6.95449,4.94675],[6.95449,4.94684],[6.95458,4.94684],[6.95458,4.94675],[6.95467,4.94675],[6.95467,4.94666],[6.95476,4.94666],[6.95476,4.94657],[6.95467,4.94657],[6.95467,4.94648],[6.95476,4.94648],[6.95476,4.94657],[6.95503,4.94657],[6.95503,4.94648],[6.95512,4.94648],[6.95512,4.9463],[6.9553,4.9463],[6.9553,4.94621],[6.95539,4.94621],[6.95539,4.94612],[6.95548,4.94612],[6.95548,4.94603],[6.95539,4.94603],[6.95539,4.94594],[6.95548,4.94594],[6.95548,4.94585],[6.95539,4.94585],[6.95539,4.94576],[6.95548,4.94576],[6.95548,4.94567],[6.95575,4.94567],[6.95575,4.94585],[6.95601,4.94585],[6.95601,4.94567],[6.9561,4.94567],[6.9561,4.94541],[6.95619,4.94541],[6.95619,4.94523],[6.9561,4.94523],[6.9561,4.94496],[6.95619,4.94496],[6.95619,4.94487],[6.95628,4.94487],[6.95628,4.9446],[6.95637,4.9446],[6.95637,4.94478],[6.95655,4.94478],[6.95655,4.94487],[6.95646,4.94487],[6.95646,4.94496],[6.95664,4.94496],[6.95664,4.94478],[6.95673,4.94478],[6.95673,4.9446],[6.95691,4.9446],[6.95691,4.94469],[6.95727,4.94469],[6.95727,4.9446],[6.95736,4.9446],[6.95736,4.94433],[6.957,4.94433],[6.957,4.94442],[6.95691,4.94442],[6.95691,4.94451],[6.95682,4.94451],[6.95682,4.94424],[6.95673,4.94424],[6.95673,4.94415],[6.95682,4.94415],[6.95682,4.94424],[6.95691,4.94424],[6.95691,4.94415],[6.957,4.94415],[6.957,4.94406],[6.95691,4.94406],[6.95691,4.94397],[6.957,4.94397],[6.957,4.94361],[6.95727,4.94361],[6.95727,4.9437],[6.95718,4.9437],[6.95718,4.94406],[6.95727,4.94406],[6.95727,4.94415],[6.95736,4.94415],[6.95736,4.94433],[6.95754,4.94433],[6.95754,4.94424],[6.95745,4.94424],[6.95745,4.94415],[6.95772,4.94415],[6.95772,4.94406],[6.9579,4.94406],[6.9579,4.94397],[6.95799,4.94397],[6.95799,4.9437],[6.9579,4.9437],[6.9579,4.94316],[6.95799,4.94316],[6.95799,4.94289],[6.95781,4.94289],[6.95781,4.9428],[6.9579,4.9428],[6.9579,4.94271],[6.95808,4.94271],[6.95808,4.9428],[6.95817,4.9428],[6.95817,4.94271],[6.95826,4.94271],[6.95826,4.9428],[6.95853,4.9428],[6.95853,4.94262],[6.95862,4.94262],[6.95862,4.94253],[6.95871,4.94253],[6.95871,4.94262],[6.9588,4.94262],[6.9588,4.94271],[6.95898,4.94271],[6.95898,4.9428],[6.95889,4.9428],[6.95889,4.94289],[6.95907,4.94289],[6.95907,4.94271],[6.95916,4.94271],[6.95916,4.94262],[6.95952,4.94262],[6.95952,4.94217],[6.95961,4.94217],[6.95961,4.94235],[6.9597,4.94235],[6.9597,4.94217],[6.95979,4.94217],[6.95979,4.94208],[6.95997,4.94208],[6.95997,4.9419],[6.96006,4.9419],[6.96006,4.94181],[6.96042,4.94181],[6.96042,4.94154],[6.96051,4.94154],[6.96051,4.94145],[6.96069,4.94145],[6.96069,4.94154],[6.96078,4.94154],[6.96078,4.94145],[6.96087,4.94145],[6.96087,4.94136],[6.96096,4.94136],[6.96096,4.94127],[6.96105,4.94127],[6.96105,4.94118],[6.96113,4.94118],[6.96113,4.94109],[6.96122,4.94109],[6.96122,4.941],[6.9614,4.941],[6.9614,4.94091],[6.96167,4.94091],[6.96167,4.94082],[6.96185,4.94082],[6.96185,4.94064],[6.96194,4.94064],[6.96194,4.94055],[6.9623,4.94055],[6.9623,4.94046],[6.96221,4.94046],[6.96221,4.94037],[6.96239,4.94037],[6.96239,4.94028],[6.96257,4.94028],[6.96257,4.94037],[6.96275,4.94037],[6.96275,4.94028],[6.96266,4.94028],[6.96266,4.9402],[6.96275,4.9402],[6.96275,4.94028],[6.96284,4.94028],[6.96284,4.94011],[6.96293,4.94011],[6.96293,4.93993],[6.96302,4.93993],[6.96302,4.94002],[6.96338,4.94002],[6.96338,4.93993],[6.96356,4.93993],[6.96356,4.94002],[6.96374,4.94002],[6.96374,4.9402],[6.96383,4.9402],[6.96383,4.94011],[6.96419,4.94011],[6.96419,4.93993],[6.9641,4.93993],[6.9641,4.93984],[6.96437,4.93984],[6.96437,4.93957],[6.96428,4.93957],[6.96428,4.9393],[6.96437,4.9393],[6.96437,4.93921],[6.96419,4.93921],[6.96419,4.93903],[6.96428,4.93903],[6.96428,4.93885],[6.96446,4.93885],[6.96446,4.93903],[6.96428,4.93903],[6.96428,4.93912],[6.96446,4.93912],[6.96446,4.9393],[6.96455,4.9393],[6.96455,4.93939],[6.96464,4.93939],[6.96464,4.93948],[6.96482,4.93948],[6.96482,4.93921],[6.96491,4.93921],[6.96491,4.93912],[6.965,4.93912],[6.965,4.93921],[6.96509,4.93921],[6.96509,4.9393],[6.96518,4.9393],[6.96518,4.93948],[6.96536,4.93948],[6.96536,4.93957],[6.96545,4.93957],[6.96545,4.93966],[6.96581,4.93966],[6.96581,4.93957],[6.9659,4.93957],[6.9659,4.93948],[6.96608,4.93948],[6.96608,4.93939],[6.96626,4.93939],[6.96626,4.9393],[6.96644,4.9393],[6.96644,4.93948],[6.96661,4.93948],[6.96661,4.93939],[6.96688,4.93939],[6.96688,4.9393],[6.96697,4.9393],[6.96697,4.93939],[6.96706,4.93939],[6.96706,4.9393],[6.96715,4.9393],[6.96715,4.93939],[6.96733,4.93939],[6.96733,4.93948],[6.96751,4.93948],[6.96751,4.93957],[6.96742,4.93957],[6.96742,4.93966],[6.9676,4.93966],[6.9676,4.93957],[6.96778,4.93957],[6.96778,4.93948],[6.96796,4.93948],[6.96796,4.93939],[6.96787,4.93939],[6.96787,4.9393],[6.96778,4.9393],[6.96778,4.93921],[6.96769,4.93921],[6.96769,4.9393],[6.9676,4.9393],[6.9676,4.93939],[6.96751,4.93939],[6.96751,4.93921],[6.96769,4.93921],[6.96769,4.93912],[6.96778,4.93912],[6.96778,4.93921],[6.96796,4.93921],[6.96796,4.93912],[6.96805,4.93912],[6.96805,4.93903],[6.96841,4.93903],[6.96841,4.93894],[6.9685,4.93894],[6.9685,4.93903],[6.96868,4.93903],[6.96868,4.93894],[6.96886,4.93894],[6.96886,4.93903],[6.96877,4.93903],[6.96877,4.93921],[6.96859,4.93921],[6.96859,4.93912],[6.9685,4.93912],[6.9685,4.93921],[6.96841,4.93921],[6.96841,4.9393],[6.96832,4.9393],[6.96832,4.93948],[6.96841,4.93948],[6.96841,4.93957],[6.9685,4.93957],[6.9685,4.93948],[6.96859,4.93948],[6.96859,4.9393],[6.96877,4.9393],[6.96877,4.93939],[6.96895,4.93939],[6.96895,4.93948],[6.96913,4.93948],[6.96913,4.93939],[6.96922,4.93939],[6.96922,4.9393],[6.96931,4.9393],[6.96931,4.93921],[6.9694,4.93921],[6.9694,4.93912],[6.96922,4.93912],[6.96922,4.93921],[6.96913,4.93921],[6.96913,4.93912],[6.96904,4.93912],[6.96904,4.93903],[6.96931,4.93903],[6.96931,4.93894],[6.96967,4.93894],[6.96967,4.93903],[6.96976,4.93903],[6.96976,4.93885],[6.96994,4.93885],[6.96994,4.93867],[6.97012,4.93867],[6.97012,4.93885],[6.97021,4.93885],[6.97021,4.93894],[6.97003,4.93894],[6.97003,4.93885],[6.96994,4.93885],[6.96994,4.93903],[6.97003,4.93903],[6.97003,4.93912],[6.97012,4.93912],[6.97012,4.93903],[6.9703,4.93903],[6.9703,4.93894],[6.97039,4.93894],[6.97039,4.93903],[6.97048,4.93903],[6.97048,4.93912],[6.97057,4.93912],[6.97057,4.93903],[6.97093,4.93903],[6.97093,4.93894],[6.97084,4.93894],[6.97084,4.93849],[6.97093,4.93849],[6.97093,4.93858],[6.97102,4.93858],[6.97102,4.93867],[6.9712,4.93867],[6.9712,4.93858],[6.97111,4.93858],[6.97111,4.93849],[6.9712,4.93849],[6.9712,4.93858],[6.97129,4.93858],[6.97129,4.93867],[6.9712,4.93867],[6.9712,4.93885],[6.97111,4.93885],[6.97111,4.93894],[6.9712,4.93894],[6.9712,4.93903],[6.97138,4.93903],[6.97138,4.93912],[6.97147,4.93912],[6.97147,4.93921],[6.97156,4.93921],[6.97156,4.9393],[6.97165,4.9393],[6.97165,4.93939],[6.97174,4.93939],[6.97174,4.93948],[6.97182,4.93948],[6.97182,4.93921],[6.97191,4.93921],[6.97191,4.93912],[6.972,4.93912],[6.972,4.93921],[6.97209,4.93921],[6.97209,4.93939],[6.97218,4.93939],[6.97218,4.93948],[6.97227,4.93948],[6.97227,4.93957],[6.97236,4.93957],[6.97236,4.93966],[6.97245,4.93966],[6.97245,4.93975],[6.97236,4.93975],[6.97236,4.93966],[6.97227,4.93966],[6.97227,4.93975],[6.97218,4.93975],[6.97218,4.93984],[6.97245,4.93984],[6.97245,4.93993],[6.97254,4.93993],[6.97254,4.94002],[6.97272,4.94002],[6.97272,4.93993],[6.97281,4.93993],[6.97281,4.94002],[6.9729,4.94002],[6.9729,4.94011],[6.97299,4.94011],[6.97299,4.94046],[6.9729,4.94046],[6.9729,4.94055],[6.97263,4.94055],[6.97263,4.94064],[6.97254,4.94064],[6.97254,4.94073],[6.97245,4.94073],[6.97245,4.94127],[6.97254,4.94127],[6.97254,4.94136],[6.97272,4.94136],[6.97272,4.94145],[6.97299,4.94145],[6.97299,4.94154],[6.97308,4.94154],[6.97308,4.94172],[6.97326,4.94172],[6.97326,4.9419],[6.97317,4.9419],[6.97317,4.94181],[6.97308,4.94181],[6.97308,4.94199],[6.97344,4.94199],[6.97344,4.94217],[6.97335,4.94217],[6.97335,4.94226],[6.97326,4.94226],[6.97326,4.94217],[6.97308,4.94217],[6.97308,4.94244],[6.9729,4.94244],[6.9729,4.94217],[6.97299,4.94217],[6.97299,4.94208],[6.97281,4.94208],[6.97281,4.94217],[6.97263,4.94217],[6.97263,4.94226],[6.97254,4.94226],[6.97254,4.94253],[6.97245,4.94253],[6.97245,4.94262],[6.97236,4.94262],[6.97236,4.9428],[6.97227,4.9428],[6.97227,4.94289],[6.97236,4.94289],[6.97236,4.94316],[6.97245,4.94316],[6.97245,4.94334],[6.97236,4.94334],[6.97236,4.94352],[6.97254,4.94352],[6.97254,4.94361],[6.97227,4.94361],[6.97227,4.94388],[6.97209,4.94388],[6.97209,4.94424],[6.97218,4.94424],[6.97218,4.94469],[6.97209,4.94469],[6.97209,4.94487],[6.97218,4.94487],[6.97218,4.94505],[6.97227,4.94505],[6.97227,4.94523],[6.97245,4.94523],[6.97245,4.94505],[6.97254,4.94505],[6.97254,4.94487],[6.97263,4.94487],[6.97263,4.94514],[6.97254,4.94514],[6.97254,4.94523],[6.97245,4.94523],[6.97245,4.94532],[6.97227,4.94532],[6.97227,4.94567],[6.97218,4.94567],[6.97218,4.94576],[6.97236,4.94576],[6.97236,4.94585],[6.97245,4.94585],[6.97245,4.94567],[6.97263,4.94567],[6.97263,4.94576],[6.97272,4.94576],[6.97272,4.94585],[6.97263,4.94585],[6.97263,4.94576],[6.97254,4.94576],[6.97254,4.94585],[6.97245,4.94585],[6.97245,4.94594],[6.97236,4.94594],[6.97236,4.94603],[6.97227,4.94603],[6.97227,4.94585],[6.97218,4.94585],[6.97218,4.94621],[6.97227,4.94621],[6.97227,4.9463],[6.97218,4.9463],[6.97218,4.94648],[6.97227,4.94648],[6.97227,4.94657],[6.97218,4.94657],[6.97218,4.94675],[6.97209,4.94675],[6.97209,4.94693],[6.97191,4.94693],[6.97191,4.94684],[6.97182,4.94684],[6.97182,4.94675],[6.97174,4.94675],[6.97174,4.94684],[6.97165,4.94684],[6.97165,4.94702],[6.97156,4.94702],[6.97156,4.94738],[6.97147,4.94738],[6.97147,4.94756],[6.97138,4.94756],[6.97138,4.94765],[6.97147,4.94765],[6.97147,4.94774],[6.97156,4.94774],[6.97156,4.94783],[6.97165,4.94783],[6.97165,4.94774],[6.97174,4.94774],[6.97174,4.94783],[6.97165,4.94783],[6.97165,4.94792],[6.97147,4.94792],[6.97147,4.9481],[6.97102,4.9481],[6.97102,4.94828],[6.97111,4.94828],[6.97111,4.94837],[6.9712,4.94837],[6.9712,4.94828],[6.97138,4.94828],[6.97138,4.94819],[6.97147,4.94819],[6.97147,4.94828],[6.97156,4.94828],[6.97156,4.94837],[6.97138,4.94837],[6.97138,4.94846],[6.97147,4.94846],[6.97147,4.94855],[6.97138,4.94855],[6.97138,4.94882],[6.97129,4.94882],[6.97129,4.94909],[6.9712,4.94909],[6.9712,4.94945],[6.97129,4.94945],[6.97129,4.94954],[6.9712,4.94954],[6.9712,4.94945],[6.97111,4.94945],[6.97111,4.94981],[6.97093,4.94981],[6.97093,4.9499],[6.97075,4.9499],[6.97075,4.94999],[6.97057,4.94999],[6.97057,4.95008],[6.97039,4.95008],[6.97039,4.95035],[6.97057,4.95035],[6.97057,4.95053],[6.97075,4.95053],[6.97075,4.95062],[6.97084,4.95062],[6.97084,4.95071],[6.97075,4.95071],[6.97075,4.95062],[6.97066,4.95062],[6.97066,4.9508],[6.97075,4.9508],[6.97075,4.95089],[6.97057,4.95089],[6.97057,4.95106],[6.97066,4.95106],[6.97066,4.95097],[6.97093,4.95097],[6.97093,4.95124],[6.97102,4.95124],[6.97102,4.95133],[6.97111,4.95133],[6.97111,4.95169],[6.97102,4.95169],[6.97102,4.95178],[6.97093,4.95178],[6.97093,4.95187],[6.97066,4.95187],[6.97066,4.95169],[6.97057,4.95169],[6.97057,4.95151],[6.97048,4.95151],[6.97048,4.95106],[6.97039,4.95106],[6.97039,4.95115],[6.9703,4.95115],[6.9703,4.95106],[6.96985,4.95106],[6.96985,4.95115],[6.96994,4.95115],[6.96994,4.95133],[6.96976,4.95133],[6.96976,4.95142],[6.96967,4.95142],[6.96967,4.95151],[6.96949,4.95151],[6.96949,4.95133],[6.9694,4.95133],[6.9694,4.95124],[6.96922,4.95124],[6.96922,4.95133],[6.96913,4.95133],[6.96913,4.9516],[6.96922,4.9516],[6.96922,4.95169],[6.96913,4.95169],[6.96913,4.95187],[6.96904,4.95187],[6.96904,4.95178],[6.96886,4.95178],[6.96886,4.95169],[6.96859,4.95169],[6.96859,4.95178],[6.96868,4.95178],[6.96868,4.95196],[6.96877,4.95196],[6.96877,4.95223],[6.96868,4.95223],[6.96868,4.95241],[6.96859,4.95241],[6.96859,4.9525],[6.9685,4.9525],[6.9685,4.95268],[6.96859,4.95268],[6.96859,4.95277],[6.96841,4.95277],[6.96841,4.95259],[6.96832,4.95259],[6.96832,4.95268],[6.96823,4.95268],[6.96823,4.95277],[6.96832,4.95277],[6.96832,4.95286],[6.96841,4.95286],[6.96841,4.95304],[6.9685,4.95304],[6.9685,4.95295],[6.96859,4.95295],[6.96859,4.95286],[6.96877,4.95286],[6.96877,4.95295],[6.96886,4.95295],[6.96886,4.95286],[6.96895,4.95286],[6.96895,4.95295],[6.96922,4.95295],[6.96922,4.95286],[6.96949,4.95286],[6.96949,4.95313],[6.96967,4.95313],[6.96967,4.95304],[6.96958,4.95304],[6.96958,4.95286],[6.96967,4.95286],[6.96967,4.95268],[6.96976,4.95268],[6.96976,4.95286],[6.96994,4.95286],[6.96994,4.95304],[6.96985,4.95304],[6.96985,4.95313],[6.96976,4.95313],[6.96976,4.95322],[6.9694,4.95322],[6.9694,4.95331],[6.96931,4.95331],[6.96931,4.9534],[6.9694,4.9534],[6.9694,4.95358],[6.96931,4.95358],[6.96931,4.9534],[6.96922,4.9534],[6.96922,4.95349],[6.96904,4.95349],[6.96904,4.9534],[6.96895,4.9534],[6.96895,4.95349],[6.96886,4.95349],[6.96886,4.95358],[6.96895,4.95358],[6.96895,4.95367],[6.96886,4.95367],[6.96886,4.95358],[6.96877,4.95358],[6.96877,4.95367],[6.96868,4.95367],[6.96868,4.95376],[6.96859,4.95376],[6.96859,4.95367],[6.96841,4.95367],[6.96841,4.95376],[6.9685,4.95376],[6.9685,4.95385],[6.96841,4.95385],[6.96841,4.95394],[6.96832,4.95394],[6.96832,4.95403],[6.96805,4.95403],[6.96805,4.95394],[6.96796,4.95394],[6.96796,4.95403],[6.96787,4.95403],[6.96787,4.95412],[6.96778,4.95412],[6.96778,4.95403],[6.96769,4.95403],[6.96769,4.95394],[6.96751,4.95394],[6.96751,4.95403],[6.96733,4.95403],[6.96733,4.95394],[6.96715,4.95394],[6.96715,4.95412],[6.96644,4.95412],[6.96644,4.95421],[6.96608,4.95421],[6.96608,4.9543],[6.96554,4.9543],[6.96554,4.95439],[6.96545,4.95439],[6.96545,4.95448],[6.96536,4.95448],[6.96536,4.95439],[6.96509,4.95439],[6.96509,4.95448],[6.965,4.95448],[6.965,4.95466],[6.96491,4.95466],[6.96491,4.95457],[6.96428,4.95457],[6.96428,4.95475],[6.96419,4.95475],[6.96419,4.95484],[6.96383,4.95484],[6.96383,4.95475],[6.96374,4.95475],[6.96374,4.95466],[6.96347,4.95466],[6.96347,4.95457],[6.96365,4.95457],[6.96365,4.9543],[6.96374,4.9543],[6.96374,4.95412],[6.96392,4.95412],[6.96392,4.95403],[6.96401,4.95403],[6.96401,4.95394],[6.9641,4.95394],[6.9641,4.95385],[6.96392,4.95385],[6.96392,4.95376],[6.96383,4.95376],[6.96383,4.95349],[6.96392,4.95349],[6.96392,4.9534],[6.96401,4.9534],[6.96401,4.95331],[6.9641,4.95331],[6.9641,4.95322],[6.96428,4.95322],[6.96428,4.95331],[6.96419,4.95331],[6.96419,4.9534],[6.96446,4.9534],[6.96446,4.95331],[6.96455,4.95331],[6.96455,4.95349],[6.96446,4.95349],[6.96446,4.95358],[6.96464,4.95358],[6.96464,4.95349],[6.96473,4.95349],[6.96473,4.9534],[6.96491,4.9534],[6.96491,4.95331],[6.965,4.95331],[6.965,4.95313],[6.96509,4.95313],[6.96509,4.95286],[6.96518,4.95286],[6.96518,4.95277],[6.96509,4.95277],[6.96509,4.95268],[6.965,4.95268],[6.965,4.95277],[6.96455,4.95277],[6.96455,4.95286],[6.96473,4.95286],[6.96473,4.95304],[6.96464,4.95304],[6.96464,4.95295],[6.96419,4.95295],[6.96419,4.95277],[6.96428,4.95277],[6.96428,4.95232],[6.96419,4.95232],[6.96419,4.95205],[6.9641,4.95205],[6.9641,4.95214],[6.96401,4.95214],[6.96401,4.95223],[6.96392,4.95223],[6.96392,4.95214],[6.96383,4.95214],[6.96383,4.95205],[6.96365,4.95205],[6.96365,4.95214],[6.96356,4.95214],[6.96356,4.95223],[6.96347,4.95223],[6.96347,4.95232],[6.96329,4.95232],[6.96329,4.95241],[6.96284,4.95241],[6.96284,4.9525],[6.96248,4.9525],[6.96248,4.95259],[6.96239,4.95259],[6.96239,4.9525],[6.9623,4.9525],[6.9623,4.95259],[6.96212,4.95259],[6.96212,4.9525],[6.96203,4.9525],[6.96203,4.95241],[6.96194,4.95241],[6.96194,4.95232],[6.96185,4.95232],[6.96185,4.95241],[6.96176,4.95241],[6.96176,4.9525],[6.96158,4.9525],[6.96158,4.95268],[6.96149,4.95268],[6.96149,4.95295],[6.96167,4.95295],[6.96167,4.95313],[6.96158,4.95313],[6.96158,4.9534],[6.96176,4.9534],[6.96176,4.95349],[6.96167,4.95349],[6.96167,4.95358],[6.96149,4.95358],[6.96149,4.95349],[6.96131,4.95349],[6.96131,4.95367],[6.96122,4.95367],[6.96122,4.95376],[6.96096,4.95376],[6.96096,4.95385],[6.9606,4.95385],[6.9606,4.95367],[6.96033,4.95367],[6.96033,4.95394],[6.96015,4.95394],[6.96015,4.95403],[6.96024,4.95403],[6.96024,4.95421],[6.96015,4.95421],[6.96015,4.95412],[6.95997,4.95412],[6.95997,4.9543],[6.96006,4.9543],[6.96006,4.95439],[6.96015,4.95439],[6.96015,4.9543],[6.96024,4.9543],[6.96024,4.95439],[6.9606,4.95439],[6.9606,4.9543],[6.96051,4.9543],[6.96051,4.95412],[6.9606,4.95412],[6.9606,4.9543],[6.96069,4.9543],[6.96069,4.95439],[6.96078,4.95439],[6.96078,4.95448],[6.96069,4.95448],[6.96069,4.95466],[6.96078,4.95466],[6.96078,4.95475],[6.9606,4.95475],[6.9606,4.95484],[6.96042,4.95484],[6.96042,4.95502],[6.96051,4.95502],[6.96051,4.95511],[6.96033,4.95511],[6.96033,4.95493],[6.96006,4.95493],[6.96006,4.95502],[6.95988,4.95502],[6.95988,4.95511],[6.95979,4.95511],[6.95979,4.9552],[6.95988,4.9552],[6.95988,4.95529],[6.95979,4.95529],[6.95979,4.95538],[6.95988,4.95538],[6.95988,4.95547],[6.95979,4.95547],[6.95979,4.95565],[6.9597,4.95565],[6.9597,4.95538],[6.95961,4.95538],[6.95961,4.9552],[6.95952,4.9552],[6.95952,4.95529],[6.95916,4.95529],[6.95916,4.95538],[6.95907,4.95538],[6.95907,4.9552],[6.9588,4.9552],[6.9588,4.95529],[6.95871,4.95529],[6.95871,4.9552],[6.95844,4.9552],[6.95844,4.95511],[6.95835,4.95511],[6.95835,4.95502],[6.95817,4.95502],[6.95817,4.95493],[6.95808,4.95493],[6.95808,4.95502],[6.9579,4.95502],[6.9579,4.95493],[6.95781,4.95493],[6.95781,4.95511],[6.9579,4.95511],[6.9579,4.9552],[6.95763,4.9552],[6.95763,4.95538],[6.95745,4.95538],[6.95745,4.95556],[6.95736,4.95556],[6.95736,4.95583],[6.95727,4.95583],[6.95727,4.95592],[6.95691,4.95592],[6.95691,4.95601],[6.95619,4.95601],[6.95619,4.9561],[6.9561,4.9561],[6.9561,4.95601],[6.95575,4.95601],[6.95575,4.9561],[6.95494,4.9561],[6.95494,4.95619],[6.95485,4.95619]],[[6.9508,4.94747],[6.95062,4.94747],[6.95062,4.9472],[6.95071,4.9472],[6.95071,4.94711],[6.9508,4.94711],[6.9508,4.94729],[6.95071,4.94729],[6.95071,4.94738],[6.9508,4.94738],[6.9508,4.94747]],[[6.95251,4.94451],[6.95242,4.94451],[6.95242,4.94442],[6.95251,4.94442],[6.95251,4.94451]],[[6.95098,4.9446],[6.95089,4.9446],[6.95089,4.94451],[6.95098,4.94451],[6.95098,4.9446]],[[6.95287,4.9446],[6.95278,4.9446],[6.95278,4.94451],[6.95287,4.94451],[6.95287,4.9446]],[[6.95224,4.94478],[6.95206,4.94478],[6.95206,4.94469],[6.95224,4.94469],[6.95224,4.94478]],[[6.95413,4.94487],[6.95404,4.94487],[6.95404,4.94478],[6.95413,4.94478],[6.95413,4.94487]],[[6.95152,4.94496],[6.95143,4.94496],[6.95143,4.94487],[6.95134,4.94487],[6.95134,4.94478],[6.95143,4.94478],[6.95143,4.94442],[6.95152,4.94442],[6.95152,4.94433],[6.95125,4.94433],[6.95125,4.94415],[6.95152,4.94415],[6.95152,4.94424],[6.95161,4.94424],[6.95161,4.94433],[6.9517,4.94433],[6.9517,4.94442],[6.95161,4.94442],[6.95161,4.9446],[6.9517,4.9446],[6.9517,4.94469],[6.95152,4.94469],[6.95152,4.94478],[6.95161,4.94478],[6.95161,4.94487],[6.95152,4.94487],[6.95152,4.94496]],[[6.95422,4.94505],[6.95413,4.94505],[6.95413,4.94496],[6.95422,4.94496],[6.95422,4.94505]],[[6.95188,4.94514],[6.9517,4.94514],[6.9517,4.94505],[6.95179,4.94505],[6.95179,4.94496],[6.95188,4.94496],[6.95188,4.94514]],[[6.95197,4.94532],[6.95188,4.94532],[6.95188,4.94514],[6.95197,4.94514],[6.95197,4.94505],[6.95206,4.94505],[6.95206,4.94496],[6.95224,4.94496],[6.95224,4.94478],[6.95233,4.94478],[6.95233,4.94469],[6.95242,4.94469],[6.95242,4.94478],[6.95251,4.94478],[6.95251,4.94487],[6.95242,4.94487],[6.95242,4.94496],[6.9526,4.94496],[6.9526,4.94505],[6.95242,4.94505],[6.95242,4.94523],[6.95233,4.94523],[6.95233,4.94514],[6.95224,4.94514],[6.95224,4.94523],[6.95215,4.94523],[6.95215,4.94514],[6.95206,4.94514],[6.95206,4.94523],[6.95197,4.94523],[6.95197,4.94532]],[[6.95161,4.9455],[6.95143,4.9455],[6.95143,4.94514],[6.95152,4.94514],[6.95152,4.94532],[6.95179,4.94532],[6.95179,4.94541],[6.95161,4.94541],[6.95161,4.9455]],[[6.95233,4.9455],[6.95215,4.9455],[6.95215,4.94541],[6.95224,4.94541],[6.95224,4.94532],[6.95233,4.94532],[6.95233,4.9455]],[[6.95179,4.94558],[6.9517,4.94558],[6.9517,4.9455],[6.95179,4.9455],[6.95179,4.94558]],[[6.95278,4.94576],[6.95269,4.94576],[6.95269,4.94567],[6.95278,4.94567],[6.95278,4.94576]],[[6.95296,4.94576],[6.95287,4.94576],[6.95287,4.94567],[6.95296,4.94567],[6.95296,4.94576]],[[6.95287,4.94585],[6.95278,4.94585],[6.95278,4.94576],[6.95287,4.94576],[6.95287,4.94585]],[[6.95206,4.94594],[6.95197,4.94594],[6.95197,4.94585],[6.95206,4.94585],[6.95206,4.94594]],[[6.95395,4.94594],[6.95386,4.94594],[6.95386,4.94585],[6.95395,4.94585],[6.95395,4.94594]],[[6.95224,4.94603],[6.95215,4.94603],[6.95215,4.94594],[6.95224,4.94594],[6.95224,4.94603]],[[6.95233,4.9463],[6.95224,4.9463],[6.95224,4.94603],[6.95233,4.94603],[6.95233,4.9463]],[[6.96356,4.94011],[6.96347,4.94011],[6.96347,4.94002],[6.96356,4.94002],[6.96356,4.94011]],[[6.96814,4.9393],[6.96805,4.9393],[6.96805,4.93921],[6.96814,4.93921],[6.96814,4.9393]],[[6.97129,4.93921],[6.9712,4.93921],[6.9712,4.93912],[6.97129,4.93912],[6.97129,4.93921]],[[6.96733,4.93966],[6.96724,4.93966],[6.96724,4.93957],[6.96733,4.93957],[6.96733,4.93966]],[[6.96742,4.93984],[6.96724,4.93984],[6.96724,4.93975],[6.96742,4.93975],[6.96742,4.93984]],[[6.97218,4.94002],[6.972,4.94002],[6.972,4.93993],[6.97191,4.93993],[6.97191,4.93966],[6.97174,4.93966],[6.97174,4.93957],[6.972,4.93957],[6.972,4.93966],[6.97218,4.93966],[6.97218,4.93975],[6.97209,4.93975],[6.97209,4.93993],[6.97218,4.93993],[6.97218,4.94002]],[[6.96446,4.94011],[6.96437,4.94011],[6.96437,4.93993],[6.96446,4.93993],[6.96446,4.94011]],[[6.96599,4.94028],[6.9659,4.94028],[6.9659,4.9402],[6.96581,4.9402],[6.96581,4.94011],[6.96563,4.94011],[6.96563,4.94002],[6.96554,4.94002],[6.96554,4.93984],[6.96572,4.93984],[6.96572,4.93975],[6.96599,4.93975],[6.96599,4.93966],[6.96635,4.93966],[6.96635,4.93984],[6.96626,4.93984],[6.96626,4.93993],[6.96608,4.93993],[6.96608,4.9402],[6.96599,4.9402],[6.96599,4.94028]],[[6.96491,4.94037],[6.96473,4.94037],[6.96473,4.9402],[6.965,4.9402],[6.965,4.94028],[6.96491,4.94028],[6.96491,4.94037]],[[6.9703,4.94037],[6.97021,4.94037],[6.97021,4.94028],[6.9703,4.94028],[6.9703,4.94037]],[[6.96383,4.94064],[6.96374,4.94064],[6.96374,4.94055],[6.96383,4.94055],[6.96383,4.94064]],[[6.97236,4.94064],[6.97227,4.94064],[6.97227,4.94055],[6.97236,4.94055],[6.97236,4.94064]],[[6.97174,4.94181],[6.97165,4.94181],[6.97165,4.94172],[6.97174,4.94172],[6.97174,4.94181]],[[6.97165,4.94199],[6.97156,4.94199],[6.97156,4.94181],[6.97165,4.94181],[6.97165,4.94199]],[[6.95997,4.94235],[6.95988,4.94235],[6.95988,4.94226],[6.95997,4.94226],[6.95997,4.94235]],[[6.95916,4.94298],[6.95907,4.94298],[6.95907,4.94289],[6.95916,4.94289],[6.95916,4.94298]],[[6.96572,4.94298],[6.96563,4.94298],[6.96563,4.94289],[6.96572,4.94289],[6.96572,4.94298]],[[6.9659,4.94325],[6.96572,4.94325],[6.96572,4.94316],[6.96563,4.94316],[6.96563,4.94307],[6.96572,4.94307],[6.96572,4.94298],[6.9659,4.94298],[6.9659,4.94307],[6.96608,4.94307],[6.96608,4.94316],[6.9659,4.94316],[6.9659,4.94325]],[[6.96608,4.94334],[6.96599,4.94334],[6.96599,4.94325],[6.96608,4.94325],[6.96608,4.94334]],[[6.96769,4.9437],[6.9676,4.9437],[6.9676,4.94361],[6.96769,4.94361],[6.96769,4.9437]],[[6.96778,4.94379],[6.96769,4.94379],[6.96769,4.9437],[6.96778,4.9437],[6.96778,4.94379]],[[6.96742,4.94415],[6.96733,4.94415],[6.96733,4.94406],[6.96742,4.94406],[6.96742,4.94415]],[[6.96733,4.94442],[6.96724,4.94442],[6.96724,4.94433],[6.96715,4.94433],[6.96715,4.94424],[6.96679,4.94424],[6.96679,4.94397],[6.9667,4.94397],[6.9667,4.94388],[6.96661,4.94388],[6.96661,4.94379],[6.9667,4.94379],[6.9667,4.9437],[6.96661,4.9437],[6.96661,4.94361],[6.96652,4.94361],[6.96652,4.94352],[6.96661,4.94352],[6.96661,4.94343],[6.96626,4.94343],[6.96626,4.94334],[6.96661,4.94334],[6.96661,4.94325],[6.9667,4.94325],[6.9667,4.94334],[6.96697,4.94334],[6.96697,4.94343],[6.96724,4.94343],[6.96724,4.94352],[6.96715,4.94352],[6.96715,4.94361],[6.96733,4.94361],[6.96733,4.94352],[6.9676,4.94352],[6.9676,4.94361],[6.96751,4.94361],[6.96751,4.9437],[6.96742,4.9437],[6.96742,4.94379],[6.96733,4.94379],[6.96733,4.94388],[6.96724,4.94388],[6.96724,4.94397],[6.96733,4.94397],[6.96733,4.94406],[6.96724,4.94406],[6.96724,4.94424],[6.96733,4.94424],[6.96733,4.94442]],[[6.95709,4.94505],[6.957,4.94505],[6.957,4.94487],[6.95709,4.94487],[6.95709,4.94505]],[[6.96113,4.94541],[6.96105,4.94541],[6.96105,4.94532],[6.96113,4.94532],[6.96113,4.94541]],[[6.9614,4.9455],[6.96131,4.9455],[6.96131,4.94532],[6.9614,4.94532],[6.9614,4.9455]],[[6.96257,4.94567],[6.96248,4.94567],[6.96248,4.94558],[6.96239,4.94558],[6.96239,4.9455],[6.96257,4.9455],[6.96257,4.94567]],[[6.96239,4.94576],[6.9623,4.94576],[6.9623,4.94558],[6.96239,4.94558],[6.96239,4.94576]],[[6.95628,4.94594],[6.95619,4.94594],[6.95619,4.94585],[6.95628,4.94585],[6.95628,4.94594]],[[6.95583,4.94603],[6.95566,4.94603],[6.95566,4.94594],[6.95583,4.94594],[6.95583,4.94603]],[[6.95575,4.94621],[6.95557,4.94621],[6.95557,4.94603],[6.95566,4.94603],[6.95566,4.94612],[6.95575,4.94612],[6.95575,4.94621]],[[6.95592,4.94621],[6.95583,4.94621],[6.95583,4.94612],[6.95592,4.94612],[6.95592,4.94621]],[[6.95682,4.94621],[6.95673,4.94621],[6.95673,4.94612],[6.95682,4.94612],[6.95682,4.94621]],[[6.9561,4.94639],[6.95601,4.94639],[6.95601,4.9463],[6.9561,4.9463],[6.9561,4.94639]],[[6.96122,4.94648],[6.96113,4.94648],[6.96113,4.94639],[6.96122,4.94639],[6.96122,4.94648]],[[6.96158,4.94648],[6.96149,4.94648],[6.96149,4.94639],[6.96122,4.94639],[6.96122,4.9463],[6.96105,4.9463],[6.96105,4.94621],[6.96122,4.94621],[6.96122,4.94576],[6.96113,4.94576],[6.96113,4.94594],[6.96096,4.94594],[6.96096,4.94567],[6.96105,4.94567],[6.96105,4.9455],[6.96113,4.9455],[6.96113,4.94541],[6.96122,4.94541],[6.96122,4.94558],[6.96158,4.94558],[6.96158,4.94576],[6.96176,4.94576],[6.96176,4.94558],[6.96194,4.94558],[6.96194,4.94567],[6.96221,4.94567],[6.96221,4.94612],[6.96203,4.94612],[6.96203,4.94621],[6.96194,4.94621],[6.96194,4.9463],[6.96158,4.9463],[6.96158,4.94648]],[[6.9614,4.94657],[6.96131,4.94657],[6.96131,4.94648],[6.9614,4.94648],[6.9614,4.94657]],[[6.96167,4.94666],[6.96149,4.94666],[6.96149,4.94657],[6.96158,4.94657],[6.96158,4.94648],[6.96167,4.94648],[6.96167,4.94666]],[[6.95592,4.94675],[6.95583,4.94675],[6.95583,4.94666],[6.95548,4.94666],[6.95548,4.94675],[6.9553,4.94675],[6.9553,4.94666],[6.95539,4.94666],[6.95539,4.94648],[6.95548,4.94648],[6.95548,4.94621],[6.95557,4.94621],[6.95557,4.9463],[6.95592,4.9463],[6.95592,4.94657],[6.95601,4.94657],[6.95601,4.94666],[6.95592,4.94666],[6.95592,4.94675]],[[6.95682,4.94675],[6.95673,4.94675],[6.95673,4.94666],[6.95655,4.94666],[6.95655,4.94657],[6.95664,4.94657],[6.95664,4.94639],[6.95637,4.94639],[6.95637,4.9463],[6.95628,4.9463],[6.95628,4.94639],[6.95619,4.94639],[6.95619,4.9463],[6.9561,4.9463],[6.9561,4.94621],[6.95601,4.94621],[6.95601,4.94612],[6.95619,4.94612],[6.95619,4.94603],[6.95628,4.94603],[6.95628,4.94612],[6.95637,4.94612],[6.95637,4.94603],[6.95646,4.94603],[6.95646,4.9463],[6.95709,4.9463],[6.95709,4.94657],[6.957,4.94657],[6.957,4.94666],[6.95682,4.94666],[6.95682,4.94675]],[[6.95673,4.94684],[6.95664,4.94684],[6.95664,4.94675],[6.95673,4.94675],[6.95673,4.94684]],[[6.95332,4.94702],[6.95314,4.94702],[6.95314,4.94693],[6.95332,4.94693],[6.95332,4.94702]],[[6.9535,4.94711],[6.95341,4.94711],[6.95341,4.94693],[6.95359,4.94693],[6.95359,4.94702],[6.9535,4.94702],[6.9535,4.94711]],[[6.95332,4.9472],[6.95323,4.9472],[6.95323,4.94711],[6.95332,4.94711],[6.95332,4.9472]],[[6.96374,4.9472],[6.96365,4.9472],[6.96365,4.94702],[6.96374,4.94702],[6.96374,4.9472]],[[6.96778,4.9472],[6.9676,4.9472],[6.9676,4.94702],[6.96751,4.94702],[6.96751,4.94666],[6.96778,4.94666],[6.96778,4.94675],[6.96787,4.94675],[6.96787,4.94666],[6.96778,4.94666],[6.96778,4.94657],[6.96796,4.94657],[6.96796,4.94675],[6.96805,4.94675],[6.96805,4.94693],[6.96814,4.94693],[6.96814,4.94711],[6.96805,4.94711],[6.96805,4.94702],[6.96787,4.94702],[6.96787,4.94711],[6.96778,4.94711],[6.96778,4.9472]],[[6.95341,4.94729],[6.95332,4.94729],[6.95332,4.9472],[6.95341,4.9472],[6.95341,4.94729]],[[6.96383,4.94729],[6.96374,4.94729],[6.96374,4.9472],[6.96383,4.9472],[6.96383,4.94729]],[[6.9517,4.94738],[6.95161,4.94738],[6.95161,4.94729],[6.9517,4.94729],[6.9517,4.94738]],[[6.9561,4.94738],[6.95601,4.94738],[6.95601,4.94729],[6.9561,4.94729],[6.9561,4.94738]],[[6.95098,4.94756],[6.95089,4.94756],[6.95089,4.94738],[6.95098,4.94738],[6.95098,4.94756]],[[6.95188,4.94756],[6.95179,4.94756],[6.95179,4.94747],[6.95188,4.94747],[6.95188,4.94756]],[[6.95404,4.94756],[6.95395,4.94756],[6.95395,4.94747],[6.95404,4.94747],[6.95404,4.94756]],[[6.95197,4.94774],[6.95188,4.94774],[6.95188,4.94765],[6.95197,4.94765],[6.95197,4.94774]],[[6.95287,4.94783],[6.95278,4.94783],[6.95278,4.94774],[6.95287,4.94774],[6.95287,4.94783]],[[6.95467,4.9481],[6.95458,4.9481],[6.95458,4.94801],[6.95467,4.94801],[6.95467,4.9481]],[[6.95476,4.94819],[6.95467,4.94819],[6.95467,4.9481],[6.95476,4.9481],[6.95476,4.94819]],[[6.95503,4.94828],[6.95494,4.94828],[6.95494,4.94819],[6.95485,4.94819],[6.95485,4.9481],[6.95476,4.9481],[6.95476,4.94801],[6.95494,4.94801],[6.95494,4.9481],[6.95503,4.9481],[6.95503,4.94828]],[[6.95341,4.94936],[6.95332,4.94936],[6.95332,4.94918],[6.95341,4.94918],[6.95341,4.94936]],[[6.95413,4.94954],[6.95404,4.94954],[6.95404,4.94945],[6.95413,4.94945],[6.95413,4.94954]],[[6.95377,4.94963],[6.95368,4.94963],[6.95368,4.94954],[6.95377,4.94954],[6.95377,4.94963]],[[6.95368,4.94972],[6.95359,4.94972],[6.95359,4.94963],[6.95368,4.94963],[6.95368,4.94972]],[[6.97012,4.95053],[6.97003,4.95053],[6.97003,4.95026],[6.97012,4.95026],[6.97012,4.95017],[6.97021,4.95017],[6.97021,4.95035],[6.97012,4.95035],[6.97012,4.95053]],[[6.9561,4.9508],[6.95601,4.9508],[6.95601,4.95071],[6.9561,4.95071],[6.9561,4.9508]],[[6.96895,4.95097],[6.96886,4.95097],[6.96886,4.95089],[6.96895,4.95089],[6.96895,4.95097]],[[6.95583,4.95106],[6.95575,4.95106],[6.95575,4.95097],[6.95566,4.95097],[6.95566,4.95106],[6.95557,4.95106],[6.95557,4.9508],[6.95583,4.9508],[6.95583,4.95089],[6.95592,4.95089],[6.95592,4.95097],[6.95583,4.95097],[6.95583,4.95106]],[[6.95359,4.95115],[6.9535,4.95115],[6.9535,4.95106],[6.95359,4.95106],[6.95359,4.95115]],[[6.95601,4.95115],[6.95592,4.95115],[6.95592,4.95106],[6.95601,4.95106],[6.95601,4.95115]],[[6.95548,4.95124],[6.95539,4.95124],[6.95539,4.95115],[6.9553,4.95115],[6.9553,4.95124],[6.95521,4.95124],[6.95521,4.95115],[6.95512,4.95115],[6.95512,4.95106],[6.95485,4.95106],[6.95485,4.95115],[6.95458,4.95115],[6.95458,4.95097],[6.95395,4.95097],[6.95395,4.95089],[6.95368,4.95089],[6.95368,4.95097],[6.9535,4.95097],[6.9535,4.95062],[6.95359,4.95062],[6.95359,4.95035],[6.9535,4.95035],[6.9535,4.95026],[6.95359,4.95026],[6.95359,4.95017],[6.95368,4.95017],[6.95368,4.95008],[6.9535,4.95008],[6.9535,4.94999],[6.95332,4.94999],[6.95332,4.9499],[6.95341,4.9499],[6.95341,4.94981],[6.95332,4.94981],[6.95332,4.94972],[6.9535,4.94972],[6.9535,4.94981],[6.95368,4.94981],[6.95368,4.9499],[6.95386,4.9499],[6.95386,4.94972],[6.95395,4.94972],[6.95395,4.94963],[6.95404,4.94963],[6.95404,4.94972],[6.95413,4.94972],[6.95413,4.94963],[6.95422,4.94963],[6.95422,4.94945],[6.95431,4.94945],[6.95431,4.94954],[6.95449,4.94954],[6.95449,4.94963],[6.95467,4.94963],[6.95467,4.94981],[6.95476,4.94981],[6.95476,4.9499],[6.95485,4.9499],[6.95485,4.95008],[6.95494,4.95008],[6.95494,4.95017],[6.95503,4.95017],[6.95503,4.95035],[6.95521,4.95035],[6.95521,4.95044],[6.95512,4.95044],[6.95512,4.95062],[6.9553,4.95062],[6.9553,4.95071],[6.95539,4.95071],[6.95539,4.9508],[6.9553,4.9508],[6.9553,4.95089],[6.95548,4.95089],[6.95548,4.95124]],[[6.9561,4.95124],[6.95601,4.95124],[6.95601,4.95115],[6.9561,4.95115],[6.9561,4.95124]],[[6.95539,4.95133],[6.9553,4.95133],[6.9553,4.95124],[6.95539,4.95124],[6.95539,4.95133]],[[6.95566,4.95133],[6.95557,4.95133],[6.95557,4.95124],[6.95566,4.95124],[6.95566,4.95133]],[[6.97075,4.95133],[6.97066,4.95133],[6.97066,4.95115],[6.97075,4.95115],[6.97075,4.95133]],[[6.96814,4.95142],[6.96796,4.95142],[6.96796,4.95133],[6.96814,4.95133],[6.96814,4.95142]],[[6.95386,4.95151],[6.95368,4.95151],[6.95368,4.95142],[6.95386,4.95142],[6.95386,4.95151]],[[6.95601,4.95151],[6.95592,4.95151],[6.95592,4.95142],[6.95601,4.95142],[6.95601,4.95151]],[[6.95772,4.95151],[6.95763,4.95151],[6.95763,4.95142],[6.95772,4.95142],[6.95772,4.95151]],[[6.95835,4.95151],[6.95817,4.95151],[6.95817,4.95133],[6.95835,4.95133],[6.95835,4.95151]],[[6.95404,4.9516],[6.95395,4.9516],[6.95395,4.95151],[6.95404,4.95151],[6.95404,4.9516]],[[6.96608,4.9516],[6.96599,4.9516],[6.96599,4.95151],[6.96608,4.95151],[6.96608,4.9516]],[[6.95601,4.95169],[6.95592,4.95169],[6.95592,4.9516],[6.95601,4.9516],[6.95601,4.95169]],[[6.96617,4.95169],[6.96608,4.95169],[6.96608,4.9516],[6.96617,4.9516],[6.96617,4.95169]],[[6.97102,4.95169],[6.97093,4.95169],[6.97093,4.9516],[6.97102,4.9516],[6.97102,4.95169]],[[6.96527,4.95178],[6.96518,4.95178],[6.96518,4.95169],[6.96527,4.95169],[6.96527,4.95178]],[[6.96697,4.95178],[6.96679,4.95178],[6.96679,4.95169],[6.96661,4.95169],[6.96661,4.9516],[6.9667,4.9516],[6.9667,4.95151],[6.96688,4.95151],[6.96688,4.95169],[6.96697,4.95169],[6.96697,4.95178]],[[6.96742,4.95178],[6.96724,4.95178],[6.96724,4.95169],[6.96715,4.95169],[6.96715,4.95178],[6.96706,4.95178],[6.96706,4.9516],[6.96724,4.9516],[6.96724,4.95142],[6.96742,4.95142],[6.96742,4.95133],[6.96751,4.95133],[6.96751,4.95142],[6.96769,4.95142],[6.96769,4.95151],[6.9676,4.95151],[6.9676,4.9516],[6.96742,4.9516],[6.96742,4.95178]],[[6.96652,4.95187],[6.96635,4.95187],[6.96635,4.95178],[6.96652,4.95178],[6.96652,4.95187]],[[6.95575,4.95196],[6.95557,4.95196],[6.95557,4.95187],[6.95575,4.95187],[6.95575,4.95196]],[[6.95431,4.95205],[6.95422,4.95205],[6.95422,4.95196],[6.95431,4.95196],[6.95431,4.95205]],[[6.9667,4.95214],[6.96652,4.95214],[6.96652,4.95205],[6.9667,4.95205],[6.9667,4.95214]],[[6.96715,4.95214],[6.96706,4.95214],[6.96706,4.95205],[6.96715,4.95205],[6.96715,4.95214]],[[6.95601,4.95223],[6.95583,4.95223],[6.95583,4.95205],[6.95575,4.95205],[6.95575,4.95196],[6.95583,4.95196],[6.95583,4.95178],[6.95601,4.95178],[6.95601,4.95196],[6.9561,4.95196],[6.9561,4.95205],[6.95601,4.95205],[6.95601,4.95223]],[[6.96347,4.95223],[6.96338,4.95223],[6.96338,4.95214],[6.96347,4.95214],[6.96347,4.95223]],[[6.95296,4.95232],[6.95287,4.95232],[6.95287,4.95223],[6.95296,4.95223],[6.95296,4.95232]],[[6.9561,4.95232],[6.95601,4.95232],[6.95601,4.95223],[6.9561,4.95223],[6.9561,4.95232]],[[6.95709,4.95232],[6.957,4.95232],[6.957,4.95223],[6.95709,4.95223],[6.95709,4.95232]],[[6.96464,4.95232],[6.96455,4.95232],[6.96455,4.95214],[6.96446,4.95214],[6.96446,4.95205],[6.96437,4.95205],[6.96437,4.95187],[6.96482,4.95187],[6.96482,4.95178],[6.96491,4.95178],[6.96491,4.95187],[6.965,4.95187],[6.965,4.95178],[6.96509,4.95178],[6.96509,4.95196],[6.96491,4.95196],[6.96491,4.95205],[6.965,4.95205],[6.965,4.95214],[6.96491,4.95214],[6.96491,4.95223],[6.96464,4.95223],[6.96464,4.95232]],[[6.9667,4.95232],[6.96661,4.95232],[6.96661,4.95223],[6.9667,4.95223],[6.9667,4.95232]],[[6.9588,4.95241],[6.95871,4.95241],[6.95871,4.95223],[6.9588,4.95223],[6.9588,4.95241]],[[6.96706,4.95241],[6.96688,4.95241],[6.96688,4.95232],[6.96697,4.95232],[6.96697,4.95214],[6.96706,4.95214],[6.96706,4.95241]],[[6.95889,4.9525],[6.9588,4.9525],[6.9588,4.95241],[6.95889,4.95241],[6.95889,4.9525]],[[6.96769,4.9525],[6.96751,4.9525],[6.96751,4.95223],[6.96769,4.95223],[6.96769,4.95232],[6.96778,4.95232],[6.96778,4.95241],[6.96769,4.95241],[6.96769,4.9525]],[[6.96787,4.9525],[6.96778,4.9525],[6.96778,4.95241],[6.96787,4.95241],[6.96787,4.9525]],[[6.95655,4.95259],[6.95628,4.95259],[6.95628,4.9525],[6.95619,4.9525],[6.95619,4.95241],[6.95628,4.95241],[6.95628,4.95232],[6.95619,4.95232],[6.95619,4.95223],[6.9561,4.95223],[6.9561,4.95214],[6.95628,4.95214],[6.95628,4.95223],[6.95637,4.95223],[6.95637,4.95205],[6.95619,4.95205],[6.95619,4.95196],[6.95628,4.95196],[6.95628,4.95169],[6.95619,4.95169],[6.95619,4.95178],[6.9561,4.95178],[6.9561,4.9516],[6.95601,4.9516],[6.95601,4.95151],[6.95628,4.95151],[6.95628,4.95142],[6.95646,4.95142],[6.95646,4.95151],[6.95655,4.95151],[6.95655,4.95142],[6.95673,4.95142],[6.95673,4.95151],[6.95682,4.95151],[6.95682,4.95142],[6.95691,4.95142],[6.95691,4.95151],[6.95763,4.95151],[6.95763,4.9516],[6.95754,4.9516],[6.95754,4.95169],[6.95745,4.95169],[6.95745,4.95196],[6.95736,4.95196],[6.95736,4.95214],[6.957,4.95214],[6.957,4.95223],[6.95691,4.95223],[6.95691,4.95241],[6.95682,4.95241],[6.95682,4.95232],[6.95664,4.95232],[6.95664,4.95241],[6.95655,4.95241],[6.95655,4.95259]],[[6.96697,4.95259],[6.96688,4.95259],[6.96688,4.9525],[6.96697,4.9525],[6.96697,4.95259]],[[6.96733,4.95268],[6.96724,4.95268],[6.96724,4.95259],[6.96733,4.95259],[6.96733,4.95268]],[[6.95359,4.95286],[6.9535,4.95286],[6.9535,4.9525],[6.95359,4.9525],[6.95359,4.95232],[6.9535,4.95232],[6.9535,4.95205],[6.95359,4.95205],[6.95359,4.95214],[6.95368,4.95214],[6.95368,4.95223],[6.95377,4.95223],[6.95377,4.95259],[6.95368,4.95259],[6.95368,4.95268],[6.95359,4.95268],[6.95359,4.95286]],[[6.96814,4.95286],[6.96805,4.95286],[6.96805,4.95277],[6.96814,4.95277],[6.96814,4.95286]],[[6.96715,4.95295],[6.96679,4.95295],[6.96679,4.95277],[6.96697,4.95277],[6.96697,4.95286],[6.96715,4.95286],[6.96715,4.95295]],[[6.96823,4.95295],[6.96814,4.95295],[6.96814,4.95286],[6.96823,4.95286],[6.96823,4.95295]],[[6.95341,4.95313],[6.95332,4.95313],[6.95332,4.95286],[6.9535,4.95286],[6.9535,4.95295],[6.95341,4.95295],[6.95341,4.95313]],[[6.9614,4.95313],[6.96131,4.95313],[6.96131,4.95295],[6.9614,4.95295],[6.9614,4.95313]],[[6.95988,4.95322],[6.95979,4.95322],[6.95979,4.95313],[6.95988,4.95313],[6.95988,4.95322]],[[6.96787,4.95322],[6.9676,4.95322],[6.9676,4.95313],[6.96751,4.95313],[6.96751,4.95322],[6.96742,4.95322],[6.96742,4.95304],[6.96724,4.95304],[6.96724,4.95277],[6.96733,4.95277],[6.96733,4.95268],[6.96742,4.95268],[6.96742,4.95277],[6.96751,4.95277],[6.96751,4.95268],[6.9676,4.95268],[6.9676,4.95277],[6.96778,4.95277],[6.96778,4.95286],[6.96787,4.95286],[6.96787,4.95295],[6.96796,4.95295],[6.96796,4.95286],[6.96805,4.95286],[6.96805,4.95304],[6.96778,4.95304],[6.96778,4.95313],[6.96787,4.95313],[6.96787,4.95322]],[[6.96015,4.95331],[6.96006,4.95331],[6.96006,4.95322],[6.96015,4.95322],[6.96015,4.95331]],[[6.95952,4.95358],[6.95943,4.95358],[6.95943,4.9534],[6.95952,4.9534],[6.95952,4.95331],[6.95961,4.95331],[6.95961,4.95349],[6.95952,4.95349],[6.95952,4.95358]],[[6.96401,4.95358],[6.96392,4.95358],[6.96392,4.95349],[6.96401,4.95349],[6.96401,4.95358]],[[6.96015,4.95367],[6.95997,4.95367],[6.95997,4.95358],[6.96006,4.95358],[6.96006,4.95349],[6.96015,4.95349],[6.96015,4.95367]],[[6.96015,4.95394],[6.95997,4.95394],[6.95997,4.95376],[6.96006,4.95376],[6.96006,4.95385],[6.96015,4.95385],[6.96015,4.95394]],[[6.95844,4.95439],[6.95826,4.95439],[6.95826,4.9543],[6.95844,4.9543],[6.95844,4.95439]],[[6.95988,4.95448],[6.95979,4.95448],[6.95979,4.95439],[6.95988,4.95439],[6.95988,4.95448]],[[6.96069,4.95448],[6.9606,4.95448],[6.9606,4.95439],[6.96069,4.95439],[6.96069,4.95448]],[[6.96006,4.95457],[6.95988,4.95457],[6.95988,4.95448],[6.95997,4.95448],[6.95997,4.95439],[6.96006,4.95439],[6.96006,4.95457]],[[6.95817,4.95466],[6.95808,4.95466],[6.95808,4.95448],[6.95817,4.95448],[6.95817,4.95466]],[[6.95853,4.95466],[6.95844,4.95466],[6.95844,4.95457],[6.95853,4.95457],[6.95853,4.95466]],[[6.9606,4.95466],[6.96042,4.95466],[6.96042,4.95457],[6.96051,4.95457],[6.96051,4.95448],[6.9606,4.95448],[6.9606,4.95466]],[[6.95862,4.95475],[6.95853,4.95475],[6.95853,4.95466],[6.95862,4.95466],[6.95862,4.95475]],[[6.95781,4.95484],[6.95745,4.95484],[6.95745,4.95475],[6.95736,4.95475],[6.95736,4.95457],[6.95745,4.95457],[6.95745,4.95439],[6.95736,4.95439],[6.95736,4.95448],[6.95727,4.95448],[6.95727,4.9543],[6.95718,4.9543],[6.95718,4.95421],[6.95709,4.95421],[6.95709,4.95412],[6.95682,4.95412],[6.95682,4.95403],[6.95691,4.95403],[6.95691,4.95394],[6.95682,4.95394],[6.95682,4.95367],[6.95673,4.95367],[6.95673,4.95358],[6.95691,4.95358],[6.95691,4.95349],[6.95682,4.95349],[6.95682,4.95331],[6.95673,4.95331],[6.95673,4.95313],[6.95664,4.95313],[6.95664,4.95304],[6.95655,4.95304],[6.95655,4.95295],[6.95664,4.95295],[6.95664,4.95277],[6.95655,4.95277],[6.95655,4.95268],[6.95673,4.95268],[6.95673,4.95277],[6.95682,4.95277],[6.95682,4.95268],[6.95691,4.95268],[6.95691,4.9525],[6.95709,4.9525],[6.95709,4.95241],[6.95727,4.95241],[6.95727,4.9525],[6.95754,4.9525],[6.95754,4.95259],[6.95772,4.95259],[6.95772,4.95268],[6.95781,4.95268],[6.95781,4.95259],[6.95808,4.95259],[6.95808,4.9525],[6.95817,4.9525],[6.95817,4.95268],[6.95826,4.95268],[6.95826,4.9525],[6.95835,4.9525],[6.95835,4.95241],[6.95826,4.95241],[6.95826,4.95205],[6.95835,4.95205],[6.95835,4.95214],[6.95844,4.95214],[6.95844,4.95223],[6.95853,4.95223],[6.95853,4.95232],[6.95844,4.95232],[6.95844,4.9525],[6.95862,4.9525],[6.95862,4.95268],[6.95871,4.95268],[6.95871,4.95295],[6.95862,4.95295],[6.95862,4.95304],[6.95853,4.95304],[6.95853,4.95331],[6.95835,4.95331],[6.95835,4.95358],[6.95817,4.95358],[6.95817,4.95376],[6.95799,4.95376],[6.95799,4.95385],[6.95781,4.95385],[6.95781,4.95394],[6.95799,4.95394],[6.95799,4.95412],[6.9579,4.95412],[6.9579,4.95421],[6.95781,4.95421],[6.95781,4.95439],[6.95772,4.95439],[6.95772,4.95457],[6.95763,4.95457],[6.95763,4.95475],[6.95781,4.95475],[6.95781,4.95484]],[[6.95269,4.95493],[6.9526,4.95493],[6.9526,4.95484],[6.95251,4.95484],[6.95251,4.95475],[6.95269,4.95475],[6.95269,4.95493]],[[6.95359,4.95502],[6.9535,4.95502],[6.9535,4.95493],[6.95359,4.95493],[6.95359,4.95502]],[[6.95898,4.95511],[6.95889,4.95511],[6.95889,4.95493],[6.95871,4.95493],[6.95871,4.95484],[6.9588,4.95484],[6.9588,4.95466],[6.95889,4.95466],[6.95889,4.95448],[6.95898,4.95448],[6.95898,4.95457],[6.95907,4.95457],[6.95907,4.95466],[6.95916,4.95466],[6.95916,4.95484],[6.95907,4.95484],[6.95907,4.95493],[6.95916,4.95493],[6.95916,4.95484],[6.95925,4.95484],[6.95925,4.95502],[6.95898,4.95502],[6.95898,4.95511]],[[6.95359,4.9552],[6.9535,4.9552],[6.9535,4.95511],[6.95359,4.95511],[6.95359,4.9552]],[[6.95952,4.9552],[6.95943,4.9552],[6.95943,4.95511],[6.95952,4.95511],[6.95952,4.9552]]]}},{"type":"Feature","properties":{},"geometry":{"geodesic":false,"type":"Polygon","coordinates":[[[6.95485,4.97235],[6.95485,4.97226],[6.95422,4.97226],[6.95422,4.97218],[6.95395,4.97218],[6.95395,4.97209],[6.95386,4.97209],[6.95386,4.97218],[6.95368,4.97218],[6.95368,4.97226],[6.9535,4.97226],[6.9535,4.97191],[6.95377,4.97191],[6.95377,4.97182],[6.95395,4.97182],[6.95395,4.97164],[6.95413,4.97164],[6.95413,4.97155],[6.95422,4.97155],[6.95422,4.97146],[6.95458,4.97146],[6.95458,4.97155],[6.95485,4.97155],[6.95485,4.97137],[6.95494,4.97137],[6.95494,4.97128],[6.95503,4.97128],[6.95503,4.97119],[6.95557,4.97119],[6.95557,4.97137],[6.95566,4.97137],[6.95566,4.97146],[6.95575,4.97146],[6.95575,4.97173],[6.95566,4.97173],[6.95566,4.97182],[6.9553,4.97182],[6.9553,4.97191],[6.95539,4.97191],[6.95539,4.97209],[6.9553,4.97209],[6.9553,4.97226],[6.95521,4.97226],[6.95521,4.97235],[6.95485,4.97235]],[[6.95404,4.97191],[6.95395,4.97191],[6.95395,4.97182],[6.95404,4.97182],[6.95404,4.97191]],[[6.95521,4.97191],[6.95512,4.97191],[6.95512,4.97182],[6.95521,4.97182],[6.95521,4.97191]],[[6.95386,4.972],[6.95377,4.972],[6.95377,4.97191],[6.95386,4.97191],[6.95386,4.972]],[[6.95377,4.97209],[6.95359,4.97209],[6.95359,4.972],[6.95377,4.972],[6.95377,4.97209]],[[6.95512,4.97226],[6.95503,4.97226],[6.95503,4.97218],[6.95512,4.97218],[6.95512,4.97226]]]}},{"type":"Feature","properties":{},"geometry":{"geodesic":false,"type":"Polygon","coordinates":[[[6.95521,4.97092],[6.95521,4.97074],[6.95512,4.97074],[6.95512,4.97056],[6.95521,4.97056],[6.95521,4.97047],[6.9553,4.97047],[6.9553,4.9702],[6.95539,4.9702],[6.95539,4.97011],[6.9553,4.97011],[6.9553,4.97002],[6.95521,4.97002],[6.95521,4.97011],[6.95512,4.97011],[6.95512,4.97002],[6.95503,4.97002],[6.95503,4.96993],[6.95494,4.96993],[6.95494,4.96975],[6.95485,4.96975],[6.95485,4.96948],[6.95494,4.96948],[6.95494,4.9693],[6.95503,4.9693],[6.95503,4.96921],[6.95512,4.96921],[6.95512,4.9693],[6.9553,4.9693],[6.9553,4.96921],[6.95521,4.96921],[6.95521,4.96912],[6.95592,4.96912],[6.95592,4.96921],[6.95601,4.96921],[6.95601,4.9693],[6.9561,4.9693],[6.9561,4.96939],[6.95628,4.96939],[6.95628,4.96948],[6.95637,4.96948],[6.95637,4.96957],[6.95646,4.96957],[6.95646,4.96966],[6.95637,4.96966],[6.95637,4.96975],[6.95646,4.96975],[6.95646,4.96984],[6.9561,4.96984],[6.9561,4.96993],[6.95601,4.96993],[6.95601,4.97002],[6.9561,4.97002],[6.9561,4.97011],[6.95592,4.97011],[6.95592,4.97029],[6.95583,4.97029],[6.95583,4.97038],[6.95566,4.97038],[6.95566,4.97074],[6.95557,4.97074],[6.95557,4.97083],[6.95539,4.97083],[6.95539,4.97092],[6.95521,4.97092]],[[6.95592,4.9693],[6.95583,4.9693],[6.95583,4.96921],[6.95592,4.96921],[6.95592,4.9693]]]}},{"type":"Feature","properties":{},"geometry":{"geodesic":false,"type":"Polygon","coordinates":[[[6.95601,4.96876],[6.95601,4.96867],[6.95566,4.96867],[6.95566,4.96858],[6.95539,4.96858],[6.95539,4.96849],[6.95521,4.96849],[6.95521,4.96858],[6.95512,4.96858],[6.95512,4.96849],[6.95503,4.96849],[6.95503,4.9684],[6.95512,4.9684],[6.95512,4.96849],[6.95521,4.96849],[6.95521,4.96822],[6.9553,4.96822],[6.9553,4.96804],[6.95521,4.96804],[6.95521,4.96813],[6.95494,4.96813],[6.95494,4.96858],[6.9544,4.96858],[6.9544,4.96849],[6.95431,4.96849],[6.95431,4.9684],[6.95404,4.9684],[6.95404,4.96831],[6.95395,4.96831],[6.95395,4.96822],[6.95377,4.96822],[6.95377,4.96804],[6.95368,4.96804],[6.95368,4.96777],[6.95377,4.96777],[6.95377,4.96759],[6.95386,4.96759],[6.95386,4.96768],[6.95395,4.96768],[6.95395,4.9675],[6.95404,4.9675],[6.95404,4.96741],[6.95422,4.96741],[6.95422,4.96732],[6.9553,4.96732],[6.9553,4.9675],[6.95548,4.9675],[6.95548,4.96741],[6.95557,4.96741],[6.95557,4.96732],[6.95566,4.96732],[6.95566,4.96741],[6.95575,4.96741],[6.95575,4.96732],[6.95592,4.96732],[6.95592,4.96723],[6.95601,4.96723],[6.95601,4.96714],[6.95628,4.96714],[6.95628,4.96696],[6.9561,4.96696],[6.9561,4.96688],[6.95601,4.96688],[6.95601,4.96696],[6.95592,4.96696],[6.95592,4.96688],[6.95583,4.96688],[6.95583,4.96696],[6.95575,4.96696],[6.95575,4.96714],[6.95539,4.96714],[6.95539,4.96705],[6.95548,4.96705],[6.95548,4.96696],[6.95557,4.96696],[6.95557,4.96679],[6.95575,4.96679],[6.95575,4.9667],[6.95583,4.9667],[6.95583,4.96652],[6.95619,4.96652],[6.95619,4.96661],[6.95637,4.96661],[6.95637,4.96652],[6.95646,4.96652],[6.95646,4.96661],[6.95664,4.96661],[6.95664,4.96652],[6.95691,4.96652],[6.95691,4.9667],[6.95709,4.9667],[6.95709,4.96643],[6.95718,4.96643],[6.95718,4.96625],[6.95745,4.96625],[6.95745,4.96616],[6.95772,4.96616],[6.95772,4.96607],[6.95754,4.96607],[6.95754,4.96598],[6.95745,4.96598],[6.95745,4.96589],[6.95736,4.96589],[6.95736,4.9658],[6.95727,4.9658],[6.95727,4.96571],[6.95718,4.96571],[6.95718,4.96562],[6.95745,4.96562],[6.95745,4.96571],[6.95763,4.96571],[6.95763,4.9658],[6.95808,4.9658],[6.95808,4.96571],[6.95799,4.96571],[6.95799,4.96562],[6.95817,4.96562],[6.95817,4.96571],[6.95826,4.96571],[6.95826,4.9658],[6.95835,4.9658],[6.95835,4.96571],[6.95844,4.96571],[6.95844,4.9658],[6.95853,4.9658],[6.95853,4.96589],[6.95862,4.96589],[6.95862,4.96598],[6.95871,4.96598],[6.95871,4.96607],[6.95835,4.96607],[6.95835,4.96616],[6.95799,4.96616],[6.95799,4.96625],[6.95835,4.96625],[6.95835,4.96634],[6.95844,4.96634],[6.95844,4.96643],[6.95898,4.96643],[6.95898,4.96661],[6.95889,4.96661],[6.95889,4.9667],[6.9588,4.9667],[6.9588,4.96679],[6.95835,4.96679],[6.95835,4.96688],[6.95817,4.96688],[6.95817,4.96696],[6.95799,4.96696],[6.95799,4.96705],[6.9579,4.96705],[6.9579,4.96723],[6.95772,4.96723],[6.95772,4.96714],[6.95745,4.96714],[6.95745,4.96723],[6.95718,4.96723],[6.95718,4.96714],[6.957,4.96714],[6.957,4.96723],[6.95691,4.96723],[6.95691,4.96732],[6.95682,4.96732],[6.95682,4.96741],[6.95691,4.96741],[6.95691,4.9675],[6.957,4.9675],[6.957,4.96759],[6.95682,4.96759],[6.95682,4.96768],[6.95673,4.96768],[6.95673,4.96786],[6.957,4.96786],[6.957,4.96813],[6.95691,4.96813],[6.95691,4.96822],[6.95673,4.96822],[6.95673,4.96813],[6.95664,4.96813],[6.95664,4.96804],[6.95646,4.96804],[6.95646,4.96813],[6.95655,4.96813],[6.95655,4.96822],[6.95664,4.96822],[6.95664,4.96831],[6.95673,4.96831],[6.95673,4.96849],[6.95655,4.96849],[6.95655,4.96858],[6.95637,4.96858],[6.95637,4.96867],[6.9561,4.96867],[6.9561,4.96876],[6.95601,4.96876]],[[6.95601,4.96679],[6.95592,4.96679],[6.95592,4.9667],[6.95601,4.9667],[6.95601,4.96679]],[[6.95664,4.96714],[6.95655,4.96714],[6.95655,4.96705],[6.95664,4.96705],[6.95664,4.96714]],[[6.95601,4.96741],[6.95592,4.96741],[6.95592,4.96732],[6.95601,4.96732],[6.95601,4.96741]],[[6.95682,4.9675],[6.95673,4.9675],[6.95673,4.96741],[6.95682,4.96741],[6.95682,4.9675]],[[6.95664,4.96786],[6.95655,4.96786],[6.95655,4.96777],[6.95646,4.96777],[6.95646,4.96786],[6.95628,4.96786],[6.95628,4.96768],[6.95619,4.96768],[6.95619,4.96759],[6.9561,4.96759],[6.9561,4.9675],[6.95628,4.9675],[6.95628,4.96759],[6.95673,4.96759],[6.95673,4.96768],[6.95664,4.96768],[6.95664,4.96786]],[[6.95601,4.96804],[6.95575,4.96804],[6.95575,4.96795],[6.95583,4.96795],[6.95583,4.96786],[6.95601,4.96786],[6.95601,4.96804]],[[6.95682,4.96813],[6.95673,4.96813],[6.95673,4.96804],[6.95682,4.96804],[6.95682,4.96813]]]}},{"type":"Feature","properties":{},"geometry":{"geodesic":false,"type":"Polygon","coordinates":[[[6.95673,5.04368],[6.95673,5.04341],[6.95664,5.04341],[6.95664,5.04332],[6.95673,5.04332],[6.95673,5.04341],[6.95691,5.04341],[6.95691,5.04332],[6.95682,5.04332],[6.95682,5.04323],[6.95673,5.04323],[6.95673,5.04314],[6.95664,5.04314],[6.95664,5.04305],[6.95673,5.04305],[6.95673,5.04269],[6.95682,5.04269],[6.95682,5.04278],[6.95691,5.04278],[6.95691,5.04233],[6.95709,5.04233],[6.95709,5.04224],[6.957,5.04224],[6.957,5.04215],[6.95709,5.04215],[6.95709,5.04206],[6.95745,5.04206],[6.95745,5.04215],[6.95754,5.04215],[6.95754,5.04242],[6.95727,5.04242],[6.95727,5.04269],[6.957,5.04269],[6.957,5.04278],[6.95709,5.04278],[6.95709,5.04287],[6.95727,5.04287],[6.95727,5.04296],[6.95718,5.04296],[6.95718,5.04305],[6.95691,5.04305],[6.95691,5.04314],[6.957,5.04314],[6.957,5.04332],[6.95709,5.04332],[6.95709,5.04341],[6.957,5.04341],[6.957,5.0435],[6.95709,5.0435],[6.95709,5.04359],[6.95691,5.04359],[6.95691,5.04368],[6.95673,5.04368]],[[6.957,5.04287],[6.95691,5.04287],[6.95691,5.04278],[6.957,5.04278],[6.957,5.04287]]]}},{"type":"Feature","properties":{},"geometry":{"geodesic":false,"type":"Polygon","coordinates":[[[6.95691,5.02688],[6.95691,5.02679],[6.95682,5.02679],[6.95682,5.02688],[6.95646,5.02688],[6.95646,5.02679],[6.95637,5.02679],[6.95637,5.0267],[6.95655,5.0267],[6.95655,5.02643],[6.95673,5.02643],[6.95673,5.02625],[6.95682,5.02625],[6.95682,5.02598],[6.95691,5.02598],[6.95691,5.02562],[6.957,5.02562],[6.957,5.02554],[6.95691,5.02554],[6.95691,5.02545],[6.95718,5.02545],[6.95718,5.02562],[6.95736,5.02562],[6.95736,5.02571],[6.95745,5.02571],[6.95745,5.0258],[6.95754,5.0258],[6.95754,5.02598],[6.95763,5.02598],[6.95763,5.02607],[6.95754,5.02607],[6.95754,5.02616],[6.95745,5.02616],[6.95745,5.02625],[6.95736,5.02625],[6.95736,5.02634],[6.95727,5.02634],[6.95727,5.02652],[6.957,5.02652],[6.957,5.02661],[6.95691,5.02661],[6.95691,5.0267],[6.957,5.0267],[6.957,5.02688],[6.95691,5.02688]]]}},{"type":"Feature","properties":{},"geometry":{"geodesic":false,"type":"Polygon","coordinates":[[[6.95709,5.01997],[6.95709,5.01988],[6.957,5.01988],[6.957,5.01979],[6.95691,5.01979],[6.95691,5.0197],[6.957,5.0197],[6.957,5.01961],[6.95691,5.01961],[6.95691,5.01952],[6.957,5.01952],[6.957,5.01943],[6.95691,5.01943],[6.95691,5.01934],[6.95682,5.01934],[6.95682,5.01925],[6.95664,5.01925],[6.95664,5.01907],[6.95673,5.01907],[6.95673,5.01898],[6.95682,5.01898],[6.95682,5.01907],[6.95691,5.01907],[6.95691,5.01898],[6.95709,5.01898],[6.95709,5.01907],[6.95727,5.01907],[6.95727,5.01862],[6.95745,5.01862],[6.95745,5.01853],[6.95763,5.01853],[6.95763,5.01862],[6.95772,5.01862],[6.95772,5.0188],[6.95763,5.0188],[6.95763,5.01889],[6.95754,5.01889],[6.95754,5.01898],[6.95745,5.01898],[6.95745,5.01925],[6.95754,5.01925],[6.95754,5.01916],[6.95763,5.01916],[6.95763,5.01943],[6.95745,5.01943],[6.95745,5.01934],[6.95727,5.01934],[6.95727,5.01961],[6.95736,5.01961],[6.95736,5.0197],[6.95727,5.0197],[6.95727,5.01979],[6.95718,5.01979],[6.95718,5.01997],[6.95709,5.01997]],[[6.95709,5.01961],[6.957,5.01961],[6.957,5.01952],[6.95709,5.01952],[6.95709,5.01961]]]}},{"type":"Feature","properties":{},"geometry":{"geodesic":false,"type":"Polygon","coordinates":[[[6.9579,5.02095],[6.9579,5.02086],[6.95754,5.02086],[6.95754,5.02068],[6.95736,5.02068],[6.95736,5.02032],[6.95727,5.02032],[6.95727,5.02015],[6.95736,5.02015],[6.95736,5.01997],[6.95745,5.01997],[6.95745,5.02023],[6.95763,5.02023],[6.95763,5.02041],[6.95781,5.02041],[6.95781,5.02006],[6.95772,5.02006],[6.95772,5.01997],[6.95781,5.01997],[6.95781,5.01952],[6.9579,5.01952],[6.9579,5.01943],[6.95808,5.01943],[6.95808,5.01934],[6.9579,5.01934],[6.9579,5.01907],[6.95817,5.01907],[6.95817,5.01925],[6.95826,5.01925],[6.95826,5.01934],[6.95817,5.01934],[6.95817,5.01943],[6.95826,5.01943],[6.95826,5.01952],[6.95844,5.01952],[6.95844,5.01961],[6.95853,5.01961],[6.95853,5.01979],[6.95862,5.01979],[6.95862,5.01997],[6.95871,5.01997],[6.95871,5.01988],[6.9588,5.01988],[6.9588,5.01997],[6.95889,5.01997],[6.95889,5.02015],[6.9588,5.02015],[6.9588,5.02006],[6.95862,5.02006],[6.95862,5.02015],[6.95871,5.02015],[6.95871,5.02023],[6.95853,5.02023],[6.95853,5.02006],[6.95808,5.02006],[6.95808,5.02015],[6.95817,5.02015],[6.95817,5.02023],[6.95808,5.02023],[6.95808,5.02032],[6.95826,5.02032],[6.95826,5.02086],[6.95808,5.02086],[6.95808,5.02095],[6.9579,5.02095]],[[6.95826,5.01961],[6.95817,5.01961],[6.95817,5.01952],[6.95826,5.01952],[6.95826,5.01961]],[[6.95817,5.01979],[6.95808,5.01979],[6.95808,5.0197],[6.95817,5.0197],[6.95817,5.01979]],[[6.95835,5.01997],[6.95826,5.01997],[6.95826,5.01988],[6.95835,5.01988],[6.95835,5.01997]]]}},{"type":"Feature","properties":{},"geometry":{"geodesic":false,"type":"Polygon","coordinates":[[[6.95826,4.9702],[6.95826,4.97002],[6.95817,4.97002],[6.95817,4.96993],[6.95808,4.96993],[6.95808,4.96939],[6.95817,4.96939],[6.95817,4.9693],[6.95844,4.9693],[6.95844,4.96948],[6.95898,4.96948],[6.95898,4.96966],[6.95889,4.96966],[6.95889,4.96984],[6.9588,4.96984],[6.9588,4.97002],[6.95871,4.97002],[6.95871,4.9702],[6.95826,4.9702]]]}},{"type":"Feature","properties":{},"geometry":{"geodesic":false,"type":"Polygon","coordinates":[[[6.95844,4.96867],[6.95844,4.96858],[6.95835,4.96858],[6.95835,4.96849],[6.95826,4.96849],[6.95826,4.9684],[6.95799,4.9684],[6.95799,4.96831],[6.95781,4.96831],[6.95781,4.96822],[6.9579,4.96822],[6.9579,4.96813],[6.95799,4.96813],[6.95799,4.96804],[6.95808,4.96804],[6.95808,4.96795],[6.95817,4.96795],[6.95817,4.96786],[6.95826,4.96786],[6.95826,4.96777],[6.95835,4.96777],[6.95835,4.96786],[6.95844,4.96786],[6.95844,4.96777],[6.95871,4.96777],[6.95871,4.96786],[6.95907,4.96786],[6.95907,4.96777],[6.95916,4.96777],[6.95916,4.96822],[6.95925,4.96822],[6.95925,4.96813],[6.95934,4.96813],[6.95934,4.96795],[6.95952,4.96795],[6.95952,4.96831],[6.95943,4.96831],[6.95943,4.9684],[6.95934,4.9684],[6.95934,4.96831],[6.95916,4.96831],[6.95916,4.96849],[6.95898,4.96849],[6.95898,4.96858],[6.9588,4.96858],[6.9588,4.96867],[6.95844,4.96867]]]}},{"type":"Feature","properties":{},"geometry":{"geodesic":false,"type":"Polygon","coordinates":[[[6.95916,4.95843],[6.95916,4.95834],[6.95907,4.95834],[6.95907,4.95825],[6.95898,4.95825],[6.95898,4.95798],[6.95889,4.95798],[6.95889,4.95771],[6.9588,4.95771],[6.9588,4.95762],[6.95889,4.95762],[6.95889,4.95753],[6.95898,4.95753],[6.95898,4.95744],[6.95916,4.95744],[6.95916,4.95753],[6.95925,4.95753],[6.95925,4.95735],[6.95934,4.95735],[6.95934,4.95744],[6.95943,4.95744],[6.95943,4.95753],[6.95934,4.95753],[6.95934,4.95762],[6.95943,4.95762],[6.95943,4.95807],[6.95925,4.95807],[6.95925,4.95816],[6.95934,4.95816],[6.95934,4.95825],[6.95925,4.95825],[6.95925,4.95843],[6.95916,4.95843]]]}},{"type":"Feature","properties":{},"geometry":{"geodesic":false,"type":"Polygon","coordinates":[[[6.95925,5.02625],[6.95925,5.02607],[6.95907,5.02607],[6.95907,5.02598],[6.95898,5.02598],[6.95898,5.02562],[6.95889,5.02562],[6.95889,5.02527],[6.95898,5.02527],[6.95898,5.02509],[6.9588,5.02509],[6.9588,5.02518],[6.95862,5.02518],[6.95862,5.02509],[6.95853,5.02509],[6.95853,5.025],[6.95871,5.025],[6.95871,5.02491],[6.9588,5.02491],[6.9588,5.025],[6.95898,5.025],[6.95898,5.02509],[6.95907,5.02509],[6.95907,5.02518],[6.95916,5.02518],[6.95916,5.02491],[6.95934,5.02491],[6.95934,5.02509],[6.95943,5.02509],[6.95943,5.02518],[6.95934,5.02518],[6.95934,5.02509],[6.95925,5.02509],[6.95925,5.02518],[6.95916,5.02518],[6.95916,5.02527],[6.95925,5.02527],[6.95925,5.02536],[6.95943,5.02536],[6.95943,5.02527],[6.95952,5.02527],[6.95952,5.02536],[6.95961,5.02536],[6.95961,5.02545],[6.9597,5.02545],[6.9597,5.02554],[6.95979,5.02554],[6.95979,5.02598],[6.9597,5.02598],[6.9597,5.02607],[6.95961,5.02607],[6.95961,5.02616],[6.95943,5.02616],[6.95943,5.02625],[6.95925,5.02625]],[[6.9588,5.02509],[6.95871,5.02509],[6.95871,5.025],[6.9588,5.025],[6.9588,5.02509]],[[6.95916,5.02562],[6.95907,5.02562],[6.95907,5.02554],[6.95916,5.02554],[6.95916,5.02562]],[[6.95934,5.02571],[6.95925,5.02571],[6.95925,5.02562],[6.95934,5.02562],[6.95934,5.02571]],[[6.95952,5.02571],[6.95943,5.02571],[6.95943,5.02562],[6.95934,5.02562],[6.95934,5.02554],[6.95916,5.02554],[6.95916,5.02545],[6.95952,5.02545],[6.95952,5.02571]]]}},{"type":"Feature","properties":{},"geometry":{"geodesic":false,"type":"Polygon","coordinates":[[[6.95934,5.03892],[6.95934,5.03883],[6.95925,5.03883],[6.95925,5.03856],[6.95916,5.03856],[6.95916,5.03847],[6.95907,5.03847],[6.95907,5.03856],[6.95898,5.03856],[6.95898,5.03847],[6.95907,5.03847],[6.95907,5.03838],[6.95916,5.03838],[6.95916,5.03811],[6.95907,5.03811],[6.95907,5.03802],[6.95916,5.03802],[6.95916,5.03784],[6.95907,5.03784],[6.95907,5.03793],[6.95889,5.03793],[6.95889,5.03811],[6.9588,5.03811],[6.9588,5.03802],[6.95871,5.03802],[6.95871,5.03811],[6.95862,5.03811],[6.95862,5.03793],[6.95853,5.03793],[6.95853,5.03757],[6.95844,5.03757],[6.95844,5.03748],[6.95826,5.03748],[6.95826,5.03757],[6.95808,5.03757],[6.95808,5.03766],[6.95799,5.03766],[6.95799,5.03757],[6.95808,5.03757],[6.95808,5.03748],[6.95817,5.03748],[6.95817,5.03739],[6.95826,5.03739],[6.95826,5.0373],[6.95817,5.0373],[6.95817,5.03721],[6.95835,5.03721],[6.95835,5.03703],[6.95826,5.03703],[6.95826,5.03712],[6.95817,5.03712],[6.95817,5.03703],[6.95808,5.03703],[6.95808,5.03694],[6.95781,5.03694],[6.95781,5.03685],[6.95763,5.03685],[6.95763,5.03676],[6.95754,5.03676],[6.95754,5.03667],[6.95745,5.03667],[6.95745,5.03658],[6.95736,5.03658],[6.95736,5.0364],[6.95745,5.0364],[6.95745,5.03631],[6.95727,5.03631],[6.95727,5.03596],[6.95718,5.03596],[6.95718,5.03587],[6.95709,5.03587],[6.95709,5.03578],[6.957,5.03578],[6.957,5.03569],[6.95691,5.03569],[6.95691,5.0356],[6.957,5.0356],[6.957,5.03551],[6.95691,5.03551],[6.95691,5.03542],[6.95682,5.03542],[6.95682,5.03533],[6.95673,5.03533],[6.95673,5.03515],[6.95664,5.03515],[6.95664,5.03506],[6.95655,5.03506],[6.95655,5.03488],[6.95646,5.03488],[6.95646,5.0347],[6.95637,5.0347],[6.95637,5.03461],[6.95646,5.03461],[6.95646,5.03443],[6.95637,5.03443],[6.95637,5.03398],[6.95628,5.03398],[6.95628,5.03362],[6.95619,5.03362],[6.95619,5.03353],[6.95601,5.03353],[6.95601,5.03317],[6.95592,5.03317],[6.95592,5.03308],[6.95583,5.03308],[6.95583,5.03299],[6.95575,5.03299],[6.95575,5.03281],[6.95566,5.03281],[6.95566,5.03272],[6.95548,5.03272],[6.95548,5.03254],[6.95539,5.03254],[6.95539,5.03245],[6.9553,5.03245],[6.9553,5.03227],[6.95521,5.03227],[6.95521,5.03218],[6.95512,5.03218],[6.95512,5.03227],[6.95494,5.03227],[6.95494,5.03209],[6.95485,5.03209],[6.95485,5.03164],[6.95476,5.03164],[6.95476,5.03128],[6.95485,5.03128],[6.95485,5.03119],[6.95476,5.03119],[6.95476,5.03092],[6.95467,5.03092],[6.95467,5.03084],[6.95458,5.03084],[6.95458,5.03066],[6.95449,5.03066],[6.95449,5.03048],[6.95431,5.03048],[6.95431,5.03039],[6.95422,5.03039],[6.95422,5.0303],[6.95431,5.0303],[6.95431,5.03021],[6.95422,5.03021],[6.95422,5.03012],[6.95413,5.03012],[6.95413,5.02985],[6.95404,5.02985],[6.95404,5.02967],[6.95395,5.02967],[6.95395,5.02958],[6.95386,5.02958],[6.95386,5.0294],[6.95377,5.0294],[6.95377,5.02931],[6.9535,5.02931],[6.9535,5.02913],[6.95341,5.02913],[6.95341,5.0285],[6.95332,5.0285],[6.95332,5.02832],[6.95323,5.02832],[6.95323,5.02805],[6.95341,5.02805],[6.95341,5.02796],[6.9535,5.02796],[6.9535,5.02805],[6.95368,5.02805],[6.95368,5.02814],[6.95377,5.02814],[6.95377,5.02796],[6.95359,5.02796],[6.95359,5.02787],[6.9535,5.02787],[6.9535,5.02778],[6.95359,5.02778],[6.95359,5.02769],[6.95377,5.02769],[6.95377,5.02796],[6.95386,5.02796],[6.95386,5.02787],[6.95404,5.02787],[6.95404,5.02778],[6.95395,5.02778],[6.95395,5.02733],[6.95404,5.02733],[6.95404,5.02715],[6.95413,5.02715],[6.95413,5.02706],[6.95431,5.02706],[6.95431,5.02697],[6.95422,5.02697],[6.95422,5.02688],[6.95458,5.02688],[6.95458,5.02706],[6.95467,5.02706],[6.95467,5.02715],[6.95476,5.02715],[6.95476,5.02724],[6.95485,5.02724],[6.95485,5.02742],[6.95494,5.02742],[6.95494,5.02769],[6.95503,5.02769],[6.95503,5.02778],[6.95512,5.02778],[6.95512,5.02814],[6.9553,5.02814],[6.9553,5.02823],[6.95539,5.02823],[6.95539,5.02832],[6.95566,5.02832],[6.95566,5.02841],[6.95575,5.02841],[6.95575,5.02859],[6.95566,5.02859],[6.95566,5.02877],[6.95575,5.02877],[6.95575,5.02886],[6.95566,5.02886],[6.95566,5.02895],[6.95575,5.02895],[6.95575,5.02904],[6.95583,5.02904],[6.95583,5.0294],[6.95592,5.0294],[6.95592,5.02958],[6.95628,5.02958],[6.95628,5.02967],[6.95673,5.02967],[6.95673,5.02976],[6.957,5.02976],[6.957,5.03003],[6.95691,5.03003],[6.95691,5.03021],[6.95664,5.03021],[6.95664,5.03048],[6.95646,5.03048],[6.95646,5.03057],[6.95655,5.03057],[6.95655,5.03066],[6.95673,5.03066],[6.95673,5.03057],[6.95682,5.03057],[6.95682,5.03066],[6.95691,5.03066],[6.95691,5.03075],[6.95709,5.03075],[6.95709,5.03084],[6.95718,5.03084],[6.95718,5.03092],[6.95727,5.03092],[6.95727,5.03084],[6.95745,5.03084],[6.95745,5.03092],[6.95754,5.03092],[6.95754,5.03101],[6.95745,5.03101],[6.95745,5.03092],[6.95736,5.03092],[6.95736,5.03119],[6.95763,5.03119],[6.95763,5.0311],[6.95772,5.0311],[6.95772,5.03119],[6.9579,5.03119],[6.9579,5.03128],[6.95799,5.03128],[6.95799,5.03155],[6.95808,5.03155],[6.95808,5.032],[6.95817,5.032],[6.95817,5.03236],[6.95799,5.03236],[6.95799,5.03245],[6.95808,5.03245],[6.95808,5.03254],[6.95799,5.03254],[6.95799,5.03272],[6.95808,5.03272],[6.95808,5.03281],[6.95826,5.03281],[6.95826,5.03263],[6.95853,5.03263],[6.95853,5.03272],[6.95844,5.03272],[6.95844,5.03281],[6.95853,5.03281],[6.95853,5.0329],[6.95862,5.0329],[6.95862,5.03308],[6.95853,5.03308],[6.95853,5.03317],[6.95871,5.03317],[6.95871,5.03362],[6.95862,5.03362],[6.95862,5.03371],[6.95853,5.03371],[6.95853,5.03389],[6.95889,5.03389],[6.95889,5.0338],[6.95916,5.0338],[6.95916,5.03407],[6.95925,5.03407],[6.95925,5.03416],[6.95934,5.03416],[6.95934,5.03425],[6.95943,5.03425],[6.95943,5.03443],[6.95952,5.03443],[6.95952,5.03452],[6.95916,5.03452],[6.95916,5.0347],[6.95925,5.0347],[6.95925,5.03479],[6.95934,5.03479],[6.95934,5.0347],[6.95952,5.0347],[6.95952,5.03479],[6.9597,5.03479],[6.9597,5.03488],[6.95979,5.03488],[6.95979,5.03497],[6.95988,5.03497],[6.95988,5.03515],[6.95997,5.03515],[6.95997,5.03524],[6.95979,5.03524],[6.95979,5.03533],[6.95988,5.03533],[6.95988,5.0356],[6.95997,5.0356],[6.95997,5.03569],[6.95988,5.03569],[6.95988,5.03587],[6.95997,5.03587],[6.95997,5.03596],[6.95988,5.03596],[6.95988,5.03631],[6.96015,5.03631],[6.96015,5.03649],[6.96024,5.03649],[6.96024,5.03667],[6.96042,5.03667],[6.96042,5.03676],[6.9606,5.03676],[6.9606,5.03685],[6.96069,5.03685],[6.96069,5.03694],[6.96078,5.03694],[6.96078,5.03712],[6.9606,5.03712],[6.9606,5.03721],[6.96051,5.03721],[6.96051,5.0373],[6.96042,5.0373],[6.96042,5.03739],[6.96033,5.03739],[6.96033,5.03748],[6.96051,5.03748],[6.96051,5.03739],[6.9606,5.03739],[6.9606,5.0373],[6.96078,5.0373],[6.96078,5.03739],[6.96087,5.03739],[6.96087,5.03748],[6.96105,5.03748],[6.96105,5.03757],[6.96113,5.03757],[6.96113,5.03766],[6.96122,5.03766],[6.96122,5.03793],[6.96149,5.03793],[6.96149,5.03811],[6.9614,5.03811],[6.9614,5.03829],[6.96131,5.03829],[6.96131,5.03838],[6.96122,5.03838],[6.96122,5.03847],[6.96113,5.03847],[6.96113,5.03856],[6.96024,5.03856],[6.96024,5.03847],[6.96015,5.03847],[6.96015,5.03838],[6.95997,5.03838],[6.95997,5.03829],[6.95988,5.03829],[6.95988,5.0382],[6.95979,5.0382],[6.95979,5.03829],[6.95961,5.03829],[6.95961,5.03847],[6.9597,5.03847],[6.9597,5.03883],[6.95961,5.03883],[6.95961,5.03865],[6.95943,5.03865],[6.95943,5.03874],[6.95952,5.03874],[6.95952,5.03883],[6.95943,5.03883],[6.95943,5.03892],[6.95934,5.03892]],[[6.95395,5.02805],[6.95386,5.02805],[6.95386,5.02796],[6.95395,5.02796],[6.95395,5.02805]],[[6.95476,5.03075],[6.95467,5.03075],[6.95467,5.03066],[6.95476,5.03066],[6.95476,5.03075]],[[6.95727,5.03119],[6.95718,5.03119],[6.95718,5.0311],[6.95727,5.0311],[6.95727,5.03119]],[[6.95655,5.03128],[6.95646,5.03128],[6.95646,5.03119],[6.95637,5.03119],[6.95637,5.03092],[6.95646,5.03092],[6.95646,5.03101],[6.95664,5.03101],[6.95664,5.0311],[6.95655,5.0311],[6.95655,5.03128]],[[6.95736,5.03128],[6.95727,5.03128],[6.95727,5.03119],[6.95736,5.03119],[6.95736,5.03128]],[[6.95745,5.03155],[6.95736,5.03155],[6.95736,5.03146],[6.95745,5.03146],[6.95745,5.03155]],[[6.95754,5.03164],[6.95745,5.03164],[6.95745,5.03155],[6.95754,5.03155],[6.95754,5.03164]],[[6.9579,5.03182],[6.95781,5.03182],[6.95781,5.03173],[6.9579,5.03173],[6.9579,5.03182]],[[6.95772,5.03191],[6.95763,5.03191],[6.95763,5.03173],[6.95754,5.03173],[6.95754,5.03164],[6.95772,5.03164],[6.95772,5.03191]],[[6.95799,5.03191],[6.9579,5.03191],[6.9579,5.03182],[6.95799,5.03182],[6.95799,5.03191]],[[6.9561,5.0329],[6.95601,5.0329],[6.95601,5.03272],[6.95619,5.03272],[6.95619,5.03281],[6.9561,5.03281],[6.9561,5.0329]],[[6.95826,5.03299],[6.95817,5.03299],[6.95817,5.0329],[6.95826,5.0329],[6.95826,5.03299]],[[6.95655,5.03407],[6.95646,5.03407],[6.95646,5.03398],[6.95655,5.03398],[6.95655,5.03407]],[[6.95925,5.03425],[6.95916,5.03425],[6.95916,5.03416],[6.95925,5.03416],[6.95925,5.03425]],[[6.95718,5.03542],[6.957,5.03542],[6.957,5.03533],[6.95718,5.03533],[6.95718,5.03542]],[[6.95772,5.03542],[6.95763,5.03542],[6.95763,5.03533],[6.95772,5.03533],[6.95772,5.03542]],[[6.95781,5.03587],[6.95754,5.03587],[6.95754,5.0356],[6.95763,5.0356],[6.95763,5.03551],[6.95772,5.03551],[6.95772,5.0356],[6.95781,5.0356],[6.95781,5.03569],[6.95772,5.03569],[6.95772,5.03578],[6.95781,5.03578],[6.95781,5.03587]],[[6.95916,5.03605],[6.95907,5.03605],[6.95907,5.03587],[6.95925,5.03587],[6.95925,5.03596],[6.95916,5.03596],[6.95916,5.03605]],[[6.95934,5.03605],[6.95925,5.03605],[6.95925,5.03596],[6.95934,5.03596],[6.95934,5.03605]],[[6.95979,5.03622],[6.9597,5.03622],[6.9597,5.03605],[6.95979,5.03605],[6.95979,5.03622]],[[6.96024,5.03739],[6.96015,5.03739],[6.96015,5.0373],[6.96024,5.0373],[6.96024,5.03739]],[[6.95934,5.03757],[6.95925,5.03757],[6.95925,5.03739],[6.95934,5.03739],[6.95934,5.03757]],[[6.95907,5.03784],[6.95889,5.03784],[6.95889,5.03775],[6.9588,5.03775],[6.9588,5.03766],[6.95916,5.03766],[6.95916,5.03757],[6.95925,5.03757],[6.95925,5.03766],[6.95934,5.03766],[6.95934,5.03757],[6.95943,5.03757],[6.95943,5.03775],[6.95907,5.03775],[6.95907,5.03784]],[[6.9597,5.03793],[6.95961,5.03793],[6.95961,5.03784],[6.9597,5.03784],[6.9597,5.03793]]]}},{"type":"Feature","properties":{},"geometry":{"geodesic":false,"type":"Polygon","coordinates":[[[6.96033,4.96652],[6.96033,4.96643],[6.95997,4.96643],[6.95997,4.96625],[6.96006,4.96625],[6.96006,4.96607],[6.96024,4.96607],[6.96024,4.96598],[6.96033,4.96598],[6.96033,4.96589],[6.96069,4.96589],[6.96069,4.96598],[6.96078,4.96598],[6.96078,4.96607],[6.96087,4.96607],[6.96087,4.96643],[6.96069,4.96643],[6.96069,4.96652],[6.96033,4.96652]]]}},{"type":"Feature","properties":{},"geometry":{"geodesic":false,"type":"Polygon","coordinates":[[[6.96069,4.93337],[6.96069,4.93328],[6.9606,4.93328],[6.9606,4.93337],[6.96042,4.93337],[6.96042,4.93319],[6.96024,4.93319],[6.96024,4.93292],[6.96015,4.93292],[6.96015,4.93283],[6.96024,4.93283],[6.96024,4.93292],[6.96033,4.93292],[6.96033,4.93283],[6.9606,4.93283],[6.9606,4.93274],[6.96069,4.93274],[6.96069,4.93283],[6.96078,4.93283],[6.96078,4.93274],[6.96105,4.93274],[6.96105,4.93283],[6.96131,4.93283],[6.96131,4.9331],[6.96122,4.9331],[6.96122,4.93319],[6.96131,4.93319],[6.96131,4.93328],[6.96113,4.93328],[6.96113,4.93319],[6.96105,4.93319],[6.96105,4.93328],[6.96087,4.93328],[6.96087,4.93319],[6.96078,4.93319],[6.96078,4.93337],[6.96069,4.93337]]]}},{"type":"Feature","properties":{},"geometry":{"geodesic":false,"type":"Polygon","coordinates":[[[6.96096,5.03353],[6.96096,5.03344],[6.96087,5.03344],[6.96087,5.03308],[6.96078,5.03308],[6.96078,5.03326],[6.96069,5.03326],[6.96069,5.03308],[6.9606,5.03308],[6.9606,5.03299],[6.96051,5.03299],[6.96051,5.03281],[6.96033,5.03281],[6.96033,5.03308],[6.96006,5.03308],[6.96006,5.03281],[6.95988,5.03281],[6.95988,5.03299],[6.95979,5.03299],[6.95979,5.0329],[6.95952,5.0329],[6.95952,5.03281],[6.95961,5.03281],[6.95961,5.03272],[6.95943,5.03272],[6.95943,5.03263],[6.95952,5.03263],[6.95952,5.03245],[6.95943,5.03245],[6.95943,5.03236],[6.95952,5.03236],[6.95952,5.03218],[6.95961,5.03218],[6.95961,5.032],[6.95952,5.032],[6.95952,5.03191],[6.95943,5.03191],[6.95943,5.03182],[6.95925,5.03182],[6.95925,5.03173],[6.95916,5.03173],[6.95916,5.03182],[6.95907,5.03182],[6.95907,5.03173],[6.95898,5.03173],[6.95898,5.03164],[6.95889,5.03164],[6.95889,5.03146],[6.95898,5.03146],[6.95898,5.03137],[6.9588,5.03137],[6.9588,5.03119],[6.95889,5.03119],[6.95889,5.0311],[6.9588,5.0311],[6.9588,5.03101],[6.95862,5.03101],[6.95862,5.03092],[6.95853,5.03092],[6.95853,5.03066],[6.95844,5.03066],[6.95844,5.0303],[6.95826,5.0303],[6.95826,5.03021],[6.95808,5.03021],[6.95808,5.02994],[6.95817,5.02994],[6.95817,5.02985],[6.95799,5.02985],[6.95799,5.02967],[6.9579,5.02967],[6.9579,5.02931],[6.95799,5.02931],[6.95799,5.02922],[6.9579,5.02922],[6.9579,5.02913],[6.95799,5.02913],[6.95799,5.02904],[6.95781,5.02904],[6.95781,5.02895],[6.9579,5.02895],[6.9579,5.02886],[6.95799,5.02886],[6.95799,5.02877],[6.95808,5.02877],[6.95808,5.02859],[6.95817,5.02859],[6.95817,5.0285],[6.95826,5.0285],[6.95826,5.02832],[6.95799,5.02832],[6.95799,5.02823],[6.95817,5.02823],[6.95817,5.02805],[6.95826,5.02805],[6.95826,5.02787],[6.95835,5.02787],[6.95835,5.02778],[6.95844,5.02778],[6.95844,5.02769],[6.95853,5.02769],[6.95853,5.02787],[6.95835,5.02787],[6.95835,5.02796],[6.95862,5.02796],[6.95862,5.02769],[6.9588,5.02769],[6.9588,5.0276],[6.95898,5.0276],[6.95898,5.02751],[6.95916,5.02751],[6.95916,5.02742],[6.95925,5.02742],[6.95925,5.02724],[6.95943,5.02724],[6.95943,5.02715],[6.95961,5.02715],[6.95961,5.02706],[6.9597,5.02706],[6.9597,5.02679],[6.95961,5.02679],[6.95961,5.0267],[6.95952,5.0267],[6.95952,5.02688],[6.95961,5.02688],[6.95961,5.02697],[6.95952,5.02697],[6.95952,5.02706],[6.95925,5.02706],[6.95925,5.02697],[6.95916,5.02697],[6.95916,5.02679],[6.95925,5.02679],[6.95925,5.0267],[6.95934,5.0267],[6.95934,5.02661],[6.95943,5.02661],[6.95943,5.02652],[6.95952,5.02652],[6.95952,5.02643],[6.9597,5.02643],[6.9597,5.02661],[6.95979,5.02661],[6.95979,5.02652],[6.95988,5.02652],[6.95988,5.02679],[6.95997,5.02679],[6.95997,5.02688],[6.96024,5.02688],[6.96024,5.02679],[6.96042,5.02679],[6.96042,5.02688],[6.96051,5.02688],[6.96051,5.02706],[6.9606,5.02706],[6.9606,5.02715],[6.96069,5.02715],[6.96069,5.02724],[6.96078,5.02724],[6.96078,5.02742],[6.96096,5.02742],[6.96096,5.0276],[6.96122,5.0276],[6.96122,5.02769],[6.96113,5.02769],[6.96113,5.02805],[6.96122,5.02805],[6.96122,5.02814],[6.96131,5.02814],[6.96131,5.02823],[6.96149,5.02823],[6.96149,5.02841],[6.96158,5.02841],[6.96158,5.02859],[6.96167,5.02859],[6.96167,5.02877],[6.96176,5.02877],[6.96176,5.02904],[6.96185,5.02904],[6.96185,5.02922],[6.96194,5.02922],[6.96194,5.02949],[6.96203,5.02949],[6.96203,5.02958],[6.96212,5.02958],[6.96212,5.02949],[6.96221,5.02949],[6.96221,5.02958],[6.96212,5.02958],[6.96212,5.02985],[6.96248,5.02985],[6.96248,5.02994],[6.96239,5.02994],[6.96239,5.03012],[6.96248,5.03012],[6.96248,5.03021],[6.96257,5.03021],[6.96257,5.03012],[6.96266,5.03012],[6.96266,5.03021],[6.96284,5.03021],[6.96284,5.0303],[6.96293,5.0303],[6.96293,5.03057],[6.96266,5.03057],[6.96266,5.03075],[6.96275,5.03075],[6.96275,5.03084],[6.96266,5.03084],[6.96266,5.03075],[6.96239,5.03075],[6.96239,5.03084],[6.9623,5.03084],[6.9623,5.03101],[6.96221,5.03101],[6.96221,5.0311],[6.96212,5.0311],[6.96212,5.03101],[6.96203,5.03101],[6.96203,5.03092],[6.96194,5.03092],[6.96194,5.03101],[6.96185,5.03101],[6.96185,5.0311],[6.96176,5.0311],[6.96176,5.03119],[6.96167,5.03119],[6.96167,5.0311],[6.96158,5.0311],[6.96158,5.03101],[6.96167,5.03101],[6.96167,5.03084],[6.96158,5.03084],[6.96158,5.03075],[6.96149,5.03075],[6.96149,5.03092],[6.9614,5.03092],[6.9614,5.03101],[6.96122,5.03101],[6.96122,5.0311],[6.96113,5.0311],[6.96113,5.03119],[6.96105,5.03119],[6.96105,5.03137],[6.96113,5.03137],[6.96113,5.03128],[6.9614,5.03128],[6.9614,5.03119],[6.96149,5.03119],[6.96149,5.03137],[6.96158,5.03137],[6.96158,5.03155],[6.96149,5.03155],[6.96149,5.03164],[6.96158,5.03164],[6.96158,5.03173],[6.96167,5.03173],[6.96167,5.03182],[6.96158,5.03182],[6.96158,5.032],[6.96167,5.032],[6.96167,5.03209],[6.96185,5.03209],[6.96185,5.03218],[6.96194,5.03218],[6.96194,5.03227],[6.96203,5.03227],[6.96203,5.03281],[6.96194,5.03281],[6.96194,5.0329],[6.96158,5.0329],[6.96158,5.03299],[6.96149,5.03299],[6.96149,5.03308],[6.96131,5.03308],[6.96131,5.03317],[6.96122,5.03317],[6.96122,5.03326],[6.96131,5.03326],[6.96131,5.03335],[6.96122,5.03335],[6.96122,5.03344],[6.96113,5.03344],[6.96113,5.03353],[6.96096,5.03353]],[[6.96006,5.02715],[6.95997,5.02715],[6.95997,5.02706],[6.96006,5.02706],[6.96006,5.02715]],[[6.95835,5.02832],[6.95826,5.02832],[6.95826,5.02823],[6.95835,5.02823],[6.95835,5.02832]],[[6.96221,5.03021],[6.96212,5.03021],[6.96212,5.03012],[6.96221,5.03012],[6.96221,5.03021]],[[6.9588,5.03066],[6.95871,5.03066],[6.95871,5.03057],[6.9588,5.03057],[6.9588,5.03066]],[[6.96212,5.03084],[6.96203,5.03084],[6.96203,5.03075],[6.96212,5.03075],[6.96212,5.03084]],[[6.9623,5.03084],[6.96221,5.03084],[6.96221,5.03075],[6.96212,5.03075],[6.96212,5.03066],[6.96221,5.03066],[6.96221,5.03057],[6.9623,5.03057],[6.9623,5.03084]],[[6.96149,5.03155],[6.9614,5.03155],[6.9614,5.03146],[6.96149,5.03146],[6.96149,5.03155]],[[6.9614,5.03191],[6.96131,5.03191],[6.96131,5.03182],[6.9614,5.03182],[6.9614,5.03191]],[[6.96149,5.032],[6.9614,5.032],[6.9614,5.03191],[6.96149,5.03191],[6.96149,5.032]],[[6.96176,5.03254],[6.96167,5.03254],[6.96167,5.03245],[6.96176,5.03245],[6.96176,5.03254]],[[6.9597,5.03263],[6.95961,5.03263],[6.95961,5.03254],[6.9597,5.03254],[6.9597,5.03263]]]}},{"type":"Feature","properties":{},"geometry":{"geodesic":false,"type":"Polygon","coordinates":[[[6.96212,5.02814],[6.96212,5.02805],[6.96194,5.02805],[6.96194,5.02796],[6.96185,5.02796],[6.96185,5.02787],[6.96176,5.02787],[6.96176,5.02769],[6.96185,5.02769],[6.96185,5.0276],[6.96203,5.0276],[6.96203,5.02751],[6.96194,5.02751],[6.96194,5.02742],[6.96167,5.02742],[6.96167,5.02733],[6.96176,5.02733],[6.96176,5.02724],[6.96167,5.02724],[6.96167,5.02715],[6.96176,5.02715],[6.96176,5.02724],[6.96203,5.02724],[6.96203,5.02706],[6.96212,5.02706],[6.96212,5.02697],[6.9623,5.02697],[6.9623,5.02724],[6.96221,5.02724],[6.96221,5.02742],[6.9623,5.02742],[6.9623,5.02751],[6.96239,5.02751],[6.96239,5.0276],[6.9623,5.0276],[6.9623,5.02769],[6.96221,5.02769],[6.96221,5.02778],[6.96239,5.02778],[6.96239,5.02787],[6.96248,5.02787],[6.96248,5.02796],[6.96239,5.02796],[6.96239,5.02805],[6.9623,5.02805],[6.9623,5.02814],[6.96212,5.02814]]]}},{"type":"Feature","properties":{},"geometry":{"geodesic":false,"type":"Polygon","coordinates":[[[6.96248,5.03614],[6.96248,5.03596],[6.96221,5.03596],[6.96221,5.03605],[6.96203,5.03605],[6.96203,5.03596],[6.96194,5.03596],[6.96194,5.03587],[6.96185,5.03587],[6.96185,5.03578],[6.96176,5.03578],[6.96176,5.03569],[6.96185,5.03569],[6.96185,5.03551],[6.96176,5.03551],[6.96176,5.03542],[6.96158,5.03542],[6.96158,5.03524],[6.9614,5.03524],[6.9614,5.03515],[6.96122,5.03515],[6.96122,5.03506],[6.96105,5.03506],[6.96105,5.03497],[6.96096,5.03497],[6.96096,5.03488],[6.96078,5.03488],[6.96078,5.03479],[6.96069,5.03479],[6.96069,5.03452],[6.96051,5.03452],[6.96051,5.03443],[6.96069,5.03443],[6.96069,5.03407],[6.9606,5.03407],[6.9606,5.03416],[6.96051,5.03416],[6.96051,5.03425],[6.96042,5.03425],[6.96042,5.03416],[6.96033,5.03416],[6.96033,5.03389],[6.96042,5.03389],[6.96042,5.03398],[6.96051,5.03398],[6.96051,5.03407],[6.9606,5.03407],[6.9606,5.03398],[6.96069,5.03398],[6.96069,5.03389],[6.9606,5.03389],[6.9606,5.0338],[6.96069,5.0338],[6.96069,5.03371],[6.96078,5.03371],[6.96078,5.03389],[6.96105,5.03389],[6.96105,5.03398],[6.96122,5.03398],[6.96122,5.03407],[6.9614,5.03407],[6.9614,5.03398],[6.96158,5.03398],[6.96158,5.03407],[6.96167,5.03407],[6.96167,5.03416],[6.96203,5.03416],[6.96203,5.03434],[6.96212,5.03434],[6.96212,5.03425],[6.96221,5.03425],[6.96221,5.03416],[6.9623,5.03416],[6.9623,5.03461],[6.96239,5.03461],[6.96239,5.0347],[6.9623,5.0347],[6.9623,5.03461],[6.96221,5.03461],[6.96221,5.0347],[6.96203,5.0347],[6.96203,5.03506],[6.96194,5.03506],[6.96194,5.03524],[6.96221,5.03524],[6.96221,5.03533],[6.9623,5.03533],[6.9623,5.03542],[6.96248,5.03542],[6.96248,5.03569],[6.96266,5.03569],[6.96266,5.03578],[6.96275,5.03578],[6.96275,5.03587],[6.96284,5.03587],[6.96284,5.03596],[6.96275,5.03596],[6.96275,5.03605],[6.96257,5.03605],[6.96257,5.03614],[6.96248,5.03614]],[[6.96096,5.0347],[6.96087,5.0347],[6.96087,5.03461],[6.96078,5.03461],[6.96078,5.03452],[6.96069,5.03452],[6.96069,5.03443],[6.96096,5.03443],[6.96096,5.0347]]]}},{"type":"Feature","properties":{},"geometry":{"geodesic":false,"type":"Polygon","coordinates":[[[6.96374,5.06785],[6.96374,5.06776],[6.96365,5.06776],[6.96365,5.0674],[6.96392,5.0674],[6.96392,5.06731],[6.96383,5.06731],[6.96383,5.06713],[6.96374,5.06713],[6.96374,5.06686],[6.96383,5.06686],[6.96383,5.06677],[6.96401,5.06677],[6.96401,5.06686],[6.96428,5.06686],[6.96428,5.06695],[6.96437,5.06695],[6.96437,5.06713],[6.96446,5.06713],[6.96446,5.06731],[6.96437,5.06731],[6.96437,5.0674],[6.96428,5.0674],[6.96428,5.06731],[6.96419,5.06731],[6.96419,5.06749],[6.9641,5.06749],[6.9641,5.0674],[6.96401,5.0674],[6.96401,5.06749],[6.96392,5.06749],[6.96392,5.06776],[6.96383,5.06776],[6.96383,5.06785],[6.96374,5.06785]],[[6.96383,5.06767],[6.96374,5.06767],[6.96374,5.06758],[6.96383,5.06758],[6.96383,5.06767]]]}},{"type":"Feature","properties":{},"geometry":{"geodesic":false,"type":"Polygon","coordinates":[[[6.96392,4.93642],[6.96392,4.93633],[6.96347,4.93633],[6.96347,4.93624],[6.96329,4.93624],[6.96329,4.93615],[6.9632,4.93615],[6.9632,4.93597],[6.96311,4.93597],[6.96311,4.93579],[6.96302,4.93579],[6.96302,4.93588],[6.96293,4.93588],[6.96293,4.93579],[6.96302,4.93579],[6.96302,4.9357],[6.9632,4.9357],[6.9632,4.93552],[6.96311,4.93552],[6.96311,4.93543],[6.96302,4.93543],[6.96302,4.93534],[6.96311,4.93534],[6.96311,4.93525],[6.9632,4.93525],[6.9632,4.93516],[6.96329,4.93516],[6.96329,4.93507],[6.96338,4.93507],[6.96338,4.93481],[6.96347,4.93481],[6.96347,4.93463],[6.96356,4.93463],[6.96356,4.93454],[6.96374,4.93454],[6.96374,4.93463],[6.96392,4.93463],[6.96392,4.93454],[6.96401,4.93454],[6.96401,4.93445],[6.9641,4.93445],[6.9641,4.93436],[6.96419,4.93436],[6.96419,4.93418],[6.96428,4.93418],[6.96428,4.93409],[6.96437,4.93409],[6.96437,4.93418],[6.96446,4.93418],[6.96446,4.93427],[6.96464,4.93427],[6.96464,4.93418],[6.96482,4.93418],[6.96482,4.93427],[6.96491,4.93427],[6.96491,4.93436],[6.965,4.93436],[6.965,4.93445],[6.96509,4.93445],[6.96509,4.93436],[6.96518,4.93436],[6.96518,4.93454],[6.96536,4.93454],[6.96536,4.93463],[6.96518,4.93463],[6.96518,4.93481],[6.965,4.93481],[6.965,4.93516],[6.96536,4.93516],[6.96536,4.93525],[6.96527,4.93525],[6.96527,4.93534],[6.96536,4.93534],[6.96536,4.93579],[6.96527,4.93579],[6.96527,4.93588],[6.96518,4.93588],[6.96518,4.93579],[6.965,4.93579],[6.965,4.93606],[6.96491,4.93606],[6.96491,4.93615],[6.96482,4.93615],[6.96482,4.93624],[6.96455,4.93624],[6.96455,4.93633],[6.96401,4.93633],[6.96401,4.93642],[6.96392,4.93642]],[[6.96473,4.93436],[6.96464,4.93436],[6.96464,4.93427],[6.96473,4.93427],[6.96473,4.93436]]]}},{"type":"Feature","properties":{},"geometry":{"geodesic":false,"type":"Polygon","coordinates":[[[6.96572,4.9569],[6.96572,4.95672],[6.96563,4.95672],[6.96563,4.95663],[6.96554,4.95663],[6.96554,4.95654],[6.96527,4.95654],[6.96527,4.95663],[6.96509,4.95663],[6.96509,4.95672],[6.96491,4.95672],[6.96491,4.95663],[6.96464,4.95663],[6.96464,4.95627],[6.96473,4.95627],[6.96473,4.95619],[6.96491,4.95619],[6.96491,4.9561],[6.965,4.9561],[6.965,4.95592],[6.96518,4.95592],[6.96518,4.95583],[6.96527,4.95583],[6.96527,4.95574],[6.96536,4.95574],[6.96536,4.95565],[6.96545,4.95565],[6.96545,4.95556],[6.96563,4.95556],[6.96563,4.95547],[6.96581,4.95547],[6.96581,4.95538],[6.96599,4.95538],[6.96599,4.95529],[6.9659,4.95529],[6.9659,4.9552],[6.96599,4.9552],[6.96599,4.95529],[6.96635,4.95529],[6.96635,4.95538],[6.96644,4.95538],[6.96644,4.95547],[6.96652,4.95547],[6.96652,4.95556],[6.96661,4.95556],[6.96661,4.95565],[6.9667,4.95565],[6.9667,4.95583],[6.96661,4.95583],[6.96661,4.95592],[6.9667,4.95592],[6.9667,4.95619],[6.96679,4.95619],[6.96679,4.95627],[6.9667,4.95627],[6.9667,4.95636],[6.96626,4.95636],[6.96626,4.95645],[6.96608,4.95645],[6.96608,4.95663],[6.96617,4.95663],[6.96617,4.95672],[6.96608,4.95672],[6.96608,4.95681],[6.96599,4.95681],[6.96599,4.9569],[6.96572,4.9569]]]}},{"type":"Feature","properties":{},"geometry":{"geodesic":false,"type":"Polygon","coordinates":[[[6.9667,5.02338],[6.9667,5.02329],[6.96644,5.02329],[6.96644,5.02338],[6.96626,5.02338],[6.96626,5.0232],[6.96635,5.0232],[6.96635,5.02329],[6.96644,5.02329],[6.96644,5.02311],[6.96635,5.02311],[6.96635,5.02293],[6.96644,5.02293],[6.96644,5.02284],[6.96661,5.02284],[6.96661,5.0232],[6.9667,5.0232],[6.9667,5.02302],[6.96679,5.02302],[6.96679,5.02275],[6.96688,5.02275],[6.96688,5.02266],[6.96715,5.02266],[6.96715,5.02257],[6.96733,5.02257],[6.96733,5.02284],[6.96751,5.02284],[6.96751,5.02293],[6.96742,5.02293],[6.96742,5.02302],[6.96733,5.02302],[6.96733,5.02311],[6.96724,5.02311],[6.96724,5.0232],[6.96715,5.0232],[6.96715,5.02329],[6.96679,5.02329],[6.96679,5.02338],[6.9667,5.02338]],[[6.96652,5.02302],[6.96644,5.02302],[6.96644,5.02293],[6.96652,5.02293],[6.96652,5.02302]]]}},{"type":"Feature","properties":{},"geometry":{"geodesic":false,"type":"Polygon","coordinates":[[[6.96697,5.0585],[6.96697,5.05841],[6.96688,5.05841],[6.96688,5.0585],[6.9667,5.0585],[6.9667,5.05841],[6.96661,5.05841],[6.96661,5.05823],[6.96644,5.05823],[6.96644,5.05814],[6.96652,5.05814],[6.96652,5.05805],[6.96635,5.05805],[6.96635,5.05787],[6.96644,5.05787],[6.96644,5.05796],[6.96652,5.05796],[6.96652,5.05778],[6.96661,5.05778],[6.96661,5.05752],[6.9667,5.05752],[6.9667,5.0576],[6.96697,5.0576],[6.96697,5.05752],[6.96688,5.05752],[6.96688,5.05743],[6.96679,5.05743],[6.96679,5.05734],[6.96688,5.05734],[6.96688,5.05716],[6.96697,5.05716],[6.96697,5.05707],[6.96706,5.05707],[6.96706,5.05716],[6.96715,5.05716],[6.96715,5.05707],[6.96742,5.05707],[6.96742,5.05716],[6.96751,5.05716],[6.96751,5.05707],[6.96778,5.05707],[6.96778,5.05698],[6.96787,5.05698],[6.96787,5.05707],[6.96805,5.05707],[6.96805,5.05698],[6.96814,5.05698],[6.96814,5.05707],[6.96823,5.05707],[6.96823,5.05716],[6.96805,5.05716],[6.96805,5.05725],[6.96796,5.05725],[6.96796,5.05734],[6.96805,5.05734],[6.96805,5.05743],[6.96814,5.05743],[6.96814,5.05752],[6.96823,5.05752],[6.96823,5.0576],[6.96814,5.0576],[6.96814,5.05752],[6.96805,5.05752],[6.96805,5.0576],[6.96796,5.0576],[6.96796,5.05769],[6.96805,5.05769],[6.96805,5.05796],[6.96787,5.05796],[6.96787,5.05787],[6.96778,5.05787],[6.96778,5.05796],[6.96751,5.05796],[6.96751,5.05805],[6.96742,5.05805],[6.96742,5.05832],[6.96751,5.05832],[6.96751,5.05841],[6.96742,5.05841],[6.96742,5.0585],[6.96697,5.0585]],[[6.9676,5.05743],[6.96751,5.05743],[6.96751,5.05725],[6.9676,5.05725],[6.9676,5.05716],[6.96769,5.05716],[6.96769,5.05734],[6.9676,5.05734],[6.9676,5.05743]]]}},{"type":"Feature","properties":{},"geometry":{"geodesic":false,"type":"Polygon","coordinates":[[[6.96922,4.95699],[6.96922,4.9569],[6.96895,4.9569],[6.96895,4.95636],[6.96904,4.95636],[6.96904,4.95627],[6.9694,4.95627],[6.9694,4.95619],[6.96949,4.95619],[6.96949,4.95627],[6.96967,4.95627],[6.96967,4.95636],[6.96985,4.95636],[6.96985,4.95645],[6.97003,4.95645],[6.97003,4.95654],[6.97012,4.95654],[6.97012,4.95672],[6.97003,4.95672],[6.97003,4.9569],[6.96967,4.9569],[6.96967,4.95681],[6.96958,4.95681],[6.96958,4.9569],[6.96949,4.9569],[6.96949,4.95699],[6.96922,4.95699]]]}},{"type":"Feature","properties":{},"geometry":{"geodesic":false,"type":"Polygon","coordinates":[[[6.96976,5.0603],[6.96976,5.06021],[6.96967,5.06021],[6.96967,5.0603],[6.96958,5.0603],[6.96958,5.06021],[6.96949,5.06021],[6.96949,5.0603],[6.9694,5.0603],[6.9694,5.06021],[6.96931,5.06021],[6.96931,5.05994],[6.96922,5.05994],[6.96922,5.06003],[6.96904,5.06003],[6.96904,5.05994],[6.96922,5.05994],[6.96922,5.05985],[6.96913,5.05985],[6.96913,5.05967],[6.96931,5.05967],[6.96931,5.05949],[6.9694,5.05949],[6.9694,5.05931],[6.96949,5.05931],[6.96949,5.05949],[6.96958,5.05949],[6.96958,5.05931],[6.96967,5.05931],[6.96967,5.0594],[6.96976,5.0594],[6.96976,5.05931],[6.96994,5.05931],[6.96994,5.05976],[6.96985,5.05976],[6.96985,5.05994],[6.96967,5.05994],[6.96967,5.06003],[6.96976,5.06003],[6.96976,5.06012],[6.96994,5.06012],[6.96994,5.0603],[6.96976,5.0603]],[[6.96958,5.05985],[6.96949,5.05985],[6.96949,5.05976],[6.9694,5.05976],[6.9694,5.05967],[6.96949,5.05967],[6.96949,5.05958],[6.96958,5.05958],[6.96958,5.05949],[6.96967,5.05949],[6.96967,5.05976],[6.96958,5.05976],[6.96958,5.05985]],[[6.9694,5.05994],[6.96931,5.05994],[6.96931,5.05985],[6.9694,5.05985],[6.9694,5.05994]]]}},{"type":"Feature","properties":{},"geometry":{"geodesic":false,"type":"Polygon","coordinates":[[[6.97012,4.93606],[6.97012,4.93579],[6.96976,4.93579],[6.96976,4.93561],[6.96958,4.93561],[6.96958,4.93552],[6.96949,4.93552],[6.96949,4.93525],[6.96958,4.93525],[6.96958,4.93507],[6.96949,4.93507],[6.96949,4.93498],[6.9694,4.93498],[6.9694,4.9349],[6.96931,4.9349],[6.96931,4.93516],[6.96922,4.93516],[6.96922,4.9357],[6.96904,4.9357],[6.96904,4.93579],[6.96895,4.93579],[6.96895,4.93561],[6.96868,4.93561],[6.96868,4.93552],[6.96877,4.93552],[6.96877,4.93543],[6.96868,4.93543],[6.96868,4.93516],[6.96877,4.93516],[6.96877,4.93498],[6.96886,4.93498],[6.96886,4.93472],[6.96895,4.93472],[6.96895,4.93463],[6.96904,4.93463],[6.96904,4.93472],[6.96913,4.93472],[6.96913,4.93463],[6.96922,4.93463],[6.96922,4.93454],[6.9694,4.93454],[6.9694,4.93463],[6.96949,4.93463],[6.96949,4.93472],[6.96958,4.93472],[6.96958,4.93498],[6.96967,4.93498],[6.96967,4.9349],[6.96976,4.9349],[6.96976,4.93463],[6.97012,4.93463],[6.97012,4.93472],[6.97021,4.93472],[6.97021,4.9349],[6.9703,4.9349],[6.9703,4.93481],[6.97048,4.93481],[6.97048,4.9349],[6.97066,4.9349],[6.97066,4.93498],[6.97075,4.93498],[6.97075,4.93516],[6.97093,4.93516],[6.97093,4.93525],[6.97102,4.93525],[6.97102,4.93543],[6.97111,4.93543],[6.97111,4.93552],[6.97102,4.93552],[6.97102,4.93579],[6.97093,4.93579],[6.97093,4.93588],[6.97084,4.93588],[6.97084,4.93597],[6.97048,4.93597],[6.97048,4.93588],[6.97039,4.93588],[6.97039,4.93606],[6.97012,4.93606]],[[6.96949,4.9349],[6.9694,4.9349],[6.9694,4.93481],[6.96949,4.93481],[6.96949,4.9349]]]}},{"type":"Feature","properties":{},"geometry":{"geodesic":false,"type":"Polygon","coordinates":[[[6.97111,4.96885],[6.97111,4.96876],[6.97102,4.96876],[6.97102,4.96858],[6.97111,4.96858],[6.97111,4.96849],[6.97102,4.96849],[6.97102,4.96831],[6.97093,4.96831],[6.97093,4.96813],[6.97084,4.96813],[6.97084,4.96795],[6.97075,4.96795],[6.97075,4.96714],[6.97084,4.96714],[6.97084,4.96705],[6.97093,4.96705],[6.97093,4.96696],[6.97102,4.96696],[6.97102,4.96688],[6.97111,4.96688],[6.97111,4.96679],[6.9712,4.96679],[6.9712,4.9667],[6.97156,4.9667],[6.97156,4.96661],[6.97165,4.96661],[6.97165,4.9667],[6.97156,4.9667],[6.97156,4.96679],[6.97147,4.96679],[6.97147,4.96688],[6.97138,4.96688],[6.97138,4.96714],[6.97129,4.96714],[6.97129,4.96723],[6.9712,4.96723],[6.9712,4.96741],[6.97111,4.96741],[6.97111,4.96795],[6.9712,4.96795],[6.9712,4.96831],[6.97129,4.96831],[6.97129,4.96849],[6.97138,4.96849],[6.97138,4.96858],[6.97147,4.96858],[6.97147,4.96867],[6.97138,4.96867],[6.97138,4.96876],[6.97129,4.96876],[6.97129,4.96885],[6.97111,4.96885]]]}},{"type":"Feature","properties":{},"geometry":{"geodesic":false,"type":"Polygon","coordinates":[[[6.97156,4.93202],[6.97156,4.93193],[6.97147,4.93193],[6.97147,4.93184],[6.97129,4.93184],[6.97129,4.93175],[6.9712,4.93175],[6.9712,4.93166],[6.97111,4.93166],[6.97111,4.9313],[6.9712,4.9313],[6.9712,4.93112],[6.97129,4.93112],[6.97129,4.93103],[6.97147,4.93103],[6.97147,4.93094],[6.97156,4.93094],[6.97156,4.93085],[6.97174,4.93085],[6.97174,4.93076],[6.972,4.93076],[6.972,4.93067],[6.97209,4.93067],[6.97209,4.93076],[6.97218,4.93076],[6.97218,4.93085],[6.97227,4.93085],[6.97227,4.93094],[6.97218,4.93094],[6.97218,4.93103],[6.97236,4.93103],[6.97236,4.93112],[6.97254,4.93112],[6.97254,4.93094],[6.97281,4.93094],[6.97281,4.93103],[6.9729,4.93103],[6.9729,4.93121],[6.97317,4.93121],[6.97317,4.93103],[6.97326,4.93103],[6.97326,4.93094],[6.97353,4.93094],[6.97353,4.93076],[6.97362,4.93076],[6.97362,4.93067],[6.97371,4.93067],[6.97371,4.93076],[6.97389,4.93076],[6.97389,4.93085],[6.97407,4.93085],[6.97407,4.93094],[6.97434,4.93094],[6.97434,4.93103],[6.97461,4.93103],[6.97461,4.93112],[6.9747,4.93112],[6.9747,4.93121],[6.97461,4.93121],[6.97461,4.9313],[6.97434,4.9313],[6.97434,4.93139],[6.97425,4.93139],[6.97425,4.93157],[6.97416,4.93157],[6.97416,4.93166],[6.97344,4.93166],[6.97344,4.93157],[6.97326,4.93157],[6.97326,4.93148],[6.97299,4.93148],[6.97299,4.93157],[6.97281,4.93157],[6.97281,4.93148],[6.97272,4.93148],[6.97272,4.93157],[6.97263,4.93157],[6.97263,4.93166],[6.97254,4.93166],[6.97254,4.93193],[6.97245,4.93193],[6.97245,4.93202],[6.97156,4.93202]],[[6.97281,4.93139],[6.97263,4.93139],[6.97263,4.9313],[6.97254,4.9313],[6.97254,4.93112],[6.97272,4.93112],[6.97272,4.9313],[6.97281,4.9313],[6.97281,4.93139]]]}},{"type":"Feature","properties":{},"geometry":{"geodesic":false,"type":"Polygon","coordinates":[[[6.97407,4.96921],[6.97407,4.96912],[6.97389,4.96912],[6.97389,4.96903],[6.97371,4.96903],[6.97371,4.96858],[6.9738,4.96858],[6.9738,4.96849],[6.97389,4.96849],[6.97389,4.96831],[6.97398,4.96831],[6.97398,4.96822],[6.97407,4.96822],[6.97407,4.96831],[6.97416,4.96831],[6.97416,4.96822],[6.97452,4.96822],[6.97452,4.96804],[6.97479,4.96804],[6.97479,4.96813],[6.9747,4.96813],[6.9747,4.96822],[6.97479,4.96822],[6.97479,4.9684],[6.97488,4.9684],[6.97488,4.96849],[6.97479,4.96849],[6.97479,4.96858],[6.97515,4.96858],[6.97515,4.96867],[6.9747,4.96867],[6.9747,4.96876],[6.97461,4.96876],[6.97461,4.96867],[6.97452,4.96867],[6.97452,4.96894],[6.97434,4.96894],[6.97434,4.96912],[6.97416,4.96912],[6.97416,4.96921],[6.97407,4.96921]],[[6.9747,4.96867],[6.97461,4.96867],[6.97461,4.96858],[6.9747,4.96858],[6.9747,4.96867]]]}},{"type":"Feature","properties":{},"geometry":{"geodesic":false,"type":"Polygon","coordinates":[[[6.97506,5.06156],[6.97506,5.06147],[6.97497,5.06147],[6.97497,5.06129],[6.97506,5.06129],[6.97506,5.0612],[6.97497,5.0612],[6.97497,5.06111],[6.97488,5.06111],[6.97488,5.06102],[6.97479,5.06102],[6.97479,5.06093],[6.97488,5.06093],[6.97488,5.06102],[6.97497,5.06102],[6.97497,5.06111],[6.97515,5.06111],[6.97515,5.06102],[6.97524,5.06102],[6.97524,5.06093],[6.97533,5.06093],[6.97533,5.06084],[6.97515,5.06084],[6.97515,5.06075],[6.97524,5.06075],[6.97524,5.06057],[6.97533,5.06057],[6.97533,5.06048],[6.97524,5.06048],[6.97524,5.06039],[6.97515,5.06039],[6.97515,5.06021],[6.97533,5.06021],[6.97533,5.06012],[6.97542,5.06012],[6.97542,5.06021],[6.97551,5.06021],[6.97551,5.0603],[6.9756,5.0603],[6.9756,5.06039],[6.97551,5.06039],[6.97551,5.06048],[6.9756,5.06048],[6.9756,5.06066],[6.97569,5.06066],[6.97569,5.06093],[6.9756,5.06093],[6.9756,5.06102],[6.97551,5.06102],[6.97551,5.0612],[6.97542,5.0612],[6.97542,5.06138],[6.97515,5.06138],[6.97515,5.06156],[6.97506,5.06156]]]}},{"type":"Feature","properties":{},"geometry":{"geodesic":false,"type":"Polygon","coordinates":[[[6.97793,4.95619],[6.97793,4.95601],[6.97784,4.95601],[6.97784,4.95592],[6.97775,4.95592],[6.97775,4.95574],[6.97784,4.95574],[6.97784,4.95565],[6.97793,4.95565],[6.97793,4.95556],[6.97802,4.95556],[6.97802,4.95547],[6.97838,4.95547],[6.97838,4.95556],[6.97856,4.95556],[6.97856,4.95583],[6.97847,4.95583],[6.97847,4.95601],[6.97838,4.95601],[6.97838,4.95619],[6.97793,4.95619]]]}},{"type":"Feature","properties":{},"geometry":{"geodesic":false,"type":"Polygon","coordinates":[[[6.98656,4.98071],[6.98656,4.98044],[6.98647,4.98044],[6.98647,4.98026],[6.9862,4.98026],[6.9862,4.98017],[6.98602,4.98017],[6.98602,4.98008],[6.98593,4.98008],[6.98593,4.97999],[6.98602,4.97999],[6.98602,4.9799],[6.98611,4.9799],[6.98611,4.97999],[6.9862,4.97999],[6.9862,4.97963],[6.98602,4.97963],[6.98602,4.97954],[6.98593,4.97954],[6.98593,4.97945],[6.98602,4.97945],[6.98602,4.97936],[6.98611,4.97936],[6.98611,4.97927],[6.98602,4.97927],[6.98602,4.97918],[6.98593,4.97918],[6.98593,4.97927],[6.98584,4.97927],[6.98584,4.979],[6.98593,4.979],[6.98593,4.97864],[6.98602,4.97864],[6.98602,4.97855],[6.98593,4.97855],[6.98593,4.97846],[6.98602,4.97846],[6.98602,4.97837],[6.98611,4.97837],[6.98611,4.97828],[6.9862,4.97828],[6.9862,4.97819],[6.98638,4.97819],[6.98638,4.97792],[6.98656,4.97792],[6.98656,4.9781],[6.98665,4.9781],[6.98665,4.97801],[6.98674,4.97801],[6.98674,4.97837],[6.98683,4.97837],[6.98683,4.97864],[6.98701,4.97864],[6.98701,4.97855],[6.9871,4.97855],[6.9871,4.97873],[6.98719,4.97873],[6.98719,4.979],[6.98692,4.979],[6.98692,4.97909],[6.98683,4.97909],[6.98683,4.97918],[6.98692,4.97918],[6.98692,4.97927],[6.98683,4.97927],[6.98683,4.97945],[6.98692,4.97945],[6.98692,4.97954],[6.98683,4.97954],[6.98683,4.97945],[6.98674,4.97945],[6.98674,4.97936],[6.98665,4.97936],[6.98665,4.97945],[6.98647,4.97945],[6.98647,4.97954],[6.98656,4.97954],[6.98656,4.9799],[6.98665,4.9799],[6.98665,4.98008],[6.98674,4.98008],[6.98674,4.9799],[6.98692,4.9799],[6.98692,4.97999],[6.9871,4.97999],[6.9871,4.98035],[6.98692,4.98035],[6.98692,4.98044],[6.98683,4.98044],[6.98683,4.98053],[6.98674,4.98053],[6.98674,4.98062],[6.98665,4.98062],[6.98665,4.98071],[6.98656,4.98071]],[[6.98683,4.97873],[6.98674,4.97873],[6.98674,4.97864],[6.98683,4.97864],[6.98683,4.97873]],[[6.98665,4.97927],[6.98656,4.97927],[6.98656,4.97918],[6.98665,4.97918],[6.98665,4.97927]],[[6.98692,4.98017],[6.98683,4.98017],[6.98683,4.98008],[6.98692,4.98008],[6.98692,4.98017]]]}},{"type":"Feature","properties":{},"geometry":{"geodesic":false,"type":"Polygon","coordinates":[[[6.98764,4.97918],[6.98764,4.97909],[6.98773,4.97909],[6.98773,4.97882],[6.98764,4.97882],[6.98764,4.97891],[6.98737,4.97891],[6.98737,4.97855],[6.98728,4.97855],[6.98728,4.97837],[6.98737,4.97837],[6.98737,4.97828],[6.98746,4.97828],[6.98746,4.9781],[6.98755,4.9781],[6.98755,4.97828],[6.98773,4.97828],[6.98773,4.97837],[6.9879,4.97837],[6.9879,4.97828],[6.98799,4.97828],[6.98799,4.97819],[6.98808,4.97819],[6.98808,4.9781],[6.98835,4.9781],[6.98835,4.97819],[6.98826,4.97819],[6.98826,4.97828],[6.98817,4.97828],[6.98817,4.97855],[6.98826,4.97855],[6.98826,4.97837],[6.98853,4.97837],[6.98853,4.97846],[6.98844,4.97846],[6.98844,4.97855],[6.98853,4.97855],[6.98853,4.97864],[6.98862,4.97864],[6.98862,4.97873],[6.98871,4.97873],[6.98871,4.97891],[6.98862,4.97891],[6.98862,4.97882],[6.98844,4.97882],[6.98844,4.97873],[6.98835,4.97873],[6.98835,4.97891],[6.98817,4.97891],[6.98817,4.97882],[6.98808,4.97882],[6.98808,4.97891],[6.9879,4.97891],[6.9879,4.97909],[6.98773,4.97909],[6.98773,4.97918],[6.98764,4.97918]],[[6.98844,4.97864],[6.98835,4.97864],[6.98835,4.97855],[6.98844,4.97855],[6.98844,4.97864]]]}},{"type":"Feature","properties":{},"geometry":{"geodesic":false,"type":"Polygon","coordinates":[[[6.98799,4.93454],[6.98799,4.93418],[6.98808,4.93418],[6.98808,4.93382],[6.98799,4.93382],[6.98799,4.93346],[6.9879,4.93346],[6.9879,4.93328],[6.98781,4.93328],[6.98781,4.93301],[6.98799,4.93301],[6.98799,4.93328],[6.98808,4.93328],[6.98808,4.93337],[6.98817,4.93337],[6.98817,4.93346],[6.98826,4.93346],[6.98826,4.93364],[6.98835,4.93364],[6.98835,4.93382],[6.98844,4.93382],[6.98844,4.93409],[6.98835,4.93409],[6.98835,4.93436],[6.98826,4.93436],[6.98826,4.93445],[6.98817,4.93445],[6.98817,4.93454],[6.98799,4.93454]]]}},{"type":"Feature","properties":{},"geometry":{"geodesic":false,"type":"Polygon","coordinates":[[[6.99743,4.96858],[6.99797,4.96858],[6.99797,4.96849],[6.99815,4.96849],[6.99815,4.96831],[6.99833,4.96831],[6.99833,4.9684],[6.99842,4.9684],[6.99842,4.96849],[6.9985,4.96849],[6.9985,4.9684],[6.99859,4.9684],[6.99859,4.96831],[6.9985,4.96831],[6.9985,4.96822],[6.99868,4.96822],[6.99868,4.96804],[6.99895,4.96804],[6.99895,4.96795],[6.99922,4.96795],[6.99922,4.96804],[6.99931,4.96804],[6.99931,4.96795],[6.99967,4.96795],[6.99967,4.96768],[6.99976,4.96768],[6.99976,4.9675],[6.99967,4.9675],[6.99967,4.96741],[6.9994,4.96741],[6.9994,4.96732],[6.99931,4.96732],[6.99931,4.96741],[6.99922,4.96741],[6.99922,4.96723],[6.99931,4.96723],[6.99931,4.96705],[6.99922,4.96705],[6.99922,4.96696],[6.99931,4.96696],[6.99931,4.96688],[6.99976,4.96688],[6.99976,4.96705],[6.99985,4.96705],[6.99985,4.96696],[6.99994,4.96696],[6.99994,4.96688],[7.00012,4.96688],[7.00012,4.96679],[7.00021,4.96679],[7.00021,4.96688],[7.00039,4.96688],[7.00039,4.96705],[7.00084,4.96705],[7.00084,4.96696],[7.00075,4.96696],[7.00075,4.96679],[7.00084,4.96679],[7.00084,4.96652],[7.00093,4.96652],[7.00093,4.96643],[7.00111,4.96643],[7.00111,4.96634],[7.00129,4.96634],[7.00129,4.96625],[7.00147,4.96625],[7.00147,4.96634],[7.00156,4.96634],[7.00156,4.96625],[7.00174,4.96625],[7.00174,4.96607],[7.00165,4.96607],[7.00165,4.96589],[7.00174,4.96589],[7.00174,4.9658],[7.00201,4.9658],[7.00201,4.96589],[7.00192,4.96589],[7.00192,4.96598],[7.00201,4.96598],[7.00201,4.96607],[7.00192,4.96607],[7.00192,4.96634],[7.00201,4.96634],[7.00201,4.96625],[7.0021,4.96625],[7.0021,4.96616],[7.00219,4.96616],[7.00219,4.96607],[7.00237,4.96607],[7.00237,4.96616],[7.00255,4.96616],[7.00255,4.96607],[7.00246,4.96607],[7.00246,4.96598],[7.00255,4.96598],[7.00255,4.96589],[7.00264,4.96589],[7.00264,4.9658],[7.00273,4.9658],[7.00273,4.96598],[7.00291,4.96598],[7.00291,4.9658],[7.00318,4.9658],[7.00318,4.96571],[7.00327,4.96571],[7.00327,4.96562],[7.00318,4.96562],[7.00318,4.96553],[7.00327,4.96553],[7.00327,4.96544],[7.00336,4.96544],[7.00336,4.96526],[7.00327,4.96526],[7.00327,4.96508],[7.00336,4.96508],[7.00336,4.96481],[7.003,4.96481],[7.003,4.96472],[7.00282,4.96472],[7.00282,4.96454],[7.00273,4.96454],[7.00273,4.96445],[7.00264,4.96445],[7.00264,4.96427],[7.00255,4.96427],[7.00255,4.96418],[7.00246,4.96418],[7.00246,4.96409],[7.00228,4.96409],[7.00228,4.96382],[7.00237,4.96382],[7.00237,4.96373],[7.00246,4.96373],[7.00246,4.96382],[7.00282,4.96382],[7.00282,4.96391],[7.00309,4.96391],[7.00309,4.96373],[7.00318,4.96373],[7.00318,4.96364],[7.00354,4.96364],[7.00354,4.96355],[7.00345,4.96355],[7.00345,4.96337],[7.00354,4.96337],[7.00354,4.96328],[7.00345,4.96328],[7.00345,4.96319],[7.00363,4.96319],[7.00363,4.96301],[7.00354,4.96301],[7.00354,4.96283],[7.00363,4.96283],[7.00363,4.96274],[7.00372,4.96274],[7.00372,4.96283],[7.0038,4.96283],[7.0038,4.96328],[7.00389,4.96328],[7.00389,4.96337],[7.00407,4.96337],[7.00407,4.96355],[7.00416,4.96355],[7.00416,4.96364],[7.00425,4.96364],[7.00425,4.96382],[7.00434,4.96382],[7.00434,4.96391],[7.00461,4.96391],[7.00461,4.964],[7.00479,4.964],[7.00479,4.96427],[7.00488,4.96427],[7.00488,4.96436],[7.00497,4.96436],[7.00497,4.96445],[7.00506,4.96445],[7.00506,4.96463],[7.00488,4.96463],[7.00488,4.96481],[7.00515,4.96481],[7.00515,4.96472],[7.00533,4.96472],[7.00533,4.9649],[7.00524,4.9649],[7.00524,4.96499],[7.00533,4.96499],[7.00533,4.96517],[7.00542,4.96517],[7.00542,4.96526],[7.00551,4.96526],[7.00551,4.96517],[7.00569,4.96517],[7.00569,4.96526],[7.00551,4.96526],[7.00551,4.96535],[7.00569,4.96535],[7.00569,4.96562],[7.0056,4.96562],[7.0056,4.96544],[7.00551,4.96544],[7.00551,4.96535],[7.00542,4.96535],[7.00542,4.96553],[7.00533,4.96553],[7.00533,4.96544],[7.00524,4.96544],[7.00524,4.96553],[7.00515,4.96553],[7.00515,4.96571],[7.00506,4.96571],[7.00506,4.96562],[7.00497,4.96562],[7.00497,4.9658],[7.00488,4.9658],[7.00488,4.96589],[7.00479,4.96589],[7.00479,4.9658],[7.0047,4.9658],[7.0047,4.96589],[7.00461,4.96589],[7.00461,4.96598],[7.00479,4.96598],[7.00479,4.96607],[7.00461,4.96607],[7.00461,4.96634],[7.00434,4.96634],[7.00434,4.96616],[7.00416,4.96616],[7.00416,4.96625],[7.00407,4.96625],[7.00407,4.96616],[7.00416,4.96616],[7.00416,4.9658],[7.00407,4.9658],[7.00407,4.96598],[7.00389,4.96598],[7.00389,4.96589],[7.0038,4.96589],[7.0038,4.96607],[7.00389,4.96607],[7.00389,4.96634],[7.0038,4.96634],[7.0038,4.96643],[7.00389,4.96643],[7.00389,4.96661],[7.00398,4.96661],[7.00398,4.96688],[7.00372,4.96688],[7.00372,4.96705],[7.0038,4.96705],[7.0038,4.96714],[7.00363,4.96714],[7.00363,4.96705],[7.00354,4.96705],[7.00354,4.96714],[7.00345,4.96714],[7.00345,4.96723],[7.00336,4.96723],[7.00336,4.96732],[7.00345,4.96732],[7.00345,4.9675],[7.00336,4.9675],[7.00336,4.96732],[7.00327,4.96732],[7.00327,4.96759],[7.00336,4.96759],[7.00336,4.96768],[7.00327,4.96768],[7.00327,4.96777],[7.00318,4.96777],[7.00318,4.96786],[7.003,4.96786],[7.003,4.96804],[7.00291,4.96804],[7.00291,4.96813],[7.00309,4.96813],[7.00309,4.96822],[7.003,4.96822],[7.003,4.96831],[7.00291,4.96831],[7.00291,4.9684],[7.00273,4.9684],[7.00273,4.96849],[7.00264,4.96849],[7.00264,4.96831],[7.00273,4.96831],[7.00273,4.96822],[7.00291,4.96822],[7.00291,4.96813],[7.00273,4.96813],[7.00273,4.96804],[7.00255,4.96804],[7.00255,4.96786],[7.00264,4.96786],[7.00264,4.96768],[7.00255,4.96768],[7.00255,4.96777],[7.00246,4.96777],[7.00246,4.96759],[7.00237,4.96759],[7.00237,4.96804],[7.00228,4.96804],[7.00228,4.96813],[7.0021,4.96813],[7.0021,4.96822],[7.00219,4.96822],[7.00219,4.96831],[7.00228,4.96831],[7.00228,4.9684],[7.00237,4.9684],[7.00237,4.96849],[7.00246,4.96849],[7.00246,4.96822],[7.00255,4.96822],[7.00255,4.96849],[7.00246,4.96849],[7.00246,4.96858],[7.00255,4.96858],[7.00255,4.96885],[7.00264,4.96885],[7.00264,4.96876],[7.00273,4.96876],[7.00273,4.96885],[7.00264,4.96885],[7.00264,4.96894],[7.00282,4.96894],[7.00282,4.96885],[7.003,4.96885],[7.003,4.96876],[7.00309,4.96876],[7.00309,4.96912],[7.00318,4.96912],[7.00318,4.96903],[7.00345,4.96903],[7.00345,4.96912],[7.0038,4.96912],[7.0038,4.96903],[7.00407,4.96903],[7.00407,4.96894],[7.00416,4.96894],[7.00416,4.96876],[7.00425,4.96876],[7.00425,4.96858],[7.00434,4.96858],[7.00434,4.96849],[7.00452,4.96849],[7.00452,4.96867],[7.00443,4.96867],[7.00443,4.96876],[7.00425,4.96876],[7.00425,4.96894],[7.00434,4.96894],[7.00434,4.96903],[7.00452,4.96903],[7.00452,4.96894],[7.0047,4.96894],[7.0047,4.96885],[7.00479,4.96885],[7.00479,4.96894],[7.00488,4.96894],[7.00488,4.96885],[7.00506,4.96885],[7.00506,4.96867],[7.00515,4.96867],[7.00515,4.96858],[7.00497,4.96858],[7.00497,4.96867],[7.0047,4.96867],[7.0047,4.96858],[7.00461,4.96858],[7.00461,4.9684],[7.0047,4.9684],[7.0047,4.96849],[7.00488,4.96849],[7.00488,4.9684],[7.00497,4.9684],[7.00497,4.96849],[7.00506,4.96849],[7.00506,4.9684],[7.00515,4.9684],[7.00515,4.96831],[7.00542,4.96831],[7.00542,4.9684],[7.00551,4.9684],[7.00551,4.96822],[7.00542,4.96822],[7.00542,4.96804],[7.00569,4.96804],[7.00569,4.96786],[7.00605,4.96786],[7.00605,4.96795],[7.00623,4.96795],[7.00623,4.96813],[7.00632,4.96813],[7.00632,4.96822],[7.00659,4.96822],[7.00659,4.96813],[7.00668,4.96813],[7.00668,4.96804],[7.00659,4.96804],[7.00659,4.96795],[7.0065,4.96795],[7.0065,4.96786],[7.00668,4.96786],[7.00668,4.96768],[7.00677,4.96768],[7.00677,4.96786],[7.00686,4.96786],[7.00686,4.96822],[7.00704,4.96822],[7.00704,4.9684],[7.00722,4.9684],[7.00722,4.96813],[7.00731,4.96813],[7.00731,4.96804],[7.00767,4.96804],[7.00767,4.96786],[7.00758,4.96786],[7.00758,4.96777],[7.00749,4.96777],[7.00749,4.96768],[7.00722,4.96768],[7.00722,4.96777],[7.00713,4.96777],[7.00713,4.96768],[7.00704,4.96768],[7.00704,4.96786],[7.00713,4.96786],[7.00713,4.96804],[7.00704,4.96804],[7.00704,4.96786],[7.00695,4.96786],[7.00695,4.96768],[7.00686,4.96768],[7.00686,4.96759],[7.00677,4.96759],[7.00677,4.96732],[7.00686,4.96732],[7.00686,4.96741],[7.00704,4.96741],[7.00704,4.96732],[7.0074,4.96732],[7.0074,4.96714],[7.00731,4.96714],[7.00731,4.96705],[7.00749,4.96705],[7.00749,4.96679],[7.00776,4.96679],[7.00776,4.96688],[7.00803,4.96688],[7.00803,4.96696],[7.00812,4.96696],[7.00812,4.96688],[7.00839,4.96688],[7.00839,4.96679],[7.0083,4.96679],[7.0083,4.9667],[7.00839,4.9667],[7.00839,4.96661],[7.00848,4.96661],[7.00848,4.96652],[7.00866,4.96652],[7.00866,4.96661],[7.00875,4.96661],[7.00875,4.96652],[7.00902,4.96652],[7.00902,4.96643],[7.00893,4.96643],[7.00893,4.96634],[7.00919,4.96634],[7.00919,4.96661],[7.00946,4.96661],[7.00946,4.96652],[7.00955,4.96652],[7.00955,4.96661],[7.00964,4.96661],[7.00964,4.9667],[7.00973,4.9667],[7.00973,4.96679],[7.00982,4.96679],[7.00982,4.9667],[7.00991,4.9667],[7.00991,4.96688],[7.01,4.96688],[7.01,4.96679],[7.01009,4.96679],[7.01009,4.96661],[7.01018,4.96661],[7.01018,4.96652],[7.01009,4.96652],[7.01009,4.96643],[7.01018,4.96643],[7.01018,4.96634],[7.01027,4.96634],[7.01027,4.96643],[7.01054,4.96643],[7.01054,4.96634],[7.01063,4.96634],[7.01063,4.96625],[7.01072,4.96625],[7.01072,4.96616],[7.01063,4.96616],[7.01063,4.96607],[7.01054,4.96607],[7.01054,4.96598],[7.01063,4.96598],[7.01063,4.96589],[7.01072,4.96589],[7.01072,4.9658],[7.0109,4.9658],[7.0109,4.96589],[7.01099,4.96589],[7.01099,4.96598],[7.01135,4.96598],[7.01135,4.96589],[7.01144,4.96589],[7.01144,4.96598],[7.01153,4.96598],[7.01153,4.96607],[7.01162,4.96607],[7.01162,4.96598],[7.01171,4.96598],[7.01171,4.96589],[7.0118,4.96589],[7.0118,4.9658],[7.01189,4.9658],[7.01189,4.96589],[7.01198,4.96589],[7.01198,4.9658],[7.01207,4.9658],[7.01207,4.96589],[7.01216,4.96589],[7.01216,4.9658],[7.01234,4.9658],[7.01234,4.96562],[7.01261,4.96562],[7.01261,4.9658],[7.0127,4.9658],[7.0127,4.96571],[7.01279,4.96571],[7.01279,4.96562],[7.01297,4.96562],[7.01297,4.96571],[7.01279,4.96571],[7.01279,4.9658],[7.01315,4.9658],[7.01315,4.96571],[7.01306,4.96571],[7.01306,4.96562],[7.01315,4.96562],[7.01315,4.96571],[7.01324,4.96571],[7.01324,4.9658],[7.01315,4.9658],[7.01315,4.96598],[7.01306,4.96598],[7.01306,4.96616],[7.01288,4.96616],[7.01288,4.96625],[7.01315,4.96625],[7.01315,4.96643],[7.01324,4.96643],[7.01324,4.96652],[7.01333,4.96652],[7.01333,4.96661],[7.0136,4.96661],[7.0136,4.96679],[7.01369,4.96679],[7.01369,4.96661],[7.01378,4.96661],[7.01378,4.9667],[7.01387,4.9667],[7.01387,4.96679],[7.01396,4.96679],[7.01396,4.96688],[7.01342,4.96688],[7.01342,4.9667],[7.01333,4.9667],[7.01333,4.96661],[7.01324,4.96661],[7.01324,4.96679],[7.01333,4.96679],[7.01333,4.96696],[7.01324,4.96696],[7.01324,4.96705],[7.01315,4.96705],[7.01315,4.96714],[7.01306,4.96714],[7.01306,4.96723],[7.0127,4.96723],[7.0127,4.96714],[7.01261,4.96714],[7.01261,4.96723],[7.01252,4.96723],[7.01252,4.96732],[7.01234,4.96732],[7.01234,4.96741],[7.01243,4.96741],[7.01243,4.9675],[7.01225,4.9675],[7.01225,4.96759],[7.01216,4.96759],[7.01216,4.96768],[7.01207,4.96768],[7.01207,4.9675],[7.01198,4.9675],[7.01198,4.96759],[7.01162,4.96759],[7.01162,4.96741],[7.01144,4.96741],[7.01144,4.96732],[7.01153,4.96732],[7.01153,4.96723],[7.01162,4.96723],[7.01162,4.96714],[7.0118,4.96714],[7.0118,4.96705],[7.01153,4.96705],[7.01153,4.96714],[7.01144,4.96714],[7.01144,4.96705],[7.01135,4.96705],[7.01135,4.96696],[7.01126,4.96696],[7.01126,4.96705],[7.01117,4.96705],[7.01117,4.96714],[7.01108,4.96714],[7.01108,4.96723],[7.0109,4.96723],[7.0109,4.96732],[7.01099,4.96732],[7.01099,4.9675],[7.01117,4.9675],[7.01117,4.96759],[7.01126,4.96759],[7.01126,4.96768],[7.01117,4.96768],[7.01117,4.96777],[7.01126,4.96777],[7.01126,4.96786],[7.01117,4.96786],[7.01117,4.96777],[7.0109,4.96777],[7.0109,4.96795],[7.01072,4.96795],[7.01072,4.96813],[7.01054,4.96813],[7.01054,4.96822],[7.01045,4.96822],[7.01045,4.9684],[7.01036,4.9684],[7.01036,4.96858],[7.01027,4.96858],[7.01027,4.96849],[7.01,4.96849],[7.01,4.96858],[7.00991,4.96858],[7.00991,4.96876],[7.00982,4.96876],[7.00982,4.96867],[7.00973,4.96867],[7.00973,4.96858],[7.00964,4.96858],[7.00964,4.96876],[7.00955,4.96876],[7.00955,4.96894],[7.00973,4.96894],[7.00973,4.96885],[7.01,4.96885],[7.01,4.96903],[7.00973,4.96903],[7.00973,4.96921],[7.00964,4.96921],[7.00964,4.9693],[7.00955,4.9693],[7.00955,4.96939],[7.00946,4.96939],[7.00946,4.9693],[7.00937,4.9693],[7.00937,4.96939],[7.00928,4.96939],[7.00928,4.9693],[7.00919,4.9693],[7.00919,4.96939],[7.00911,4.96939],[7.00911,4.9693],[7.00893,4.9693],[7.00893,4.96939],[7.00866,4.96939],[7.00866,4.96957],[7.00857,4.96957],[7.00857,4.96966],[7.00848,4.96966],[7.00848,4.96975],[7.0083,4.96975],[7.0083,4.96984],[7.00821,4.96984],[7.00821,4.96993],[7.00812,4.96993],[7.00812,4.97011],[7.00794,4.97011],[7.00794,4.9702],[7.00821,4.9702],[7.00821,4.97038],[7.00803,4.97038],[7.00803,4.97029],[7.00794,4.97029],[7.00794,4.97038],[7.00785,4.97038],[7.00785,4.97047],[7.00776,4.97047],[7.00776,4.97038],[7.00767,4.97038],[7.00767,4.97047],[7.00758,4.97047],[7.00758,4.97038],[7.00749,4.97038],[7.00749,4.97029],[7.00731,4.97029],[7.00731,4.97038],[7.0074,4.97038],[7.0074,4.97056],[7.00749,4.97056],[7.00749,4.97065],[7.00731,4.97065],[7.00731,4.97056],[7.00722,4.97056],[7.00722,4.97047],[7.00731,4.97047],[7.00731,4.97038],[7.00722,4.97038],[7.00722,4.97029],[7.00713,4.97029],[7.00713,4.9702],[7.00722,4.9702],[7.00722,4.97011],[7.00695,4.97011],[7.00695,4.96948],[7.00686,4.96948],[7.00686,4.96939],[7.00668,4.96939],[7.00668,4.96948],[7.0065,4.96948],[7.0065,4.96957],[7.00641,4.96957],[7.00641,4.96948],[7.00623,4.96948],[7.00623,4.96957],[7.00587,4.96957],[7.00587,4.96966],[7.00596,4.96966],[7.00596,4.96975],[7.00578,4.96975],[7.00578,4.96984],[7.00587,4.96984],[7.00587,4.97002],[7.00578,4.97002],[7.00578,4.96984],[7.00569,4.96984],[7.00569,4.96975],[7.0056,4.96975],[7.0056,4.96966],[7.00542,4.96966],[7.00542,4.96975],[7.00533,4.96975],[7.00533,4.96984],[7.00542,4.96984],[7.00542,4.96993],[7.00533,4.96993],[7.00533,4.97002],[7.00524,4.97002],[7.00524,4.96993],[7.00515,4.96993],[7.00515,4.96975],[7.00524,4.96975],[7.00524,4.96966],[7.00542,4.96966],[7.00542,4.96957],[7.00533,4.96957],[7.00533,4.96948],[7.00524,4.96948],[7.00524,4.96939],[7.00497,4.96939],[7.00497,4.96948],[7.0047,4.96948],[7.0047,4.9693],[7.00479,4.9693],[7.00479,4.96921],[7.0047,4.96921],[7.0047,4.96912],[7.00443,4.96912],[7.00443,4.96921],[7.00425,4.96921],[7.00425,4.96948],[7.00407,4.96948],[7.00407,4.96966],[7.00416,4.96966],[7.00416,4.96975],[7.00407,4.96975],[7.00407,4.96993],[7.00416,4.96993],[7.00416,4.96984],[7.00434,4.96984],[7.00434,4.96975],[7.00443,4.96975],[7.00443,4.96993],[7.00425,4.96993],[7.00425,4.97011],[7.00434,4.97011],[7.00434,4.9702],[7.00416,4.9702],[7.00416,4.97029],[7.00407,4.97029],[7.00407,4.97038],[7.00416,4.97038],[7.00416,4.97047],[7.00389,4.97047],[7.00389,4.97056],[7.00398,4.97056],[7.00398,4.97065],[7.00372,4.97065],[7.00372,4.97074],[7.00363,4.97074],[7.00363,4.97083],[7.00372,4.97083],[7.00372,4.97092],[7.00363,4.97092],[7.00363,4.97083],[7.00327,4.97083],[7.00327,4.97101],[7.00336,4.97101],[7.00336,4.9711],[7.00345,4.9711],[7.00345,4.97128],[7.00354,4.97128],[7.00354,4.97119],[7.0038,4.97119],[7.0038,4.9711],[7.00389,4.9711],[7.00389,4.97101],[7.00398,4.97101],[7.00398,4.97092],[7.00407,4.97092],[7.00407,4.97074],[7.00416,4.97074],[7.00416,4.97083],[7.00425,4.97083],[7.00425,4.9711],[7.00434,4.9711],[7.00434,4.97101],[7.00452,4.97101],[7.00452,4.97092],[7.00461,4.97092],[7.00461,4.97083],[7.0047,4.97083],[7.0047,4.97101],[7.00452,4.97101],[7.00452,4.9711],[7.00488,4.9711],[7.00488,4.97119],[7.00479,4.97119],[7.00479,4.97128],[7.00497,4.97128],[7.00497,4.97137],[7.00506,4.97137],[7.00506,4.97146],[7.00497,4.97146],[7.00497,4.97155],[7.00488,4.97155],[7.00488,4.97182],[7.0047,4.97182],[7.0047,4.97173],[7.00452,4.97173],[7.00452,4.97182],[7.00461,4.97182],[7.00461,4.97209],[7.0047,4.97209],[7.0047,4.97218],[7.00479,4.97218],[7.00479,4.97209],[7.00488,4.97209],[7.00488,4.97226],[7.00479,4.97226],[7.00479,4.97235],[7.00488,4.97235],[7.00488,4.97244],[7.00479,4.97244],[7.00479,4.97253],[7.0047,4.97253],[7.0047,4.97262],[7.00488,4.97262],[7.00488,4.97271],[7.00506,4.97271],[7.00506,4.9728],[7.00515,4.9728],[7.00515,4.97289],[7.00524,4.97289],[7.00524,4.97298],[7.00542,4.97298],[7.00542,4.97307],[7.00551,4.97307],[7.00551,4.97316],[7.0056,4.97316],[7.0056,4.97334],[7.00578,4.97334],[7.00578,4.97343],[7.00587,4.97343],[7.00587,4.97352],[7.00605,4.97352],[7.00605,4.97361],[7.00614,4.97361],[7.00614,4.9737],[7.00632,4.9737],[7.00632,4.97379],[7.00641,4.97379],[7.00641,4.9737],[7.0065,4.9737],[7.0065,4.97379],[7.00668,4.97379],[7.00668,4.97388],[7.00677,4.97388],[7.00677,4.97397],[7.00686,4.97397],[7.00686,4.97424],[7.00704,4.97424],[7.00704,4.97433],[7.00713,4.97433],[7.00713,4.9746],[7.00704,4.9746],[7.00704,4.97469],[7.00695,4.97469],[7.00695,4.97478],[7.00713,4.97478],[7.00713,4.97487],[7.00695,4.97487],[7.00695,4.97505],[7.00677,4.97505],[7.00677,4.97541],[7.00668,4.97541],[7.00668,4.9755],[7.00659,4.9755],[7.00659,4.97568],[7.0065,4.97568],[7.0065,4.97586],[7.00632,4.97586],[7.00632,4.97595],[7.00623,4.97595],[7.00623,4.9755],[7.00632,4.9755],[7.00632,4.97532],[7.00623,4.97532],[7.00623,4.97523],[7.00632,4.97523],[7.00632,4.97514],[7.0065,4.97514],[7.0065,4.97487],[7.00641,4.97487],[7.00641,4.97478],[7.00632,4.97478],[7.00632,4.97469],[7.00623,4.97469],[7.00623,4.9746],[7.00614,4.9746],[7.00614,4.97424],[7.00596,4.97424],[7.00596,4.97406],[7.00587,4.97406],[7.00587,4.97415],[7.00578,4.97415],[7.00578,4.97406],[7.00569,4.97406],[7.00569,4.97415],[7.0056,4.97415],[7.0056,4.97397],[7.00533,4.97397],[7.00533,4.97406],[7.00524,4.97406],[7.00524,4.97397],[7.00506,4.97397],[7.00506,4.97379],[7.00479,4.97379],[7.00479,4.9737],[7.0047,4.9737],[7.0047,4.97361],[7.00479,4.97361],[7.00479,4.97352],[7.0047,4.97352],[7.0047,4.97334],[7.00461,4.97334],[7.00461,4.97325],[7.00452,4.97325],[7.00452,4.97316],[7.00461,4.97316],[7.00461,4.97307],[7.0047,4.97307],[7.0047,4.97298],[7.00452,4.97298],[7.00452,4.97289],[7.00461,4.97289],[7.00461,4.9728],[7.00452,4.9728],[7.00452,4.97244],[7.00443,4.97244],[7.00443,4.97253],[7.00434,4.97253],[7.00434,4.97235],[7.00425,4.97235],[7.00425,4.97226],[7.00416,4.97226],[7.00416,4.972],[7.00425,4.972],[7.00425,4.97182],[7.00398,4.97182],[7.00398,4.97218],[7.00407,4.97218],[7.00407,4.97226],[7.0038,4.97226],[7.0038,4.97209],[7.00372,4.97209],[7.00372,4.97218],[7.00363,4.97218],[7.00363,4.97209],[7.00372,4.97209],[7.00372,4.97182],[7.00354,4.97182],[7.00354,4.97173],[7.00318,4.97173],[7.00318,4.97164],[7.00309,4.97164],[7.00309,4.97173],[7.003,4.97173],[7.003,4.97164],[7.00282,4.97164],[7.00282,4.97173],[7.00273,4.97173],[7.00273,4.97191],[7.00255,4.97191],[7.00255,4.97209],[7.00246,4.97209],[7.00246,4.97218],[7.00255,4.97218],[7.00255,4.97226],[7.00246,4.97226],[7.00246,4.97218],[7.00219,4.97218],[7.00219,4.97226],[7.0021,4.97226],[7.0021,4.97235],[7.00192,4.97235],[7.00192,4.97244],[7.0021,4.97244],[7.0021,4.97262],[7.00192,4.97262],[7.00192,4.9728],[7.00201,4.9728],[7.00201,4.97289],[7.00192,4.97289],[7.00192,4.97307],[7.00201,4.97307],[7.00201,4.97325],[7.00228,4.97325],[7.00228,4.97316],[7.00246,4.97316],[7.00246,4.97307],[7.00228,4.97307],[7.00228,4.97298],[7.00219,4.97298],[7.00219,4.97289],[7.00237,4.97289],[7.00237,4.9728],[7.00228,4.9728],[7.00228,4.97271],[7.00219,4.97271],[7.00219,4.97262],[7.00228,4.97262],[7.00228,4.97271],[7.00237,4.97271],[7.00237,4.97262],[7.00255,4.97262],[7.00255,4.97253],[7.00264,4.97253],[7.00264,4.97262],[7.00282,4.97262],[7.00282,4.97253],[7.00291,4.97253],[7.00291,4.97244],[7.00318,4.97244],[7.00318,4.97253],[7.00327,4.97253],[7.00327,4.97271],[7.00336,4.97271],[7.00336,4.97289],[7.00345,4.97289],[7.00345,4.97298],[7.00354,4.97298],[7.00354,4.97307],[7.00363,4.97307],[7.00363,4.97334],[7.00354,4.97334],[7.00354,4.9737],[7.00363,4.9737],[7.00363,4.97379],[7.00354,4.97379],[7.00354,4.97388],[7.00363,4.97388],[7.00363,4.97397],[7.00372,4.97397],[7.00372,4.97433],[7.0038,4.97433],[7.0038,4.97451],[7.00389,4.97451],[7.00389,4.97415],[7.00398,4.97415],[7.00398,4.97424],[7.00407,4.97424],[7.00407,4.97406],[7.00416,4.97406],[7.00416,4.97415],[7.00425,4.97415],[7.00425,4.97424],[7.00434,4.97424],[7.00434,4.97442],[7.00443,4.97442],[7.00443,4.97451],[7.00425,4.97451],[7.00425,4.9746],[7.00407,4.9746],[7.00407,4.97451],[7.00389,4.97451],[7.00389,4.97469],[7.00398,4.97469],[7.00398,4.97478],[7.00389,4.97478],[7.00389,4.97487],[7.00372,4.97487],[7.00372,4.97496],[7.00363,4.97496],[7.00363,4.97505],[7.00345,4.97505],[7.00345,4.97514],[7.00336,4.97514],[7.00336,4.97532],[7.00327,4.97532],[7.00327,4.97541],[7.00336,4.97541],[7.00336,4.9755],[7.00318,4.9755],[7.00318,4.97559],[7.00345,4.97559],[7.00345,4.97568],[7.00336,4.97568],[7.00336,4.97586],[7.00309,4.97586],[7.00309,4.97595],[7.00291,4.97595],[7.00291,4.97586],[7.00282,4.97586],[7.00282,4.97577],[7.00255,4.97577],[7.00255,4.97595],[7.00246,4.97595],[7.00246,4.97631],[7.00237,4.97631],[7.00237,4.97613],[7.00228,4.97613],[7.00228,4.97622],[7.00219,4.97622],[7.00219,4.9764],[7.00201,4.9764],[7.00201,4.97649],[7.0021,4.97649],[7.0021,4.97658],[7.00228,4.97658],[7.00228,4.97649],[7.00237,4.97649],[7.00237,4.97658],[7.00255,4.97658],[7.00255,4.97667],[7.00264,4.97667],[7.00264,4.97658],[7.00282,4.97658],[7.00282,4.97649],[7.00291,4.97649],[7.00291,4.97676],[7.00282,4.97676],[7.00282,4.97685],[7.00291,4.97685],[7.00291,4.97694],[7.00309,4.97694],[7.00309,4.97721],[7.003,4.97721],[7.003,4.9773],[7.00291,4.9773],[7.00291,4.97721],[7.00282,4.97721],[7.00282,4.9773],[7.00273,4.9773],[7.00273,4.97739],[7.00282,4.97739],[7.00282,4.97748],[7.00291,4.97748],[7.00291,4.97756],[7.00255,4.97756],[7.00255,4.97774],[7.00237,4.97774],[7.00237,4.97783],[7.00192,4.97783],[7.00192,4.97774],[7.00183,4.97774],[7.00183,4.97801],[7.00174,4.97801],[7.00174,4.97819],[7.00165,4.97819],[7.00165,4.97828],[7.00147,4.97828],[7.00147,4.97819],[7.0012,4.97819],[7.0012,4.97828],[7.00111,4.97828],[7.00111,4.97837],[7.00102,4.97837],[7.00102,4.97846],[7.00084,4.97846],[7.00084,4.97837],[7.00075,4.97837],[7.00075,4.97828],[7.00066,4.97828],[7.00066,4.97819],[7.00057,4.97819],[7.00057,4.97828],[7.0003,4.97828],[7.0003,4.97819],[7.00003,4.97819],[7.00003,4.97837],[6.99985,4.97837],[6.99985,4.97846],[6.99976,4.97846],[6.99976,4.97828],[6.99967,4.97828],[6.99967,4.97837],[6.99949,4.97837],[6.99949,4.97873],[6.99958,4.97873],[6.99958,4.97864],[6.99985,4.97864],[6.99985,4.97873],[6.99994,4.97873],[6.99994,4.97864],[7.00021,4.97864],[7.00021,4.97873],[7.00003,4.97873],[7.00003,4.97882],[6.99994,4.97882],[6.99994,4.979],[6.99976,4.979],[6.99976,4.97891],[6.99985,4.97891],[6.99985,4.97882],[6.99967,4.97882],[6.99967,4.97891],[6.99958,4.97891],[6.99958,4.979],[6.9994,4.979],[6.9994,4.97873],[6.99922,4.97873],[6.99922,4.97891],[6.99913,4.97891],[6.99913,4.97918],[6.99904,4.97918],[6.99904,4.97909],[6.99895,4.97909],[6.99895,4.97891],[6.99886,4.97891],[6.99886,4.979],[6.99868,4.979],[6.99868,4.97891],[6.99877,4.97891],[6.99877,4.97882],[6.99868,4.97882],[6.99868,4.97864],[6.99877,4.97864],[6.99877,4.97855],[6.99895,4.97855],[6.99895,4.97846],[6.99886,4.97846],[6.99886,4.97837],[6.99868,4.97837],[6.99868,4.97828],[6.99859,4.97828],[6.99859,4.97819],[6.99868,4.97819],[6.99868,4.9781],[6.99842,4.9781],[6.99842,4.97774],[6.99833,4.97774],[6.99833,4.97801],[6.99779,4.97801],[6.99779,4.97819],[6.99788,4.97819],[6.99788,4.97828],[6.99797,4.97828],[6.99797,4.97837],[6.99806,4.97837],[6.99806,4.97846],[6.99797,4.97846],[6.99797,4.97855],[6.99806,4.97855],[6.99806,4.97873],[6.99779,4.97873],[6.99779,4.97882],[6.9977,4.97882],[6.9977,4.97873],[6.99761,4.97873],[6.99761,4.97864],[6.9977,4.97864],[6.9977,4.97855],[6.99761,4.97855],[6.99761,4.97846],[6.99752,4.97846],[6.99752,4.97837],[6.99743,4.97837],[6.99743,4.97828],[6.99734,4.97828],[6.99734,4.9781],[6.99743,4.9781],[6.99743,4.97801],[6.99761,4.97801],[6.99761,4.97792],[6.9977,4.97792],[6.9977,4.97783],[6.99752,4.97783],[6.99752,4.97774],[6.99743,4.97774],[6.99743,4.97783],[6.99725,4.97783],[6.99725,4.97792],[6.99716,4.97792],[6.99716,4.97801],[6.99689,4.97801],[6.99689,4.9781],[6.9968,4.9781],[6.9968,4.97801],[6.99635,4.97801],[6.99635,4.97792],[6.99644,4.97792],[6.99644,4.97756],[6.99635,4.97756],[6.99635,4.97783],[6.99608,4.97783],[6.99608,4.97792],[6.99599,4.97792],[6.99599,4.97801],[6.9959,4.97801],[6.9959,4.97819],[6.99581,4.97819],[6.99581,4.97828],[6.99563,4.97828],[6.99563,4.97837],[6.99545,4.97837],[6.99545,4.97846],[6.99536,4.97846],[6.99536,4.97837],[6.99545,4.97837],[6.99545,4.97828],[6.99527,4.97828],[6.99527,4.97837],[6.99518,4.97837],[6.99518,4.97846],[6.99509,4.97846],[6.99509,4.97837],[6.995,4.97837],[6.995,4.9781],[6.99482,4.9781],[6.99482,4.97801],[6.995,4.97801],[6.995,4.9781],[6.99509,4.9781],[6.99509,4.97801],[6.99545,4.97801],[6.99545,4.97783],[6.99536,4.97783],[6.99536,4.97765],[6.99518,4.97765],[6.99518,4.97774],[6.99509,4.97774],[6.99509,4.97765],[6.995,4.97765],[6.995,4.97774],[6.99491,4.97774],[6.99491,4.97765],[6.995,4.97765],[6.995,4.97756],[6.99518,4.97756],[6.99518,4.97739],[6.99527,4.97739],[6.99527,4.97748],[6.99545,4.97748],[6.99545,4.97739],[6.99536,4.97739],[6.99536,4.9773],[6.99554,4.9773],[6.99554,4.97721],[6.99545,4.97721],[6.99545,4.97712],[6.99536,4.97712],[6.99536,4.97721],[6.99527,4.97721],[6.99527,4.97712],[6.99518,4.97712],[6.99518,4.97703],[6.99509,4.97703],[6.99509,4.97721],[6.99518,4.97721],[6.99518,4.9773],[6.995,4.9773],[6.995,4.97739],[6.99491,4.97739],[6.99491,4.9773],[6.99482,4.9773],[6.99482,4.97739],[6.99473,4.97739],[6.99473,4.97748],[6.99464,4.97748],[6.99464,4.97721],[6.99419,4.97721],[6.99419,4.97712],[6.99401,4.97712],[6.99401,4.97703],[6.99383,4.97703],[6.99383,4.97694],[6.99392,4.97694],[6.99392,4.97685],[6.99365,4.97685],[6.99365,4.97694],[6.99356,4.97694],[6.99356,4.97712],[6.99347,4.97712],[6.99347,4.97721],[6.99338,4.97721],[6.99338,4.97739],[6.99329,4.97739],[6.99329,4.97765],[6.99338,4.97765],[6.99338,4.97801],[6.9932,4.97801],[6.9932,4.97819],[6.99303,4.97819],[6.99303,4.9781],[6.99294,4.9781],[6.99294,4.97837],[6.99311,4.97837],[6.99311,4.97828],[6.99329,4.97828],[6.99329,4.97819],[6.99338,4.97819],[6.99338,4.97828],[6.99347,4.97828],[6.99347,4.97846],[6.99356,4.97846],[6.99356,4.97828],[6.99383,4.97828],[6.99383,4.97819],[6.99392,4.97819],[6.99392,4.9781],[6.99437,4.9781],[6.99437,4.97819],[6.99455,4.97819],[6.99455,4.97828],[6.99464,4.97828],[6.99464,4.9781],[6.99473,4.9781],[6.99473,4.97828],[6.99464,4.97828],[6.99464,4.97837],[6.99455,4.97837],[6.99455,4.97846],[6.99473,4.97846],[6.99473,4.97855],[6.99491,4.97855],[6.99491,4.97846],[6.995,4.97846],[6.995,4.97882],[6.99482,4.97882],[6.99482,4.97873],[6.99464,4.97873],[6.99464,4.97882],[6.99455,4.97882],[6.99455,4.979],[6.99437,4.979],[6.99437,4.97909],[6.99428,4.97909],[6.99428,4.97918],[6.9941,4.97918],[6.9941,4.97936],[6.99401,4.97936],[6.99401,4.97963],[6.99392,4.97963],[6.99392,4.97972],[6.99383,4.97972],[6.99383,4.97999],[6.99365,4.97999],[6.99365,4.97972],[6.99338,4.97972],[6.99338,4.97963],[6.99329,4.97963],[6.99329,4.97954],[6.99338,4.97954],[6.99338,4.97945],[6.99347,4.97945],[6.99347,4.97936],[6.99365,4.97936],[6.99365,4.97927],[6.99356,4.97927],[6.99356,4.97918],[6.99347,4.97918],[6.99347,4.97927],[6.99311,4.97927],[6.99311,4.979],[6.99294,4.979],[6.99294,4.97918],[6.99285,4.97918],[6.99285,4.97936],[6.99276,4.97936],[6.99276,4.97972],[6.99285,4.97972],[6.99285,4.97981],[6.99294,4.97981],[6.99294,4.9799],[6.99311,4.9799],[6.99311,4.98008],[6.99303,4.98008],[6.99303,4.97999],[6.99294,4.97999],[6.99294,4.98044],[6.99285,4.98044],[6.99285,4.98026],[6.99267,4.98026],[6.99267,4.98035],[6.99258,4.98035],[6.99258,4.98044],[6.99267,4.98044],[6.99267,4.98062],[6.99258,4.98062],[6.99258,4.98053],[6.99249,4.98053],[6.99249,4.98062],[6.99231,4.98062],[6.99231,4.98071],[6.9924,4.98071],[6.9924,4.9808],[6.99231,4.9808],[6.99231,4.98089],[6.9924,4.98089],[6.9924,4.98107],[6.99249,4.98107],[6.99249,4.98125],[6.9924,4.98125],[6.9924,4.98116],[6.99231,4.98116],[6.99231,4.98134],[6.9924,4.98134],[6.9924,4.98152],[6.99249,4.98152],[6.99249,4.98161],[6.99258,4.98161],[6.99258,4.98152],[6.99276,4.98152],[6.99276,4.98143],[6.99285,4.98143],[6.99285,4.98134],[6.99294,4.98134],[6.99294,4.98125],[6.99311,4.98125],[6.99311,4.98116],[6.9932,4.98116],[6.9932,4.98098],[6.99329,4.98098],[6.99329,4.98107],[6.99338,4.98107],[6.99338,4.98098],[6.99347,4.98098],[6.99347,4.98116],[6.99365,4.98116],[6.99365,4.98134],[6.99356,4.98134],[6.99356,4.98125],[6.99347,4.98125],[6.99347,4.98134],[6.99338,4.98134],[6.99338,4.98143],[6.99329,4.98143],[6.99329,4.98134],[6.99311,4.98134],[6.99311,4.98143],[6.99303,4.98143],[6.99303,4.98152],[6.99276,4.98152],[6.99276,4.98161],[6.99258,4.98161],[6.99258,4.98188],[6.99249,4.98188],[6.99249,4.98197],[6.99222,4.98197],[6.99222,4.98188],[6.99213,4.98188],[6.99213,4.98179],[6.99222,4.98179],[6.99222,4.9817],[6.99204,4.9817],[6.99204,4.98179],[6.99168,4.98179],[6.99168,4.98197],[6.99159,4.98197],[6.99159,4.98206],[6.9915,4.98206],[6.9915,4.98215],[6.99141,4.98215],[6.99141,4.98233],[6.9915,4.98233],[6.9915,4.98269],[6.99168,4.98269],[6.99168,4.9826],[6.99177,4.9826],[6.99177,4.98269],[6.99186,4.98269],[6.99186,4.98278],[6.99177,4.98278],[6.99177,4.98295],[6.99168,4.98295],[6.99168,4.98287],[6.9915,4.98287],[6.9915,4.98295],[6.99132,4.98295],[6.99132,4.98304],[6.99114,4.98304],[6.99114,4.98295],[6.99105,4.98295],[6.99105,4.98304],[6.99096,4.98304],[6.99096,4.98313],[6.99087,4.98313],[6.99087,4.98295],[6.99078,4.98295],[6.99078,4.98304],[6.99069,4.98304],[6.99069,4.98295],[6.9906,4.98295],[6.9906,4.98278],[6.99051,4.98278],[6.99051,4.98269],[6.9906,4.98269],[6.9906,4.98251],[6.99069,4.98251],[6.99069,4.98242],[6.9906,4.98242],[6.9906,4.98224],[6.99051,4.98224],[6.99051,4.98215],[6.9906,4.98215],[6.9906,4.98206],[6.99042,4.98206],[6.99042,4.98188],[6.98997,4.98188],[6.98997,4.9817],[6.98988,4.9817],[6.98988,4.98179],[6.98979,4.98179],[6.98979,4.98161],[6.98988,4.98161],[6.98988,4.98152],[6.98979,4.98152],[6.98979,4.98143],[6.98988,4.98143],[6.98988,4.98152],[6.98997,4.98152],[6.98997,4.98161],[6.99024,4.98161],[6.99024,4.98143],[6.99015,4.98143],[6.99015,4.98134],[6.99024,4.98134],[6.99024,4.98125],[6.99015,4.98125],[6.99015,4.98116],[6.99033,4.98116],[6.99033,4.98089],[6.99024,4.98089],[6.99024,4.98098],[6.99015,4.98098],[6.99015,4.98107],[6.99006,4.98107],[6.99006,4.98098],[6.98997,4.98098],[6.98997,4.98107],[6.98988,4.98107],[6.98988,4.98098],[6.9897,4.98098],[6.9897,4.98089],[6.98979,4.98089],[6.98979,4.9808],[6.98961,4.9808],[6.98961,4.98071],[6.98952,4.98071],[6.98952,4.98062],[6.98943,4.98062],[6.98943,4.9808],[6.98934,4.9808],[6.98934,4.98062],[6.98943,4.98062],[6.98943,4.98053],[6.98925,4.98053],[6.98925,4.98035],[6.98943,4.98035],[6.98943,4.98008],[6.98925,4.98008],[6.98925,4.98026],[6.98907,4.98026],[6.98907,4.98035],[6.98898,4.98035],[6.98898,4.98026],[6.9888,4.98026],[6.9888,4.98008],[6.98871,4.98008],[6.98871,4.98017],[6.98853,4.98017],[6.98853,4.98008],[6.98844,4.98008],[6.98844,4.98017],[6.98835,4.98017],[6.98835,4.98008],[6.98808,4.98008],[6.98808,4.98017],[6.98799,4.98017],[6.98799,4.97999],[6.98781,4.97999],[6.98781,4.98008],[6.98773,4.98008],[6.98773,4.98017],[6.98764,4.98017],[6.98764,4.98008],[6.98746,4.98008],[6.98746,4.97999],[6.98737,4.97999],[6.98737,4.9799],[6.98746,4.9799],[6.98746,4.97981],[6.98737,4.97981],[6.98737,4.97945],[6.98728,4.97945],[6.98728,4.97936],[6.98773,4.97936],[6.98773,4.97927],[6.98781,4.97927],[6.98781,4.97918],[6.9879,4.97918],[6.9879,4.97936],[6.98781,4.97936],[6.98781,4.97945],[6.98773,4.97945],[6.98773,4.97963],[6.98781,4.97963],[6.98781,4.97954],[6.9879,4.97954],[6.9879,4.97945],[6.98799,4.97945],[6.98799,4.97954],[6.98808,4.97954],[6.98808,4.97945],[6.98817,4.97945],[6.98817,4.97954],[6.98826,4.97954],[6.98826,4.97936],[6.98817,4.97936],[6.98817,4.97927],[6.98835,4.97927],[6.98835,4.97909],[6.98817,4.97909],[6.98817,4.979],[6.98835,4.979],[6.98835,4.97909],[6.98853,4.97909],[6.98853,4.97927],[6.98844,4.97927],[6.98844,4.97936],[6.98835,4.97936],[6.98835,4.97945],[6.98844,4.97945],[6.98844,4.97954],[6.98862,4.97954],[6.98862,4.97963],[6.98871,4.97963],[6.98871,4.97972],[6.9888,4.97972],[6.9888,4.97963],[6.98898,4.97963],[6.98898,4.97954],[6.98871,4.97954],[6.98871,4.97945],[6.9888,4.97945],[6.9888,4.97918],[6.98889,4.97918],[6.98889,4.97927],[6.98898,4.97927],[6.98898,4.97918],[6.98916,4.97918],[6.98916,4.979],[6.98943,4.979],[6.98943,4.97882],[6.98925,4.97882],[6.98925,4.97891],[6.98907,4.97891],[6.98907,4.97882],[6.98916,4.97882],[6.98916,4.97864],[6.98925,4.97864],[6.98925,4.97873],[6.98934,4.97873],[6.98934,4.97864],[6.98952,4.97864],[6.98952,4.97873],[6.98961,4.97873],[6.98961,4.97882],[6.98979,4.97882],[6.98979,4.979],[6.98988,4.979],[6.98988,4.97873],[6.99006,4.97873],[6.99006,4.97864],[6.99024,4.97864],[6.99024,4.97873],[6.99015,4.97873],[6.99015,4.97882],[6.99006,4.97882],[6.99006,4.979],[6.99024,4.979],[6.99024,4.97909],[6.99033,4.97909],[6.99033,4.97918],[6.99042,4.97918],[6.99042,4.97927],[6.99051,4.97927],[6.99051,4.97936],[6.9906,4.97936],[6.9906,4.97909],[6.99078,4.97909],[6.99078,4.97891],[6.99087,4.97891],[6.99087,4.97855],[6.99078,4.97855],[6.99078,4.97837],[6.99087,4.97837],[6.99087,4.97828],[6.99078,4.97828],[6.99078,4.97819],[6.99069,4.97819],[6.99069,4.9781],[6.99078,4.9781],[6.99078,4.97819],[6.99087,4.97819],[6.99087,4.97801],[6.99105,4.97801],[6.99105,4.97792],[6.99114,4.97792],[6.99114,4.97765],[6.99132,4.97765],[6.99132,4.97756],[6.99123,4.97756],[6.99123,4.9773],[6.99114,4.9773],[6.99114,4.97712],[6.99132,4.97712],[6.99132,4.97703],[6.99123,4.97703],[6.99123,4.97676],[6.99105,4.97676],[6.99105,4.97667],[6.99096,4.97667],[6.99096,4.97658],[6.99078,4.97658],[6.99078,4.97613],[6.99069,4.97613],[6.99069,4.97577],[6.99078,4.97577],[6.99078,4.97541],[6.99087,4.97541],[6.99087,4.97532],[6.99078,4.97532],[6.99078,4.97523],[6.99087,4.97523],[6.99087,4.97532],[6.99105,4.97532],[6.99105,4.97523],[6.99123,4.97523],[6.99123,4.97514],[6.99132,4.97514],[6.99132,4.97523],[6.99141,4.97523],[6.99141,4.97532],[6.9915,4.97532],[6.9915,4.97541],[6.99186,4.97541],[6.99186,4.9755],[6.99213,4.9755],[6.99213,4.97559],[6.9924,4.97559],[6.9924,4.9755],[6.99276,4.9755],[6.99276,4.97541],[6.99338,4.97541],[6.99338,4.97523],[6.99347,4.97523],[6.99347,4.97532],[6.99356,4.97532],[6.99356,4.97541],[6.99365,4.97541],[6.99365,4.97532],[6.99383,4.97532],[6.99383,4.97523],[6.99392,4.97523],[6.99392,4.97532],[6.99419,4.97532],[6.99419,4.97523],[6.9941,4.97523],[6.9941,4.97514],[6.99419,4.97514],[6.99419,4.97505],[6.99428,4.97505],[6.99428,4.97514],[6.99437,4.97514],[6.99437,4.97523],[6.99446,4.97523],[6.99446,4.97505],[6.99482,4.97505],[6.99482,4.97514],[6.99491,4.97514],[6.99491,4.97505],[6.99509,4.97505],[6.99509,4.97469],[6.995,4.97469],[6.995,4.9746],[6.99491,4.9746],[6.99491,4.97442],[6.995,4.97442],[6.995,4.97433],[6.99491,4.97433],[6.99491,4.97424],[6.99536,4.97424],[6.99536,4.97415],[6.99563,4.97415],[6.99563,4.97379],[6.99554,4.97379],[6.99554,4.9737],[6.99545,4.9737],[6.99545,4.97388],[6.99554,4.97388],[6.99554,4.97397],[6.99527,4.97397],[6.99527,4.97388],[6.99518,4.97388],[6.99518,4.97406],[6.99509,4.97406],[6.99509,4.97415],[6.995,4.97415],[6.995,4.97361],[6.99473,4.97361],[6.99473,4.9737],[6.99455,4.9737],[6.99455,4.97361],[6.99464,4.97361],[6.99464,4.97352],[6.99455,4.97352],[6.99455,4.97343],[6.99446,4.97343],[6.99446,4.97352],[6.9941,4.97352],[6.9941,4.97334],[6.99419,4.97334],[6.99419,4.97325],[6.9941,4.97325],[6.9941,4.97316],[6.99401,4.97316],[6.99401,4.97298],[6.9941,4.97298],[6.9941,4.9728],[6.99392,4.9728],[6.99392,4.97271],[6.99374,4.97271],[6.99374,4.9728],[6.99383,4.9728],[6.99383,4.97289],[6.99392,4.97289],[6.99392,4.97316],[6.99383,4.97316],[6.99383,4.97334],[6.99374,4.97334],[6.99374,4.97325],[6.99356,4.97325],[6.99356,4.97316],[6.99365,4.97316],[6.99365,4.97298],[6.99356,4.97298],[6.99356,4.97307],[6.99347,4.97307],[6.99347,4.97298],[6.99338,4.97298],[6.99338,4.97289],[6.99329,4.97289],[6.99329,4.97307],[6.99311,4.97307],[6.99311,4.97316],[6.99303,4.97316],[6.99303,4.97307],[6.99311,4.97307],[6.99311,4.97289],[6.9932,4.97289],[6.9932,4.9728],[6.99311,4.9728],[6.99311,4.97271],[6.99329,4.97271],[6.99329,4.97262],[6.9932,4.97262],[6.9932,4.97253],[6.99311,4.97253],[6.99311,4.97244],[6.99303,4.97244],[6.99303,4.97235],[6.99294,4.97235],[6.99294,4.97226],[6.99285,4.97226],[6.99285,4.97235],[6.99276,4.97235],[6.99276,4.97218],[6.99267,4.97218],[6.99267,4.97209],[6.99276,4.97209],[6.99276,4.972],[6.99258,4.972],[6.99258,4.97191],[6.99267,4.97191],[6.99267,4.97182],[6.99258,4.97182],[6.99258,4.97164],[6.99267,4.97164],[6.99267,4.97155],[6.99276,4.97155],[6.99276,4.97164],[6.99285,4.97164],[6.99285,4.97137],[6.99329,4.97137],[6.99329,4.97119],[6.99267,4.97119],[6.99267,4.97101],[6.99294,4.97101],[6.99294,4.97083],[6.99276,4.97083],[6.99276,4.97074],[6.99285,4.97074],[6.99285,4.97065],[6.99303,4.97065],[6.99303,4.97047],[6.99311,4.97047],[6.99311,4.97065],[6.9932,4.97065],[6.9932,4.97074],[6.99311,4.97074],[6.99311,4.97092],[6.9932,4.97092],[6.9932,4.97083],[6.99329,4.97083],[6.99329,4.97074],[6.99338,4.97074],[6.99338,4.97056],[6.99347,4.97056],[6.99347,4.97047],[6.99356,4.97047],[6.99356,4.97029],[6.99365,4.97029],[6.99365,4.9702],[6.99374,4.9702],[6.99374,4.97029],[6.99401,4.97029],[6.99401,4.97047],[6.99392,4.97047],[6.99392,4.97056],[6.99401,4.97056],[6.99401,4.97074],[6.9941,4.97074],[6.9941,4.97083],[6.99428,4.97083],[6.99428,4.97074],[6.99437,4.97074],[6.99437,4.97065],[6.99455,4.97065],[6.99455,4.97074],[6.99446,4.97074],[6.99446,4.97083],[6.99455,4.97083],[6.99455,4.97092],[6.99464,4.97092],[6.99464,4.97083],[6.99473,4.97083],[6.99473,4.97074],[6.99482,4.97074],[6.99482,4.97083],[6.99491,4.97083],[6.99491,4.97092],[6.995,4.97092],[6.995,4.9711],[6.99464,4.9711],[6.99464,4.97119],[6.995,4.97119],[6.995,4.97128],[6.99518,4.97128],[6.99518,4.97119],[6.99545,4.97119],[6.99545,4.9711],[6.99536,4.9711],[6.99536,4.97101],[6.99527,4.97101],[6.99527,4.97092],[6.99536,4.97092],[6.99536,4.97083],[6.99545,4.97083],[6.99545,4.97092],[6.99563,4.97092],[6.99563,4.9711],[6.9959,4.9711],[6.9959,4.97119],[6.99599,4.97119],[6.99599,4.97137],[6.99617,4.97137],[6.99617,4.97146],[6.99608,4.97146],[6.99608,4.97164],[6.9959,4.97164],[6.9959,4.97182],[6.99599,4.97182],[6.99599,4.972],[6.99608,4.972],[6.99608,4.97209],[6.99617,4.97209],[6.99617,4.97218],[6.99608,4.97218],[6.99608,4.97253],[6.99617,4.97253],[6.99617,4.97226],[6.99626,4.97226],[6.99626,4.97244],[6.99635,4.97244],[6.99635,4.97253],[6.99644,4.97253],[6.99644,4.97262],[6.99653,4.97262],[6.99653,4.97244],[6.99644,4.97244],[6.99644,4.97235],[6.99653,4.97235],[6.99653,4.97226],[6.99662,4.97226],[6.99662,4.97235],[6.9968,4.97235],[6.9968,4.97226],[6.99689,4.97226],[6.99689,4.97218],[6.99698,4.97218],[6.99698,4.97209],[6.9968,4.97209],[6.9968,4.972],[6.99698,4.972],[6.99698,4.97191],[6.99725,4.97191],[6.99725,4.97182],[6.99707,4.97182],[6.99707,4.97173],[6.99716,4.97173],[6.99716,4.97146],[6.99707,4.97146],[6.99707,4.97137],[6.99716,4.97137],[6.99716,4.97146],[6.99725,4.97146],[6.99725,4.97155],[6.99743,4.97155],[6.99743,4.97164],[6.99734,4.97164],[6.99734,4.97173],[6.99779,4.97173],[6.99779,4.97164],[6.9977,4.97164],[6.9977,4.97155],[6.99788,4.97155],[6.99788,4.97119],[6.99797,4.97119],[6.99797,4.9711],[6.99788,4.9711],[6.99788,4.97083],[6.99797,4.97083],[6.99797,4.97074],[6.99788,4.97074],[6.99788,4.97065],[6.99779,4.97065],[6.99779,4.97056],[6.99752,4.97056],[6.99752,4.97047],[6.99743,4.97047],[6.99743,4.97038],[6.99734,4.97038],[6.99734,4.97056],[6.99743,4.97056],[6.99743,4.97074],[6.99725,4.97074],[6.99725,4.97065],[6.99707,4.97065],[6.99707,4.97047],[6.99689,4.97047],[6.99689,4.97056],[6.99671,4.97056],[6.99671,4.97065],[6.99653,4.97065],[6.99653,4.97074],[6.99644,4.97074],[6.99644,4.97083],[6.99635,4.97083],[6.99635,4.97092],[6.99617,4.97092],[6.99617,4.97101],[6.99608,4.97101],[6.99608,4.97092],[6.99617,4.97092],[6.99617,4.97083],[6.99599,4.97083],[6.99599,4.97065],[6.99608,4.97065],[6.99608,4.97056],[6.99599,4.97056],[6.99599,4.97047],[6.9959,4.97047],[6.9959,4.97038],[6.99563,4.97038],[6.99563,4.97002],[6.99554,4.97002],[6.99554,4.9702],[6.99545,4.9702],[6.99545,4.97029],[6.99509,4.97029],[6.99509,4.97011],[6.995,4.97011],[6.995,4.97002],[6.99482,4.97002],[6.99482,4.96984],[6.99491,4.96984],[6.99491,4.96948],[6.99482,4.96948],[6.99482,4.96939],[6.99473,4.96939],[6.99473,4.9693],[6.99464,4.9693],[6.99464,4.96921],[6.99482,4.96921],[6.99482,4.96885],[6.995,4.96885],[6.995,4.96876],[6.99509,4.96876],[6.99509,4.96867],[6.99518,4.96867],[6.99518,4.96858],[6.99563,4.96858],[6.99563,4.96867],[6.9959,4.96867],[6.9959,4.96858],[6.99608,4.96858],[6.99608,4.96867],[6.99617,4.96867],[6.99617,4.96885],[6.99599,4.96885],[6.99599,4.96894],[6.99608,4.96894],[6.99608,4.96903],[6.99617,4.96903],[6.99617,4.96912],[6.99599,4.96912],[6.99599,4.96921],[6.99608,4.96921],[6.99608,4.9693],[6.99617,4.9693],[6.99617,4.96939],[6.99626,4.96939],[6.99626,4.96966],[6.99644,4.96966],[6.99644,4.96975],[6.99653,4.96975],[6.99653,4.96984],[6.99644,4.96984],[6.99644,4.96993],[6.99689,4.96993],[6.99689,4.96984],[6.99698,4.96984],[6.99698,4.96975],[6.99689,4.96975],[6.99689,4.96966],[6.9968,4.96966],[6.9968,4.96957],[6.99689,4.96957],[6.99689,4.96939],[6.99698,4.96939],[6.99698,4.9693],[6.9968,4.9693],[6.9968,4.96912],[6.99707,4.96912],[6.99707,4.96903],[6.99698,4.96903],[6.99698,4.96885],[6.99716,4.96885],[6.99716,4.96876],[6.99734,4.96876],[6.99734,4.96885],[6.99743,4.96885],[6.99743,4.96858]],[[6.99815,4.9773],[6.99806,4.9773],[6.99806,4.97721],[6.99815,4.97721],[6.99815,4.9773]],[[6.99815,4.97756],[6.99806,4.97756],[6.99806,4.97748],[6.99815,4.97748],[6.99815,4.97756]],[[7.00003,4.97721],[6.99994,4.97721],[6.99994,4.97712],[7.00003,4.97712],[7.00003,4.97721]],[[7.00003,4.97748],[6.99994,4.97748],[6.99994,4.97739],[7.00003,4.97739],[7.00003,4.97748]],[[6.9985,4.97774],[6.99842,4.97774],[6.99842,4.97765],[6.9985,4.97765],[6.9985,4.97774]],[[6.99904,4.97388],[6.99895,4.97388],[6.99895,4.97379],[6.99904,4.97379],[6.99904,4.97388]],[[6.99877,4.97397],[6.99868,4.97397],[6.99868,4.97388],[6.99877,4.97388],[6.99877,4.97397]],[[7.00389,4.96355],[7.0038,4.96355],[7.0038,4.96337],[7.00389,4.96337],[7.00389,4.96355]],[[7.00372,4.96364],[7.00363,4.96364],[7.00363,4.96355],[7.00354,4.96355],[7.00354,4.96346],[7.00372,4.96346],[7.00372,4.96364]],[[7.0038,4.96373],[7.00372,4.96373],[7.00372,4.96364],[7.0038,4.96364],[7.0038,4.96373]],[[7.00398,4.96373],[7.00389,4.96373],[7.00389,4.96364],[7.00398,4.96364],[7.00398,4.96373]],[[7.00398,4.964],[7.00389,4.964],[7.00389,4.96391],[7.0038,4.96391],[7.0038,4.96382],[7.00398,4.96382],[7.00398,4.964]],[[7.00255,4.96409],[7.00246,4.96409],[7.00246,4.964],[7.00255,4.964],[7.00255,4.96409]],[[7.00309,4.96472],[7.003,4.96472],[7.003,4.96463],[7.00309,4.96463],[7.00309,4.96472]],[[7.0047,4.96481],[7.00461,4.96481],[7.00461,4.96472],[7.0047,4.96472],[7.0047,4.96481]],[[7.00363,4.96508],[7.00345,4.96508],[7.00345,4.96499],[7.00363,4.96499],[7.00363,4.96508]],[[7.00524,4.96508],[7.00506,4.96508],[7.00506,4.96499],[7.00524,4.96499],[7.00524,4.96508]],[[7.00389,4.9658],[7.00372,4.9658],[7.00372,4.96571],[7.00363,4.96571],[7.00363,4.96562],[7.00336,4.96562],[7.00336,4.96553],[7.00354,4.96553],[7.00354,4.96544],[7.00345,4.96544],[7.00345,4.96535],[7.0038,4.96535],[7.0038,4.96553],[7.00389,4.96553],[7.00389,4.9658]],[[7.00452,4.96598],[7.00434,4.96598],[7.00434,4.96589],[7.00443,4.96589],[7.00443,4.9658],[7.00452,4.9658],[7.00452,4.96598]],[[7.00291,4.96616],[7.00282,4.96616],[7.00282,4.96607],[7.00291,4.96607],[7.00291,4.96616]],[[7.00309,4.96616],[7.003,4.96616],[7.003,4.96598],[7.00309,4.96598],[7.00309,4.96616]],[[7.00327,4.96616],[7.00318,4.96616],[7.00318,4.96607],[7.00327,4.96607],[7.00327,4.96616]],[[7.00219,4.96634],[7.0021,4.96634],[7.0021,4.96625],[7.00219,4.96625],[7.00219,4.96634]],[[7.0021,4.96643],[7.00201,4.96643],[7.00201,4.96634],[7.0021,4.96634],[7.0021,4.96643]],[[7.00237,4.96652],[7.00228,4.96652],[7.00228,4.96625],[7.00246,4.96625],[7.00246,4.96634],[7.00237,4.96634],[7.00237,4.96652]],[[7.00255,4.96652],[7.00246,4.96652],[7.00246,4.96643],[7.00255,4.96643],[7.00255,4.96652]],[[7.00327,4.96652],[7.00318,4.96652],[7.00318,4.96643],[7.00327,4.96643],[7.00327,4.96652]],[[7.00389,4.96679],[7.0038,4.96679],[7.0038,4.9667],[7.00389,4.9667],[7.00389,4.96679]],[[7.00147,4.96696],[7.0012,4.96696],[7.0012,4.96688],[7.00147,4.96688],[7.00147,4.96696]],[[7.00264,4.96696],[7.00255,4.96696],[7.00255,4.96688],[7.00246,4.96688],[7.00246,4.96679],[7.00255,4.96679],[7.00255,4.9667],[7.00264,4.9667],[7.00264,4.96696]],[[7.00237,4.96705],[7.00228,4.96705],[7.00228,4.96696],[7.00237,4.96696],[7.00237,4.96705]],[[7.00201,4.96723],[7.00192,4.96723],[7.00192,4.96714],[7.00183,4.96714],[7.00183,4.96723],[7.00165,4.96723],[7.00165,4.96714],[7.00174,4.96714],[7.00174,4.96705],[7.00147,4.96705],[7.00147,4.96696],[7.00156,4.96696],[7.00156,4.9667],[7.00138,4.9667],[7.00138,4.96661],[7.00156,4.96661],[7.00156,4.96652],[7.00183,4.96652],[7.00183,4.96643],[7.00201,4.96643],[7.00201,4.96652],[7.00228,4.96652],[7.00228,4.96679],[7.00219,4.96679],[7.00219,4.96688],[7.0021,4.96688],[7.0021,4.96696],[7.00219,4.96696],[7.00219,4.96705],[7.00228,4.96705],[7.00228,4.96714],[7.00201,4.96714],[7.00201,4.96723]],[[7.00327,4.96732],[7.00318,4.96732],[7.00318,4.96723],[7.00327,4.96723],[7.00327,4.96732]],[[7.00255,4.96741],[7.00246,4.96741],[7.00246,4.96732],[7.00255,4.96732],[7.00255,4.96741]],[[7.00309,4.96741],[7.003,4.96741],[7.003,4.96732],[7.00309,4.96732],[7.00309,4.96741]],[[7.00228,4.9675],[7.0021,4.9675],[7.0021,4.96723],[7.00228,4.96723],[7.00228,4.9675]],[[7.00273,4.96759],[7.00246,4.96759],[7.00246,4.9675],[7.00255,4.9675],[7.00255,4.96741],[7.00273,4.96741],[7.00273,4.96759]],[[7.00228,4.96768],[7.00219,4.96768],[7.00219,4.96759],[7.00228,4.96759],[7.00228,4.96768]],[[7.00318,4.96777],[7.00309,4.96777],[7.00309,4.96759],[7.00318,4.96759],[7.00318,4.96777]],[[7.00291,4.96804],[7.00273,4.96804],[7.00273,4.96795],[7.00264,4.96795],[7.00264,4.96786],[7.00273,4.96786],[7.00273,4.96768],[7.00282,4.96768],[7.00282,4.96777],[7.00291,4.96777],[7.00291,4.96804]],[[7.0021,4.96831],[7.00201,4.96831],[7.00201,4.96822],[7.0021,4.96822],[7.0021,4.96831]],[[7.00237,4.96903],[7.00228,4.96903],[7.00228,4.96894],[7.0021,4.96894],[7.0021,4.96876],[7.00237,4.96876],[7.00237,4.96903]],[[7.00291,4.96903],[7.00282,4.96903],[7.00282,4.96894],[7.00291,4.96894],[7.00291,4.96903]],[[7.00677,4.96804],[7.00668,4.96804],[7.00668,4.96786],[7.00677,4.96786],[7.00677,4.96804]],[[7.0109,4.96598],[7.01081,4.96598],[7.01081,4.96589],[7.0109,4.96589],[7.0109,4.96598]],[[7.01189,4.96652],[7.0118,4.96652],[7.0118,4.96643],[7.01189,4.96643],[7.01189,4.96652]],[[7.01252,4.96652],[7.01243,4.96652],[7.01243,4.96643],[7.01234,4.96643],[7.01234,4.96625],[7.01252,4.96625],[7.01252,4.96652]],[[7.01288,4.96652],[7.01279,4.96652],[7.01279,4.96643],[7.01288,4.96643],[7.01288,4.96652]],[[7.01045,4.9667],[7.01036,4.9667],[7.01036,4.96661],[7.01045,4.96661],[7.01045,4.9667]],[[7.01027,4.96679],[7.01018,4.96679],[7.01018,4.9667],[7.01027,4.9667],[7.01027,4.96679]],[[7.01315,4.96679],[7.01306,4.96679],[7.01306,4.9667],[7.01315,4.9667],[7.01315,4.96679]],[[7.01072,4.96688],[7.01063,4.96688],[7.01063,4.96679],[7.01072,4.96679],[7.01072,4.96688]],[[7.01306,4.96688],[7.01297,4.96688],[7.01297,4.96679],[7.01306,4.96679],[7.01306,4.96688]],[[7.01261,4.96705],[7.01252,4.96705],[7.01252,4.96696],[7.01261,4.96696],[7.01261,4.96705]],[[7.01279,4.96705],[7.0127,4.96705],[7.0127,4.96696],[7.01279,4.96696],[7.01279,4.96705]],[[7.00857,4.96714],[7.00848,4.96714],[7.00848,4.96705],[7.00857,4.96705],[7.00857,4.96714]],[[7.01072,4.96714],[7.01063,4.96714],[7.01063,4.96705],[7.01072,4.96705],[7.01072,4.96714]],[[7.00884,4.96732],[7.00875,4.96732],[7.00875,4.96723],[7.00884,4.96723],[7.00884,4.96732]],[[7.00973,4.96732],[7.00955,4.96732],[7.00955,4.96723],[7.00946,4.96723],[7.00946,4.96714],[7.00937,4.96714],[7.00937,4.96705],[7.00955,4.96705],[7.00955,4.96714],[7.00982,4.96714],[7.00982,4.96723],[7.00973,4.96723],[7.00973,4.96732]],[[7.0109,4.96741],[7.01072,4.96741],[7.01072,4.96723],[7.01081,4.96723],[7.01081,4.96732],[7.0109,4.96732],[7.0109,4.96741]],[[7.00812,4.9675],[7.00803,4.9675],[7.00803,4.96741],[7.00812,4.96741],[7.00812,4.9675]],[[7.00839,4.96759],[7.00821,4.96759],[7.00821,4.9675],[7.0083,4.9675],[7.0083,4.96741],[7.00839,4.96741],[7.00839,4.96759]],[[7.00937,4.96759],[7.00928,4.96759],[7.00928,4.96741],[7.00937,4.96741],[7.00937,4.96759]],[[7.00812,4.96786],[7.00803,4.96786],[7.00803,4.96768],[7.00812,4.96768],[7.00812,4.96759],[7.00821,4.96759],[7.00821,4.96777],[7.00812,4.96777],[7.00812,4.96786]],[[7.01045,4.96786],[7.01036,4.96786],[7.01036,4.96777],[7.01045,4.96777],[7.01045,4.96786]],[[7.00902,4.96804],[7.00893,4.96804],[7.00893,4.96795],[7.00902,4.96795],[7.00902,4.96804]],[[7.00937,4.96804],[7.00928,4.96804],[7.00928,4.96795],[7.00937,4.96795],[7.00937,4.96804]],[[7.00848,4.96813],[7.00839,4.96813],[7.00839,4.96804],[7.0083,4.96804],[7.0083,4.96786],[7.00848,4.96786],[7.00848,4.96813]],[[7.01054,4.96813],[7.01045,4.96813],[7.01045,4.96804],[7.01054,4.96804],[7.01054,4.96813]],[[7.0074,4.96822],[7.00731,4.96822],[7.00731,4.96813],[7.0074,4.96813],[7.0074,4.96822]],[[7.0083,4.96831],[7.00821,4.96831],[7.00821,4.96822],[7.0083,4.96822],[7.0083,4.96831]],[[7.00857,4.96831],[7.00848,4.96831],[7.00848,4.96813],[7.00857,4.96813],[7.00857,4.96831]],[[7.00839,4.9684],[7.0083,4.9684],[7.0083,4.96831],[7.00839,4.96831],[7.00839,4.9684]],[[7.00533,4.96858],[7.00524,4.96858],[7.00524,4.96849],[7.00533,4.96849],[7.00533,4.96858]],[[7.00928,4.96867],[7.00919,4.96867],[7.00919,4.96858],[7.00893,4.96858],[7.00893,4.96849],[7.00902,4.96849],[7.00902,4.9684],[7.00911,4.9684],[7.00911,4.96831],[7.00928,4.96831],[7.00928,4.96822],[7.00946,4.96822],[7.00946,4.96849],[7.00937,4.96849],[7.00937,4.96858],[7.00928,4.96858],[7.00928,4.96867]],[[7.00569,4.96885],[7.0056,4.96885],[7.0056,4.96876],[7.00569,4.96876],[7.00569,4.96885]],[[7.00937,4.96885],[7.00928,4.96885],[7.00928,4.96876],[7.00937,4.96876],[7.00937,4.96885]],[[7.00928,4.96894],[7.00919,4.96894],[7.00919,4.96885],[7.00928,4.96885],[7.00928,4.96894]],[[7.00875,4.96912],[7.00857,4.96912],[7.00857,4.96894],[7.00848,4.96894],[7.00848,4.96876],[7.00812,4.96876],[7.00812,4.96858],[7.00839,4.96858],[7.00839,4.96867],[7.00848,4.96867],[7.00848,4.96858],[7.00857,4.96858],[7.00857,4.96849],[7.00866,4.96849],[7.00866,4.96858],[7.00875,4.96858],[7.00875,4.96876],[7.00866,4.96876],[7.00866,4.96894],[7.00875,4.96894],[7.00875,4.96912]],[[7.0021,4.9693],[7.00201,4.9693],[7.00201,4.96921],[7.0021,4.96921],[7.0021,4.9693]],[[7.00659,4.9693],[7.0065,4.9693],[7.0065,4.96921],[7.00659,4.96921],[7.00659,4.9693]],[[7.00497,4.96939],[7.00488,4.96939],[7.00488,4.9693],[7.00497,4.9693],[7.00497,4.96939]],[[7.00776,4.96948],[7.00767,4.96948],[7.00767,4.96939],[7.00776,4.96939],[7.00776,4.96948]],[[7.00731,4.96975],[7.00722,4.96975],[7.00722,4.96966],[7.00731,4.96966],[7.00731,4.96975]],[[7.00767,4.97002],[7.00749,4.97002],[7.00749,4.96993],[7.0074,4.96993],[7.0074,4.96966],[7.00749,4.96966],[7.00749,4.96948],[7.0074,4.96948],[7.0074,4.9693],[7.00731,4.9693],[7.00731,4.96921],[7.00722,4.96921],[7.00722,4.9693],[7.00713,4.9693],[7.00713,4.96939],[7.00704,4.96939],[7.00704,4.96912],[7.00713,4.96912],[7.00713,4.96903],[7.00704,4.96903],[7.00704,4.96894],[7.00695,4.96894],[7.00695,4.96921],[7.00686,4.96921],[7.00686,4.96912],[7.00677,4.96912],[7.00677,4.96903],[7.00668,4.96903],[7.00668,4.96885],[7.00686,4.96885],[7.00686,4.96867],[7.00704,4.96867],[7.00704,4.96858],[7.00713,4.96858],[7.00713,4.96876],[7.00695,4.96876],[7.00695,4.96885],[7.00713,4.96885],[7.00713,4.96876],[7.00722,4.96876],[7.00722,4.96858],[7.00731,4.96858],[7.00731,4.9684],[7.00749,4.9684],[7.00749,4.96831],[7.00758,4.96831],[7.00758,4.96813],[7.00776,4.96813],[7.00776,4.96822],[7.00803,4.96822],[7.00803,4.9684],[7.00794,4.9684],[7.00794,4.96858],[7.00785,4.96858],[7.00785,4.96867],[7.00794,4.96867],[7.00794,4.96876],[7.00785,4.96876],[7.00785,4.96921],[7.00749,4.96921],[7.00749,4.9693],[7.00767,4.9693],[7.00767,4.96939],[7.00758,4.96939],[7.00758,4.96948],[7.00767,4.96948],[7.00767,4.96966],[7.00785,4.96966],[7.00785,4.96975],[7.00776,4.96975],[7.00776,4.96984],[7.00767,4.96984],[7.00767,4.97002]],[[7.00749,4.9702],[7.0074,4.9702],[7.0074,4.97002],[7.00749,4.97002],[7.00749,4.9702]],[[7.00372,4.97065],[7.00363,4.97065],[7.00363,4.97056],[7.00372,4.97056],[7.00372,4.97065]],[[7.00363,4.97074],[7.00354,4.97074],[7.00354,4.97065],[7.00363,4.97065],[7.00363,4.97074]],[[6.99931,4.97083],[6.99922,4.97083],[6.99922,4.97074],[6.99931,4.97074],[6.99931,4.97083]],[[6.99931,4.9711],[6.99922,4.9711],[6.99922,4.97101],[6.99931,4.97101],[6.99931,4.9711]],[[7.00416,4.9711],[7.00407,4.9711],[7.00407,4.97101],[7.00416,4.97101],[7.00416,4.9711]],[[7.00452,4.97119],[7.00434,4.97119],[7.00434,4.9711],[7.00452,4.9711],[7.00452,4.97119]],[[6.99859,4.97128],[6.9985,4.97128],[6.9985,4.97119],[6.99859,4.97119],[6.99859,4.97128]],[[6.99815,4.97137],[6.99806,4.97137],[6.99806,4.97128],[6.99797,4.97128],[6.99797,4.97119],[6.99815,4.97119],[6.99815,4.9711],[6.99806,4.9711],[6.99806,4.97092],[6.99797,4.97092],[6.99797,4.97083],[6.99806,4.97083],[6.99806,4.97065],[6.99797,4.97065],[6.99797,4.97056],[6.99815,4.97056],[6.99815,4.97047],[6.99842,4.97047],[6.99842,4.97038],[6.99877,4.97038],[6.99877,4.97011],[6.99859,4.97011],[6.99859,4.96984],[6.99833,4.96984],[6.99833,4.96975],[6.99842,4.96975],[6.99842,4.96966],[6.9985,4.96966],[6.9985,4.96948],[6.99842,4.96948],[6.99842,4.96939],[6.99868,4.96939],[6.99868,4.96957],[6.99886,4.96957],[6.99886,4.96948],[6.99895,4.96948],[6.99895,4.96939],[6.99904,4.96939],[6.99904,4.96948],[6.99922,4.96948],[6.99922,4.96957],[6.99913,4.96957],[6.99913,4.96966],[6.99886,4.96966],[6.99886,4.96975],[6.99895,4.96975],[6.99895,4.96984],[6.99913,4.96984],[6.99913,4.96975],[6.99931,4.96975],[6.99931,4.97002],[6.99913,4.97002],[6.99913,4.97011],[6.99922,4.97011],[6.99922,4.97038],[6.99931,4.97038],[6.99931,4.97047],[6.99895,4.97047],[6.99895,4.97056],[6.99922,4.97056],[6.99922,4.97074],[6.99913,4.97074],[6.99913,4.97119],[6.99895,4.97119],[6.99895,4.97101],[6.99904,4.97101],[6.99904,4.97083],[6.99877,4.97083],[6.99877,4.97101],[6.99868,4.97101],[6.99868,4.9711],[6.99859,4.9711],[6.99859,4.97092],[6.99842,4.97092],[6.99842,4.9711],[6.9985,4.9711],[6.9985,4.97119],[6.99833,4.97119],[6.99833,4.97128],[6.99815,4.97128],[6.99815,4.97137]],[[6.99868,4.97137],[6.99859,4.97137],[6.99859,4.97128],[6.99868,4.97128],[6.99868,4.97137]],[[6.99886,4.97137],[6.99877,4.97137],[6.99877,4.97128],[6.99886,4.97128],[6.99886,4.97137]],[[6.99967,4.97137],[6.99958,4.97137],[6.99958,4.97128],[6.9994,4.97128],[6.9994,4.97137],[6.99931,4.97137],[6.99931,4.9711],[6.9994,4.9711],[6.9994,4.97101],[6.99949,4.97101],[6.99949,4.9711],[6.99976,4.9711],[6.99976,4.97119],[6.99985,4.97119],[6.99985,4.97128],[6.99967,4.97128],[6.99967,4.97137]],[[7.00318,4.97137],[7.00309,4.97137],[7.00309,4.97128],[7.003,4.97128],[7.003,4.97119],[7.00318,4.97119],[7.00318,4.97137]],[[7.00425,4.97137],[7.00416,4.97137],[7.00416,4.97119],[7.00434,4.97119],[7.00434,4.97128],[7.00425,4.97128],[7.00425,4.97137]],[[7.00497,4.97146],[7.00488,4.97146],[7.00488,4.97137],[7.00497,4.97137],[7.00497,4.97146]],[[6.99967,4.97155],[6.99958,4.97155],[6.99958,4.97146],[6.99967,4.97146],[6.99967,4.97155]],[[6.99949,4.97164],[6.9994,4.97164],[6.9994,4.97155],[6.99949,4.97155],[6.99949,4.97164]],[[7.00138,4.97164],[7.00129,4.97164],[7.00129,4.97155],[7.00138,4.97155],[7.00138,4.97164]],[[7.00165,4.97164],[7.00156,4.97164],[7.00156,4.97155],[7.00165,4.97155],[7.00165,4.97164]],[[7.00156,4.97173],[7.00147,4.97173],[7.00147,4.97164],[7.00156,4.97164],[7.00156,4.97173]],[[6.99815,4.97182],[6.99788,4.97182],[6.99788,4.97173],[6.99797,4.97173],[6.99797,4.97146],[6.99815,4.97146],[6.99815,4.97137],[6.99833,4.97137],[6.99833,4.97128],[6.9985,4.97128],[6.9985,4.97137],[6.99859,4.97137],[6.99859,4.97146],[6.99868,4.97146],[6.99868,4.97137],[6.99877,4.97137],[6.99877,4.97164],[6.99868,4.97164],[6.99868,4.97155],[6.99833,4.97155],[6.99833,4.97164],[6.99824,4.97164],[6.99824,4.97173],[6.99815,4.97173],[6.99815,4.97182]],[[6.99949,4.972],[6.99931,4.972],[6.99931,4.97191],[6.9994,4.97191],[6.9994,4.97173],[6.99958,4.97173],[6.99958,4.97182],[6.99949,4.97182],[6.99949,4.972]],[[7.00165,4.972],[7.00156,4.972],[7.00156,4.97182],[7.00165,4.97182],[7.00165,4.972]],[[6.99895,4.97209],[6.99886,4.97209],[6.99886,4.972],[6.99895,4.972],[6.99895,4.97209]],[[7.00452,4.97209],[7.00443,4.97209],[7.00443,4.972],[7.00452,4.972],[7.00452,4.97209]],[[7.00183,4.97226],[7.00147,4.97226],[7.00147,4.97209],[7.00165,4.97209],[7.00165,4.972],[7.00183,4.972],[7.00183,4.97226]],[[7.00452,4.97235],[7.00443,4.97235],[7.00443,4.97226],[7.00452,4.97226],[7.00452,4.97235]],[[7.0047,4.97235],[7.00461,4.97235],[7.00461,4.97226],[7.0047,4.97226],[7.0047,4.97235]],[[7.00039,4.97262],[7.0003,4.97262],[7.0003,4.97253],[7.00003,4.97253],[7.00003,4.97235],[7.00012,4.97235],[7.00012,4.97244],[7.00039,4.97244],[7.00039,4.97262]],[[7.00057,4.97262],[7.00048,4.97262],[7.00048,4.97253],[7.00057,4.97253],[7.00057,4.97262]],[[7.00147,4.97262],[7.00138,4.97262],[7.00138,4.97253],[7.00147,4.97253],[7.00147,4.97262]],[[7.00048,4.97271],[7.00039,4.97271],[7.00039,4.97262],[7.00048,4.97262],[7.00048,4.97271]],[[7.00138,4.97271],[7.00129,4.97271],[7.00129,4.97262],[7.00138,4.97262],[7.00138,4.97271]],[[7.00174,4.97271],[7.00147,4.97271],[7.00147,4.97262],[7.00165,4.97262],[7.00165,4.97253],[7.00174,4.97253],[7.00174,4.97271]],[[7.00057,4.9728],[7.00048,4.9728],[7.00048,4.97271],[7.00057,4.97271],[7.00057,4.9728]],[[6.99976,4.97289],[6.99967,4.97289],[6.99967,4.97271],[6.99976,4.97271],[6.99976,4.97289]],[[6.99994,4.97289],[6.99985,4.97289],[6.99985,4.9728],[6.99994,4.9728],[6.99994,4.97289]],[[6.99877,4.97316],[6.99868,4.97316],[6.99868,4.97307],[6.99877,4.97307],[6.99877,4.97316]],[[7.00264,4.97271],[7.00255,4.97271],[7.00255,4.97262],[7.00264,4.97262],[7.00264,4.97271]],[[7.00291,4.9728],[7.00282,4.9728],[7.00282,4.97262],[7.00291,4.97262],[7.00291,4.9728]],[[7.00327,4.97298],[7.00318,4.97298],[7.00318,4.9728],[7.00327,4.9728],[7.00327,4.97298]],[[7.00084,4.97361],[7.00075,4.97361],[7.00075,4.97325],[7.00093,4.97325],[7.00093,4.97334],[7.00102,4.97334],[7.00102,4.97343],[7.00093,4.97343],[7.00093,4.97352],[7.00084,4.97352],[7.00084,4.97361]],[[7.00425,4.97433],[7.00416,4.97433],[7.00416,4.97424],[7.00425,4.97424],[7.00425,4.97433]],[[7.0021,4.97478],[7.00201,4.97478],[7.00201,4.97469],[7.0021,4.97469],[7.0021,4.97478]],[[7.00291,4.97568],[7.00282,4.97568],[7.00282,4.97559],[7.00264,4.97559],[7.00264,4.97568],[7.00237,4.97568],[7.00237,4.97559],[7.00228,4.97559],[7.00228,4.97541],[7.00219,4.97541],[7.00219,4.9755],[7.0021,4.9755],[7.0021,4.97532],[7.00201,4.97532],[7.00201,4.97514],[7.0021,4.97514],[7.0021,4.97505],[7.00219,4.97505],[7.00219,4.97514],[7.00228,4.97514],[7.00228,4.97523],[7.00237,4.97523],[7.00237,4.97514],[7.00246,4.97514],[7.00246,4.97505],[7.00264,4.97505],[7.00264,4.97514],[7.00273,4.97514],[7.00273,4.97523],[7.003,4.97523],[7.003,4.97532],[7.00291,4.97532],[7.00291,4.9755],[7.003,4.9755],[7.003,4.97559],[7.00291,4.97559],[7.00291,4.97568]],[[7.00111,4.97604],[7.00102,4.97604],[7.00102,4.97595],[7.00111,4.97595],[7.00111,4.97604]],[[7.0012,4.97622],[7.00102,4.97622],[7.00102,4.97613],[7.00111,4.97613],[7.00111,4.97604],[7.0012,4.97604],[7.0012,4.97622]],[[7.0021,4.97631],[7.00183,4.97631],[7.00183,4.97622],[7.00165,4.97622],[7.00165,4.97613],[7.00156,4.97613],[7.00156,4.97604],[7.00201,4.97604],[7.00201,4.97622],[7.0021,4.97622],[7.0021,4.97631]],[[7.00201,4.97658],[7.00174,4.97658],[7.00174,4.97649],[7.00183,4.97649],[7.00183,4.9764],[7.00192,4.9764],[7.00192,4.97649],[7.00201,4.97649],[7.00201,4.97658]],[[7.003,4.97712],[7.00291,4.97712],[7.00291,4.97703],[7.003,4.97703],[7.003,4.97712]],[[7.00147,4.97739],[7.00138,4.97739],[7.00138,4.9773],[7.00147,4.9773],[7.00147,4.97739]],[[7.00138,4.97765],[7.00129,4.97765],[7.00129,4.97756],[7.00138,4.97756],[7.00138,4.97765]],[[7.00129,4.97774],[7.0012,4.97774],[7.0012,4.97765],[7.00129,4.97765],[7.00129,4.97774]],[[6.99815,4.97792],[6.99806,4.97792],[6.99806,4.97783],[6.99815,4.97783],[6.99815,4.97792]],[[6.99877,4.97792],[6.9985,4.97792],[6.9985,4.97774],[6.99868,4.97774],[6.99868,4.97765],[6.99877,4.97765],[6.99877,4.97792]],[[6.99913,4.97819],[6.99886,4.97819],[6.99886,4.97801],[6.99877,4.97801],[6.99877,4.97792],[6.99904,4.97792],[6.99904,4.97801],[6.99913,4.97801],[6.99913,4.97819]],[[6.99913,4.97837],[6.99904,4.97837],[6.99904,4.97828],[6.99913,4.97828],[6.99913,4.97837]],[[6.99509,4.96984],[6.995,4.96984],[6.995,4.96966],[6.99509,4.96966],[6.99509,4.96984]],[[6.99734,4.96903],[6.99725,4.96903],[6.99725,4.96894],[6.99734,4.96894],[6.99734,4.96903]],[[6.99725,4.96912],[6.99716,4.96912],[6.99716,4.96903],[6.99725,4.96903],[6.99725,4.96912]],[[6.99707,4.96975],[6.99698,4.96975],[6.99698,4.96966],[6.99707,4.96966],[6.99707,4.96975]],[[6.99743,4.97029],[6.99734,4.97029],[6.99734,4.9702],[6.99725,4.9702],[6.99725,4.97011],[6.99743,4.97011],[6.99743,4.97029]],[[6.99635,4.97056],[6.99617,4.97056],[6.99617,4.97047],[6.99635,4.97047],[6.99635,4.97056]],[[6.99635,4.97074],[6.99626,4.97074],[6.99626,4.97065],[6.99635,4.97065],[6.99635,4.97074]],[[6.98764,4.97963],[6.98755,4.97963],[6.98755,4.97954],[6.98764,4.97954],[6.98764,4.97963]],[[6.98961,4.97891],[6.98952,4.97891],[6.98952,4.97882],[6.98961,4.97882],[6.98961,4.97891]],[[6.9897,4.97909],[6.98943,4.97909],[6.98943,4.979],[6.9897,4.979],[6.9897,4.97909]],[[6.98934,4.97918],[6.98925,4.97918],[6.98925,4.97909],[6.98934,4.97909],[6.98934,4.97918]],[[6.99356,4.97074],[6.99347,4.97074],[6.99347,4.97065],[6.99356,4.97065],[6.99356,4.97074]],[[6.99338,4.9711],[6.99329,4.9711],[6.99329,4.97101],[6.99338,4.97101],[6.99338,4.9711]],[[6.99554,4.97146],[6.99545,4.97146],[6.99545,4.97119],[6.99581,4.97119],[6.99581,4.97128],[6.99572,4.97128],[6.99572,4.97137],[6.99554,4.97137],[6.99554,4.97146]],[[6.99303,4.97155],[6.99294,4.97155],[6.99294,4.97146],[6.99303,4.97146],[6.99303,4.97155]],[[6.99437,4.97173],[6.99428,4.97173],[6.99428,4.97164],[6.99419,4.97164],[6.99419,4.97155],[6.99401,4.97155],[6.99401,4.97137],[6.99419,4.97137],[6.99419,4.97128],[6.99437,4.97128],[6.99437,4.97119],[6.99428,4.97119],[6.99428,4.97101],[6.99464,4.97101],[6.99464,4.9711],[6.99455,4.9711],[6.99455,4.97119],[6.99464,4.97119],[6.99464,4.97128],[6.99446,4.97128],[6.99446,4.97137],[6.99437,4.97137],[6.99437,4.97146],[6.99446,4.97146],[6.99446,4.97155],[6.99437,4.97155],[6.99437,4.97173]],[[6.99464,4.97173],[6.99455,4.97173],[6.99455,4.97164],[6.99464,4.97164],[6.99464,4.97173]],[[6.99419,4.97182],[6.99401,4.97182],[6.99401,4.97173],[6.9941,4.97173],[6.9941,4.97164],[6.99419,4.97164],[6.99419,4.97182]],[[6.99581,4.972],[6.99572,4.972],[6.99572,4.97182],[6.9959,4.97182],[6.9959,4.97191],[6.99581,4.97191],[6.99581,4.972]],[[6.9959,4.97218],[6.99581,4.97218],[6.99581,4.97209],[6.9959,4.97209],[6.9959,4.97218]],[[6.99329,4.97253],[6.9932,4.97253],[6.9932,4.97244],[6.99329,4.97244],[6.99329,4.97253]],[[6.99716,4.97209],[6.99707,4.97209],[6.99707,4.972],[6.99716,4.972],[6.99716,4.97209]],[[6.99698,4.97235],[6.99689,4.97235],[6.99689,4.97226],[6.99698,4.97226],[6.99698,4.97235]],[[6.99428,4.97262],[6.99419,4.97262],[6.99419,4.97253],[6.99428,4.97253],[6.99428,4.97262]],[[6.99626,4.97262],[6.99617,4.97262],[6.99617,4.97253],[6.99626,4.97253],[6.99626,4.97262]],[[6.99689,4.9728],[6.99671,4.9728],[6.99671,4.97271],[6.99689,4.97271],[6.99689,4.9728]],[[6.99356,4.97298],[6.99347,4.97298],[6.99347,4.97289],[6.99356,4.97289],[6.99356,4.97298]],[[6.99698,4.97298],[6.99689,4.97298],[6.99689,4.97289],[6.99698,4.97289],[6.99698,4.97298]],[[6.99752,4.97334],[6.99743,4.97334],[6.99743,4.97325],[6.99752,4.97325],[6.99752,4.97334]],[[6.9959,4.97379],[6.99572,4.97379],[6.99572,4.9737],[6.9959,4.9737],[6.9959,4.97379]],[[6.99725,4.97379],[6.99716,4.97379],[6.99716,4.97352],[6.99698,4.97352],[6.99698,4.97361],[6.99707,4.97361],[6.99707,4.9737],[6.99689,4.9737],[6.99689,4.97361],[6.9968,4.97361],[6.9968,4.97352],[6.99671,4.97352],[6.99671,4.97361],[6.99653,4.97361],[6.99653,4.97352],[6.99644,4.97352],[6.99644,4.97334],[6.99653,4.97334],[6.99653,4.97343],[6.99662,4.97343],[6.99662,4.97334],[6.99689,4.97334],[6.99689,4.97316],[6.99698,4.97316],[6.99698,4.97325],[6.99716,4.97325],[6.99716,4.97316],[6.99734,4.97316],[6.99734,4.97334],[6.99725,4.97334],[6.99725,4.97352],[6.99734,4.97352],[6.99734,4.97361],[6.99743,4.97361],[6.99743,4.9737],[6.99725,4.9737],[6.99725,4.97379]],[[6.99581,4.97397],[6.99572,4.97397],[6.99572,4.97388],[6.99581,4.97388],[6.99581,4.97397]],[[6.99545,4.97442],[6.99536,4.97442],[6.99536,4.97424],[6.99545,4.97424],[6.99545,4.97442]],[[6.99464,4.97523],[6.99455,4.97523],[6.99455,4.97514],[6.99464,4.97514],[6.99464,4.97523]],[[6.995,4.97541],[6.99491,4.97541],[6.99491,4.97532],[6.995,4.97532],[6.995,4.97541]],[[6.9977,4.97541],[6.99761,4.97541],[6.99761,4.97532],[6.9977,4.97532],[6.9977,4.97541]],[[6.99374,4.9755],[6.99365,4.9755],[6.99365,4.97541],[6.99374,4.97541],[6.99374,4.9755]],[[6.99303,4.97568],[6.99294,4.97568],[6.99294,4.97559],[6.99303,4.97559],[6.99303,4.97568]],[[6.99338,4.97568],[6.99329,4.97568],[6.99329,4.97559],[6.99338,4.97559],[6.99338,4.97568]],[[6.99761,4.97613],[6.99752,4.97613],[6.99752,4.97604],[6.99761,4.97604],[6.99761,4.97613]],[[6.99752,4.97631],[6.99743,4.97631],[6.99743,4.97622],[6.99752,4.97622],[6.99752,4.97631]],[[6.99518,4.97667],[6.99509,4.97667],[6.99509,4.97658],[6.99518,4.97658],[6.99518,4.97667]],[[6.99347,4.97694],[6.99338,4.97694],[6.99338,4.97685],[6.99347,4.97685],[6.99347,4.97694]],[[6.99554,4.97703],[6.99545,4.97703],[6.99545,4.97685],[6.99554,4.97685],[6.99554,4.97703]],[[6.99572,4.97721],[6.99563,4.97721],[6.99563,4.97712],[6.99572,4.97712],[6.99572,4.97721]],[[6.99608,4.97748],[6.99599,4.97748],[6.99599,4.97739],[6.99608,4.97739],[6.99608,4.97748]],[[6.99311,4.97765],[6.99294,4.97765],[6.99294,4.97756],[6.99303,4.97756],[6.99303,4.97748],[6.99311,4.97748],[6.99311,4.97765]],[[6.99599,4.97765],[6.9959,4.97765],[6.9959,4.97756],[6.99545,4.97756],[6.99545,4.97748],[6.99554,4.97748],[6.99554,4.97739],[6.99563,4.97739],[6.99563,4.9773],[6.99572,4.9773],[6.99572,4.97721],[6.9959,4.97721],[6.9959,4.9773],[6.99581,4.9773],[6.99581,4.97739],[6.9959,4.97739],[6.9959,4.97748],[6.99599,4.97748],[6.99599,4.97765]],[[6.9932,4.97774],[6.99311,4.97774],[6.99311,4.97765],[6.9932,4.97765],[6.9932,4.97774]],[[6.99141,4.97783],[6.99132,4.97783],[6.99132,4.97765],[6.9915,4.97765],[6.9915,4.97774],[6.99141,4.97774],[6.99141,4.97783]],[[6.99311,4.97792],[6.99294,4.97792],[6.99294,4.97783],[6.99311,4.97783],[6.99311,4.97792]],[[6.99329,4.97792],[6.9932,4.97792],[6.9932,4.97783],[6.99329,4.97783],[6.99329,4.97792]],[[6.9932,4.97801],[6.99311,4.97801],[6.99311,4.97792],[6.9932,4.97792],[6.9932,4.97801]],[[6.99752,4.97828],[6.99743,4.97828],[6.99743,4.9781],[6.99752,4.9781],[6.99752,4.97828]],[[6.99294,4.97846],[6.99285,4.97846],[6.99285,4.97837],[6.99294,4.97837],[6.99294,4.97846]],[[6.99051,4.97945],[6.99042,4.97945],[6.99042,4.97936],[6.99051,4.97936],[6.99051,4.97945]],[[6.99374,4.97945],[6.99365,4.97945],[6.99365,4.97936],[6.99374,4.97936],[6.99374,4.97945]],[[6.98907,4.97954],[6.98898,4.97954],[6.98898,4.97945],[6.98907,4.97945],[6.98907,4.97954]],[[6.99356,4.97954],[6.99347,4.97954],[6.99347,4.97945],[6.99356,4.97945],[6.99356,4.97954]],[[6.99383,4.97954],[6.99374,4.97954],[6.99374,4.97945],[6.99383,4.97945],[6.99383,4.97954]],[[6.98925,4.97963],[6.98916,4.97963],[6.98916,4.97954],[6.98925,4.97954],[6.98925,4.97963]],[[6.99347,4.97963],[6.99338,4.97963],[6.99338,4.97954],[6.99347,4.97954],[6.99347,4.97963]],[[6.99392,4.97963],[6.99383,4.97963],[6.99383,4.97954],[6.99392,4.97954],[6.99392,4.97963]],[[6.98835,4.97972],[6.98826,4.97972],[6.98826,4.97954],[6.98835,4.97954],[6.98835,4.97972]],[[6.98907,4.97972],[6.98898,4.97972],[6.98898,4.97963],[6.98907,4.97963],[6.98907,4.97972]],[[6.98764,4.97981],[6.98746,4.97981],[6.98746,4.97972],[6.98764,4.97972],[6.98764,4.97981]],[[6.98808,4.97981],[6.98799,4.97981],[6.98799,4.97972],[6.98808,4.97972],[6.98808,4.97981]],[[6.98862,4.9799],[6.98844,4.9799],[6.98844,4.97981],[6.98853,4.97981],[6.98853,4.97972],[6.98862,4.97972],[6.98862,4.9799]],[[6.99276,4.97999],[6.99267,4.97999],[6.99267,4.9799],[6.99276,4.9799],[6.99276,4.97999]],[[6.98862,4.98008],[6.98853,4.98008],[6.98853,4.97999],[6.98862,4.97999],[6.98862,4.98008]],[[6.99258,4.98026],[6.99222,4.98026],[6.99222,4.98008],[6.9924,4.98008],[6.9924,4.98017],[6.99249,4.98017],[6.99249,4.98008],[6.9924,4.98008],[6.9924,4.9799],[6.99258,4.9799],[6.99258,4.97999],[6.99267,4.97999],[6.99267,4.98008],[6.99258,4.98008],[6.99258,4.98026]],[[6.9924,4.98044],[6.99231,4.98044],[6.99231,4.98035],[6.9924,4.98035],[6.9924,4.98044]],[[6.99069,4.98071],[6.9906,4.98071],[6.9906,4.98062],[6.99069,4.98062],[6.99069,4.98071]],[[6.98997,4.98089],[6.98988,4.98089],[6.98988,4.9808],[6.98997,4.9808],[6.98997,4.98089]],[[6.99015,4.98098],[6.99006,4.98098],[6.99006,4.98089],[6.99015,4.98089],[6.99015,4.98098]],[[6.9906,4.98107],[6.99051,4.98107],[6.99051,4.98098],[6.99042,4.98098],[6.99042,4.98089],[6.99051,4.98089],[6.99051,4.9808],[6.99078,4.9808],[6.99078,4.98089],[6.9906,4.98089],[6.9906,4.98107]],[[6.99303,4.98143],[6.99294,4.98143],[6.99294,4.98134],[6.99303,4.98134],[6.99303,4.98143]],[[6.99231,4.98188],[6.99222,4.98188],[6.99222,4.98179],[6.99231,4.98179],[6.99231,4.98188]],[[6.99114,4.98287],[6.99105,4.98287],[6.99105,4.98278],[6.99114,4.98278],[6.99114,4.98287]],[[6.99105,4.98295],[6.99096,4.98295],[6.99096,4.98287],[6.99105,4.98287],[6.99105,4.98295]],[[6.99779,4.97352],[6.9977,4.97352],[6.9977,4.97334],[6.99779,4.97334],[6.99779,4.97325],[6.9977,4.97325],[6.9977,4.97316],[6.99788,4.97316],[6.99788,4.97325],[6.99806,4.97325],[6.99806,4.97316],[6.99824,4.97316],[6.99824,4.97325],[6.99842,4.97325],[6.99842,4.97316],[6.99859,4.97316],[6.99859,4.97334],[6.99877,4.97334],[6.99877,4.97316],[6.99895,4.97316],[6.99895,4.97307],[6.99922,4.97307],[6.99922,4.97334],[6.99931,4.97334],[6.99931,4.97343],[6.9994,4.97343],[6.9994,4.97325],[6.99931,4.97325],[6.99931,4.97298],[6.9994,4.97298],[6.9994,4.97289],[6.99967,4.97289],[6.99967,4.97298],[7.00012,4.97298],[7.00012,4.97289],[7.00021,4.97289],[7.00021,4.9728],[7.00012,4.9728],[7.00012,4.97271],[7.00021,4.97271],[7.00021,4.97262],[7.0003,4.97262],[7.0003,4.9728],[7.00039,4.9728],[7.00039,4.97307],[7.00048,4.97307],[7.00048,4.97316],[7.00057,4.97316],[7.00057,4.97343],[7.00066,4.97343],[7.00066,4.97352],[7.00039,4.97352],[7.00039,4.97343],[7.0003,4.97343],[7.0003,4.97352],[7.00039,4.97352],[7.00039,4.97361],[7.00057,4.97361],[7.00057,4.9737],[7.00075,4.9737],[7.00075,4.97379],[7.00066,4.97379],[7.00066,4.97397],[7.00057,4.97397],[7.00057,4.97406],[7.00048,4.97406],[7.00048,4.97397],[7.0003,4.97397],[7.0003,4.97388],[7.00021,4.97388],[7.00021,4.97379],[7.00012,4.97379],[7.00012,4.97388],[7.00021,4.97388],[7.00021,4.97397],[6.99985,4.97397],[6.99985,4.97379],[6.99994,4.97379],[6.99994,4.9737],[7.00003,4.9737],[7.00003,4.97334],[6.99985,4.97334],[6.99985,4.97325],[7.00003,4.97325],[7.00003,4.97307],[6.99985,4.97307],[6.99985,4.97325],[6.99967,4.97325],[6.99967,4.97334],[6.99958,4.97334],[6.99958,4.97343],[6.99967,4.97343],[6.99967,4.97361],[6.99985,4.97361],[6.99985,4.9737],[6.99976,4.9737],[6.99976,4.97388],[6.99949,4.97388],[6.99949,4.97379],[6.99931,4.97379],[6.99931,4.9737],[6.99922,4.9737],[6.99922,4.97388],[6.99913,4.97388],[6.99913,4.97379],[6.99904,4.97379],[6.99904,4.9737],[6.99877,4.9737],[6.99877,4.97352],[6.99859,4.97352],[6.99859,4.97343],[6.9985,4.97343],[6.9985,4.97379],[6.99868,4.97379],[6.99868,4.97388],[6.99842,4.97388],[6.99842,4.97379],[6.99824,4.97379],[6.99824,4.97361],[6.99815,4.97361],[6.99815,4.9737],[6.99806,4.9737],[6.99806,4.97361],[6.99797,4.97361],[6.99797,4.97352],[6.99788,4.97352],[6.99788,4.97361],[6.99779,4.97361],[6.99779,4.97352]],[[6.9977,4.97604],[6.9977,4.97595],[6.99779,4.97595],[6.99779,4.97586],[6.99797,4.97586],[6.99797,4.97604],[6.99806,4.97604],[6.99806,4.97586],[6.99797,4.97586],[6.99797,4.97577],[6.99806,4.97577],[6.99806,4.97568],[6.99797,4.97568],[6.99797,4.97559],[6.99806,4.97559],[6.99806,4.97541],[6.9985,4.97541],[6.9985,4.97532],[6.99859,4.97532],[6.99859,4.97523],[6.99886,4.97523],[6.99886,4.97532],[6.99904,4.97532],[6.99904,4.97541],[6.99913,4.97541],[6.99913,4.9755],[6.99922,4.9755],[6.99922,4.97568],[6.99913,4.97568],[6.99913,4.97577],[6.99922,4.97577],[6.99922,4.97568],[6.9994,4.97568],[6.9994,4.97577],[6.99931,4.97577],[6.99931,4.97586],[6.99949,4.97586],[6.99949,4.97595],[6.99958,4.97595],[6.99958,4.97604],[6.99976,4.97604],[6.99976,4.97613],[6.99985,4.97613],[6.99985,4.97631],[6.99976,4.97631],[6.99976,4.97622],[6.99958,4.97622],[6.99958,4.97631],[6.99949,4.97631],[6.99949,4.9764],[6.99967,4.9764],[6.99967,4.97631],[6.99976,4.97631],[6.99976,4.9764],[6.99985,4.9764],[6.99985,4.97649],[6.99994,4.97649],[6.99994,4.97631],[7.00003,4.97631],[7.00003,4.97658],[7.00012,4.97658],[7.00012,4.97667],[7.00021,4.97667],[7.00021,4.97649],[7.00012,4.97649],[7.00012,4.97631],[7.00021,4.97631],[7.00021,4.9764],[7.0003,4.9764],[7.0003,4.97649],[7.00048,4.97649],[7.00048,4.97703],[7.00057,4.97703],[7.00057,4.97694],[7.00084,4.97694],[7.00084,4.97703],[7.00102,4.97703],[7.00102,4.97712],[7.00138,4.97712],[7.00138,4.97721],[7.00129,4.97721],[7.00129,4.9773],[7.0012,4.9773],[7.0012,4.97739],[7.00111,4.97739],[7.00111,4.97765],[7.00102,4.97765],[7.00102,4.97756],[7.00093,4.97756],[7.00093,4.97721],[7.00084,4.97721],[7.00084,4.97748],[7.00075,4.97748],[7.00075,4.97756],[7.00066,4.97756],[7.00066,4.97739],[7.00048,4.97739],[7.00048,4.97748],[7.00057,4.97748],[7.00057,4.97756],[7.00066,4.97756],[7.00066,4.97783],[7.00057,4.97783],[7.00057,4.97792],[7.00048,4.97792],[7.00048,4.97783],[7.00039,4.97783],[7.00039,4.97748],[7.0003,4.97748],[7.0003,4.97739],[7.00021,4.97739],[7.00021,4.97748],[7.00012,4.97748],[7.00012,4.97739],[7.00003,4.97739],[7.00003,4.9773],[7.00012,4.9773],[7.00012,4.97712],[7.00003,4.97712],[7.00003,4.97703],[7.00012,4.97703],[7.00012,4.97694],[6.99985,4.97694],[6.99985,4.97703],[6.99976,4.97703],[6.99976,4.97712],[6.99985,4.97712],[6.99985,4.97721],[6.99994,4.97721],[6.99994,4.97739],[6.99976,4.97739],[6.99976,4.9773],[6.99958,4.9773],[6.99958,4.97739],[6.99949,4.97739],[6.99949,4.97748],[6.99922,4.97748],[6.99922,4.97739],[6.9994,4.97739],[6.9994,4.9773],[6.99922,4.9773],[6.99922,4.97739],[6.99913,4.97739],[6.99913,4.9773],[6.99904,4.9773],[6.99904,4.97712],[6.99895,4.97712],[6.99895,4.9773],[6.99886,4.9773],[6.99886,4.97739],[6.99895,4.97739],[6.99895,4.97756],[6.99904,4.97756],[6.99904,4.97765],[6.99895,4.97765],[6.99895,4.97774],[6.99886,4.97774],[6.99886,4.97765],[6.99877,4.97765],[6.99877,4.97756],[6.99868,4.97756],[6.99868,4.97765],[6.9985,4.97765],[6.9985,4.97756],[6.99833,4.97756],[6.99833,4.97748],[6.99815,4.97748],[6.99815,4.97739],[6.99824,4.97739],[6.99824,4.97712],[6.99806,4.97712],[6.99806,4.97703],[6.99788,4.97703],[6.99788,4.97694],[6.99815,4.97694],[6.99815,4.97685],[6.99806,4.97685],[6.99806,4.97667],[6.99815,4.97667],[6.99815,4.9764],[6.99824,4.9764],[6.99824,4.97658],[6.99833,4.97658],[6.99833,4.97622],[6.99824,4.97622],[6.99824,4.97613],[6.99788,4.97613],[6.99788,4.97604],[6.9977,4.97604]],[[6.99761,4.97694],[6.99761,4.97685],[6.99779,4.97685],[6.99779,4.97694],[6.99761,4.97694]],[[6.99779,4.97765],[6.9977,4.97765],[6.9977,4.97756],[6.99761,4.97756],[6.99761,4.97765],[6.99752,4.97765],[6.99752,4.97748],[6.9977,4.97748],[6.9977,4.97739],[6.99779,4.97739],[6.99779,4.9773],[6.9977,4.9773],[6.9977,4.97721],[6.99797,4.97721],[6.99797,4.9773],[6.99806,4.9773],[6.99806,4.97739],[6.99797,4.97739],[6.99797,4.97748],[6.99788,4.97748],[6.99788,4.97774],[6.99779,4.97774],[6.99779,4.97765]],[[6.99779,4.97855],[6.9977,4.97855],[6.9977,4.97846],[6.99779,4.97846],[6.99779,4.97855]]]}},{"type":"Feature","properties":{},"geometry":{"geodesic":false,"type":"Polygon","coordinates":[[[6.99087,4.98484],[6.99087,4.98475],[6.99096,4.98475],[6.99096,4.98448],[6.99069,4.98448],[6.99069,4.9843],[6.99042,4.9843],[6.99042,4.98448],[6.99033,4.98448],[6.99033,4.98457],[6.99024,4.98457],[6.99024,4.98466],[6.99015,4.98466],[6.99015,4.98448],[6.99006,4.98448],[6.99006,4.98457],[6.98997,4.98457],[6.98997,4.98448],[6.98961,4.98448],[6.98961,4.98439],[6.98952,4.98439],[6.98952,4.9843],[6.98961,4.9843],[6.98961,4.98412],[6.9897,4.98412],[6.9897,4.98403],[6.98979,4.98403],[6.98979,4.98412],[6.98988,4.98412],[6.98988,4.98421],[6.98997,4.98421],[6.98997,4.98412],[6.99015,4.98412],[6.99015,4.98394],[6.99042,4.98394],[6.99042,4.98403],[6.99087,4.98403],[6.99087,4.98412],[6.99096,4.98412],[6.99096,4.98403],[6.99105,4.98403],[6.99105,4.98412],[6.99114,4.98412],[6.99114,4.98394],[6.99132,4.98394],[6.99132,4.98403],[6.99141,4.98403],[6.99141,4.98448],[6.99132,4.98448],[6.99132,4.98457],[6.99123,4.98457],[6.99123,4.98475],[6.99114,4.98475],[6.99114,4.98484],[6.99087,4.98484]],[[6.98979,4.9843],[6.9897,4.9843],[6.9897,4.98412],[6.98979,4.98412],[6.98979,4.9843]],[[6.99024,4.98448],[6.99015,4.98448],[6.99015,4.98439],[6.99024,4.98439],[6.99024,4.98448]],[[6.99114,4.98466],[6.99105,4.98466],[6.99105,4.98448],[6.99096,4.98448],[6.99096,4.98439],[6.99105,4.98439],[6.99105,4.9843],[6.99123,4.9843],[6.99123,4.98439],[6.99132,4.98439],[6.99132,4.98448],[6.99123,4.98448],[6.99123,4.98457],[6.99114,4.98457],[6.99114,4.98466]]]}},{"type":"Feature","properties":{},"geometry":{"geodesic":false,"type":"Polygon","coordinates":[[[6.99509,4.98197],[6.99509,4.98188],[6.995,4.98188],[6.995,4.98197],[6.99482,4.98197],[6.99482,4.98143],[6.99491,4.98143],[6.99491,4.98134],[6.99545,4.98134],[6.99545,4.98143],[6.99563,4.98143],[6.99563,4.98152],[6.99572,4.98152],[6.99572,4.98161],[6.99563,4.98161],[6.99563,4.98179],[6.99536,4.98179],[6.99536,4.98188],[6.99518,4.98188],[6.99518,4.98197],[6.99509,4.98197]]]}},{"type":"Feature","properties":{},"geometry":{"geodesic":false,"type":"Polygon","coordinates":[[[6.99671,4.93597],[6.99671,4.93588],[6.99662,4.93588],[6.99662,4.9357],[6.99653,4.9357],[6.99653,4.93561],[6.99644,4.93561],[6.99644,4.93552],[6.99653,4.93552],[6.99653,4.93534],[6.99662,4.93534],[6.99662,4.93525],[6.99653,4.93525],[6.99653,4.93507],[6.99644,4.93507],[6.99644,4.93516],[6.99617,4.93516],[6.99617,4.93525],[6.99608,4.93525],[6.99608,4.93534],[6.99599,4.93534],[6.99599,4.93516],[6.99572,4.93516],[6.99572,4.93507],[6.99563,4.93507],[6.99563,4.93498],[6.99545,4.93498],[6.99545,4.9349],[6.99536,4.9349],[6.99536,4.93498],[6.99527,4.93498],[6.99527,4.9349],[6.99536,4.9349],[6.99536,4.93472],[6.99527,4.93472],[6.99527,4.93463],[6.995,4.93463],[6.995,4.93472],[6.99491,4.93472],[6.99491,4.9349],[6.99482,4.9349],[6.99482,4.93498],[6.99464,4.93498],[6.99464,4.93516],[6.99446,4.93516],[6.99446,4.93525],[6.99419,4.93525],[6.99419,4.93534],[6.9941,4.93534],[6.9941,4.93525],[6.99401,4.93525],[6.99401,4.93516],[6.99392,4.93516],[6.99392,4.93507],[6.99401,4.93507],[6.99401,4.9349],[6.99392,4.9349],[6.99392,4.93498],[6.99383,4.93498],[6.99383,4.93507],[6.99374,4.93507],[6.99374,4.93481],[6.99392,4.93481],[6.99392,4.93472],[6.9941,4.93472],[6.9941,4.93427],[6.99428,4.93427],[6.99428,4.93409],[6.99455,4.93409],[6.99455,4.93418],[6.99464,4.93418],[6.99464,4.93427],[6.99473,4.93427],[6.99473,4.93418],[6.99482,4.93418],[6.99482,4.93409],[6.995,4.93409],[6.995,4.93418],[6.99509,4.93418],[6.99509,4.93409],[6.99536,4.93409],[6.99536,4.934],[6.99518,4.934],[6.99518,4.93382],[6.99527,4.93382],[6.99527,4.93391],[6.99536,4.93391],[6.99536,4.93382],[6.99545,4.93382],[6.99545,4.93364],[6.99536,4.93364],[6.99536,4.93355],[6.99527,4.93355],[6.99527,4.9331],[6.99518,4.9331],[6.99518,4.93301],[6.995,4.93301],[6.995,4.9331],[6.99491,4.9331],[6.99491,4.93292],[6.995,4.93292],[6.995,4.93274],[6.99527,4.93274],[6.99527,4.93265],[6.99545,4.93265],[6.99545,4.93256],[6.99563,4.93256],[6.99563,4.93247],[6.99554,4.93247],[6.99554,4.93238],[6.99563,4.93238],[6.99563,4.93247],[6.9959,4.93247],[6.9959,4.93256],[6.99599,4.93256],[6.99599,4.93265],[6.99626,4.93265],[6.99626,4.93283],[6.99635,4.93283],[6.99635,4.93292],[6.99644,4.93292],[6.99644,4.93301],[6.99635,4.93301],[6.99635,4.9331],[6.99662,4.9331],[6.99662,4.93319],[6.99671,4.93319],[6.99671,4.93337],[6.9968,4.93337],[6.9968,4.93328],[6.99689,4.93328],[6.99689,4.93346],[6.99707,4.93346],[6.99707,4.93373],[6.99698,4.93373],[6.99698,4.93391],[6.99689,4.93391],[6.99689,4.93382],[6.99671,4.93382],[6.99671,4.93391],[6.99662,4.93391],[6.99662,4.93373],[6.99653,4.93373],[6.99653,4.934],[6.99626,4.934],[6.99626,4.93409],[6.99635,4.93409],[6.99635,4.93418],[6.99644,4.93418],[6.99644,4.93409],[6.99653,4.93409],[6.99653,4.93418],[6.99671,4.93418],[6.99671,4.93454],[6.99689,4.93454],[6.99689,4.93445],[6.99698,4.93445],[6.99698,4.93454],[6.99716,4.93454],[6.99716,4.93463],[6.99707,4.93463],[6.99707,4.93472],[6.99716,4.93472],[6.99716,4.93481],[6.99725,4.93481],[6.99725,4.93507],[6.99734,4.93507],[6.99734,4.93516],[6.99716,4.93516],[6.99716,4.93507],[6.99707,4.93507],[6.99707,4.93516],[6.99689,4.93516],[6.99689,4.93525],[6.99698,4.93525],[6.99698,4.93534],[6.99707,4.93534],[6.99707,4.93543],[6.99716,4.93543],[6.99716,4.93579],[6.9968,4.93579],[6.9968,4.93597],[6.99671,4.93597]],[[6.9968,4.93355],[6.99671,4.93355],[6.99671,4.93346],[6.9968,4.93346],[6.9968,4.93355]],[[6.99662,4.93364],[6.99653,4.93364],[6.99653,4.93355],[6.99662,4.93355],[6.99662,4.93364]],[[6.99671,4.93373],[6.99662,4.93373],[6.99662,4.93364],[6.99671,4.93364],[6.99671,4.93373]],[[6.99698,4.93373],[6.9968,4.93373],[6.9968,4.93355],[6.99689,4.93355],[6.99689,4.93364],[6.99698,4.93364],[6.99698,4.93373]],[[6.99572,4.93463],[6.99563,4.93463],[6.99563,4.93454],[6.99572,4.93454],[6.99572,4.93463]],[[6.99644,4.93463],[6.99635,4.93463],[6.99635,4.93454],[6.99626,4.93454],[6.99626,4.93436],[6.99617,4.93436],[6.99617,4.93427],[6.99608,4.93427],[6.99608,4.93418],[6.99635,4.93418],[6.99635,4.93427],[6.99644,4.93427],[6.99644,4.93463]],[[6.99545,4.93472],[6.99536,4.93472],[6.99536,4.93463],[6.99527,4.93463],[6.99527,4.93436],[6.99536,4.93436],[6.99536,4.93409],[6.99554,4.93409],[6.99554,4.93391],[6.99563,4.93391],[6.99563,4.93409],[6.99581,4.93409],[6.99581,4.93418],[6.9959,4.93418],[6.9959,4.93427],[6.99599,4.93427],[6.99599,4.93436],[6.99581,4.93436],[6.99581,4.93445],[6.99572,4.93445],[6.99572,4.93436],[6.99563,4.93436],[6.99563,4.93454],[6.99554,4.93454],[6.99554,4.93463],[6.99545,4.93463],[6.99545,4.93472]],[[6.99608,4.93472],[6.99599,4.93472],[6.99599,4.93445],[6.99617,4.93445],[6.99617,4.93463],[6.99608,4.93463],[6.99608,4.93472]],[[6.99419,4.93481],[6.9941,4.93481],[6.9941,4.93472],[6.99419,4.93472],[6.99419,4.93481]]]}},{"type":"Feature","properties":{},"geometry":{"geodesic":false,"type":"Polygon","coordinates":[[[6.9977,4.93166],[6.99779,4.93166],[6.99779,4.93148],[6.99788,4.93148],[6.99788,4.93157],[6.99806,4.93157],[6.99806,4.93148],[6.99815,4.93148],[6.99815,4.93157],[6.99842,4.93157],[6.99842,4.93148],[6.9985,4.93148],[6.9985,4.93121],[6.99833,4.93121],[6.99833,4.93112],[6.99842,4.93112],[6.99842,4.93085],[6.99868,4.93085],[6.99868,4.93076],[6.99886,4.93076],[6.99886,4.93085],[6.99895,4.93085],[6.99895,4.93076],[6.99904,4.93076],[6.99904,4.93085],[6.99913,4.93085],[6.99913,4.93103],[6.99922,4.93103],[6.99922,4.93121],[6.99958,4.93121],[6.99958,4.9313],[6.99967,4.9313],[6.99967,4.93139],[6.99958,4.93139],[6.99958,4.93148],[6.99949,4.93148],[6.99949,4.93166],[6.99958,4.93166],[6.99958,4.93184],[6.9994,4.93184],[6.9994,4.93175],[6.99922,4.93175],[6.99922,4.93184],[6.99913,4.93184],[6.99913,4.93211],[6.99895,4.93211],[6.99895,4.93193],[6.99877,4.93193],[6.99877,4.93202],[6.99859,4.93202],[6.99859,4.93211],[6.99868,4.93211],[6.99868,4.93229],[6.99877,4.93229],[6.99877,4.93238],[6.99868,4.93238],[6.99868,4.93229],[6.99859,4.93229],[6.99859,4.93247],[6.99842,4.93247],[6.99842,4.93238],[6.99824,4.93238],[6.99824,4.9322],[6.99833,4.9322],[6.99833,4.93211],[6.99824,4.93211],[6.99824,4.93184],[6.99797,4.93184],[6.99797,4.93175],[6.9977,4.93175],[6.9977,4.93166]],[[6.9985,4.93166],[6.99842,4.93166],[6.99842,4.93157],[6.9985,4.93157],[6.9985,4.93166]],[[6.99868,4.93166],[6.99859,4.93166],[6.99859,4.93157],[6.99868,4.93157],[6.99868,4.93166]],[[6.99859,4.9322],[6.99842,4.9322],[6.99842,4.93211],[6.99833,4.93211],[6.99833,4.93193],[6.99842,4.93193],[6.99842,4.93202],[6.9985,4.93202],[6.9985,4.93211],[6.99859,4.93211],[6.99859,4.9322]]]}},{"type":"Feature","properties":{},"geometry":{"geodesic":false,"type":"Polygon","coordinates":[[[6.9994,4.94496],[6.9994,4.94478],[6.99922,4.94478],[6.99922,4.94469],[6.99904,4.94469],[6.99904,4.9446],[6.99895,4.9446],[6.99895,4.94451],[6.99868,4.94451],[6.99868,4.94442],[6.9985,4.94442],[6.9985,4.94469],[6.99842,4.94469],[6.99842,4.94478],[6.99824,4.94478],[6.99824,4.9446],[6.99815,4.9446],[6.99815,4.94451],[6.99833,4.94451],[6.99833,4.94433],[6.9985,4.94433],[6.9985,4.94424],[6.99868,4.94424],[6.99868,4.94415],[6.99886,4.94415],[6.99886,4.94424],[6.99904,4.94424],[6.99904,4.94442],[6.99922,4.94442],[6.99922,4.94451],[6.99931,4.94451],[6.99931,4.9446],[6.99958,4.9446],[6.99958,4.94487],[6.99967,4.94487],[6.99967,4.94496],[6.9994,4.94496]]]}},{"type":"Feature","properties":{},"geometry":{"geodesic":false,"type":"Polygon","coordinates":[[[6.99976,4.9437],[6.99976,4.94352],[6.99958,4.94352],[6.99958,4.94325],[6.99976,4.94325],[6.99976,4.94316],[6.99985,4.94316],[6.99985,4.94307],[6.99967,4.94307],[6.99967,4.94316],[6.9994,4.94316],[6.9994,4.94307],[6.99931,4.94307],[6.99931,4.94298],[6.9994,4.94298],[6.9994,4.94289],[6.99949,4.94289],[6.99949,4.94298],[6.99958,4.94298],[6.99958,4.94307],[6.99967,4.94307],[6.99967,4.94298],[6.99985,4.94298],[6.99985,4.94289],[7.00003,4.94289],[7.00003,4.94307],[7.00021,4.94307],[7.00021,4.94316],[7.0003,4.94316],[7.0003,4.94325],[7.00039,4.94325],[7.00039,4.94343],[7.00048,4.94343],[7.00048,4.94325],[7.00057,4.94325],[7.00057,4.94361],[7.00021,4.94361],[7.00021,4.94352],[7.00012,4.94352],[7.00012,4.94361],[6.99994,4.94361],[6.99994,4.9437],[6.99976,4.9437]],[[7.00021,4.94325],[7.00012,4.94325],[7.00012,4.94316],[7.00021,4.94316],[7.00021,4.94325]]]}},{"type":"Feature","properties":{},"geometry":{"geodesic":false,"type":"Polygon","coordinates":[[[7.00443,4.97595],[7.00443,4.97577],[7.00425,4.97577],[7.00425,4.97586],[7.00416,4.97586],[7.00416,4.97577],[7.00407,4.97577],[7.00407,4.97568],[7.00416,4.97568],[7.00416,4.9755],[7.00425,4.9755],[7.00425,4.97541],[7.0047,4.97541],[7.0047,4.97532],[7.00479,4.97532],[7.00479,4.97505],[7.00488,4.97505],[7.00488,4.97496],[7.00497,4.97496],[7.00497,4.97487],[7.00506,4.97487],[7.00506,4.97496],[7.00533,4.97496],[7.00533,4.97487],[7.00551,4.97487],[7.00551,4.97505],[7.0056,4.97505],[7.0056,4.97541],[7.00551,4.97541],[7.00551,4.9755],[7.00542,4.9755],[7.00542,4.97559],[7.00533,4.97559],[7.00533,4.97568],[7.00506,4.97568],[7.00506,4.9755],[7.00497,4.9755],[7.00497,4.97559],[7.00488,4.97559],[7.00488,4.97577],[7.00479,4.97577],[7.00479,4.97586],[7.00452,4.97586],[7.00452,4.97595],[7.00443,4.97595]],[[7.00425,4.97577],[7.00416,4.97577],[7.00416,4.97568],[7.00425,4.97568],[7.00425,4.97577]]]}},{"type":"Feature","properties":{},"geometry":{"geodesic":false,"type":"Polygon","coordinates":[[[7.00533,4.96391],[7.00533,4.96373],[7.00524,4.96373],[7.00524,4.96346],[7.00515,4.96346],[7.00515,4.96337],[7.00524,4.96337],[7.00524,4.96328],[7.00506,4.96328],[7.00506,4.96346],[7.00497,4.96346],[7.00497,4.96337],[7.00488,4.96337],[7.00488,4.9631],[7.00479,4.9631],[7.00479,4.96319],[7.00461,4.96319],[7.00461,4.96328],[7.00452,4.96328],[7.00452,4.96319],[7.00443,4.96319],[7.00443,4.96328],[7.00434,4.96328],[7.00434,4.9631],[7.00425,4.9631],[7.00425,4.96301],[7.00407,4.96301],[7.00407,4.96292],[7.00443,4.96292],[7.00443,4.96283],[7.00452,4.96283],[7.00452,4.96274],[7.00461,4.96274],[7.00461,4.96238],[7.00452,4.96238],[7.00452,4.9622],[7.00443,4.9622],[7.00443,4.96211],[7.00452,4.96211],[7.00452,4.96184],[7.00461,4.96184],[7.00461,4.96175],[7.00479,4.96175],[7.00479,4.96157],[7.00488,4.96157],[7.00488,4.96166],[7.00497,4.96166],[7.00497,4.96184],[7.00506,4.96184],[7.00506,4.96193],[7.00587,4.96193],[7.00587,4.96202],[7.00605,4.96202],[7.00605,4.9622],[7.00596,4.9622],[7.00596,4.96247],[7.00605,4.96247],[7.00605,4.96265],[7.00587,4.96265],[7.00587,4.96247],[7.00578,4.96247],[7.00578,4.96274],[7.00587,4.96274],[7.00587,4.96301],[7.00578,4.96301],[7.00578,4.96328],[7.00569,4.96328],[7.00569,4.96337],[7.00578,4.96337],[7.00578,4.96355],[7.00587,4.96355],[7.00587,4.96373],[7.00578,4.96373],[7.00578,4.96364],[7.00569,4.96364],[7.00569,4.96355],[7.00551,4.96355],[7.00551,4.96373],[7.00542,4.96373],[7.00542,4.96382],[7.00551,4.96382],[7.00551,4.96391],[7.00533,4.96391]],[[7.00542,4.96256],[7.00533,4.96256],[7.00533,4.96247],[7.00542,4.96247],[7.00542,4.96256]],[[7.00461,4.96292],[7.00452,4.96292],[7.00452,4.96283],[7.00461,4.96283],[7.00461,4.96292]],[[7.00551,4.96301],[7.00542,4.96301],[7.00542,4.96292],[7.00551,4.96292],[7.00551,4.96301]],[[7.00578,4.96301],[7.00569,4.96301],[7.00569,4.96292],[7.00578,4.96292],[7.00578,4.96301]],[[7.00569,4.9631],[7.0056,4.9631],[7.0056,4.96301],[7.00569,4.96301],[7.00569,4.9631]],[[7.00515,4.96319],[7.00506,4.96319],[7.00506,4.9631],[7.00515,4.9631],[7.00515,4.96319]],[[7.0056,4.96319],[7.00551,4.96319],[7.00551,4.9631],[7.0056,4.9631],[7.0056,4.96319]],[[7.00542,4.96373],[7.00533,4.96373],[7.00533,4.96364],[7.00542,4.96364],[7.00542,4.96373]]]}},{"type":"Feature","properties":{},"geometry":{"geodesic":false,"type":"Polygon","coordinates":[[[7.00713,4.9932],[7.00713,4.99302],[7.00704,4.99302],[7.00704,4.99293],[7.00695,4.99293],[7.00695,4.99257],[7.00686,4.99257],[7.00686,4.99248],[7.00695,4.99248],[7.00695,4.99239],[7.00677,4.99239],[7.00677,4.9923],[7.00686,4.9923],[7.00686,4.99221],[7.00695,4.99221],[7.00695,4.9923],[7.00722,4.9923],[7.00722,4.99239],[7.00731,4.99239],[7.00731,4.99248],[7.0074,4.99248],[7.0074,4.99257],[7.00749,4.99257],[7.00749,4.99266],[7.00758,4.99266],[7.00758,4.99284],[7.00767,4.99284],[7.00767,4.99302],[7.00749,4.99302],[7.00749,4.99311],[7.0074,4.99311],[7.0074,4.9932],[7.00713,4.9932]]]}},{"type":"Feature","properties":{},"geometry":{"geodesic":false,"type":"Polygon","coordinates":[[[7.00749,4.93507],[7.00749,4.9349],[7.0074,4.9349],[7.0074,4.93498],[7.00731,4.93498],[7.00731,4.9349],[7.0074,4.9349],[7.0074,4.93481],[7.00749,4.93481],[7.00749,4.93472],[7.00731,4.93472],[7.00731,4.93463],[7.00722,4.93463],[7.00722,4.93454],[7.00767,4.93454],[7.00767,4.93472],[7.00758,4.93472],[7.00758,4.93481],[7.00776,4.93481],[7.00776,4.93472],[7.00785,4.93472],[7.00785,4.93463],[7.00776,4.93463],[7.00776,4.93445],[7.00785,4.93445],[7.00785,4.93427],[7.00821,4.93427],[7.00821,4.93436],[7.00839,4.93436],[7.00839,4.93445],[7.00821,4.93445],[7.00821,4.93454],[7.00812,4.93454],[7.00812,4.93463],[7.00803,4.93463],[7.00803,4.93472],[7.0083,4.93472],[7.0083,4.93463],[7.00839,4.93463],[7.00839,4.93481],[7.00812,4.93481],[7.00812,4.9349],[7.00803,4.9349],[7.00803,4.93481],[7.00785,4.93481],[7.00785,4.93498],[7.00776,4.93498],[7.00776,4.93507],[7.00749,4.93507]]]}},{"type":"Feature","properties":{},"geometry":{"geodesic":false,"type":"Polygon","coordinates":[[[7.00821,4.93795],[7.00821,4.93777],[7.00794,4.93777],[7.00794,4.93732],[7.00803,4.93732],[7.00803,4.93723],[7.00785,4.93723],[7.00785,4.93696],[7.00767,4.93696],[7.00767,4.93687],[7.00749,4.93687],[7.00749,4.93678],[7.00758,4.93678],[7.00758,4.93669],[7.00785,4.93669],[7.00785,4.93687],[7.00812,4.93687],[7.00812,4.93696],[7.00821,4.93696],[7.00821,4.93687],[7.00839,4.93687],[7.00839,4.9366],[7.0083,4.9366],[7.0083,4.93669],[7.00794,4.93669],[7.00794,4.9366],[7.00767,4.9366],[7.00767,4.93642],[7.00749,4.93642],[7.00749,4.93624],[7.00758,4.93624],[7.00758,4.93615],[7.00785,4.93615],[7.00785,4.93597],[7.00767,4.93597],[7.00767,4.93579],[7.00758,4.93579],[7.00758,4.9357],[7.00767,4.9357],[7.00767,4.93561],[7.00803,4.93561],[7.00803,4.93552],[7.00794,4.93552],[7.00794,4.93525],[7.00803,4.93525],[7.00803,4.93534],[7.00812,4.93534],[7.00812,4.93507],[7.00803,4.93507],[7.00803,4.93498],[7.00821,4.93498],[7.00821,4.93507],[7.00839,4.93507],[7.00839,4.93525],[7.00821,4.93525],[7.00821,4.93534],[7.0083,4.93534],[7.0083,4.9357],[7.00848,4.9357],[7.00848,4.93588],[7.00839,4.93588],[7.00839,4.93597],[7.00866,4.93597],[7.00866,4.93606],[7.00884,4.93606],[7.00884,4.93615],[7.00875,4.93615],[7.00875,4.93633],[7.00866,4.93633],[7.00866,4.93642],[7.00857,4.93642],[7.00857,4.9366],[7.00848,4.9366],[7.00848,4.93669],[7.00866,4.93669],[7.00866,4.9366],[7.00893,4.9366],[7.00893,4.93687],[7.00884,4.93687],[7.00884,4.93696],[7.00875,4.93696],[7.00875,4.93687],[7.00866,4.93687],[7.00866,4.93759],[7.00875,4.93759],[7.00875,4.93741],[7.00893,4.93741],[7.00893,4.93759],[7.00911,4.93759],[7.00911,4.93741],[7.00919,4.93741],[7.00919,4.93732],[7.00928,4.93732],[7.00928,4.93714],[7.00937,4.93714],[7.00937,4.93669],[7.00946,4.93669],[7.00946,4.9366],[7.00928,4.9366],[7.00928,4.93642],[7.00919,4.93642],[7.00919,4.93624],[7.00911,4.93624],[7.00911,4.93597],[7.00919,4.93597],[7.00919,4.93579],[7.00928,4.93579],[7.00928,4.93615],[7.00919,4.93615],[7.00919,4.93624],[7.00946,4.93624],[7.00946,4.93633],[7.00955,4.93633],[7.00955,4.93642],[7.00937,4.93642],[7.00937,4.93651],[7.00946,4.93651],[7.00946,4.9366],[7.00955,4.9366],[7.00955,4.93678],[7.00964,4.93678],[7.00964,4.93732],[7.00955,4.93732],[7.00955,4.9375],[7.00946,4.9375],[7.00946,4.93768],[7.00937,4.93768],[7.00937,4.93759],[7.00928,4.93759],[7.00928,4.9375],[7.00919,4.9375],[7.00919,4.93777],[7.00902,4.93777],[7.00902,4.93768],[7.00893,4.93768],[7.00893,4.93759],[7.00875,4.93759],[7.00875,4.93768],[7.00857,4.93768],[7.00857,4.93777],[7.00839,4.93777],[7.00839,4.93786],[7.0083,4.93786],[7.0083,4.93795],[7.00821,4.93795]],[[7.00848,4.93714],[7.00839,4.93714],[7.00839,4.93705],[7.00848,4.93705],[7.00848,4.93714]],[[7.0083,4.93768],[7.00812,4.93768],[7.00812,4.93759],[7.0083,4.93759],[7.0083,4.93768]]]}},{"type":"Feature","properties":{},"geometry":{"geodesic":false,"type":"Polygon","coordinates":[[[7.00919,4.97065],[7.00919,4.97056],[7.00911,4.97056],[7.00911,4.97047],[7.00919,4.97047],[7.00919,4.97038],[7.00902,4.97038],[7.00902,4.97029],[7.00919,4.97029],[7.00919,4.97011],[7.00937,4.97011],[7.00937,4.96993],[7.00946,4.96993],[7.00946,4.96984],[7.00955,4.96984],[7.00955,4.96975],[7.00946,4.96975],[7.00946,4.96966],[7.00955,4.96966],[7.00955,4.96957],[7.00973,4.96957],[7.00973,4.96966],[7.00991,4.96966],[7.00991,4.96957],[7.01,4.96957],[7.01,4.9693],[7.01009,4.9693],[7.01009,4.96939],[7.01018,4.96939],[7.01018,4.96948],[7.01027,4.96948],[7.01027,4.96957],[7.01036,4.96957],[7.01036,4.96975],[7.01045,4.96975],[7.01045,4.96993],[7.01036,4.96993],[7.01036,4.9702],[7.01027,4.9702],[7.01027,4.97029],[7.01009,4.97029],[7.01009,4.97038],[7.00991,4.97038],[7.00991,4.97047],[7.00982,4.97047],[7.00982,4.97038],[7.00964,4.97038],[7.00964,4.97047],[7.00946,4.97047],[7.00946,4.97056],[7.00928,4.97056],[7.00928,4.97065],[7.00919,4.97065]],[[7.00973,4.96975],[7.00964,4.96975],[7.00964,4.96966],[7.00973,4.96966],[7.00973,4.96975]],[[7.00946,4.97047],[7.00928,4.97047],[7.00928,4.97038],[7.00946,4.97038],[7.00946,4.97047]]]}},{"type":"Feature","properties":{},"geometry":{"geodesic":false,"type":"Polygon","coordinates":[[[7.00937,4.964],[7.00937,4.96391],[7.00919,4.96391],[7.00919,4.96382],[7.00911,4.96382],[7.00911,4.96355],[7.00902,4.96355],[7.00902,4.96337],[7.00893,4.96337],[7.00893,4.96355],[7.00884,4.96355],[7.00884,4.96337],[7.00893,4.96337],[7.00893,4.96328],[7.00902,4.96328],[7.00902,4.96337],[7.00911,4.96337],[7.00911,4.96328],[7.00919,4.96328],[7.00919,4.96319],[7.00946,4.96319],[7.00946,4.96337],[7.00955,4.96337],[7.00955,4.96346],[7.00982,4.96346],[7.00982,4.96337],[7.00964,4.96337],[7.00964,4.96328],[7.00955,4.96328],[7.00955,4.9631],[7.00973,4.9631],[7.00973,4.96328],[7.00982,4.96328],[7.00982,4.96337],[7.01009,4.96337],[7.01009,4.96346],[7.01,4.96346],[7.01,4.96355],[7.00982,4.96355],[7.00982,4.96373],[7.00973,4.96373],[7.00973,4.96382],[7.00964,4.96382],[7.00964,4.96373],[7.00946,4.96373],[7.00946,4.964],[7.00937,4.964]]]}},{"type":"Feature","properties":{},"geometry":{"geodesic":false,"type":"Polygon","coordinates":[[[7.01198,4.94217],[7.01198,4.94208],[7.01189,4.94208],[7.01189,4.94181],[7.0118,4.94181],[7.0118,4.94172],[7.01189,4.94172],[7.01189,4.94163],[7.01198,4.94163],[7.01198,4.94154],[7.01207,4.94154],[7.01207,4.94136],[7.01216,4.94136],[7.01216,4.94118],[7.01198,4.94118],[7.01198,4.941],[7.01189,4.941],[7.01189,4.94091],[7.0118,4.94091],[7.0118,4.94064],[7.01171,4.94064],[7.01171,4.94046],[7.01162,4.94046],[7.01162,4.94028],[7.01153,4.94028],[7.01153,4.9402],[7.01189,4.9402],[7.01189,4.94028],[7.0118,4.94028],[7.0118,4.94037],[7.01189,4.94037],[7.01189,4.94073],[7.01207,4.94073],[7.01207,4.94091],[7.01216,4.94091],[7.01216,4.94109],[7.01225,4.94109],[7.01225,4.94127],[7.01234,4.94127],[7.01234,4.94154],[7.01225,4.94154],[7.01225,4.94172],[7.01216,4.94172],[7.01216,4.9419],[7.01207,4.9419],[7.01207,4.94217],[7.01198,4.94217]],[[7.01198,4.94181],[7.01189,4.94181],[7.01189,4.94172],[7.01198,4.94172],[7.01198,4.94181]]]}},{"type":"Feature","properties":{},"geometry":{"geodesic":false,"type":"Polygon","coordinates":[[[7.01252,4.93966],[7.01252,4.93957],[7.01243,4.93957],[7.01243,4.93966],[7.01234,4.93966],[7.01234,4.93948],[7.01225,4.93948],[7.01225,4.93939],[7.01216,4.93939],[7.01216,4.9393],[7.01207,4.9393],[7.01207,4.93912],[7.01189,4.93912],[7.01189,4.93903],[7.0118,4.93903],[7.0118,4.93876],[7.01189,4.93876],[7.01189,4.93867],[7.01198,4.93867],[7.01198,4.93858],[7.0118,4.93858],[7.0118,4.93867],[7.01171,4.93867],[7.01171,4.93858],[7.01162,4.93858],[7.01162,4.93831],[7.0118,4.93831],[7.0118,4.9384],[7.01198,4.9384],[7.01198,4.93831],[7.01207,4.93831],[7.01207,4.93822],[7.01216,4.93822],[7.01216,4.9384],[7.01234,4.9384],[7.01234,4.93849],[7.01261,4.93849],[7.01261,4.93858],[7.0127,4.93858],[7.0127,4.93867],[7.01279,4.93867],[7.01279,4.93894],[7.01288,4.93894],[7.01288,4.93885],[7.01297,4.93885],[7.01297,4.93894],[7.01288,4.93894],[7.01288,4.93903],[7.01306,4.93903],[7.01306,4.93921],[7.01297,4.93921],[7.01297,4.9393],[7.01288,4.9393],[7.01288,4.93939],[7.01261,4.93939],[7.01261,4.93948],[7.0127,4.93948],[7.0127,4.93966],[7.01252,4.93966]]]}},{"type":"Feature","properties":{},"geometry":{"geodesic":false,"type":"Polygon","coordinates":[[[7.01351,4.94172],[7.01351,4.94163],[7.01333,4.94163],[7.01333,4.94172],[7.01315,4.94172],[7.01315,4.94163],[7.01306,4.94163],[7.01306,4.94154],[7.01297,4.94154],[7.01297,4.94127],[7.01306,4.94127],[7.01306,4.94118],[7.01315,4.94118],[7.01315,4.94127],[7.01324,4.94127],[7.01324,4.94118],[7.01333,4.94118],[7.01333,4.94109],[7.01405,4.94109],[7.01405,4.94118],[7.01414,4.94118],[7.01414,4.94127],[7.01405,4.94127],[7.01405,4.94154],[7.01396,4.94154],[7.01396,4.94145],[7.0136,4.94145],[7.0136,4.94172],[7.01351,4.94172]],[[7.0136,4.94127],[7.01351,4.94127],[7.01351,4.94118],[7.0136,4.94118],[7.0136,4.94127]],[[7.01387,4.94136],[7.01378,4.94136],[7.01378,4.94127],[7.01387,4.94127],[7.01387,4.94136]]]}},{"type":"Feature","properties":{},"geometry":{"geodesic":false,"type":"Polygon","coordinates":[[[7.01387,4.95151],[7.01387,4.95142],[7.01378,4.95142],[7.01378,4.95151],[7.01369,4.95151],[7.01369,4.95142],[7.0136,4.95142],[7.0136,4.95151],[7.01351,4.95151],[7.01351,4.95133],[7.0136,4.95133],[7.0136,4.95124],[7.01369,4.95124],[7.01369,4.95115],[7.01378,4.95115],[7.01378,4.95097],[7.0136,4.95097],[7.0136,4.9508],[7.01369,4.9508],[7.01369,4.95071],[7.0136,4.95071],[7.0136,4.95053],[7.01351,4.95053],[7.01351,4.95044],[7.01369,4.95044],[7.01369,4.95053],[7.01387,4.95053],[7.01387,4.95062],[7.01396,4.95062],[7.01396,4.95053],[7.01405,4.95053],[7.01405,4.95089],[7.01414,4.95089],[7.01414,4.9508],[7.01423,4.9508],[7.01423,4.95089],[7.01414,4.95089],[7.01414,4.95106],[7.01396,4.95106],[7.01396,4.95115],[7.01405,4.95115],[7.01405,4.95124],[7.01414,4.95124],[7.01414,4.95142],[7.01396,4.95142],[7.01396,4.95151],[7.01387,4.95151]],[[7.01396,4.95089],[7.01387,4.95089],[7.01387,4.95071],[7.01396,4.95071],[7.01396,4.95089]],[[7.01387,4.95097],[7.01378,4.95097],[7.01378,4.95089],[7.01387,4.95089],[7.01387,4.95097]]]}},{"type":"Feature","properties":{},"geometry":{"geodesic":false,"type":"Polygon","coordinates":[[[7.01539,4.96077],[7.01539,4.96068],[7.01512,4.96068],[7.01512,4.9605],[7.01467,4.9605],[7.01467,4.96041],[7.01485,4.96041],[7.01485,4.96032],[7.01476,4.96032],[7.01476,4.96014],[7.01458,4.96014],[7.01458,4.96005],[7.01449,4.96005],[7.01449,4.96014],[7.01441,4.96014],[7.01441,4.96023],[7.01432,4.96023],[7.01432,4.96014],[7.01441,4.96014],[7.01441,4.96005],[7.01387,4.96005],[7.01387,4.95987],[7.01405,4.95987],[7.01405,4.95978],[7.01396,4.95978],[7.01396,4.9596],[7.01414,4.9596],[7.01414,4.95951],[7.01405,4.95951],[7.01405,4.95942],[7.01449,4.95942],[7.01449,4.95933],[7.01458,4.95933],[7.01458,4.95942],[7.01476,4.95942],[7.01476,4.95933],[7.01485,4.95933],[7.01485,4.95906],[7.01494,4.95906],[7.01494,4.95897],[7.01521,4.95897],[7.01521,4.95906],[7.0153,4.95906],[7.0153,4.95915],[7.01539,4.95915],[7.01539,4.95933],[7.0153,4.95933],[7.0153,4.95942],[7.01539,4.95942],[7.01539,4.95951],[7.01548,4.95951],[7.01548,4.95933],[7.01584,4.95933],[7.01584,4.95942],[7.0162,4.95942],[7.0162,4.95951],[7.01629,4.95951],[7.01629,4.9596],[7.01638,4.9596],[7.01638,4.95969],[7.01629,4.95969],[7.01629,4.95987],[7.0162,4.95987],[7.0162,4.95996],[7.01611,4.95996],[7.01611,4.96014],[7.01629,4.96014],[7.01629,4.96023],[7.01611,4.96023],[7.01611,4.96014],[7.01593,4.96014],[7.01593,4.96032],[7.01602,4.96032],[7.01602,4.96041],[7.01611,4.96041],[7.01611,4.9605],[7.0162,4.9605],[7.0162,4.96068],[7.01584,4.96068],[7.01584,4.96059],[7.01575,4.96059],[7.01575,4.96068],[7.01566,4.96068],[7.01566,4.96059],[7.01548,4.96059],[7.01548,4.96068],[7.01557,4.96068],[7.01557,4.96077],[7.01539,4.96077]],[[7.01512,4.95933],[7.01503,4.95933],[7.01503,4.95924],[7.01512,4.95924],[7.01512,4.95933]],[[7.01611,4.95996],[7.01602,4.95996],[7.01602,4.95987],[7.01611,4.95987],[7.01611,4.95996]],[[7.01494,4.96005],[7.01476,4.96005],[7.01476,4.95987],[7.01494,4.95987],[7.01494,4.96005]],[[7.01503,4.96023],[7.01494,4.96023],[7.01494,4.96014],[7.01503,4.96014],[7.01503,4.96023]],[[7.01494,4.96032],[7.01485,4.96032],[7.01485,4.96023],[7.01494,4.96023],[7.01494,4.96032]],[[7.01512,4.96032],[7.01503,4.96032],[7.01503,4.96023],[7.01512,4.96023],[7.01512,4.96032]],[[7.01548,4.9605],[7.01512,4.9605],[7.01512,4.96041],[7.01548,4.96041],[7.01548,4.9605]],[[7.01602,4.9605],[7.01593,4.9605],[7.01593,4.96041],[7.01602,4.96041],[7.01602,4.9605]]]}},{"type":"Feature","properties":{},"geometry":{"geodesic":false,"type":"Polygon","coordinates":[[[7.01557,4.96759],[7.01557,4.9675],[7.01548,4.9675],[7.01548,4.96759],[7.01539,4.96759],[7.01539,4.9675],[7.0153,4.9675],[7.0153,4.96741],[7.01548,4.96741],[7.01548,4.96732],[7.01539,4.96732],[7.01539,4.96723],[7.01521,4.96723],[7.01521,4.96741],[7.01512,4.96741],[7.01512,4.9675],[7.01503,4.9675],[7.01503,4.96741],[7.01512,4.96741],[7.01512,4.96723],[7.01503,4.96723],[7.01503,4.96714],[7.01512,4.96714],[7.01512,4.96705],[7.01494,4.96705],[7.01494,4.96696],[7.01503,4.96696],[7.01503,4.96679],[7.01494,4.96679],[7.01494,4.96688],[7.01485,4.96688],[7.01485,4.96705],[7.01476,4.96705],[7.01476,4.96714],[7.01467,4.96714],[7.01467,4.96705],[7.01458,4.96705],[7.01458,4.96696],[7.01441,4.96696],[7.01441,4.96705],[7.01414,4.96705],[7.01414,4.96696],[7.01432,4.96696],[7.01432,4.96688],[7.01423,4.96688],[7.01423,4.96679],[7.01432,4.96679],[7.01432,4.96652],[7.01441,4.96652],[7.01441,4.96643],[7.01458,4.96643],[7.01458,4.96634],[7.01449,4.96634],[7.01449,4.96616],[7.01476,4.96616],[7.01476,4.96634],[7.01485,4.96634],[7.01485,4.96643],[7.01494,4.96643],[7.01494,4.96652],[7.01503,4.96652],[7.01503,4.96643],[7.01512,4.96643],[7.01512,4.96652],[7.0153,4.96652],[7.0153,4.96643],[7.01548,4.96643],[7.01548,4.96652],[7.01539,4.96652],[7.01539,4.9667],[7.01512,4.9667],[7.01512,4.96688],[7.01521,4.96688],[7.01521,4.96679],[7.0153,4.96679],[7.0153,4.96688],[7.01521,4.96688],[7.01521,4.96696],[7.0153,4.96696],[7.0153,4.96705],[7.01548,4.96705],[7.01548,4.96688],[7.01557,4.96688],[7.01557,4.96679],[7.01548,4.96679],[7.01548,4.96661],[7.01557,4.96661],[7.01557,4.9667],[7.01566,4.9667],[7.01566,4.96643],[7.01557,4.96643],[7.01557,4.96625],[7.01566,4.96625],[7.01566,4.96643],[7.01584,4.96643],[7.01584,4.96661],[7.01575,4.96661],[7.01575,4.96679],[7.01584,4.96679],[7.01584,4.96688],[7.01593,4.96688],[7.01593,4.9667],[7.01602,4.9667],[7.01602,4.96688],[7.01593,4.96688],[7.01593,4.96705],[7.01602,4.96705],[7.01602,4.96696],[7.01611,4.96696],[7.01611,4.96723],[7.01575,4.96723],[7.01575,4.96732],[7.01584,4.96732],[7.01584,4.96741],[7.01575,4.96741],[7.01575,4.9675],[7.01566,4.9675],[7.01566,4.96759],[7.01557,4.96759]],[[7.01485,4.9667],[7.01467,4.9667],[7.01467,4.96661],[7.01485,4.96661],[7.01485,4.9667]],[[7.01521,4.96705],[7.01512,4.96705],[7.01512,4.96696],[7.01521,4.96696],[7.01521,4.96705]],[[7.01557,4.96714],[7.01548,4.96714],[7.01548,4.96705],[7.01557,4.96705],[7.01557,4.96714]],[[7.01566,4.96732],[7.01557,4.96732],[7.01557,4.96723],[7.01566,4.96723],[7.01566,4.96732]]]}},{"type":"Feature","properties":{},"geometry":{"geodesic":false,"type":"Polygon","coordinates":[[[7.01539,4.96562],[7.01539,4.96544],[7.01548,4.96544],[7.01548,4.96526],[7.01539,4.96526],[7.01539,4.96535],[7.01521,4.96535],[7.01521,4.96526],[7.01503,4.96526],[7.01503,4.96517],[7.01494,4.96517],[7.01494,4.96508],[7.01485,4.96508],[7.01485,4.96499],[7.01476,4.96499],[7.01476,4.9649],[7.01485,4.9649],[7.01485,4.96481],[7.01494,4.96481],[7.01494,4.96499],[7.01503,4.96499],[7.01503,4.96481],[7.01521,4.96481],[7.01521,4.9649],[7.0153,4.9649],[7.0153,4.96499],[7.01521,4.96499],[7.01521,4.96526],[7.0153,4.96526],[7.0153,4.96508],[7.01584,4.96508],[7.01584,4.96499],[7.01593,4.96499],[7.01593,4.9649],[7.01584,4.9649],[7.01584,4.96463],[7.01575,4.96463],[7.01575,4.96472],[7.01557,4.96472],[7.01557,4.96427],[7.01566,4.96427],[7.01566,4.96382],[7.01584,4.96382],[7.01584,4.96364],[7.01602,4.96364],[7.01602,4.96373],[7.01629,4.96373],[7.01629,4.96391],[7.01638,4.96391],[7.01638,4.96382],[7.01656,4.96382],[7.01656,4.96391],[7.01683,4.96391],[7.01683,4.964],[7.01701,4.964],[7.01701,4.96382],[7.01728,4.96382],[7.01728,4.96391],[7.01719,4.96391],[7.01719,4.964],[7.01728,4.964],[7.01728,4.96409],[7.01737,4.96409],[7.01737,4.96418],[7.01746,4.96418],[7.01746,4.96445],[7.01737,4.96445],[7.01737,4.96454],[7.01728,4.96454],[7.01728,4.96463],[7.01701,4.96463],[7.01701,4.96472],[7.01692,4.96472],[7.01692,4.96481],[7.01683,4.96481],[7.01683,4.9649],[7.01674,4.9649],[7.01674,4.96508],[7.01647,4.96508],[7.01647,4.96517],[7.01638,4.96517],[7.01638,4.96526],[7.01629,4.96526],[7.01629,4.96517],[7.0162,4.96517],[7.0162,4.96526],[7.01611,4.96526],[7.01611,4.96517],[7.01593,4.96517],[7.01593,4.96535],[7.01584,4.96535],[7.01584,4.96526],[7.01566,4.96526],[7.01566,4.96535],[7.01575,4.96535],[7.01575,4.96544],[7.01566,4.96544],[7.01566,4.96553],[7.01584,4.96553],[7.01584,4.96562],[7.01539,4.96562]],[[7.01593,4.96454],[7.01584,4.96454],[7.01584,4.96445],[7.01593,4.96445],[7.01593,4.96454]],[[7.01566,4.96544],[7.01557,4.96544],[7.01557,4.96535],[7.01566,4.96535],[7.01566,4.96544]],[[7.01557,4.96553],[7.01548,4.96553],[7.01548,4.96544],[7.01557,4.96544],[7.01557,4.96553]]]}},{"type":"Feature","properties":{},"geometry":{"geodesic":false,"type":"Polygon","coordinates":[[[7.01593,4.94055],[7.01593,4.94046],[7.01566,4.94046],[7.01566,4.94055],[7.01557,4.94055],[7.01557,4.94046],[7.01512,4.94046],[7.01512,4.94028],[7.01503,4.94028],[7.01503,4.9402],[7.01494,4.9402],[7.01494,4.94011],[7.01512,4.94011],[7.01512,4.93993],[7.01521,4.93993],[7.01521,4.93984],[7.0153,4.93984],[7.0153,4.93993],[7.01557,4.93993],[7.01557,4.93984],[7.01566,4.93984],[7.01566,4.93975],[7.01548,4.93975],[7.01548,4.93966],[7.01539,4.93966],[7.01539,4.93948],[7.01566,4.93948],[7.01566,4.93939],[7.01575,4.93939],[7.01575,4.9393],[7.01566,4.9393],[7.01566,4.93912],[7.01575,4.93912],[7.01575,4.93903],[7.01584,4.93903],[7.01584,4.93885],[7.01575,4.93885],[7.01575,4.93894],[7.01566,4.93894],[7.01566,4.93885],[7.01557,4.93885],[7.01557,4.93867],[7.01575,4.93867],[7.01575,4.93858],[7.01584,4.93858],[7.01584,4.93849],[7.01611,4.93849],[7.01611,4.9384],[7.01602,4.9384],[7.01602,4.93831],[7.01611,4.93831],[7.01611,4.93822],[7.0162,4.93822],[7.0162,4.93813],[7.01638,4.93813],[7.01638,4.93822],[7.01629,4.93822],[7.01629,4.93831],[7.01665,4.93831],[7.01665,4.93858],[7.01683,4.93858],[7.01683,4.93849],[7.01701,4.93849],[7.01701,4.9384],[7.01692,4.9384],[7.01692,4.93822],[7.01719,4.93822],[7.01719,4.93831],[7.01728,4.93831],[7.01728,4.93822],[7.01737,4.93822],[7.01737,4.93786],[7.01755,4.93786],[7.01755,4.93795],[7.01773,4.93795],[7.01773,4.93804],[7.01782,4.93804],[7.01782,4.93813],[7.01791,4.93813],[7.01791,4.93822],[7.018,4.93822],[7.018,4.93813],[7.01809,4.93813],[7.01809,4.93804],[7.01845,4.93804],[7.01845,4.93822],[7.0189,4.93822],[7.0189,4.93813],[7.01935,4.93813],[7.01935,4.93822],[7.01944,4.93822],[7.01944,4.93813],[7.01962,4.93813],[7.01962,4.93822],[7.01979,4.93822],[7.01979,4.93813],[7.01997,4.93813],[7.01997,4.93786],[7.02006,4.93786],[7.02006,4.93759],[7.02015,4.93759],[7.02015,4.9375],[7.01997,4.9375],[7.01997,4.93741],[7.01988,4.93741],[7.01988,4.93732],[7.01979,4.93732],[7.01979,4.93723],[7.01971,4.93723],[7.01971,4.93714],[7.01962,4.93714],[7.01962,4.93696],[7.01988,4.93696],[7.01988,4.93687],[7.01997,4.93687],[7.01997,4.93696],[7.01988,4.93696],[7.01988,4.93705],[7.02015,4.93705],[7.02015,4.93696],[7.02024,4.93696],[7.02024,4.93687],[7.02087,4.93687],[7.02087,4.93696],[7.02096,4.93696],[7.02096,4.93687],[7.02114,4.93687],[7.02114,4.93669],[7.02096,4.93669],[7.02096,4.9366],[7.02105,4.9366],[7.02105,4.93651],[7.02096,4.93651],[7.02096,4.93633],[7.02114,4.93633],[7.02114,4.93624],[7.02123,4.93624],[7.02123,4.93606],[7.02132,4.93606],[7.02132,4.93597],[7.02123,4.93597],[7.02123,4.93588],[7.02141,4.93588],[7.02141,4.93597],[7.02159,4.93597],[7.02159,4.93606],[7.02177,4.93606],[7.02177,4.93615],[7.02204,4.93615],[7.02204,4.93624],[7.02213,4.93624],[7.02213,4.93642],[7.02222,4.93642],[7.02222,4.93633],[7.02249,4.93633],[7.02249,4.93642],[7.02267,4.93642],[7.02267,4.93651],[7.02285,4.93651],[7.02285,4.9366],[7.02312,4.9366],[7.02312,4.93669],[7.0233,4.93669],[7.0233,4.93678],[7.02357,4.93678],[7.02357,4.93687],[7.02375,4.93687],[7.02375,4.93705],[7.02366,4.93705],[7.02366,4.93714],[7.02357,4.93714],[7.02357,4.93723],[7.02366,4.93723],[7.02366,4.93732],[7.02375,4.93732],[7.02375,4.93741],[7.02366,4.93741],[7.02366,4.93768],[7.02357,4.93768],[7.02357,4.93777],[7.02339,4.93777],[7.02339,4.93786],[7.0233,4.93786],[7.0233,4.93795],[7.02375,4.93795],[7.02375,4.93786],[7.02411,4.93786],[7.02411,4.93795],[7.02402,4.93795],[7.02402,4.93813],[7.02393,4.93813],[7.02393,4.93804],[7.02384,4.93804],[7.02384,4.93822],[7.02402,4.93822],[7.02402,4.9384],[7.02384,4.9384],[7.02384,4.93858],[7.02375,4.93858],[7.02375,4.93867],[7.02384,4.93867],[7.02384,4.93885],[7.02375,4.93885],[7.02375,4.93894],[7.02348,4.93894],[7.02348,4.93885],[7.0233,4.93885],[7.0233,4.93876],[7.02321,4.93876],[7.02321,4.93867],[7.02312,4.93867],[7.02312,4.9384],[7.02303,4.9384],[7.02303,4.93849],[7.02294,4.93849],[7.02294,4.9384],[7.02285,4.9384],[7.02285,4.93849],[7.02276,4.93849],[7.02276,4.93867],[7.02258,4.93867],[7.02258,4.93858],[7.02231,4.93858],[7.02231,4.93849],[7.02249,4.93849],[7.02249,4.9384],[7.02285,4.9384],[7.02285,4.93813],[7.02276,4.93813],[7.02276,4.93804],[7.02285,4.93804],[7.02285,4.93795],[7.02294,4.93795],[7.02294,4.93786],[7.02303,4.93786],[7.02303,4.93777],[7.02321,4.93777],[7.02321,4.93768],[7.02312,4.93768],[7.02312,4.9375],[7.02303,4.9375],[7.02303,4.93732],[7.02294,4.93732],[7.02294,4.93723],[7.02285,4.93723],[7.02285,4.93714],[7.02258,4.93714],[7.02258,4.93723],[7.0224,4.93723],[7.0224,4.93777],[7.02249,4.93777],[7.02249,4.93795],[7.0224,4.93795],[7.0224,4.93786],[7.02222,4.93786],[7.02222,4.93795],[7.02213,4.93795],[7.02213,4.93813],[7.02222,4.93813],[7.02222,4.93858],[7.02213,4.93858],[7.02213,4.93867],[7.02204,4.93867],[7.02204,4.93858],[7.02195,4.93858],[7.02195,4.93867],[7.02141,4.93867],[7.02141,4.93876],[7.02096,4.93876],[7.02096,4.93885],[7.02042,4.93885],[7.02042,4.93903],[7.02051,4.93903],[7.02051,4.93912],[7.02033,4.93912],[7.02033,4.93903],[7.02024,4.93903],[7.02024,4.93912],[7.02006,4.93912],[7.02006,4.9393],[7.01979,4.9393],[7.01979,4.93921],[7.01988,4.93921],[7.01988,4.93912],[7.01979,4.93912],[7.01979,4.93894],[7.01944,4.93894],[7.01944,4.93885],[7.01935,4.93885],[7.01935,4.93903],[7.01926,4.93903],[7.01926,4.93912],[7.01917,4.93912],[7.01917,4.9393],[7.01908,4.9393],[7.01908,4.93921],[7.01899,4.93921],[7.01899,4.9393],[7.01881,4.9393],[7.01881,4.93921],[7.01872,4.93921],[7.01872,4.9393],[7.01863,4.9393],[7.01863,4.93939],[7.01854,4.93939],[7.01854,4.93948],[7.01845,4.93948],[7.01845,4.93957],[7.01836,4.93957],[7.01836,4.93939],[7.01818,4.93939],[7.01818,4.93921],[7.01827,4.93921],[7.01827,4.93912],[7.01809,4.93912],[7.01809,4.93903],[7.018,4.93903],[7.018,4.93894],[7.01755,4.93894],[7.01755,4.93903],[7.01764,4.93903],[7.01764,4.93912],[7.01755,4.93912],[7.01755,4.93903],[7.01746,4.93903],[7.01746,4.93894],[7.01737,4.93894],[7.01737,4.93903],[7.01719,4.93903],[7.01719,4.93876],[7.01737,4.93876],[7.01737,4.93867],[7.01656,4.93867],[7.01656,4.93876],[7.01665,4.93876],[7.01665,4.93885],[7.01647,4.93885],[7.01647,4.93894],[7.01638,4.93894],[7.01638,4.93903],[7.01647,4.93903],[7.01647,4.93912],[7.01638,4.93912],[7.01638,4.93921],[7.01647,4.93921],[7.01647,4.9393],[7.01638,4.9393],[7.01638,4.93939],[7.01647,4.93939],[7.01647,4.93948],[7.01656,4.93948],[7.01656,4.93966],[7.01665,4.93966],[7.01665,4.93975],[7.01701,4.93975],[7.01701,4.93948],[7.01692,4.93948],[7.01692,4.93939],[7.0171,4.93939],[7.0171,4.9393],[7.01719,4.9393],[7.01719,4.93939],[7.01737,4.93939],[7.01737,4.93957],[7.01728,4.93957],[7.01728,4.93966],[7.01719,4.93966],[7.01719,4.93975],[7.0171,4.93975],[7.0171,4.93984],[7.01728,4.93984],[7.01728,4.93993],[7.01737,4.93993],[7.01737,4.94011],[7.01719,4.94011],[7.01719,4.9402],[7.01728,4.9402],[7.01728,4.94037],[7.01737,4.94037],[7.01737,4.94046],[7.01728,4.94046],[7.01728,4.94037],[7.01683,4.94037],[7.01683,4.94028],[7.01674,4.94028],[7.01674,4.9402],[7.01665,4.9402],[7.01665,4.93984],[7.01647,4.93984],[7.01647,4.93975],[7.0162,4.93975],[7.0162,4.93966],[7.01593,4.93966],[7.01593,4.93957],[7.01584,4.93957],[7.01584,4.93975],[7.01593,4.93975],[7.01593,4.93984],[7.01584,4.93984],[7.01584,4.93993],[7.01593,4.93993],[7.01593,4.94011],[7.01602,4.94011],[7.01602,4.9402],[7.01611,4.9402],[7.01611,4.94037],[7.01602,4.94037],[7.01602,4.94055],[7.01593,4.94055]],[[7.02114,4.93651],[7.02105,4.93651],[7.02105,4.93642],[7.02114,4.93642],[7.02114,4.93651]],[[7.02159,4.93714],[7.0215,4.93714],[7.0215,4.93705],[7.02132,4.93705],[7.02132,4.93687],[7.02141,4.93687],[7.02141,4.93678],[7.02123,4.93678],[7.02123,4.9366],[7.02132,4.9366],[7.02132,4.93669],[7.02159,4.93669],[7.02159,4.93651],[7.02177,4.93651],[7.02177,4.93642],[7.02168,4.93642],[7.02168,4.93633],[7.02186,4.93633],[7.02186,4.93642],[7.02213,4.93642],[7.02213,4.93651],[7.02222,4.93651],[7.02222,4.9366],[7.02213,4.9366],[7.02213,4.93669],[7.02204,4.93669],[7.02204,4.9366],[7.02195,4.9366],[7.02195,4.93678],[7.02186,4.93678],[7.02186,4.93687],[7.02195,4.93687],[7.02195,4.93705],[7.02159,4.93705],[7.02159,4.93714]],[[7.02258,4.93714],[7.02249,4.93714],[7.02249,4.93705],[7.02258,4.93705],[7.02258,4.93714]],[[7.02357,4.93714],[7.02348,4.93714],[7.02348,4.93705],[7.02357,4.93705],[7.02357,4.93714]],[[7.0215,4.93723],[7.02141,4.93723],[7.02141,4.93714],[7.0215,4.93714],[7.0215,4.93723]],[[7.02231,4.93723],[7.02222,4.93723],[7.02222,4.93714],[7.02231,4.93714],[7.02231,4.93723]],[[7.0233,4.93786],[7.02321,4.93786],[7.02321,4.93777],[7.0233,4.93777],[7.0233,4.93786]],[[7.01836,4.93822],[7.01827,4.93822],[7.01827,4.93813],[7.01836,4.93813],[7.01836,4.93822]],[[7.02357,4.93831],[7.02348,4.93831],[7.02348,4.93822],[7.02357,4.93822],[7.02357,4.93831]],[[7.02303,4.9384],[7.02294,4.9384],[7.02294,4.93822],[7.02303,4.93822],[7.02303,4.9384]],[[7.01791,4.93849],[7.01782,4.93849],[7.01782,4.93831],[7.01791,4.93831],[7.01791,4.93849]],[[7.02267,4.93858],[7.02258,4.93858],[7.02258,4.93849],[7.02267,4.93849],[7.02267,4.93858]],[[7.02348,4.93876],[7.02339,4.93876],[7.02339,4.93858],[7.02357,4.93858],[7.02357,4.93867],[7.02348,4.93867],[7.02348,4.93876]],[[7.01638,4.93912],[7.01629,4.93912],[7.01629,4.93903],[7.01638,4.93903],[7.01638,4.93912]],[[7.01845,4.93939],[7.01836,4.93939],[7.01836,4.9393],[7.01845,4.9393],[7.01845,4.93939]],[[7.0162,4.93957],[7.01611,4.93957],[7.01611,4.93948],[7.01602,4.93948],[7.01602,4.93939],[7.01593,4.93939],[7.01593,4.9393],[7.01611,4.9393],[7.01611,4.93939],[7.0162,4.93939],[7.0162,4.93957]]]}},{"type":"Feature","properties":{},"geometry":{"geodesic":false,"type":"Polygon","coordinates":[[[7.04486,4.99113],[7.04486,4.99104],[7.04477,4.99104],[7.04477,4.99095],[7.04495,4.99095],[7.04495,4.99086],[7.04486,4.99086],[7.04486,4.99068],[7.04477,4.99068],[7.04477,4.99059],[7.04468,4.99059],[7.04468,4.99068],[7.0445,4.99068],[7.0445,4.99077],[7.04441,4.99077],[7.04441,4.99068],[7.0445,4.99068],[7.0445,4.99059],[7.04441,4.99059],[7.04441,4.9905],[7.0445,4.9905],[7.0445,4.99032],[7.04441,4.99032],[7.04441,4.99023],[7.0445,4.99023],[7.0445,4.99005],[7.04459,4.99005],[7.04459,4.98987],[7.04468,4.98987],[7.04468,4.98978],[7.04486,4.98978],[7.04486,4.98969],[7.04504,4.98969],[7.04504,4.98987],[7.04522,4.98987],[7.04522,4.99005],[7.04549,4.99005],[7.04549,4.99014],[7.04558,4.99014],[7.04558,4.99041],[7.04567,4.99041],[7.04567,4.9905],[7.04558,4.9905],[7.04558,4.99059],[7.04549,4.99059],[7.04549,4.99068],[7.04531,4.99068],[7.04531,4.99086],[7.04522,4.99086],[7.04522,4.99104],[7.04504,4.99104],[7.04504,4.99113],[7.04486,4.99113]],[[7.04513,4.99095],[7.04504,4.99095],[7.04504,4.99086],[7.04513,4.99086],[7.04513,4.99095]]]}}]}