{"type":"FeatureCollection","features":[{"type":"Feature","properties":{"h":3.0,"on_route":false},"geometry":{"type":"Polygon","coordinates":[[[7.074021,4.827553],[7.073914,4.827632],[7.073876,4.827581],[7.073902,4.827562],[7.073894,4.827552],[7.073976,4.827491],[7.074021,4.827553]]]}},{"type":"Feature","properties":{"h":3.0,"on_route":false},"geometry":{"type":"Polygon","coordinates":[[[7.072405,4.831928],[7.072351,4.831933],[7.072337,4.831795],[7.07239,4.831789],[7.072405,4.831928]]]}},{"type":"Feature","properties":{"h":3.0,"on_route":false},"geometry":{"type":"Polygon","coordinates":[[[7.074596,4.833388],[7.074577,4.833467],[7.074606,4.833474],[7.074596,4.833518],[7.074501,4.833496],[7.074529,4.833373],[7.074596,4.833388]]]}},{"type":"Feature","properties":{"h":3.0,"on_route":false},"geometry":{"type":"Polygon","coordinates":[[[7.073231,4.82752],[7.073203,4.827539],[7.073225,4.827571],[7.073181,4.827602],[7.073137,4.827539],[7.073209,4.827488],[7.073231,4.82752]]]}},{"type":"Feature","properties":{"h":3.0,"on_route":false},"geometry":{"type":"Polygon","coordinates":[[[7.072505,4.828313],[7.072462,4.828347],[7.072398,4.828265],[7.072441,4.828231],[7.072505,4.828313]]]}},{"type":"Feature","properties":{"h":3.0,"on_route":false},"geometry":{"type":"Polygon","coordinates":[[[7.076207,4.826511],[7.076227,4.826581],[7.076174,4.826596],[7.076154,4.826526],[7.076207,4.826511]]]}},{"type":"Feature","properties":{"h":3.0,"on_route":false},"geometry":{"type":"Polygon","coordinates":[[[7.07747,4.828173],[7.077496,4.828226],[7.077459,4.828244],[7.077433,4.828191],[7.07747,4.828173]]]}},{"type":"Feature","properties":{"h":3.0,"on_route":false},"geometry":{"type":"Polygon","coordinates":[[[7.074453,4.82657],[7.074345,4.8266],[7.074283,4.82638],[7.074391,4.82635],[7.074453,4.82657]]]}},{"type":"Feature","properties":{"h":3.0,"on_route":false},"geometry":{"type":"Polygon","coordinates":[[[7.073828,4.825926],[7.073737,4.825951],[7.073723,4.825901],[7.073815,4.825876],[7.073828,4.825926]]]}},{"type":"Feature","properties":{"h":3.0,"on_route":false},"geometry":{"type":"Polygon","coordinates":[[[7.07238,4.830739],[7.072306,4.830813],[7.072229,4.830736],[7.072303,4.830662],[7.07238,4.830739]]]}},{"type":"Feature","properties":{"h":3.0,"on_route":false},"geometry":{"type":"Polygon","coordinates":[[[7.074334,4.827592],[7.074387,4.827684],[7.074325,4.82772],[7.074282,4.827645],[7.074326,4.82762],[7.074316,4.827602],[7.074334,4.827592]]]}},{"type":"Feature","properties":{"h":3.0,"on_route":false},"geometry":{"type":"Polygon","coordinates":[[[7.074789,4.828869],[7.074818,4.828839],[7.074865,4.828884],[7.07476,4.828996],[7.07465,4.828891],[7.074627,4.828916],[7.074597,4.828887],[7.07462,4.828863],[7.074511,4.828758],[7.074587,4.828677],[7.074789,4.828869]]]}},{"type":"Feature","properties":{"h":3.0,"on_route":false},"geometry":{"type":"Polygon","coordinates":[[[7.069897,4.831665],[7.069818,4.831671],[7.069808,4.83154],[7.069887,4.831534],[7.069897,4.831665]]]}},{"type":"Feature","properties":{"h":3.0,"on_route":false},"geometry":{"type":"Polygon","coordinates":[[[7.076492,4.826675],[7.076411,4.826698],[7.076333,4.826421],[7.076413,4.826398],[7.076492,4.826675]]]}},{"type":"Feature","properties":{"h":3.0,"on_route":false},"geometry":{"type":"Polygon","coordinates":[[[7.075128,4.827013],[7.075136,4.827068],[7.075095,4.827073],[7.075087,4.827018],[7.075128,4.827013]]]}},{"type":"Feature","properties":{"h":3.0,"on_route":false},"geometry":{"type":"Polygon","coordinates":[[[7.075645,4.832881],[7.07564,4.832945],[7.075508,4.832934],[7.075513,4.832871],[7.075645,4.832881]]]}},{"type":"Feature","properties":{"h":3.0,"on_route":false},"geometry":{"type":"Polygon","coordinates":[[[7.072883,4.831318],[7.072865,4.831434],[7.072743,4.831415],[7.072761,4.831299],[7.072883,4.831318]]]}},{"type":"Feature","properties":{"h":3.0,"on_route":false},"geometry":{"type":"Polygon","coordinates":[[[7.07299,4.827515],[7.072814,4.827639],[7.072734,4.827525],[7.072909,4.827401],[7.07299,4.827515]]]}},{"type":"Feature","properties":{"h":3.0,"on_route":false},"geometry":{"type":"Polygon","coordinates":[[[7.073023,4.830459],[7.072987,4.830454],[7.072991,4.830427],[7.073027,4.830432],[7.073023,4.830459]]]}},{"type":"Feature","properties":{"h":3.0,"on_route":false},"geometry":{"type":"Polygon","coordinates":[[[7.070504,4.82793],[7.070455,4.827955],[7.070389,4.827829],[7.070438,4.827803],[7.070504,4.82793]]]}},{"type":"Feature","properties":{"h":3.0,"on_route":false},"geometry":{"type":"Polygon","coordinates":[[[7.075489,4.833227],[7.075532,4.833463],[7.07547,4.833474],[7.075427,4.833238],[7.075489,4.833227]]]}},{"type":"Feature","properties":{"h":3.0,"on_route":false},"geometry":{"type":"Polygon","coordinates":[[[7.071363,4.82647],[7.071289,4.826529],[7.071263,4.826497],[7.071337,4.826438],[7.071363,4.82647]]]}},{"type":"Feature","properties":{"h":3.0,"on_route":false},"geometry":{"type":"Polygon","coordinates":[[[7.073189,4.830605],[7.073117,4.830664],[7.073054,4.830588],[7.073126,4.830528],[7.073189,4.830605]]]}},{"type":"Feature","properties":{"h":3.0,"on_route":false},"geometry":{"type":"Polygon","coordinates":[[[7.070866,4.828892],[7.070802,4.82884],[7.070883,4.828741],[7.070947,4.828794],[7.070866,4.828892]]]}},{"type":"Feature","properties":{"h":3.0,"on_route":false},"geometry":{"type":"Polygon","coordinates":[[[7.072361,4.829171],[7.072249,4.829252],[7.072203,4.829189],[7.072314,4.829107],[7.072361,4.829171]]]}},{"type":"Feature","properties":{"h":3.0,"on_route":false},"geometry":{"type":"Polygon","coordinates":[[[7.071748,4.829011],[7.071664,4.829094],[7.071555,4.828982],[7.071639,4.8289],[7.071748,4.829011]]]}},{"type":"Feature","properties":{"h":3.0,"on_route":false},"geometry":{"type":"Polygon","coordinates":[[[7.069793,4.831392],[7.069783,4.831432],[7.069703,4.831412],[7.069713,4.831372],[7.069793,4.831392]]]}},{"type":"Feature","properties":{"h":3.0,"on_route":false},"geometry":{"type":"Polygon","coordinates":[[[7.071699,4.828313],[7.071668,4.828268],[7.071826,4.828158],[7.071847,4.828189],[7.071867,4.828175],[7.071877,4.82819],[7.071699,4.828313]]]}},{"type":"Feature","properties":{"h":3.0,"on_route":false},"geometry":{"type":"Polygon","coordinates":[[[7.075693,4.825269],[7.075621,4.825288],[7.07561,4.825248],[7.075682,4.825229],[7.075693,4.825269]]]}},{"type":"Feature","properties":{"h":3.0,"on_route":false},"geometry":{"type":"Polygon","coordinates":[[[7.074704,4.832276],[7.074689,4.832338],[7.074639,4.832326],[7.074654,4.832264],[7.074704,4.832276]]]}},{"type":"Feature","properties":{"h":3.0,"on_route":false},"geometry":{"type":"Polygon","coordinates":[[[7.071923,4.833527],[7.072119,4.833855],[7.072064,4.833887],[7.071935,4.83367],[7.07188,4.833703],[7.071829,4.833617],[7.071871,4.833592],[7.071856,4.833567],[7.071923,4.833527]]]}},{"type":"Feature","properties":{"h":3.0,"on_route":false},"geometry":{"type":"Polygon","coordinates":[[[7.069917,4.829057],[7.069894,4.829145],[7.069763,4.829109],[7.069786,4.829022],[7.069917,4.829057]]]}},{"type":"Feature","properties":{"h":3.0,"on_route":false},"geometry":{"type":"Polygon","coordinates":[[[7.071151,4.832393],[7.071122,4.832407],[7.071169,4.83251],[7.071138,4.832525],[7.071095,4.832432],[7.07105,4.832453],[7.071084,4.832525],[7.071015,4.832557],[7.070982,4.832485],[7.071006,4.832474],[7.070979,4.832416],[7.071129,4.832346],[7.071151,4.832393]]]}},{"type":"Feature","properties":{"h":3.0,"on_route":false},"geometry":{"type":"Polygon","coordinates":[[[7.073801,4.826796],[7.07362,4.826854],[7.073586,4.826748],[7.073767,4.82669],[7.073801,4.826796]]]}},{"type":"Feature","properties":{"h":3.0,"on_route":false},"geometry":{"type":"Polygon","coordinates":[[[7.073377,4.833932],[7.073325,4.833925],[7.073362,4.833657],[7.073414,4.833664],[7.073377,4.833932]]]}},{"type":"Feature","properties":{"h":3.0,"on_route":false},"geometry":{"type":"Polygon","coordinates":[[[7.072948,4.831178],[7.072941,4.83121],[7.072971,4.831216],[7.072953,4.831299],[7.072877,4.831282],[7.072902,4.831168],[7.072948,4.831178]]]}},{"type":"Feature","properties":{"h":3.0,"on_route":false},"geometry":{"type":"Polygon","coordinates":[[[7.072759,4.832119],[7.072683,4.832136],[7.072691,4.832171],[7.072617,4.832187],[7.072609,4.832152],[7.072574,4.83216],[7.072551,4.832057],[7.072737,4.832016],[7.072759,4.832119]]]}},{"type":"Feature","properties":{"h":3.0,"on_route":false},"geometry":{"type":"Polygon","coordinates":[[[7.070102,4.830262],[7.070097,4.830323],[7.070105,4.830324],[7.070102,4.830365],[7.069988,4.830355],[7.069991,4.830314],[7.069943,4.83031],[7.069948,4.830249],[7.070102,4.830262]]]}},{"type":"Feature","properties":{"h":3.0,"on_route":false},"geometry":{"type":"Polygon","coordinates":[[[7.073603,4.827922],[7.073502,4.827997],[7.07345,4.827927],[7.07355,4.827851],[7.073603,4.827922]]]}},{"type":"Feature","properties":{"h":3.0,"on_route":false},"geometry":{"type":"Polygon","coordinates":[[[7.071749,4.8317],[7.071606,4.83171],[7.071597,4.831582],[7.07174,4.831572],[7.071749,4.8317]]]}},{"type":"Feature","properties":{"h":3.0,"on_route":false},"geometry":{"type":"Polygon","coordinates":[[[7.074605,4.826411],[7.074535,4.826436],[7.074507,4.826354],[7.074577,4.82633],[7.074605,4.826411]]]}},{"type":"Feature","properties":{"h":3.0,"on_route":false},"geometry":{"type":"Polygon","coordinates":[[[7.072132,4.827619],[7.072098,4.827649],[7.072055,4.827599],[7.072089,4.827569],[7.072132,4.827619]]]}},{"type":"Feature","properties":{"h":3.0,"on_route":false},"geometry":{"type":"Polygon","coordinates":[[[7.076381,4.826651],[7.076397,4.826646],[7.076411,4.826698],[7.076318,4.826725],[7.076286,4.82661],[7.076314,4.826602],[7.076268,4.826439],[7.076317,4.826425],[7.076381,4.826651]]]}},{"type":"Feature","properties":{"h":3.0,"on_route":true},"geometry":{"type":"Polygon","coordinates":[[[7.071967,4.826724],[7.071972,4.826759],[7.071949,4.826761],[7.071945,4.826726],[7.071967,4.826724]]]}},{"type":"Feature","properties":{"h":3.0,"on_route":false},"geometry":{"type":"Polygon","coordinates":[[[7.073255,4.831921],[7.073254,4.83195],[7.073212,4.831949],[7.073213,4.83192],[7.073255,4.831921]]]}},{"type":"Feature","properties":{"h":3.0,"on_route":false},"geometry":{"type":"Polygon","coordinates":[[[7.071361,4.832747],[7.071276,4.832792],[7.071223,4.83282],[7.071159,4.8327],[7.071297,4.832626],[7.071361,4.832747]]]}},{"type":"Feature","properties":{"h":3.0,"on_route":false},"geometry":{"type":"Polygon","coordinates":[[[7.075493,4.825662],[7.075328,4.825713],[7.075296,4.825608],[7.075462,4.825557],[7.075493,4.825662]]]}},{"type":"Feature","properties":{"h":3.0,"on_route":false},"geometry":{"type":"Polygon","coordinates":[[[7.071129,4.828463],[7.071042,4.828476],[7.071037,4.828442],[7.071124,4.828429],[7.071129,4.828463]]]}},{"type":"Feature","properties":{"h":3.0,"on_route":false},"geometry":{"type":"Polygon","coordinates":[[[7.072523,4.825612],[7.072518,4.825657],[7.072482,4.825653],[7.072487,4.825609],[7.072523,4.825612]]]}},{"type":"Feature","properties":{"h":3.0,"on_route":false},"geometry":{"type":"Polygon","coordinates":[[[7.070881,4.83142],[7.070733,4.831437],[7.070723,4.831358],[7.070872,4.83134],[7.070881,4.83142]]]}},{"type":"Feature","properties":{"h":3.0,"on_route":false},"geometry":{"type":"Polygon","coordinates":[[[7.070126,4.829195],[7.070118,4.829307],[7.070012,4.829299],[7.07002,4.829187],[7.070126,4.829195]]]}},{"type":"Feature","properties":{"h":3.0,"on_route":false},"geometry":{"type":"Polygon","coordinates":[[[7.072188,4.830759],[7.072116,4.830831],[7.072037,4.830752],[7.072109,4.830679],[7.072188,4.830759]]]}},{"type":"Feature","properties":{"h":3.0,"on_route":false},"geometry":{"type":"Polygon","coordinates":[[[7.074972,4.82514],[7.074771,4.825244],[7.074728,4.825159],[7.074929,4.825056],[7.074972,4.82514]]]}},{"type":"Feature","properties":{"h":3.0,"on_route":false},"geometry":{"type":"Polygon","coordinates":[[[7.069675,4.828099],[7.069608,4.828442],[7.069505,4.828422],[7.069572,4.828079],[7.069675,4.828099]]]}},{"type":"Feature","properties":{"h":3.0,"on_route":false},"geometry":{"type":"Polygon","coordinates":[[[7.071447,4.831476],[7.071346,4.831514],[7.071249,4.831254],[7.07135,4.831216],[7.071447,4.831476]]]}},{"type":"Feature","properties":{"h":3.0,"on_route":false},"geometry":{"type":"Polygon","coordinates":[[[7.069572,4.827849],[7.069577,4.827818],[7.069619,4.827825],[7.069614,4.827856],[7.069649,4.827862],[7.069636,4.827946],[7.069516,4.827927],[7.06953,4.827842],[7.069572,4.827849]]]}},{"type":"Feature","properties":{"h":3.0,"on_route":true},"geometry":{"type":"Polygon","coordinates":[[[7.073229,4.828023],[7.073186,4.828042],[7.073174,4.828014],[7.073217,4.827995],[7.073229,4.828023]]]}},{"type":"Feature","properties":{"h":3.0,"on_route":false},"geometry":{"type":"Polygon","coordinates":[[[7.074936,4.825833],[7.074838,4.825866],[7.07482,4.825812],[7.074918,4.825779],[7.074936,4.825833]]]}},{"type":"Feature","properties":{"h":3.0,"on_route":false},"geometry":{"type":"Polygon","coordinates":[[[7.070656,4.828792],[7.070646,4.828829],[7.070565,4.828806],[7.070576,4.828769],[7.070656,4.828792]]]}},{"type":"Feature","properties":{"h":3.0,"on_route":false},"geometry":{"type":"Polygon","coordinates":[[[7.072785,4.831962],[7.072474,4.83203],[7.07245,4.831922],[7.072762,4.831854],[7.072785,4.831962]]]}},{"type":"Feature","properties":{"h":3.0,"on_route":false},"geometry":{"type":"Polygon","coordinates":[[[7.070041,4.827016],[7.069984,4.827002],[7.070043,4.826751],[7.0701,4.826765],[7.070041,4.827016]]]}},{"type":"Feature","properties":{"h":3.0,"on_route":false},"geometry":{"type":"Polygon","coordinates":[[[7.072974,4.83174],[7.072968,4.831805],[7.072762,4.831785],[7.072769,4.83172],[7.072974,4.83174]]]}},{"type":"Feature","properties":{"h":3.0,"on_route":false},"geometry":{"type":"Polygon","coordinates":[[[7.070387,4.831323],[7.070397,4.831413],[7.070317,4.831422],[7.070307,4.831333],[7.070387,4.831323]]]}},{"type":"Feature","properties":{"h":3.0,"on_route":false},"geometry":{"type":"Polygon","coordinates":[[[7.072685,4.833027],[7.072839,4.833191],[7.072806,4.833223],[7.072792,4.833209],[7.07275,4.833249],[7.072609,4.833099],[7.072685,4.833027]]]}},{"type":"Feature","properties":{"h":3.0,"on_route":false},"geometry":{"type":"Polygon","coordinates":[[[7.069992,4.83158],[7.069899,4.831586],[7.069896,4.831538],[7.069989,4.831532],[7.069992,4.83158]]]}},{"type":"Feature","properties":{"h":3.0,"on_route":false},"geometry":{"type":"Polygon","coordinates":[[[7.075916,4.833226],[7.075923,4.83334],[7.075782,4.833349],[7.075774,4.833235],[7.075916,4.833226]]]}},{"type":"Feature","properties":{"h":3.0,"on_route":false},"geometry":{"type":"Polygon","coordinates":[[[7.073096,4.831606],[7.073087,4.831681],[7.073024,4.831673],[7.073034,4.831598],[7.073096,4.831606]]]}},{"type":"Feature","properties":{"h":3.0,"on_route":false},"geometry":{"type":"Polygon","coordinates":[[[7.071787,4.833365],[7.071662,4.833448],[7.07161,4.833369],[7.071632,4.833355],[7.071583,4.833281],[7.071687,4.833212],[7.071787,4.833365]]]}},{"type":"Feature","properties":{"h":3.0,"on_route":true},"geometry":{"type":"Polygon","coordinates":[[[7.072292,4.827264],[7.072228,4.827286],[7.072212,4.82724],[7.072277,4.827218],[7.072292,4.827264]]]}},{"type":"Feature","properties":{"h":3.0,"on_route":false},"geometry":{"type":"Polygon","coordinates":[[[7.072542,4.830609],[7.072515,4.830624],[7.072501,4.830601],[7.072529,4.830585],[7.072542,4.830609]]]}},{"type":"Feature","properties":{"h":3.0,"on_route":false},"geometry":{"type":"Polygon","coordinates":[[[7.073089,4.826627],[7.073017,4.826669],[7.072976,4.826599],[7.073048,4.826557],[7.073089,4.826627]]]}},{"type":"Feature","properties":{"h":3.0,"on_route":false},"geometry":{"type":"Polygon","coordinates":[[[7.070302,4.830132],[7.070259,4.830088],[7.070361,4.829987],[7.070404,4.830031],[7.070302,4.830132]]]}},{"type":"Feature","properties":{"h":3.0,"on_route":false},"geometry":{"type":"Polygon","coordinates":[[[7.073245,4.831388],[7.073244,4.831452],[7.073063,4.831451],[7.073064,4.831387],[7.073245,4.831388]]]}},{"type":"Feature","properties":{"h":3.0,"on_route":false},"geometry":{"type":"Polygon","coordinates":[[[7.077501,4.830942],[7.077449,4.830975],[7.077429,4.830943],[7.077374,4.830979],[7.077361,4.830958],[7.077267,4.831017],[7.077212,4.830929],[7.077412,4.830802],[7.077501,4.830942]]]}},{"type":"Feature","properties":{"h":3.0,"on_route":false},"geometry":{"type":"Polygon","coordinates":[[[7.069477,4.830598],[7.069419,4.830597],[7.06942,4.83041],[7.069479,4.830411],[7.069477,4.830598]]]}},{"type":"Feature","properties":{"h":3.0,"on_route":false},"geometry":{"type":"Polygon","coordinates":[[[7.072461,4.832314],[7.072364,4.832369],[7.072296,4.832251],[7.072394,4.832195],[7.072461,4.832314]]]}},{"type":"Feature","properties":{"h":3.0,"on_route":false},"geometry":{"type":"Polygon","coordinates":[[[7.073885,4.830619],[7.073731,4.830722],[7.073697,4.830671],[7.073753,4.830633],[7.073707,4.830565],[7.073748,4.830537],[7.073734,4.830516],[7.073791,4.830478],[7.073885,4.830619]]]}},{"type":"Feature","properties":{"h":3.0,"on_route":false},"geometry":{"type":"Polygon","coordinates":[[[7.069801,4.831479],[7.069798,4.831417],[7.069882,4.831413],[7.069888,4.831534],[7.069728,4.831541],[7.069726,4.831483],[7.069801,4.831479]]]}},{"type":"Feature","properties":{"h":3.0,"on_route":false},"geometry":{"type":"Polygon","coordinates":[[[7.072681,4.825654],[7.072672,4.825775],[7.072611,4.82577],[7.072621,4.825649],[7.072681,4.825654]]]}},{"type":"Feature","properties":{"h":3.0,"on_route":true},"geometry":{"type":"Polygon","coordinates":[[[7.073109,4.828125],[7.073,4.82819],[7.072881,4.827991],[7.072991,4.827926],[7.073109,4.828125]]]}},{"type":"Feature","properties":{"h":3.0,"on_route":false},"geometry":{"type":"Polygon","coordinates":[[[7.073441,4.827468],[7.073356,4.827534],[7.073303,4.827467],[7.073389,4.827401],[7.073441,4.827468]]]}},{"type":"Feature","properties":{"h":3.0,"on_route":false},"geometry":{"type":"Polygon","coordinates":[[[7.071098,4.827312],[7.071087,4.827397],[7.07093,4.827378],[7.07094,4.827293],[7.071098,4.827312]]]}},{"type":"Feature","properties":{"h":3.0,"on_route":false},"geometry":{"type":"Polygon","coordinates":[[[7.076266,4.832489],[7.076236,4.832608],[7.076027,4.832556],[7.076057,4.832437],[7.076266,4.832489]]]}},{"type":"Feature","properties":{"h":3.0,"on_route":false},"geometry":{"type":"Polygon","coordinates":[[[7.075391,4.832935],[7.075366,4.832981],[7.075338,4.832966],[7.075363,4.83292],[7.075391,4.832935]]]}},{"type":"Feature","properties":{"h":3.0,"on_route":false},"geometry":{"type":"Polygon","coordinates":[[[7.07236,4.830477],[7.072284,4.83055],[7.072214,4.830475],[7.072223,4.830466],[7.07219,4.830431],[7.072257,4.830368],[7.07236,4.830477]]]}},{"type":"Feature","properties":{"h":3.0,"on_route":false},"geometry":{"type":"Polygon","coordinates":[[[7.074112,4.832173],[7.074037,4.832263],[7.074024,4.832252],[7.074006,4.832273],[7.073971,4.832243],[7.073989,4.832222],[7.073932,4.832175],[7.073915,4.832196],[7.073839,4.832132],[7.073932,4.832021],[7.074112,4.832173]]]}},{"type":"Feature","properties":{"h":3.0,"on_route":false},"geometry":{"type":"Polygon","coordinates":[[[7.071291,4.831964],[7.0713,4.832032],[7.071261,4.832037],[7.071252,4.831969],[7.071291,4.831964]]]}},{"type":"Feature","properties":{"h":3.0,"on_route":false},"geometry":{"type":"Polygon","coordinates":[[[7.074761,4.831676],[7.074734,4.831812],[7.074697,4.831805],[7.074723,4.831669],[7.074761,4.831676]]]}},{"type":"Feature","properties":{"h":3.0,"on_route":false},"geometry":{"type":"Polygon","coordinates":[[[7.07122,4.831317],[7.07114,4.831348],[7.071111,4.831272],[7.071191,4.831241],[7.07122,4.831317]]]}},{"type":"Feature","properties":{"h":3.0,"on_route":false},"geometry":{"type":"Polygon","coordinates":[[[7.072428,4.832192],[7.07233,4.832209],[7.072313,4.83211],[7.072411,4.832093],[7.072428,4.832192]]]}},{"type":"Feature","properties":{"h":3.0,"on_route":false},"geometry":{"type":"Polygon","coordinates":[[[7.073705,4.831662],[7.073591,4.83173],[7.073555,4.831671],[7.073669,4.831602],[7.073705,4.831662]]]}},{"type":"Feature","properties":{"h":3.0,"on_route":false},"geometry":{"type":"Polygon","coordinates":[[[7.073201,4.82645],[7.073045,4.826573],[7.072974,4.826481],[7.073129,4.826359],[7.073201,4.82645]]]}},{"type":"Feature","properties":{"h":3.0,"on_route":false},"geometry":{"type":"Polygon","coordinates":[[[7.073213,4.827742],[7.073025,4.82791],[7.072982,4.827862],[7.07317,4.827694],[7.073213,4.827742]]]}},{"type":"Feature","properties":{"h":3.0,"on_route":false},"geometry":{"type":"Polygon","coordinates":[[[7.07302,4.830832],[7.072885,4.830938],[7.072847,4.830889],[7.072982,4.830783],[7.07302,4.830832]]]}},{"type":"Feature","properties":{"h":3.0,"on_route":false},"geometry":{"type":"Polygon","coordinates":[[[7.072717,4.829979],[7.072654,4.830028],[7.072559,4.829907],[7.072622,4.829858],[7.072717,4.829979]]]}},{"type":"Feature","properties":{"h":3.0,"on_route":false},"geometry":{"type":"Polygon","coordinates":[[[7.071699,4.830826],[7.071759,4.830872],[7.071758,4.830906],[7.071725,4.830905],[7.071672,4.830851],[7.071673,4.830825],[7.071699,4.830826]]]}},{"type":"Feature","properties":{"h":3.0,"on_route":false},"geometry":{"type":"Polygon","coordinates":[[[7.076091,4.825339],[7.076118,4.825439],[7.076092,4.825446],[7.076065,4.825346],[7.076091,4.825339]]]}},{"type":"Feature","properties":{"h":3.0,"on_route":false},"geometry":{"type":"Polygon","coordinates":[[[7.074487,4.832843],[7.074471,4.832922],[7.074384,4.832904],[7.0744,4.832825],[7.074487,4.832843]]]}},{"type":"Feature","properties":{"h":3.0,"on_route":false},"geometry":{"type":"Polygon","coordinates":[[[7.074035,4.826603],[7.073958,4.826628],[7.073932,4.826547],[7.074009,4.826522],[7.074035,4.826603]]]}},{"type":"Feature","properties":{"h":3.0,"on_route":false},"geometry":{"type":"Polygon","coordinates":[[[7.071729,4.832259],[7.071657,4.832282],[7.071643,4.832238],[7.071715,4.832214],[7.071729,4.832259]]]}},{"type":"Feature","properties":{"h":3.0,"on_route":false},"geometry":{"type":"Polygon","coordinates":[[[7.070068,4.829483],[7.070063,4.829534],[7.070011,4.829529],[7.070009,4.82955],[7.069921,4.829542],[7.069927,4.829471],[7.070068,4.829483]]]}},{"type":"Feature","properties":{"h":3.0,"on_route":false},"geometry":{"type":"Polygon","coordinates":[[[7.070914,4.830828],[7.070842,4.830769],[7.070982,4.830599],[7.071053,4.830658],[7.070914,4.830828]]]}},{"type":"Feature","properties":{"h":3.0,"on_route":false},"geometry":{"type":"Polygon","coordinates":[[[7.069798,4.830896],[7.069721,4.83096],[7.0697,4.830935],[7.069776,4.830871],[7.069798,4.830896]]]}},{"type":"Feature","properties":{"h":3.0,"on_route":false},"geometry":{"type":"Polygon","coordinates":[[[7.070618,4.831526],[7.070582,4.831544],[7.070565,4.831508],[7.070601,4.83149],[7.070618,4.831526]]]}},{"type":"Feature","properties":{"h":3.0,"on_route":true},"geometry":{"type":"Polygon","coordinates":[[[7.073178,4.828207],[7.073114,4.828259],[7.073125,4.828272],[7.073079,4.828309],[7.073045,4.828267],[7.073154,4.828178],[7.073178,4.828207]]]}},{"type":"Feature","properties":{"h":3.0,"on_route":false},"geometry":{"type":"Polygon","coordinates":[[[7.074457,4.830122],[7.074397,4.830167],[7.074343,4.830095],[7.074334,4.830102],[7.07428,4.830031],[7.074348,4.829979],[7.074457,4.830122]]]}},{"type":"Feature","properties":{"h":3.0,"on_route":false},"geometry":{"type":"Polygon","coordinates":[[[7.069982,4.831529],[7.069888,4.831534],[7.069885,4.831475],[7.069979,4.831471],[7.069982,4.831529]]]}},{"type":"Feature","properties":{"h":3.0,"on_route":false},"geometry":{"type":"Polygon","coordinates":[[[7.07388,4.826052],[7.073787,4.826077],[7.073752,4.825947],[7.073845,4.825922],[7.07388,4.826052]]]}},{"type":"Feature","properties":{"h":3.0,"on_route":false},"geometry":{"type":"Polygon","coordinates":[[[7.074902,4.832248],[7.074877,4.832323],[7.074698,4.832262],[7.074723,4.832187],[7.074902,4.832248]]]}},{"type":"Feature","properties":{"h":3.0,"on_route":false},"geometry":{"type":"Polygon","coordinates":[[[7.072023,4.833362],[7.072042,4.833347],[7.072086,4.833402],[7.072001,4.83347],[7.07188,4.833317],[7.071946,4.833264],[7.072023,4.833362]]]}},{"type":"Feature","properties":{"h":3.0,"on_route":false},"geometry":{"type":"Polygon","coordinates":[[[7.075422,4.827495],[7.075404,4.827462],[7.075454,4.827435],[7.075472,4.827468],[7.075422,4.827495]]]}},{"type":"Feature","properties":{"h":3.0,"on_route":false},"geometry":{"type":"Polygon","coordinates":[[[7.070328,4.83068],[7.070278,4.830742],[7.070196,4.830676],[7.070245,4.830614],[7.070328,4.83068]]]}},{"type":"Feature","properties":{"h":3.0,"on_route":false},"geometry":{"type":"Polygon","coordinates":[[[7.075431,4.833503],[7.075408,4.833508],[7.075417,4.833558],[7.075347,4.833571],[7.075338,4.833521],[7.07536,4.833517],[7.07534,4.833409],[7.075411,4.833396],[7.075431,4.833503]]]}},{"type":"Feature","properties":{"h":3.0,"on_route":false},"geometry":{"type":"Polygon","coordinates":[[[7.074305,4.826888],[7.074197,4.826923],[7.074162,4.826816],[7.07427,4.826781],[7.074305,4.826888]]]}},{"type":"Feature","properties":{"h":3.0,"on_route":false},"geometry":{"type":"Polygon","coordinates":[[[7.072512,4.826206],[7.072456,4.826241],[7.072425,4.826191],[7.072481,4.826156],[7.072512,4.826206]]]}},{"type":"Feature","properties":{"h":3.0,"on_route":false},"geometry":{"type":"Polygon","coordinates":[[[7.072382,4.825848],[7.072369,4.82591],[7.072295,4.825894],[7.072308,4.825832],[7.072382,4.825848]]]}},{"type":"Feature","properties":{"h":3.0,"on_route":false},"geometry":{"type":"Polygon","coordinates":[[[7.073444,4.825726],[7.073168,4.82581],[7.073143,4.825728],[7.073397,4.825651],[7.073403,4.825671],[7.073426,4.825664],[7.073444,4.825726]]]}},{"type":"Feature","properties":{"h":3.0,"on_route":false},"geometry":{"type":"Polygon","coordinates":[[[7.07238,4.831718],[7.072184,4.831702],[7.072194,4.831575],[7.072332,4.831586],[7.072336,4.831529],[7.072394,4.831534],[7.07238,4.831718]]]}},{"type":"Feature","properties":{"h":3.0,"on_route":false},"geometry":{"type":"Polygon","coordinates":[[[7.072791,4.830413],[7.072629,4.830543],[7.07256,4.830456],[7.072723,4.830326],[7.072791,4.830413]]]}},{"type":"Feature","properties":{"h":3.0,"on_route":false},"geometry":{"type":"Polygon","coordinates":[[[7.072102,4.830988],[7.072032,4.831062],[7.071959,4.83099],[7.072029,4.830916],[7.072102,4.830988]]]}},{"type":"Feature","properties":{"h":3.0,"on_route":false},"geometry":{"type":"Polygon","coordinates":[[[7.071897,4.831715],[7.071804,4.831722],[7.071783,4.831473],[7.071877,4.831465],[7.071897,4.831715]]]}},{"type":"Feature","properties":{"h":3.0,"on_route":false},"geometry":{"type":"Polygon","coordinates":[[[7.07457,4.833158],[7.07449,4.833506],[7.074397,4.833484],[7.074477,4.833137],[7.07457,4.833158]]]}},{"type":"Feature","properties":{"h":3.0,"on_route":false},"geometry":{"type":"Polygon","coordinates":[[[7.072898,4.832042],[7.072816,4.832051],[7.072809,4.831978],[7.07289,4.831969],[7.072898,4.832042]]]}},{"type":"Feature","properties":{"h":3.0,"on_route":false},"geometry":{"type":"Polygon","coordinates":[[[7.073865,4.825477],[7.073773,4.825505],[7.073728,4.825358],[7.07382,4.82533],[7.073865,4.825477]]]}},{"type":"Feature","properties":{"h":3.0,"on_route":false},"geometry":{"type":"Polygon","coordinates":[[[7.074537,4.833918],[7.074515,4.834012],[7.074173,4.833932],[7.074195,4.833838],[7.074537,4.833918]]]}},{"type":"Feature","properties":{"h":3.0,"on_route":false},"geometry":{"type":"Polygon","coordinates":[[[7.070583,4.831324],[7.070545,4.831288],[7.070729,4.831091],[7.070767,4.831127],[7.070583,4.831324]]]}},{"type":"Feature","properties":{"h":3.0,"on_route":false},"geometry":{"type":"Polygon","coordinates":[[[7.070147,4.830424],[7.07011,4.830528],[7.070011,4.830492],[7.070049,4.830388],[7.070147,4.830424]]]}},{"type":"Feature","properties":{"h":3.0,"on_route":false},"geometry":{"type":"Polygon","coordinates":[[[7.069451,4.829487],[7.069431,4.829574],[7.069384,4.829563],[7.069404,4.829476],[7.069451,4.829487]]]}},{"type":"Feature","properties":{"h":3.0,"on_route":false},"geometry":{"type":"Polygon","coordinates":[[[7.072301,4.828717],[7.072242,4.828777],[7.072193,4.828729],[7.072252,4.828669],[7.072301,4.828717]]]}},{"type":"Feature","properties":{"h":3.0,"on_route":false},"geometry":{"type":"Polygon","coordinates":[[[7.07143,4.829354],[7.0714,4.829388],[7.071374,4.829366],[7.071351,4.829393],[7.071316,4.829362],[7.071368,4.829301],[7.07143,4.829354]]]}},{"type":"Feature","properties":{"h":3.0,"on_route":false},"geometry":{"type":"Polygon","coordinates":[[[7.074421,4.833314],[7.074395,4.833435],[7.074315,4.833418],[7.074341,4.833297],[7.074421,4.833314]]]}},{"type":"Feature","properties":{"h":3.0,"on_route":false},"geometry":{"type":"Polygon","coordinates":[[[7.075115,4.825626],[7.075012,4.825654],[7.074987,4.825564],[7.07509,4.825535],[7.075115,4.825626]]]}},{"type":"Feature","properties":{"h":3.0,"on_route":false},"geometry":{"type":"Polygon","coordinates":[[[7.072909,4.826069],[7.072781,4.826142],[7.072764,4.826113],[7.072893,4.826041],[7.072909,4.826069]]]}},{"type":"Feature","properties":{"h":3.0,"on_route":false},"geometry":{"type":"Polygon","coordinates":[[[7.075555,4.831714],[7.075553,4.831753],[7.075518,4.831752],[7.07552,4.831712],[7.075555,4.831714]]]}},{"type":"Feature","properties":{"h":3.0,"on_route":false},"geometry":{"type":"Polygon","coordinates":[[[7.070259,4.829707],[7.070235,4.829765],[7.070128,4.829719],[7.070153,4.829662],[7.070259,4.829707]]]}},{"type":"Feature","properties":{"h":3.0,"on_route":false},"geometry":{"type":"Polygon","coordinates":[[[7.06948,4.829163],[7.069399,4.829174],[7.069392,4.829127],[7.069474,4.829116],[7.06948,4.829163]]]}},{"type":"Feature","properties":{"h":3.0,"on_route":false},"geometry":{"type":"Polygon","coordinates":[[[7.071031,4.831328],[7.07088,4.831347],[7.070872,4.831287],[7.071024,4.831268],[7.071031,4.831328]]]}},{"type":"Feature","properties":{"h":3.0,"on_route":false},"geometry":{"type":"Polygon","coordinates":[[[7.070291,4.830819],[7.070166,4.830997],[7.07012,4.830964],[7.070244,4.830787],[7.070291,4.830819]]]}},{"type":"Feature","properties":{"h":3.0,"on_route":false},"geometry":{"type":"Polygon","coordinates":[[[7.074664,4.833697],[7.074646,4.833776],[7.07447,4.833735],[7.074488,4.833656],[7.074664,4.833697]]]}},{"type":"Feature","properties":{"h":3.0,"on_route":false},"geometry":{"type":"Polygon","coordinates":[[[7.074859,4.824775],[7.074696,4.824821],[7.074661,4.824697],[7.074823,4.82465],[7.074859,4.824775]]]}},{"type":"Feature","properties":{"h":3.0,"on_route":false},"geometry":{"type":"Polygon","coordinates":[[[7.074886,4.826191],[7.074931,4.826305],[7.074887,4.826322],[7.074843,4.826207],[7.074886,4.826191]]]}},{"type":"Feature","properties":{"h":3.0,"on_route":false},"geometry":{"type":"Polygon","coordinates":[[[7.069537,4.829213],[7.069383,4.829265],[7.069363,4.829203],[7.069516,4.829151],[7.069537,4.829213]]]}},{"type":"Feature","properties":{"h":3.0,"on_route":false},"geometry":{"type":"Polygon","coordinates":[[[7.070723,4.831358],[7.070717,4.831303],[7.070865,4.831285],[7.070872,4.83134],[7.070723,4.831358]]]}},{"type":"Feature","properties":{"h":3.0,"on_route":false},"geometry":{"type":"Polygon","coordinates":[[[7.076225,4.826739],[7.076073,4.826782],[7.07604,4.826664],[7.076192,4.826622],[7.076225,4.826739]]]}},{"type":"Feature","properties":{"h":3.0,"on_route":false},"geometry":{"type":"Polygon","coordinates":[[[7.070967,4.829629],[7.070939,4.829674],[7.070972,4.829695],[7.070948,4.829733],[7.070806,4.829643],[7.070858,4.82956],[7.070967,4.829629]]]}},{"type":"Feature","properties":{"h":3.0,"on_route":false},"geometry":{"type":"Polygon","coordinates":[[[7.070205,4.829569],[7.07018,4.829644],[7.070112,4.829621],[7.070137,4.829547],[7.070205,4.829569]]]}},{"type":"Feature","properties":{"h":3.0,"on_route":false},"geometry":{"type":"Polygon","coordinates":[[[7.074742,4.831517],[7.074748,4.831603],[7.07465,4.831611],[7.074644,4.831525],[7.074742,4.831517]]]}},{"type":"Feature","properties":{"h":3.0,"on_route":false},"geometry":{"type":"Polygon","coordinates":[[[7.073621,4.826218],[7.073566,4.826233],[7.073551,4.826178],[7.073606,4.826163],[7.073621,4.826218]]]}},{"type":"Feature","properties":{"h":3.0,"on_route":false},"geometry":{"type":"Polygon","coordinates":[[[7.074519,4.831547],[7.074518,4.831596],[7.074486,4.831595],[7.074488,4.831546],[7.074519,4.831547]]]}},{"type":"Feature","properties":{"h":3.0,"on_route":false},"geometry":{"type":"Polygon","coordinates":[[[7.074274,4.82643],[7.074201,4.826457],[7.07418,4.826399],[7.074253,4.826373],[7.074274,4.82643]]]}},{"type":"Feature","properties":{"h":3.0,"on_route":true},"geometry":{"type":"Polygon","coordinates":[[[7.0722,4.826947],[7.072121,4.826974],[7.072053,4.826778],[7.072131,4.82675],[7.0722,4.826947]]]}},{"type":"Feature","properties":{"h":3.0,"on_route":true},"geometry":{"type":"Polygon","coordinates":[[[7.072514,4.827447],[7.072429,4.8275],[7.072345,4.827363],[7.072429,4.827311],[7.072514,4.827447]]]}},{"type":"Feature","properties":{"h":3.0,"on_route":false},"geometry":{"type":"Polygon","coordinates":[[[7.071188,4.829976],[7.0711,4.830046],[7.071017,4.829941],[7.071106,4.829871],[7.071188,4.829976]]]}},{"type":"Feature","properties":{"h":3.0,"on_route":false},"geometry":{"type":"Polygon","coordinates":[[[7.07164,4.828905],[7.071557,4.828978],[7.071503,4.828916],[7.071585,4.828843],[7.07164,4.828905]]]}},{"type":"Feature","properties":{"h":3.0,"on_route":false},"geometry":{"type":"Polygon","coordinates":[[[7.071403,4.83201],[7.071306,4.832021],[7.071294,4.83191],[7.071391,4.8319],[7.071403,4.83201]]]}},{"type":"Feature","properties":{"h":3.0,"on_route":false},"geometry":{"type":"Polygon","coordinates":[[[7.07414,4.830523],[7.074076,4.830572],[7.07404,4.830524],[7.074104,4.830476],[7.07414,4.830523]]]}},{"type":"Feature","properties":{"h":3.0,"on_route":true},"geometry":{"type":"Polygon","coordinates":[[[7.072564,4.8281],[7.072401,4.828246],[7.072327,4.828162],[7.07249,4.828016],[7.072564,4.8281]]]}},{"type":"Feature","properties":{"h":3.0,"on_route":false},"geometry":{"type":"Polygon","coordinates":[[[7.07045,4.832303],[7.07034,4.832328],[7.070312,4.832208],[7.070422,4.832182],[7.07045,4.832303]]]}},{"type":"Feature","properties":{"h":3.0,"on_route":false},"geometry":{"type":"Polygon","coordinates":[[[7.070445,4.827978],[7.070457,4.828029],[7.070488,4.828022],[7.070505,4.828098],[7.070426,4.828117],[7.070418,4.82808],[7.070375,4.82809],[7.070354,4.827998],[7.070445,4.827978]]]}},{"type":"Feature","properties":{"h":3.0,"on_route":false},"geometry":{"type":"Polygon","coordinates":[[[7.071137,4.829249],[7.071103,4.829281],[7.071069,4.829246],[7.071102,4.829213],[7.071137,4.829249]]]}},{"type":"Feature","properties":{"h":3.0,"on_route":false},"geometry":{"type":"Polygon","coordinates":[[[7.071086,4.832614],[7.071025,4.832628],[7.071008,4.832559],[7.071069,4.832544],[7.071086,4.832614]]]}},{"type":"Feature","properties":{"h":3.0,"on_route":false},"geometry":{"type":"Polygon","coordinates":[[[7.073643,4.827896],[7.073602,4.827924],[7.073548,4.827844],[7.073589,4.827816],[7.073643,4.827896]]]}},{"type":"Feature","properties":{"h":3.0,"on_route":false},"geometry":{"type":"Polygon","coordinates":[[[7.073415,4.825461],[7.07334,4.825483],[7.073297,4.825342],[7.073373,4.825319],[7.073415,4.825461]]]}},{"type":"Feature","properties":{"h":3.0,"on_route":false},"geometry":{"type":"Polygon","coordinates":[[[7.071892,4.830983],[7.071807,4.831011],[7.07179,4.830959],[7.071875,4.830931],[7.071892,4.830983]]]}},{"type":"Feature","properties":{"h":3.0,"on_route":false},"geometry":{"type":"Polygon","coordinates":[[[7.071782,4.827703],[7.071694,4.82776],[7.071614,4.827635],[7.071702,4.827578],[7.071782,4.827703]]]}},{"type":"Feature","properties":{"h":3.0,"on_route":false},"geometry":{"type":"Polygon","coordinates":[[[7.076323,4.832258],[7.076265,4.832489],[7.076121,4.832453],[7.076138,4.832382],[7.076158,4.832387],[7.076199,4.832227],[7.076323,4.832258]]]}},{"type":"Feature","properties":{"h":3.0,"on_route":false},"geometry":{"type":"Polygon","coordinates":[[[7.071994,4.831892],[7.071973,4.831899],[7.071984,4.831933],[7.071935,4.831948],[7.071969,4.832057],[7.0719,4.832078],[7.071849,4.831911],[7.071987,4.831869],[7.071994,4.831892]]]}},{"type":"Feature","properties":{"h":3.0,"on_route":false},"geometry":{"type":"Polygon","coordinates":[[[7.071406,4.832817],[7.071314,4.832855],[7.071284,4.832783],[7.071376,4.832744],[7.071406,4.832817]]]}},{"type":"Feature","properties":{"h":3.0,"on_route":false},"geometry":{"type":"Polygon","coordinates":[[[7.077015,4.831535],[7.076979,4.831651],[7.076913,4.831631],[7.076948,4.831515],[7.077015,4.831535]]]}},{"type":"Feature","properties":{"h":3.0,"on_route":true},"geometry":{"type":"Polygon","coordinates":[[[7.071467,4.826152],[7.071361,4.826167],[7.071345,4.826051],[7.071451,4.826036],[7.071467,4.826152]]]}},{"type":"Feature","properties":{"h":3.0,"on_route":false},"geometry":{"type":"Polygon","coordinates":[[[7.072773,4.833412],[7.0727,4.833348],[7.072793,4.833241],[7.072866,4.833304],[7.072773,4.833412]]]}},{"type":"Feature","properties":{"h":3.0,"on_route":false},"geometry":{"type":"Polygon","coordinates":[[[7.076546,4.825987],[7.076451,4.826017],[7.076421,4.825924],[7.076516,4.825894],[7.076546,4.825987]]]}},{"type":"Feature","properties":{"h":3.0,"on_route":false},"geometry":{"type":"Polygon","coordinates":[[[7.070406,4.828369],[7.070372,4.82854],[7.070315,4.828529],[7.070349,4.828357],[7.070406,4.828369]]]}},{"type":"Feature","properties":{"h":3.0,"on_route":false},"geometry":{"type":"Polygon","coordinates":[[[7.073862,4.833028],[7.07376,4.833042],[7.073734,4.832864],[7.073837,4.832849],[7.073862,4.833028]]]}},{"type":"Feature","properties":{"h":3.0,"on_route":false},"geometry":{"type":"Polygon","coordinates":[[[7.070953,4.826781],[7.070855,4.826932],[7.070789,4.826888],[7.070887,4.826737],[7.070953,4.826781]]]}},{"type":"Feature","properties":{"h":3.0,"on_route":false},"geometry":{"type":"Polygon","coordinates":[[[7.074129,4.824804],[7.074165,4.824982],[7.074086,4.824998],[7.07405,4.82482],[7.074129,4.824804]]]}},{"type":"Feature","properties":{"h":3.0,"on_route":false},"geometry":{"type":"Polygon","coordinates":[[[7.070123,4.827327],[7.070055,4.827294],[7.07011,4.82718],[7.070178,4.827213],[7.070123,4.827327]]]}},{"type":"Feature","properties":{"h":3.0,"on_route":true},"geometry":{"type":"Polygon","coordinates":[[[7.072889,4.828039],[7.072729,4.828164],[7.072691,4.828116],[7.072851,4.82799],[7.072889,4.828039]]]}},{"type":"Feature","properties":{"h":3.0,"on_route":false},"geometry":{"type":"Polygon","coordinates":[[[7.073881,4.833982],[7.073796,4.833991],[7.073789,4.833916],[7.073874,4.833908],[7.073881,4.833982]]]}},{"type":"Feature","properties":{"h":3.0,"on_route":false},"geometry":{"type":"Polygon","coordinates":[[[7.07208,4.829119],[7.071967,4.829204],[7.071942,4.82917],[7.072055,4.829086],[7.07208,4.829119]]]}},{"type":"Feature","properties":{"h":3.0,"on_route":false},"geometry":{"type":"Polygon","coordinates":[[[7.072788,4.824961],[7.072796,4.824982],[7.072826,4.82497],[7.072862,4.825065],[7.072812,4.825084],[7.072768,4.824969],[7.072788,4.824961]]]}},{"type":"Feature","properties":{"h":3.0,"on_route":false},"geometry":{"type":"Polygon","coordinates":[[[7.071142,4.833076],[7.071136,4.833156],[7.071017,4.833146],[7.071024,4.833066],[7.071142,4.833076]]]}},{"type":"Feature","properties":{"h":3.0,"on_route":false},"geometry":{"type":"Polygon","coordinates":[[[7.072384,4.825776],[7.072374,4.82584],[7.072312,4.82583],[7.072323,4.825766],[7.072384,4.825776]]]}},{"type":"Feature","properties":{"h":3.0,"on_route":false},"geometry":{"type":"Polygon","coordinates":[[[7.072084,4.829222],[7.072041,4.829254],[7.07208,4.829306],[7.072057,4.829324],[7.071967,4.829204],[7.072034,4.829154],[7.072084,4.829222]]]}},{"type":"Feature","properties":{"h":3.0,"on_route":false},"geometry":{"type":"Polygon","coordinates":[[[7.072337,4.830957],[7.072294,4.830921],[7.072345,4.830859],[7.072387,4.830895],[7.072337,4.830957]]]}},{"type":"Feature","properties":{"h":3.0,"on_route":false},"geometry":{"type":"Polygon","coordinates":[[[7.07478,4.826553],[7.074719,4.826579],[7.074705,4.826546],[7.074766,4.82652],[7.07478,4.826553]]]}},{"type":"Feature","properties":{"h":3.0,"on_route":false},"geometry":{"type":"Polygon","coordinates":[[[7.074087,4.82598],[7.074001,4.826003],[7.073964,4.825865],[7.07405,4.825842],[7.074087,4.82598]]]}},{"type":"Feature","properties":{"h":3.0,"on_route":false},"geometry":{"type":"Polygon","coordinates":[[[7.071452,4.832156],[7.07135,4.832243],[7.071286,4.832168],[7.071388,4.83208],[7.071452,4.832156]]]}},{"type":"Feature","properties":{"h":3.0,"on_route":false},"geometry":{"type":"Polygon","coordinates":[[[7.075277,4.833028],[7.075242,4.833113],[7.075179,4.833087],[7.075189,4.833062],[7.075159,4.83305],[7.075184,4.832989],[7.075277,4.833028]]]}},{"type":"Feature","properties":{"h":3.0,"on_route":false},"geometry":{"type":"Polygon","coordinates":[[[7.072164,4.831411],[7.072164,4.831464],[7.072079,4.831463],[7.072079,4.83141],[7.072164,4.831411]]]}},{"type":"Feature","properties":{"h":3.0,"on_route":false},"geometry":{"type":"Polygon","coordinates":[[[7.071346,4.831904],[7.071294,4.83191],[7.071289,4.831859],[7.071341,4.831853],[7.071346,4.831904]]]}},{"type":"Feature","properties":{"h":3.0,"on_route":false},"geometry":{"type":"Polygon","coordinates":[[[7.072924,4.831812],[7.072923,4.831892],[7.072851,4.831891],[7.072853,4.831811],[7.072924,4.831812]]]}},{"type":"Feature","properties":{"h":3.0,"on_route":false},"geometry":{"type":"Polygon","coordinates":[[[7.074896,4.831812],[7.074789,4.831821],[7.07478,4.831718],[7.074765,4.831719],[7.074762,4.831692],[7.074778,4.831691],[7.074775,4.831659],[7.074882,4.83165],[7.074896,4.831812]]]}},{"type":"Feature","properties":{"h":3.0,"on_route":false},"geometry":{"type":"Polygon","coordinates":[[[7.07279,4.828798],[7.072762,4.82882],[7.072715,4.828759],[7.072743,4.828737],[7.07279,4.828798]]]}},{"type":"Feature","properties":{"h":3.0,"on_route":false},"geometry":{"type":"Polygon","coordinates":[[[7.072525,4.830984],[7.072515,4.831027],[7.072485,4.83102],[7.072495,4.830977],[7.072525,4.830984]]]}},{"type":"Feature","properties":{"h":3.0,"on_route":false},"geometry":{"type":"Polygon","coordinates":[[[7.073989,4.825447],[7.073868,4.82547],[7.073858,4.825416],[7.073979,4.825394],[7.073989,4.825447]]]}},{"type":"Feature","properties":{"h":3.0,"on_route":false},"geometry":{"type":"Polygon","coordinates":[[[7.076817,4.831274],[7.076766,4.83131],[7.076703,4.831219],[7.076754,4.831184],[7.076817,4.831274]]]}},{"type":"Feature","properties":{"h":3.0,"on_route":false},"geometry":{"type":"Polygon","coordinates":[[[7.072943,4.83323],[7.073033,4.833481],[7.072976,4.833501],[7.072958,4.833449],[7.072938,4.833455],[7.072867,4.833257],[7.072943,4.83323]]]}},{"type":"Feature","properties":{"h":3.0,"on_route":false},"geometry":{"type":"Polygon","coordinates":[[[7.075322,4.825712],[7.075247,4.825735],[7.07521,4.825611],[7.075286,4.825588],[7.075322,4.825712]]]}},{"type":"Feature","properties":{"h":3.0,"on_route":false},"geometry":{"type":"Polygon","coordinates":[[[7.073937,4.825734],[7.073799,4.825794],[7.073694,4.825552],[7.073832,4.825492],[7.073937,4.825734]]]}},{"type":"Feature","properties":{"h":3.0,"on_route":false},"geometry":{"type":"Polygon","coordinates":[[[7.074391,4.827045],[7.074421,4.827036],[7.07444,4.827098],[7.074324,4.827134],[7.074287,4.827014],[7.074373,4.826987],[7.074391,4.827045]]]}},{"type":"Feature","properties":{"h":3.0,"on_route":false},"geometry":{"type":"Polygon","coordinates":[[[7.070676,4.832419],[7.07058,4.832435],[7.070558,4.832308],[7.070654,4.832291],[7.070676,4.832419]]]}},{"type":"Feature","properties":{"h":3.0,"on_route":false},"geometry":{"type":"Polygon","coordinates":[[[7.071653,4.827504],[7.071546,4.827526],[7.071517,4.82738],[7.071624,4.827359],[7.071653,4.827504]]]}},{"type":"Feature","properties":{"h":3.0,"on_route":false},"geometry":{"type":"Polygon","coordinates":[[[7.070998,4.831409],[7.071009,4.831524],[7.070891,4.831535],[7.070881,4.83142],[7.070998,4.831409]]]}},{"type":"Feature","properties":{"h":3.0,"on_route":true},"geometry":{"type":"Polygon","coordinates":[[[7.072376,4.826183],[7.072314,4.826229],[7.072232,4.826119],[7.072295,4.826073],[7.072376,4.826183]]]}},{"type":"Feature","properties":{"h":3.0,"on_route":false},"geometry":{"type":"Polygon","coordinates":[[[7.073646,4.826383],[7.073575,4.826402],[7.073565,4.826364],[7.073636,4.826345],[7.073646,4.826383]]]}},{"type":"Feature","properties":{"h":3.0,"on_route":false},"geometry":{"type":"Polygon","coordinates":[[[7.074426,4.833312],[7.074348,4.833296],[7.074359,4.833241],[7.074412,4.833252],[7.074437,4.833257],[7.074426,4.833312]]]}},{"type":"Feature","properties":{"h":3.0,"on_route":false},"geometry":{"type":"Polygon","coordinates":[[[7.076459,4.831399],[7.076506,4.831695],[7.076424,4.831708],[7.076377,4.831412],[7.076459,4.831399]]]}},{"type":"Feature","properties":{"h":3.0,"on_route":false},"geometry":{"type":"Polygon","coordinates":[[[7.072338,4.832842],[7.072129,4.832986],[7.072076,4.83291],[7.072285,4.832766],[7.072338,4.832842]]]}},{"type":"Feature","properties":{"h":3.0,"on_route":false},"geometry":{"type":"Polygon","coordinates":[[[7.07432,4.826116],[7.074198,4.826145],[7.074175,4.826053],[7.074298,4.826023],[7.07432,4.826116]]]}},{"type":"Feature","properties":{"h":3.0,"on_route":false},"geometry":{"type":"Polygon","coordinates":[[[7.069451,4.828535],[7.069497,4.82854],[7.069503,4.828483],[7.069598,4.828493],[7.069587,4.828593],[7.069446,4.828577],[7.069451,4.828535]]]}},{"type":"Feature","properties":{"h":3.0,"on_route":false},"geometry":{"type":"Polygon","coordinates":[[[7.071588,4.83233],[7.071536,4.832357],[7.071471,4.83223],[7.071523,4.832203],[7.071588,4.83233]]]}},{"type":"Feature","properties":{"h":3.0,"on_route":false},"geometry":{"type":"Polygon","coordinates":[[[7.070218,4.829772],[7.070175,4.829856],[7.070092,4.829813],[7.070135,4.829729],[7.070218,4.829772]]]}},{"type":"Feature","properties":{"h":3.0,"on_route":false},"geometry":{"type":"Polygon","coordinates":[[[7.07397,4.826842],[7.07383,4.826888],[7.073801,4.826796],[7.073941,4.826751],[7.07397,4.826842]]]}},{"type":"Feature","properties":{"h":3.0,"on_route":false},"geometry":{"type":"Polygon","coordinates":[[[7.072396,4.825445],[7.072353,4.825443],[7.072365,4.825238],[7.072407,4.82524],[7.072396,4.825445]]]}},{"type":"Feature","properties":{"h":3.0,"on_route":false},"geometry":{"type":"Polygon","coordinates":[[[7.070031,4.829808],[7.069972,4.829786],[7.070102,4.82943],[7.070161,4.829452],[7.070031,4.829808]]]}},{"type":"Feature","properties":{"h":3.0,"on_route":false},"geometry":{"type":"Polygon","coordinates":[[[7.072926,4.825673],[7.072917,4.825794],[7.072672,4.825775],[7.072681,4.825654],[7.072926,4.825673]]]}},{"type":"Feature","properties":{"h":3.0,"on_route":false},"geometry":{"type":"Polygon","coordinates":[[[7.069581,4.829847],[7.069574,4.829928],[7.069448,4.829918],[7.069455,4.829837],[7.069581,4.829847]]]}},{"type":"Feature","properties":{"h":3.0,"on_route":false},"geometry":{"type":"Polygon","coordinates":[[[7.072656,4.831597],[7.072654,4.831687],[7.0725,4.831683],[7.072502,4.831592],[7.072656,4.831597]]]}},{"type":"Feature","properties":{"h":3.0,"on_route":false},"geometry":{"type":"Polygon","coordinates":[[[7.071751,4.829413],[7.071613,4.82951],[7.07157,4.829448],[7.071708,4.829352],[7.071751,4.829413]]]}},{"type":"Feature","properties":{"h":3.0,"on_route":false},"geometry":{"type":"Polygon","coordinates":[[[7.075402,4.832612],[7.075249,4.832622],[7.075244,4.832539],[7.075322,4.832534],[7.075315,4.832414],[7.075389,4.832409],[7.075402,4.832612]]]}},{"type":"Feature","properties":{"h":3.0,"on_route":false},"geometry":{"type":"Polygon","coordinates":[[[7.071196,4.83081],[7.071063,4.830942],[7.070997,4.830876],[7.071131,4.830743],[7.071196,4.83081]]]}},{"type":"Feature","properties":{"h":3.0,"on_route":false},"geometry":{"type":"Polygon","coordinates":[[[7.074893,4.833628],[7.074874,4.833706],[7.074699,4.833665],[7.074717,4.833586],[7.074893,4.833628]]]}},{"type":"Feature","properties":{"h":3.0,"on_route":false},"geometry":{"type":"Polygon","coordinates":[[[7.071615,4.831901],[7.071627,4.832007],[7.071536,4.832017],[7.071524,4.831911],[7.071615,4.831901]]]}},{"type":"Feature","properties":{"h":3.0,"on_route":false},"geometry":{"type":"Polygon","coordinates":[[[7.072471,4.825695],[7.07246,4.825842],[7.072393,4.825837],[7.072404,4.82569],[7.072471,4.825695]]]}},{"type":"Feature","properties":{"h":3.0,"on_route":false},"geometry":{"type":"Polygon","coordinates":[[[7.06972,4.827879],[7.069703,4.827967],[7.069637,4.827954],[7.069654,4.827866],[7.06972,4.827879]]]}},{"type":"Feature","properties":{"h":3.0,"on_route":false},"geometry":{"type":"Polygon","coordinates":[[[7.072951,4.830638],[7.072968,4.830625],[7.072978,4.830639],[7.072813,4.830766],[7.072754,4.830688],[7.072902,4.830574],[7.072951,4.830638]]]}},{"type":"Feature","properties":{"h":3.0,"on_route":false},"geometry":{"type":"Polygon","coordinates":[[[7.069584,4.83032],[7.069576,4.830404],[7.0695,4.830397],[7.069502,4.830371],[7.069465,4.830368],[7.069471,4.830309],[7.069584,4.83032]]]}},{"type":"Feature","properties":{"h":3.0,"on_route":false},"geometry":{"type":"Polygon","coordinates":[[[7.076995,4.831293],[7.076918,4.831357],[7.076931,4.831373],[7.076894,4.831404],[7.076825,4.83132],[7.076939,4.831225],[7.076995,4.831293]]]}},{"type":"Feature","properties":{"h":3.0,"on_route":false},"geometry":{"type":"Polygon","coordinates":[[[7.074635,4.826158],[7.074534,4.82619],[7.074465,4.825972],[7.074566,4.82594],[7.074635,4.826158]]]}},{"type":"Feature","properties":{"h":3.0,"on_route":false},"geometry":{"type":"Polygon","coordinates":[[[7.075126,4.826207],[7.075049,4.82623],[7.075024,4.826145],[7.075101,4.826122],[7.075126,4.826207]]]}},{"type":"Feature","properties":{"h":3.0,"on_route":false},"geometry":{"type":"Polygon","coordinates":[[[7.070322,4.829142],[7.070304,4.829201],[7.070139,4.829151],[7.070157,4.829091],[7.070322,4.829142]]]}},{"type":"Feature","properties":{"h":3.0,"on_route":false},"geometry":{"type":"Polygon","coordinates":[[[7.076914,4.82638],[7.076783,4.826409],[7.076764,4.826324],[7.076895,4.826295],[7.076914,4.82638]]]}},{"type":"Feature","properties":{"h":3.0,"on_route":false},"geometry":{"type":"Polygon","coordinates":[[[7.072921,4.833374],[7.072889,4.833446],[7.07281,4.83341],[7.072842,4.833338],[7.072921,4.833374]]]}},{"type":"Feature","properties":{"h":3.0,"on_route":false},"geometry":{"type":"Polygon","coordinates":[[[7.071741,4.832442],[7.071686,4.832472],[7.071649,4.832405],[7.071704,4.832375],[7.071741,4.832442]]]}},{"type":"Feature","properties":{"h":3.0,"on_route":false},"geometry":{"type":"Polygon","coordinates":[[[7.074277,4.833603],[7.074235,4.833788],[7.074148,4.833768],[7.074189,4.833583],[7.074277,4.833603]]]}},{"type":"Feature","properties":{"h":3.0,"on_route":false},"geometry":{"type":"Polygon","coordinates":[[[7.070312,4.830749],[7.070279,4.830796],[7.070243,4.83077],[7.070277,4.830723],[7.070312,4.830749]]]}},{"type":"Feature","properties":{"h":3.0,"on_route":false},"geometry":{"type":"Polygon","coordinates":[[[7.071211,4.827764],[7.071163,4.827783],[7.071138,4.827718],[7.071186,4.8277],[7.071211,4.827764]]]}},{"type":"Feature","properties":{"h":3.0,"on_route":false},"geometry":{"type":"Polygon","coordinates":[[[7.072488,4.825959],[7.072427,4.825977],[7.072418,4.825945],[7.072478,4.825927],[7.072488,4.825959]]]}},{"type":"Feature","properties":{"h":3.0,"on_route":false},"geometry":{"type":"Polygon","coordinates":[[[7.073601,4.82614],[7.073458,4.826185],[7.073441,4.826132],[7.073584,4.826088],[7.073601,4.82614]]]}},{"type":"Feature","properties":{"h":3.0,"on_route":false},"geometry":{"type":"Polygon","coordinates":[[[7.072016,4.827254],[7.071914,4.827295],[7.07188,4.827211],[7.071919,4.827195],[7.071888,4.827118],[7.07195,4.827093],[7.072016,4.827254]]]}},{"type":"Feature","properties":{"h":3.0,"on_route":false},"geometry":{"type":"Polygon","coordinates":[[[7.076109,4.831784],[7.076042,4.831958],[7.076002,4.831942],[7.076069,4.831768],[7.076109,4.831784]]]}},{"type":"Feature","properties":{"h":3.0,"on_route":false},"geometry":{"type":"Polygon","coordinates":[[[7.075925,4.832576],[7.075897,4.832668],[7.075761,4.832626],[7.075789,4.832535],[7.075925,4.832576]]]}},{"type":"Feature","properties":{"h":3.0,"on_route":false},"geometry":{"type":"Polygon","coordinates":[[[7.074019,4.83325],[7.07389,4.833261],[7.073877,4.833116],[7.074006,4.833105],[7.074019,4.83325]]]}},{"type":"Feature","properties":{"h":3.0,"on_route":false},"geometry":{"type":"Polygon","coordinates":[[[7.069615,4.830807],[7.069572,4.83078],[7.069637,4.830678],[7.06968,4.830705],[7.069615,4.830807]]]}},{"type":"Feature","properties":{"h":3.0,"on_route":false},"geometry":{"type":"Polygon","coordinates":[[[7.072883,4.826033],[7.072797,4.826082],[7.072727,4.825959],[7.072813,4.825909],[7.072883,4.826033]]]}},{"type":"Feature","properties":{"h":3.0,"on_route":false},"geometry":{"type":"Polygon","coordinates":[[[7.07079,4.829732],[7.070772,4.829759],[7.070805,4.82978],[7.070759,4.829854],[7.070726,4.829833],[7.07071,4.829858],[7.070666,4.82983],[7.070746,4.829704],[7.07079,4.829732]]]}},{"type":"Feature","properties":{"h":3.0,"on_route":false},"geometry":{"type":"Polygon","coordinates":[[[7.074455,4.833169],[7.074437,4.833257],[7.074359,4.833241],[7.074377,4.833153],[7.074455,4.833169]]]}},{"type":"Feature","properties":{"h":3.0,"on_route":false},"geometry":{"type":"Polygon","coordinates":[[[7.075641,4.833493],[7.075553,4.833502],[7.075541,4.833378],[7.075629,4.833369],[7.075641,4.833493]]]}},{"type":"Feature","properties":{"h":3.0,"on_route":false},"geometry":{"type":"Polygon","coordinates":[[[7.070939,4.832966],[7.070843,4.832987],[7.070829,4.832924],[7.070926,4.832903],[7.070939,4.832966]]]}},{"type":"Feature","properties":{"h":3.0,"on_route":false},"geometry":{"type":"Polygon","coordinates":[[[7.071473,4.830343],[7.071443,4.830383],[7.071397,4.830347],[7.071428,4.830308],[7.071473,4.830343]]]}},{"type":"Feature","properties":{"h":3.0,"on_route":false},"geometry":{"type":"Polygon","coordinates":[[[7.076175,4.826392],[7.076099,4.826416],[7.07606,4.826289],[7.076135,4.826265],[7.076175,4.826392]]]}},{"type":"Feature","properties":{"h":3.0,"on_route":false},"geometry":{"type":"Polygon","coordinates":[[[7.070702,4.832336],[7.070657,4.832161],[7.070442,4.832216],[7.070429,4.832166],[7.070416,4.832169],[7.070401,4.832109],[7.070252,4.832147],[7.070232,4.832069],[7.070325,4.832045],[7.07033,4.832065],[7.070614,4.831992],[7.070646,4.832117],[7.070665,4.832112],[7.070677,4.832156],[7.070729,4.832142],[7.070757,4.83225],[7.070817,4.832234],[7.070835,4.832302],[7.070702,4.832336]]]}},{"type":"Feature","properties":{"h":3.0,"on_route":false},"geometry":{"type":"Polygon","coordinates":[[[7.076288,4.826103],[7.076192,4.826136],[7.076177,4.826095],[7.076273,4.826061],[7.076288,4.826103]]]}},{"type":"Feature","properties":{"h":3.0,"on_route":false},"geometry":{"type":"Polygon","coordinates":[[[7.073586,4.827368],[7.073457,4.827468],[7.073391,4.827384],[7.07352,4.827283],[7.073586,4.827368]]]}},{"type":"Feature","properties":{"h":3.0,"on_route":false},"geometry":{"type":"Polygon","coordinates":[[[7.070587,4.831601],[7.07061,4.831688],[7.070554,4.831702],[7.070546,4.831672],[7.070464,4.831694],[7.070449,4.831637],[7.070587,4.831601]]]}},{"type":"Feature","properties":{"h":3.0,"on_route":false},"geometry":{"type":"Polygon","coordinates":[[[7.070033,4.830658],[7.070012,4.830742],[7.069872,4.830707],[7.069893,4.830623],[7.070033,4.830658]]]}},{"type":"Feature","properties":{"h":3.0,"on_route":false},"geometry":{"type":"Polygon","coordinates":[[[7.070608,4.829302],[7.070586,4.829357],[7.070486,4.829317],[7.070508,4.829262],[7.070608,4.829302]]]}},{"type":"Feature","properties":{"h":3.0,"on_route":false},"geometry":{"type":"Polygon","coordinates":[[[7.073236,4.831624],[7.073216,4.831706],[7.0731,4.831677],[7.07312,4.831595],[7.073236,4.831624]]]}},{"type":"Feature","properties":{"h":3.0,"on_route":true},"geometry":{"type":"Polygon","coordinates":[[[7.072189,4.82726],[7.072081,4.827305],[7.072045,4.827217],[7.072153,4.827172],[7.072189,4.82726]]]}},{"type":"Feature","properties":{"h":3.0,"on_route":false},"geometry":{"type":"Polygon","coordinates":[[[7.076089,4.828639],[7.076048,4.828666],[7.076013,4.828613],[7.076053,4.828586],[7.076089,4.828639]]]}},{"type":"Feature","properties":{"h":3.0,"on_route":false},"geometry":{"type":"Polygon","coordinates":[[[7.072776,4.828406],[7.072609,4.828537],[7.072566,4.828482],[7.072734,4.828351],[7.072776,4.828406]]]}},{"type":"Feature","properties":{"h":3.0,"on_route":false},"geometry":{"type":"Polygon","coordinates":[[[7.072039,4.831067],[7.072119,4.831221],[7.072056,4.831254],[7.071976,4.8311],[7.072039,4.831067]]]}},{"type":"Feature","properties":{"h":3.0,"on_route":false},"geometry":{"type":"Polygon","coordinates":[[[7.072161,4.827946],[7.072072,4.828004],[7.071999,4.827893],[7.072088,4.827834],[7.072161,4.827946]]]}},{"type":"Feature","properties":{"h":3.0,"on_route":false},"geometry":{"type":"Polygon","coordinates":[[[7.07553,4.832212],[7.075453,4.832216],[7.075448,4.832126],[7.075525,4.832122],[7.07553,4.832212]]]}},{"type":"Feature","properties":{"h":3.0,"on_route":false},"geometry":{"type":"Polygon","coordinates":[[[7.07047,4.829966],[7.070422,4.83003],[7.070354,4.82998],[7.070402,4.829915],[7.07047,4.829966]]]}},{"type":"Feature","properties":{"h":3.0,"on_route":false},"geometry":{"type":"Polygon","coordinates":[[[7.075893,4.831584],[7.075666,4.831596],[7.075662,4.831524],[7.075889,4.831512],[7.075893,4.831584]]]}},{"type":"Feature","properties":{"h":3.0,"on_route":false},"geometry":{"type":"Polygon","coordinates":[[[7.072206,4.829116],[7.072178,4.829145],[7.072114,4.829084],[7.072141,4.829055],[7.072206,4.829116]]]}},{"type":"Feature","properties":{"h":3.0,"on_route":false},"geometry":{"type":"Polygon","coordinates":[[[7.069403,4.829598],[7.069297,4.829634],[7.069269,4.82955],[7.069375,4.829514],[7.069403,4.829598]]]}},{"type":"Feature","properties":{"h":3.0,"on_route":false},"geometry":{"type":"Polygon","coordinates":[[[7.072169,4.831324],[7.071993,4.831379],[7.071966,4.831292],[7.072141,4.831236],[7.072169,4.831324]]]}},{"type":"Feature","properties":{"h":3.0,"on_route":false},"geometry":{"type":"Polygon","coordinates":[[[7.070804,4.830897],[7.070775,4.830934],[7.070722,4.830892],[7.070751,4.830855],[7.070804,4.830897]]]}},{"type":"Feature","properties":{"h":3.0,"on_route":false},"geometry":{"type":"Polygon","coordinates":[[[7.076382,4.826259],[7.076393,4.826335],[7.076354,4.826341],[7.076344,4.826264],[7.076382,4.826259]]]}},{"type":"Feature","properties":{"h":3.0,"on_route":false},"geometry":{"type":"Polygon","coordinates":[[[7.070435,4.829878],[7.070396,4.829919],[7.070345,4.829871],[7.070384,4.82983],[7.070435,4.829878]]]}},{"type":"Feature","properties":{"h":3.0,"on_route":false},"geometry":{"type":"Polygon","coordinates":[[[7.073458,4.826185],[7.073342,4.826221],[7.073326,4.826168],[7.073441,4.826132],[7.073458,4.826185]]]}},{"type":"Feature","properties":{"h":3.0,"on_route":true},"geometry":{"type":"Polygon","coordinates":[[[7.072449,4.827574],[7.072407,4.827599],[7.072411,4.827605],[7.072391,4.827617],[7.072388,4.827611],[7.072373,4.82762],[7.072378,4.827627],[7.072344,4.827648],[7.072299,4.827573],[7.072333,4.827553],[7.072304,4.827504],[7.07238,4.827458],[7.072449,4.827574]]]}},{"type":"Feature","properties":{"h":3.0,"on_route":false},"geometry":{"type":"Polygon","coordinates":[[[7.071549,4.828472],[7.071385,4.828536],[7.07135,4.828447],[7.071514,4.828383],[7.071549,4.828472]]]}},{"type":"Feature","properties":{"h":3.0,"on_route":false},"geometry":{"type":"Polygon","coordinates":[[[7.074088,4.82471],[7.073973,4.824752],[7.073934,4.824647],[7.074049,4.824605],[7.074088,4.82471]]]}},{"type":"Feature","properties":{"h":3.0,"on_route":false},"geometry":{"type":"Polygon","coordinates":[[[7.074748,4.832555],[7.074718,4.832671],[7.07463,4.832648],[7.074661,4.832532],[7.074748,4.832555]]]}},{"type":"Feature","properties":{"h":3.0,"on_route":false},"geometry":{"type":"Polygon","coordinates":[[[7.070886,4.829831],[7.070772,4.829759],[7.070794,4.829724],[7.07086,4.829765],[7.07089,4.829717],[7.070939,4.829747],[7.070886,4.829831]]]}},{"type":"Feature","properties":{"h":3.0,"on_route":false},"geometry":{"type":"Polygon","coordinates":[[[7.074917,4.833632],[7.075106,4.83368],[7.075087,4.833754],[7.074898,4.833706],[7.074917,4.833632]]]}},{"type":"Feature","properties":{"h":3.0,"on_route":false},"geometry":{"type":"Polygon","coordinates":[[[7.072492,4.826364],[7.072427,4.826397],[7.072407,4.826356],[7.072473,4.826324],[7.072492,4.826364]]]}},{"type":"Feature","properties":{"h":3.0,"on_route":false},"geometry":{"type":"Polygon","coordinates":[[[7.071823,4.829464],[7.071706,4.829549],[7.07166,4.829485],[7.071777,4.8294],[7.071823,4.829464]]]}},{"type":"Feature","properties":{"h":3.0,"on_route":false},"geometry":{"type":"Polygon","coordinates":[[[7.071789,4.831515],[7.071793,4.83163],[7.071746,4.831631],[7.071742,4.831517],[7.071789,4.831515]]]}},{"type":"Feature","properties":{"h":3.0,"on_route":false},"geometry":{"type":"Polygon","coordinates":[[[7.073127,4.826946],[7.07299,4.827045],[7.072952,4.826992],[7.073089,4.826893],[7.073127,4.826946]]]}},{"type":"Feature","properties":{"h":3.0,"on_route":false},"geometry":{"type":"Polygon","coordinates":[[[7.071197,4.826296],[7.071468,4.826316],[7.071464,4.826363],[7.071193,4.826344],[7.071197,4.826296]]]}},{"type":"Feature","properties":{"h":3.0,"on_route":false},"geometry":{"type":"Polygon","coordinates":[[[7.071324,4.832287],[7.071214,4.832351],[7.07115,4.832238],[7.07126,4.832175],[7.071324,4.832287]]]}},{"type":"Feature","properties":{"h":3.0,"on_route":false},"geometry":{"type":"Polygon","coordinates":[[[7.069812,4.827513],[7.069766,4.827792],[7.069647,4.827772],[7.069693,4.827493],[7.069812,4.827513]]]}},{"type":"Feature","properties":{"h":3.0,"on_route":false},"geometry":{"type":"Polygon","coordinates":[[[7.071897,4.832084],[7.071785,4.832118],[7.071762,4.83204],[7.071873,4.832006],[7.071897,4.832084]]]}},{"type":"Feature","properties":{"h":3.0,"on_route":false},"geometry":{"type":"Polygon","coordinates":[[[7.070486,4.826483],[7.070367,4.826646],[7.070311,4.826605],[7.07043,4.826442],[7.070486,4.826483]]]}},{"type":"Feature","properties":{"h":3.0,"on_route":false},"geometry":{"type":"Polygon","coordinates":[[[7.071807,4.83059],[7.071751,4.830652],[7.071686,4.830593],[7.071811,4.830455],[7.071876,4.830514],[7.071807,4.83059]]]}},{"type":"Feature","properties":{"h":3.0,"on_route":false},"geometry":{"type":"Polygon","coordinates":[[[7.069783,4.830329],[7.069696,4.830321],[7.069699,4.830289],[7.069752,4.830294],[7.069758,4.83023],[7.069792,4.830233],[7.069783,4.830329]]]}},{"type":"Feature","properties":{"h":3.0,"on_route":false},"geometry":{"type":"Polygon","coordinates":[[[7.074733,4.825707],[7.074659,4.825736],[7.074635,4.825671],[7.074709,4.825643],[7.074733,4.825707]]]}},{"type":"Feature","properties":{"h":3.0,"on_route":false},"geometry":{"type":"Polygon","coordinates":[[[7.070034,4.831292],[7.07002,4.831334],[7.069953,4.831312],[7.069966,4.83127],[7.070034,4.831292]]]}},{"type":"Feature","properties":{"h":3.0,"on_route":false},"geometry":{"type":"Polygon","coordinates":[[[7.072014,4.832371],[7.071936,4.83241],[7.071881,4.832298],[7.071959,4.832259],[7.072014,4.832371]]]}},{"type":"Feature","properties":{"h":3.0,"on_route":false},"geometry":{"type":"Polygon","coordinates":[[[7.070629,4.831841],[7.070641,4.831888],[7.070575,4.831905],[7.070593,4.831975],[7.070542,4.831989],[7.070512,4.831871],[7.070629,4.831841]]]}},{"type":"Feature","properties":{"h":3.0,"on_route":true},"geometry":{"type":"Polygon","coordinates":[[[7.072671,4.82695],[7.072633,4.826966],[7.072648,4.827],[7.072582,4.827028],[7.072529,4.826901],[7.072632,4.826858],[7.072671,4.82695]]]}},{"type":"Feature","properties":{"h":3.0,"on_route":false},"geometry":{"type":"Polygon","coordinates":[[[7.06983,4.829942],[7.069853,4.829858],[7.069953,4.829886],[7.06993,4.82997],[7.070061,4.830007],[7.070048,4.830053],[7.069878,4.830005],[7.069872,4.830028],[7.069746,4.829993],[7.069765,4.829924],[7.06983,4.829942]]]}},{"type":"Feature","properties":{"h":3.0,"on_route":false},"geometry":{"type":"Polygon","coordinates":[[[7.071947,4.829375],[7.071823,4.829464],[7.071739,4.829347],[7.071787,4.829312],[7.071863,4.829257],[7.071947,4.829375]]]}},{"type":"Feature","properties":{"h":3.0,"on_route":false},"geometry":{"type":"Polygon","coordinates":[[[7.073993,4.83229],[7.073919,4.832377],[7.073826,4.832296],[7.0739,4.83221],[7.073993,4.83229]]]}},{"type":"Feature","properties":{"h":3.0,"on_route":false},"geometry":{"type":"Polygon","coordinates":[[[7.073308,4.825496],[7.073057,4.825573],[7.073021,4.825455],[7.073273,4.825379],[7.073308,4.825496]]]}},{"type":"Feature","properties":{"h":3.0,"on_route":false},"geometry":{"type":"Polygon","coordinates":[[[7.07261,4.828448],[7.072566,4.828482],[7.072462,4.828347],[7.072505,4.828313],[7.07261,4.828448]]]}},{"type":"Feature","properties":{"h":3.0,"on_route":true},"geometry":{"type":"Polygon","coordinates":[[[7.07217,4.82667],[7.072317,4.827092],[7.072257,4.827113],[7.072111,4.826691],[7.07217,4.82667]]]}},{"type":"Feature","properties":{"h":3.0,"on_route":false},"geometry":{"type":"Polygon","coordinates":[[[7.071571,4.828052],[7.071629,4.828182],[7.071577,4.828205],[7.071519,4.828075],[7.071571,4.828052]]]}},{"type":"Feature","properties":{"h":3.0,"on_route":false},"geometry":{"type":"Polygon","coordinates":[[[7.073231,4.827699],[7.073243,4.827689],[7.073398,4.82788],[7.073342,4.827926],[7.073166,4.827708],[7.073209,4.827672],[7.073231,4.827699]]]}},{"type":"Feature","properties":{"h":3.0,"on_route":false},"geometry":{"type":"Polygon","coordinates":[[[7.072044,4.825361],[7.072043,4.825404],[7.072003,4.825403],[7.072004,4.82536],[7.072044,4.825361]]]}},{"type":"Feature","properties":{"h":3.0,"on_route":false},"geometry":{"type":"Polygon","coordinates":[[[7.071185,4.831928],[7.07104,4.831962],[7.07102,4.831877],[7.071166,4.831843],[7.071185,4.831928]]]}},{"type":"Feature","properties":{"h":3.0,"on_route":false},"geometry":{"type":"Polygon","coordinates":[[[7.07123,4.82704],[7.071179,4.827047],[7.071173,4.827008],[7.071224,4.827],[7.07123,4.82704]]]}},{"type":"Feature","properties":{"h":3.0,"on_route":false},"geometry":{"type":"Polygon","coordinates":[[[7.075375,4.832172],[7.075386,4.832347],[7.075436,4.832344],[7.075446,4.832505],[7.075396,4.832508],[7.075389,4.832409],[7.07527,4.832416],[7.075255,4.832179],[7.075375,4.832172]]]}},{"type":"Feature","properties":{"h":3.0,"on_route":false},"geometry":{"type":"Polygon","coordinates":[[[7.076239,4.831759],[7.076157,4.831987],[7.076051,4.831949],[7.076133,4.831721],[7.076239,4.831759]]]}},{"type":"Feature","properties":{"h":3.0,"on_route":false},"geometry":{"type":"Polygon","coordinates":[[[7.073386,4.83167],[7.073352,4.831765],[7.073255,4.831729],[7.07329,4.831635],[7.073386,4.83167]]]}},{"type":"Feature","properties":{"h":3.0,"on_route":false},"geometry":{"type":"Polygon","coordinates":[[[7.073517,4.824878],[7.073437,4.824907],[7.073407,4.824823],[7.073488,4.824794],[7.073517,4.824878]]]}},{"type":"Feature","properties":{"h":3.0,"on_route":false},"geometry":{"type":"Polygon","coordinates":[[[7.076345,4.825819],[7.076241,4.825847],[7.076226,4.825793],[7.076331,4.825765],[7.076345,4.825819]]]}},{"type":"Feature","properties":{"h":3.0,"on_route":false},"geometry":{"type":"Polygon","coordinates":[[[7.069759,4.829559],[7.069751,4.829635],[7.069655,4.829626],[7.069663,4.829549],[7.069759,4.829559]]]}},{"type":"Feature","properties":{"h":3.0,"on_route":false},"geometry":{"type":"Polygon","coordinates":[[[7.071611,4.827308],[7.071505,4.82733],[7.071474,4.827183],[7.071581,4.827161],[7.071611,4.827308]]]}},{"type":"Feature","properties":{"h":3.0,"on_route":false},"geometry":{"type":"Polygon","coordinates":[[[7.070874,4.831956],[7.070837,4.831981],[7.070822,4.831958],[7.070784,4.831984],[7.07072,4.831891],[7.070794,4.83184],[7.070874,4.831956]]]}},{"type":"Feature","properties":{"h":3.0,"on_route":false},"geometry":{"type":"Polygon","coordinates":[[[7.069718,4.829999],[7.069711,4.830076],[7.069605,4.830067],[7.069612,4.82999],[7.069718,4.829999]]]}},{"type":"Feature","properties":{"h":3.0,"on_route":false},"geometry":{"type":"Polygon","coordinates":[[[7.070721,4.827676],[7.070647,4.827718],[7.070608,4.827649],[7.070682,4.827607],[7.070721,4.827676]]]}},{"type":"Feature","properties":{"h":3.0,"on_route":false},"geometry":{"type":"Polygon","coordinates":[[[7.072988,4.833491],[7.072955,4.833565],[7.072833,4.833511],[7.072866,4.833436],[7.072988,4.833491]]]}},{"type":"Feature","properties":{"h":3.0,"on_route":true},"geometry":{"type":"Polygon","coordinates":[[[7.072128,4.82705],[7.071999,4.827102],[7.071918,4.826901],[7.072048,4.826849],[7.072128,4.82705]]]}},{"type":"Feature","properties":{"h":3.0,"on_route":false},"geometry":{"type":"Polygon","coordinates":[[[7.073323,4.83255],[7.07321,4.832626],[7.073159,4.83255],[7.073273,4.832474],[7.073323,4.83255]]]}},{"type":"Feature","properties":{"h":3.0,"on_route":false},"geometry":{"type":"Polygon","coordinates":[[[7.07468,4.832733],[7.074656,4.832852],[7.074589,4.832839],[7.074613,4.83272],[7.07468,4.832733]]]}},{"type":"Feature","properties":{"h":3.0,"on_route":false},"geometry":{"type":"Polygon","coordinates":[[[7.073578,4.825449],[7.073482,4.825479],[7.07345,4.825374],[7.073546,4.825344],[7.073578,4.825449]]]}},{"type":"Feature","properties":{"h":3.0,"on_route":false},"geometry":{"type":"Polygon","coordinates":[[[7.070284,4.829586],[7.070262,4.829661],[7.0702,4.829643],[7.070222,4.829567],[7.070284,4.829586]]]}},{"type":"Feature","properties":{"h":3.0,"on_route":false},"geometry":{"type":"Polygon","coordinates":[[[7.075232,4.826345],[7.0751,4.826395],[7.075058,4.826282],[7.075099,4.826267],[7.07509,4.826243],[7.075182,4.826209],[7.075232,4.826345]]]}},{"type":"Feature","properties":{"h":3.0,"on_route":false},"geometry":{"type":"Polygon","coordinates":[[[7.076358,4.83203],[7.076302,4.832253],[7.076178,4.832221],[7.076204,4.832119],[7.076224,4.832124],[7.076254,4.832004],[7.076358,4.83203]]]}},{"type":"Feature","properties":{"h":3.0,"on_route":false},"geometry":{"type":"Polygon","coordinates":[[[7.074977,4.832333],[7.074988,4.832461],[7.074935,4.832465],[7.074924,4.832337],[7.074977,4.832333]]]}},{"type":"Feature","properties":{"h":3.0,"on_route":false},"geometry":{"type":"Polygon","coordinates":[[[7.076398,4.831687],[7.076339,4.831696],[7.076301,4.831442],[7.07636,4.831433],[7.076398,4.831687]]]}},{"type":"Feature","properties":{"h":3.0,"on_route":false},"geometry":{"type":"Polygon","coordinates":[[[7.073219,4.827453],[7.073133,4.827518],[7.073088,4.827459],[7.073175,4.827394],[7.073219,4.827453]]]}},{"type":"Feature","properties":{"h":3.0,"on_route":false},"geometry":{"type":"Polygon","coordinates":[[[7.075213,4.825012],[7.075076,4.825053],[7.075048,4.824955],[7.075184,4.824914],[7.075213,4.825012]]]}},{"type":"Feature","properties":{"h":3.0,"on_route":false},"geometry":{"type":"Polygon","coordinates":[[[7.071618,4.830833],[7.071624,4.830851],[7.071642,4.830845],[7.071652,4.830876],[7.071688,4.830864],[7.071707,4.830921],[7.071602,4.830956],[7.071567,4.83085],[7.071618,4.830833]]]}},{"type":"Feature","properties":{"h":3.0,"on_route":false},"geometry":{"type":"Polygon","coordinates":[[[7.072884,4.830456],[7.072837,4.8305],[7.072785,4.830444],[7.072832,4.8304],[7.072884,4.830456]]]}},{"type":"Feature","properties":{"h":3.0,"on_route":false},"geometry":{"type":"Polygon","coordinates":[[[7.073844,4.827751],[7.073757,4.8278],[7.073709,4.827714],[7.073796,4.827666],[7.073844,4.827751]]]}},{"type":"Feature","properties":{"h":3.0,"on_route":false},"geometry":{"type":"Polygon","coordinates":[[[7.072836,4.831676],[7.072689,4.831662],[7.072696,4.831575],[7.072844,4.831589],[7.072836,4.831676]]]}},{"type":"Feature","properties":{"h":3.0,"on_route":false},"geometry":{"type":"Polygon","coordinates":[[[7.072925,4.832121],[7.072934,4.83216],[7.072953,4.832155],[7.072959,4.832185],[7.072936,4.83219],[7.07294,4.832209],[7.07299,4.832199],[7.073002,4.832252],[7.072865,4.832282],[7.072834,4.83214],[7.072925,4.832121]]]}},{"type":"Feature","properties":{"h":3.0,"on_route":true},"geometry":{"type":"Polygon","coordinates":[[[7.072231,4.827791],[7.072116,4.827867],[7.072103,4.827846],[7.072079,4.827862],[7.072032,4.82779],[7.072171,4.827699],[7.072231,4.827791]]]}},{"type":"Feature","properties":{"h":3.0,"on_route":false},"geometry":{"type":"Polygon","coordinates":[[[7.071792,4.83222],[7.071765,4.832226],[7.071757,4.83219],[7.071784,4.832184],[7.071792,4.83222]]]}},{"type":"Feature","properties":{"h":3.0,"on_route":false},"geometry":{"type":"Polygon","coordinates":[[[7.070588,4.826451],[7.070548,4.826465],[7.070536,4.826432],[7.070576,4.826418],[7.070588,4.826451]]]}},{"type":"Feature","properties":{"h":3.0,"on_route":false},"geometry":{"type":"Polygon","coordinates":[[[7.074062,4.832065],[7.074032,4.8321],[7.073982,4.832056],[7.074011,4.832022],[7.074062,4.832065]]]}},{"type":"Feature","properties":{"h":3.0,"on_route":false},"geometry":{"type":"Polygon","coordinates":[[[7.077375,4.828413],[7.077326,4.828437],[7.077298,4.82838],[7.077346,4.828355],[7.077375,4.828413]]]}},{"type":"Feature","properties":{"h":3.0,"on_route":false},"geometry":{"type":"Polygon","coordinates":[[[7.069499,4.828939],[7.069511,4.82912],[7.06946,4.829124],[7.069447,4.828943],[7.069499,4.828939]]]}},{"type":"Feature","properties":{"h":3.0,"on_route":false},"geometry":{"type":"Polygon","coordinates":[[[7.076593,4.825972],[7.076546,4.825987],[7.076516,4.825894],[7.076564,4.825879],[7.076593,4.825972]]]}},{"type":"Feature","properties":{"h":3.0,"on_route":false},"geometry":{"type":"Polygon","coordinates":[[[7.076602,4.831827],[7.076524,4.832033],[7.076425,4.831996],[7.076503,4.831789],[7.076602,4.831827]]]}},{"type":"Feature","properties":{"h":3.0,"on_route":false},"geometry":{"type":"Polygon","coordinates":[[[7.074778,4.833221],[7.074757,4.833333],[7.074642,4.833312],[7.074663,4.833199],[7.074778,4.833221]]]}},{"type":"Feature","properties":{"h":3.0,"on_route":false},"geometry":{"type":"Polygon","coordinates":[[[7.069763,4.82951],[7.069759,4.829559],[7.069663,4.829549],[7.069667,4.8295],[7.069763,4.82951]]]}},{"type":"Feature","properties":{"h":3.0,"on_route":false},"geometry":{"type":"Polygon","coordinates":[[[7.074565,4.826334],[7.074454,4.826366],[7.07444,4.826316],[7.074551,4.826284],[7.074565,4.826334]]]}},{"type":"Feature","properties":{"h":3.0,"on_route":false},"geometry":{"type":"Polygon","coordinates":[[[7.073562,4.831979],[7.07347,4.831923],[7.073577,4.831744],[7.07367,4.8318],[7.073562,4.831979]]]}},{"type":"Feature","properties":{"h":3.0,"on_route":true},"geometry":{"type":"Polygon","coordinates":[[[7.072221,4.827356],[7.072309,4.827494],[7.072259,4.827526],[7.072172,4.827388],[7.072221,4.827356]]]}},{"type":"Feature","properties":{"h":3.0,"on_route":false},"geometry":{"type":"Polygon","coordinates":[[[7.073062,4.827207],[7.072974,4.827235],[7.072944,4.827141],[7.073031,4.827112],[7.073062,4.827207]]]}},{"type":"Feature","properties":{"h":3.0,"on_route":false},"geometry":{"type":"Polygon","coordinates":[[[7.074828,4.826135],[7.074732,4.826162],[7.07469,4.826006],[7.074785,4.82598],[7.074828,4.826135]]]}},{"type":"Feature","properties":{"h":3.0,"on_route":false},"geometry":{"type":"Polygon","coordinates":[[[7.071664,4.828773],[7.071786,4.828912],[7.071744,4.828949],[7.071621,4.82881],[7.071664,4.828773]]]}},{"type":"Feature","properties":{"h":3.0,"on_route":false},"geometry":{"type":"Polygon","coordinates":[[[7.072339,4.825674],[7.072307,4.825762],[7.072141,4.825701],[7.072173,4.825614],[7.072339,4.825674]]]}},{"type":"Feature","properties":{"h":3.0,"on_route":false},"geometry":{"type":"Polygon","coordinates":[[[7.076621,4.826543],[7.076646,4.826621],[7.076606,4.826634],[7.076581,4.826556],[7.076621,4.826543]]]}},{"type":"Feature","properties":{"h":3.0,"on_route":false},"geometry":{"type":"Polygon","coordinates":[[[7.074833,4.832931],[7.074801,4.833089],[7.074685,4.833066],[7.074717,4.832908],[7.074833,4.832931]]]}},{"type":"Feature","properties":{"h":3.0,"on_route":false},"geometry":{"type":"Polygon","coordinates":[[[7.070865,4.831287],[7.070787,4.831296],[7.070781,4.831234],[7.070858,4.831225],[7.070865,4.831287]]]}},{"type":"Feature","properties":{"h":3.0,"on_route":false},"geometry":{"type":"Polygon","coordinates":[[[7.073502,4.824774],[7.0734,4.824828],[7.07332,4.824676],[7.073423,4.824623],[7.073502,4.824774]]]}},{"type":"Feature","properties":{"h":3.0,"on_route":false},"geometry":{"type":"Polygon","coordinates":[[[7.073087,4.831681],[7.073075,4.831771],[7.073044,4.831767],[7.073046,4.831748],[7.073015,4.831744],[7.073024,4.831673],[7.073087,4.831681]]]}},{"type":"Feature","properties":{"h":3.0,"on_route":false},"geometry":{"type":"Polygon","coordinates":[[[7.076279,4.826557],[7.076287,4.826595],[7.076242,4.826605],[7.076234,4.826567],[7.076279,4.826557]]]}},{"type":"Feature","properties":{"h":3.0,"on_route":false},"geometry":{"type":"Polygon","coordinates":[[[7.073582,4.826726],[7.073522,4.826746],[7.073479,4.826617],[7.073538,4.826597],[7.073582,4.826726]]]}},{"type":"Feature","properties":{"h":3.0,"on_route":false},"geometry":{"type":"Polygon","coordinates":[[[7.071025,4.826459],[7.070962,4.826544],[7.070826,4.826444],[7.070889,4.826358],[7.071025,4.826459]]]}},{"type":"Feature","properties":{"h":3.0,"on_route":false},"geometry":{"type":"Polygon","coordinates":[[[7.072142,4.830503],[7.072069,4.830578],[7.071991,4.830502],[7.072064,4.830427],[7.072142,4.830503]]]}},{"type":"Feature","properties":{"h":3.0,"on_route":false},"geometry":{"type":"Polygon","coordinates":[[[7.072506,4.828993],[7.072484,4.829009],[7.072498,4.829028],[7.072438,4.829071],[7.072458,4.8291],[7.072384,4.829154],[7.072294,4.829029],[7.072351,4.828987],[7.072367,4.829009],[7.072465,4.828937],[7.072506,4.828993]]]}},{"type":"Feature","properties":{"h":3.0,"on_route":false},"geometry":{"type":"Polygon","coordinates":[[[7.073129,4.830858],[7.073309,4.831009],[7.073221,4.831113],[7.073042,4.830962],[7.073129,4.830858]]]}},{"type":"Feature","properties":{"h":3.0,"on_route":false},"geometry":{"type":"Polygon","coordinates":[[[7.070771,4.832054],[7.070658,4.832083],[7.070633,4.831987],[7.070746,4.831958],[7.070771,4.832054]]]}},{"type":"Feature","properties":{"h":3.0,"on_route":false},"geometry":{"type":"Polygon","coordinates":[[[7.070897,4.828734],[7.070766,4.828883],[7.070684,4.82881],[7.070816,4.828662],[7.070897,4.828734]]]}},{"type":"Feature","properties":{"h":3.0,"on_route":false},"geometry":{"type":"Polygon","coordinates":[[[7.070381,4.830614],[7.070336,4.830675],[7.070284,4.830638],[7.070329,4.830576],[7.070381,4.830614]]]}},{"type":"Feature","properties":{"h":3.0,"on_route":false},"geometry":{"type":"Polygon","coordinates":[[[7.070079,4.828017],[7.070062,4.828119],[7.070015,4.828112],[7.070031,4.82801],[7.070079,4.828017]]]}},{"type":"Feature","properties":{"h":3.0,"on_route":false},"geometry":{"type":"Polygon","coordinates":[[[7.073443,4.82594],[7.073439,4.825923],[7.073246,4.825973],[7.073218,4.825867],[7.073448,4.825807],[7.07347,4.825891],[7.073489,4.825886],[7.073499,4.825926],[7.073443,4.82594]]]}},{"type":"Feature","properties":{"h":3.0,"on_route":false},"geometry":{"type":"Polygon","coordinates":[[[7.073881,4.827523],[7.07383,4.827543],[7.073797,4.827454],[7.073848,4.827434],[7.073881,4.827523]]]}},{"type":"Feature","properties":{"h":3.0,"on_route":false},"geometry":{"type":"Polygon","coordinates":[[[7.070803,4.829598],[7.070765,4.829602],[7.070761,4.829561],[7.070799,4.829558],[7.070803,4.829598]]]}},{"type":"Feature","properties":{"h":3.0,"on_route":false},"geometry":{"type":"Polygon","coordinates":[[[7.072314,4.833904],[7.072254,4.833846],[7.072369,4.833727],[7.072429,4.833786],[7.072314,4.833904]]]}},{"type":"Feature","properties":{"h":3.0,"on_route":false},"geometry":{"type":"Polygon","coordinates":[[[7.071664,4.828729],[7.071603,4.82877],[7.071536,4.82867],[7.071597,4.828629],[7.071664,4.828729]]]}},{"type":"Feature","properties":{"h":3.0,"on_route":false},"geometry":{"type":"Polygon","coordinates":[[[7.076686,4.831372],[7.076597,4.831429],[7.076529,4.831321],[7.076618,4.831265],[7.076686,4.831372]]]}},{"type":"Feature","properties":{"h":3.0,"on_route":false},"geometry":{"type":"Polygon","coordinates":[[[7.071921,4.832402],[7.071815,4.832455],[7.071731,4.832282],[7.071837,4.83223],[7.071921,4.832402]]]}},{"type":"Feature","properties":{"h":3.0,"on_route":false},"geometry":{"type":"Polygon","coordinates":[[[7.072495,4.831261],[7.072486,4.831311],[7.072387,4.831293],[7.072396,4.831243],[7.072495,4.831261]]]}},{"type":"Feature","properties":{"h":3.0,"on_route":false},"geometry":{"type":"Polygon","coordinates":[[[7.0737,4.826239],[7.073626,4.826261],[7.073613,4.826217],[7.073687,4.826194],[7.0737,4.826239]]]}},{"type":"Feature","properties":{"h":3.0,"on_route":false},"geometry":{"type":"Polygon","coordinates":[[[7.07363,4.833694],[7.073626,4.83374],[7.073405,4.833721],[7.073409,4.833675],[7.07363,4.833694]]]}},{"type":"Feature","properties":{"h":3.0,"on_route":false},"geometry":{"type":"Polygon","coordinates":[[[7.072445,4.826097],[7.072357,4.825965],[7.072398,4.825937],[7.072433,4.825989],[7.07252,4.825931],[7.072574,4.82601],[7.072445,4.826097]]]}},{"type":"Feature","properties":{"h":3.0,"on_route":false},"geometry":{"type":"Polygon","coordinates":[[[7.071052,4.827735],[7.070949,4.827802],[7.070915,4.82775],[7.071018,4.827683],[7.071052,4.827735]]]}},{"type":"Feature","properties":{"h":3.0,"on_route":false},"geometry":{"type":"Polygon","coordinates":[[[7.070473,4.827446],[7.070428,4.827486],[7.0704,4.827454],[7.070444,4.827414],[7.070473,4.827446]]]}},{"type":"Feature","properties":{"h":3.0,"on_route":false},"geometry":{"type":"Polygon","coordinates":[[[7.07599,4.831982],[7.075942,4.832128],[7.075837,4.832094],[7.075884,4.831948],[7.07599,4.831982]]]}},{"type":"Feature","properties":{"h":3.0,"on_route":false},"geometry":{"type":"Polygon","coordinates":[[[7.075659,4.825774],[7.075629,4.825783],[7.07564,4.825821],[7.075545,4.825848],[7.075502,4.825696],[7.075626,4.82566],[7.075659,4.825774]]]}},{"type":"Feature","properties":{"h":3.0,"on_route":false},"geometry":{"type":"Polygon","coordinates":[[[7.072286,4.828171],[7.072199,4.828229],[7.072146,4.828149],[7.072233,4.828091],[7.072286,4.828171]]]}},{"type":"Feature","properties":{"h":3.0,"on_route":false},"geometry":{"type":"Polygon","coordinates":[[[7.073314,4.825827],[7.073192,4.825851],[7.073182,4.825797],[7.073211,4.825791],[7.073303,4.825773],[7.073314,4.825827]]]}},{"type":"Feature","properties":{"h":3.0,"on_route":false},"geometry":{"type":"Polygon","coordinates":[[[7.075057,4.825809],[7.074941,4.825848],[7.074923,4.825795],[7.075039,4.825756],[7.075057,4.825809]]]}},{"type":"Feature","properties":{"h":3.0,"on_route":false},"geometry":{"type":"Polygon","coordinates":[[[7.074031,4.827033],[7.073958,4.827059],[7.073948,4.827032],[7.073922,4.827041],[7.073878,4.826914],[7.073977,4.826879],[7.074031,4.827033]]]}},{"type":"Feature","properties":{"h":3.0,"on_route":false},"geometry":{"type":"Polygon","coordinates":[[[7.07175,4.832145],[7.07159,4.832158],[7.071582,4.832055],[7.071742,4.832041],[7.07175,4.832145]]]}},{"type":"Feature","properties":{"h":3.0,"on_route":false},"geometry":{"type":"Polygon","coordinates":[[[7.07712,4.831576],[7.077095,4.831645],[7.077016,4.831617],[7.077041,4.831547],[7.07712,4.831576]]]}},{"type":"Feature","properties":{"h":3.0,"on_route":false},"geometry":{"type":"Polygon","coordinates":[[[7.06982,4.830341],[7.069812,4.830426],[7.069767,4.830422],[7.06977,4.830396],[7.06969,4.830388],[7.069695,4.83033],[7.06982,4.830341]]]}},{"type":"Feature","properties":{"h":3.0,"on_route":false},"geometry":{"type":"Polygon","coordinates":[[[7.070776,4.827832],[7.070606,4.827961],[7.070562,4.827903],[7.070656,4.827832],[7.070611,4.827772],[7.070687,4.827714],[7.070776,4.827832]]]}},{"type":"Feature","properties":{"h":3.0,"on_route":false},"geometry":{"type":"Polygon","coordinates":[[[7.075445,4.826305],[7.075334,4.826336],[7.075263,4.826082],[7.075373,4.826051],[7.075445,4.826305]]]}},{"type":"Feature","properties":{"h":3.0,"on_route":false},"geometry":{"type":"Polygon","coordinates":[[[7.077474,4.828173],[7.077429,4.828185],[7.077423,4.828164],[7.077469,4.828152],[7.077474,4.828173]]]}},{"type":"Feature","properties":{"h":3.0,"on_route":false},"geometry":{"type":"Polygon","coordinates":[[[7.071762,4.831396],[7.071487,4.831494],[7.071454,4.831401],[7.071669,4.831325],[7.071676,4.831345],[7.071737,4.831324],[7.071762,4.831396]]]}},{"type":"Feature","properties":{"h":3.0,"on_route":false},"geometry":{"type":"Polygon","coordinates":[[[7.071626,4.831794],[7.071622,4.831758],[7.071716,4.831748],[7.071727,4.831845],[7.071761,4.831841],[7.071766,4.831884],[7.071556,4.831908],[7.071544,4.831803],[7.071626,4.831794]]]}},{"type":"Feature","properties":{"h":3.0,"on_route":false},"geometry":{"type":"Polygon","coordinates":[[[7.070012,4.828122],[7.070008,4.828143],[7.070021,4.828146],[7.07001,4.82821],[7.069938,4.828197],[7.069953,4.828112],[7.070012,4.828122]]]}},{"type":"Feature","properties":{"h":3.0,"on_route":false},"geometry":{"type":"Polygon","coordinates":[[[7.072469,4.825317],[7.072458,4.825507],[7.072479,4.825509],[7.07248,4.825482],[7.072542,4.825486],[7.072538,4.825564],[7.072314,4.82555],[7.07232,4.825441],[7.072396,4.825445],[7.072403,4.825313],[7.072469,4.825317]]]}},{"type":"Feature","properties":{"h":3.0,"on_route":false},"geometry":{"type":"Polygon","coordinates":[[[7.073073,4.830087],[7.072985,4.830156],[7.07291,4.830061],[7.072999,4.829991],[7.073073,4.830087]]]}},{"type":"Feature","properties":{"h":3.0,"on_route":false},"geometry":{"type":"Polygon","coordinates":[[[7.071479,4.827354],[7.071518,4.827515],[7.071465,4.827528],[7.071426,4.827367],[7.071479,4.827354]]]}},{"type":"Feature","properties":{"h":3.0,"on_route":false},"geometry":{"type":"Polygon","coordinates":[[[7.071398,4.832439],[7.071345,4.832465],[7.071312,4.832398],[7.071365,4.832372],[7.071398,4.832439]]]}},{"type":"Feature","properties":{"h":3.0,"on_route":false},"geometry":{"type":"Polygon","coordinates":[[[7.071019,4.830887],[7.071015,4.830932],[7.070978,4.830908],[7.07098,4.830884],[7.071019,4.830887]]]}},{"type":"Feature","properties":{"h":3.0,"on_route":false},"geometry":{"type":"Polygon","coordinates":[[[7.073437,4.826279],[7.073386,4.826299],[7.073362,4.82624],[7.073413,4.826219],[7.073437,4.826279]]]}},{"type":"Feature","properties":{"h":3.0,"on_route":false},"geometry":{"type":"Polygon","coordinates":[[[7.075914,4.832739],[7.075906,4.832805],[7.075866,4.832799],[7.075859,4.832849],[7.075821,4.832844],[7.075812,4.832919],[7.075737,4.83291],[7.075761,4.832719],[7.075914,4.832739]]]}},{"type":"Feature","properties":{"h":3.0,"on_route":false},"geometry":{"type":"Polygon","coordinates":[[[7.071801,4.828461],[7.071702,4.82853],[7.071632,4.828427],[7.071731,4.828358],[7.071801,4.828461]]]}},{"type":"Feature","properties":{"h":3.0,"on_route":false},"geometry":{"type":"Polygon","coordinates":[[[7.074059,4.831924],[7.074059,4.831956],[7.074029,4.831956],[7.074029,4.831924],[7.074059,4.831924]]]}},{"type":"Feature","properties":{"h":3.0,"on_route":false},"geometry":{"type":"Polygon","coordinates":[[[7.070209,4.830461],[7.070184,4.830507],[7.070127,4.830475],[7.070152,4.83043],[7.070209,4.830461]]]}},{"type":"Feature","properties":{"h":3.0,"on_route":false},"geometry":{"type":"Polygon","coordinates":[[[7.072352,4.832383],[7.072282,4.832424],[7.072188,4.832265],[7.072258,4.832224],[7.072352,4.832383]]]}},{"type":"Feature","properties":{"h":3.0,"on_route":false},"geometry":{"type":"Polygon","coordinates":[[[7.069751,4.829635],[7.069741,4.829741],[7.069645,4.829731],[7.069655,4.829626],[7.069751,4.829635]]]}},{"type":"Feature","properties":{"h":3.0,"on_route":false},"geometry":{"type":"Polygon","coordinates":[[[7.072011,4.827541],[7.07191,4.827594],[7.071868,4.827513],[7.07197,4.82746],[7.072011,4.827541]]]}},{"type":"Feature","properties":{"h":3.0,"on_route":false},"geometry":{"type":"Polygon","coordinates":[[[7.075647,4.832397],[7.075651,4.832487],[7.075545,4.832493],[7.07554,4.832403],[7.075647,4.832397]]]}},{"type":"Feature","properties":{"h":3.0,"on_route":false},"geometry":{"type":"Polygon","coordinates":[[[7.07408,4.828313],[7.074073,4.82834],[7.074047,4.828333],[7.074054,4.828306],[7.07408,4.828313]]]}},{"type":"Feature","properties":{"h":3.0,"on_route":false},"geometry":{"type":"Polygon","coordinates":[[[7.072625,4.833894],[7.072512,4.834023],[7.072469,4.833985],[7.072582,4.833856],[7.072625,4.833894]]]}},{"type":"Feature","properties":{"h":3.0,"on_route":false},"geometry":{"type":"Polygon","coordinates":[[[7.073962,4.831966],[7.074009,4.832021],[7.073979,4.832047],[7.073932,4.831993],[7.073962,4.831966]]]}},{"type":"Feature","properties":{"h":3.0,"on_route":false},"geometry":{"type":"Polygon","coordinates":[[[7.069375,4.829514],[7.069217,4.829567],[7.069195,4.829502],[7.069353,4.829449],[7.069375,4.829514]]]}},{"type":"Feature","properties":{"h":3.0,"on_route":false},"geometry":{"type":"Polygon","coordinates":[[[7.071507,4.832616],[7.071398,4.83267],[7.071319,4.832508],[7.071427,4.832454],[7.071507,4.832616]]]}},{"type":"Feature","properties":{"h":3.0,"on_route":false},"geometry":{"type":"Polygon","coordinates":[[[7.069701,4.830848],[7.069646,4.830895],[7.069606,4.830848],[7.06966,4.830801],[7.069701,4.830848]]]}},{"type":"Feature","properties":{"h":3.0,"on_route":false},"geometry":{"type":"Polygon","coordinates":[[[7.074757,4.833333],[7.074736,4.833444],[7.074631,4.833424],[7.074652,4.833314],[7.074757,4.833333]]]}},{"type":"Feature","properties":{"h":3.0,"on_route":false},"geometry":{"type":"Polygon","coordinates":[[[7.07281,4.827065],[7.072724,4.827069],[7.072721,4.827003],[7.072806,4.826998],[7.07281,4.827065]]]}},{"type":"Feature","properties":{"h":3.0,"on_route":false},"geometry":{"type":"Polygon","coordinates":[[[7.06965,4.829736],[7.069647,4.829792],[7.069527,4.829784],[7.069526,4.829796],[7.069501,4.829795],[7.069506,4.829726],[7.06965,4.829736]]]}},{"type":"Feature","properties":{"h":3.0,"on_route":false},"geometry":{"type":"Polygon","coordinates":[[[7.074127,4.830374],[7.073994,4.830474],[7.073886,4.83033],[7.074018,4.830229],[7.074127,4.830374]]]}},{"type":"Feature","properties":{"h":3.0,"on_route":false},"geometry":{"type":"Polygon","coordinates":[[[7.069986,4.83075],[7.069973,4.830808],[7.06994,4.8308],[7.069952,4.830743],[7.069986,4.83075]]]}},{"type":"Feature","properties":{"h":3.0,"on_route":false},"geometry":{"type":"Polygon","coordinates":[[[7.073904,4.826142],[7.073887,4.826146],[7.073882,4.826128],[7.073753,4.826162],[7.073739,4.826109],[7.073885,4.826069],[7.073904,4.826142]]]}},{"type":"Feature","properties":{"h":3.0,"on_route":false},"geometry":{"type":"Polygon","coordinates":[[[7.072811,4.826542],[7.072674,4.82664],[7.072647,4.826601],[7.072784,4.826503],[7.072811,4.826542]]]}},{"type":"Feature","properties":{"h":3.0,"on_route":false},"geometry":{"type":"Polygon","coordinates":[[[7.072718,4.828894],[7.072667,4.828916],[7.072651,4.828879],[7.072702,4.828857],[7.072718,4.828894]]]}},{"type":"Feature","properties":{"h":3.0,"on_route":false},"geometry":{"type":"Polygon","coordinates":[[[7.072718,4.829557],[7.072663,4.82959],[7.072684,4.829624],[7.072485,4.829742],[7.072464,4.829708],[7.072614,4.829619],[7.072519,4.829457],[7.072623,4.829395],[7.072718,4.829557]]]}},{"type":"Feature","properties":{"h":3.0,"on_route":false},"geometry":{"type":"Polygon","coordinates":[[[7.071544,4.826215],[7.07154,4.82628],[7.071461,4.826275],[7.071462,4.82626],[7.071314,4.82625],[7.071318,4.826199],[7.071544,4.826215]]]}},{"type":"Feature","properties":{"h":3.0,"on_route":false},"geometry":{"type":"Polygon","coordinates":[[[7.072967,4.832378],[7.072878,4.8324],[7.072887,4.832435],[7.072851,4.832443],[7.072832,4.832362],[7.072956,4.832332],[7.072967,4.832378]]]}},{"type":"Feature","properties":{"h":3.0,"on_route":false},"geometry":{"type":"Polygon","coordinates":[[[7.074079,4.82481],[7.074044,4.824823],[7.074052,4.824845],[7.074012,4.82486],[7.073981,4.824774],[7.074056,4.824746],[7.074079,4.82481]]]}},{"type":"Feature","properties":{"h":3.0,"on_route":false},"geometry":{"type":"Polygon","coordinates":[[[7.075291,4.833273],[7.075347,4.833571],[7.075288,4.833582],[7.075279,4.83353],[7.075192,4.833547],[7.075154,4.833345],[7.075241,4.833328],[7.075232,4.833284],[7.075291,4.833273]]]}},{"type":"Feature","properties":{"h":3.0,"on_route":false},"geometry":{"type":"Polygon","coordinates":[[[7.073781,4.824974],[7.073734,4.824986],[7.073715,4.824912],[7.073762,4.8249],[7.073781,4.824974]]]}},{"type":"Feature","properties":{"h":3.0,"on_route":false},"geometry":{"type":"Polygon","coordinates":[[[7.075938,4.831707],[7.075872,4.831931],[7.075765,4.8319],[7.075831,4.831675],[7.075938,4.831707]]]}},{"type":"Feature","properties":{"h":3.0,"on_route":false},"geometry":{"type":"Polygon","coordinates":[[[7.073053,4.826882],[7.072918,4.82698],[7.07285,4.826886],[7.072985,4.826788],[7.073053,4.826882]]]}},{"type":"Feature","properties":{"h":3.0,"on_route":false},"geometry":{"type":"Polygon","coordinates":[[[7.07498,4.832932],[7.074968,4.832992],[7.074933,4.832985],[7.074921,4.833044],[7.074969,4.833053],[7.074947,4.83316],[7.074804,4.83313],[7.074849,4.832906],[7.07498,4.832932]]]}},{"type":"Feature","properties":{"h":3.0,"on_route":false},"geometry":{"type":"Polygon","coordinates":[[[7.071316,4.826398],[7.071335,4.826366],[7.071368,4.826386],[7.07133,4.82645],[7.0712,4.826373],[7.07122,4.82634],[7.071316,4.826398]]]}},{"type":"Feature","properties":{"h":3.0,"on_route":false},"geometry":{"type":"Polygon","coordinates":[[[7.072433,4.833514],[7.072367,4.833463],[7.072473,4.833325],[7.07254,4.833377],[7.072433,4.833514]]]}},{"type":"Feature","properties":{"h":3.0,"on_route":false},"geometry":{"type":"Polygon","coordinates":[[[7.07192,4.83312],[7.07189,4.833143],[7.071843,4.83308],[7.071872,4.833058],[7.07192,4.83312]]]}},{"type":"Feature","properties":{"h":3.0,"on_route":false},"geometry":{"type":"Polygon","coordinates":[[[7.070268,4.826892],[7.070161,4.827065],[7.070112,4.827034],[7.070218,4.826861],[7.070268,4.826892]]]}},{"type":"Feature","properties":{"h":3.0,"on_route":false},"geometry":{"type":"Polygon","coordinates":[[[7.071564,4.829387],[7.071529,4.82942],[7.071481,4.829369],[7.071515,4.829336],[7.071564,4.829387]]]}},{"type":"Feature","properties":{"h":3.0,"on_route":false},"geometry":{"type":"Polygon","coordinates":[[[7.070114,4.829724],[7.070106,4.82975],[7.070064,4.829738],[7.070072,4.829712],[7.070114,4.829724]]]}},{"type":"Feature","properties":{"h":3.0,"on_route":true},"geometry":{"type":"Polygon","coordinates":[[[7.072032,4.82672],[7.071976,4.826739],[7.071958,4.826687],[7.072013,4.826667],[7.072032,4.82672]]]}},{"type":"Feature","properties":{"h":3.0,"on_route":false},"geometry":{"type":"Polygon","coordinates":[[[7.069826,4.83027],[7.069829,4.830234],[7.069941,4.830243],[7.069933,4.830343],[7.06987,4.830337],[7.069869,4.83034],[7.069796,4.830334],[7.069801,4.830268],[7.069826,4.83027]]]}},{"type":"Feature","properties":{"h":3.0,"on_route":false},"geometry":{"type":"Polygon","coordinates":[[[7.074507,4.832876],[7.074618,4.832902],[7.074582,4.833057],[7.074493,4.833036],[7.074505,4.832982],[7.074484,4.832977],[7.074507,4.832876]]]}},{"type":"Feature","properties":{"h":3.0,"on_route":true},"geometry":{"type":"Polygon","coordinates":[[[7.072192,4.827505],[7.072173,4.827517],[7.072183,4.827534],[7.072111,4.827579],[7.07205,4.82748],[7.07214,4.827423],[7.072192,4.827505]]]}},{"type":"Feature","properties":{"h":3.0,"on_route":false},"geometry":{"type":"Polygon","coordinates":[[[7.075061,4.826717],[7.074993,4.826741],[7.074968,4.82667],[7.074818,4.826723],[7.074795,4.826657],[7.075,4.826585],[7.075009,4.826612],[7.075023,4.826607],[7.075061,4.826717]]]}},{"type":"Feature","properties":{"h":3.0,"on_route":false},"geometry":{"type":"Polygon","coordinates":[[[7.074865,4.833746],[7.074846,4.833825],[7.074669,4.833781],[7.074688,4.833702],[7.074865,4.833746]]]}},{"type":"Feature","properties":{"h":3.0,"on_route":false},"geometry":{"type":"Polygon","coordinates":[[[7.070238,4.828189],[7.070238,4.828227],[7.070195,4.828226],[7.070196,4.828188],[7.070238,4.828189]]]}},{"type":"Feature","properties":{"h":3.0,"on_route":false},"geometry":{"type":"Polygon","coordinates":[[[7.076792,4.831385],[7.076723,4.83145],[7.076677,4.8314],[7.076746,4.831335],[7.076792,4.831385]]]}},{"type":"Feature","properties":{"h":3.0,"on_route":false},"geometry":{"type":"Polygon","coordinates":[[[7.070645,4.831168],[7.070625,4.831155],[7.070587,4.831213],[7.070547,4.831186],[7.070536,4.831203],[7.070484,4.831169],[7.070582,4.83102],[7.070694,4.831094],[7.070645,4.831168]]]}},{"type":"Feature","properties":{"h":3.0,"on_route":false},"geometry":{"type":"Polygon","coordinates":[[[7.071949,4.828522],[7.071895,4.828559],[7.071827,4.828461],[7.071882,4.828423],[7.071949,4.828522]]]}},{"type":"Feature","properties":{"h":3.0,"on_route":false},"geometry":{"type":"Polygon","coordinates":[[[7.070502,4.832464],[7.070388,4.832501],[7.070342,4.832358],[7.070457,4.832321],[7.070502,4.832464]]]}},{"type":"Feature","properties":{"h":3.0,"on_route":false},"geometry":{"type":"Polygon","coordinates":[[[7.072877,4.826343],[7.072783,4.826412],[7.072705,4.826305],[7.072799,4.826236],[7.072877,4.826343]]]}},{"type":"Feature","properties":{"h":3.0,"on_route":false},"geometry":{"type":"Polygon","coordinates":[[[7.07001,4.827263],[7.069952,4.827249],[7.070009,4.827008],[7.070066,4.827022],[7.07001,4.827263]]]}},{"type":"Feature","properties":{"h":3.0,"on_route":false},"geometry":{"type":"Polygon","coordinates":[[[7.071123,4.825975],[7.071151,4.826051],[7.071099,4.82607],[7.071071,4.825995],[7.071123,4.825975]]]}},{"type":"Feature","properties":{"h":3.0,"on_route":false},"geometry":{"type":"Polygon","coordinates":[[[7.071864,4.833521],[7.07169,4.833621],[7.071637,4.833528],[7.071811,4.833429],[7.071864,4.833521]]]}},{"type":"Feature","properties":{"h":3.0,"on_route":false},"geometry":{"type":"Polygon","coordinates":[[[7.07266,4.826047],[7.072544,4.826132],[7.072495,4.826066],[7.072611,4.82598],[7.07266,4.826047]]]}},{"type":"Feature","properties":{"h":3.0,"on_route":false},"geometry":{"type":"Polygon","coordinates":[[[7.072723,4.830326],[7.07256,4.830456],[7.072472,4.830344],[7.072635,4.830214],[7.072723,4.830326]]]}},{"type":"Feature","properties":{"h":3.0,"on_route":false},"geometry":{"type":"Polygon","coordinates":[[[7.071078,4.832971],[7.071081,4.833009],[7.071044,4.833013],[7.071041,4.832974],[7.071078,4.832971]]]}},{"type":"Feature","properties":{"h":3.0,"on_route":false},"geometry":{"type":"Polygon","coordinates":[[[7.070471,4.828114],[7.070461,4.82824],[7.070438,4.828238],[7.070433,4.828309],[7.070368,4.828304],[7.070383,4.828107],[7.070471,4.828114]]]}},{"type":"Feature","properties":{"h":3.0,"on_route":false},"geometry":{"type":"Polygon","coordinates":[[[7.07223,4.829716],[7.072124,4.829775],[7.072089,4.829712],[7.072196,4.829654],[7.07223,4.829716]]]}},{"type":"Feature","properties":{"h":3.0,"on_route":false},"geometry":{"type":"Polygon","coordinates":[[[7.070551,4.826508],[7.07043,4.826669],[7.070375,4.826627],[7.070496,4.826466],[7.070551,4.826508]]]}},{"type":"Feature","properties":{"h":3.0,"on_route":false},"geometry":{"type":"Polygon","coordinates":[[[7.073502,4.825619],[7.073446,4.825636],[7.073395,4.825467],[7.073451,4.82545],[7.073502,4.825619]]]}},{"type":"Feature","properties":{"h":3.0,"on_route":false},"geometry":{"type":"Polygon","coordinates":[[[7.070259,4.828065],[7.070249,4.828122],[7.070202,4.828115],[7.070211,4.828058],[7.070259,4.828065]]]}},{"type":"Feature","properties":{"h":3.0,"on_route":false},"geometry":{"type":"Polygon","coordinates":[[[7.071219,4.827553],[7.071344,4.827752],[7.071269,4.827799],[7.071144,4.8276],[7.071219,4.827553]]]}},{"type":"Feature","properties":{"h":3.0,"on_route":true},"geometry":{"type":"Polygon","coordinates":[[[7.073335,4.828355],[7.073218,4.82845],[7.073112,4.828318],[7.073142,4.828293],[7.073114,4.828259],[7.0732,4.828189],[7.073335,4.828355]]]}},{"type":"Feature","properties":{"h":3.0,"on_route":true},"geometry":{"type":"Polygon","coordinates":[[[7.073482,4.828146],[7.07344,4.82818],[7.073425,4.828161],[7.073305,4.828257],[7.073229,4.828162],[7.073392,4.828032],[7.073482,4.828146]]]}},{"type":"Feature","properties":{"h":3.0,"on_route":false},"geometry":{"type":"Polygon","coordinates":[[[7.069808,4.828292],[7.069805,4.828338],[7.069723,4.828332],[7.069727,4.828286],[7.069808,4.828292]]]}},{"type":"Feature","properties":{"h":3.0,"on_route":false},"geometry":{"type":"Polygon","coordinates":[[[7.070132,4.829342],[7.070127,4.829402],[7.069958,4.829386],[7.069963,4.829327],[7.070132,4.829342]]]}},{"type":"Feature","properties":{"h":3.0,"on_route":false},"geometry":{"type":"Polygon","coordinates":[[[7.069423,4.829382],[7.06937,4.8294],[7.069316,4.82924],[7.069369,4.829223],[7.069423,4.829382]]]}},{"type":"Feature","properties":{"h":3.0,"on_route":false},"geometry":{"type":"Polygon","coordinates":[[[7.071987,4.829909],[7.071941,4.829947],[7.072016,4.830037],[7.071983,4.830064],[7.07199,4.830071],[7.071972,4.830086],[7.071843,4.829929],[7.071939,4.82985],[7.071987,4.829909]]]}},{"type":"Feature","properties":{"h":3.0,"on_route":false},"geometry":{"type":"Polygon","coordinates":[[[7.070559,4.828226],[7.070522,4.828221],[7.070529,4.828166],[7.070566,4.828171],[7.070559,4.828226]]]}},{"type":"Feature","properties":{"h":3.0,"on_route":false},"geometry":{"type":"Polygon","coordinates":[[[7.070965,4.832492],[7.07088,4.832512],[7.070863,4.832437],[7.070947,4.832417],[7.070965,4.832492]]]}},{"type":"Feature","properties":{"h":3.0,"on_route":false},"geometry":{"type":"Polygon","coordinates":[[[7.076215,4.832613],[7.076184,4.832741],[7.076116,4.832724],[7.076125,4.832688],[7.076025,4.832663],[7.076047,4.832572],[7.076215,4.832613]]]}},{"type":"Feature","properties":{"h":3.0,"on_route":false},"geometry":{"type":"Polygon","coordinates":[[[7.075542,4.83262],[7.075544,4.832704],[7.075415,4.832708],[7.075413,4.832623],[7.075542,4.83262]]]}},{"type":"Feature","properties":{"h":3.0,"on_route":false},"geometry":{"type":"Polygon","coordinates":[[[7.073374,4.832353],[7.073349,4.83237],[7.073427,4.83248],[7.073377,4.832515],[7.073283,4.832382],[7.073357,4.832329],[7.073374,4.832353]]]}},{"type":"Feature","properties":{"h":3.0,"on_route":false},"geometry":{"type":"Polygon","coordinates":[[[7.074614,4.832708],[7.074608,4.832759],[7.074523,4.832749],[7.07453,4.832698],[7.074614,4.832708]]]}},{"type":"Feature","properties":{"h":3.0,"on_route":false},"geometry":{"type":"Polygon","coordinates":[[[7.072449,4.8261],[7.072403,4.826134],[7.072366,4.826082],[7.072411,4.826049],[7.072449,4.8261]]]}},{"type":"Feature","properties":{"h":3.0,"on_route":false},"geometry":{"type":"Polygon","coordinates":[[[7.069999,4.830926],[7.069983,4.830956],[7.070094,4.831016],[7.07006,4.831078],[7.069887,4.830984],[7.069937,4.830892],[7.069999,4.830926]]]}},{"type":"Feature","properties":{"h":3.0,"on_route":false},"geometry":{"type":"Polygon","coordinates":[[[7.070324,4.826598],[7.070274,4.826561],[7.070392,4.826399],[7.070442,4.826435],[7.070324,4.826598]]]}},{"type":"Feature","properties":{"h":3.0,"on_route":false},"geometry":{"type":"Polygon","coordinates":[[[7.072947,4.828586],[7.072757,4.828742],[7.07267,4.828636],[7.072726,4.82859],[7.072712,4.828573],[7.072846,4.828463],[7.072947,4.828586]]]}},{"type":"Feature","properties":{"h":3.0,"on_route":false},"geometry":{"type":"Polygon","coordinates":[[[7.070659,4.829719],[7.070622,4.829803],[7.070599,4.829793],[7.070614,4.829759],[7.070587,4.829747],[7.070608,4.829697],[7.070659,4.829719]]]}},{"type":"Feature","properties":{"h":3.0,"on_route":false},"geometry":{"type":"Polygon","coordinates":[[[7.071857,4.83144],[7.071798,4.831451],[7.07179,4.83141],[7.071849,4.8314],[7.071857,4.83144]]]}},{"type":"Feature","properties":{"h":3.0,"on_route":false},"geometry":{"type":"Polygon","coordinates":[[[7.07383,4.824811],[7.073742,4.824847],[7.073691,4.824722],[7.073779,4.824686],[7.07383,4.824811]]]}},{"type":"Feature","properties":{"h":3.0,"on_route":true},"geometry":{"type":"Polygon","coordinates":[[[7.072716,4.828228],[7.072672,4.828262],[7.072614,4.828187],[7.072657,4.828153],[7.072716,4.828228]]]}},{"type":"Feature","properties":{"h":3.0,"on_route":false},"geometry":{"type":"Polygon","coordinates":[[[7.072134,4.833572],[7.072078,4.833612],[7.072006,4.833511],[7.072062,4.833471],[7.072134,4.833572]]]}},{"type":"Feature","properties":{"h":3.0,"on_route":false},"geometry":{"type":"Polygon","coordinates":[[[7.077246,4.831423],[7.077221,4.831532],[7.07707,4.831496],[7.077096,4.831387],[7.077246,4.831423]]]}},{"type":"Feature","properties":{"h":3.0,"on_route":false},"geometry":{"type":"Polygon","coordinates":[[[7.074624,4.827536],[7.074547,4.827593],[7.074456,4.827468],[7.07443,4.827488],[7.074387,4.827429],[7.074491,4.827353],[7.074624,4.827536]]]}},{"type":"Feature","properties":{"h":3.0,"on_route":false},"geometry":{"type":"Polygon","coordinates":[[[7.074166,4.826051],[7.074024,4.826089],[7.074005,4.826018],[7.074091,4.825995],[7.074082,4.825962],[7.074138,4.825947],[7.074166,4.826051]]]}},{"type":"Feature","properties":{"h":3.0,"on_route":false},"geometry":{"type":"Polygon","coordinates":[[[7.070307,4.830252],[7.070267,4.830309],[7.070243,4.830345],[7.070155,4.830285],[7.070219,4.830191],[7.070307,4.830252]]]}},{"type":"Feature","properties":{"h":3.0,"on_route":true},"geometry":{"type":"Polygon","coordinates":[[[7.07132,4.826178],[7.071172,4.826216],[7.071133,4.826063],[7.071281,4.826025],[7.07132,4.826178]]]}},{"type":"Feature","properties":{"h":3.0,"on_route":false},"geometry":{"type":"Polygon","coordinates":[[[7.071811,4.827238],[7.071797,4.827201],[7.071769,4.827212],[7.071753,4.82717],[7.071882,4.827119],[7.071912,4.827198],[7.071811,4.827238]]]}},{"type":"Feature","properties":{"h":3.0,"on_route":false},"geometry":{"type":"Polygon","coordinates":[[[7.075044,4.832875],[7.075015,4.833057],[7.074966,4.833049],[7.074986,4.832929],[7.074971,4.832927],[7.074981,4.832865],[7.075044,4.832875]]]}},{"type":"Feature","properties":{"h":3.0,"on_route":false},"geometry":{"type":"Polygon","coordinates":[[[7.075596,4.832963],[7.075579,4.833004],[7.075525,4.832982],[7.075542,4.83294],[7.075596,4.832963]]]}},{"type":"Feature","properties":{"h":3.0,"on_route":false},"geometry":{"type":"Polygon","coordinates":[[[7.06966,4.829826],[7.069651,4.829935],[7.069574,4.829928],[7.069581,4.829847],[7.069623,4.82985],[7.069625,4.829823],[7.06966,4.829826]]]}},{"type":"Feature","properties":{"h":3.0,"on_route":false},"geometry":{"type":"Polygon","coordinates":[[[7.073718,4.824906],[7.073602,4.824953],[7.073581,4.824899],[7.073696,4.824852],[7.073718,4.824906]]]}},{"type":"Feature","properties":{"h":3.0,"on_route":false},"geometry":{"type":"Polygon","coordinates":[[[7.071114,4.831442],[7.071128,4.831552],[7.071023,4.831565],[7.07101,4.831455],[7.071114,4.831442]]]}},{"type":"Feature","properties":{"h":3.0,"on_route":false},"geometry":{"type":"Polygon","coordinates":[[[7.074642,4.833796],[7.074625,4.833877],[7.074443,4.833839],[7.07446,4.833758],[7.074642,4.833796]]]}},{"type":"Feature","properties":{"h":3.0,"on_route":false},"geometry":{"type":"Polygon","coordinates":[[[7.07276,4.829879],[7.072731,4.8299],[7.072689,4.829841],[7.072718,4.82982],[7.07276,4.829879]]]}},{"type":"Feature","properties":{"h":3.0,"on_route":false},"geometry":{"type":"Polygon","coordinates":[[[7.072208,4.825331],[7.072204,4.825446],[7.072157,4.825445],[7.072161,4.82533],[7.072208,4.825331]]]}},{"type":"Feature","properties":{"h":3.0,"on_route":false},"geometry":{"type":"Polygon","coordinates":[[[7.072261,4.831449],[7.072259,4.83149],[7.072235,4.831489],[7.072233,4.83152],[7.072201,4.831518],[7.072204,4.831446],[7.072261,4.831449]]]}},{"type":"Feature","properties":{"h":3.0,"on_route":false},"geometry":{"type":"Polygon","coordinates":[[[7.070966,4.827044],[7.070957,4.827135],[7.07089,4.827128],[7.0709,4.827037],[7.070966,4.827044]]]}},{"type":"Feature","properties":{"h":3.0,"on_route":true},"geometry":{"type":"Polygon","coordinates":[[[7.072119,4.826752],[7.071993,4.826814],[7.071972,4.826769],[7.072098,4.826708],[7.072119,4.826752]]]}},{"type":"Feature","properties":{"h":3.0,"on_route":false},"geometry":{"type":"Polygon","coordinates":[[[7.074476,4.824925],[7.074337,4.824973],[7.074295,4.824848],[7.074434,4.8248],[7.074476,4.824925]]]}},{"type":"Feature","properties":{"h":3.0,"on_route":false},"geometry":{"type":"Polygon","coordinates":[[[7.072303,4.830662],[7.072229,4.830736],[7.072155,4.830663],[7.072229,4.830589],[7.072303,4.830662]]]}},{"type":"Feature","properties":{"h":3.0,"on_route":false},"geometry":{"type":"Polygon","coordinates":[[[7.073994,4.830739],[7.07393,4.830788],[7.073856,4.830691],[7.07392,4.830642],[7.073994,4.830739]]]}},{"type":"Feature","properties":{"h":3.0,"on_route":false},"geometry":{"type":"Polygon","coordinates":[[[7.073695,4.8254],[7.073628,4.825416],[7.073596,4.825282],[7.073663,4.825266],[7.073695,4.8254]]]}},{"type":"Feature","properties":{"h":3.0,"on_route":false},"geometry":{"type":"Polygon","coordinates":[[[7.07565,4.826908],[7.075583,4.82693],[7.075564,4.826871],[7.075631,4.82685],[7.07565,4.826908]]]}},{"type":"Feature","properties":{"h":3.0,"on_route":false},"geometry":{"type":"Polygon","coordinates":[[[7.075043,4.832014],[7.074964,4.832027],[7.074945,4.831911],[7.075024,4.831898],[7.075043,4.832014]]]}},{"type":"Feature","properties":{"h":3.0,"on_route":false},"geometry":{"type":"Polygon","coordinates":[[[7.070481,4.829454],[7.070428,4.8296],[7.07039,4.829586],[7.070429,4.829475],[7.070449,4.829482],[7.070462,4.829447],[7.070481,4.829454]]]}},{"type":"Feature","properties":{"h":3.0,"on_route":false},"geometry":{"type":"Polygon","coordinates":[[[7.076213,4.826197],[7.076268,4.826353],[7.076216,4.826372],[7.076161,4.826215],[7.076213,4.826197]]]}},{"type":"Feature","properties":{"h":3.0,"on_route":false},"geometry":{"type":"Polygon","coordinates":[[[7.075664,4.83251],[7.07566,4.832611],[7.075564,4.832607],[7.075568,4.832506],[7.075664,4.83251]]]}},{"type":"Feature","properties":{"h":3.0,"on_route":false},"geometry":{"type":"Polygon","coordinates":[[[7.074145,4.827523],[7.074116,4.827533],[7.074107,4.827507],[7.074135,4.827497],[7.074145,4.827523]]]}},{"type":"Feature","properties":{"h":3.0,"on_route":false},"geometry":{"type":"Polygon","coordinates":[[[7.071141,4.827673],[7.071044,4.827734],[7.07101,4.827677],[7.071106,4.827617],[7.071141,4.827673]]]}},{"type":"Feature","properties":{"h":3.0,"on_route":false},"geometry":{"type":"Polygon","coordinates":[[[7.075043,4.833344],[7.075004,4.833541],[7.074938,4.833528],[7.074976,4.833331],[7.075043,4.833344]]]}},{"type":"Feature","properties":{"h":3.0,"on_route":false},"geometry":{"type":"Polygon","coordinates":[[[7.07468,4.83189],[7.074641,4.832003],[7.074496,4.831952],[7.074535,4.83184],[7.07468,4.83189]]]}},{"type":"Feature","properties":{"h":3.0,"on_route":false},"geometry":{"type":"Polygon","coordinates":[[[7.072654,4.830028],[7.072616,4.830059],[7.072521,4.829938],[7.072559,4.829907],[7.072654,4.830028]]]}},{"type":"Feature","properties":{"h":3.0,"on_route":false},"geometry":{"type":"Polygon","coordinates":[[[7.071761,4.828078],[7.071639,4.828154],[7.071568,4.82804],[7.07169,4.827964],[7.071761,4.828078]]]}},{"type":"Feature","properties":{"h":3.0,"on_route":false},"geometry":{"type":"Polygon","coordinates":[[[7.070478,4.826335],[7.070555,4.82647],[7.070533,4.826483],[7.07052,4.826459],[7.0705,4.82647],[7.070437,4.826358],[7.070478,4.826335]]]}},{"type":"Feature","properties":{"h":3.0,"on_route":false},"geometry":{"type":"Polygon","coordinates":[[[7.070416,4.83157],[7.070353,4.831577],[7.070342,4.831484],[7.070405,4.831476],[7.070416,4.83157]]]}},{"type":"Feature","properties":{"h":3.0,"on_route":false},"geometry":{"type":"Polygon","coordinates":[[[7.071572,4.833154],[7.071555,4.83316],[7.071572,4.833215],[7.071495,4.83324],[7.071507,4.833275],[7.071422,4.833303],[7.07135,4.833083],[7.071403,4.833066],[7.071424,4.833132],[7.071457,4.833121],[7.071435,4.833055],[7.071529,4.833024],[7.071572,4.833154]]]}},{"type":"Feature","properties":{"h":3.0,"on_route":false},"geometry":{"type":"Polygon","coordinates":[[[7.074391,4.826138],[7.07434,4.82615],[7.074324,4.826076],[7.074374,4.826064],[7.074391,4.826138]]]}},{"type":"Feature","properties":{"h":3.0,"on_route":false},"geometry":{"type":"Polygon","coordinates":[[[7.07368,4.824813],[7.073565,4.82486],[7.073535,4.824786],[7.073567,4.824773],[7.073574,4.82479],[7.07363,4.824767],[7.073623,4.82475],[7.07365,4.824739],[7.07368,4.824813]]]}},{"type":"Feature","properties":{"h":3.0,"on_route":false},"geometry":{"type":"Polygon","coordinates":[[[7.070831,4.831593],[7.070861,4.831589],[7.070877,4.831705],[7.070756,4.831722],[7.070749,4.83167],[7.070708,4.831676],[7.070693,4.831568],[7.070825,4.831549],[7.070831,4.831593]]]}},{"type":"Feature","properties":{"h":3.0,"on_route":false},"geometry":{"type":"Polygon","coordinates":[[[7.074115,4.826796],[7.073979,4.82684],[7.073956,4.826766],[7.074091,4.826722],[7.074115,4.826796]]]}},{"type":"Feature","properties":{"h":3.0,"on_route":false},"geometry":{"type":"Polygon","coordinates":[[[7.074785,4.83241],[7.074753,4.83254],[7.074661,4.832518],[7.074692,4.832388],[7.074785,4.83241]]]}},{"type":"Feature","properties":{"h":3.0,"on_route":false},"geometry":{"type":"Polygon","coordinates":[[[7.074492,4.833528],[7.074474,4.83361],[7.074291,4.83357],[7.074309,4.833488],[7.074492,4.833528]]]}},{"type":"Feature","properties":{"h":3.0,"on_route":false},"geometry":{"type":"Polygon","coordinates":[[[7.071145,4.827395],[7.071138,4.827475],[7.071083,4.82747],[7.07109,4.827391],[7.071145,4.827395]]]}},{"type":"Feature","properties":{"h":3.0,"on_route":false},"geometry":{"type":"Polygon","coordinates":[[[7.076003,4.826158],[7.076003,4.82618],[7.075976,4.826179],[7.075976,4.826158],[7.076003,4.826158]]]}},{"type":"Feature","properties":{"h":3.0,"on_route":false},"geometry":{"type":"Polygon","coordinates":[[[7.071055,4.832265],[7.070995,4.832297],[7.070947,4.832206],[7.071007,4.832174],[7.071055,4.832265]]]}},{"type":"Feature","properties":{"h":3.0,"on_route":false},"geometry":{"type":"Polygon","coordinates":[[[7.072469,4.829982],[7.072419,4.830024],[7.072342,4.829931],[7.072392,4.829889],[7.072469,4.829982]]]}},{"type":"Feature","properties":{"h":3.0,"on_route":false},"geometry":{"type":"Polygon","coordinates":[[[7.071793,4.832679],[7.071747,4.832707],[7.07173,4.832679],[7.071646,4.832731],[7.071625,4.832696],[7.071603,4.832709],[7.071579,4.832669],[7.071601,4.832656],[7.071568,4.832603],[7.071653,4.832551],[7.071638,4.832528],[7.071685,4.8325],[7.071793,4.832679]]]}},{"type":"Feature","properties":{"h":3.0,"on_route":false},"geometry":{"type":"Polygon","coordinates":[[[7.075281,4.82644],[7.075133,4.826493],[7.075108,4.826421],[7.075255,4.826368],[7.075281,4.82644]]]}},{"type":"Feature","properties":{"h":3.0,"on_route":false},"geometry":{"type":"Polygon","coordinates":[[[7.076165,4.826095],[7.076036,4.826144],[7.075996,4.82604],[7.076125,4.825991],[7.076165,4.826095]]]}},{"type":"Feature","properties":{"h":3.0,"on_route":false},"geometry":{"type":"Polygon","coordinates":[[[7.073017,4.833177],[7.073008,4.833123],[7.073293,4.833078],[7.073302,4.833132],[7.073017,4.833177]]]}},{"type":"Feature","properties":{"h":3.0,"on_route":false},"geometry":{"type":"Polygon","coordinates":[[[7.07192,4.827629],[7.071825,4.827679],[7.071767,4.827566],[7.071861,4.827517],[7.07192,4.827629]]]}},{"type":"Feature","properties":{"h":3.0,"on_route":false},"geometry":{"type":"Polygon","coordinates":[[[7.070204,4.82745],[7.070199,4.827501],[7.070143,4.827495],[7.070149,4.827444],[7.070204,4.82745]]]}},{"type":"Feature","properties":{"h":3.0,"on_route":true},"geometry":{"type":"Polygon","coordinates":[[[7.072329,4.827798],[7.072295,4.827812],[7.072281,4.827777],[7.072315,4.827763],[7.072329,4.827798]]]}},{"type":"Feature","properties":{"h":3.0,"on_route":false},"geometry":{"type":"Polygon","coordinates":[[[7.073524,4.831726],[7.073421,4.831904],[7.073327,4.831849],[7.073431,4.831672],[7.073524,4.831726]]]}},{"type":"Feature","properties":{"h":3.0,"on_route":false},"geometry":{"type":"Polygon","coordinates":[[[7.073693,4.827461],[7.073617,4.827519],[7.07364,4.82755],[7.073576,4.827598],[7.073493,4.827489],[7.073634,4.827382],[7.073693,4.827461]]]}},{"type":"Feature","properties":{"h":3.0,"on_route":false},"geometry":{"type":"Polygon","coordinates":[[[7.071124,4.830724],[7.070994,4.830874],[7.070921,4.83081],[7.071051,4.830661],[7.071124,4.830724]]]}},{"type":"Feature","properties":{"h":3.0,"on_route":false},"geometry":{"type":"Polygon","coordinates":[[[7.072371,4.831024],[7.072362,4.83115],[7.072266,4.831143],[7.072276,4.831017],[7.072371,4.831024]]]}},{"type":"Feature","properties":{"h":3.0,"on_route":false},"geometry":{"type":"Polygon","coordinates":[[[7.0752,4.826163],[7.07512,4.826187],[7.075101,4.826122],[7.075181,4.826099],[7.0752,4.826163]]]}},{"type":"Feature","properties":{"h":3.0,"on_route":false},"geometry":{"type":"Polygon","coordinates":[[[7.073299,4.825182],[7.073232,4.825207],[7.073189,4.825089],[7.073255,4.825065],[7.073299,4.825182]]]}},{"type":"Feature","properties":{"h":3.0,"on_route":false},"geometry":{"type":"Polygon","coordinates":[[[7.073001,4.832392],[7.073015,4.832437],[7.072979,4.832449],[7.072964,4.832404],[7.073001,4.832392]]]}},{"type":"Feature","properties":{"h":3.0,"on_route":false},"geometry":{"type":"Polygon","coordinates":[[[7.071046,4.826891],[7.071044,4.82687],[7.071144,4.826861],[7.07115,4.826924],[7.071171,4.826922],[7.071178,4.826999],[7.071007,4.827015],[7.070996,4.826896],[7.071046,4.826891]]]}},{"type":"Feature","properties":{"h":3.0,"on_route":false},"geometry":{"type":"Polygon","coordinates":[[[7.073845,4.833202],[7.073815,4.833415],[7.073704,4.833399],[7.073734,4.833187],[7.073845,4.833202]]]}},{"type":"Feature","properties":{"h":3.0,"on_route":false},"geometry":{"type":"Polygon","coordinates":[[[7.072307,4.825557],[7.072303,4.825599],[7.072245,4.825594],[7.072249,4.825552],[7.072307,4.825557]]]}},{"type":"Feature","properties":{"h":3.0,"on_route":false},"geometry":{"type":"Polygon","coordinates":[[[7.072446,4.82891],[7.072283,4.829032],[7.072229,4.828961],[7.072363,4.82886],[7.072383,4.828886],[7.072412,4.828864],[7.072446,4.82891]]]}},{"type":"Feature","properties":{"h":3.0,"on_route":false},"geometry":{"type":"Polygon","coordinates":[[[7.072506,4.825762],[7.072502,4.825806],[7.072455,4.825803],[7.072459,4.825758],[7.072506,4.825762]]]}},{"type":"Feature","properties":{"h":3.0,"on_route":false},"geometry":{"type":"Polygon","coordinates":[[[7.070389,4.83176],[7.070388,4.831828],[7.070268,4.831828],[7.070268,4.83176],[7.070389,4.83176]]]}},{"type":"Feature","properties":{"h":3.0,"on_route":false},"geometry":{"type":"Polygon","coordinates":[[[7.071704,4.828557],[7.071746,4.828638],[7.071695,4.828664],[7.071653,4.828584],[7.071704,4.828557]]]}},{"type":"Feature","properties":{"h":3.0,"on_route":false},"geometry":{"type":"Polygon","coordinates":[[[7.075032,4.833254],[7.075026,4.833327],[7.074967,4.833323],[7.074973,4.83325],[7.075032,4.833254]]]}},{"type":"Feature","properties":{"h":3.0,"on_route":false},"geometry":{"type":"Polygon","coordinates":[[[7.073019,4.82728],[7.073001,4.827293],[7.07304,4.827342],[7.072986,4.827386],[7.072903,4.827282],[7.072974,4.827225],[7.073019,4.82728]]]}},{"type":"Feature","properties":{"h":3.0,"on_route":false},"geometry":{"type":"Polygon","coordinates":[[[7.074621,4.826551],[7.074496,4.826596],[7.074458,4.826489],[7.074583,4.826445],[7.074621,4.826551]]]}},{"type":"Feature","properties":{"h":3.0,"on_route":false},"geometry":{"type":"Polygon","coordinates":[[[7.073405,4.831398],[7.073399,4.831524],[7.073292,4.831519],[7.073298,4.831393],[7.073405,4.831398]]]}},{"type":"Feature","properties":{"h":3.0,"on_route":false},"geometry":{"type":"Polygon","coordinates":[[[7.076324,4.826101],[7.076292,4.826113],[7.076273,4.826061],[7.076306,4.826049],[7.076324,4.826101]]]}},{"type":"Feature","properties":{"h":3.0,"on_route":false},"geometry":{"type":"Polygon","coordinates":[[[7.070148,4.829654],[7.070121,4.829724],[7.070077,4.829707],[7.070103,4.829637],[7.070148,4.829654]]]}},{"type":"Feature","properties":{"h":3.0,"on_route":false},"geometry":{"type":"Polygon","coordinates":[[[7.07195,4.827093],[7.071849,4.827134],[7.071815,4.827051],[7.071916,4.82701],[7.07195,4.827093]]]}},{"type":"Feature","properties":{"h":3.0,"on_route":false},"geometry":{"type":"Polygon","coordinates":[[[7.074672,4.827148],[7.07462,4.827186],[7.074598,4.827155],[7.074649,4.827117],[7.074672,4.827148]]]}},{"type":"Feature","properties":{"h":3.0,"on_route":false},"geometry":{"type":"Polygon","coordinates":[[[7.070528,4.829743],[7.070501,4.829811],[7.070371,4.829758],[7.070398,4.82969],[7.070528,4.829743]]]}},{"type":"Feature","properties":{"h":3.0,"on_route":false},"geometry":{"type":"Polygon","coordinates":[[[7.075494,4.824969],[7.075359,4.825002],[7.075333,4.824892],[7.075467,4.824859],[7.075494,4.824969]]]}},{"type":"Feature","properties":{"h":3.0,"on_route":false},"geometry":{"type":"Polygon","coordinates":[[[7.074279,4.825663],[7.074213,4.825683],[7.074131,4.825408],[7.074198,4.825388],[7.074279,4.825663]]]}},{"type":"Feature","properties":{"h":3.0,"on_route":false},"geometry":{"type":"Polygon","coordinates":[[[7.073518,4.826995],[7.073569,4.82712],[7.073507,4.827146],[7.073478,4.827076],[7.073417,4.827101],[7.073395,4.827046],[7.073518,4.826995]]]}},{"type":"Feature","properties":{"h":3.0,"on_route":false},"geometry":{"type":"Polygon","coordinates":[[[7.069627,4.827782],[7.069625,4.827817],[7.069579,4.827815],[7.069581,4.82778],[7.069627,4.827782]]]}},{"type":"Feature","properties":{"h":3.0,"on_route":false},"geometry":{"type":"Polygon","coordinates":[[[7.069772,4.831068],[7.069731,4.831206],[7.06967,4.831188],[7.069687,4.831125],[7.069642,4.831112],[7.069663,4.831037],[7.069772,4.831068]]]}},{"type":"Feature","properties":{"h":3.0,"on_route":false},"geometry":{"type":"Polygon","coordinates":[[[7.07241,4.833138],[7.072366,4.83317],[7.072262,4.833025],[7.072306,4.832993],[7.07241,4.833138]]]}},{"type":"Feature","properties":{"h":3.0,"on_route":false},"geometry":{"type":"Polygon","coordinates":[[[7.073142,4.830246],[7.073094,4.830282],[7.073036,4.830204],[7.07302,4.830216],[7.073008,4.830201],[7.073024,4.830189],[7.072994,4.830148],[7.073041,4.830113],[7.073142,4.830246]]]}},{"type":"Feature","properties":{"h":3.0,"on_route":false},"geometry":{"type":"Polygon","coordinates":[[[7.07599,4.826219],[7.075846,4.82627],[7.075828,4.826218],[7.075972,4.826167],[7.07599,4.826219]]]}},{"type":"Feature","properties":{"h":3.0,"on_route":true},"geometry":{"type":"Polygon","coordinates":[[[7.071494,4.825999],[7.071336,4.826049],[7.071321,4.826002],[7.071479,4.825953],[7.071494,4.825999]]]}},{"type":"Feature","properties":{"h":3.0,"on_route":false},"geometry":{"type":"Polygon","coordinates":[[[7.075238,4.832648],[7.07524,4.83263],[7.075372,4.832639],[7.075367,4.832712],[7.075216,4.832702],[7.07522,4.832646],[7.075238,4.832648]]]}},{"type":"Feature","properties":{"h":3.0,"on_route":false},"geometry":{"type":"Polygon","coordinates":[[[7.073257,4.831206],[7.073236,4.831266],[7.073131,4.831229],[7.073151,4.83117],[7.073257,4.831206]]]}},{"type":"Feature","properties":{"h":3.0,"on_route":false},"geometry":{"type":"Polygon","coordinates":[[[7.076038,4.831576],[7.076038,4.831537],[7.076087,4.831537],[7.076087,4.831576],[7.076105,4.831576],[7.076105,4.831614],[7.076001,4.831613],[7.076001,4.831576],[7.076038,4.831576]]]}},{"type":"Feature","properties":{"h":3.0,"on_route":false},"geometry":{"type":"Polygon","coordinates":[[[7.075067,4.825992],[7.075087,4.826053],[7.074979,4.82609],[7.074958,4.826028],[7.075067,4.825992]]]}},{"type":"Feature","properties":{"h":3.0,"on_route":false},"geometry":{"type":"Polygon","coordinates":[[[7.073768,4.828061],[7.073706,4.828106],[7.073613,4.827977],[7.073674,4.827932],[7.073768,4.828061]]]}},{"type":"Feature","properties":{"h":3.0,"on_route":false},"geometry":{"type":"Polygon","coordinates":[[[7.069717,4.830093],[7.069705,4.830225],[7.069593,4.830215],[7.069606,4.830083],[7.069717,4.830093]]]}},{"type":"Feature","properties":{"h":3.0,"on_route":false},"geometry":{"type":"Polygon","coordinates":[[[7.075576,4.833011],[7.075522,4.833109],[7.075395,4.833038],[7.075449,4.83294],[7.075576,4.833011]]]}},{"type":"Feature","properties":{"h":3.0,"on_route":false},"geometry":{"type":"Polygon","coordinates":[[[7.073622,4.827703],[7.07355,4.827767],[7.073368,4.827559],[7.07344,4.827495],[7.073622,4.827703]]]}},{"type":"Feature","properties":{"h":3.0,"on_route":false},"geometry":{"type":"Polygon","coordinates":[[[7.073381,4.833233],[7.073376,4.833269],[7.073425,4.833277],[7.073375,4.83359],[7.073175,4.833557],[7.073225,4.833245],[7.073302,4.833257],[7.073308,4.833221],[7.073381,4.833233]]]}},{"type":"Feature","properties":{"h":3.0,"on_route":false},"geometry":{"type":"Polygon","coordinates":[[[7.076717,4.831255],[7.07664,4.831289],[7.076625,4.831254],[7.076701,4.83122],[7.076717,4.831255]]]}},{"type":"Feature","properties":{"h":3.0,"on_route":false},"geometry":{"type":"Polygon","coordinates":[[[7.070804,4.826851],[7.070724,4.827009],[7.070616,4.826954],[7.070696,4.826796],[7.070804,4.826851]]]}},{"type":"Feature","properties":{"h":3.0,"on_route":false},"geometry":{"type":"Polygon","coordinates":[[[7.075098,4.825096],[7.075001,4.825126],[7.074957,4.824981],[7.075055,4.824952],[7.075098,4.825096]]]}},{"type":"Feature","properties":{"h":3.0,"on_route":false},"geometry":{"type":"Polygon","coordinates":[[[7.071448,4.827915],[7.071333,4.82795],[7.071309,4.827871],[7.071424,4.827836],[7.071448,4.827915]]]}},{"type":"Feature","properties":{"h":3.0,"on_route":false},"geometry":{"type":"Polygon","coordinates":[[[7.074281,4.830141],[7.074071,4.8303],[7.074018,4.830229],[7.074229,4.83007],[7.074281,4.830141]]]}},{"type":"Feature","properties":{"h":3.0,"on_route":false},"geometry":{"type":"Polygon","coordinates":[[[7.074222,4.83306],[7.074221,4.833085],[7.074189,4.833083],[7.07419,4.833059],[7.074222,4.83306]]]}},{"type":"Feature","properties":{"h":3.0,"on_route":false},"geometry":{"type":"Polygon","coordinates":[[[7.077228,4.83116],[7.077103,4.831218],[7.077071,4.831148],[7.077195,4.83109],[7.077228,4.83116]]]}},{"type":"Feature","properties":{"h":3.0,"on_route":false},"geometry":{"type":"Polygon","coordinates":[[[7.074944,4.83192],[7.074961,4.832059],[7.074917,4.832065],[7.074899,4.831925],[7.074944,4.83192]]]}},{"type":"Feature","properties":{"h":3.0,"on_route":false},"geometry":{"type":"Polygon","coordinates":[[[7.072806,4.833781],[7.07272,4.833907],[7.072632,4.833848],[7.072718,4.833721],[7.072806,4.833781]]]}},{"type":"Feature","properties":{"h":3.0,"on_route":false},"geometry":{"type":"Polygon","coordinates":[[[7.073265,4.827406],[7.073307,4.827466],[7.073276,4.827488],[7.073234,4.827428],[7.073265,4.827406]]]}},{"type":"Feature","properties":{"h":3.0,"on_route":false},"geometry":{"type":"Polygon","coordinates":[[[7.073513,4.825871],[7.073479,4.825875],[7.073475,4.825844],[7.07351,4.82584],[7.073513,4.825871]]]}},{"type":"Feature","properties":{"h":3.0,"on_route":false},"geometry":{"type":"Polygon","coordinates":[[[7.072901,4.833174],[7.072854,4.833218],[7.072794,4.833153],[7.072841,4.833109],[7.072901,4.833174]]]}},{"type":"Feature","properties":{"h":3.0,"on_route":false},"geometry":{"type":"Polygon","coordinates":[[[7.071413,4.833321],[7.071296,4.833355],[7.071233,4.83313],[7.07135,4.833097],[7.071413,4.833321]]]}},{"type":"Feature","properties":{"h":3.0,"on_route":false},"geometry":{"type":"Polygon","coordinates":[[[7.074463,4.833645],[7.074445,4.833725],[7.074258,4.833682],[7.074276,4.833602],[7.074463,4.833645]]]}},{"type":"Feature","properties":{"h":3.0,"on_route":false},"geometry":{"type":"Polygon","coordinates":[[[7.071653,4.831003],[7.071634,4.830945],[7.071771,4.8309],[7.07179,4.830959],[7.071653,4.831003]]]}},{"type":"Feature","properties":{"h":3.0,"on_route":false},"geometry":{"type":"Polygon","coordinates":[[[7.074229,4.82849],[7.07418,4.828525],[7.074071,4.828369],[7.074119,4.828335],[7.074229,4.82849]]]}},{"type":"Feature","properties":{"h":3.0,"on_route":false},"geometry":{"type":"Polygon","coordinates":[[[7.076424,4.831918],[7.076406,4.831975],[7.076382,4.831967],[7.07637,4.832005],[7.076233,4.831961],[7.076262,4.831867],[7.076424,4.831918]]]}},{"type":"Feature","properties":{"h":3.0,"on_route":false},"geometry":{"type":"Polygon","coordinates":[[[7.074181,4.827153],[7.074055,4.827192],[7.074025,4.827096],[7.074151,4.827057],[7.074181,4.827153]]]}},{"type":"Feature","properties":{"h":3.0,"on_route":false},"geometry":{"type":"Polygon","coordinates":[[[7.073901,4.833757],[7.073897,4.833867],[7.073761,4.833862],[7.073765,4.833752],[7.073901,4.833757]]]}},{"type":"Feature","properties":{"h":3.0,"on_route":false},"geometry":{"type":"Polygon","coordinates":[[[7.072658,4.831528],[7.072656,4.831597],[7.07258,4.831595],[7.072582,4.831526],[7.072658,4.831528]]]}},{"type":"Feature","properties":{"h":3.0,"on_route":false},"geometry":{"type":"Polygon","coordinates":[[[7.07154,4.832357],[7.071463,4.832398],[7.071401,4.832284],[7.071478,4.832242],[7.07154,4.832357]]]}},{"type":"Feature","properties":{"h":3.0,"on_route":false},"geometry":{"type":"Polygon","coordinates":[[[7.071054,4.831988],[7.070987,4.832017],[7.070946,4.831923],[7.071013,4.831894],[7.071054,4.831988]]]}},{"type":"Feature","properties":{"h":3.0,"on_route":false},"geometry":{"type":"Polygon","coordinates":[[[7.076713,4.831455],[7.076646,4.831515],[7.076601,4.831464],[7.076668,4.831404],[7.076713,4.831455]]]}},{"type":"Feature","properties":{"h":3.0,"on_route":false},"geometry":{"type":"Polygon","coordinates":[[[7.075963,4.825269],[7.076014,4.82542],[7.076058,4.825405],[7.07608,4.825471],[7.075971,4.825508],[7.075957,4.825467],[7.075917,4.825481],[7.075858,4.825305],[7.075963,4.825269]]]}},{"type":"Feature","properties":{"h":3.0,"on_route":false},"geometry":{"type":"Polygon","coordinates":[[[7.074383,4.828705],[7.074326,4.828745],[7.07431,4.828722],[7.074366,4.828682],[7.074383,4.828705]]]}},{"type":"Feature","properties":{"h":3.0,"on_route":false},"geometry":{"type":"Polygon","coordinates":[[[7.07007,4.82905],[7.070064,4.829084],[7.070136,4.829095],[7.070123,4.829182],[7.06999,4.829161],[7.070008,4.82904],[7.07007,4.82905]]]}},{"type":"Feature","properties":{"h":3.0,"on_route":false},"geometry":{"type":"Polygon","coordinates":[[[7.073101,4.833535],[7.073079,4.833636],[7.073041,4.833627],[7.073055,4.833564],[7.073035,4.83356],[7.073043,4.833522],[7.073101,4.833535]]]}},{"type":"Feature","properties":{"h":3.0,"on_route":true},"geometry":{"type":"Polygon","coordinates":[[[7.07256,4.827523],[7.072475,4.827575],[7.072429,4.8275],[7.072514,4.827447],[7.07256,4.827523]]]}},{"type":"Feature","properties":{"h":3.0,"on_route":false},"geometry":{"type":"Polygon","coordinates":[[[7.072658,4.83293],[7.072567,4.832983],[7.072372,4.83265],[7.072462,4.832596],[7.072658,4.83293]]]}},{"type":"Feature","properties":{"h":3.0,"on_route":false},"geometry":{"type":"Polygon","coordinates":[[[7.070959,4.832155],[7.070822,4.832217],[7.07078,4.832122],[7.070918,4.83206],[7.070959,4.832155]]]}},{"type":"Feature","properties":{"h":3.0,"on_route":false},"geometry":{"type":"Polygon","coordinates":[[[7.074191,4.825651],[7.074074,4.825687],[7.074017,4.825501],[7.074134,4.825465],[7.074191,4.825651]]]}},{"type":"Feature","properties":{"h":3.0,"on_route":false},"geometry":{"type":"Polygon","coordinates":[[[7.069887,4.828084],[7.069884,4.828111],[7.069826,4.828103],[7.06983,4.828076],[7.069887,4.828084]]]}},{"type":"Feature","properties":{"h":3.0,"on_route":false},"geometry":{"type":"Polygon","coordinates":[[[7.076304,4.831673],[7.076256,4.83168],[7.076251,4.831643],[7.076299,4.831637],[7.076304,4.831673]]]}},{"type":"Feature","properties":{"h":3.0,"on_route":false},"geometry":{"type":"Polygon","coordinates":[[[7.072728,4.828345],[7.07262,4.82843],[7.072583,4.828382],[7.072692,4.828298],[7.072728,4.828345]]]}},{"type":"Feature","properties":{"h":3.0,"on_route":false},"geometry":{"type":"Polygon","coordinates":[[[7.070966,4.83133],[7.070974,4.831404],[7.070879,4.831414],[7.070871,4.831341],[7.070966,4.83133]]]}},{"type":"Feature","properties":{"h":3.0,"on_route":false},"geometry":{"type":"Polygon","coordinates":[[[7.070514,4.829888],[7.070464,4.829911],[7.070449,4.829879],[7.070499,4.829855],[7.070514,4.829888]]]}},{"type":"Feature","properties":{"h":3.0,"on_route":false},"geometry":{"type":"Polygon","coordinates":[[[7.072836,4.832625],[7.072775,4.832653],[7.072784,4.832673],[7.072709,4.832708],[7.072646,4.832575],[7.072783,4.832511],[7.072836,4.832625]]]}},{"type":"Feature","properties":{"h":3.0,"on_route":false},"geometry":{"type":"Polygon","coordinates":[[[7.072829,4.832923],[7.072985,4.833127],[7.072943,4.833159],[7.072787,4.832955],[7.072829,4.832923]]]}},{"type":"Feature","properties":{"h":3.0,"on_route":false},"geometry":{"type":"Polygon","coordinates":[[[7.073232,4.826752],[7.073193,4.82678],[7.07315,4.82672],[7.073188,4.826692],[7.073232,4.826752]]]}},{"type":"Feature","properties":{"h":3.0,"on_route":false},"geometry":{"type":"Polygon","coordinates":[[[7.071615,4.833358],[7.071597,4.833369],[7.071682,4.833506],[7.071629,4.833539],[7.0715,4.833328],[7.071571,4.833285],[7.071615,4.833358]]]}},{"type":"Feature","properties":{"h":3.0,"on_route":false},"geometry":{"type":"Polygon","coordinates":[[[7.069762,4.829172],[7.069749,4.829313],[7.069659,4.829304],[7.069662,4.829264],[7.069646,4.829263],[7.069653,4.829191],[7.069669,4.829192],[7.069672,4.829163],[7.069762,4.829172]]]}},{"type":"Feature","properties":{"h":3.0,"on_route":false},"geometry":{"type":"Polygon","coordinates":[[[7.076884,4.831687],[7.076848,4.831772],[7.076725,4.83172],[7.07676,4.831635],[7.076884,4.831687]]]}},{"type":"Feature","properties":{"h":3.0,"on_route":false},"geometry":{"type":"Polygon","coordinates":[[[7.076935,4.831206],[7.076848,4.831262],[7.07679,4.831172],[7.076877,4.831116],[7.076935,4.831206]]]}},{"type":"Feature","properties":{"h":3.0,"on_route":false},"geometry":{"type":"Polygon","coordinates":[[[7.071226,4.832495],[7.071258,4.832575],[7.071217,4.832592],[7.071185,4.832512],[7.071226,4.832495]]]}},{"type":"Feature","properties":{"h":3.0,"on_route":false},"geometry":{"type":"Polygon","coordinates":[[[7.074024,4.827368],[7.073917,4.827408],[7.073879,4.827307],[7.073986,4.827267],[7.074024,4.827368]]]}},{"type":"Feature","properties":{"h":3.0,"on_route":false},"geometry":{"type":"Polygon","coordinates":[[[7.0731,4.833688],[7.073033,4.833836],[7.073051,4.833844],[7.073031,4.833889],[7.07297,4.833862],[7.072979,4.833844],[7.072915,4.833815],[7.072994,4.83364],[7.0731,4.833688]]]}},{"type":"Feature","properties":{"h":3.0,"on_route":false},"geometry":{"type":"Polygon","coordinates":[[[7.069644,4.83053],[7.0696,4.830508],[7.069669,4.830372],[7.069712,4.830394],[7.069644,4.83053]]]}},{"type":"Feature","properties":{"h":3.0,"on_route":false},"geometry":{"type":"Polygon","coordinates":[[[7.074577,4.831727],[7.074497,4.83173],[7.074496,4.831687],[7.074576,4.831684],[7.074577,4.831727]]]}},{"type":"Feature","properties":{"h":3.0,"on_route":false},"geometry":{"type":"Polygon","coordinates":[[[7.070994,4.826566],[7.07092,4.826669],[7.070752,4.826548],[7.070826,4.826445],[7.070994,4.826566]]]}},{"type":"Feature","properties":{"h":3.0,"on_route":false},"geometry":{"type":"Polygon","coordinates":[[[7.075493,4.826598],[7.07541,4.82662],[7.075402,4.826593],[7.075388,4.826597],[7.075354,4.826472],[7.075452,4.826446],[7.075493,4.826598]]]}},{"type":"Feature","properties":{"h":3.0,"on_route":false},"geometry":{"type":"Polygon","coordinates":[[[7.07583,4.832431],[7.075738,4.832402],[7.075827,4.832124],[7.075919,4.832153],[7.07583,4.832431]]]}},{"type":"Feature","properties":{"h":3.0,"on_route":false},"geometry":{"type":"Polygon","coordinates":[[[7.07671,4.825921],[7.076596,4.825961],[7.076546,4.82582],[7.07666,4.82578],[7.07671,4.825921]]]}},{"type":"Feature","properties":{"h":3.0,"on_route":false},"geometry":{"type":"Polygon","coordinates":[[[7.072977,4.826749],[7.07283,4.826834],[7.072768,4.826727],[7.072915,4.826642],[7.072977,4.826749]]]}},{"type":"Feature","properties":{"h":3.0,"on_route":false},"geometry":{"type":"Polygon","coordinates":[[[7.069915,4.830349],[7.070013,4.830357],[7.070003,4.830465],[7.070022,4.830467],[7.07002,4.830487],[7.069853,4.830473],[7.069855,4.830452],[7.069876,4.830454],[7.069878,4.830434],[7.069907,4.830437],[7.069915,4.830349]]]}},{"type":"Feature","properties":{"h":3.0,"on_route":false},"geometry":{"type":"Polygon","coordinates":[[[7.075209,4.825747],[7.075079,4.8258],[7.075032,4.825682],[7.075161,4.825629],[7.075209,4.825747]]]}},{"type":"Feature","properties":{"h":3.0,"on_route":false},"geometry":{"type":"Polygon","coordinates":[[[7.074451,4.82601],[7.074399,4.82602],[7.074393,4.825988],[7.074444,4.825978],[7.074451,4.82601]]]}},{"type":"Feature","properties":{"h":3.0,"on_route":false},"geometry":{"type":"Polygon","coordinates":[[[7.070272,4.826902],[7.07022,4.826871],[7.070278,4.826774],[7.07033,4.826806],[7.070272,4.826902]]]}},{"type":"Feature","properties":{"h":3.0,"on_route":false},"geometry":{"type":"Polygon","coordinates":[[[7.077117,4.828149],[7.076783,4.82839],[7.076721,4.828304],[7.077055,4.828063],[7.077117,4.828149]]]}},{"type":"Feature","properties":{"h":3.0,"on_route":false},"geometry":{"type":"Polygon","coordinates":[[[7.070574,4.831321],[7.070558,4.831366],[7.070495,4.831344],[7.070511,4.831299],[7.070574,4.831321]]]}},{"type":"Feature","properties":{"h":3.0,"on_route":false},"geometry":{"type":"Polygon","coordinates":[[[7.077407,4.828272],[7.077422,4.828303],[7.077395,4.828317],[7.077379,4.828287],[7.077407,4.828272]]]}},{"type":"Feature","properties":{"h":3.0,"on_route":false},"geometry":{"type":"Polygon","coordinates":[[[7.073644,4.833192],[7.073707,4.8332],[7.073685,4.833382],[7.07358,4.83337],[7.073582,4.833356],[7.073559,4.833353],[7.073565,4.833296],[7.073539,4.833293],[7.073546,4.833232],[7.073573,4.833235],[7.073581,4.833161],[7.073647,4.833168],[7.073644,4.833192]]]}},{"type":"Feature","properties":{"h":3.0,"on_route":false},"geometry":{"type":"Polygon","coordinates":[[[7.073605,4.826081],[7.073326,4.826168],[7.073301,4.826087],[7.07358,4.826],[7.073605,4.826081]]]}},{"type":"Feature","properties":{"h":3.0,"on_route":false},"geometry":{"type":"Polygon","coordinates":[[[7.07491,4.824838],[7.074842,4.824866],[7.074816,4.824802],[7.074883,4.824774],[7.07491,4.824838]]]}},{"type":"Feature","properties":{"h":3.0,"on_route":false},"geometry":{"type":"Polygon","coordinates":[[[7.076904,4.83162],[7.076879,4.831685],[7.076752,4.831635],[7.076776,4.83157],[7.076904,4.83162]]]}},{"type":"Feature","properties":{"h":3.0,"on_route":false},"geometry":{"type":"Polygon","coordinates":[[[7.072734,4.833293],[7.072655,4.8334],[7.072562,4.833331],[7.072641,4.833223],[7.072734,4.833293]]]}},{"type":"Feature","properties":{"h":3.0,"on_route":false},"geometry":{"type":"Polygon","coordinates":[[[7.071476,4.829393],[7.071446,4.829428],[7.0714,4.829388],[7.07143,4.829354],[7.071476,4.829393]]]}},{"type":"Feature","properties":{"h":3.0,"on_route":false},"geometry":{"type":"Polygon","coordinates":[[[7.072618,4.825622],[7.0726,4.825815],[7.072504,4.825806],[7.072523,4.825612],[7.072618,4.825622]]]}},{"type":"Feature","properties":{"h":3.0,"on_route":false},"geometry":{"type":"Polygon","coordinates":[[[7.069943,4.828995],[7.069921,4.82906],[7.069863,4.829041],[7.069884,4.828975],[7.069943,4.828995]]]}},{"type":"Feature","properties":{"h":3.0,"on_route":false},"geometry":{"type":"Polygon","coordinates":[[[7.072887,4.831897],[7.072892,4.831969],[7.072809,4.831975],[7.072804,4.831902],[7.072887,4.831897]]]}},{"type":"Feature","properties":{"h":3.0,"on_route":false},"geometry":{"type":"Polygon","coordinates":[[[7.072569,4.831734],[7.072572,4.831778],[7.072517,4.831782],[7.072514,4.831738],[7.072569,4.831734]]]}},{"type":"Feature","properties":{"h":3.0,"on_route":false},"geometry":{"type":"Polygon","coordinates":[[[7.070857,4.83241],[7.070693,4.832448],[7.07067,4.83235],[7.070777,4.832325],[7.070788,4.832374],[7.070845,4.83236],[7.070857,4.83241]]]}},{"type":"Feature","properties":{"h":3.0,"on_route":false},"geometry":{"type":"Polygon","coordinates":[[[7.073589,4.833869],[7.073423,4.833879],[7.073424,4.833901],[7.073409,4.833902],[7.073404,4.83383],[7.073429,4.833828],[7.073427,4.833799],[7.073584,4.833789],[7.073589,4.833869]]]}},{"type":"Feature","properties":{"h":3.0,"on_route":false},"geometry":{"type":"Polygon","coordinates":[[[7.072861,4.825895],[7.072961,4.825866],[7.072989,4.825958],[7.072889,4.825988],[7.072861,4.825895]]]}},{"type":"Feature","properties":{"h":3.0,"on_route":false},"geometry":{"type":"Polygon","coordinates":[[[7.071369,4.831163],[7.071298,4.831049],[7.071321,4.831035],[7.071305,4.831007],[7.071162,4.831096],[7.071134,4.831051],[7.07136,4.830911],[7.071438,4.831038],[7.07141,4.831056],[7.071446,4.831115],[7.071369,4.831163]]]}},{"type":"Feature","properties":{"h":3.0,"on_route":false},"geometry":{"type":"Polygon","coordinates":[[[7.076125,4.832688],[7.076116,4.832724],[7.076016,4.832699],[7.076025,4.832663],[7.076125,4.832688]]]}},{"type":"Feature","properties":{"h":3.0,"on_route":false},"geometry":{"type":"Polygon","coordinates":[[[7.074705,4.831677],[7.074701,4.831718],[7.074645,4.831714],[7.074649,4.831673],[7.074705,4.831677]]]}},{"type":"Feature","properties":{"h":3.0,"on_route":false},"geometry":{"type":"Polygon","coordinates":[[[7.069563,4.828903],[7.06956,4.828947],[7.069498,4.828944],[7.069501,4.828899],[7.069563,4.828903]]]}},{"type":"Feature","properties":{"h":3.0,"on_route":false},"geometry":{"type":"Polygon","coordinates":[[[7.072688,4.825147],[7.072634,4.825154],[7.072601,4.8249],[7.072654,4.824893],[7.072688,4.825147]]]}},{"type":"Feature","properties":{"h":3.0,"on_route":false},"geometry":{"type":"Polygon","coordinates":[[[7.076153,4.831521],[7.07604,4.831532],[7.076035,4.831483],[7.076148,4.831471],[7.076153,4.831521]]]}},{"type":"Feature","properties":{"h":3.0,"on_route":false},"geometry":{"type":"Polygon","coordinates":[[[7.075084,4.832509],[7.074991,4.832516],[7.074976,4.832326],[7.075069,4.832318],[7.075084,4.832509]]]}},{"type":"Feature","properties":{"h":3.0,"on_route":false},"geometry":{"type":"Polygon","coordinates":[[[7.071459,4.830884],[7.071525,4.831114],[7.071462,4.831132],[7.071396,4.830903],[7.071459,4.830884]]]}},{"type":"Feature","properties":{"h":3.0,"on_route":false},"geometry":{"type":"Polygon","coordinates":[[[7.069561,4.828949],[7.069551,4.829125],[7.069511,4.829123],[7.069521,4.828946],[7.069561,4.828949]]]}},{"type":"Feature","properties":{"h":3.0,"on_route":false},"geometry":{"type":"Polygon","coordinates":[[[7.069907,4.827976],[7.069888,4.828082],[7.069818,4.82807],[7.069837,4.827963],[7.069907,4.827976]]]}},{"type":"Feature","properties":{"h":3.0,"on_route":false},"geometry":{"type":"Polygon","coordinates":[[[7.072086,4.830191],[7.072041,4.830228],[7.071952,4.830122],[7.071997,4.830084],[7.072086,4.830191]]]}},{"type":"Feature","properties":{"h":3.0,"on_route":false},"geometry":{"type":"Polygon","coordinates":[[[7.073517,4.827151],[7.073458,4.827176],[7.073438,4.827128],[7.073497,4.827103],[7.073517,4.827151]]]}},{"type":"Feature","properties":{"h":3.0,"on_route":false},"geometry":{"type":"Polygon","coordinates":[[[7.072249,4.825552],[7.072245,4.825594],[7.072181,4.825588],[7.072184,4.825546],[7.072249,4.825552]]]}},{"type":"Feature","properties":{"h":3.0,"on_route":false},"geometry":{"type":"Polygon","coordinates":[[[7.07654,4.832139],[7.076513,4.832246],[7.076351,4.832205],[7.076378,4.832098],[7.07654,4.832139]]]}},{"type":"Feature","properties":{"h":3.0,"on_route":false},"geometry":{"type":"Polygon","coordinates":[[[7.075824,4.832448],[7.075768,4.832625],[7.075676,4.832596],[7.075732,4.832418],[7.075824,4.832448]]]}},{"type":"Feature","properties":{"h":3.0,"on_route":false},"geometry":{"type":"Polygon","coordinates":[[[7.072795,4.829332],[7.07274,4.829364],[7.072702,4.829296],[7.072757,4.829265],[7.072795,4.829332]]]}},{"type":"Feature","properties":{"h":3.0,"on_route":false},"geometry":{"type":"Polygon","coordinates":[[[7.072971,4.825629],[7.072935,4.825627],[7.072937,4.825599],[7.072973,4.825602],[7.072971,4.825629]]]}},{"type":"Feature","properties":{"h":3.0,"on_route":false},"geometry":{"type":"Polygon","coordinates":[[[7.071021,4.828855],[7.070946,4.828944],[7.070875,4.828884],[7.070951,4.828795],[7.071021,4.828855]]]}},{"type":"Feature","properties":{"h":3.0,"on_route":false},"geometry":{"type":"Polygon","coordinates":[[[7.074689,4.832338],[7.074679,4.832383],[7.074569,4.832357],[7.074579,4.832312],[7.074689,4.832338]]]}},{"type":"Feature","properties":{"h":3.0,"on_route":false},"geometry":{"type":"Polygon","coordinates":[[[7.069621,4.827944],[7.069608,4.82803],[7.069449,4.828004],[7.069462,4.827918],[7.069621,4.827944]]]}},{"type":"Feature","properties":{"h":3.0,"on_route":false},"geometry":{"type":"Polygon","coordinates":[[[7.075401,4.825953],[7.075289,4.825987],[7.075224,4.825772],[7.075336,4.825738],[7.075401,4.825953]]]}},{"type":"Feature","properties":{"h":3.0,"on_route":false},"geometry":{"type":"Polygon","coordinates":[[[7.074051,4.82727],[7.074005,4.827285],[7.073955,4.827128],[7.074001,4.827114],[7.074051,4.82727]]]}},{"type":"Feature","properties":{"h":3.0,"on_route":false},"geometry":{"type":"Polygon","coordinates":[[[7.071275,4.832894],[7.071293,4.832893],[7.071296,4.832946],[7.071176,4.832952],[7.071172,4.832867],[7.071274,4.832862],[7.071275,4.832894]]]}},{"type":"Feature","properties":{"h":3.0,"on_route":false},"geometry":{"type":"Polygon","coordinates":[[[7.072929,4.825474],[7.072868,4.825503],[7.072777,4.825309],[7.072838,4.82528],[7.072929,4.825474]]]}},{"type":"Feature","properties":{"h":3.0,"on_route":false},"geometry":{"type":"Polygon","coordinates":[[[7.071915,4.833175],[7.071854,4.833221],[7.071775,4.833117],[7.071835,4.83307],[7.071915,4.833175]]]}},{"type":"Feature","properties":{"h":3.0,"on_route":false},"geometry":{"type":"Polygon","coordinates":[[[7.070744,4.831786],[7.070737,4.831913],[7.070701,4.831911],[7.070702,4.83188],[7.070635,4.831877],[7.070637,4.831836],[7.070551,4.831832],[7.070553,4.831777],[7.070744,4.831786]]]}},{"type":"Feature","properties":{"h":3.0,"on_route":false},"geometry":{"type":"Polygon","coordinates":[[[7.075607,4.825256],[7.075584,4.825262],[7.075595,4.825304],[7.075544,4.825317],[7.075508,4.825183],[7.075582,4.825163],[7.075607,4.825256]]]}},{"type":"Feature","properties":{"h":3.0,"on_route":false},"geometry":{"type":"Polygon","coordinates":[[[7.06971,4.829857],[7.069712,4.829831],[7.06978,4.829836],[7.069774,4.829913],[7.069679,4.829905],[7.069683,4.829855],[7.06971,4.829857]]]}},{"type":"Feature","properties":{"h":3.0,"on_route":false},"geometry":{"type":"Polygon","coordinates":[[[7.070438,4.827803],[7.070389,4.827829],[7.070301,4.827659],[7.07035,4.827633],[7.070438,4.827803]]]}},{"type":"Feature","properties":{"h":3.0,"on_route":false},"geometry":{"type":"Polygon","coordinates":[[[7.073304,4.832072],[7.073303,4.832161],[7.073138,4.83216],[7.073138,4.832071],[7.073304,4.832072]]]}},{"type":"Feature","properties":{"h":3.0,"on_route":false},"geometry":{"type":"Polygon","coordinates":[[[7.070705,4.832482],[7.070661,4.832492],[7.070666,4.832516],[7.070509,4.832553],[7.070488,4.83246],[7.070689,4.832413],[7.070705,4.832482]]]}},{"type":"Feature","properties":{"h":3.0,"on_route":false},"geometry":{"type":"Polygon","coordinates":[[[7.070774,4.832736],[7.070722,4.832742],[7.070707,4.832629],[7.07076,4.832622],[7.070774,4.832736]]]}},{"type":"Feature","properties":{"h":3.0,"on_route":false},"geometry":{"type":"Polygon","coordinates":[[[7.072984,4.828742],[7.072848,4.828854],[7.072801,4.828796],[7.072936,4.828684],[7.072984,4.828742]]]}},{"type":"Feature","properties":{"h":3.0,"on_route":false},"geometry":{"type":"Polygon","coordinates":[[[7.073386,4.827633],[7.073276,4.82772],[7.073239,4.827672],[7.073303,4.827621],[7.073198,4.827487],[7.073243,4.827451],[7.073386,4.827633]]]}},{"type":"Feature","properties":{"h":3.0,"on_route":false},"geometry":{"type":"Polygon","coordinates":[[[7.073161,4.833776],[7.073145,4.833947],[7.07307,4.833939],[7.073087,4.833769],[7.073161,4.833776]]]}},{"type":"Feature","properties":{"h":3.0,"on_route":false},"geometry":{"type":"Polygon","coordinates":[[[7.07383,4.832393],[7.073795,4.832429],[7.073732,4.832368],[7.073767,4.832332],[7.07383,4.832393]]]}},{"type":"Feature","properties":{"h":3.0,"on_route":false},"geometry":{"type":"Polygon","coordinates":[[[7.071605,4.82876],[7.071506,4.828829],[7.071389,4.828659],[7.071488,4.828591],[7.071605,4.82876]]]}},{"type":"Feature","properties":{"h":3.0,"on_route":false},"geometry":{"type":"Polygon","coordinates":[[[7.077034,4.831084],[7.077019,4.831094],[7.077045,4.831134],[7.076936,4.831205],[7.076878,4.831115],[7.077003,4.831035],[7.077034,4.831084]]]}},{"type":"Feature","properties":{"h":3.0,"on_route":false},"geometry":{"type":"Polygon","coordinates":[[[7.073978,4.827238],[7.073781,4.827301],[7.073747,4.827195],[7.073944,4.827132],[7.073978,4.827238]]]}},{"type":"Feature","properties":{"h":3.0,"on_route":false},"geometry":{"type":"Polygon","coordinates":[[[7.070357,4.829782],[7.070319,4.829767],[7.070384,4.829598],[7.070422,4.829613],[7.070357,4.829782]]]}},{"type":"Feature","properties":{"h":3.0,"on_route":false},"geometry":{"type":"Polygon","coordinates":[[[7.074297,4.827098],[7.07433,4.82718],[7.074267,4.827206],[7.074234,4.827124],[7.074297,4.827098]]]}},{"type":"Feature","properties":{"h":3.0,"on_route":false},"geometry":{"type":"Polygon","coordinates":[[[7.07046,4.83147],[7.070386,4.831478],[7.070378,4.831415],[7.070452,4.831406],[7.07046,4.83147]]]}},{"type":"Feature","properties":{"h":3.0,"on_route":false},"geometry":{"type":"Polygon","coordinates":[[[7.071801,4.831912],[7.071804,4.832021],[7.07163,4.832024],[7.071628,4.831915],[7.071801,4.831912]]]}},{"type":"Feature","properties":{"h":3.0,"on_route":false},"geometry":{"type":"Polygon","coordinates":[[[7.071342,4.831695],[7.071161,4.831721],[7.071152,4.831656],[7.071271,4.831639],[7.071251,4.831493],[7.071312,4.831484],[7.071342,4.831695]]]}},{"type":"Feature","properties":{"h":3.0,"on_route":false},"geometry":{"type":"Polygon","coordinates":[[[7.071969,4.828079],[7.071918,4.828098],[7.071901,4.828053],[7.071951,4.828034],[7.071969,4.828079]]]}},{"type":"Feature","properties":{"h":3.0,"on_route":false},"geometry":{"type":"Polygon","coordinates":[[[7.077083,4.831749],[7.077068,4.831804],[7.076877,4.831752],[7.076891,4.831698],[7.077083,4.831749]]]}},{"type":"Feature","properties":{"h":3.0,"on_route":false},"geometry":{"type":"Polygon","coordinates":[[[7.072349,4.832075],[7.072285,4.832087],[7.072259,4.831948],[7.072323,4.831936],[7.072349,4.832075]]]}},{"type":"Feature","properties":{"h":3.0,"on_route":false},"geometry":{"type":"Polygon","coordinates":[[[7.070989,4.832302],[7.070882,4.832347],[7.070841,4.832252],[7.070949,4.832207],[7.070989,4.832302]]]}},{"type":"Feature","properties":{"h":3.0,"on_route":false},"geometry":{"type":"Polygon","coordinates":[[[7.073197,4.831723],[7.073158,4.831828],[7.073062,4.831792],[7.073101,4.831687],[7.073197,4.831723]]]}},{"type":"Feature","properties":{"h":3.0,"on_route":false},"geometry":{"type":"Polygon","coordinates":[[[7.071837,4.828285],[7.071749,4.828346],[7.071717,4.8283],[7.071806,4.828239],[7.071837,4.828285]]]}},{"type":"Feature","properties":{"h":3.0,"on_route":false},"geometry":{"type":"Polygon","coordinates":[[[7.072031,4.829995],[7.072001,4.830019],[7.071944,4.82995],[7.071974,4.829925],[7.072031,4.829995]]]}},{"type":"Feature","properties":{"h":3.0,"on_route":false},"geometry":{"type":"Polygon","coordinates":[[[7.070191,4.828243],[7.070195,4.828223],[7.070234,4.82823],[7.070223,4.828289],[7.070135,4.828273],[7.070142,4.828234],[7.070191,4.828243]]]}},{"type":"Feature","properties":{"h":3.0,"on_route":false},"geometry":{"type":"Polygon","coordinates":[[[7.071418,4.833042],[7.071334,4.833047],[7.071331,4.832993],[7.071415,4.832988],[7.071418,4.833042]]]}},{"type":"Feature","properties":{"h":3.0,"on_route":false},"geometry":{"type":"Polygon","coordinates":[[[7.07397,4.825888],[7.073845,4.825922],[7.073832,4.825872],[7.073957,4.825838],[7.07397,4.825888]]]}},{"type":"Feature","properties":{"h":3.0,"on_route":false},"geometry":{"type":"Polygon","coordinates":[[[7.072997,4.832106],[7.072824,4.832125],[7.072816,4.832051],[7.072989,4.832033],[7.072997,4.832106]]]}},{"type":"Feature","properties":{"h":3.0,"on_route":false},"geometry":{"type":"Polygon","coordinates":[[[7.071069,4.832726],[7.071056,4.83268],[7.071143,4.832657],[7.071155,4.832703],[7.071069,4.832726]]]}},{"type":"Feature","properties":{"h":3.0,"on_route":false},"geometry":{"type":"Polygon","coordinates":[[[7.074757,4.833448],[7.074737,4.833558],[7.074611,4.833534],[7.074631,4.833424],[7.074757,4.833448]]]}},{"type":"Feature","properties":{"h":3.0,"on_route":false},"geometry":{"type":"Polygon","coordinates":[[[7.070158,4.828149],[7.070142,4.828234],[7.070045,4.828216],[7.07006,4.828131],[7.070158,4.828149]]]}},{"type":"Feature","properties":{"h":3.0,"on_route":false},"geometry":{"type":"Polygon","coordinates":[[[7.072029,4.830601],[7.071956,4.830675],[7.071886,4.830607],[7.071959,4.830532],[7.072029,4.830601]]]}},{"type":"Feature","properties":{"h":3.0,"on_route":false},"geometry":{"type":"Polygon","coordinates":[[[7.071122,4.83163],[7.071109,4.831666],[7.071082,4.831656],[7.071095,4.83162],[7.071122,4.83163]]]}},{"type":"Feature","properties":{"h":3.0,"on_route":false},"geometry":{"type":"Polygon","coordinates":[[[7.076909,4.826061],[7.07688,4.826069],[7.0769,4.826137],[7.076766,4.826177],[7.076778,4.826217],[7.076672,4.826248],[7.07666,4.826209],[7.076688,4.8262],[7.076656,4.826092],[7.076628,4.826101],[7.076622,4.826079],[7.076891,4.825999],[7.076909,4.826061]]]}},{"type":"Feature","properties":{"h":3.0,"on_route":true},"geometry":{"type":"Polygon","coordinates":[[[7.072277,4.827222],[7.072218,4.827244],[7.0722,4.827194],[7.072259,4.827173],[7.072277,4.827222]]]}},{"type":"Feature","properties":{"h":3.0,"on_route":false},"geometry":{"type":"Polygon","coordinates":[[[7.07106,4.829563],[7.071012,4.829633],[7.070968,4.829603],[7.071002,4.829552],[7.070973,4.829533],[7.070986,4.829513],[7.07106,4.829563]]]}},{"type":"Feature","properties":{"h":3.0,"on_route":false},"geometry":{"type":"Polygon","coordinates":[[[7.072059,4.827384],[7.072001,4.827404],[7.071984,4.827352],[7.072043,4.827332],[7.072059,4.827384]]]}},{"type":"Feature","properties":{"h":3.0,"on_route":true},"geometry":{"type":"Polygon","coordinates":[[[7.072226,4.827603],[7.072155,4.827648],[7.072111,4.827579],[7.072183,4.827534],[7.072226,4.827603]]]}},{"type":"Feature","properties":{"h":3.0,"on_route":false},"geometry":{"type":"Polygon","coordinates":[[[7.071261,4.831905],[7.071204,4.831917],[7.071189,4.831845],[7.071245,4.831832],[7.071261,4.831905]]]}},{"type":"Feature","properties":{"h":3.0,"on_route":false},"geometry":{"type":"Polygon","coordinates":[[[7.069703,4.827967],[7.069687,4.828048],[7.06962,4.828034],[7.069636,4.827953],[7.069703,4.827967]]]}},{"type":"Feature","properties":{"h":3.0,"on_route":false},"geometry":{"type":"Polygon","coordinates":[[[7.069749,4.829313],[7.069743,4.829372],[7.06968,4.829366],[7.069686,4.829307],[7.069749,4.829313]]]}},{"type":"Feature","properties":{"h":3.0,"on_route":false},"geometry":{"type":"Polygon","coordinates":[[[7.075054,4.832164],[7.074931,4.832179],[7.074917,4.832065],[7.07504,4.832049],[7.075054,4.832164]]]}},{"type":"Feature","properties":{"h":3.0,"on_route":false},"geometry":{"type":"Polygon","coordinates":[[[7.07009,4.829394],[7.070091,4.829466],[7.069977,4.829469],[7.069975,4.829396],[7.07009,4.829394]]]}},{"type":"Feature","properties":{"h":3.0,"on_route":false},"geometry":{"type":"Polygon","coordinates":[[[7.071306,4.826447],[7.071268,4.826506],[7.071201,4.826463],[7.071239,4.826404],[7.071306,4.826447]]]}},{"type":"Feature","properties":{"h":3.0,"on_route":false},"geometry":{"type":"Polygon","coordinates":[[[7.072876,4.832332],[7.072745,4.832361],[7.072696,4.832133],[7.072827,4.832105],[7.072876,4.832332]]]}},{"type":"Feature","properties":{"h":3.0,"on_route":false},"geometry":{"type":"Polygon","coordinates":[[[7.073005,4.83183],[7.073002,4.831889],[7.072945,4.831886],[7.072948,4.831827],[7.073005,4.83183]]]}},{"type":"Feature","properties":{"h":3.0,"on_route":false},"geometry":{"type":"Polygon","coordinates":[[[7.077111,4.831366],[7.077049,4.831453],[7.076947,4.83138],[7.077009,4.831293],[7.077111,4.831366]]]}},{"type":"Feature","properties":{"h":3.0,"on_route":false},"geometry":{"type":"Polygon","coordinates":[[[7.069569,4.830483],[7.069565,4.830529],[7.069489,4.830522],[7.069493,4.830476],[7.069569,4.830483]]]}},{"type":"Feature","properties":{"h":3.0,"on_route":false},"geometry":{"type":"Polygon","coordinates":[[[7.075541,4.827726],[7.075503,4.827745],[7.075478,4.827696],[7.075517,4.827676],[7.075541,4.827726]]]}},{"type":"Feature","properties":{"h":3.0,"on_route":false},"geometry":{"type":"Polygon","coordinates":[[[7.069745,4.829942],[7.06974,4.830001],[7.069647,4.829993],[7.069651,4.829935],[7.069745,4.829942]]]}},{"type":"Feature","properties":{"h":3.0,"on_route":false},"geometry":{"type":"Polygon","coordinates":[[[7.072584,4.828534],[7.072431,4.828664],[7.072347,4.828564],[7.0725,4.828435],[7.072584,4.828534]]]}},{"type":"Feature","properties":{"h":3.0,"on_route":false},"geometry":{"type":"Polygon","coordinates":[[[7.072299,4.832104],[7.072308,4.832206],[7.072254,4.832212],[7.072245,4.832109],[7.072299,4.832104]]]}},{"type":"Feature","properties":{"h":3.0,"on_route":false},"geometry":{"type":"Polygon","coordinates":[[[7.071093,4.829736],[7.070939,4.82991],[7.070897,4.829874],[7.070961,4.8298],[7.070939,4.829781],[7.071027,4.829679],[7.071093,4.829736]]]}},{"type":"Feature","properties":{"h":3.0,"on_route":false},"geometry":{"type":"Polygon","coordinates":[[[7.07252,4.829669],[7.072416,4.829729],[7.072357,4.829626],[7.072461,4.829566],[7.07252,4.829669]]]}},{"type":"Feature","properties":{"h":3.0,"on_route":false},"geometry":{"type":"Polygon","coordinates":[[[7.069844,4.830022],[7.069834,4.830147],[7.069729,4.830139],[7.069734,4.830078],[7.069711,4.830076],[7.069717,4.830012],[7.069844,4.830022]]]}},{"type":"Feature","properties":{"h":3.0,"on_route":false},"geometry":{"type":"Polygon","coordinates":[[[7.076374,4.826243],[7.076341,4.826255],[7.076357,4.8263],[7.076296,4.826321],[7.07628,4.826276],[7.076246,4.826289],[7.076206,4.826175],[7.076334,4.82613],[7.076374,4.826243]]]}},{"type":"Feature","properties":{"h":3.0,"on_route":false},"geometry":{"type":"Polygon","coordinates":[[[7.071608,4.83352],[7.071582,4.833535],[7.071608,4.833581],[7.071508,4.833639],[7.071408,4.833462],[7.071534,4.83339],[7.071608,4.83352]]]}},{"type":"Feature","properties":{"h":3.0,"on_route":false},"geometry":{"type":"Polygon","coordinates":[[[7.074209,4.826191],[7.074112,4.826214],[7.074108,4.826196],[7.07408,4.826202],[7.074057,4.826105],[7.074116,4.82609],[7.074122,4.826118],[7.074143,4.826113],[7.074137,4.826085],[7.074181,4.826075],[7.074209,4.826191]]]}},{"type":"Feature","properties":{"h":3.0,"on_route":true},"geometry":{"type":"Polygon","coordinates":[[[7.072343,4.827734],[7.072246,4.827794],[7.072197,4.827713],[7.072295,4.827654],[7.072343,4.827734]]]}},{"type":"Feature","properties":{"h":3.0,"on_route":false},"geometry":{"type":"Polygon","coordinates":[[[7.071353,4.832464],[7.071306,4.83249],[7.071241,4.83237],[7.071288,4.832344],[7.071353,4.832464]]]}},{"type":"Feature","properties":{"h":3.0,"on_route":false},"geometry":{"type":"Polygon","coordinates":[[[7.072427,4.826397],[7.072366,4.826427],[7.072346,4.826387],[7.072407,4.826356],[7.072427,4.826397]]]}},{"type":"Feature","properties":{"h":3.0,"on_route":true},"geometry":{"type":"Polygon","coordinates":[[[7.072616,4.827637],[7.072424,4.827752],[7.072369,4.827659],[7.072561,4.827544],[7.072616,4.827637]]]}},{"type":"Feature","properties":{"h":3.0,"on_route":false},"geometry":{"type":"Polygon","coordinates":[[[7.070124,4.827771],[7.07003,4.827787],[7.070014,4.827693],[7.070107,4.827677],[7.070124,4.827771]]]}},{"type":"Feature","properties":{"h":3.0,"on_route":false},"geometry":{"type":"Polygon","coordinates":[[[7.075191,4.824861],[7.075041,4.824907],[7.075015,4.824819],[7.075164,4.824774],[7.075191,4.824861]]]}},{"type":"Feature","properties":{"h":3.0,"on_route":false},"geometry":{"type":"Polygon","coordinates":[[[7.074416,4.83182],[7.074316,4.831955],[7.074242,4.8319],[7.074343,4.831765],[7.074416,4.83182]]]}},{"type":"Feature","properties":{"h":3.0,"on_route":false},"geometry":{"type":"Polygon","coordinates":[[[7.071968,4.828091],[7.071982,4.828133],[7.071954,4.828142],[7.07194,4.828101],[7.071968,4.828091]]]}},{"type":"Feature","properties":{"h":3.0,"on_route":false},"geometry":{"type":"Polygon","coordinates":[[[7.069859,4.831115],[7.069843,4.831169],[7.06975,4.831143],[7.069767,4.831087],[7.069859,4.831115]]]}},{"type":"Feature","properties":{"h":3.0,"on_route":false},"geometry":{"type":"Polygon","coordinates":[[[7.071252,4.831641],[7.071158,4.831655],[7.071144,4.831558],[7.071238,4.831545],[7.071252,4.831641]]]}},{"type":"Feature","properties":{"h":3.0,"on_route":false},"geometry":{"type":"Polygon","coordinates":[[[7.070324,4.827591],[7.070346,4.827634],[7.070299,4.827658],[7.070277,4.827615],[7.070324,4.827591]]]}},{"type":"Feature","properties":{"h":3.0,"on_route":false},"geometry":{"type":"Polygon","coordinates":[[[7.074025,4.826517],[7.07389,4.826561],[7.07387,4.826501],[7.074006,4.826457],[7.074025,4.826517]]]}},{"type":"Feature","properties":{"h":3.0,"on_route":false},"geometry":{"type":"Polygon","coordinates":[[[7.071285,4.83109],[7.071264,4.831101],[7.0713,4.831166],[7.07123,4.831204],[7.071169,4.831092],[7.071259,4.831042],[7.071285,4.83109]]]}},{"type":"Feature","properties":{"h":3.0,"on_route":false},"geometry":{"type":"Polygon","coordinates":[[[7.072401,4.831295],[7.072394,4.831388],[7.072202,4.831375],[7.072208,4.831281],[7.072401,4.831295]]]}},{"type":"Feature","properties":{"h":3.0,"on_route":false},"geometry":{"type":"Polygon","coordinates":[[[7.072647,4.831026],[7.072564,4.83126],[7.072464,4.831224],[7.072547,4.83099],[7.072647,4.831026]]]}},{"type":"Feature","properties":{"h":3.0,"on_route":false},"geometry":{"type":"Polygon","coordinates":[[[7.073238,4.833595],[7.073226,4.833682],[7.073075,4.833661],[7.073087,4.833574],[7.073238,4.833595]]]}},{"type":"Feature","properties":{"h":3.0,"on_route":false},"geometry":{"type":"Polygon","coordinates":[[[7.072391,4.831749],[7.07239,4.831797],[7.072171,4.831794],[7.072172,4.831746],[7.072391,4.831749]]]}},{"type":"Feature","properties":{"h":3.0,"on_route":false},"geometry":{"type":"Polygon","coordinates":[[[7.074422,4.825963],[7.074305,4.826],[7.074258,4.825854],[7.074375,4.825817],[7.074422,4.825963]]]}},{"type":"Feature","properties":{"h":3.0,"on_route":false},"geometry":{"type":"Polygon","coordinates":[[[7.07088,4.832689],[7.070793,4.832721],[7.07076,4.832631],[7.070847,4.832599],[7.07088,4.832689]]]}},{"type":"Feature","properties":{"h":3.0,"on_route":false},"geometry":{"type":"Polygon","coordinates":[[[7.070044,4.829815],[7.070031,4.829866],[7.069944,4.829844],[7.069957,4.829792],[7.070044,4.829815]]]}},{"type":"Feature","properties":{"h":3.0,"on_route":false},"geometry":{"type":"Polygon","coordinates":[[[7.07195,4.832252],[7.071869,4.832297],[7.07183,4.832226],[7.071911,4.832181],[7.07195,4.832252]]]}},{"type":"Feature","properties":{"h":3.0,"on_route":false},"geometry":{"type":"Polygon","coordinates":[[[7.069687,4.830239],[7.069682,4.830288],[7.069699,4.830289],[7.069695,4.83033],[7.069508,4.830313],[7.069516,4.830223],[7.069687,4.830239]]]}},{"type":"Feature","properties":{"h":3.0,"on_route":false},"geometry":{"type":"Polygon","coordinates":[[[7.071029,4.832918],[7.070943,4.832933],[7.070935,4.832892],[7.070992,4.832882],[7.070985,4.832841],[7.071014,4.832836],[7.071029,4.832918]]]}},{"type":"Feature","properties":{"h":3.0,"on_route":false},"geometry":{"type":"Polygon","coordinates":[[[7.070802,4.83008],[7.070666,4.83],[7.070731,4.829888],[7.070784,4.829919],[7.070816,4.829863],[7.0709,4.829913],[7.070802,4.83008]]]}},{"type":"Feature","properties":{"h":3.0,"on_route":false},"geometry":{"type":"Polygon","coordinates":[[[7.073046,4.825048],[7.072961,4.825085],[7.072856,4.824846],[7.07294,4.824809],[7.073046,4.825048]]]}},{"type":"Feature","properties":{"h":3.0,"on_route":false},"geometry":{"type":"Polygon","coordinates":[[[7.070714,4.832766],[7.070636,4.832772],[7.070626,4.832636],[7.070704,4.83263],[7.070714,4.832766]]]}},{"type":"Feature","properties":{"h":3.0,"on_route":true},"geometry":{"type":"Polygon","coordinates":[[[7.072211,4.827306],[7.072077,4.827363],[7.072056,4.827314],[7.07219,4.827257],[7.072211,4.827306]]]}},{"type":"Feature","properties":{"h":3.0,"on_route":false},"geometry":{"type":"Polygon","coordinates":[[[7.075101,4.832585],[7.074945,4.8326],[7.074938,4.832526],[7.075094,4.832512],[7.075101,4.832585]]]}},{"type":"Feature","properties":{"h":3.0,"on_route":false},"geometry":{"type":"Polygon","coordinates":[[[7.074135,4.827457],[7.074025,4.827543],[7.073977,4.827481],[7.074087,4.827395],[7.074135,4.827457]]]}},{"type":"Feature","properties":{"h":3.0,"on_route":false},"geometry":{"type":"Polygon","coordinates":[[[7.073206,4.825138],[7.073256,4.825271],[7.07317,4.825303],[7.07312,4.82517],[7.073206,4.825138]]]}},{"type":"Feature","properties":{"h":3.0,"on_route":false},"geometry":{"type":"Polygon","coordinates":[[[7.074785,4.82598],[7.074659,4.826014],[7.074638,4.825936],[7.074764,4.825901],[7.074785,4.82598]]]}},{"type":"Feature","properties":{"h":3.0,"on_route":false},"geometry":{"type":"Polygon","coordinates":[[[7.071118,4.826665],[7.07102,4.826785],[7.070948,4.826726],[7.071046,4.826607],[7.071118,4.826665]]]}},{"type":"Feature","properties":{"h":3.0,"on_route":false},"geometry":{"type":"Polygon","coordinates":[[[7.075335,4.82662],[7.075263,4.826643],[7.075226,4.826523],[7.075297,4.826501],[7.075335,4.82662]]]}},{"type":"Feature","properties":{"h":3.0,"on_route":false},"geometry":{"type":"Polygon","coordinates":[[[7.074502,4.826201],[7.074453,4.826214],[7.074429,4.826128],[7.074478,4.826114],[7.074502,4.826201]]]}},{"type":"Feature","properties":{"h":3.0,"on_route":false},"geometry":{"type":"Polygon","coordinates":[[[7.074816,4.832305],[7.074811,4.832325],[7.074903,4.83235],[7.07489,4.832396],[7.074925,4.832405],[7.074905,4.83248],[7.074836,4.832461],[7.074846,4.832426],[7.074701,4.832387],[7.074729,4.832281],[7.074816,4.832305]]]}},{"type":"Feature","properties":{"h":3.0,"on_route":false},"geometry":{"type":"Polygon","coordinates":[[[7.071402,4.83169],[7.071406,4.831632],[7.07143,4.831634],[7.071433,4.831583],[7.071601,4.831597],[7.071593,4.831705],[7.071402,4.83169]]]}},{"type":"Feature","properties":{"h":3.0,"on_route":false},"geometry":{"type":"Polygon","coordinates":[[[7.072149,4.832316],[7.072056,4.832354],[7.07198,4.832166],[7.072073,4.832128],[7.072149,4.832316]]]}},{"type":"Feature","properties":{"h":3.0,"on_route":false},"geometry":{"type":"Polygon","coordinates":[[[7.076684,4.831858],[7.076655,4.831935],[7.076573,4.831904],[7.076602,4.831827],[7.076684,4.831858]]]}},{"type":"Feature","properties":{"h":3.0,"on_route":false},"geometry":{"type":"Polygon","coordinates":[[[7.072249,4.829252],[7.072202,4.829286],[7.072168,4.82924],[7.072121,4.829274],[7.07208,4.829218],[7.072127,4.829183],[7.072104,4.829151],[7.072151,4.829117],[7.072249,4.829252]]]}},{"type":"Feature","properties":{"h":3.0,"on_route":false},"geometry":{"type":"Polygon","coordinates":[[[7.076446,4.826],[7.076414,4.826011],[7.076419,4.826024],[7.076317,4.82606],[7.076268,4.825919],[7.076302,4.825907],[7.076291,4.825874],[7.07639,4.825839],[7.076446,4.826]]]}},{"type":"Feature","properties":{"h":3.0,"on_route":false},"geometry":{"type":"Polygon","coordinates":[[[7.07484,4.833847],[7.074821,4.833928],[7.074644,4.833887],[7.074663,4.833807],[7.07484,4.833847]]]}},{"type":"Feature","properties":{"h":3.0,"on_route":false},"geometry":{"type":"Polygon","coordinates":[[[7.071586,4.832795],[7.071529,4.832838],[7.071495,4.832794],[7.071552,4.832751],[7.071586,4.832795]]]}},{"type":"Feature","properties":{"h":3.0,"on_route":false},"geometry":{"type":"Polygon","coordinates":[[[7.074513,4.828383],[7.074486,4.828405],[7.074456,4.828368],[7.074483,4.828346],[7.074513,4.828383]]]}},{"type":"Feature","properties":{"h":3.0,"on_route":false},"geometry":{"type":"Polygon","coordinates":[[[7.070741,4.828566],[7.070695,4.828645],[7.070654,4.828622],[7.070547,4.828808],[7.070363,4.828701],[7.070471,4.828515],[7.070446,4.828501],[7.070492,4.828421],[7.070741,4.828566]]]}},{"type":"Feature","properties":{"h":3.0,"on_route":false},"geometry":{"type":"Polygon","coordinates":[[[7.074919,4.826456],[7.0748,4.826497],[7.07472,4.826265],[7.074838,4.826223],[7.074919,4.826456]]]}},{"type":"Feature","properties":{"h":3.0,"on_route":false},"geometry":{"type":"Polygon","coordinates":[[[7.073561,4.831982],[7.073533,4.832027],[7.073493,4.832003],[7.073521,4.831957],[7.073561,4.831982]]]}},{"type":"Feature","properties":{"h":3.0,"on_route":false},"geometry":{"type":"Polygon","coordinates":[[[7.072657,4.830698],[7.072587,4.830782],[7.072478,4.83069],[7.072549,4.830606],[7.072657,4.830698]]]}},{"type":"Feature","properties":{"h":3.0,"on_route":false},"geometry":{"type":"Polygon","coordinates":[[[7.074904,4.831988],[7.074877,4.83209],[7.074787,4.832066],[7.074815,4.831964],[7.074904,4.831988]]]}},{"type":"Feature","properties":{"h":3.0,"on_route":false},"geometry":{"type":"Polygon","coordinates":[[[7.07668,4.831964],[7.076637,4.832077],[7.076666,4.832088],[7.076645,4.832144],[7.076502,4.832089],[7.076566,4.831921],[7.07668,4.831964]]]}},{"type":"Feature","properties":{"h":3.0,"on_route":false},"geometry":{"type":"Polygon","coordinates":[[[7.07066,4.828083],[7.070587,4.828137],[7.07051,4.828032],[7.070583,4.827978],[7.07066,4.828083]]]}},{"type":"Feature","properties":{"h":3.0,"on_route":false},"geometry":{"type":"Polygon","coordinates":[[[7.069939,4.827611],[7.069933,4.827661],[7.069879,4.827653],[7.069886,4.827604],[7.069939,4.827611]]]}},{"type":"Feature","properties":{"h":3.0,"on_route":false},"geometry":{"type":"Polygon","coordinates":[[[7.073582,4.832114],[7.073566,4.832137],[7.07351,4.832098],[7.073527,4.832074],[7.073582,4.832114]]]}},{"type":"Feature","properties":{"h":3.0,"on_route":false},"geometry":{"type":"Polygon","coordinates":[[[7.075506,4.825283],[7.075397,4.825313],[7.075324,4.825045],[7.075433,4.825015],[7.075506,4.825283]]]}},{"type":"Feature","properties":{"h":3.0,"on_route":false},"geometry":{"type":"Polygon","coordinates":[[[7.069701,4.830936],[7.069669,4.830897],[7.069715,4.830858],[7.069825,4.830789],[7.069846,4.830814],[7.069701,4.830936]]]}},{"type":"Feature","properties":{"h":3.0,"on_route":false},"geometry":{"type":"Polygon","coordinates":[[[7.077359,4.828102],[7.077375,4.828133],[7.077353,4.828144],[7.077337,4.828113],[7.077359,4.828102]]]}},{"type":"Feature","properties":{"h":3.0,"on_route":false},"geometry":{"type":"Polygon","coordinates":[[[7.07282,4.826188],[7.072685,4.826279],[7.072648,4.826224],[7.072783,4.826133],[7.07282,4.826188]]]}},{"type":"Feature","properties":{"h":3.0,"on_route":false},"geometry":{"type":"Polygon","coordinates":[[[7.070528,4.831478],[7.070457,4.831472],[7.070462,4.831404],[7.070476,4.831405],[7.070479,4.831371],[7.070537,4.831376],[7.070528,4.831478]]]}},{"type":"Feature","properties":{"h":3.0,"on_route":false},"geometry":{"type":"Polygon","coordinates":[[[7.072578,4.833001],[7.072498,4.833048],[7.072243,4.832614],[7.072323,4.832566],[7.072578,4.833001]]]}},{"type":"Feature","properties":{"h":3.0,"on_route":false},"geometry":{"type":"Polygon","coordinates":[[[7.075919,4.832674],[7.075901,4.832733],[7.075749,4.832684],[7.075768,4.832625],[7.075919,4.832674]]]}},{"type":"Feature","properties":{"h":3.0,"on_route":false},"geometry":{"type":"Polygon","coordinates":[[[7.074358,4.826229],[7.074275,4.826248],[7.074257,4.826169],[7.07434,4.82615],[7.074358,4.826229]]]}},{"type":"Feature","properties":{"h":3.0,"on_route":false},"geometry":{"type":"Polygon","coordinates":[[[7.072029,4.830916],[7.071959,4.83099],[7.071878,4.83091],[7.071949,4.830837],[7.072029,4.830916]]]}},{"type":"Feature","properties":{"h":3.0,"on_route":false},"geometry":{"type":"Polygon","coordinates":[[[7.076938,4.826535],[7.076845,4.826561],[7.076809,4.82643],[7.076902,4.826404],[7.076938,4.826535]]]}},{"type":"Feature","properties":{"h":3.0,"on_route":false},"geometry":{"type":"Polygon","coordinates":[[[7.071298,4.831827],[7.071185,4.831843],[7.071167,4.83172],[7.071281,4.831704],[7.071298,4.831827]]]}},{"type":"Feature","properties":{"h":3.0,"on_route":false},"geometry":{"type":"Polygon","coordinates":[[[7.07202,4.824876],[7.072021,4.824891],[7.072107,4.824886],[7.07212,4.825107],[7.072063,4.82511],[7.072062,4.825091],[7.072032,4.825093],[7.072023,4.824942],[7.071936,4.824946],[7.071932,4.82488],[7.07202,4.824876]]]}},{"type":"Feature","properties":{"h":3.0,"on_route":false},"geometry":{"type":"Polygon","coordinates":[[[7.074352,4.827368],[7.074307,4.827399],[7.074277,4.827356],[7.074322,4.827324],[7.074352,4.827368]]]}},{"type":"Feature","properties":{"h":3.0,"on_route":false},"geometry":{"type":"Polygon","coordinates":[[[7.075198,4.832822],[7.075185,4.832898],[7.075058,4.832878],[7.075071,4.832801],[7.075198,4.832822]]]}},{"type":"Feature","properties":{"h":3.0,"on_route":false},"geometry":{"type":"Polygon","coordinates":[[[7.074825,4.832594],[7.074792,4.832727],[7.074712,4.832707],[7.074744,4.832574],[7.074825,4.832594]]]}},{"type":"Feature","properties":{"h":3.0,"on_route":false},"geometry":{"type":"Polygon","coordinates":[[[7.073305,4.833613],[7.073303,4.833633],[7.07336,4.833638],[7.073354,4.833717],[7.073233,4.833706],[7.073242,4.833607],[7.073305,4.833613]]]}},{"type":"Feature","properties":{"h":3.0,"on_route":false},"geometry":{"type":"Polygon","coordinates":[[[7.071225,4.827801],[7.071177,4.827819],[7.071163,4.827783],[7.071211,4.827764],[7.071225,4.827801]]]}},{"type":"Feature","properties":{"h":3.0,"on_route":false},"geometry":{"type":"Polygon","coordinates":[[[7.076035,4.828558],[7.075994,4.828585],[7.075945,4.828512],[7.075986,4.828485],[7.076035,4.828558]]]}},{"type":"Feature","properties":{"h":3.0,"on_route":false},"geometry":{"type":"Polygon","coordinates":[[[7.073355,4.827213],[7.073276,4.82725],[7.073232,4.827153],[7.073311,4.827117],[7.073355,4.827213]]]}},{"type":"Feature","properties":{"h":3.0,"on_route":false},"geometry":{"type":"Polygon","coordinates":[[[7.073649,4.832222],[7.073594,4.8323],[7.073458,4.832204],[7.073513,4.832126],[7.073649,4.832222]]]}},{"type":"Feature","properties":{"h":3.0,"on_route":false},"geometry":{"type":"Polygon","coordinates":[[[7.074031,4.83175],[7.073902,4.831851],[7.073837,4.831767],[7.073855,4.831753],[7.073835,4.831727],[7.073945,4.831641],[7.074031,4.83175]]]}},{"type":"Feature","properties":{"h":3.0,"on_route":false},"geometry":{"type":"Polygon","coordinates":[[[7.07601,4.826647],[7.075912,4.826677],[7.075924,4.826715],[7.075714,4.82678],[7.07567,4.826638],[7.075863,4.826578],[7.075857,4.826561],[7.075973,4.826525],[7.07601,4.826647]]]}},{"type":"Feature","properties":{"h":3.0,"on_route":false},"geometry":{"type":"Polygon","coordinates":[[[7.074902,4.825861],[7.074979,4.82609],[7.07492,4.82611],[7.07491,4.826082],[7.074858,4.826099],[7.07479,4.825898],[7.074902,4.825861]]]}},{"type":"Feature","properties":{"h":3.0,"on_route":false},"geometry":{"type":"Polygon","coordinates":[[[7.072633,4.826658],[7.072579,4.82668],[7.072555,4.826617],[7.072609,4.826596],[7.072633,4.826658]]]}},{"type":"Feature","properties":{"h":3.0,"on_route":false},"geometry":{"type":"Polygon","coordinates":[[[7.072633,4.826658],[7.072647,4.826693],[7.07268,4.82668],[7.07275,4.826857],[7.072771,4.826849],[7.072777,4.826865],[7.072669,4.826908],[7.072579,4.82668],[7.072633,4.826658]]]}},{"type":"Feature","properties":{"h":3.0,"on_route":false},"geometry":{"type":"Polygon","coordinates":[[[7.073641,4.832733],[7.073573,4.83279],[7.07355,4.832762],[7.073506,4.832799],[7.073479,4.832766],[7.07346,4.832782],[7.07341,4.832721],[7.073429,4.832705],[7.07339,4.832659],[7.073435,4.832622],[7.073426,4.832612],[7.073495,4.832555],[7.073641,4.832733]]]}},{"type":"Feature","properties":{"h":3.0,"on_route":false},"geometry":{"type":"Polygon","coordinates":[[[7.070507,4.829628],[7.070499,4.82965],[7.070558,4.829671],[7.070534,4.829737],[7.070397,4.829688],[7.070428,4.8296],[7.070507,4.829628]]]}},{"type":"Feature","properties":{"h":3.0,"on_route":false},"geometry":{"type":"Polygon","coordinates":[[[7.073054,4.827601],[7.07288,4.827738],[7.072823,4.827666],[7.072997,4.827529],[7.073054,4.827601]]]}},{"type":"Feature","properties":{"h":3.0,"on_route":false},"geometry":{"type":"Polygon","coordinates":[[[7.076776,4.832028],[7.076773,4.832069],[7.076728,4.832066],[7.076732,4.832025],[7.076776,4.832028]]]}},{"type":"Feature","properties":{"h":3.0,"on_route":false},"geometry":{"type":"Polygon","coordinates":[[[7.07479,4.825856],[7.074687,4.825896],[7.074658,4.825819],[7.074687,4.825808],[7.074659,4.825735],[7.074733,4.825707],[7.07479,4.825856]]]}},{"type":"Feature","properties":{"h":3.0,"on_route":false},"geometry":{"type":"Polygon","coordinates":[[[7.069733,4.831209],[7.069722,4.831264],[7.069672,4.831254],[7.069684,4.831199],[7.069733,4.831209]]]}},{"type":"Feature","properties":{"h":3.0,"on_route":false},"geometry":{"type":"Polygon","coordinates":[[[7.074477,4.832967],[7.074462,4.833035],[7.074287,4.832995],[7.074303,4.832928],[7.074477,4.832967]]]}},{"type":"Feature","properties":{"h":3.0,"on_route":false},"geometry":{"type":"Polygon","coordinates":[[[7.07406,4.832667],[7.073919,4.832689],[7.07391,4.832625],[7.07405,4.832604],[7.07406,4.832667]]]}},{"type":"Feature","properties":{"h":3.0,"on_route":false},"geometry":{"type":"Polygon","coordinates":[[[7.074396,4.830171],[7.074218,4.830307],[7.07425,4.83035],[7.074162,4.830417],[7.074073,4.830299],[7.07434,4.830096],[7.074396,4.830171]]]}},{"type":"Feature","properties":{"h":3.0,"on_route":false},"geometry":{"type":"Polygon","coordinates":[[[7.070161,4.829856],[7.070121,4.82995],[7.070044,4.829916],[7.070084,4.829823],[7.070161,4.829856]]]}},{"type":"Feature","properties":{"h":3.0,"on_route":false},"geometry":{"type":"Polygon","coordinates":[[[7.076942,4.831824],[7.077142,4.831862],[7.07711,4.832028],[7.077043,4.832015],[7.077065,4.831899],[7.076932,4.831874],[7.076942,4.831824]]]}},{"type":"Feature","properties":{"h":3.0,"on_route":false},"geometry":{"type":"Polygon","coordinates":[[[7.071362,4.828956],[7.071285,4.829021],[7.071197,4.828917],[7.071275,4.828852],[7.071362,4.828956]]]}},{"type":"Feature","properties":{"h":3.0,"on_route":false},"geometry":{"type":"Polygon","coordinates":[[[7.072848,4.829293],[7.072797,4.829322],[7.072766,4.829265],[7.072817,4.829236],[7.072848,4.829293]]]}},{"type":"Feature","properties":{"h":3.0,"on_route":true},"geometry":{"type":"Polygon","coordinates":[[[7.071963,4.826565],[7.071967,4.826622],[7.071926,4.826625],[7.071922,4.826568],[7.071963,4.826565]]]}},{"type":"Feature","properties":{"h":3.0,"on_route":false},"geometry":{"type":"Polygon","coordinates":[[[7.070545,4.829358],[7.070519,4.829428],[7.07045,4.829402],[7.070476,4.829332],[7.070545,4.829358]]]}},{"type":"Feature","properties":{"h":3.0,"on_route":false},"geometry":{"type":"Polygon","coordinates":[[[7.074017,4.825501],[7.073965,4.825517],[7.073945,4.825452],[7.073997,4.825436],[7.074017,4.825501]]]}},{"type":"Feature","properties":{"h":3.0,"on_route":false},"geometry":{"type":"Polygon","coordinates":[[[7.072075,4.83146],[7.071974,4.831459],[7.071974,4.831406],[7.072075,4.831407],[7.072075,4.83146]]]}},{"type":"Feature","properties":{"h":3.0,"on_route":false},"geometry":{"type":"Polygon","coordinates":[[[7.072308,4.833402],[7.072248,4.833349],[7.072343,4.83324],[7.072403,4.833292],[7.072308,4.833402]]]}},{"type":"Feature","properties":{"h":3.0,"on_route":false},"geometry":{"type":"Polygon","coordinates":[[[7.072424,4.832506],[7.072243,4.832614],[7.072199,4.832539],[7.07238,4.832432],[7.072424,4.832506]]]}},{"type":"Feature","properties":{"h":3.0,"on_route":false},"geometry":{"type":"Polygon","coordinates":[[[7.069683,4.829028],[7.069671,4.829078],[7.069617,4.829066],[7.069629,4.829016],[7.069683,4.829028]]]}},{"type":"Feature","properties":{"h":3.0,"on_route":false},"geometry":{"type":"Polygon","coordinates":[[[7.070735,4.826062],[7.07069,4.826098],[7.070597,4.825984],[7.070641,4.825947],[7.070735,4.826062]]]}},{"type":"Feature","properties":{"h":3.0,"on_route":false},"geometry":{"type":"Polygon","coordinates":[[[7.069515,4.829279],[7.069486,4.829289],[7.069498,4.829325],[7.069413,4.829353],[7.069383,4.829265],[7.069497,4.829227],[7.069515,4.829279]]]}},{"type":"Feature","properties":{"h":3.0,"on_route":false},"geometry":{"type":"Polygon","coordinates":[[[7.072221,4.828609],[7.072059,4.828741],[7.072001,4.828669],[7.072163,4.828537],[7.072221,4.828609]]]}},{"type":"Feature","properties":{"h":3.0,"on_route":false},"geometry":{"type":"Polygon","coordinates":[[[7.073673,4.826479],[7.073484,4.826531],[7.073458,4.826436],[7.073647,4.826385],[7.073673,4.826479]]]}},{"type":"Feature","properties":{"h":3.0,"on_route":false},"geometry":{"type":"Polygon","coordinates":[[[7.073703,4.833923],[7.073492,4.833945],[7.073486,4.833881],[7.073696,4.833859],[7.073703,4.833923]]]}},{"type":"Feature","properties":{"h":3.0,"on_route":false},"geometry":{"type":"Polygon","coordinates":[[[7.073874,4.824919],[7.073786,4.824955],[7.073742,4.824847],[7.07383,4.824811],[7.073874,4.824919]]]}},{"type":"Feature","properties":{"h":3.0,"on_route":false},"geometry":{"type":"Polygon","coordinates":[[[7.069469,4.829399],[7.069453,4.829485],[7.069395,4.829474],[7.069411,4.829388],[7.069469,4.829399]]]}},{"type":"Feature","properties":{"h":3.0,"on_route":false},"geometry":{"type":"Polygon","coordinates":[[[7.075109,4.827152],[7.074822,4.827371],[7.074775,4.827308],[7.075062,4.82709],[7.075109,4.827152]]]}},{"type":"Feature","properties":{"h":3.0,"on_route":false},"geometry":{"type":"Polygon","coordinates":[[[7.076806,4.832217],[7.076797,4.832326],[7.076656,4.832316],[7.076665,4.832206],[7.076806,4.832217]]]}},{"type":"Feature","properties":{"h":3.0,"on_route":false},"geometry":{"type":"Polygon","coordinates":[[[7.071243,4.828661],[7.071171,4.828685],[7.071108,4.828494],[7.07118,4.82847],[7.071243,4.828661]]]}},{"type":"Feature","properties":{"h":3.0,"on_route":false},"geometry":{"type":"Polygon","coordinates":[[[7.074215,4.83343],[7.074145,4.833416],[7.074203,4.833138],[7.074273,4.833153],[7.074215,4.83343]]]}},{"type":"Feature","properties":{"h":3.0,"on_route":false},"geometry":{"type":"Polygon","coordinates":[[[7.073182,4.828594],[7.073042,4.828702],[7.073006,4.828654],[7.073145,4.828546],[7.073182,4.828594]]]}},{"type":"Feature","properties":{"h":3.0,"on_route":false},"geometry":{"type":"Polygon","coordinates":[[[7.071948,4.827661],[7.071896,4.827683],[7.071881,4.827647],[7.071933,4.827625],[7.071948,4.827661]]]}},{"type":"Feature","properties":{"h":3.0,"on_route":false},"geometry":{"type":"Polygon","coordinates":[[[7.07073,4.828302],[7.070601,4.828419],[7.070528,4.828339],[7.070657,4.828221],[7.07073,4.828302]]]}},{"type":"Feature","properties":{"h":3.0,"on_route":false},"geometry":{"type":"Polygon","coordinates":[[[7.074141,4.832725],[7.074142,4.832733],[7.074117,4.832737],[7.074125,4.832786],[7.07385,4.832828],[7.073831,4.832702],[7.074106,4.83266],[7.074116,4.832729],[7.074141,4.832725]]]}},{"type":"Feature","properties":{"h":3.0,"on_route":false},"geometry":{"type":"Polygon","coordinates":[[[7.070145,4.828405],[7.070107,4.828535],[7.069861,4.828465],[7.069898,4.828334],[7.070145,4.828405]]]}},{"type":"Feature","properties":{"h":3.0,"on_route":false},"geometry":{"type":"Polygon","coordinates":[[[7.073617,4.825577],[7.073522,4.825607],[7.073482,4.825479],[7.073578,4.825449],[7.073617,4.825577]]]}},{"type":"Feature","properties":{"h":3.0,"on_route":false},"geometry":{"type":"Polygon","coordinates":[[[7.073295,4.831953],[7.07329,4.832069],[7.073208,4.832065],[7.073213,4.831949],[7.073295,4.831953]]]}},{"type":"Feature","properties":{"h":3.0,"on_route":false},"geometry":{"type":"Polygon","coordinates":[[[7.070002,4.827008],[7.069948,4.82725],[7.069885,4.827236],[7.069939,4.826994],[7.070002,4.827008]]]}},{"type":"Feature","properties":{"h":3.0,"on_route":false},"geometry":{"type":"Polygon","coordinates":[[[7.073293,4.833078],[7.073106,4.833108],[7.073055,4.832788],[7.073242,4.832758],[7.073293,4.833078]]]}},{"type":"Feature","properties":{"h":3.0,"on_route":false},"geometry":{"type":"Polygon","coordinates":[[[7.070806,4.829498],[7.070808,4.829555],[7.070699,4.82956],[7.070697,4.829503],[7.070806,4.829498]]]}},{"type":"Feature","properties":{"h":3.0,"on_route":false},"geometry":{"type":"Polygon","coordinates":[[[7.073458,4.827176],[7.073382,4.827208],[7.073339,4.827106],[7.073415,4.827074],[7.073458,4.827176]]]}},{"type":"Feature","properties":{"h":3.0,"on_route":false},"geometry":{"type":"Polygon","coordinates":[[[7.070208,4.829912],[7.07016,4.82988],[7.07025,4.829743],[7.070298,4.829775],[7.070208,4.829912]]]}},{"type":"Feature","properties":{"h":3.0,"on_route":false},"geometry":{"type":"Polygon","coordinates":[[[7.071537,4.827744],[7.071496,4.827767],[7.071484,4.827745],[7.071395,4.827797],[7.071366,4.827745],[7.071494,4.82767],[7.071537,4.827744]]]}},{"type":"Feature","properties":{"h":3.0,"on_route":false},"geometry":{"type":"Polygon","coordinates":[[[7.072221,4.828054],[7.07213,4.828109],[7.072076,4.828019],[7.072166,4.827964],[7.072221,4.828054]]]}},{"type":"Feature","properties":{"h":3.0,"on_route":false},"geometry":{"type":"Polygon","coordinates":[[[7.076483,4.826403],[7.076424,4.82642],[7.076416,4.826391],[7.076475,4.826374],[7.076483,4.826403]]]}},{"type":"Feature","properties":{"h":3.0,"on_route":false},"geometry":{"type":"Polygon","coordinates":[[[7.072847,4.831891],[7.072783,4.831895],[7.072778,4.831803],[7.072842,4.8318],[7.072847,4.831891]]]}},{"type":"Feature","properties":{"h":3.0,"on_route":false},"geometry":{"type":"Polygon","coordinates":[[[7.07236,4.829836],[7.072381,4.829872],[7.072358,4.829886],[7.072337,4.82985],[7.07236,4.829836]]]}},{"type":"Feature","properties":{"h":3.0,"on_route":false},"geometry":{"type":"Polygon","coordinates":[[[7.073017,4.830933],[7.072997,4.830972],[7.072957,4.830952],[7.072978,4.830912],[7.073017,4.830933]]]}},{"type":"Feature","properties":{"h":3.0,"on_route":false},"geometry":{"type":"Polygon","coordinates":[[[7.076914,4.831463],[7.076859,4.831543],[7.076825,4.83152],[7.07688,4.831439],[7.076914,4.831463]]]}},{"type":"Feature","properties":{"h":3.0,"on_route":false},"geometry":{"type":"Polygon","coordinates":[[[7.075252,4.825114],[7.075227,4.825122],[7.075303,4.825384],[7.075202,4.825414],[7.07511,4.8251],[7.075237,4.825063],[7.075252,4.825114]]]}},{"type":"Feature","properties":{"h":3.0,"on_route":false},"geometry":{"type":"Polygon","coordinates":[[[7.072313,4.833174],[7.07229,4.833191],[7.072276,4.833171],[7.072299,4.833154],[7.072313,4.833174]]]}},{"type":"Feature","properties":{"h":3.0,"on_route":false},"geometry":{"type":"Polygon","coordinates":[[[7.0752,4.832157],[7.075132,4.832161],[7.07513,4.832118],[7.075197,4.832114],[7.0752,4.832157]]]}},{"type":"Feature","properties":{"h":3.0,"on_route":false},"geometry":{"type":"Polygon","coordinates":[[[7.074203,4.827041],[7.074257,4.827215],[7.074205,4.827231],[7.074151,4.827057],[7.074203,4.827041]]]}},{"type":"Feature","properties":{"h":3.0,"on_route":false},"geometry":{"type":"Polygon","coordinates":[[[7.072983,4.827451],[7.07296,4.827469],[7.072936,4.827436],[7.072959,4.827419],[7.072983,4.827451]]]}},{"type":"Feature","properties":{"h":3.0,"on_route":false},"geometry":{"type":"Polygon","coordinates":[[[7.070293,4.829455],[7.070283,4.829514],[7.070144,4.829491],[7.070154,4.829432],[7.070293,4.829455]]]}},{"type":"Feature","properties":{"h":3.0,"on_route":false},"geometry":{"type":"Polygon","coordinates":[[[7.072605,4.833428],[7.072499,4.833565],[7.072433,4.833514],[7.072523,4.833399],[7.072555,4.833425],[7.072572,4.833403],[7.072605,4.833428]]]}},{"type":"Feature","properties":{"h":3.0,"on_route":false},"geometry":{"type":"Polygon","coordinates":[[[7.072734,4.831055],[7.072723,4.831085],[7.072766,4.8311],[7.072711,4.831263],[7.072607,4.831227],[7.072673,4.831034],[7.072734,4.831055]]]}},{"type":"Feature","properties":{"h":3.0,"on_route":false},"geometry":{"type":"Polygon","coordinates":[[[7.071136,4.829106],[7.071082,4.829206],[7.070885,4.829098],[7.070939,4.828998],[7.071136,4.829106]]]}},{"type":"Feature","properties":{"h":3.0,"on_route":false},"geometry":{"type":"Polygon","coordinates":[[[7.069443,4.829989],[7.069437,4.830054],[7.069402,4.830051],[7.069407,4.829987],[7.069443,4.829989]]]}},{"type":"Feature","properties":{"h":3.0,"on_route":false},"geometry":{"type":"Polygon","coordinates":[[[7.071206,4.827485],[7.071158,4.827486],[7.071155,4.827375],[7.071203,4.827374],[7.071206,4.827485]]]}},{"type":"Feature","properties":{"h":3.0,"on_route":false},"geometry":{"type":"Polygon","coordinates":[[[7.070192,4.827183],[7.070147,4.827147],[7.070322,4.826925],[7.070367,4.826961],[7.070192,4.827183]]]}},{"type":"Feature","properties":{"h":3.0,"on_route":false},"geometry":{"type":"Polygon","coordinates":[[[7.072077,4.8284],[7.071934,4.828499],[7.071873,4.828411],[7.072017,4.828312],[7.072077,4.8284]]]}},{"type":"Feature","properties":{"h":3.0,"on_route":false},"geometry":{"type":"Polygon","coordinates":[[[7.075263,4.826643],[7.075188,4.826667],[7.075151,4.826547],[7.075226,4.826523],[7.075263,4.826643]]]}},{"type":"Feature","properties":{"h":3.0,"on_route":false},"geometry":{"type":"Polygon","coordinates":[[[7.074299,4.832943],[7.074287,4.832995],[7.074214,4.832978],[7.074226,4.832926],[7.074299,4.832943]]]}},{"type":"Feature","properties":{"h":3.0,"on_route":false},"geometry":{"type":"Polygon","coordinates":[[[7.069488,4.829343],[7.069485,4.82938],[7.069436,4.829376],[7.069439,4.82934],[7.069488,4.829343]]]}},{"type":"Feature","properties":{"h":3.0,"on_route":true},"geometry":{"type":"Polygon","coordinates":[[[7.072411,4.827305],[7.072368,4.827325],[7.072356,4.827299],[7.072399,4.827279],[7.072411,4.827305]]]}},{"type":"Feature","properties":{"h":3.0,"on_route":false},"geometry":{"type":"Polygon","coordinates":[[[7.071334,4.827604],[7.071416,4.827719],[7.071374,4.827749],[7.071293,4.827634],[7.071334,4.827604]]]}},{"type":"Feature","properties":{"h":3.0,"on_route":false},"geometry":{"type":"Polygon","coordinates":[[[7.070034,4.827999],[7.070015,4.828105],[7.069921,4.828088],[7.069927,4.828054],[7.069895,4.828048],[7.069907,4.827976],[7.070034,4.827999]]]}},{"type":"Feature","properties":{"h":3.0,"on_route":false},"geometry":{"type":"Polygon","coordinates":[[[7.071132,4.828421],[7.070935,4.828462],[7.070912,4.828353],[7.07111,4.828312],[7.071132,4.828421]]]}},{"type":"Feature","properties":{"h":3.0,"on_route":true},"geometry":{"type":"Polygon","coordinates":[[[7.073162,4.828089],[7.073123,4.828112],[7.073071,4.828021],[7.07311,4.827999],[7.073162,4.828089]]]}},{"type":"Feature","properties":{"h":3.0,"on_route":false},"geometry":{"type":"Polygon","coordinates":[[[7.073257,4.825605],[7.073149,4.825639],[7.073121,4.82555],[7.073229,4.825516],[7.073257,4.825605]]]}},{"type":"Feature","properties":{"h":3.0,"on_route":false},"geometry":{"type":"Polygon","coordinates":[[[7.072666,4.826951],[7.07268,4.826989],[7.07264,4.827004],[7.072626,4.826966],[7.072666,4.826951]]]}},{"type":"Feature","properties":{"h":3.0,"on_route":false},"geometry":{"type":"Polygon","coordinates":[[[7.069948,4.831273],[7.069942,4.83137],[7.069981,4.831373],[7.069978,4.831421],[7.069808,4.83141],[7.069817,4.831265],[7.069948,4.831273]]]}},{"type":"Feature","properties":{"h":3.0,"on_route":false},"geometry":{"type":"Polygon","coordinates":[[[7.076899,4.831827],[7.07689,4.83188],[7.076762,4.831857],[7.076771,4.831805],[7.076899,4.831827]]]}},{"type":"Feature","properties":{"h":3.0,"on_route":false},"geometry":{"type":"Polygon","coordinates":[[[7.070784,4.830163],[7.070725,4.830211],[7.070635,4.830098],[7.070694,4.83005],[7.070784,4.830163]]]}},{"type":"Feature","properties":{"h":3.0,"on_route":false},"geometry":{"type":"Polygon","coordinates":[[[7.070548,4.827365],[7.070477,4.827441],[7.07042,4.827386],[7.070451,4.827353],[7.070548,4.827365]]]}},{"type":"Feature","properties":{"h":3.0,"on_route":false},"geometry":{"type":"Polygon","coordinates":[[[7.071129,4.831625],[7.071102,4.83162],[7.071112,4.831576],[7.071139,4.831581],[7.071129,4.831625]]]}},{"type":"Feature","properties":{"h":3.0,"on_route":false},"geometry":{"type":"Polygon","coordinates":[[[7.072222,4.830588],[7.07215,4.830661],[7.072067,4.830578],[7.072138,4.830505],[7.072222,4.830588]]]}},{"type":"Feature","properties":{"h":3.0,"on_route":false},"geometry":{"type":"Polygon","coordinates":[[[7.069537,4.828172],[7.069528,4.828259],[7.069405,4.828246],[7.069415,4.828158],[7.069537,4.828172]]]}},{"type":"Feature","properties":{"h":3.0,"on_route":false},"geometry":{"type":"Polygon","coordinates":[[[7.071152,4.832733],[7.071173,4.83283],[7.071044,4.832858],[7.071028,4.832787],[7.071071,4.832778],[7.071065,4.832752],[7.071152,4.832733]]]}},{"type":"Feature","properties":{"h":3.0,"on_route":true},"geometry":{"type":"Polygon","coordinates":[[[7.072989,4.82792],[7.072914,4.827978],[7.072887,4.827943],[7.072961,4.827884],[7.072989,4.82792]]]}},{"type":"Feature","properties":{"h":3.0,"on_route":true},"geometry":{"type":"Polygon","coordinates":[[[7.072607,4.827243],[7.072546,4.82728],[7.072516,4.827231],[7.072577,4.827194],[7.072607,4.827243]]]}},{"type":"Feature","properties":{"h":3.0,"on_route":false},"geometry":{"type":"Polygon","coordinates":[[[7.074629,4.833155],[7.074607,4.833253],[7.074559,4.833242],[7.074581,4.833144],[7.074629,4.833155]]]}},{"type":"Feature","properties":{"h":3.0,"on_route":false},"geometry":{"type":"Polygon","coordinates":[[[7.07205,4.831741],[7.072059,4.831761],[7.072137,4.831727],[7.072291,4.832084],[7.07222,4.832115],[7.072095,4.831825],[7.072008,4.831862],[7.071979,4.831795],[7.072011,4.831782],[7.072002,4.831762],[7.07205,4.831741]]]}},{"type":"Feature","properties":{"h":3.0,"on_route":false},"geometry":{"type":"Polygon","coordinates":[[[7.071866,4.829002],[7.07181,4.829052],[7.07173,4.828961],[7.071786,4.828912],[7.071866,4.829002]]]}},{"type":"Feature","properties":{"h":3.0,"on_route":true},"geometry":{"type":"Polygon","coordinates":[[[7.072537,4.827858],[7.072495,4.827877],[7.072481,4.827844],[7.072522,4.827825],[7.072537,4.827858]]]}},{"type":"Feature","properties":{"h":3.0,"on_route":false},"geometry":{"type":"Polygon","coordinates":[[[7.071246,4.833135],[7.071142,4.833142],[7.071137,4.833075],[7.071242,4.833068],[7.071246,4.833135]]]}},{"type":"Feature","properties":{"h":3.0,"on_route":false},"geometry":{"type":"Polygon","coordinates":[[[7.073761,4.827809],[7.073646,4.827895],[7.073593,4.827824],[7.073708,4.827738],[7.073761,4.827809]]]}},{"type":"Feature","properties":{"h":3.0,"on_route":false},"geometry":{"type":"Polygon","coordinates":[[[7.072214,4.825179],[7.072209,4.825302],[7.072162,4.8253],[7.072167,4.825177],[7.072214,4.825179]]]}},{"type":"Feature","properties":{"h":3.0,"on_route":false},"geometry":{"type":"Polygon","coordinates":[[[7.070961,4.831087],[7.070926,4.831111],[7.07092,4.831102],[7.070812,4.831176],[7.070783,4.831133],[7.070926,4.831035],[7.070961,4.831087]]]}},{"type":"Feature","properties":{"h":3.0,"on_route":false},"geometry":{"type":"Polygon","coordinates":[[[7.074572,4.831029],[7.074583,4.83098],[7.074712,4.83101],[7.074683,4.831138],[7.074459,4.831086],[7.074478,4.831007],[7.074572,4.831029]]]}},{"type":"Feature","properties":{"h":3.0,"on_route":false},"geometry":{"type":"Polygon","coordinates":[[[7.075141,4.825205],[7.075003,4.825246],[7.074973,4.82514],[7.07511,4.8251],[7.075141,4.825205]]]}},{"type":"Feature","properties":{"h":3.0,"on_route":false},"geometry":{"type":"Polygon","coordinates":[[[7.072524,4.825205],[7.072526,4.825282],[7.072409,4.825285],[7.072407,4.825208],[7.072524,4.825205]]]}},{"type":"Feature","properties":{"h":3.0,"on_route":false},"geometry":{"type":"Polygon","coordinates":[[[7.071462,4.827792],[7.071538,4.827913],[7.071631,4.827854],[7.071677,4.827927],[7.071539,4.828014],[7.071416,4.827821],[7.071462,4.827792]]]}},{"type":"Feature","properties":{"h":3.0,"on_route":false},"geometry":{"type":"Polygon","coordinates":[[[7.06983,4.827958],[7.069805,4.82815],[7.069741,4.828141],[7.069767,4.82795],[7.06983,4.827958]]]}},{"type":"Feature","properties":{"h":3.0,"on_route":false},"geometry":{"type":"Polygon","coordinates":[[[7.070799,4.827967],[7.070669,4.828066],[7.070603,4.827979],[7.070734,4.82788],[7.070799,4.827967]]]}},{"type":"Feature","properties":{"h":3.0,"on_route":true},"geometry":{"type":"Polygon","coordinates":[[[7.07251,4.827991],[7.072366,4.828126],[7.072288,4.828042],[7.072431,4.827907],[7.07251,4.827991]]]}},{"type":"Feature","properties":{"h":3.0,"on_route":false},"geometry":{"type":"Polygon","coordinates":[[[7.074008,4.831568],[7.073931,4.831615],[7.07392,4.831597],[7.073895,4.831613],[7.073848,4.831535],[7.073873,4.831519],[7.073856,4.831492],[7.073934,4.831445],[7.074008,4.831568]]]}},{"type":"Feature","properties":{"h":3.0,"on_route":false},"geometry":{"type":"Polygon","coordinates":[[[7.074303,4.83229],[7.074293,4.832325],[7.074242,4.83231],[7.074253,4.832275],[7.074303,4.83229]]]}},{"type":"Feature","properties":{"h":3.0,"on_route":false},"geometry":{"type":"Polygon","coordinates":[[[7.072388,4.834024],[7.072301,4.833952],[7.072338,4.833906],[7.072362,4.833925],[7.072427,4.833845],[7.072404,4.833826],[7.072438,4.833784],[7.072525,4.833856],[7.072388,4.834024]]]}},{"type":"Feature","properties":{"h":3.0,"on_route":false},"geometry":{"type":"Polygon","coordinates":[[[7.071949,4.830837],[7.071878,4.83091],[7.071802,4.830835],[7.071873,4.830762],[7.071949,4.830837]]]}},{"type":"Feature","properties":{"h":3.0,"on_route":false},"geometry":{"type":"Polygon","coordinates":[[[7.070315,4.827784],[7.070217,4.827819],[7.070164,4.82767],[7.070262,4.827635],[7.070315,4.827784]]]}},{"type":"Feature","properties":{"h":3.0,"on_route":false},"geometry":{"type":"Polygon","coordinates":[[[7.072968,4.827241],[7.072893,4.827277],[7.072837,4.827158],[7.072911,4.827122],[7.072968,4.827241]]]}},{"type":"Feature","properties":{"h":3.0,"on_route":true},"geometry":{"type":"Polygon","coordinates":[[[7.072457,4.827163],[7.072474,4.827157],[7.07248,4.827174],[7.07236,4.827216],[7.072151,4.826614],[7.072254,4.826579],[7.072457,4.827163]]]}},{"type":"Feature","properties":{"h":3.0,"on_route":false},"geometry":{"type":"Polygon","coordinates":[[[7.071501,4.828061],[7.071232,4.828133],[7.071197,4.828002],[7.071466,4.82793],[7.071501,4.828061]]]}},{"type":"Feature","properties":{"h":3.0,"on_route":false},"geometry":{"type":"Polygon","coordinates":[[[7.071054,4.831591],[7.07106,4.831649],[7.071031,4.831651],[7.071026,4.831593],[7.071054,4.831591]]]}},{"type":"Feature","properties":{"h":3.0,"on_route":false},"geometry":{"type":"Polygon","coordinates":[[[7.071961,4.831359],[7.071847,4.831399],[7.071823,4.831333],[7.071937,4.831293],[7.071961,4.831359]]]}},{"type":"Feature","properties":{"h":3.0,"on_route":false},"geometry":{"type":"Polygon","coordinates":[[[7.075159,4.833054],[7.075155,4.83308],[7.075139,4.833077],[7.075143,4.833052],[7.075159,4.833054]]]}},{"type":"Feature","properties":{"h":3.0,"on_route":false},"geometry":{"type":"Polygon","coordinates":[[[7.072008,4.828725],[7.071926,4.828778],[7.071885,4.828714],[7.071968,4.828661],[7.072008,4.828725]]]}},{"type":"Feature","properties":{"h":3.0,"on_route":false},"geometry":{"type":"Polygon","coordinates":[[[7.073655,4.826347],[7.073575,4.826368],[7.07354,4.82624],[7.073621,4.826218],[7.073655,4.826347]]]}},{"type":"Feature","properties":{"h":3.0,"on_route":false},"geometry":{"type":"Polygon","coordinates":[[[7.074606,4.832127],[7.074596,4.832187],[7.074624,4.832192],[7.07462,4.832215],[7.074435,4.832183],[7.074449,4.832099],[7.074606,4.832127]]]}},{"type":"Feature","properties":{"h":3.0,"on_route":false},"geometry":{"type":"Polygon","coordinates":[[[7.069776,4.830625],[7.069747,4.830688],[7.069696,4.830664],[7.069725,4.830601],[7.069776,4.830625]]]}},{"type":"Feature","properties":{"h":3.0,"on_route":false},"geometry":{"type":"Polygon","coordinates":[[[7.069567,4.830403],[7.06956,4.830472],[7.069494,4.830466],[7.0695,4.830397],[7.069567,4.830403]]]}},{"type":"Feature","properties":{"h":3.0,"on_route":false},"geometry":{"type":"Polygon","coordinates":[[[7.071174,4.831806],[7.070921,4.83188],[7.070895,4.831792],[7.07115,4.831721],[7.071174,4.831806]]]}},{"type":"Feature","properties":{"h":3.0,"on_route":false},"geometry":{"type":"Polygon","coordinates":[[[7.075693,4.832815],[7.075677,4.832881],[7.075629,4.832869],[7.075645,4.832803],[7.075693,4.832815]]]}},{"type":"Feature","properties":{"h":3.0,"on_route":false},"geometry":{"type":"Polygon","coordinates":[[[7.072593,4.826715],[7.072539,4.826736],[7.072525,4.826701],[7.072459,4.826728],[7.072437,4.826672],[7.072558,4.826624],[7.072593,4.826715]]]}},{"type":"Feature","properties":{"h":3.0,"on_route":false},"geometry":{"type":"Polygon","coordinates":[[[7.075905,4.82617],[7.075774,4.826216],[7.075699,4.826003],[7.07583,4.825957],[7.075905,4.82617]]]}},{"type":"Feature","properties":{"h":3.0,"on_route":false},"geometry":{"type":"Polygon","coordinates":[[[7.071979,4.829814],[7.072066,4.82992],[7.072024,4.829954],[7.071938,4.829849],[7.071979,4.829814]]]}},{"type":"Feature","properties":{"h":3.0,"on_route":false},"geometry":{"type":"Polygon","coordinates":[[[7.075351,4.827045],[7.075163,4.827116],[7.075134,4.827041],[7.075323,4.826969],[7.075351,4.827045]]]}},{"type":"Feature","properties":{"h":3.0,"on_route":false},"geometry":{"type":"Polygon","coordinates":[[[7.07542,4.832165],[7.075437,4.832344],[7.075386,4.832349],[7.075369,4.83217],[7.07542,4.832165]]]}},{"type":"Feature","properties":{"h":3.0,"on_route":false},"geometry":{"type":"Polygon","coordinates":[[[7.072946,4.825563],[7.072909,4.825577],[7.072893,4.825534],[7.072931,4.82552],[7.072946,4.825563]]]}},{"type":"Feature","properties":{"h":3.0,"on_route":false},"geometry":{"type":"Polygon","coordinates":[[[7.069806,4.829205],[7.069799,4.829277],[7.069753,4.829273],[7.069759,4.829201],[7.069806,4.829205]]]}},{"type":"Feature","properties":{"h":3.0,"on_route":false},"geometry":{"type":"Polygon","coordinates":[[[7.074081,4.825694],[7.074042,4.825706],[7.074049,4.825732],[7.073987,4.825751],[7.073936,4.825577],[7.074037,4.825547],[7.074081,4.825694]]]}},{"type":"Feature","properties":{"h":3.0,"on_route":false},"geometry":{"type":"Polygon","coordinates":[[[7.075067,4.832808],[7.075051,4.832885],[7.074911,4.832856],[7.074926,4.832779],[7.075067,4.832808]]]}},{"type":"Feature","properties":{"h":3.0,"on_route":false},"geometry":{"type":"Polygon","coordinates":[[[7.074505,4.831979],[7.074496,4.832031],[7.07447,4.832027],[7.074479,4.831975],[7.074505,4.831979]]]}},{"type":"Feature","properties":{"h":3.0,"on_route":false},"geometry":{"type":"Polygon","coordinates":[[[7.072054,4.831463],[7.072052,4.831693],[7.071976,4.831692],[7.071978,4.831462],[7.072054,4.831463]]]}},{"type":"Feature","properties":{"h":3.0,"on_route":false},"geometry":{"type":"Polygon","coordinates":[[[7.070593,4.830072],[7.070493,4.830157],[7.070407,4.830054],[7.070508,4.82997],[7.070593,4.830072]]]}},{"type":"Feature","properties":{"h":3.0,"on_route":false},"geometry":{"type":"Polygon","coordinates":[[[7.076397,4.83264],[7.076383,4.832754],[7.076229,4.832736],[7.076243,4.832622],[7.076397,4.83264]]]}},{"type":"Feature","properties":{"h":3.0,"on_route":false},"geometry":{"type":"Polygon","coordinates":[[[7.074709,4.82526],[7.074477,4.825339],[7.074439,4.825226],[7.074671,4.825148],[7.074709,4.82526]]]}},{"type":"Feature","properties":{"h":3.0,"on_route":false},"geometry":{"type":"Polygon","coordinates":[[[7.074812,4.827363],[7.074731,4.827423],[7.074687,4.827362],[7.074658,4.827383],[7.074702,4.827444],[7.074622,4.827503],[7.074483,4.827312],[7.074673,4.827173],[7.074812,4.827363]]]}},{"type":"Feature","properties":{"h":3.0,"on_route":false},"geometry":{"type":"Polygon","coordinates":[[[7.071278,4.827902],[7.071221,4.827922],[7.071205,4.827878],[7.071262,4.827858],[7.071278,4.827902]]]}},{"type":"Feature","properties":{"h":3.0,"on_route":false},"geometry":{"type":"Polygon","coordinates":[[[7.071811,4.829042],[7.071711,4.829141],[7.071662,4.829091],[7.071763,4.828992],[7.071811,4.829042]]]}},{"type":"Feature","properties":{"h":3.0,"on_route":false},"geometry":{"type":"Polygon","coordinates":[[[7.071501,4.827672],[7.071432,4.827711],[7.07141,4.827672],[7.071438,4.827656],[7.07142,4.827624],[7.071462,4.827601],[7.071501,4.827672]]]}},{"type":"Feature","properties":{"h":3.0,"on_route":false},"geometry":{"type":"Polygon","coordinates":[[[7.076561,4.831349],[7.076585,4.831489],[7.076607,4.831485],[7.076622,4.831577],[7.076518,4.831594],[7.076479,4.831363],[7.076561,4.831349]]]}},{"type":"Feature","properties":{"h":3.0,"on_route":false},"geometry":{"type":"Polygon","coordinates":[[[7.076274,4.825694],[7.076197,4.825719],[7.076119,4.825475],[7.076197,4.82545],[7.076274,4.825694]]]}},{"type":"Feature","properties":{"h":3.0,"on_route":false},"geometry":{"type":"Polygon","coordinates":[[[7.075235,4.825545],[7.07517,4.825563],[7.075155,4.825511],[7.07522,4.825492],[7.075235,4.825545]]]}},{"type":"Feature","properties":{"h":3.0,"on_route":false},"geometry":{"type":"Polygon","coordinates":[[[7.074483,4.825424],[7.074518,4.825532],[7.074473,4.825546],[7.074438,4.825439],[7.074483,4.825424]]]}},{"type":"Feature","properties":{"h":3.0,"on_route":true},"geometry":{"type":"Polygon","coordinates":[[[7.072729,4.827577],[7.072631,4.827638],[7.072579,4.827553],[7.072677,4.827492],[7.072729,4.827577]]]}},{"type":"Feature","properties":{"h":3.0,"on_route":false},"geometry":{"type":"Polygon","coordinates":[[[7.073367,4.831523],[7.073369,4.83155],[7.073321,4.831553],[7.07332,4.831526],[7.073367,4.831523]]]}},{"type":"Feature","properties":{"h":3.0,"on_route":false},"geometry":{"type":"Polygon","coordinates":[[[7.071762,4.830837],[7.071694,4.830765],[7.071721,4.83074],[7.071762,4.830783],[7.071831,4.830716],[7.071858,4.830745],[7.071762,4.830837]]]}},{"type":"Feature","properties":{"h":3.0,"on_route":false},"geometry":{"type":"Polygon","coordinates":[[[7.072677,4.828755],[7.072591,4.828819],[7.072515,4.828715],[7.072544,4.828694],[7.072553,4.828706],[7.07261,4.828664],[7.072677,4.828755]]]}},{"type":"Feature","properties":{"h":3.0,"on_route":false},"geometry":{"type":"Polygon","coordinates":[[[7.073701,4.825613],[7.073575,4.825669],[7.073553,4.825618],[7.073678,4.825561],[7.073701,4.825613]]]}},{"type":"Feature","properties":{"h":3.0,"on_route":false},"geometry":{"type":"Polygon","coordinates":[[[7.075054,4.825982],[7.07497,4.826012],[7.074918,4.825862],[7.075002,4.825832],[7.075054,4.825982]]]}},{"type":"Feature","properties":{"h":3.0,"on_route":false},"geometry":{"type":"Polygon","coordinates":[[[7.072386,4.831152],[7.072379,4.831263],[7.072292,4.831257],[7.0723,4.831146],[7.072386,4.831152]]]}},{"type":"Feature","properties":{"h":3.0,"on_route":false},"geometry":{"type":"Polygon","coordinates":[[[7.072063,4.833042],[7.071929,4.833122],[7.071876,4.833032],[7.071896,4.83302],[7.07188,4.832994],[7.071861,4.833006],[7.071804,4.832911],[7.071938,4.832831],[7.072063,4.833042]]]}},{"type":"Feature","properties":{"h":3.0,"on_route":false},"geometry":{"type":"Polygon","coordinates":[[[7.070222,4.827864],[7.070234,4.827931],[7.070166,4.827943],[7.070154,4.827877],[7.070222,4.827864]]]}},{"type":"Feature","properties":{"h":3.0,"on_route":false},"geometry":{"type":"Polygon","coordinates":[[[7.073421,4.831909],[7.073399,4.831946],[7.073327,4.831902],[7.073349,4.831865],[7.073421,4.831909]]]}},{"type":"Feature","properties":{"h":3.0,"on_route":false},"geometry":{"type":"Polygon","coordinates":[[[7.071095,4.831286],[7.071099,4.831321],[7.071031,4.831329],[7.071027,4.831294],[7.071095,4.831286]]]}},{"type":"Feature","properties":{"h":3.0,"on_route":false},"geometry":{"type":"Polygon","coordinates":[[[7.071661,4.828498],[7.071584,4.828551],[7.071555,4.828509],[7.071632,4.828456],[7.071661,4.828498]]]}},{"type":"Feature","properties":{"h":3.0,"on_route":false},"geometry":{"type":"Polygon","coordinates":[[[7.074214,4.827664],[7.074178,4.827681],[7.074166,4.827654],[7.074034,4.827714],[7.074004,4.82765],[7.074117,4.827598],[7.074106,4.827573],[7.074161,4.827548],[7.074214,4.827664]]]}},{"type":"Feature","properties":{"h":3.0,"on_route":true},"geometry":{"type":"Polygon","coordinates":[[[7.072224,4.826278],[7.072174,4.826307],[7.072142,4.826251],[7.072193,4.826222],[7.072224,4.826278]]]}},{"type":"Feature","properties":{"h":3.0,"on_route":false},"geometry":{"type":"Polygon","coordinates":[[[7.070818,4.831038],[7.070799,4.831022],[7.070776,4.831049],[7.070723,4.831005],[7.070797,4.830917],[7.070869,4.830978],[7.070818,4.831038]]]}},{"type":"Feature","properties":{"h":3.0,"on_route":false},"geometry":{"type":"Polygon","coordinates":[[[7.075741,4.826222],[7.075623,4.826266],[7.075547,4.826064],[7.075664,4.82602],[7.075741,4.826222]]]}},{"type":"Feature","properties":{"h":3.0,"on_route":false},"geometry":{"type":"Polygon","coordinates":[[[7.070918,4.831024],[7.070865,4.831073],[7.070822,4.831027],[7.070875,4.830978],[7.070918,4.831024]]]}},{"type":"Feature","properties":{"h":3.0,"on_route":false},"geometry":{"type":"Polygon","coordinates":[[[7.070873,4.829679],[7.07084,4.829747],[7.070757,4.829707],[7.07079,4.829639],[7.070873,4.829679]]]}},{"type":"Feature","properties":{"h":3.0,"on_route":false},"geometry":{"type":"Polygon","coordinates":[[[7.075566,4.825904],[7.075474,4.825932],[7.075457,4.825875],[7.075487,4.825866],[7.075474,4.825823],[7.075536,4.825804],[7.075566,4.825904]]]}},{"type":"Feature","properties":{"h":3.0,"on_route":false},"geometry":{"type":"Polygon","coordinates":[[[7.073962,4.825297],[7.073874,4.825324],[7.073836,4.825201],[7.073924,4.825174],[7.073962,4.825297]]]}},{"type":"Feature","properties":{"h":3.0,"on_route":false},"geometry":{"type":"Polygon","coordinates":[[[7.07089,4.831183],[7.070816,4.831221],[7.070794,4.831176],[7.070868,4.831138],[7.07089,4.831183]]]}},{"type":"Feature","properties":{"h":3.0,"on_route":false},"geometry":{"type":"Polygon","coordinates":[[[7.073736,4.828196],[7.073626,4.828277],[7.073579,4.828214],[7.073689,4.828132],[7.073736,4.828196]]]}},{"type":"Feature","properties":{"h":3.0,"on_route":false},"geometry":{"type":"Polygon","coordinates":[[[7.074151,4.82731],[7.074076,4.827335],[7.074058,4.827278],[7.074133,4.827253],[7.074151,4.82731]]]}},{"type":"Feature","properties":{"h":3.0,"on_route":false},"geometry":{"type":"Polygon","coordinates":[[[7.070226,4.828638],[7.070208,4.828729],[7.069959,4.828678],[7.069977,4.828587],[7.070226,4.828638]]]}},{"type":"Feature","properties":{"h":3.0,"on_route":false},"geometry":{"type":"Polygon","coordinates":[[[7.075532,4.826169],[7.07542,4.826199],[7.07538,4.82605],[7.075491,4.82602],[7.075532,4.826169]]]}},{"type":"Feature","properties":{"h":3.0,"on_route":false},"geometry":{"type":"Polygon","coordinates":[[[7.070561,4.832277],[7.07045,4.832303],[7.070435,4.83224],[7.070547,4.832214],[7.070561,4.832277]]]}},{"type":"Feature","properties":{"h":3.0,"on_route":false},"geometry":{"type":"Polygon","coordinates":[[[7.071835,4.833191],[7.071781,4.833234],[7.0717,4.833132],[7.071753,4.833089],[7.071835,4.833191]]]}},{"type":"Feature","properties":{"h":3.0,"on_route":false},"geometry":{"type":"Polygon","coordinates":[[[7.07354,4.828054],[7.073478,4.828096],[7.073396,4.827975],[7.073458,4.827933],[7.07354,4.828054]]]}},{"type":"Feature","properties":{"h":3.0,"on_route":false},"geometry":{"type":"Polygon","coordinates":[[[7.072973,4.831571],[7.072966,4.831686],[7.072848,4.831679],[7.072855,4.831564],[7.072973,4.831571]]]}},{"type":"Feature","properties":{"h":3.0,"on_route":false},"geometry":{"type":"Polygon","coordinates":[[[7.07032,4.829737],[7.070248,4.829708],[7.070276,4.82964],[7.070309,4.829654],[7.070324,4.829617],[7.070363,4.829632],[7.07032,4.829737]]]}},{"type":"Feature","properties":{"h":3.0,"on_route":false},"geometry":{"type":"Polygon","coordinates":[[[7.072572,4.828854],[7.072531,4.828888],[7.072443,4.82878],[7.072484,4.828746],[7.072572,4.828854]]]}},{"type":"Feature","properties":{"h":3.0,"on_route":false},"geometry":{"type":"Polygon","coordinates":[[[7.073584,4.825718],[7.073542,4.825732],[7.073533,4.825706],[7.073474,4.825726],[7.073451,4.825657],[7.073552,4.825624],[7.073584,4.825718]]]}},{"type":"Feature","properties":{"h":3.0,"on_route":false},"geometry":{"type":"Polygon","coordinates":[[[7.071552,4.829183],[7.071476,4.829258],[7.07129,4.829067],[7.071366,4.828993],[7.071552,4.829183]]]}},{"type":"Feature","properties":{"h":3.0,"on_route":false},"geometry":{"type":"Polygon","coordinates":[[[7.07497,4.832527],[7.07493,4.83253],[7.074928,4.832508],[7.074969,4.832505],[7.07497,4.832527]]]}},{"type":"Feature","properties":{"h":3.0,"on_route":false},"geometry":{"type":"Polygon","coordinates":[[[7.070755,4.8325],[7.070752,4.83262],[7.07066,4.832618],[7.070663,4.832497],[7.070755,4.8325]]]}},{"type":"Feature","properties":{"h":3.0,"on_route":false},"geometry":{"type":"Polygon","coordinates":[[[7.071396,4.827435],[7.071383,4.827505],[7.07122,4.827474],[7.071233,4.827405],[7.071396,4.827435]]]}},{"type":"Feature","properties":{"h":3.0,"on_route":false},"geometry":{"type":"Polygon","coordinates":[[[7.070847,4.826161],[7.070787,4.826212],[7.070698,4.826106],[7.070758,4.826055],[7.070847,4.826161]]]}},{"type":"Feature","properties":{"h":3.0,"on_route":false},"geometry":{"type":"Polygon","coordinates":[[[7.073436,4.833087],[7.073372,4.833097],[7.073376,4.833119],[7.07332,4.833128],[7.073283,4.832896],[7.073402,4.832876],[7.073436,4.833087]]]}},{"type":"Feature","properties":{"h":3.0,"on_route":false},"geometry":{"type":"Polygon","coordinates":[[[7.070173,4.830053],[7.070192,4.830118],[7.070138,4.830134],[7.070118,4.83007],[7.070173,4.830053]]]}},{"type":"Feature","properties":{"h":3.0,"on_route":false},"geometry":{"type":"Polygon","coordinates":[[[7.073094,4.827636],[7.072981,4.827732],[7.072952,4.827697],[7.073065,4.827602],[7.073094,4.827636]]]}},{"type":"Feature","properties":{"h":3.0,"on_route":false},"geometry":{"type":"Polygon","coordinates":[[[7.075831,4.826262],[7.075706,4.826308],[7.075686,4.826253],[7.075811,4.826207],[7.075831,4.826262]]]}},{"type":"Feature","properties":{"h":3.0,"on_route":false},"geometry":{"type":"Polygon","coordinates":[[[7.070444,4.830594],[7.070341,4.830492],[7.070491,4.830339],[7.070594,4.83044],[7.070444,4.830594]]]}},{"type":"Feature","properties":{"h":3.0,"on_route":false},"geometry":{"type":"Polygon","coordinates":[[[7.070746,4.829704],[7.070696,4.829783],[7.070656,4.829757],[7.070706,4.829679],[7.070746,4.829704]]]}},{"type":"Feature","properties":{"h":3.0,"on_route":false},"geometry":{"type":"Polygon","coordinates":[[[7.07629,4.83151],[7.076196,4.83152],[7.076189,4.83146],[7.076283,4.83145],[7.07629,4.83151]]]}},{"type":"Feature","properties":{"h":3.0,"on_route":false},"geometry":{"type":"Polygon","coordinates":[[[7.073273,4.824948],[7.073183,4.824988],[7.073104,4.824809],[7.073194,4.82477],[7.073273,4.824948]]]}},{"type":"Feature","properties":{"h":3.0,"on_route":false},"geometry":{"type":"Polygon","coordinates":[[[7.073466,4.833171],[7.07346,4.833216],[7.073421,4.83321],[7.073427,4.833165],[7.073466,4.833171]]]}},{"type":"Feature","properties":{"h":3.0,"on_route":false},"geometry":{"type":"Polygon","coordinates":[[[7.070384,4.82925],[7.070381,4.829306],[7.070328,4.829303],[7.070331,4.829247],[7.070384,4.82925]]]}},{"type":"Feature","properties":{"h":3.0,"on_route":false},"geometry":{"type":"Polygon","coordinates":[[[7.07298,4.831464],[7.072973,4.831571],[7.072933,4.831569],[7.072937,4.831498],[7.072911,4.831496],[7.072907,4.831567],[7.072705,4.831554],[7.072712,4.831447],[7.07298,4.831464]]]}},{"type":"Feature","properties":{"h":3.0,"on_route":false},"geometry":{"type":"Polygon","coordinates":[[[7.073114,4.825329],[7.073012,4.825363],[7.07294,4.825148],[7.073042,4.825114],[7.073114,4.825329]]]}},{"type":"Feature","properties":{"h":3.0,"on_route":false},"geometry":{"type":"Polygon","coordinates":[[[7.07055,4.826748],[7.070401,4.826948],[7.070348,4.826908],[7.070498,4.826709],[7.07055,4.826748]]]}},{"type":"Feature","properties":{"h":3.0,"on_route":false},"geometry":{"type":"Polygon","coordinates":[[[7.076866,4.831441],[7.076826,4.831499],[7.07675,4.831448],[7.07679,4.831389],[7.076866,4.831441]]]}},{"type":"Feature","properties":{"h":3.0,"on_route":false},"geometry":{"type":"Polygon","coordinates":[[[7.073225,4.831473],[7.073221,4.831577],[7.073028,4.83157],[7.073032,4.831465],[7.073225,4.831473]]]}},{"type":"Feature","properties":{"h":3.0,"on_route":false},"geometry":{"type":"Polygon","coordinates":[[[7.071281,4.830348],[7.071244,4.830365],[7.07123,4.830333],[7.071267,4.830317],[7.071281,4.830348]]]}},{"type":"Feature","properties":{"h":3.0,"on_route":false},"geometry":{"type":"Polygon","coordinates":[[[7.071176,4.828729],[7.07107,4.828759],[7.071065,4.828741],[7.071039,4.828749],[7.071006,4.828635],[7.071139,4.828597],[7.071176,4.828729]]]}},{"type":"Feature","properties":{"h":3.0,"on_route":false},"geometry":{"type":"Polygon","coordinates":[[[7.070348,4.827967],[7.07034,4.828064],[7.070192,4.828052],[7.0702,4.827956],[7.070348,4.827967]]]}},{"type":"Feature","properties":{"h":3.0,"on_route":false},"geometry":{"type":"Polygon","coordinates":[[[7.070969,4.829926],[7.070933,4.829998],[7.070888,4.829976],[7.070924,4.829903],[7.070969,4.829926]]]}},{"type":"Feature","properties":{"h":3.0,"on_route":false},"geometry":{"type":"Polygon","coordinates":[[[7.074065,4.825184],[7.074001,4.825204],[7.073977,4.825128],[7.074042,4.825108],[7.074065,4.825184]]]}},{"type":"Feature","properties":{"h":3.0,"on_route":false},"geometry":{"type":"Polygon","coordinates":[[[7.072186,4.832629],[7.072138,4.832658],[7.072085,4.832569],[7.072133,4.83254],[7.072186,4.832629]]]}},{"type":"Feature","properties":{"h":3.0,"on_route":false},"geometry":{"type":"Polygon","coordinates":[[[7.071031,4.831624],[7.070899,4.83164],[7.070892,4.831582],[7.070908,4.83158],[7.070903,4.83154],[7.071018,4.831526],[7.071031,4.831624]]]}},{"type":"Feature","properties":{"h":3.0,"on_route":false},"geometry":{"type":"Polygon","coordinates":[[[7.0717,4.828678],[7.071651,4.82871],[7.071597,4.828629],[7.071646,4.828597],[7.0717,4.828678]]]}},{"type":"Feature","properties":{"h":3.0,"on_route":false},"geometry":{"type":"Polygon","coordinates":[[[7.072635,4.826438],[7.07259,4.826473],[7.0725,4.826357],[7.072545,4.826322],[7.072635,4.826438]]]}},{"type":"Feature","properties":{"h":3.0,"on_route":false},"geometry":{"type":"Polygon","coordinates":[[[7.07274,4.831296],[7.072732,4.831404],[7.072559,4.831391],[7.072568,4.831283],[7.07274,4.831296]]]}},{"type":"Feature","properties":{"h":3.0,"on_route":false},"geometry":{"type":"Polygon","coordinates":[[[7.071421,4.831569],[7.071424,4.831611],[7.071364,4.831616],[7.07136,4.831574],[7.071421,4.831569]]]}},{"type":"Feature","properties":{"h":3.0,"on_route":false},"geometry":{"type":"Polygon","coordinates":[[[7.072554,4.825281],[7.072542,4.825486],[7.07248,4.825482],[7.072492,4.825278],[7.072554,4.825281]]]}},{"type":"Feature","properties":{"h":3.0,"on_route":false},"geometry":{"type":"Polygon","coordinates":[[[7.072109,4.828123],[7.072017,4.828178],[7.071966,4.828091],[7.072058,4.828037],[7.072109,4.828123]]]}},{"type":"Feature","properties":{"h":3.0,"on_route":false},"geometry":{"type":"Polygon","coordinates":[[[7.069902,4.827897],[7.069887,4.827977],[7.069828,4.827966],[7.069843,4.827886],[7.069902,4.827897]]]}},{"type":"Feature","properties":{"h":3.0,"on_route":false},"geometry":{"type":"Polygon","coordinates":[[[7.075975,4.832833],[7.075956,4.832932],[7.075904,4.832922],[7.075923,4.832822],[7.075975,4.832833]]]}},{"type":"Feature","properties":{"h":3.0,"on_route":false},"geometry":{"type":"Polygon","coordinates":[[[7.070256,4.827348],[7.070243,4.827449],[7.070104,4.827432],[7.070117,4.82733],[7.070256,4.827348]]]}},{"type":"Feature","properties":{"h":3.0,"on_route":false},"geometry":{"type":"Polygon","coordinates":[[[7.073015,4.826262],[7.072914,4.826317],[7.072825,4.82615],[7.072925,4.826096],[7.073015,4.826262]]]}},{"type":"Feature","properties":{"h":3.0,"on_route":false},"geometry":{"type":"Polygon","coordinates":[[[7.075101,4.833054],[7.075099,4.833144],[7.075019,4.833142],[7.075022,4.833052],[7.075101,4.833054]]]}},{"type":"Feature","properties":{"h":3.0,"on_route":false},"geometry":{"type":"Polygon","coordinates":[[[7.07625,4.825996],[7.076155,4.82603],[7.076096,4.825863],[7.076192,4.825829],[7.07625,4.825996]]]}},{"type":"Feature","properties":{"h":3.0,"on_route":false},"geometry":{"type":"Polygon","coordinates":[[[7.070028,4.827947],[7.069933,4.827977],[7.069866,4.827766],[7.069961,4.827736],[7.070028,4.827947]]]}},{"type":"Feature","properties":{"h":3.0,"on_route":false},"geometry":{"type":"Polygon","coordinates":[[[7.07624,4.828538],[7.076191,4.82857],[7.076208,4.828594],[7.076144,4.828637],[7.076128,4.828613],[7.076089,4.828639],[7.075996,4.828501],[7.076147,4.828399],[7.07624,4.828538]]]}},{"type":"Feature","properties":{"h":3.0,"on_route":false},"geometry":{"type":"Polygon","coordinates":[[[7.075563,4.827935],[7.075466,4.827994],[7.075416,4.827911],[7.075513,4.827852],[7.075563,4.827935]]]}},{"type":"Feature","properties":{"h":3.0,"on_route":false},"geometry":{"type":"Polygon","coordinates":[[[7.074919,4.832773],[7.074903,4.832855],[7.07485,4.832845],[7.074867,4.832762],[7.074919,4.832773]]]}},{"type":"Feature","properties":{"h":3.0,"on_route":false},"geometry":{"type":"Polygon","coordinates":[[[7.074746,4.826429],[7.074657,4.826466],[7.074598,4.82632],[7.074687,4.826284],[7.074746,4.826429]]]}},{"type":"Feature","properties":{"h":3.0,"on_route":false},"geometry":{"type":"Polygon","coordinates":[[[7.073002,4.831092],[7.07296,4.831148],[7.072918,4.831116],[7.07296,4.83106],[7.073002,4.831092]]]}},{"type":"Feature","properties":{"h":3.0,"on_route":false},"geometry":{"type":"Polygon","coordinates":[[[7.076275,4.826725],[7.076295,4.826796],[7.076245,4.826811],[7.076225,4.826739],[7.076275,4.826725]]]}},{"type":"Feature","properties":{"h":3.0,"on_route":false},"geometry":{"type":"Polygon","coordinates":[[[7.072468,4.833566],[7.07234,4.833714],[7.072167,4.833564],[7.072296,4.833416],[7.072468,4.833566]]]}},{"type":"Feature","properties":{"h":3.0,"on_route":false},"geometry":{"type":"Polygon","coordinates":[[[7.075583,4.826373],[7.075582,4.826405],[7.075557,4.826404],[7.075558,4.826372],[7.075583,4.826373]]]}},{"type":"Feature","properties":{"h":3.0,"on_route":false},"geometry":{"type":"Polygon","coordinates":[[[7.069856,4.82825],[7.069727,4.828231],[7.06974,4.828142],[7.069811,4.828152],[7.069818,4.828105],[7.069876,4.828113],[7.069856,4.82825]]]}},{"type":"Feature","properties":{"h":3.0,"on_route":false},"geometry":{"type":"Polygon","coordinates":[[[7.074174,4.826975],[7.074035,4.827021],[7.074013,4.826952],[7.074087,4.826928],[7.07405,4.826816],[7.074115,4.826795],[7.074174,4.826975]]]}},{"type":"Feature","properties":{"h":3.0,"on_route":false},"geometry":{"type":"Polygon","coordinates":[[[7.076306,4.826049],[7.076273,4.826061],[7.07625,4.825996],[7.076283,4.825985],[7.076306,4.826049]]]}},{"type":"Feature","properties":{"h":3.0,"on_route":false},"geometry":{"type":"Polygon","coordinates":[[[7.073792,4.827318],[7.07374,4.827335],[7.073711,4.827248],[7.073763,4.827231],[7.073792,4.827318]]]}},{"type":"Feature","properties":{"h":3.0,"on_route":false},"geometry":{"type":"Polygon","coordinates":[[[7.069611,4.830003],[7.0696,4.830128],[7.069525,4.830122],[7.069529,4.830077],[7.069562,4.83008],[7.069568,4.83],[7.069611,4.830003]]]}},{"type":"Feature","properties":{"h":3.0,"on_route":false},"geometry":{"type":"Polygon","coordinates":[[[7.071676,4.8304],[7.071611,4.830462],[7.071644,4.830496],[7.071729,4.830415],[7.071771,4.830458],[7.071641,4.830582],[7.071489,4.830422],[7.071598,4.830318],[7.071676,4.8304]]]}},{"type":"Feature","properties":{"h":3.0,"on_route":false},"geometry":{"type":"Polygon","coordinates":[[[7.070969,4.828631],[7.071017,4.82868],[7.070999,4.828697],[7.071086,4.828787],[7.071057,4.828815],[7.070923,4.828676],[7.070969,4.828631]]]}},{"type":"Feature","properties":{"h":3.0,"on_route":false},"geometry":{"type":"Polygon","coordinates":[[[7.071452,4.826407],[7.071371,4.82647],[7.071342,4.826434],[7.071424,4.82637],[7.071452,4.826407]]]}},{"type":"Feature","properties":{"h":3.0,"on_route":false},"geometry":{"type":"Polygon","coordinates":[[[7.076148,4.83308],[7.076146,4.833182],[7.075962,4.833178],[7.075964,4.833077],[7.076148,4.83308]]]}},{"type":"Feature","properties":{"h":3.0,"on_route":false},"geometry":{"type":"Polygon","coordinates":[[[7.074787,4.833169],[7.074778,4.833221],[7.074673,4.833201],[7.074682,4.83315],[7.074787,4.833169]]]}},{"type":"Feature","properties":{"h":3.0,"on_route":false},"geometry":{"type":"Polygon","coordinates":[[[7.069909,4.829682],[7.069908,4.829738],[7.069837,4.829738],[7.069837,4.829682],[7.069909,4.829682]]]}},{"type":"Feature","properties":{"h":3.0,"on_route":false},"geometry":{"type":"Polygon","coordinates":[[[7.070186,4.830663],[7.070152,4.83071],[7.070058,4.830643],[7.070092,4.830595],[7.070186,4.830663]]]}},{"type":"Feature","properties":{"h":3.0,"on_route":false},"geometry":{"type":"Polygon","coordinates":[[[7.072173,4.832013],[7.072014,4.832073],[7.071966,4.831949],[7.072124,4.831887],[7.072173,4.832013]]]}},{"type":"Feature","properties":{"h":3.0,"on_route":false},"geometry":{"type":"Polygon","coordinates":[[[7.074389,4.833107],[7.074318,4.833452],[7.074215,4.83343],[7.074287,4.833086],[7.074389,4.833107]]]}},{"type":"Feature","properties":{"h":3.0,"on_route":false},"geometry":{"type":"Polygon","coordinates":[[[7.069871,4.829378],[7.06979,4.829385],[7.069782,4.829292],[7.069863,4.829285],[7.069871,4.829378]]]}},{"type":"Feature","properties":{"h":3.0,"on_route":false},"geometry":{"type":"Polygon","coordinates":[[[7.076581,4.826556],[7.076606,4.826634],[7.076551,4.826651],[7.076526,4.826574],[7.076581,4.826556]]]}},{"type":"Feature","properties":{"h":3.0,"on_route":false},"geometry":{"type":"Polygon","coordinates":[[[7.071619,4.830771],[7.071517,4.830853],[7.071464,4.830787],[7.071566,4.830705],[7.071619,4.830771]]]}},{"type":"Feature","properties":{"h":3.0,"on_route":false},"geometry":{"type":"Polygon","coordinates":[[[7.074208,4.830946],[7.074192,4.831017],[7.074087,4.830995],[7.074103,4.830923],[7.074208,4.830946]]]}},{"type":"Feature","properties":{"h":3.0,"on_route":false},"geometry":{"type":"Polygon","coordinates":[[[7.075687,4.833087],[7.075636,4.833179],[7.075614,4.833166],[7.075592,4.833206],[7.075504,4.833157],[7.075577,4.833026],[7.075687,4.833087]]]}},{"type":"Feature","properties":{"h":3.0,"on_route":false},"geometry":{"type":"Polygon","coordinates":[[[7.070858,4.832423],[7.070863,4.832463],[7.070747,4.832477],[7.070742,4.832437],[7.070858,4.832423]]]}},{"type":"Feature","properties":{"h":3.0,"on_route":false},"geometry":{"type":"Polygon","coordinates":[[[7.070664,4.826198],[7.070635,4.82622],[7.07059,4.82616],[7.070619,4.826138],[7.070664,4.826198]]]}},{"type":"Feature","properties":{"h":3.0,"on_route":false},"geometry":{"type":"Polygon","coordinates":[[[7.072164,4.831464],[7.072163,4.83157],[7.072053,4.831569],[7.072054,4.831463],[7.072164,4.831464]]]}},{"type":"Feature","properties":{"h":3.0,"on_route":false},"geometry":{"type":"Polygon","coordinates":[[[7.072563,4.833151],[7.072496,4.833206],[7.072568,4.833295],[7.072489,4.833359],[7.072406,4.833257],[7.07239,4.83327],[7.072365,4.83324],[7.072527,4.833106],[7.072563,4.833151]]]}},{"type":"Feature","properties":{"h":3.0,"on_route":false},"geometry":{"type":"Polygon","coordinates":[[[7.072481,4.832576],[7.072369,4.832645],[7.072323,4.832569],[7.072434,4.832501],[7.072481,4.832576]]]}},{"type":"Feature","properties":{"h":3.0,"on_route":false},"geometry":{"type":"Polygon","coordinates":[[[7.070922,4.832755],[7.070903,4.83276],[7.070925,4.832838],[7.070868,4.832854],[7.070884,4.832913],[7.070801,4.832936],[7.070774,4.832838],[7.070823,4.832824],[7.070799,4.832739],[7.070909,4.832708],[7.070922,4.832755]]]}},{"type":"Feature","properties":{"h":3.0,"on_route":false},"geometry":{"type":"Polygon","coordinates":[[[7.071952,4.827388],[7.071858,4.827426],[7.071786,4.827249],[7.07188,4.827211],[7.071952,4.827388]]]}},{"type":"Feature","properties":{"h":3.0,"on_route":false},"geometry":{"type":"Polygon","coordinates":[[[7.073304,4.825055],[7.073182,4.825096],[7.073154,4.825012],[7.073276,4.824971],[7.073304,4.825055]]]}},{"type":"Feature","properties":{"h":3.0,"on_route":false},"geometry":{"type":"Polygon","coordinates":[[[7.074234,4.827554],[7.074175,4.827587],[7.074123,4.827494],[7.074182,4.827461],[7.074234,4.827554]]]}},{"type":"Feature","properties":{"h":3.0,"on_route":false},"geometry":{"type":"Polygon","coordinates":[[[7.071249,4.833058],[7.071174,4.833064],[7.071168,4.833002],[7.071244,4.832996],[7.071249,4.833058]]]}},{"type":"Feature","properties":{"h":3.0,"on_route":false},"geometry":{"type":"Polygon","coordinates":[[[7.072145,4.830346],[7.072064,4.830415],[7.07198,4.830316],[7.072062,4.830247],[7.072145,4.830346]]]}},{"type":"Feature","properties":{"h":3.0,"on_route":false},"geometry":{"type":"Polygon","coordinates":[[[7.070058,4.830058],[7.070047,4.830172],[7.069837,4.830152],[7.069848,4.830039],[7.070058,4.830058]]]}},{"type":"Feature","properties":{"h":3.0,"on_route":false},"geometry":{"type":"Polygon","coordinates":[[[7.071275,4.830746],[7.07122,4.830798],[7.070966,4.830528],[7.071021,4.830476],[7.071275,4.830746]]]}},{"type":"Feature","properties":{"h":3.0,"on_route":false},"geometry":{"type":"Polygon","coordinates":[[[7.072151,4.830046],[7.072072,4.830112],[7.072012,4.830041],[7.072092,4.829974],[7.072151,4.830046]]]}},{"type":"Feature","properties":{"h":3.0,"on_route":false},"geometry":{"type":"Polygon","coordinates":[[[7.07007,4.827955],[7.070068,4.828003],[7.070025,4.828001],[7.070028,4.827952],[7.07007,4.827955]]]}},{"type":"Feature","properties":{"h":3.0,"on_route":false},"geometry":{"type":"Polygon","coordinates":[[[7.070345,4.831588],[7.070344,4.831684],[7.070258,4.831683],[7.070258,4.831587],[7.070345,4.831588]]]}},{"type":"Feature","properties":{"h":3.0,"on_route":false},"geometry":{"type":"Polygon","coordinates":[[[7.07196,4.831541],[7.071896,4.83155],[7.071886,4.831475],[7.07195,4.831466],[7.07196,4.831541]]]}},{"type":"Feature","properties":{"h":3.0,"on_route":false},"geometry":{"type":"Polygon","coordinates":[[[7.073777,4.826221],[7.073713,4.826239],[7.073699,4.826186],[7.073762,4.826169],[7.073777,4.826221]]]}},{"type":"Feature","properties":{"h":3.0,"on_route":false},"geometry":{"type":"Polygon","coordinates":[[[7.076021,4.826129],[7.075905,4.82617],[7.075855,4.826028],[7.075971,4.825987],[7.076021,4.826129]]]}},{"type":"Feature","properties":{"h":3.0,"on_route":false},"geometry":{"type":"Polygon","coordinates":[[[7.074026,4.833422],[7.073853,4.833427],[7.07385,4.833306],[7.074023,4.833301],[7.074026,4.833422]]]}},{"type":"Feature","properties":{"h":3.0,"on_route":false},"geometry":{"type":"Polygon","coordinates":[[[7.074439,4.833748],[7.074421,4.833831],[7.074234,4.833788],[7.074253,4.833705],[7.074439,4.833748]]]}},{"type":"Feature","properties":{"h":3.0,"on_route":false},"geometry":{"type":"Polygon","coordinates":[[[7.071238,4.833259],[7.071197,4.833259],[7.071197,4.833221],[7.071238,4.833221],[7.071238,4.833259]]]}},{"type":"Feature","properties":{"h":3.0,"on_route":false},"geometry":{"type":"Polygon","coordinates":[[[7.072978,4.829949],[7.072825,4.830138],[7.072739,4.830068],[7.072881,4.829893],[7.072907,4.829915],[7.072919,4.829901],[7.072978,4.829949]]]}},{"type":"Feature","properties":{"h":3.0,"on_route":false},"geometry":{"type":"Polygon","coordinates":[[[7.07163,4.831476],[7.071595,4.831489],[7.071584,4.831459],[7.07162,4.831447],[7.07163,4.831476]]]}},{"type":"Feature","properties":{"h":3.0,"on_route":true},"geometry":{"type":"Polygon","coordinates":[[[7.072013,4.826667],[7.071958,4.826687],[7.071943,4.826646],[7.071999,4.826627],[7.072013,4.826667]]]}},{"type":"Feature","properties":{"h":3.0,"on_route":true},"geometry":{"type":"Polygon","coordinates":[[[7.07308,4.828344],[7.072911,4.828484],[7.072859,4.828421],[7.073029,4.828281],[7.07308,4.828344]]]}},{"type":"Feature","properties":{"h":3.0,"on_route":false},"geometry":{"type":"Polygon","coordinates":[[[7.071863,4.828134],[7.071812,4.828156],[7.071797,4.82812],[7.071848,4.828098],[7.071863,4.828134]]]}},{"type":"Feature","properties":{"h":3.0,"on_route":false},"geometry":{"type":"Polygon","coordinates":[[[7.071658,4.83013],[7.071875,4.830391],[7.07184,4.830421],[7.071623,4.83016],[7.071658,4.83013]]]}},{"type":"Feature","properties":{"h":3.0,"on_route":false},"geometry":{"type":"Polygon","coordinates":[[[7.074656,4.832494],[7.074615,4.832661],[7.074513,4.832636],[7.074554,4.832469],[7.074656,4.832494]]]}},{"type":"Feature","properties":{"h":3.0,"on_route":false},"geometry":{"type":"Polygon","coordinates":[[[7.073235,4.833778],[7.073221,4.833958],[7.073147,4.833952],[7.073162,4.833772],[7.073235,4.833778]]]}},{"type":"Feature","properties":{"h":3.0,"on_route":false},"geometry":{"type":"Polygon","coordinates":[[[7.070149,4.827444],[7.070143,4.827495],[7.070079,4.827487],[7.070085,4.827436],[7.070149,4.827444]]]}},{"type":"Feature","properties":{"h":3.0,"on_route":false},"geometry":{"type":"Polygon","coordinates":[[[7.073132,4.827723],[7.073032,4.827804],[7.072983,4.827743],[7.073084,4.827662],[7.073132,4.827723]]]}},{"type":"Feature","properties":{"h":3.0,"on_route":false},"geometry":{"type":"Polygon","coordinates":[[[7.073732,4.833708],[7.073727,4.833823],[7.073664,4.83382],[7.073667,4.833761],[7.073645,4.83376],[7.073648,4.833703],[7.073732,4.833708]]]}},{"type":"Feature","properties":{"h":3.0,"on_route":false},"geometry":{"type":"Polygon","coordinates":[[[7.073815,4.832848],[7.073782,4.832854],[7.073778,4.832833],[7.073722,4.832843],[7.073708,4.832771],[7.073798,4.832755],[7.073815,4.832848]]]}},{"type":"Feature","properties":{"h":3.0,"on_route":false},"geometry":{"type":"Polygon","coordinates":[[[7.072522,4.832496],[7.072462,4.832531],[7.072436,4.832487],[7.072418,4.832497],[7.072352,4.832383],[7.072429,4.832337],[7.072522,4.832496]]]}},{"type":"Feature","properties":{"h":3.0,"on_route":false},"geometry":{"type":"Polygon","coordinates":[[[7.073011,4.832022],[7.072928,4.83203],[7.072916,4.831899],[7.072999,4.831891],[7.073011,4.832022]]]}},{"type":"Feature","properties":{"h":3.0,"on_route":false},"geometry":{"type":"Polygon","coordinates":[[[7.070627,4.829489],[7.070583,4.829621],[7.070472,4.829585],[7.070517,4.829452],[7.070627,4.829489]]]}},{"type":"Feature","properties":{"h":3.0,"on_route":false},"geometry":{"type":"Polygon","coordinates":[[[7.073342,4.831756],[7.073307,4.831844],[7.073198,4.8318],[7.073218,4.831749],[7.073248,4.831761],[7.073263,4.831724],[7.073342,4.831756]]]}},{"type":"Feature","properties":{"h":3.0,"on_route":false},"geometry":{"type":"Polygon","coordinates":[[[7.071551,4.831865],[7.071366,4.831885],[7.071356,4.831787],[7.07154,4.831767],[7.071551,4.831865]]]}},{"type":"Feature","properties":{"h":3.0,"on_route":false},"geometry":{"type":"Polygon","coordinates":[[[7.076502,4.825882],[7.076404,4.825914],[7.076355,4.82576],[7.076453,4.825728],[7.076502,4.825882]]]}},{"type":"Feature","properties":{"h":3.0,"on_route":false},"geometry":{"type":"Polygon","coordinates":[[[7.076206,4.826175],[7.076111,4.826209],[7.076087,4.826141],[7.076182,4.826108],[7.076206,4.826175]]]}},{"type":"Feature","properties":{"h":3.0,"on_route":false},"geometry":{"type":"Polygon","coordinates":[[[7.072762,4.825037],[7.072774,4.82506],[7.072791,4.825051],[7.072812,4.825093],[7.072766,4.825117],[7.072732,4.825052],[7.072762,4.825037]]]}},{"type":"Feature","properties":{"h":3.0,"on_route":false},"geometry":{"type":"Polygon","coordinates":[[[7.07687,4.831884],[7.07685,4.832036],[7.076753,4.832023],[7.076773,4.831871],[7.07687,4.831884]]]}},{"type":"Feature","properties":{"h":3.0,"on_route":false},"geometry":{"type":"Polygon","coordinates":[[[7.074582,4.825948],[7.074442,4.825987],[7.074423,4.825917],[7.074481,4.825901],[7.074446,4.825776],[7.074527,4.825753],[7.074582,4.825948]]]}},{"type":"Feature","properties":{"h":3.0,"on_route":false},"geometry":{"type":"Polygon","coordinates":[[[7.07048,4.831335],[7.070475,4.83141],[7.070391,4.831406],[7.070395,4.831331],[7.07048,4.831335]]]}},{"type":"Feature","properties":{"h":3.0,"on_route":false},"geometry":{"type":"Polygon","coordinates":[[[7.070986,4.832875],[7.070943,4.832881],[7.070937,4.832839],[7.070981,4.832833],[7.070986,4.832875]]]}},{"type":"Feature","properties":{"h":3.0,"on_route":false},"geometry":{"type":"Polygon","coordinates":[[[7.07017,4.827219],[7.070383,4.827267],[7.070363,4.827352],[7.07015,4.827305],[7.07017,4.827219]]]}},{"type":"Feature","properties":{"h":3.0,"on_route":false},"geometry":{"type":"Polygon","coordinates":[[[7.072044,4.83123],[7.071981,4.83127],[7.071927,4.831184],[7.071991,4.831144],[7.072044,4.83123]]]}},{"type":"Feature","properties":{"h":3.0,"on_route":false},"geometry":{"type":"Polygon","coordinates":[[[7.073736,4.834121],[7.073606,4.834152],[7.073587,4.834075],[7.073664,4.834056],[7.073643,4.83397],[7.073696,4.833957],[7.073736,4.834121]]]}},{"type":"Feature","properties":{"h":3.0,"on_route":false},"geometry":{"type":"Polygon","coordinates":[[[7.071638,4.831067],[7.07155,4.831095],[7.071485,4.830897],[7.071573,4.830868],[7.071638,4.831067]]]}},{"type":"Feature","properties":{"h":3.0,"on_route":false},"geometry":{"type":"Polygon","coordinates":[[[7.074123,4.8283],[7.074084,4.828326],[7.074069,4.828305],[7.074108,4.828279],[7.074123,4.8283]]]}},{"type":"Feature","properties":{"h":3.0,"on_route":false},"geometry":{"type":"Polygon","coordinates":[[[7.075714,4.82678],[7.075675,4.826791],[7.075655,4.826725],[7.075694,4.826713],[7.075714,4.82678]]]}},{"type":"Feature","properties":{"h":3.0,"on_route":false},"geometry":{"type":"Polygon","coordinates":[[[7.075564,4.826871],[7.075583,4.82693],[7.075537,4.826945],[7.075518,4.826886],[7.075564,4.826871]]]}},{"type":"Feature","properties":{"h":3.0,"on_route":false},"geometry":{"type":"Polygon","coordinates":[[[7.074637,4.827101],[7.074586,4.827139],[7.074562,4.827108],[7.074525,4.827136],[7.074483,4.827078],[7.074571,4.827012],[7.074637,4.827101]]]}},{"type":"Feature","properties":{"h":3.0,"on_route":false},"geometry":{"type":"Polygon","coordinates":[[[7.070678,4.830268],[7.070633,4.830315],[7.070573,4.830257],[7.070619,4.83021],[7.070678,4.830268]]]}},{"type":"Feature","properties":{"h":3.0,"on_route":false},"geometry":{"type":"Polygon","coordinates":[[[7.07098,4.832415],[7.070972,4.832399],[7.07096,4.832405],[7.070922,4.832333],[7.071048,4.832267],[7.071074,4.832316],[7.071106,4.832299],[7.071127,4.832339],[7.07098,4.832415]]]}},{"type":"Feature","properties":{"h":3.0,"on_route":false},"geometry":{"type":"Polygon","coordinates":[[[7.069543,4.828073],[7.06953,4.828167],[7.069373,4.828144],[7.069387,4.82805],[7.069543,4.828073]]]}},{"type":"Feature","properties":{"h":3.0,"on_route":false},"geometry":{"type":"Polygon","coordinates":[[[7.075537,4.832352],[7.07546,4.832357],[7.075453,4.832216],[7.07553,4.832212],[7.075537,4.832352]]]}},{"type":"Feature","properties":{"h":3.0,"on_route":false},"geometry":{"type":"Polygon","coordinates":[[[7.073386,4.825465],[7.073454,4.825637],[7.073411,4.825654],[7.073344,4.825482],[7.073386,4.825465]]]}},{"type":"Feature","properties":{"h":3.0,"on_route":false},"geometry":{"type":"Polygon","coordinates":[[[7.070448,4.829787],[7.070432,4.829831],[7.070373,4.82981],[7.070388,4.829766],[7.070448,4.829787]]]}},{"type":"Feature","properties":{"h":3.0,"on_route":true},"geometry":{"type":"Polygon","coordinates":[[[7.072735,4.827328],[7.072642,4.827388],[7.072562,4.827265],[7.072655,4.827204],[7.072735,4.827328]]]}},{"type":"Feature","properties":{"h":3.0,"on_route":false},"geometry":{"type":"Polygon","coordinates":[[[7.071988,4.828301],[7.071807,4.828449],[7.07174,4.828365],[7.07192,4.828217],[7.071988,4.828301]]]}},{"type":"Feature","properties":{"h":3.0,"on_route":false},"geometry":{"type":"Polygon","coordinates":[[[7.0744,4.832753],[7.074396,4.832792],[7.074325,4.832785],[7.074329,4.832745],[7.0744,4.832753]]]}},{"type":"Feature","properties":{"h":3.0,"on_route":false},"geometry":{"type":"Polygon","coordinates":[[[7.074531,4.824826],[7.074549,4.8249],[7.074532,4.824904],[7.074526,4.824881],[7.074499,4.824888],[7.074487,4.824837],[7.074531,4.824826]]]}},{"type":"Feature","properties":{"h":3.0,"on_route":false},"geometry":{"type":"Polygon","coordinates":[[[7.071395,4.83299],[7.071301,4.832999],[7.071292,4.832899],[7.071386,4.83289],[7.071395,4.83299]]]}},{"type":"Feature","properties":{"h":3.0,"on_route":false},"geometry":{"type":"Polygon","coordinates":[[[7.070804,4.826272],[7.070775,4.826313],[7.070675,4.826244],[7.070703,4.826202],[7.070804,4.826272]]]}},{"type":"Feature","properties":{"h":3.0,"on_route":false},"geometry":{"type":"Polygon","coordinates":[[[7.073469,4.833316],[7.073463,4.833355],[7.073413,4.833347],[7.073419,4.833309],[7.073469,4.833316]]]}},{"type":"Feature","properties":{"h":3.0,"on_route":false},"geometry":{"type":"Polygon","coordinates":[[[7.070809,4.827626],[7.070724,4.827674],[7.070656,4.827554],[7.070673,4.827545],[7.070661,4.827525],[7.07073,4.827486],[7.070809,4.827626]]]}},{"type":"Feature","properties":{"h":3.0,"on_route":false},"geometry":{"type":"Polygon","coordinates":[[[7.076271,4.826708],[7.07622,4.826722],[7.076192,4.826622],[7.076243,4.826607],[7.076271,4.826708]]]}},{"type":"Feature","properties":{"h":3.0,"on_route":false},"geometry":{"type":"Polygon","coordinates":[[[7.076092,4.826416],[7.075974,4.826457],[7.075933,4.826341],[7.075914,4.826347],[7.075901,4.826309],[7.076038,4.826261],[7.076092,4.826416]]]}},{"type":"Feature","properties":{"h":3.0,"on_route":false},"geometry":{"type":"Polygon","coordinates":[[[7.070587,4.832616],[7.070535,4.832614],[7.070534,4.832646],[7.070614,4.832648],[7.070611,4.83277],[7.070531,4.832768],[7.070532,4.83274],[7.070437,4.832738],[7.070439,4.832679],[7.07048,4.83268],[7.070483,4.832536],[7.070589,4.832539],[7.070587,4.832616]]]}},{"type":"Feature","properties":{"h":3.0,"on_route":false},"geometry":{"type":"Polygon","coordinates":[[[7.076541,4.831621],[7.076551,4.831678],[7.0765,4.831687],[7.07649,4.831629],[7.076541,4.831621]]]}},{"type":"Feature","properties":{"h":3.0,"on_route":false},"geometry":{"type":"Polygon","coordinates":[[[7.069939,4.828205],[7.069932,4.828251],[7.069881,4.828245],[7.069887,4.828198],[7.069939,4.828205]]]}},{"type":"Feature","properties":{"h":3.0,"on_route":false},"geometry":{"type":"Polygon","coordinates":[[[7.071271,4.826526],[7.071196,4.826601],[7.071129,4.826534],[7.071203,4.826459],[7.071271,4.826526]]]}},{"type":"Feature","properties":{"h":3.0,"on_route":false},"geometry":{"type":"Polygon","coordinates":[[[7.075578,4.831906],[7.075574,4.831975],[7.075489,4.83197],[7.075494,4.8319],[7.075578,4.831906]]]}},{"type":"Feature","properties":{"h":3.0,"on_route":false},"geometry":{"type":"Polygon","coordinates":[[[7.074779,4.832831],[7.074768,4.832893],[7.074661,4.832876],[7.074671,4.832814],[7.074779,4.832831]]]}},{"type":"Feature","properties":{"h":3.0,"on_route":false},"geometry":{"type":"Polygon","coordinates":[[[7.076585,4.832277],[7.076556,4.832407],[7.076303,4.832351],[7.076332,4.83222],[7.076585,4.832277]]]}},{"type":"Feature","properties":{"h":3.0,"on_route":false},"geometry":{"type":"Polygon","coordinates":[[[7.074062,4.825043],[7.074026,4.825051],[7.074014,4.825005],[7.07405,4.824996],[7.074062,4.825043]]]}},{"type":"Feature","properties":{"h":3.0,"on_route":false},"geometry":{"type":"Polygon","coordinates":[[[7.075934,4.826816],[7.075692,4.826901],[7.07566,4.826811],[7.075903,4.826725],[7.075934,4.826816]]]}},{"type":"Feature","properties":{"h":3.0,"on_route":false},"geometry":{"type":"Polygon","coordinates":[[[7.070853,4.829436],[7.070826,4.829503],[7.070804,4.829494],[7.070796,4.829513],[7.070708,4.829477],[7.070743,4.829391],[7.070853,4.829436]]]}},{"type":"Feature","properties":{"h":3.0,"on_route":false},"geometry":{"type":"Polygon","coordinates":[[[7.072621,4.825059],[7.072512,4.825074],[7.072491,4.824914],[7.072601,4.8249],[7.072621,4.825059]]]}},{"type":"Feature","properties":{"h":3.0,"on_route":false},"geometry":{"type":"Polygon","coordinates":[[[7.073527,4.832074],[7.073429,4.832214],[7.073319,4.832136],[7.073362,4.832075],[7.07334,4.832059],[7.073395,4.831981],[7.073527,4.832074]]]}},{"type":"Feature","properties":{"h":3.0,"on_route":false},"geometry":{"type":"Polygon","coordinates":[[[7.073917,4.827408],[7.07383,4.827441],[7.073792,4.82734],[7.073879,4.827307],[7.073917,4.827408]]]}},{"type":"Feature","properties":{"h":3.0,"on_route":false},"geometry":{"type":"Polygon","coordinates":[[[7.073385,4.826644],[7.073301,4.826704],[7.073257,4.826641],[7.07334,4.826581],[7.073385,4.826644]]]}},{"type":"Feature","properties":{"h":3.0,"on_route":false},"geometry":{"type":"Polygon","coordinates":[[[7.071365,4.8293],[7.071261,4.829404],[7.071144,4.829286],[7.071248,4.829182],[7.071365,4.8293]]]}},{"type":"Feature","properties":{"h":3.0,"on_route":false},"geometry":{"type":"Polygon","coordinates":[[[7.073128,4.831149],[7.073066,4.83123],[7.073026,4.831199],[7.073012,4.831217],[7.072974,4.831187],[7.072987,4.831169],[7.072962,4.831149],[7.073024,4.831068],[7.073128,4.831149]]]}},{"type":"Feature","properties":{"h":3.0,"on_route":false},"geometry":{"type":"Polygon","coordinates":[[[7.073219,4.83234],[7.073092,4.832396],[7.073041,4.832281],[7.073169,4.832225],[7.073219,4.83234]]]}},{"type":"Feature","properties":{"h":3.0,"on_route":false},"geometry":{"type":"Polygon","coordinates":[[[7.071524,4.831964],[7.071406,4.831974],[7.071399,4.831888],[7.071518,4.831879],[7.071524,4.831964]]]}},{"type":"Feature","properties":{"h":3.0,"on_route":false},"geometry":{"type":"Polygon","coordinates":[[[7.076015,4.831482],[7.076024,4.831573],[7.075922,4.831584],[7.075912,4.831492],[7.076015,4.831482]]]}},{"type":"Feature","properties":{"h":3.0,"on_route":false},"geometry":{"type":"Polygon","coordinates":[[[7.07491,4.825778],[7.074818,4.82581],[7.074771,4.825669],[7.074863,4.825638],[7.07491,4.825778]]]}},{"type":"Feature","properties":{"h":3.0,"on_route":false},"geometry":{"type":"Polygon","coordinates":[[[7.071513,4.828306],[7.071523,4.828333],[7.071494,4.828343],[7.071484,4.828316],[7.071513,4.828306]]]}},{"type":"Feature","properties":{"h":3.0,"on_route":false},"geometry":{"type":"Polygon","coordinates":[[[7.073918,4.828011],[7.073794,4.8281],[7.073647,4.827894],[7.07377,4.827805],[7.073918,4.828011]]]}},{"type":"Feature","properties":{"h":3.0,"on_route":false},"geometry":{"type":"Polygon","coordinates":[[[7.072237,4.824879],[7.072244,4.825005],[7.072225,4.825006],[7.072228,4.825054],[7.072153,4.825058],[7.072151,4.825028],[7.072115,4.82503],[7.072107,4.824886],[7.072237,4.824879]]]}},{"type":"Feature","properties":{"h":3.0,"on_route":false},"geometry":{"type":"Polygon","coordinates":[[[7.070264,4.830735],[7.070237,4.83077],[7.070156,4.830706],[7.070183,4.830671],[7.070264,4.830735]]]}},{"type":"Feature","properties":{"h":3.0,"on_route":false},"geometry":{"type":"Polygon","coordinates":[[[7.071462,4.832397],[7.071399,4.832431],[7.071331,4.832306],[7.071394,4.832271],[7.071462,4.832397]]]}},{"type":"Feature","properties":{"h":3.0,"on_route":false},"geometry":{"type":"Polygon","coordinates":[[[7.07618,4.825841],[7.076117,4.825851],[7.076112,4.825819],[7.076175,4.825809],[7.07618,4.825841]]]}},{"type":"Feature","properties":{"h":3.0,"on_route":false},"geometry":{"type":"Polygon","coordinates":[[[7.069783,4.83134],[7.069776,4.83138],[7.069702,4.831367],[7.069709,4.831327],[7.069783,4.83134]]]}},{"type":"Feature","properties":{"h":3.0,"on_route":false},"geometry":{"type":"Polygon","coordinates":[[[7.069974,4.827277],[7.069939,4.82738],[7.069849,4.827348],[7.069885,4.827246],[7.069974,4.827277]]]}},{"type":"Feature","properties":{"h":3.0,"on_route":false},"geometry":{"type":"Polygon","coordinates":[[[7.073922,4.827892],[7.073907,4.827903],[7.073914,4.827913],[7.073867,4.827948],[7.073771,4.827815],[7.073833,4.82777],[7.073922,4.827892]]]}},{"type":"Feature","properties":{"h":3.0,"on_route":false},"geometry":{"type":"Polygon","coordinates":[[[7.072512,4.825681],[7.072508,4.825732],[7.072461,4.825729],[7.072465,4.825678],[7.072512,4.825681]]]}},{"type":"Feature","properties":{"h":3.0,"on_route":false},"geometry":{"type":"Polygon","coordinates":[[[7.074162,4.832569],[7.074066,4.83251],[7.074167,4.832342],[7.074264,4.8324],[7.074162,4.832569]]]}},{"type":"Feature","properties":{"h":3.0,"on_route":true},"geometry":{"type":"Polygon","coordinates":[[[7.071913,4.826947],[7.071888,4.826957],[7.071906,4.827002],[7.071704,4.827082],[7.071662,4.826975],[7.071889,4.826885],[7.071913,4.826947]]]}},{"type":"Feature","properties":{"h":3.0,"on_route":true},"geometry":{"type":"Polygon","coordinates":[[[7.072488,4.82778],[7.072504,4.827822],[7.072472,4.827835],[7.072456,4.827793],[7.072488,4.82778]]]}},{"type":"Feature","properties":{"h":3.0,"on_route":false},"geometry":{"type":"Polygon","coordinates":[[[7.070236,4.830351],[7.070196,4.830388],[7.07014,4.830327],[7.070179,4.83029],[7.070236,4.830351]]]}},{"type":"Feature","properties":{"h":3.0,"on_route":false},"geometry":{"type":"Polygon","coordinates":[[[7.071585,4.83244],[7.071485,4.832494],[7.071457,4.832441],[7.071556,4.832387],[7.071585,4.83244]]]}},{"type":"Feature","properties":{"h":3.0,"on_route":false},"geometry":{"type":"Polygon","coordinates":[[[7.070756,4.825931],[7.070774,4.825987],[7.070742,4.825997],[7.070725,4.825941],[7.070756,4.825931]]]}},{"type":"Feature","properties":{"h":3.0,"on_route":false},"geometry":{"type":"Polygon","coordinates":[[[7.075647,4.831683],[7.075622,4.831788],[7.075565,4.831775],[7.075589,4.831669],[7.075647,4.831683]]]}},{"type":"Feature","properties":{"h":3.0,"on_route":false},"geometry":{"type":"Polygon","coordinates":[[[7.075785,4.825572],[7.075635,4.825614],[7.07558,4.825415],[7.07573,4.825373],[7.075785,4.825572]]]}},{"type":"Feature","properties":{"h":3.0,"on_route":false},"geometry":{"type":"Polygon","coordinates":[[[7.072396,4.826047],[7.072364,4.826076],[7.072304,4.826009],[7.072336,4.82598],[7.072396,4.826047]]]}},{"type":"Feature","properties":{"h":3.0,"on_route":false},"geometry":{"type":"Polygon","coordinates":[[[7.071989,4.831128],[7.071931,4.831162],[7.071858,4.831037],[7.071917,4.831002],[7.071989,4.831128]]]}},{"type":"Feature","properties":{"h":3.0,"on_route":false},"geometry":{"type":"Polygon","coordinates":[[[7.072597,4.828839],[7.072664,4.828933],[7.072578,4.828995],[7.072511,4.828901],[7.072597,4.828839]]]}},{"type":"Feature","properties":{"h":3.0,"on_route":false},"geometry":{"type":"Polygon","coordinates":[[[7.072154,4.833015],[7.072299,4.833225],[7.072239,4.833267],[7.07214,4.833124],[7.072061,4.833179],[7.072014,4.833112],[7.072154,4.833015]]]}},{"type":"Feature","properties":{"h":3.0,"on_route":false},"geometry":{"type":"Polygon","coordinates":[[[7.073662,4.828116],[7.07355,4.828191],[7.073502,4.828118],[7.073614,4.828044],[7.073662,4.828116]]]}},{"type":"Feature","properties":{"h":3.0,"on_route":false},"geometry":{"type":"Polygon","coordinates":[[[7.071516,4.83296],[7.071451,4.833005],[7.071466,4.833026],[7.071447,4.833039],[7.071419,4.832998],[7.071438,4.832985],[7.071373,4.832891],[7.071438,4.832846],[7.071516,4.83296]]]}},{"type":"Feature","properties":{"h":3.0,"on_route":false},"geometry":{"type":"Polygon","coordinates":[[[7.071264,4.832078],[7.071121,4.83214],[7.071054,4.831988],[7.071197,4.831925],[7.071264,4.832078]]]}},{"type":"Feature","properties":{"h":3.0,"on_route":false},"geometry":{"type":"Polygon","coordinates":[[[7.072425,4.832076],[7.072371,4.832082],[7.072355,4.831933],[7.072409,4.831928],[7.072425,4.832076]]]}},{"type":"Feature","properties":{"h":3.0,"on_route":false},"geometry":{"type":"Polygon","coordinates":[[[7.072418,4.830311],[7.072317,4.830406],[7.07217,4.83025],[7.072271,4.830155],[7.072418,4.830311]]]}},{"type":"Feature","properties":{"h":3.0,"on_route":false},"geometry":{"type":"Polygon","coordinates":[[[7.070419,4.829469],[7.070371,4.829622],[7.07032,4.829606],[7.07034,4.829543],[7.070312,4.829534],[7.070341,4.829444],[7.070419,4.829469]]]}},{"type":"Feature","properties":{"h":3.0,"on_route":false},"geometry":{"type":"Polygon","coordinates":[[[7.075368,4.832919],[7.075306,4.833023],[7.075217,4.832969],[7.075278,4.832866],[7.075368,4.832919]]]}},{"type":"Feature","properties":{"h":3.0,"on_route":false},"geometry":{"type":"Polygon","coordinates":[[[7.070768,4.829668],[7.070746,4.829704],[7.070706,4.829679],[7.070728,4.829643],[7.070768,4.829668]]]}},{"type":"Feature","properties":{"h":3.0,"on_route":false},"geometry":{"type":"Polygon","coordinates":[[[7.075073,4.826522],[7.075002,4.826547],[7.074965,4.82644],[7.075037,4.826415],[7.075073,4.826522]]]}},{"type":"Feature","properties":{"h":3.0,"on_route":false},"geometry":{"type":"Polygon","coordinates":[[[7.072188,4.828241],[7.072096,4.828301],[7.072041,4.828216],[7.072134,4.828156],[7.072188,4.828241]]]}},{"type":"Feature","properties":{"h":3.0,"on_route":false},"geometry":{"type":"Polygon","coordinates":[[[7.074417,4.825374],[7.074298,4.825413],[7.074242,4.825242],[7.074361,4.825203],[7.074417,4.825374]]]}},{"type":"Feature","properties":{"h":3.0,"on_route":false},"geometry":{"type":"Polygon","coordinates":[[[7.071782,4.828135],[7.071807,4.828172],[7.071686,4.828255],[7.071644,4.828195],[7.071785,4.828098],[7.071801,4.828122],[7.071782,4.828135]]]}},{"type":"Feature","properties":{"h":3.0,"on_route":false},"geometry":{"type":"Polygon","coordinates":[[[7.069451,4.828535],[7.069446,4.828577],[7.069277,4.828559],[7.069282,4.828516],[7.069451,4.828535]]]}},{"type":"Feature","properties":{"h":3.0,"on_route":false},"geometry":{"type":"Polygon","coordinates":[[[7.07357,4.83155],[7.073463,4.831594],[7.073442,4.831543],[7.073462,4.831535],[7.073418,4.831428],[7.073504,4.831392],[7.07357,4.83155]]]}},{"type":"Feature","properties":{"h":3.0,"on_route":false},"geometry":{"type":"Polygon","coordinates":[[[7.072109,4.832555],[7.072085,4.832569],[7.072138,4.832658],[7.072162,4.832643],[7.072203,4.832712],[7.071978,4.832848],[7.071858,4.832648],[7.072084,4.832512],[7.072109,4.832555]]]}},{"type":"Feature","properties":{"h":3.0,"on_route":false},"geometry":{"type":"Polygon","coordinates":[[[7.07439,4.832827],[7.074369,4.832915],[7.074265,4.83289],[7.074286,4.832802],[7.07439,4.832827]]]}},{"type":"Feature","properties":{"h":3.0,"on_route":false},"geometry":{"type":"Polygon","coordinates":[[[7.07119,4.829804],[7.07109,4.829887],[7.071026,4.829808],[7.071126,4.829725],[7.07119,4.829804]]]}},{"type":"Feature","properties":{"h":3.0,"on_route":false},"geometry":{"type":"Polygon","coordinates":[[[7.07199,4.83186],[7.071766,4.831884],[7.071755,4.83178],[7.071978,4.831755],[7.07199,4.83186]]]}},{"type":"Feature","properties":{"h":3.0,"on_route":false},"geometry":{"type":"Polygon","coordinates":[[[7.075043,4.831622],[7.07493,4.831639],[7.074922,4.831587],[7.075035,4.831571],[7.075043,4.831622]]]}},{"type":"Feature","properties":{"h":3.0,"on_route":false},"geometry":{"type":"Polygon","coordinates":[[[7.075308,4.826866],[7.075183,4.826903],[7.075146,4.826779],[7.075271,4.826742],[7.075308,4.826866]]]}},{"type":"Feature","properties":{"h":3.0,"on_route":false},"geometry":{"type":"Polygon","coordinates":[[[7.072634,4.825154],[7.07259,4.82516],[7.072583,4.825108],[7.072627,4.825102],[7.072634,4.825154]]]}},{"type":"Feature","properties":{"h":3.0,"on_route":false},"geometry":{"type":"Polygon","coordinates":[[[7.074685,4.826565],[7.074721,4.826723],[7.074652,4.826738],[7.074645,4.826711],[7.0746,4.826721],[7.07457,4.826592],[7.074685,4.826565]]]}},{"type":"Feature","properties":{"h":3.0,"on_route":false},"geometry":{"type":"Polygon","coordinates":[[[7.074334,4.826642],[7.074235,4.826675],[7.074165,4.826462],[7.074265,4.826429],[7.074334,4.826642]]]}},{"type":"Feature","properties":{"h":3.0,"on_route":false},"geometry":{"type":"Polygon","coordinates":[[[7.071248,4.828798],[7.071228,4.828827],[7.071189,4.828799],[7.071209,4.82877],[7.071248,4.828798]]]}},{"type":"Feature","properties":{"h":3.0,"on_route":false},"geometry":{"type":"Polygon","coordinates":[[[7.071774,4.828779],[7.071738,4.828814],[7.071673,4.828747],[7.071709,4.828712],[7.071774,4.828779]]]}},{"type":"Feature","properties":{"h":3.0,"on_route":true},"geometry":{"type":"Polygon","coordinates":[[[7.072846,4.828385],[7.072793,4.828427],[7.072729,4.828345],[7.072783,4.828303],[7.072846,4.828385]]]}},{"type":"Feature","properties":{"h":3.0,"on_route":false},"geometry":{"type":"Polygon","coordinates":[[[7.076824,4.831519],[7.076755,4.83163],[7.076676,4.831581],[7.076745,4.83147],[7.076824,4.831519]]]}},{"type":"Feature","properties":{"h":3.0,"on_route":false},"geometry":{"type":"Polygon","coordinates":[[[7.072464,4.826471],[7.072403,4.826502],[7.072366,4.826427],[7.072427,4.826397],[7.072464,4.826471]]]}},{"type":"Feature","properties":{"h":3.0,"on_route":false},"geometry":{"type":"Polygon","coordinates":[[[7.074975,4.827132],[7.07492,4.827164],[7.074894,4.827119],[7.07495,4.827087],[7.074975,4.827132]]]}},{"type":"Feature","properties":{"h":3.0,"on_route":false},"geometry":{"type":"Polygon","coordinates":[[[7.072366,4.833448],[7.072307,4.833396],[7.072409,4.833279],[7.072469,4.833332],[7.072366,4.833448]]]}},{"type":"Feature","properties":{"h":3.0,"on_route":false},"geometry":{"type":"Polygon","coordinates":[[[7.069881,4.828379],[7.069868,4.828443],[7.069823,4.828434],[7.069836,4.82837],[7.069881,4.828379]]]}},{"type":"Feature","properties":{"h":3.0,"on_route":false},"geometry":{"type":"Polygon","coordinates":[[[7.071192,4.826614],[7.071152,4.826656],[7.071071,4.826577],[7.07111,4.826536],[7.071192,4.826614]]]}},{"type":"Feature","properties":{"h":3.0,"on_route":false},"geometry":{"type":"Polygon","coordinates":[[[7.074135,4.826708],[7.074091,4.826722],[7.074076,4.826674],[7.07412,4.82666],[7.074135,4.826708]]]}},{"type":"Feature","properties":{"h":3.0,"on_route":false},"geometry":{"type":"Polygon","coordinates":[[[7.072015,4.831073],[7.071973,4.831095],[7.071957,4.831065],[7.071999,4.831043],[7.072015,4.831073]]]}},{"type":"Feature","properties":{"h":3.0,"on_route":false},"geometry":{"type":"Polygon","coordinates":[[[7.070924,4.8273],[7.0709,4.827436],[7.070819,4.827423],[7.070843,4.827286],[7.070924,4.8273]]]}},{"type":"Feature","properties":{"h":3.0,"on_route":false},"geometry":{"type":"Polygon","coordinates":[[[7.07367,4.825271],[7.073605,4.825287],[7.073597,4.825251],[7.073661,4.825235],[7.07367,4.825271]]]}},{"type":"Feature","properties":{"h":3.0,"on_route":true},"geometry":{"type":"Polygon","coordinates":[[[7.072994,4.828218],[7.072853,4.828323],[7.072731,4.828158],[7.072872,4.828054],[7.072994,4.828218]]]}},{"type":"Feature","properties":{"h":3.0,"on_route":false},"geometry":{"type":"Polygon","coordinates":[[[7.069966,4.828591],[7.069949,4.828678],[7.069654,4.82862],[7.069671,4.828533],[7.069966,4.828591]]]}},{"type":"Feature","properties":{"h":3.0,"on_route":false},"geometry":{"type":"Polygon","coordinates":[[[7.070215,4.827598],[7.070015,4.827636],[7.069998,4.827545],[7.070197,4.827507],[7.070215,4.827598]]]}},{"type":"Feature","properties":{"h":3.0,"on_route":false},"geometry":{"type":"Polygon","coordinates":[[[7.073238,4.826855],[7.073213,4.826873],[7.073309,4.82701],[7.073232,4.827064],[7.073148,4.826945],[7.073104,4.826882],[7.073206,4.826809],[7.073238,4.826855]]]}},{"type":"Feature","properties":{"h":3.0,"on_route":false},"geometry":{"type":"Polygon","coordinates":[[[7.071779,4.82734],[7.071684,4.827376],[7.071618,4.827201],[7.071713,4.827165],[7.071779,4.82734]]]}},{"type":"Feature","properties":{"h":3.0,"on_route":false},"geometry":{"type":"Polygon","coordinates":[[[7.070811,4.831174],[7.070648,4.831345],[7.070609,4.831307],[7.070772,4.831136],[7.070811,4.831174]]]}},{"type":"Feature","properties":{"h":3.0,"on_route":false},"geometry":{"type":"Polygon","coordinates":[[[7.074092,4.826324],[7.07399,4.826355],[7.073924,4.826133],[7.074027,4.826102],[7.074092,4.826324]]]}},{"type":"Feature","properties":{"h":3.0,"on_route":false},"geometry":{"type":"Polygon","coordinates":[[[7.074011,4.826097],[7.073904,4.826129],[7.073843,4.825924],[7.07395,4.825892],[7.074011,4.826097]]]}},{"type":"Feature","properties":{"h":3.0,"on_route":false},"geometry":{"type":"Polygon","coordinates":[[[7.076261,4.832008],[7.076229,4.832101],[7.076175,4.832082],[7.076207,4.831989],[7.076261,4.832008]]]}},{"type":"Feature","properties":{"h":3.0,"on_route":false},"geometry":{"type":"Polygon","coordinates":[[[7.071551,4.832144],[7.071477,4.832175],[7.071445,4.832095],[7.071519,4.832065],[7.071551,4.832144]]]}},{"type":"Feature","properties":{"h":3.0,"on_route":false},"geometry":{"type":"Polygon","coordinates":[[[7.076784,4.832325],[7.076773,4.832484],[7.076623,4.832474],[7.076631,4.832368],[7.076653,4.832369],[7.076657,4.832316],[7.076784,4.832325]]]}},{"type":"Feature","properties":{"h":3.0,"on_route":true},"geometry":{"type":"Polygon","coordinates":[[[7.071499,4.825938],[7.071457,4.825957],[7.07141,4.825856],[7.071452,4.825837],[7.071499,4.825938]]]}},{"type":"Feature","properties":{"h":3.0,"on_route":false},"geometry":{"type":"Polygon","coordinates":[[[7.070471,4.831632],[7.070439,4.831577],[7.070556,4.831509],[7.070588,4.831565],[7.070471,4.831632]]]}},{"type":"Feature","properties":{"h":3.0,"on_route":false},"geometry":{"type":"Polygon","coordinates":[[[7.071125,4.831136],[7.07107,4.831177],[7.071018,4.831107],[7.071073,4.831066],[7.071125,4.831136]]]}},{"type":"Feature","properties":{"h":3.0,"on_route":false},"geometry":{"type":"Polygon","coordinates":[[[7.074821,4.824894],[7.074701,4.824957],[7.07465,4.824861],[7.074671,4.824849],[7.074684,4.824873],[7.074782,4.82482],[7.074821,4.824894]]]}},{"type":"Feature","properties":{"h":3.0,"on_route":false},"geometry":{"type":"Polygon","coordinates":[[[7.070598,4.826871],[7.070478,4.827024],[7.070394,4.826957],[7.070514,4.826804],[7.070598,4.826871]]]}},{"type":"Feature","properties":{"h":3.0,"on_route":false},"geometry":{"type":"Polygon","coordinates":[[[7.074164,4.827802],[7.074102,4.827836],[7.074049,4.827741],[7.074111,4.827707],[7.074164,4.827802]]]}},{"type":"Feature","properties":{"h":3.0,"on_route":false},"geometry":{"type":"Polygon","coordinates":[[[7.075175,4.831837],[7.07519,4.832036],[7.075123,4.832041],[7.075112,4.831902],[7.075074,4.831905],[7.07507,4.831845],[7.075175,4.831837]]]}},{"type":"Feature","properties":{"h":3.0,"on_route":false},"geometry":{"type":"Polygon","coordinates":[[[7.074863,4.832782],[7.074845,4.832873],[7.074769,4.832858],[7.074774,4.832829],[7.074734,4.832821],[7.074747,4.832759],[7.074863,4.832782]]]}},{"type":"Feature","properties":{"h":3.0,"on_route":false},"geometry":{"type":"Polygon","coordinates":[[[7.074147,4.825459],[7.074059,4.825486],[7.07404,4.825425],[7.074128,4.825398],[7.074147,4.825459]]]}},{"type":"Feature","properties":{"h":3.0,"on_route":false},"geometry":{"type":"Polygon","coordinates":[[[7.069845,4.829864],[7.06983,4.829936],[7.069773,4.829923],[7.069788,4.829852],[7.069845,4.829864]]]}},{"type":"Feature","properties":{"h":3.0,"on_route":false},"geometry":{"type":"Polygon","coordinates":[[[7.074257,4.825373],[7.074337,4.825647],[7.074278,4.825664],[7.074198,4.82539],[7.074257,4.825373]]]}},{"type":"Feature","properties":{"h":3.0,"on_route":false},"geometry":{"type":"Polygon","coordinates":[[[7.074677,4.833078],[7.074606,4.83306],[7.074649,4.832885],[7.074721,4.832903],[7.074677,4.833078]]]}},{"type":"Feature","properties":{"h":3.0,"on_route":false},"geometry":{"type":"Polygon","coordinates":[[[7.073472,4.825072],[7.073362,4.825113],[7.073304,4.824955],[7.073414,4.824914],[7.073472,4.825072]]]}},{"type":"Feature","properties":{"h":3.0,"on_route":false},"geometry":{"type":"Polygon","coordinates":[[[7.072226,4.832374],[7.072088,4.832439],[7.072055,4.832368],[7.072193,4.832303],[7.072226,4.832374]]]}},{"type":"Feature","properties":{"h":3.0,"on_route":false},"geometry":{"type":"Polygon","coordinates":[[[7.075658,4.82514],[7.075514,4.82518],[7.075477,4.825044],[7.075622,4.825005],[7.075658,4.82514]]]}},{"type":"Feature","properties":{"h":3.0,"on_route":false},"geometry":{"type":"Polygon","coordinates":[[[7.070268,4.831878],[7.070241,4.831877],[7.070241,4.831853],[7.070268,4.831853],[7.070268,4.831878]]]}},{"type":"Feature","properties":{"h":3.0,"on_route":false},"geometry":{"type":"Polygon","coordinates":[[[7.071055,4.830065],[7.070956,4.830125],[7.070929,4.83008],[7.070969,4.830055],[7.070951,4.830026],[7.07101,4.829991],[7.071055,4.830065]]]}},{"type":"Feature","properties":{"h":3.0,"on_route":false},"geometry":{"type":"Polygon","coordinates":[[[7.071306,4.832149],[7.07115,4.832238],[7.071107,4.832163],[7.071263,4.832074],[7.071306,4.832149]]]}},{"type":"Feature","properties":{"h":3.0,"on_route":false},"geometry":{"type":"Polygon","coordinates":[[[7.069868,4.829426],[7.06986,4.829506],[7.069832,4.829503],[7.069805,4.829784],[7.069751,4.829779],[7.069782,4.829452],[7.069769,4.82945],[7.069772,4.829416],[7.069868,4.829426]]]}},{"type":"Feature","properties":{"h":3.0,"on_route":false},"geometry":{"type":"Polygon","coordinates":[[[7.073506,4.833996],[7.073395,4.834039],[7.073357,4.833939],[7.073468,4.833896],[7.073506,4.833996]]]}},{"type":"Feature","properties":{"h":3.0,"on_route":false},"geometry":{"type":"Polygon","coordinates":[[[7.076013,4.826818],[7.07594,4.82684],[7.075922,4.826779],[7.075994,4.826757],[7.076013,4.826818]]]}},{"type":"Feature","properties":{"h":3.0,"on_route":false},"geometry":{"type":"Polygon","coordinates":[[[7.072048,4.830237],[7.071884,4.830375],[7.071768,4.830237],[7.071899,4.830126],[7.071928,4.830161],[7.071961,4.830133],[7.072048,4.830237]]]}},{"type":"Feature","properties":{"h":3.0,"on_route":false},"geometry":{"type":"Polygon","coordinates":[[[7.075503,4.83162],[7.075285,4.831657],[7.075273,4.831589],[7.075492,4.831552],[7.075503,4.83162]]]}},{"type":"Feature","properties":{"h":3.0,"on_route":false},"geometry":{"type":"Polygon","coordinates":[[[7.071999,4.828727],[7.072065,4.828814],[7.07206,4.828817],[7.072083,4.828847],[7.071935,4.828959],[7.071846,4.828843],[7.071999,4.828727]]]}},{"type":"Feature","properties":{"h":3.0,"on_route":false},"geometry":{"type":"Polygon","coordinates":[[[7.072535,4.826735],[7.072584,4.826715],[7.072616,4.826799],[7.072556,4.826822],[7.072578,4.82688],[7.072525,4.826901],[7.072456,4.826723],[7.07252,4.826698],[7.072535,4.826735]]]}},{"type":"Feature","properties":{"h":3.0,"on_route":false},"geometry":{"type":"Polygon","coordinates":[[[7.075467,4.826843],[7.075418,4.82685],[7.075413,4.826814],[7.075462,4.826806],[7.075467,4.826843]]]}},{"type":"Feature","properties":{"h":3.0,"on_route":false},"geometry":{"type":"Polygon","coordinates":[[[7.073139,4.832024],[7.073137,4.832184],[7.073038,4.832184],[7.073039,4.832023],[7.073139,4.832024]]]}},{"type":"Feature","properties":{"h":3.0,"on_route":false},"geometry":{"type":"Polygon","coordinates":[[[7.071233,4.826405],[7.071186,4.826469],[7.071064,4.82638],[7.07111,4.826316],[7.071233,4.826405]]]}},{"type":"Feature","properties":{"h":3.0,"on_route":false},"geometry":{"type":"Polygon","coordinates":[[[7.070527,4.831197],[7.070497,4.831335],[7.070349,4.831304],[7.070354,4.83128],[7.070411,4.831292],[7.070435,4.831177],[7.070527,4.831197]]]}},{"type":"Feature","properties":{"h":3.0,"on_route":false},"geometry":{"type":"Polygon","coordinates":[[[7.072287,4.828459],[7.072221,4.828503],[7.072116,4.828341],[7.072182,4.828297],[7.072287,4.828459]]]}},{"type":"Feature","properties":{"h":3.0,"on_route":false},"geometry":{"type":"Polygon","coordinates":[[[7.073492,4.831274],[7.073487,4.831375],[7.073352,4.831368],[7.073357,4.831267],[7.073492,4.831274]]]}},{"type":"Feature","properties":{"h":3.0,"on_route":false},"geometry":{"type":"Polygon","coordinates":[[[7.069769,4.830529],[7.069739,4.830592],[7.069635,4.830542],[7.069665,4.83048],[7.069769,4.830529]]]}},{"type":"Feature","properties":{"h":3.0,"on_route":false},"geometry":{"type":"Polygon","coordinates":[[[7.074233,4.826676],[7.074135,4.826708],[7.074095,4.826584],[7.074193,4.826552],[7.074233,4.826676]]]}},{"type":"Feature","properties":{"h":3.0,"on_route":false},"geometry":{"type":"Polygon","coordinates":[[[7.073118,4.830314],[7.072951,4.830441],[7.072868,4.830331],[7.072918,4.830293],[7.072907,4.830278],[7.072934,4.830257],[7.072945,4.830272],[7.073036,4.830204],[7.073118,4.830314]]]}},{"type":"Feature","properties":{"h":3.0,"on_route":false},"geometry":{"type":"Polygon","coordinates":[[[7.075408,4.826781],[7.075422,4.82687],[7.075378,4.826877],[7.075365,4.826787],[7.075408,4.826781]]]}},{"type":"Feature","properties":{"h":3.0,"on_route":false},"geometry":{"type":"Polygon","coordinates":[[[7.071705,4.832375],[7.071649,4.832405],[7.071686,4.832472],[7.071622,4.832507],[7.071556,4.832387],[7.071621,4.832352],[7.071604,4.832322],[7.07166,4.832291],[7.071705,4.832375]]]}},{"type":"Feature","properties":{"h":3.0,"on_route":false},"geometry":{"type":"Polygon","coordinates":[[[7.07243,4.825583],[7.072393,4.825773],[7.072338,4.825762],[7.072356,4.825672],[7.072319,4.825665],[7.072338,4.825565],[7.07243,4.825583]]]}},{"type":"Feature","properties":{"h":3.0,"on_route":false},"geometry":{"type":"Polygon","coordinates":[[[7.074006,4.824962],[7.073981,4.824971],[7.073999,4.825019],[7.073926,4.825046],[7.073879,4.824918],[7.073976,4.824882],[7.074006,4.824962]]]}},{"type":"Feature","properties":{"h":3.0,"on_route":false},"geometry":{"type":"Polygon","coordinates":[[[7.07203,4.827872],[7.071876,4.827973],[7.071795,4.827848],[7.071893,4.827784],[7.071912,4.827812],[7.071967,4.827776],[7.07203,4.827872]]]}},{"type":"Feature","properties":{"h":3.0,"on_route":false},"geometry":{"type":"Polygon","coordinates":[[[7.070869,4.828417],[7.070842,4.828435],[7.070873,4.828483],[7.070793,4.828535],[7.070681,4.828364],[7.070788,4.828294],[7.070869,4.828417]]]}},{"type":"Feature","properties":{"h":3.0,"on_route":false},"geometry":{"type":"Polygon","coordinates":[[[7.07232,4.829065],[7.072297,4.829082],[7.072311,4.8291],[7.072232,4.829158],[7.072156,4.829053],[7.072256,4.828979],[7.07232,4.829065]]]}},{"type":"Feature","properties":{"h":3.0,"on_route":false},"geometry":{"type":"Polygon","coordinates":[[[7.073778,4.825796],[7.073688,4.825837],[7.073605,4.825655],[7.073695,4.825614],[7.073778,4.825796]]]}},{"type":"Feature","properties":{"h":3.0,"on_route":false},"geometry":{"type":"Polygon","coordinates":[[[7.076584,4.826171],[7.076614,4.826161],[7.076644,4.826248],[7.076541,4.826283],[7.076494,4.826145],[7.076567,4.826121],[7.076584,4.826171]]]}},{"type":"Feature","properties":{"h":3.0,"on_route":false},"geometry":{"type":"Polygon","coordinates":[[[7.070095,4.830526],[7.070071,4.830593],[7.069997,4.830567],[7.070021,4.8305],[7.070095,4.830526]]]}},{"type":"Feature","properties":{"h":3.0,"on_route":false},"geometry":{"type":"Polygon","coordinates":[[[7.073965,4.824796],[7.073867,4.824832],[7.073796,4.824639],[7.073894,4.824603],[7.073965,4.824796]]]}},{"type":"Feature","properties":{"h":3.0,"on_route":true},"geometry":{"type":"Polygon","coordinates":[[[7.072675,4.827483],[7.0726,4.827536],[7.07258,4.827507],[7.072655,4.827454],[7.072675,4.827483]]]}},{"type":"Feature","properties":{"h":3.0,"on_route":false},"geometry":{"type":"Polygon","coordinates":[[[7.073512,4.825131],[7.073531,4.825203],[7.073476,4.825218],[7.073456,4.825147],[7.073512,4.825131]]]}},{"type":"Feature","properties":{"h":3.0,"on_route":false},"geometry":{"type":"Polygon","coordinates":[[[7.070657,4.829828],[7.070636,4.829855],[7.070596,4.829823],[7.070617,4.829796],[7.070657,4.829828]]]}},{"type":"Feature","properties":{"h":3.0,"on_route":false},"geometry":{"type":"Polygon","coordinates":[[[7.07154,4.831326],[7.071437,4.831366],[7.07137,4.831192],[7.071473,4.831152],[7.07154,4.831326]]]}},{"type":"Feature","properties":{"h":3.0,"on_route":false},"geometry":{"type":"Polygon","coordinates":[[[7.07209,4.825425],[7.072079,4.825507],[7.071977,4.825494],[7.071988,4.825412],[7.07209,4.825425]]]}},{"type":"Feature","properties":{"h":3.0,"on_route":false},"geometry":{"type":"Polygon","coordinates":[[[7.075241,4.833328],[7.075195,4.833337],[7.075187,4.833292],[7.075232,4.833284],[7.075241,4.833328]]]}},{"type":"Feature","properties":{"h":3.0,"on_route":false},"geometry":{"type":"Polygon","coordinates":[[[7.07037,4.83042],[7.070325,4.830486],[7.07021,4.830407],[7.070255,4.830341],[7.07037,4.83042]]]}},{"type":"Feature","properties":{"h":3.0,"on_route":false},"geometry":{"type":"Polygon","coordinates":[[[7.073757,4.832069],[7.073695,4.832157],[7.07362,4.832105],[7.073641,4.832075],[7.073579,4.832032],[7.073593,4.832011],[7.073578,4.832],[7.073606,4.831962],[7.073757,4.832069]]]}},{"type":"Feature","properties":{"h":3.0,"on_route":false},"geometry":{"type":"Polygon","coordinates":[[[7.074478,4.826114],[7.074429,4.826128],[7.074401,4.826026],[7.074449,4.826012],[7.074478,4.826114]]]}},{"type":"Feature","properties":{"h":3.0,"on_route":false},"geometry":{"type":"Polygon","coordinates":[[[7.070236,4.829952],[7.070177,4.830069],[7.070079,4.83002],[7.070138,4.829903],[7.070236,4.829952]]]}},{"type":"Feature","properties":{"h":3.0,"on_route":false},"geometry":{"type":"Polygon","coordinates":[[[7.072459,4.830558],[7.07238,4.830633],[7.072293,4.830541],[7.072373,4.830466],[7.072459,4.830558]]]}},{"type":"Feature","properties":{"h":3.0,"on_route":false},"geometry":{"type":"Polygon","coordinates":[[[7.071695,4.830817],[7.071658,4.830859],[7.071611,4.830817],[7.071648,4.830775],[7.071695,4.830817]]]}},{"type":"Feature","properties":{"h":3.0,"on_route":false},"geometry":{"type":"Polygon","coordinates":[[[7.074625,4.833258],[7.074605,4.833346],[7.074539,4.833331],[7.074559,4.833242],[7.074625,4.833258]]]}},{"type":"Feature","properties":{"h":3.0,"on_route":false},"geometry":{"type":"Polygon","coordinates":[[[7.072728,4.827063],[7.072619,4.827094],[7.072603,4.827037],[7.072712,4.827006],[7.072728,4.827063]]]}},{"type":"Feature","properties":{"h":3.0,"on_route":false},"geometry":{"type":"Polygon","coordinates":[[[7.074993,4.826741],[7.074876,4.826782],[7.074857,4.826729],[7.074975,4.826688],[7.074993,4.826741]]]}},{"type":"Feature","properties":{"h":3.0,"on_route":false},"geometry":{"type":"Polygon","coordinates":[[[7.073702,4.825558],[7.073628,4.825581],[7.073592,4.825462],[7.073666,4.825439],[7.073702,4.825558]]]}},{"type":"Feature","properties":{"h":3.0,"on_route":false},"geometry":{"type":"Polygon","coordinates":[[[7.071793,4.83118],[7.071809,4.831228],[7.071932,4.831187],[7.071966,4.831291],[7.071775,4.831354],[7.071725,4.831202],[7.071793,4.83118]]]}},{"type":"Feature","properties":{"h":3.0,"on_route":false},"geometry":{"type":"Polygon","coordinates":[[[7.069651,4.829219],[7.069635,4.829293],[7.069666,4.8293],[7.069657,4.829341],[7.069551,4.829318],[7.069575,4.829202],[7.069651,4.829219]]]}},{"type":"Feature","properties":{"h":3.0,"on_route":false},"geometry":{"type":"Polygon","coordinates":[[[7.070644,4.831357],[7.070606,4.831476],[7.070532,4.831453],[7.07057,4.831333],[7.070644,4.831357]]]}},{"type":"Feature","properties":{"h":3.0,"on_route":false},"geometry":{"type":"Polygon","coordinates":[[[7.071345,4.830828],[7.071285,4.830881],[7.071214,4.830801],[7.071273,4.830749],[7.071345,4.830828]]]}},{"type":"Feature","properties":{"h":3.0,"on_route":false},"geometry":{"type":"Polygon","coordinates":[[[7.073403,4.82676],[7.073246,4.826873],[7.073182,4.826783],[7.073339,4.82667],[7.073403,4.82676]]]}},{"type":"Feature","properties":{"h":3.0,"on_route":false},"geometry":{"type":"Polygon","coordinates":[[[7.076901,4.83209],[7.076891,4.832223],[7.07669,4.832208],[7.0767,4.832075],[7.076901,4.83209]]]}},{"type":"Feature","properties":{"h":3.0,"on_route":false},"geometry":{"type":"Polygon","coordinates":[[[7.075982,4.83248],[7.075949,4.832583],[7.075797,4.832534],[7.07583,4.832431],[7.075982,4.83248]]]}},{"type":"Feature","properties":{"h":3.0,"on_route":false},"geometry":{"type":"Polygon","coordinates":[[[7.07206,4.825143],[7.072051,4.825207],[7.072,4.8252],[7.072008,4.825137],[7.07206,4.825143]]]}},{"type":"Feature","properties":{"h":3.0,"on_route":false},"geometry":{"type":"Polygon","coordinates":[[[7.070345,4.828379],[7.070308,4.828563],[7.070244,4.82855],[7.070281,4.828366],[7.070345,4.828379]]]}},{"type":"Feature","properties":{"h":3.0,"on_route":false},"geometry":{"type":"Polygon","coordinates":[[[7.07099,4.827518],[7.071051,4.827592],[7.070911,4.827708],[7.07085,4.827635],[7.07099,4.827518]]]}},{"type":"Feature","properties":{"h":3.0,"on_route":false},"geometry":{"type":"Polygon","coordinates":[[[7.076618,4.832229],[7.076616,4.832261],[7.076562,4.832257],[7.076564,4.832225],[7.076618,4.832229]]]}},{"type":"Feature","properties":{"h":3.0,"on_route":false},"geometry":{"type":"Polygon","coordinates":[[[7.071684,4.828301],[7.071586,4.828365],[7.071555,4.828317],[7.071653,4.828253],[7.071684,4.828301]]]}},{"type":"Feature","properties":{"h":3.0,"on_route":false},"geometry":{"type":"Polygon","coordinates":[[[7.071244,4.829932],[7.071188,4.829976],[7.071106,4.829871],[7.071161,4.829827],[7.071244,4.829932]]]}},{"type":"Feature","properties":{"h":3.0,"on_route":false},"geometry":{"type":"Polygon","coordinates":[[[7.07104,4.831729],[7.070912,4.831745],[7.070898,4.831637],[7.071027,4.831621],[7.07104,4.831729]]]}},{"type":"Feature","properties":{"h":3.0,"on_route":false},"geometry":{"type":"Polygon","coordinates":[[[7.074113,4.833234],[7.074089,4.833234],[7.074091,4.833158],[7.074114,4.833158],[7.074113,4.833234]]]}},{"type":"Feature","properties":{"h":3.0,"on_route":false},"geometry":{"type":"Polygon","coordinates":[[[7.074929,4.827179],[7.074871,4.827213],[7.074852,4.827179],[7.07491,4.827146],[7.074929,4.827179]]]}},{"type":"Feature","properties":{"h":3.0,"on_route":false},"geometry":{"type":"Polygon","coordinates":[[[7.075741,4.831946],[7.075634,4.83192],[7.075679,4.831734],[7.075702,4.831739],[7.075709,4.831711],[7.075731,4.831716],[7.075737,4.831692],[7.075799,4.831707],[7.075741,4.831946]]]}},{"type":"Feature","properties":{"h":3.0,"on_route":false},"geometry":{"type":"Polygon","coordinates":[[[7.072888,4.829251],[7.072847,4.829279],[7.072818,4.829235],[7.072858,4.829207],[7.072888,4.829251]]]}},{"type":"Feature","properties":{"h":3.0,"on_route":false},"geometry":{"type":"Polygon","coordinates":[[[7.069452,4.830136],[7.069441,4.8303],[7.069386,4.830296],[7.069397,4.830132],[7.069452,4.830136]]]}},{"type":"Feature","properties":{"h":3.0,"on_route":false},"geometry":{"type":"Polygon","coordinates":[[[7.073253,4.827231],[7.073132,4.827289],[7.073084,4.827186],[7.073204,4.827129],[7.073253,4.827231]]]}},{"type":"Feature","properties":{"h":3.0,"on_route":false},"geometry":{"type":"Polygon","coordinates":[[[7.073033,4.833522],[7.073026,4.833533],[7.073044,4.833546],[7.072861,4.833818],[7.072806,4.833781],[7.072997,4.833497],[7.073033,4.833522]]]}},{"type":"Feature","properties":{"h":3.0,"on_route":false},"geometry":{"type":"Polygon","coordinates":[[[7.070936,4.827848],[7.070804,4.827951],[7.070736,4.827864],[7.070869,4.827761],[7.070936,4.827848]]]}},{"type":"Feature","properties":{"h":3.0,"on_route":false},"geometry":{"type":"Polygon","coordinates":[[[7.071791,4.831478],[7.071672,4.831521],[7.071643,4.831438],[7.071762,4.831396],[7.071791,4.831478]]]}},{"type":"Feature","properties":{"h":3.0,"on_route":false},"geometry":{"type":"Polygon","coordinates":[[[7.071112,4.83127],[7.071052,4.83129],[7.071033,4.831233],[7.071093,4.831212],[7.071112,4.83127]]]}},{"type":"Feature","properties":{"h":3.0,"on_route":false},"geometry":{"type":"Polygon","coordinates":[[[7.073829,4.826443],[7.073727,4.826472],[7.073666,4.826252],[7.073768,4.826223],[7.073829,4.826443]]]}},{"type":"Feature","properties":{"h":3.0,"on_route":false},"geometry":{"type":"Polygon","coordinates":[[[7.073128,4.826052],[7.072962,4.826122],[7.072916,4.826014],[7.073082,4.825943],[7.073128,4.826052]]]}},{"type":"Feature","properties":{"h":3.0,"on_route":false},"geometry":{"type":"Polygon","coordinates":[[[7.071085,4.827159],[7.071081,4.827197],[7.071107,4.827199],[7.071097,4.827309],[7.070912,4.827293],[7.070925,4.827145],[7.071085,4.827159]]]}},{"type":"Feature","properties":{"h":3.0,"on_route":false},"geometry":{"type":"Polygon","coordinates":[[[7.073994,4.832524],[7.073862,4.832672],[7.073748,4.83257],[7.073788,4.832525],[7.073756,4.832497],[7.073849,4.832393],[7.073994,4.832524]]]}},{"type":"Feature","properties":{"h":3.0,"on_route":false},"geometry":{"type":"Polygon","coordinates":[[[7.074804,4.831901],[7.074762,4.832059],[7.07466,4.832031],[7.074703,4.831873],[7.074804,4.831901]]]}},{"type":"Feature","properties":{"h":3.0,"on_route":false},"geometry":{"type":"Polygon","coordinates":[[[7.070214,4.830806],[7.070143,4.830914],[7.070097,4.830883],[7.070084,4.830902],[7.070054,4.830882],[7.070067,4.830863],[7.07,4.830818],[7.070071,4.83071],[7.070214,4.830806]]]}},{"type":"Feature","properties":{"h":3.0,"on_route":false},"geometry":{"type":"Polygon","coordinates":[[[7.07188,4.832203],[7.071807,4.83223],[7.071788,4.832175],[7.071861,4.832149],[7.07188,4.832203]]]}},{"type":"Feature","properties":{"h":3.0,"on_route":false},"geometry":{"type":"Polygon","coordinates":[[[7.0735,4.830825],[7.073377,4.830914],[7.073362,4.830893],[7.07331,4.83093],[7.073252,4.83085],[7.073427,4.830724],[7.0735,4.830825]]]}},{"type":"Feature","properties":{"h":3.0,"on_route":false},"geometry":{"type":"Polygon","coordinates":[[[7.074129,4.825391],[7.074064,4.825411],[7.074001,4.825205],[7.074065,4.825185],[7.074129,4.825391]]]}},{"type":"Feature","properties":{"h":3.0,"on_route":false},"geometry":{"type":"Polygon","coordinates":[[[7.071653,4.832289],[7.071578,4.832317],[7.071532,4.832193],[7.071608,4.832165],[7.071653,4.832289]]]}},{"type":"Feature","properties":{"h":3.0,"on_route":false},"geometry":{"type":"Polygon","coordinates":[[[7.072802,4.83083],[7.072733,4.830904],[7.072611,4.830789],[7.072681,4.830715],[7.072802,4.83083]]]}},{"type":"Feature","properties":{"h":3.0,"on_route":false},"geometry":{"type":"Polygon","coordinates":[[[7.072051,4.830412],[7.07201,4.830434],[7.071994,4.830402],[7.072034,4.830381],[7.072051,4.830412]]]}},{"type":"Feature","properties":{"h":3.0,"on_route":false},"geometry":{"type":"Polygon","coordinates":[[[7.073591,4.827821],[7.07355,4.827852],[7.073529,4.827823],[7.07357,4.827793],[7.073591,4.827821]]]}},{"type":"Feature","properties":{"h":3.0,"on_route":false},"geometry":{"type":"Polygon","coordinates":[[[7.072357,4.829847],[7.072289,4.829904],[7.072243,4.82985],[7.072312,4.829793],[7.072357,4.829847]]]}},{"type":"Feature","properties":{"h":3.0,"on_route":false},"geometry":{"type":"Polygon","coordinates":[[[7.076623,4.831777],[7.076605,4.83183],[7.076539,4.831807],[7.076558,4.831754],[7.076623,4.831777]]]}},{"type":"Feature","properties":{"h":3.0,"on_route":false},"geometry":{"type":"Polygon","coordinates":[[[7.070652,4.827715],[7.070601,4.827744],[7.070506,4.827576],[7.070558,4.827547],[7.070652,4.827715]]]}},{"type":"Feature","properties":{"h":3.0,"on_route":false},"geometry":{"type":"Polygon","coordinates":[[[7.069905,4.830868],[7.069848,4.831018],[7.069761,4.830985],[7.069819,4.830835],[7.069905,4.830868]]]}},{"type":"Feature","properties":{"h":3.0,"on_route":false},"geometry":{"type":"Polygon","coordinates":[[[7.070386,4.829927],[7.07034,4.829996],[7.070209,4.829907],[7.070256,4.829839],[7.070386,4.829927]]]}},{"type":"Feature","properties":{"h":3.0,"on_route":false},"geometry":{"type":"Polygon","coordinates":[[[7.076,4.832424],[7.075982,4.83248],[7.07583,4.832431],[7.075848,4.832375],[7.076,4.832424]]]}},{"type":"Feature","properties":{"h":3.0,"on_route":false},"geometry":{"type":"Polygon","coordinates":[[[7.071369,4.827123],[7.071208,4.827156],[7.071186,4.82705],[7.071348,4.827017],[7.071369,4.827123]]]}},{"type":"Feature","properties":{"h":3.0,"on_route":false},"geometry":{"type":"Polygon","coordinates":[[[7.075568,4.826786],[7.075499,4.826821],[7.075461,4.826743],[7.07553,4.826709],[7.075568,4.826786]]]}},{"type":"Feature","properties":{"h":3.0,"on_route":false},"geometry":{"type":"Polygon","coordinates":[[[7.069993,4.829093],[7.069983,4.829189],[7.069906,4.829181],[7.069916,4.829085],[7.069993,4.829093]]]}},{"type":"Feature","properties":{"h":3.0,"on_route":false},"geometry":{"type":"Polygon","coordinates":[[[7.071144,4.827867],[7.071043,4.827937],[7.070951,4.827802],[7.071052,4.827733],[7.071144,4.827867]]]}},{"type":"Feature","properties":{"h":3.0,"on_route":false},"geometry":{"type":"Polygon","coordinates":[[[7.070705,4.827033],[7.070601,4.82718],[7.070491,4.827102],[7.070595,4.826955],[7.070705,4.827033]]]}},{"type":"Feature","properties":{"h":3.0,"on_route":false},"geometry":{"type":"Polygon","coordinates":[[[7.073492,4.825779],[7.073433,4.825799],[7.073415,4.825746],[7.073474,4.825726],[7.073492,4.825779]]]}},{"type":"Feature","properties":{"h":3.0,"on_route":false},"geometry":{"type":"Polygon","coordinates":[[[7.075225,4.832621],[7.07511,4.83263],[7.075101,4.832507],[7.075215,4.832498],[7.075225,4.832621]]]}},{"type":"Feature","properties":{"h":3.0,"on_route":false},"geometry":{"type":"Polygon","coordinates":[[[7.070758,4.830841],[7.070712,4.830893],[7.070768,4.830943],[7.070722,4.830994],[7.0706,4.830886],[7.070673,4.830802],[7.070656,4.830787],[7.070674,4.830767],[7.070758,4.830841]]]}},{"type":"Feature","properties":{"h":3.0,"on_route":false},"geometry":{"type":"Polygon","coordinates":[[[7.075873,4.82603],[7.075854,4.82599],[7.075957,4.825941],[7.075976,4.825982],[7.075873,4.82603]]]}},{"type":"Feature","properties":{"h":3.0,"on_route":false},"geometry":{"type":"Polygon","coordinates":[[[7.069633,4.829346],[7.069617,4.829414],[7.069542,4.829395],[7.069558,4.829328],[7.069633,4.829346]]]}},{"type":"Feature","properties":{"h":3.0,"on_route":false},"geometry":{"type":"Polygon","coordinates":[[[7.071186,4.827049],[7.071196,4.827157],[7.071132,4.827163],[7.071123,4.827055],[7.071186,4.827049]]]}},{"type":"Feature","properties":{"h":3.0,"on_route":false},"geometry":{"type":"Polygon","coordinates":[[[7.072676,4.832759],[7.072688,4.83279],[7.07266,4.832802],[7.072647,4.832771],[7.072676,4.832759]]]}},{"type":"Feature","properties":{"h":3.0,"on_route":false},"geometry":{"type":"Polygon","coordinates":[[[7.071873,4.830384],[7.07196,4.830488],[7.071924,4.830518],[7.071837,4.830414],[7.071873,4.830384]]]}},{"type":"Feature","properties":{"h":3.0,"on_route":false},"geometry":{"type":"Polygon","coordinates":[[[7.073878,4.827034],[7.073854,4.827042],[7.073865,4.827077],[7.07382,4.827092],[7.073809,4.827057],[7.073777,4.827067],[7.073706,4.826852],[7.073808,4.826818],[7.073878,4.827034]]]}},{"type":"Feature","properties":{"h":3.0,"on_route":false},"geometry":{"type":"Polygon","coordinates":[[[7.071385,4.827836],[7.071301,4.827874],[7.071268,4.827799],[7.071351,4.827761],[7.071385,4.827836]]]}},{"type":"Feature","properties":{"h":3.0,"on_route":false},"geometry":{"type":"Polygon","coordinates":[[[7.074351,4.832746],[7.074268,4.832729],[7.074283,4.832652],[7.074367,4.832669],[7.074351,4.832746]]]}},{"type":"Feature","properties":{"h":3.0,"on_route":false},"geometry":{"type":"Polygon","coordinates":[[[7.071165,4.832964],[7.071041,4.832974],[7.071032,4.832877],[7.071155,4.832865],[7.071165,4.832964]]]}},{"type":"Feature","properties":{"h":3.0,"on_route":false},"geometry":{"type":"Polygon","coordinates":[[[7.073321,4.830519],[7.073219,4.830586],[7.073078,4.830368],[7.07318,4.830301],[7.073321,4.830519]]]}},{"type":"Feature","properties":{"h":3.0,"on_route":false},"geometry":{"type":"Polygon","coordinates":[[[7.072467,4.829563],[7.072298,4.829663],[7.072265,4.829607],[7.072434,4.829507],[7.072467,4.829563]]]}},{"type":"Feature","properties":{"h":3.0,"on_route":false},"geometry":{"type":"Polygon","coordinates":[[[7.07375,4.831222],[7.07362,4.831308],[7.073553,4.831206],[7.07358,4.831188],[7.073487,4.831045],[7.07346,4.831063],[7.073419,4.831002],[7.073447,4.830984],[7.073419,4.830942],[7.073522,4.830874],[7.07375,4.831222]]]}},{"type":"Feature","properties":{"h":3.0,"on_route":false},"geometry":{"type":"Polygon","coordinates":[[[7.074072,4.833298],[7.074067,4.833345],[7.074025,4.833341],[7.074029,4.833294],[7.074072,4.833298]]]}},{"type":"Feature","properties":{"h":3.0,"on_route":false},"geometry":{"type":"Polygon","coordinates":[[[7.070952,4.826881],[7.070906,4.826852],[7.070943,4.826795],[7.070988,4.826824],[7.070952,4.826881]]]}},{"type":"Feature","properties":{"h":3.0,"on_route":false},"geometry":{"type":"Polygon","coordinates":[[[7.073414,4.824914],[7.073304,4.824955],[7.073276,4.824879],[7.073386,4.824838],[7.073414,4.824914]]]}},{"type":"Feature","properties":{"h":3.0,"on_route":false},"geometry":{"type":"Polygon","coordinates":[[[7.0715,4.832073],[7.07142,4.832106],[7.071406,4.832069],[7.071371,4.832083],[7.071351,4.832032],[7.071465,4.831986],[7.0715,4.832073]]]}},{"type":"Feature","properties":{"h":3.0,"on_route":false},"geometry":{"type":"Polygon","coordinates":[[[7.071185,4.831231],[7.071119,4.831269],[7.071078,4.831197],[7.071144,4.831159],[7.071185,4.831231]]]}},{"type":"Feature","properties":{"h":3.0,"on_route":false},"geometry":{"type":"Polygon","coordinates":[[[7.072057,4.833223],[7.071996,4.833275],[7.071958,4.83323],[7.072019,4.833178],[7.072057,4.833223]]]}},{"type":"Feature","properties":{"h":3.0,"on_route":false},"geometry":{"type":"Polygon","coordinates":[[[7.071717,4.831261],[7.071615,4.831296],[7.071558,4.83113],[7.07166,4.831095],[7.071717,4.831261]]]}},{"type":"Feature","properties":{"h":3.0,"on_route":false},"geometry":{"type":"Polygon","coordinates":[[[7.072227,4.833481],[7.072188,4.833519],[7.072112,4.833441],[7.072151,4.833402],[7.072227,4.833481]]]}},{"type":"Feature","properties":{"h":3.0,"on_route":false},"geometry":{"type":"Polygon","coordinates":[[[7.071004,4.832645],[7.07091,4.832675],[7.070887,4.832602],[7.070981,4.832572],[7.071004,4.832645]]]}},{"type":"Feature","properties":{"h":3.0,"on_route":false},"geometry":{"type":"Polygon","coordinates":[[[7.071358,4.832367],[7.071321,4.832392],[7.071285,4.83234],[7.071322,4.832314],[7.071358,4.832367]]]}},{"type":"Feature","properties":{"h":3.0,"on_route":false},"geometry":{"type":"Polygon","coordinates":[[[7.075188,4.825944],[7.075101,4.825972],[7.075051,4.825813],[7.075138,4.825785],[7.075188,4.825944]]]}},{"type":"Feature","properties":{"h":3.0,"on_route":false},"geometry":{"type":"Polygon","coordinates":[[[7.070305,4.829255],[7.070288,4.829443],[7.070185,4.829434],[7.070192,4.829354],[7.070151,4.829351],[7.070157,4.829283],[7.070197,4.829287],[7.070201,4.829246],[7.070305,4.829255]]]}},{"type":"Feature","properties":{"h":3.0,"on_route":false},"geometry":{"type":"Polygon","coordinates":[[[7.074252,4.824744],[7.074277,4.82487],[7.074256,4.824874],[7.074266,4.824928],[7.074273,4.824961],[7.074165,4.824982],[7.074122,4.824769],[7.074252,4.824744]]]}},{"type":"Feature","properties":{"h":3.0,"on_route":true},"geometry":{"type":"Polygon","coordinates":[[[7.073435,4.828429],[7.073197,4.828614],[7.073145,4.828546],[7.073383,4.828362],[7.073435,4.828429]]]}},{"type":"Feature","properties":{"h":3.0,"on_route":false},"geometry":{"type":"Polygon","coordinates":[[[7.073973,4.826398],[7.07388,4.826423],[7.073872,4.826395],[7.073965,4.82637],[7.073973,4.826398]]]}},{"type":"Feature","properties":{"h":3.0,"on_route":false},"geometry":{"type":"Polygon","coordinates":[[[7.074962,4.824973],[7.074744,4.825087],[7.074695,4.824993],[7.074913,4.824879],[7.074962,4.824973]]]}},{"type":"Feature","properties":{"h":3.0,"on_route":false},"geometry":{"type":"Polygon","coordinates":[[[7.071782,4.830364],[7.071709,4.830434],[7.071599,4.830317],[7.071672,4.830248],[7.071782,4.830364]]]}},{"type":"Feature","properties":{"h":3.0,"on_route":false},"geometry":{"type":"Polygon","coordinates":[[[7.069836,4.827922],[7.069828,4.827966],[7.06977,4.827955],[7.069779,4.827911],[7.069836,4.827922]]]}},{"type":"Feature","properties":{"h":3.0,"on_route":false},"geometry":{"type":"Polygon","coordinates":[[[7.070908,4.832063],[7.070761,4.832121],[7.070739,4.832066],[7.070887,4.832008],[7.070908,4.832063]]]}},{"type":"Feature","properties":{"h":3.0,"on_route":false},"geometry":{"type":"Polygon","coordinates":[[[7.074511,4.827149],[7.074393,4.827241],[7.074345,4.827179],[7.074464,4.827087],[7.074511,4.827149]]]}},{"type":"Feature","properties":{"h":3.0,"on_route":false},"geometry":{"type":"Polygon","coordinates":[[[7.072411,4.8315],[7.072408,4.831535],[7.072474,4.83154],[7.072459,4.831724],[7.07238,4.831717],[7.072397,4.831499],[7.072411,4.8315]]]}},{"type":"Feature","properties":{"h":3.0,"on_route":false},"geometry":{"type":"Polygon","coordinates":[[[7.073589,4.832822],[7.073613,4.833057],[7.073481,4.83307],[7.073457,4.832835],[7.073589,4.832822]]]}},{"type":"Feature","properties":{"h":3.0,"on_route":false},"geometry":{"type":"Polygon","coordinates":[[[7.072065,4.8325],[7.071869,4.832607],[7.071817,4.83251],[7.071994,4.832414],[7.072013,4.83245],[7.072032,4.832439],[7.072065,4.8325]]]}},{"type":"Feature","properties":{"h":3.0,"on_route":false},"geometry":{"type":"Polygon","coordinates":[[[7.071061,4.829879],[7.07098,4.829944],[7.070944,4.829898],[7.071025,4.829834],[7.071061,4.829879]]]}},{"type":"Feature","properties":{"h":3.0,"on_route":false},"geometry":{"type":"Polygon","coordinates":[[[7.071643,4.83315],[7.071605,4.833173],[7.071507,4.833014],[7.071544,4.832991],[7.071643,4.83315]]]}},{"type":"Feature","properties":{"h":3.0,"on_route":false},"geometry":{"type":"Polygon","coordinates":[[[7.07427,4.826781],[7.074162,4.826816],[7.074128,4.826711],[7.074235,4.826675],[7.07427,4.826781]]]}},{"type":"Feature","properties":{"h":3.0,"on_route":false},"geometry":{"type":"Polygon","coordinates":[[[7.074205,4.827231],[7.074079,4.82727],[7.074055,4.827192],[7.074181,4.827153],[7.074205,4.827231]]]}},{"type":"Feature","properties":{"h":3.0,"on_route":false},"geometry":{"type":"Polygon","coordinates":[[[7.069683,4.829129],[7.069659,4.829201],[7.06959,4.829177],[7.069614,4.829105],[7.069683,4.829129]]]}},{"type":"Feature","properties":{"h":3.0,"on_route":false},"geometry":{"type":"Polygon","coordinates":[[[7.071226,4.828867],[7.071171,4.828922],[7.071108,4.828858],[7.071163,4.828803],[7.071226,4.828867]]]}},{"type":"Feature","properties":{"h":3.0,"on_route":false},"geometry":{"type":"Polygon","coordinates":[[[7.072403,4.831427],[7.072394,4.831538],[7.072275,4.831529],[7.072283,4.831418],[7.072403,4.831427]]]}},{"type":"Feature","properties":{"h":3.0,"on_route":false},"geometry":{"type":"Polygon","coordinates":[[[7.069678,4.830328],[7.069674,4.830374],[7.069642,4.830371],[7.069633,4.830479],[7.06957,4.830473],[7.069584,4.83032],[7.069678,4.830328]]]}},{"type":"Feature","properties":{"h":3.0,"on_route":false},"geometry":{"type":"Polygon","coordinates":[[[7.075151,4.833587],[7.075141,4.833645],[7.074919,4.833605],[7.07493,4.833547],[7.075151,4.833587]]]}},{"type":"Feature","properties":{"h":3.0,"on_route":true},"geometry":{"type":"Polygon","coordinates":[[[7.072591,4.827385],[7.072527,4.82743],[7.072443,4.827311],[7.072508,4.827266],[7.072591,4.827385]]]}},{"type":"Feature","properties":{"h":3.0,"on_route":false},"geometry":{"type":"Polygon","coordinates":[[[7.072281,4.833428],[7.072246,4.833459],[7.072178,4.833382],[7.072214,4.833351],[7.072281,4.833428]]]}},{"type":"Feature","properties":{"h":3.0,"on_route":false},"geometry":{"type":"Polygon","coordinates":[[[7.076112,4.825695],[7.07598,4.825733],[7.075937,4.825582],[7.076069,4.825545],[7.076112,4.825695]]]}},{"type":"Feature","properties":{"h":3.0,"on_route":false},"geometry":{"type":"Polygon","coordinates":[[[7.074406,4.832548],[7.074395,4.832587],[7.074336,4.832569],[7.074348,4.83253],[7.074406,4.832548]]]}},{"type":"Feature","properties":{"h":3.0,"on_route":false},"geometry":{"type":"Polygon","coordinates":[[[7.071845,4.833402],[7.071877,4.833445],[7.071848,4.833466],[7.071817,4.833423],[7.071845,4.833402]]]}},{"type":"Feature","properties":{"h":3.0,"on_route":false},"geometry":{"type":"Polygon","coordinates":[[[7.074086,4.826704],[7.073941,4.826751],[7.073907,4.826645],[7.074052,4.826598],[7.074086,4.826704]]]}},{"type":"Feature","properties":{"h":3.0,"on_route":false},"geometry":{"type":"Polygon","coordinates":[[[7.070049,4.827357],[7.069947,4.827521],[7.069963,4.827531],[7.069916,4.827607],[7.069863,4.827573],[7.070012,4.827334],[7.070049,4.827357]]]}},{"type":"Feature","properties":{"h":3.0,"on_route":false},"geometry":{"type":"Polygon","coordinates":[[[7.076346,4.831782],[7.076318,4.831871],[7.076266,4.831855],[7.076294,4.831766],[7.076346,4.831782]]]}},{"type":"Feature","properties":{"h":3.0,"on_route":true},"geometry":{"type":"Polygon","coordinates":[[[7.072365,4.827976],[7.07226,4.828044],[7.072152,4.827877],[7.072258,4.827809],[7.072365,4.827976]]]}},{"type":"Feature","properties":{"h":3.0,"on_route":false},"geometry":{"type":"Polygon","coordinates":[[[7.074498,4.832713],[7.074495,4.832744],[7.074455,4.83274],[7.074458,4.832709],[7.074498,4.832713]]]}},{"type":"Feature","properties":{"h":3.0,"on_route":false},"geometry":{"type":"Polygon","coordinates":[[[7.072264,4.829911],[7.072158,4.830001],[7.072112,4.829947],[7.072219,4.829857],[7.072264,4.829911]]]}},{"type":"Feature","properties":{"h":3.0,"on_route":false},"geometry":{"type":"Polygon","coordinates":[[[7.073779,4.826659],[7.073702,4.826685],[7.073659,4.826556],[7.073736,4.82653],[7.073779,4.826659]]]}},{"type":"Feature","properties":{"h":3.0,"on_route":false},"geometry":{"type":"Polygon","coordinates":[[[7.07567,4.832113],[7.075682,4.832343],[7.075565,4.83235],[7.075552,4.832119],[7.07567,4.832113]]]}},{"type":"Feature","properties":{"h":3.0,"on_route":false},"geometry":{"type":"Polygon","coordinates":[[[7.069735,4.830591],[7.069683,4.830698],[7.069634,4.830674],[7.069686,4.830568],[7.069735,4.830591]]]}},{"type":"Feature","properties":{"h":3.0,"on_route":false},"geometry":{"type":"Polygon","coordinates":[[[7.072884,4.833842],[7.072805,4.833972],[7.072719,4.833918],[7.072798,4.833788],[7.072884,4.833842]]]}},{"type":"Feature","properties":{"h":3.0,"on_route":false},"geometry":{"type":"Polygon","coordinates":[[[7.074506,4.827562],[7.07443,4.82762],[7.074285,4.82743],[7.074361,4.827372],[7.074506,4.827562]]]}},{"type":"Feature","properties":{"h":3.0,"on_route":false},"geometry":{"type":"Polygon","coordinates":[[[7.074718,4.825154],[7.074701,4.825117],[7.074808,4.825066],[7.074826,4.825103],[7.074718,4.825154]]]}},{"type":"Feature","properties":{"h":3.0,"on_route":false},"geometry":{"type":"Polygon","coordinates":[[[7.073614,4.827229],[7.073496,4.827283],[7.073462,4.827208],[7.07358,4.827154],[7.073614,4.827229]]]}},{"type":"Feature","properties":{"h":3.0,"on_route":false},"geometry":{"type":"Polygon","coordinates":[[[7.075193,4.825412],[7.075096,4.825442],[7.075078,4.825382],[7.075175,4.825353],[7.075193,4.825412]]]}},{"type":"Feature","properties":{"h":3.0,"on_route":false},"geometry":{"type":"Polygon","coordinates":[[[7.075409,4.825478],[7.075308,4.825513],[7.07529,4.825461],[7.075391,4.825426],[7.075409,4.825478]]]}},{"type":"Feature","properties":{"h":3.0,"on_route":false},"geometry":{"type":"Polygon","coordinates":[[[7.074146,4.832832],[7.074161,4.833024],[7.074111,4.833027],[7.074096,4.832836],[7.074146,4.832832]]]}},{"type":"Feature","properties":{"h":3.0,"on_route":false},"geometry":{"type":"Polygon","coordinates":[[[7.07261,4.826222],[7.072544,4.826132],[7.07266,4.826047],[7.072725,4.826136],[7.07261,4.826222]]]}},{"type":"Feature","properties":{"h":3.0,"on_route":false},"geometry":{"type":"Polygon","coordinates":[[[7.071369,4.828573],[7.071223,4.828615],[7.07117,4.828429],[7.071316,4.828387],[7.071369,4.828573]]]}},{"type":"Feature","properties":{"h":3.0,"on_route":false},"geometry":{"type":"Polygon","coordinates":[[[7.071843,4.831133],[7.071723,4.831174],[7.071692,4.831083],[7.071812,4.831042],[7.071843,4.831133]]]}},{"type":"Feature","properties":{"h":3.0,"on_route":false},"geometry":{"type":"Polygon","coordinates":[[[7.075931,4.825656],[7.075804,4.825693],[7.075772,4.825583],[7.075899,4.825546],[7.075931,4.825656]]]}},{"type":"Feature","properties":{"h":3.0,"on_route":false},"geometry":{"type":"Polygon","coordinates":[[[7.072568,4.829873],[7.072512,4.829917],[7.072441,4.829826],[7.072497,4.829782],[7.072568,4.829873]]]}},{"type":"Feature","properties":{"h":3.0,"on_route":false},"geometry":{"type":"Polygon","coordinates":[[[7.074614,4.832231],[7.074598,4.832281],[7.074469,4.83224],[7.074484,4.83219],[7.074614,4.832231]]]}},{"type":"Feature","properties":{"h":3.0,"on_route":false},"geometry":{"type":"Polygon","coordinates":[[[7.072498,4.833058],[7.07242,4.83311],[7.072319,4.832958],[7.072285,4.832981],[7.072244,4.832917],[7.072356,4.832843],[7.072498,4.833058]]]}},{"type":"Feature","properties":{"h":3.0,"on_route":false},"geometry":{"type":"Polygon","coordinates":[[[7.073365,4.824834],[7.073266,4.824883],[7.073199,4.824747],[7.073299,4.824698],[7.073365,4.824834]]]}},{"type":"Feature","properties":{"h":3.0,"on_route":false},"geometry":{"type":"Polygon","coordinates":[[[7.072478,4.825584],[7.072458,4.825689],[7.072412,4.825681],[7.072431,4.825575],[7.072478,4.825584]]]}},{"type":"Feature","properties":{"h":3.0,"on_route":false},"geometry":{"type":"Polygon","coordinates":[[[7.073342,4.827355],[7.073291,4.827392],[7.073201,4.827268],[7.073252,4.827231],[7.073342,4.827355]]]}},{"type":"Feature","properties":{"h":3.0,"on_route":false},"geometry":{"type":"Polygon","coordinates":[[[7.071055,4.831051],[7.070995,4.831109],[7.070957,4.83107],[7.071017,4.831011],[7.071055,4.831051]]]}},{"type":"Feature","properties":{"h":3.0,"on_route":false},"geometry":{"type":"Polygon","coordinates":[[[7.069802,4.827435],[7.069785,4.827509],[7.069694,4.827488],[7.069711,4.827413],[7.069802,4.827435]]]}},{"type":"Feature","properties":{"h":3.0,"on_route":false},"geometry":{"type":"Polygon","coordinates":[[[7.074251,4.82535],[7.07414,4.825385],[7.0741,4.825255],[7.074211,4.82522],[7.074251,4.82535]]]}},{"type":"Feature","properties":{"h":3.0,"on_route":false},"geometry":{"type":"Polygon","coordinates":[[[7.074962,4.825566],[7.075031,4.825763],[7.074942,4.825795],[7.074873,4.825598],[7.074962,4.825566]]]}},{"type":"Feature","properties":{"h":3.0,"on_route":false},"geometry":{"type":"Polygon","coordinates":[[[7.073254,4.832445],[7.073135,4.83251],[7.073091,4.832429],[7.073211,4.832364],[7.073254,4.832445]]]}},{"type":"Feature","properties":{"h":3.0,"on_route":false},"geometry":{"type":"Polygon","coordinates":[[[7.072589,4.832255],[7.07249,4.832291],[7.072421,4.832099],[7.072519,4.832063],[7.072589,4.832255]]]}},{"type":"Feature","properties":{"h":3.0,"on_route":false},"geometry":{"type":"Polygon","coordinates":[[[7.069789,4.831289],[7.069779,4.831336],[7.069703,4.83132],[7.069712,4.831274],[7.069789,4.831289]]]}},{"type":"Feature","properties":{"h":3.0,"on_route":false},"geometry":{"type":"Polygon","coordinates":[[[7.076172,4.83162],[7.076114,4.831626],[7.076103,4.831518],[7.076161,4.831512],[7.076172,4.83162]]]}},{"type":"Feature","properties":{"h":3.0,"on_route":false},"geometry":{"type":"Polygon","coordinates":[[[7.070369,4.827866],[7.070269,4.827914],[7.070227,4.827826],[7.070327,4.827778],[7.070369,4.827866]]]}},{"type":"Feature","properties":{"h":3.0,"on_route":false},"geometry":{"type":"Polygon","coordinates":[[[7.075211,4.826026],[7.075114,4.826051],[7.075097,4.825987],[7.075194,4.825962],[7.075211,4.826026]]]}},{"type":"Feature","properties":{"h":3.0,"on_route":false},"geometry":{"type":"Polygon","coordinates":[[[7.075139,4.825312],[7.075161,4.825305],[7.075175,4.825353],[7.075071,4.825385],[7.075026,4.825237],[7.075109,4.825212],[7.075139,4.825312]]]}},{"type":"Feature","properties":{"h":3.0,"on_route":false},"geometry":{"type":"Polygon","coordinates":[[[7.072013,4.827969],[7.071916,4.828033],[7.071876,4.827973],[7.071974,4.827909],[7.072013,4.827969]]]}},{"type":"Feature","properties":{"h":3.0,"on_route":false},"geometry":{"type":"Polygon","coordinates":[[[7.073631,4.825176],[7.073531,4.825203],[7.073473,4.824987],[7.073573,4.82496],[7.073631,4.825176]]]}},{"type":"Feature","properties":{"h":3.0,"on_route":false},"geometry":{"type":"Polygon","coordinates":[[[7.074001,4.828424],[7.073955,4.828455],[7.073935,4.828426],[7.073981,4.828395],[7.074001,4.828424]]]}},{"type":"Feature","properties":{"h":3.0,"on_route":false},"geometry":{"type":"Polygon","coordinates":[[[7.07117,4.826198],[7.070997,4.826238],[7.070979,4.826162],[7.071152,4.826121],[7.07117,4.826198]]]}},{"type":"Feature","properties":{"h":3.0,"on_route":false},"geometry":{"type":"Polygon","coordinates":[[[7.074082,4.833903],[7.074085,4.834019],[7.074036,4.83402],[7.074035,4.834002],[7.073907,4.834006],[7.073904,4.833908],[7.074082,4.833903]]]}},{"type":"Feature","properties":{"h":3.0,"on_route":false},"geometry":{"type":"Polygon","coordinates":[[[7.074868,4.827124],[7.074757,4.827202],[7.074633,4.827022],[7.074744,4.826945],[7.074868,4.827124]]]}},{"type":"Feature","properties":{"h":3.0,"on_route":false},"geometry":{"type":"Polygon","coordinates":[[[7.073133,4.82735],[7.073091,4.827386],[7.073012,4.827294],[7.073055,4.827257],[7.073133,4.82735]]]}},{"type":"Feature","properties":{"h":3.0,"on_route":false},"geometry":{"type":"Polygon","coordinates":[[[7.070177,4.828041],[7.070158,4.828149],[7.07006,4.828131],[7.070079,4.828024],[7.070177,4.828041]]]}},{"type":"Feature","properties":{"h":3.0,"on_route":false},"geometry":{"type":"Polygon","coordinates":[[[7.069368,4.828985],[7.069359,4.829089],[7.069207,4.829075],[7.069216,4.828972],[7.069368,4.828985]]]}},{"type":"Feature","properties":{"h":3.0,"on_route":false},"geometry":{"type":"Polygon","coordinates":[[[7.070455,4.8306],[7.070438,4.830629],[7.070404,4.830609],[7.070421,4.83058],[7.070455,4.8306]]]}},{"type":"Feature","properties":{"h":3.0,"on_route":false},"geometry":{"type":"Polygon","coordinates":[[[7.07371,4.824976],[7.073682,4.82498],[7.073675,4.82493],[7.073704,4.824927],[7.07371,4.824976]]]}},{"type":"Feature","properties":{"h":3.0,"on_route":false},"geometry":{"type":"Polygon","coordinates":[[[7.073125,4.827423],[7.073048,4.827468],[7.073023,4.827425],[7.0731,4.827379],[7.073125,4.827423]]]}},{"type":"Feature","properties":{"h":3.0,"on_route":false},"geometry":{"type":"Polygon","coordinates":[[[7.070625,4.827369],[7.070586,4.827354],[7.070617,4.827275],[7.070656,4.82729],[7.070625,4.827369]]]}},{"type":"Feature","properties":{"h":3.0,"on_route":false},"geometry":{"type":"Polygon","coordinates":[[[7.073133,4.833305],[7.07318,4.833498],[7.073116,4.833514],[7.073109,4.833486],[7.073047,4.833501],[7.073006,4.833337],[7.073133,4.833305]]]}},{"type":"Feature","properties":{"h":3.0,"on_route":false},"geometry":{"type":"Polygon","coordinates":[[[7.075014,4.82658],[7.07492,4.826613],[7.074871,4.826473],[7.074965,4.82644],[7.075014,4.82658]]]}},{"type":"Feature","properties":{"h":3.0,"on_route":false},"geometry":{"type":"Polygon","coordinates":[[[7.076001,4.825897],[7.07589,4.825936],[7.075877,4.825897],[7.075987,4.825858],[7.076001,4.825897]]]}},{"type":"Feature","properties":{"h":3.0,"on_route":false},"geometry":{"type":"Polygon","coordinates":[[[7.074143,4.826736],[7.074184,4.82686],[7.074141,4.826874],[7.074101,4.82675],[7.074143,4.826736]]]}},{"type":"Feature","properties":{"h":3.0,"on_route":false},"geometry":{"type":"Polygon","coordinates":[[[7.074645,4.825157],[7.074542,4.825191],[7.074484,4.825019],[7.074587,4.824984],[7.074645,4.825157]]]}},{"type":"Feature","properties":{"h":3.0,"on_route":false},"geometry":{"type":"Polygon","coordinates":[[[7.069807,4.82901],[7.06977,4.829005],[7.069774,4.828982],[7.069811,4.828988],[7.069807,4.82901]]]}},{"type":"Feature","properties":{"h":3.0,"on_route":false},"geometry":{"type":"Polygon","coordinates":[[[7.074887,4.832537],[7.074871,4.832596],[7.074799,4.832576],[7.074816,4.832517],[7.074887,4.832537]]]}},{"type":"Feature","properties":{"h":3.0,"on_route":false},"geometry":{"type":"Polygon","coordinates":[[[7.075498,4.833131],[7.075494,4.833187],[7.075373,4.83318],[7.075377,4.833124],[7.075498,4.833131]]]}},{"type":"Feature","properties":{"h":3.0,"on_route":false},"geometry":{"type":"Polygon","coordinates":[[[7.07473,4.825531],[7.074635,4.825559],[7.074569,4.825334],[7.074663,4.825306],[7.07473,4.825531]]]}},{"type":"Feature","properties":{"h":3.0,"on_route":false},"geometry":{"type":"Polygon","coordinates":[[[7.075903,4.825539],[7.075787,4.825571],[7.075732,4.825373],[7.075848,4.825341],[7.075903,4.825539]]]}},{"type":"Feature","properties":{"h":3.0,"on_route":false},"geometry":{"type":"Polygon","coordinates":[[[7.074312,4.824668],[7.07433,4.824718],[7.074358,4.824708],[7.074366,4.824729],[7.074402,4.824716],[7.074421,4.824766],[7.074485,4.824742],[7.074496,4.824774],[7.074297,4.824848],[7.07424,4.824694],[7.074312,4.824668]]]}},{"type":"Feature","properties":{"h":3.0,"on_route":false},"geometry":{"type":"Polygon","coordinates":[[[7.070191,4.826598],[7.070093,4.827029],[7.070036,4.827016],[7.070133,4.826585],[7.070191,4.826598]]]}},{"type":"Feature","properties":{"h":3.0,"on_route":false},"geometry":{"type":"Polygon","coordinates":[[[7.070486,4.827539],[7.070601,4.827744],[7.070546,4.827775],[7.070451,4.827607],[7.07047,4.827596],[7.07045,4.827559],[7.070486,4.827539]]]}},{"type":"Feature","properties":{"h":3.0,"on_route":true},"geometry":{"type":"Polygon","coordinates":[[[7.071408,4.82598],[7.071385,4.825931],[7.071193,4.826018],[7.071169,4.825965],[7.07141,4.825856],[7.071457,4.825957],[7.071408,4.82598]]]}},{"type":"Feature","properties":{"h":3.0,"on_route":false},"geometry":{"type":"Polygon","coordinates":[[[7.075209,4.83277],[7.075092,4.832779],[7.075083,4.83267],[7.0752,4.832661],[7.075209,4.83277]]]}},{"type":"Feature","properties":{"h":3.0,"on_route":false},"geometry":{"type":"Polygon","coordinates":[[[7.069535,4.829997],[7.069523,4.830141],[7.069452,4.830135],[7.069463,4.829991],[7.069535,4.829997]]]}},{"type":"Feature","properties":{"h":3.0,"on_route":false},"geometry":{"type":"Polygon","coordinates":[[[7.07034,4.832328],[7.070258,4.832347],[7.07023,4.832227],[7.070312,4.832208],[7.07034,4.832328]]]}},{"type":"Feature","properties":{"h":3.0,"on_route":false},"geometry":{"type":"Polygon","coordinates":[[[7.074649,4.826994],[7.074607,4.827011],[7.074591,4.826971],[7.074633,4.826954],[7.074649,4.826994]]]}},{"type":"Feature","properties":{"h":3.0,"on_route":false},"geometry":{"type":"Polygon","coordinates":[[[7.071027,4.832977],[7.070951,4.832988],[7.070942,4.83293],[7.071019,4.832918],[7.071027,4.832977]]]}},{"type":"Feature","properties":{"h":3.0,"on_route":false},"geometry":{"type":"Polygon","coordinates":[[[7.071472,4.826262],[7.071468,4.826316],[7.071271,4.826302],[7.071275,4.826248],[7.071472,4.826262]]]}},{"type":"Feature","properties":{"h":3.0,"on_route":false},"geometry":{"type":"Polygon","coordinates":[[[7.073401,4.834067],[7.073252,4.834135],[7.073204,4.834027],[7.073353,4.83396],[7.073401,4.834067]]]}},{"type":"Feature","properties":{"h":3.0,"on_route":false},"geometry":{"type":"Polygon","coordinates":[[[7.074511,4.831256],[7.074517,4.831313],[7.074479,4.831317],[7.074473,4.83126],[7.074511,4.831256]]]}},{"type":"Feature","properties":{"h":3.0,"on_route":false},"geometry":{"type":"Polygon","coordinates":[[[7.075973,4.825794],[7.075858,4.825827],[7.075842,4.825769],[7.075883,4.825757],[7.07586,4.825672],[7.075934,4.825652],[7.075973,4.825794]]]}},{"type":"Feature","properties":{"h":3.0,"on_route":false},"geometry":{"type":"Polygon","coordinates":[[[7.070303,4.829532],[7.07029,4.829583],[7.070131,4.829541],[7.070144,4.829491],[7.070303,4.829532]]]}},{"type":"Feature","properties":{"h":3.0,"on_route":false},"geometry":{"type":"Polygon","coordinates":[[[7.072931,4.831061],[7.072862,4.831253],[7.072754,4.831215],[7.072822,4.831022],[7.072931,4.831061]]]}},{"type":"Feature","properties":{"h":3.0,"on_route":false},"geometry":{"type":"Polygon","coordinates":[[[7.074276,4.831855],[7.074243,4.8319],[7.074169,4.831846],[7.074203,4.831801],[7.074276,4.831855]]]}},{"type":"Feature","properties":{"h":3.0,"on_route":false},"geometry":{"type":"Polygon","coordinates":[[[7.071723,4.827128],[7.071677,4.827147],[7.071641,4.827056],[7.071687,4.827038],[7.071723,4.827128]]]}},{"type":"Feature","properties":{"h":3.0,"on_route":true},"geometry":{"type":"Polygon","coordinates":[[[7.072658,4.827462],[7.07256,4.827523],[7.072514,4.827447],[7.072612,4.827386],[7.072658,4.827462]]]}},{"type":"Feature","properties":{"h":3.0,"on_route":false},"geometry":{"type":"Polygon","coordinates":[[[7.074021,4.833766],[7.07402,4.833786],[7.074045,4.833787],[7.074042,4.833868],[7.073904,4.833864],[7.073907,4.833763],[7.074021,4.833766]]]}},{"type":"Feature","properties":{"h":3.0,"on_route":false},"geometry":{"type":"Polygon","coordinates":[[[7.069843,4.830426],[7.069839,4.830471],[7.069722,4.830462],[7.069725,4.830416],[7.069843,4.830426]]]}},{"type":"Feature","properties":{"h":3.0,"on_route":false},"geometry":{"type":"Polygon","coordinates":[[[7.069843,4.827886],[7.069836,4.827922],[7.069779,4.827911],[7.069785,4.827875],[7.069843,4.827886]]]}},{"type":"Feature","properties":{"h":3.0,"on_route":false},"geometry":{"type":"Polygon","coordinates":[[[7.071921,4.828954],[7.071866,4.829002],[7.071786,4.828912],[7.071841,4.828863],[7.071921,4.828954]]]}},{"type":"Feature","properties":{"h":3.0,"on_route":true},"geometry":{"type":"Polygon","coordinates":[[[7.07233,4.826503],[7.072353,4.826495],[7.072573,4.827128],[7.072476,4.827162],[7.072251,4.826515],[7.072326,4.826489],[7.07233,4.826503]]]}},{"type":"Feature","properties":{"h":3.0,"on_route":false},"geometry":{"type":"Polygon","coordinates":[[[7.070664,4.831558],[7.070704,4.831698],[7.070642,4.831715],[7.070603,4.831575],[7.070664,4.831558]]]}},{"type":"Feature","properties":{"h":3.0,"on_route":false},"geometry":{"type":"Polygon","coordinates":[[[7.070323,4.830563],[7.070269,4.830639],[7.070145,4.830551],[7.070199,4.830475],[7.070323,4.830563]]]}},{"type":"Feature","properties":{"h":3.0,"on_route":false},"geometry":{"type":"Polygon","coordinates":[[[7.07042,4.827967],[7.070359,4.828002],[7.070306,4.827908],[7.070367,4.827873],[7.07042,4.827967]]]}},{"type":"Feature","properties":{"h":3.0,"on_route":false},"geometry":{"type":"Polygon","coordinates":[[[7.074597,4.831584],[7.074532,4.831588],[7.074529,4.831545],[7.074594,4.83154],[7.074597,4.831584]]]}},{"type":"Feature","properties":{"h":3.0,"on_route":false},"geometry":{"type":"Polygon","coordinates":[[[7.071238,4.830849],[7.071306,4.830933],[7.071263,4.830968],[7.071195,4.830884],[7.071238,4.830849]]]}},{"type":"Feature","properties":{"h":3.0,"on_route":false},"geometry":{"type":"Polygon","coordinates":[[[7.075002,4.832203],[7.075011,4.832333],[7.074916,4.832339],[7.074906,4.83221],[7.075002,4.832203]]]}},{"type":"Feature","properties":{"h":3.0,"on_route":false},"geometry":{"type":"Polygon","coordinates":[[[7.071908,4.828617],[7.071796,4.828695],[7.071739,4.828611],[7.071752,4.828602],[7.07171,4.828542],[7.07181,4.828473],[7.071908,4.828617]]]}},{"type":"Feature","properties":{"h":3.0,"on_route":false},"geometry":{"type":"Polygon","coordinates":[[[7.070849,4.832028],[7.070771,4.832042],[7.070761,4.831988],[7.070839,4.831974],[7.070849,4.832028]]]}},{"type":"Feature","properties":{"h":3.0,"on_route":true},"geometry":{"type":"Polygon","coordinates":[[[7.072335,4.827182],[7.072285,4.827195],[7.072262,4.827111],[7.072312,4.827098],[7.072335,4.827182]]]}},{"type":"Feature","properties":{"h":3.0,"on_route":false},"geometry":{"type":"Polygon","coordinates":[[[7.070396,4.827447],[7.070409,4.827494],[7.070353,4.827509],[7.070341,4.827462],[7.070396,4.827447]]]}},{"type":"Feature","properties":{"h":3.0,"on_route":false},"geometry":{"type":"Polygon","coordinates":[[[7.071028,4.833015],[7.071024,4.833066],[7.070921,4.833058],[7.070925,4.833007],[7.071028,4.833015]]]}},{"type":"Feature","properties":{"h":3.0,"on_route":false},"geometry":{"type":"Polygon","coordinates":[[[7.071202,4.827222],[7.071138,4.827228],[7.071132,4.827163],[7.071196,4.827157],[7.071202,4.827222]]]}},{"type":"Feature","properties":{"h":3.0,"on_route":false},"geometry":{"type":"Polygon","coordinates":[[[7.069697,4.828938],[7.069678,4.829028],[7.06962,4.829015],[7.069639,4.828925],[7.069697,4.828938]]]}},{"type":"Feature","properties":{"h":3.0,"on_route":false},"geometry":{"type":"Polygon","coordinates":[[[7.072231,4.831224],[7.072162,4.831235],[7.072129,4.831034],[7.072198,4.831023],[7.072231,4.831224]]]}},{"type":"Feature","properties":{"h":3.0,"on_route":false},"geometry":{"type":"Polygon","coordinates":[[[7.069961,4.831023],[7.069937,4.831082],[7.069848,4.831045],[7.069872,4.830986],[7.069961,4.831023]]]}},{"type":"Feature","properties":{"h":3.0,"on_route":false},"geometry":{"type":"Polygon","coordinates":[[[7.071218,4.831454],[7.071153,4.831462],[7.071143,4.831381],[7.071208,4.831372],[7.071218,4.831454]]]}},{"type":"Feature","properties":{"h":3.0,"on_route":false},"geometry":{"type":"Polygon","coordinates":[[[7.0771,4.831678],[7.077081,4.831748],[7.076898,4.8317],[7.076916,4.83163],[7.0771,4.831678]]]}},{"type":"Feature","properties":{"h":3.0,"on_route":false},"geometry":{"type":"Polygon","coordinates":[[[7.069669,4.829483],[7.069652,4.829659],[7.069552,4.829649],[7.069569,4.829474],[7.069669,4.829483]]]}},{"type":"Feature","properties":{"h":3.0,"on_route":false},"geometry":{"type":"Polygon","coordinates":[[[7.069847,4.827746],[7.069873,4.827872],[7.069817,4.827884],[7.069791,4.827757],[7.069847,4.827746]]]}},{"type":"Feature","properties":{"h":3.0,"on_route":false},"geometry":{"type":"Polygon","coordinates":[[[7.07087,4.828085],[7.070874,4.828119],[7.07084,4.828123],[7.070836,4.828089],[7.07087,4.828085]]]}},{"type":"Feature","properties":{"h":3.0,"on_route":false},"geometry":{"type":"Polygon","coordinates":[[[7.074224,4.832254],[7.074083,4.832416],[7.074008,4.83235],[7.074149,4.832188],[7.074224,4.832254]]]}},{"type":"Feature","properties":{"h":3.0,"on_route":false},"geometry":{"type":"Polygon","coordinates":[[[7.071485,4.828851],[7.071393,4.82893],[7.071272,4.828785],[7.071365,4.828707],[7.071485,4.828851]]]}},{"type":"Feature","properties":{"h":3.0,"on_route":false},"geometry":{"type":"Polygon","coordinates":[[[7.071009,4.831002],[7.070963,4.831047],[7.070821,4.830902],[7.070866,4.830857],[7.071009,4.831002]]]}},{"type":"Feature","properties":{"h":3.0,"on_route":false},"geometry":{"type":"Polygon","coordinates":[[[7.075068,4.83266],[7.074941,4.832675],[7.074935,4.832614],[7.075061,4.832599],[7.075068,4.83266]]]}},{"type":"Feature","properties":{"h":3.0,"on_route":false},"geometry":{"type":"Polygon","coordinates":[[[7.071331,4.833108],[7.071251,4.833115],[7.071242,4.833008],[7.071321,4.833],[7.071331,4.833108]]]}},{"type":"Feature","properties":{"h":3.0,"on_route":false},"geometry":{"type":"Polygon","coordinates":[[[7.070468,4.82635],[7.070431,4.826365],[7.070418,4.826332],[7.070455,4.826317],[7.070468,4.82635]]]}},{"type":"Feature","properties":{"h":3.0,"on_route":false},"geometry":{"type":"Polygon","coordinates":[[[7.071151,4.829676],[7.071116,4.829727],[7.071032,4.829669],[7.071067,4.829618],[7.071151,4.829676]]]}},{"type":"Feature","properties":{"h":3.0,"on_route":false},"geometry":{"type":"Polygon","coordinates":[[[7.0752,4.832475],[7.075091,4.832486],[7.075067,4.832241],[7.075175,4.83223],[7.0752,4.832475]]]}},{"type":"Feature","properties":{"h":3.0,"on_route":false},"geometry":{"type":"Polygon","coordinates":[[[7.07404,4.825425],[7.074059,4.825486],[7.074023,4.825497],[7.074004,4.825437],[7.07404,4.825425]]]}},{"type":"Feature","properties":{"h":3.0,"on_route":false},"geometry":{"type":"Polygon","coordinates":[[[7.076299,4.831637],[7.076206,4.83165],[7.076187,4.831516],[7.07628,4.831503],[7.076299,4.831637]]]}},{"type":"Feature","properties":{"h":3.0,"on_route":false},"geometry":{"type":"Polygon","coordinates":[[[7.070641,4.826418],[7.070594,4.826453],[7.070569,4.826419],[7.070616,4.826384],[7.070641,4.826418]]]}},{"type":"Feature","properties":{"h":3.0,"on_route":false},"geometry":{"type":"Polygon","coordinates":[[[7.073738,4.832038],[7.073631,4.831947],[7.073739,4.831818],[7.073847,4.831908],[7.073738,4.832038]]]}},{"type":"Feature","properties":{"h":3.0,"on_route":false},"geometry":{"type":"Polygon","coordinates":[[[7.073778,4.827573],[7.073637,4.82768],[7.073576,4.827598],[7.073716,4.827491],[7.073778,4.827573]]]}},{"type":"Feature","properties":{"h":3.0,"on_route":false},"geometry":{"type":"Polygon","coordinates":[[[7.074493,4.825609],[7.074412,4.825635],[7.074374,4.825516],[7.074455,4.82549],[7.074493,4.825609]]]}},{"type":"Feature","properties":{"h":3.0,"on_route":false},"geometry":{"type":"Polygon","coordinates":[[[7.070547,4.832302],[7.070556,4.832359],[7.070531,4.832363],[7.070477,4.832372],[7.070467,4.832316],[7.070547,4.832302]]]}},{"type":"Feature","properties":{"h":3.0,"on_route":false},"geometry":{"type":"Polygon","coordinates":[[[7.075217,4.833277],[7.075094,4.833291],[7.075088,4.83324],[7.075211,4.833225],[7.075217,4.833277]]]}},{"type":"Feature","properties":{"h":3.0,"on_route":false},"geometry":{"type":"Polygon","coordinates":[[[7.072212,4.829874],[7.072103,4.829964],[7.071988,4.829825],[7.072097,4.829735],[7.072212,4.829874]]]}},{"type":"Feature","properties":{"h":3.0,"on_route":false},"geometry":{"type":"Polygon","coordinates":[[[7.076619,4.826113],[7.076514,4.826146],[7.076491,4.826072],[7.076596,4.826039],[7.076619,4.826113]]]}},{"type":"Feature","properties":{"h":3.0,"on_route":false},"geometry":{"type":"Polygon","coordinates":[[[7.0747,4.833576],[7.074682,4.833653],[7.07449,4.833609],[7.074508,4.833533],[7.0747,4.833576]]]}},{"type":"Feature","properties":{"h":3.0,"on_route":false},"geometry":{"type":"Polygon","coordinates":[[[7.072303,4.831933],[7.07225,4.831948],[7.072218,4.831836],[7.072271,4.83182],[7.072303,4.831933]]]}},{"type":"Feature","properties":{"h":3.0,"on_route":false},"geometry":{"type":"Polygon","coordinates":[[[7.06983,4.831173],[7.069791,4.831285],[7.069724,4.831261],[7.069763,4.83115],[7.06983,4.831173]]]}},{"type":"Feature","properties":{"h":3.0,"on_route":false},"geometry":{"type":"Polygon","coordinates":[[[7.069893,4.831133],[7.07005,4.83122],[7.070042,4.831272],[7.069838,4.831243],[7.069855,4.831128],[7.069893,4.831133]]]}},{"type":"Feature","properties":{"h":3.0,"on_route":false},"geometry":{"type":"Polygon","coordinates":[[[7.073832,4.833709],[7.073831,4.833754],[7.073765,4.833752],[7.073767,4.833707],[7.073832,4.833709]]]}},{"type":"Feature","properties":{"h":3.0,"on_route":false},"geometry":{"type":"Polygon","coordinates":[[[7.074542,4.824832],[7.074487,4.824843],[7.074476,4.824783],[7.074531,4.824772],[7.074542,4.824832]]]}},{"type":"Feature","properties":{"h":3.0,"on_route":false},"geometry":{"type":"Polygon","coordinates":[[[7.077341,4.828223],[7.077258,4.828283],[7.077131,4.828106],[7.077214,4.828046],[7.077341,4.828223]]]}},{"type":"Feature","properties":{"h":3.0,"on_route":false},"geometry":{"type":"Polygon","coordinates":[[[7.076443,4.826092],[7.076514,4.826294],[7.076412,4.82633],[7.076341,4.826128],[7.076443,4.826092]]]}},{"type":"Feature","properties":{"h":3.0,"on_route":false},"geometry":{"type":"Polygon","coordinates":[[[7.074597,4.826852],[7.074504,4.826872],[7.074463,4.826681],[7.074444,4.826686],[7.07443,4.826622],[7.074542,4.826597],[7.074597,4.826852]]]}},{"type":"Feature","properties":{"h":3.0,"on_route":false},"geometry":{"type":"Polygon","coordinates":[[[7.073574,4.826801],[7.073532,4.826814],[7.07352,4.826775],[7.073562,4.826762],[7.073574,4.826801]]]}},{"type":"Feature","properties":{"h":3.0,"on_route":false},"geometry":{"type":"Polygon","coordinates":[[[7.070625,4.82746],[7.070661,4.827525],[7.070612,4.827553],[7.070576,4.827488],[7.070625,4.82746]]]}},{"type":"Feature","properties":{"h":3.0,"on_route":false},"geometry":{"type":"Polygon","coordinates":[[[7.070488,4.831889],[7.070521,4.831883],[7.07054,4.831991],[7.07038,4.83202],[7.070368,4.831951],[7.0703,4.831963],[7.070278,4.831841],[7.070433,4.831812],[7.070425,4.831768],[7.070465,4.831761],[7.070488,4.831889]]]}},{"type":"Feature","properties":{"h":3.0,"on_route":false},"geometry":{"type":"Polygon","coordinates":[[[7.071061,4.827425],[7.071059,4.827455],[7.071003,4.827452],[7.071004,4.827422],[7.071061,4.827425]]]}},{"type":"Feature","properties":{"h":3.0,"on_route":false},"geometry":{"type":"Polygon","coordinates":[[[7.073776,4.827092],[7.073676,4.827128],[7.073602,4.826918],[7.073702,4.826882],[7.073776,4.827092]]]}},{"type":"Feature","properties":{"h":3.0,"on_route":false},"geometry":{"type":"Polygon","coordinates":[[[7.073288,4.825277],[7.073276,4.82524],[7.073348,4.825217],[7.07336,4.825254],[7.073288,4.825277]]]}},{"type":"Feature","properties":{"h":3.0,"on_route":false},"geometry":{"type":"Polygon","coordinates":[[[7.075537,4.832352],[7.075546,4.832493],[7.075468,4.832498],[7.07546,4.832357],[7.075537,4.832352]]]}},{"type":"Feature","properties":{"h":3.0,"on_route":false},"geometry":{"type":"Polygon","coordinates":[[[7.075567,4.82637],[7.075471,4.826397],[7.075445,4.826305],[7.07554,4.826278],[7.075567,4.82637]]]}},{"type":"Feature","properties":{"h":3.0,"on_route":true},"geometry":{"type":"Polygon","coordinates":[[[7.072174,4.826404],[7.072227,4.826537],[7.07218,4.826556],[7.072128,4.826423],[7.072174,4.826404]]]}},{"type":"Feature","properties":{"h":3.0,"on_route":false},"geometry":{"type":"Polygon","coordinates":[[[7.069666,4.831021],[7.069631,4.831132],[7.069686,4.831149],[7.069674,4.831189],[7.069555,4.831152],[7.069603,4.831001],[7.069666,4.831021]]]}},{"type":"Feature","properties":{"h":3.0,"on_route":false},"geometry":{"type":"Polygon","coordinates":[[[7.075465,4.826999],[7.075407,4.827006],[7.075398,4.826931],[7.075456,4.826924],[7.075465,4.826999]]]}},{"type":"Feature","properties":{"h":3.0,"on_route":false},"geometry":{"type":"Polygon","coordinates":[[[7.069777,4.828994],[7.06975,4.829115],[7.069672,4.829097],[7.0697,4.828976],[7.069777,4.828994]]]}},{"type":"Feature","properties":{"h":3.0,"on_route":false},"geometry":{"type":"Polygon","coordinates":[[[7.072147,4.831694],[7.072088,4.831691],[7.07209,4.831643],[7.072114,4.831644],[7.072115,4.83162],[7.072151,4.831621],[7.072147,4.831694]]]}},{"type":"Feature","properties":{"h":3.0,"on_route":false},"geometry":{"type":"Polygon","coordinates":[[[7.070616,4.826384],[7.070569,4.826419],[7.070515,4.826346],[7.070562,4.826311],[7.070616,4.826384]]]}},{"type":"Feature","properties":{"h":3.0,"on_route":false},"geometry":{"type":"Polygon","coordinates":[[[7.072814,4.827639],[7.072844,4.827682],[7.072825,4.827696],[7.072834,4.827709],[7.072824,4.827717],[7.072784,4.82766],[7.072814,4.827639]]]}},{"type":"Feature","properties":{"h":3.0,"on_route":false},"geometry":{"type":"Polygon","coordinates":[[[7.069584,4.829399],[7.069532,4.829657],[7.069476,4.829646],[7.069528,4.829387],[7.069584,4.829399]]]}},{"type":"Feature","properties":{"h":3.0,"on_route":false},"geometry":{"type":"Polygon","coordinates":[[[7.07124,4.830973],[7.071101,4.831059],[7.071052,4.830981],[7.071192,4.830894],[7.07124,4.830973]]]}},{"type":"Feature","properties":{"h":3.0,"on_route":false},"geometry":{"type":"Polygon","coordinates":[[[7.073952,4.832922],[7.073965,4.833013],[7.074,4.833008],[7.074003,4.83303],[7.073865,4.833049],[7.073849,4.832936],[7.073952,4.832922]]]}},{"type":"Feature","properties":{"h":3.0,"on_route":false},"geometry":{"type":"Polygon","coordinates":[[[7.075031,4.831765],[7.074935,4.831774],[7.074933,4.83175],[7.074891,4.831753],[7.074882,4.83165],[7.07502,4.831638],[7.075031,4.831765]]]}},{"type":"Feature","properties":{"h":3.0,"on_route":false},"geometry":{"type":"Polygon","coordinates":[[[7.073552,4.825352],[7.073455,4.825374],[7.07344,4.825305],[7.073536,4.825283],[7.073552,4.825352]]]}},{"type":"Feature","properties":{"h":3.0,"on_route":false},"geometry":{"type":"Polygon","coordinates":[[[7.069999,4.829035],[7.069993,4.829093],[7.069916,4.829085],[7.069922,4.829027],[7.069999,4.829035]]]}},{"type":"Feature","properties":{"h":3.0,"on_route":false},"geometry":{"type":"Polygon","coordinates":[[[7.073237,4.833679],[7.073229,4.833773],[7.073135,4.833765],[7.073143,4.833671],[7.073237,4.833679]]]}},{"type":"Feature","properties":{"h":3.0,"on_route":false},"geometry":{"type":"Polygon","coordinates":[[[7.07447,4.827057],[7.07443,4.82701],[7.074568,4.826892],[7.074608,4.826939],[7.07447,4.827057]]]}},{"type":"Feature","properties":{"h":3.0,"on_route":false},"geometry":{"type":"Polygon","coordinates":[[[7.070656,4.830378],[7.070594,4.83044],[7.070547,4.830394],[7.070608,4.830331],[7.070656,4.830378]]]}},{"type":"Feature","properties":{"h":3.0,"on_route":false},"geometry":{"type":"Polygon","coordinates":[[[7.070849,4.831541],[7.070664,4.831561],[7.070653,4.83146],[7.070838,4.831439],[7.070849,4.831541]]]}},{"type":"Feature","properties":{"h":3.0,"on_route":false},"geometry":{"type":"Polygon","coordinates":[[[7.074543,4.832743],[7.074537,4.832785],[7.07451,4.832781],[7.074515,4.832739],[7.074543,4.832743]]]}},{"type":"Feature","properties":{"h":3.0,"on_route":false},"geometry":{"type":"Polygon","coordinates":[[[7.070888,4.829013],[7.070857,4.829073],[7.070625,4.828952],[7.070656,4.828892],[7.070888,4.829013]]]}},{"type":"Feature","properties":{"h":3.0,"on_route":false},"geometry":{"type":"Polygon","coordinates":[[[7.074932,4.832105],[7.074905,4.832206],[7.074633,4.832132],[7.07466,4.832031],[7.074932,4.832105]]]}},{"type":"Feature","properties":{"h":3.0,"on_route":false},"geometry":{"type":"Polygon","coordinates":[[[7.071176,4.827657],[7.071181,4.827687],[7.071153,4.827691],[7.071149,4.827661],[7.071176,4.827657]]]}},{"type":"Feature","properties":{"h":3.0,"on_route":false},"geometry":{"type":"Polygon","coordinates":[[[7.070613,4.831964],[7.070616,4.831988],[7.070597,4.83199],[7.07059,4.831917],[7.070702,4.831906],[7.070706,4.831955],[7.070613,4.831964]]]}},{"type":"Feature","properties":{"h":3.0,"on_route":false},"geometry":{"type":"Polygon","coordinates":[[[7.070173,4.827986],[7.070077,4.828003],[7.070039,4.827796],[7.070136,4.827778],[7.070173,4.827986]]]}},{"type":"Feature","properties":{"h":3.0,"on_route":false},"geometry":{"type":"Polygon","coordinates":[[[7.072875,4.827395],[7.072711,4.827495],[7.072658,4.827408],[7.072822,4.827307],[7.072875,4.827395]]]}},{"type":"Feature","properties":{"h":3.0,"on_route":false},"geometry":{"type":"Polygon","coordinates":[[[7.072484,4.826595],[7.072424,4.82662],[7.072394,4.826548],[7.072454,4.826523],[7.072484,4.826595]]]}},{"type":"Feature","properties":{"h":3.0,"on_route":false},"geometry":{"type":"Polygon","coordinates":[[[7.07258,4.828798],[7.072551,4.828822],[7.072489,4.828746],[7.072518,4.828723],[7.07258,4.828798]]]}},{"type":"Feature","properties":{"h":3.0,"on_route":false},"geometry":{"type":"Polygon","coordinates":[[[7.072841,4.833109],[7.072794,4.833153],[7.072664,4.833013],[7.072711,4.83297],[7.072841,4.833109]]]}},{"type":"Feature","properties":{"h":3.0,"on_route":false},"geometry":{"type":"Polygon","coordinates":[[[7.069943,4.831652],[7.069902,4.831658],[7.069892,4.831596],[7.069933,4.831589],[7.069943,4.831652]]]}},{"type":"Feature","properties":{"h":3.0,"on_route":false},"geometry":{"type":"Polygon","coordinates":[[[7.070977,4.826898],[7.070937,4.82696],[7.070866,4.826913],[7.070907,4.826852],[7.070977,4.826898]]]}},{"type":"Feature","properties":{"h":3.0,"on_route":false},"geometry":{"type":"Polygon","coordinates":[[[7.07308,4.827391],[7.073023,4.827425],[7.072995,4.827377],[7.073052,4.827344],[7.07308,4.827391]]]}},{"type":"Feature","properties":{"h":3.0,"on_route":false},"geometry":{"type":"Polygon","coordinates":[[[7.070349,4.828099],[7.070345,4.828155],[7.07037,4.828157],[7.070359,4.828305],[7.070333,4.828303],[7.070337,4.828256],[7.070238,4.828249],[7.07025,4.828091],[7.070349,4.828099]]]}},{"type":"Feature","properties":{"h":3.0,"on_route":false},"geometry":{"type":"Polygon","coordinates":[[[7.071233,4.832659],[7.071165,4.832687],[7.071142,4.83263],[7.071074,4.832659],[7.07106,4.832625],[7.071113,4.832603],[7.071091,4.832551],[7.071174,4.832517],[7.071233,4.832659]]]}},{"type":"Feature","properties":{"h":3.0,"on_route":true},"geometry":{"type":"Polygon","coordinates":[[[7.072826,4.828009],[7.07269,4.828115],[7.07261,4.828012],[7.072746,4.827906],[7.072826,4.828009]]]}},{"type":"Feature","properties":{"h":3.0,"on_route":false},"geometry":{"type":"Polygon","coordinates":[[[7.071408,4.828175],[7.071429,4.828167],[7.071464,4.828261],[7.071443,4.828269],[7.071459,4.828312],[7.071333,4.828359],[7.071268,4.828184],[7.071393,4.828137],[7.071408,4.828175]]]}},{"type":"Feature","properties":{"h":3.0,"on_route":false},"geometry":{"type":"Polygon","coordinates":[[[7.074001,4.825204],[7.074065,4.825415],[7.073997,4.825436],[7.073933,4.825225],[7.074001,4.825204]]]}},{"type":"Feature","properties":{"h":3.0,"on_route":false},"geometry":{"type":"Polygon","coordinates":[[[7.070716,4.826366],[7.070668,4.826392],[7.070649,4.826358],[7.070698,4.826332],[7.070716,4.826366]]]}},{"type":"Feature","properties":{"h":3.0,"on_route":false},"geometry":{"type":"Polygon","coordinates":[[[7.073245,4.831333],[7.073245,4.831388],[7.073189,4.831388],[7.07319,4.831333],[7.073245,4.831333]]]}},{"type":"Feature","properties":{"h":3.0,"on_route":false},"geometry":{"type":"Polygon","coordinates":[[[7.075174,4.83291],[7.075153,4.833018],[7.075025,4.832992],[7.075046,4.832884],[7.075174,4.83291]]]}},{"type":"Feature","properties":{"h":3.0,"on_route":false},"geometry":{"type":"Polygon","coordinates":[[[7.072598,4.830134],[7.072435,4.830301],[7.072343,4.830211],[7.072506,4.830044],[7.072598,4.830134]]]}},{"type":"Feature","properties":{"h":3.0,"on_route":false},"geometry":{"type":"Polygon","coordinates":[[[7.072633,4.832437],[7.072551,4.832471],[7.07249,4.832322],[7.072572,4.832288],[7.072633,4.832437]]]}},{"type":"Feature","properties":{"h":3.0,"on_route":false},"geometry":{"type":"Polygon","coordinates":[[[7.076076,4.831741],[7.075989,4.831953],[7.075901,4.831918],[7.075989,4.831705],[7.076076,4.831741]]]}},{"type":"Feature","properties":{"h":3.0,"on_route":false},"geometry":{"type":"Polygon","coordinates":[[[7.074073,4.827401],[7.073865,4.827479],[7.073848,4.827434],[7.074056,4.827356],[7.074073,4.827401]]]}},{"type":"Feature","properties":{"h":3.0,"on_route":false},"geometry":{"type":"Polygon","coordinates":[[[7.075077,4.82545],[7.074822,4.825525],[7.074803,4.825461],[7.075058,4.825386],[7.075077,4.82545]]]}},{"type":"Feature","properties":{"h":3.0,"on_route":false},"geometry":{"type":"Polygon","coordinates":[[[7.073663,4.827344],[7.073607,4.827357],[7.073594,4.827305],[7.073651,4.827291],[7.073663,4.827344]]]}},{"type":"Feature","properties":{"h":3.0,"on_route":true},"geometry":{"type":"Polygon","coordinates":[[[7.072262,4.827118],[7.072183,4.827147],[7.072131,4.827003],[7.07221,4.826975],[7.072262,4.827118]]]}},{"type":"Feature","properties":{"h":3.0,"on_route":false},"geometry":{"type":"Polygon","coordinates":[[[7.071058,4.831196],[7.071011,4.831216],[7.070976,4.831138],[7.071023,4.831117],[7.071058,4.831196]]]}},{"type":"Feature","properties":{"h":3.0,"on_route":false},"geometry":{"type":"Polygon","coordinates":[[[7.071033,4.82795],[7.070985,4.82798],[7.070947,4.827916],[7.070994,4.827887],[7.071033,4.82795]]]}},{"type":"Feature","properties":{"h":3.0,"on_route":false},"geometry":{"type":"Polygon","coordinates":[[[7.074555,4.831242],[7.074559,4.8313],[7.074515,4.831303],[7.07451,4.831245],[7.074555,4.831242]]]}},{"type":"Feature","properties":{"h":3.0,"on_route":false},"geometry":{"type":"Polygon","coordinates":[[[7.073115,4.825],[7.073039,4.825033],[7.07294,4.824809],[7.073016,4.824775],[7.073115,4.825]]]}},{"type":"Feature","properties":{"h":3.0,"on_route":false},"geometry":{"type":"Polygon","coordinates":[[[7.073147,4.833673],[7.073139,4.833764],[7.073088,4.833759],[7.073096,4.833669],[7.073147,4.833673]]]}},{"type":"Feature","properties":{"h":3.0,"on_route":false},"geometry":{"type":"Polygon","coordinates":[[[7.076748,4.83162],[7.076721,4.831722],[7.076666,4.831708],[7.076693,4.831606],[7.076748,4.83162]]]}},{"type":"Feature","properties":{"h":3.0,"on_route":false},"geometry":{"type":"Polygon","coordinates":[[[7.073965,4.82637],[7.073857,4.826399],[7.073796,4.826171],[7.073904,4.826142],[7.073965,4.82637]]]}},{"type":"Feature","properties":{"h":3.0,"on_route":false},"geometry":{"type":"Polygon","coordinates":[[[7.070826,4.830759],[7.070785,4.830714],[7.070981,4.830532],[7.071022,4.830577],[7.070826,4.830759]]]}},{"type":"Feature","properties":{"h":3.0,"on_route":false},"geometry":{"type":"Polygon","coordinates":[[[7.07375,4.83176],[7.073713,4.831782],[7.073672,4.831713],[7.073708,4.831691],[7.07375,4.83176]]]}},{"type":"Feature","properties":{"h":3.0,"on_route":false},"geometry":{"type":"Polygon","coordinates":[[[7.070534,4.82672],[7.070839,4.826733],[7.070836,4.826802],[7.070531,4.826788],[7.070534,4.82672]]]}},{"type":"Feature","properties":{"h":3.0,"on_route":false},"geometry":{"type":"Polygon","coordinates":[[[7.070636,4.829895],[7.070643,4.82992],[7.070616,4.829928],[7.07061,4.829903],[7.070636,4.829895]]]}},{"type":"Feature","properties":{"h":3.0,"on_route":false},"geometry":{"type":"Polygon","coordinates":[[[7.073119,4.825555],[7.073153,4.825666],[7.073103,4.825682],[7.073069,4.82557],[7.073119,4.825555]]]}},{"type":"Feature","properties":{"h":3.0,"on_route":false},"geometry":{"type":"Polygon","coordinates":[[[7.071697,4.82838],[7.071608,4.828432],[7.071576,4.828375],[7.071665,4.828323],[7.071697,4.82838]]]}},{"type":"Feature","properties":{"h":3.0,"on_route":false},"geometry":{"type":"Polygon","coordinates":[[[7.074945,4.833494],[7.074923,4.833606],[7.074734,4.833569],[7.074756,4.833457],[7.074945,4.833494]]]}},{"type":"Feature","properties":{"h":3.0,"on_route":false},"geometry":{"type":"Polygon","coordinates":[[[7.075907,4.826443],[7.07586,4.82646],[7.075836,4.826393],[7.075883,4.826376],[7.075907,4.826443]]]}},{"type":"Feature","properties":{"h":3.0,"on_route":false},"geometry":{"type":"Polygon","coordinates":[[[7.070454,4.831692],[7.070357,4.831704],[7.070343,4.831584],[7.070439,4.831572],[7.070454,4.831692]]]}},{"type":"Feature","properties":{"h":3.0,"on_route":false},"geometry":{"type":"Polygon","coordinates":[[[7.071508,4.827575],[7.071628,4.82779],[7.071577,4.827819],[7.071457,4.827604],[7.071508,4.827575]]]}},{"type":"Feature","properties":{"h":3.0,"on_route":false},"geometry":{"type":"Polygon","coordinates":[[[7.069445,4.829047],[7.06944,4.829124],[7.069367,4.829119],[7.069372,4.829043],[7.069445,4.829047]]]}},{"type":"Feature","properties":{"h":3.0,"on_route":false},"geometry":{"type":"Polygon","coordinates":[[[7.075718,4.831954],[7.075696,4.832071],[7.075602,4.832053],[7.075624,4.831936],[7.075718,4.831954]]]}},{"type":"Feature","properties":{"h":3.0,"on_route":false},"geometry":{"type":"Polygon","coordinates":[[[7.073188,4.825115],[7.073093,4.825157],[7.073046,4.825048],[7.073141,4.825006],[7.073188,4.825115]]]}},{"type":"Feature","properties":{"h":3.0,"on_route":false},"geometry":{"type":"Polygon","coordinates":[[[7.072378,4.825094],[7.072255,4.825099],[7.072246,4.824899],[7.072369,4.824893],[7.072378,4.825094]]]}},{"type":"Feature","properties":{"h":3.0,"on_route":false},"geometry":{"type":"Polygon","coordinates":[[[7.073357,4.826534],[7.073258,4.826593],[7.073198,4.826492],[7.073297,4.826433],[7.073357,4.826534]]]}},{"type":"Feature","properties":{"h":3.0,"on_route":false},"geometry":{"type":"Polygon","coordinates":[[[7.073694,4.825957],[7.073752,4.826164],[7.073697,4.826179],[7.073684,4.826134],[7.073637,4.826147],[7.073592,4.825986],[7.073694,4.825957]]]}},{"type":"Feature","properties":{"h":3.0,"on_route":false},"geometry":{"type":"Polygon","coordinates":[[[7.071684,4.829152],[7.071609,4.829223],[7.071387,4.828987],[7.071462,4.828916],[7.071684,4.829152]]]}},{"type":"Feature","properties":{"h":3.0,"on_route":false},"geometry":{"type":"Polygon","coordinates":[[[7.075005,4.825312],[7.074763,4.825385],[7.07473,4.825273],[7.074972,4.8252],[7.075005,4.825312]]]}},{"type":"Feature","properties":{"h":3.0,"on_route":false},"geometry":{"type":"Polygon","coordinates":[[[7.070695,4.829337],[7.070648,4.829455],[7.070561,4.82942],[7.070608,4.829302],[7.070695,4.829337]]]}},{"type":"Feature","properties":{"h":3.0,"on_route":false},"geometry":{"type":"Polygon","coordinates":[[[7.07431,4.827091],[7.074227,4.827117],[7.074203,4.827041],[7.074287,4.827014],[7.07431,4.827091]]]}},{"type":"Feature","properties":{"h":3.0,"on_route":false},"geometry":{"type":"Polygon","coordinates":[[[7.069978,4.831742],[7.069727,4.831786],[7.069713,4.831702],[7.069964,4.831659],[7.069978,4.831742]]]}},{"type":"Feature","properties":{"h":3.0,"on_route":false},"geometry":{"type":"Polygon","coordinates":[[[7.076118,4.831999],[7.076101,4.832052],[7.076086,4.832047],[7.076048,4.832163],[7.076064,4.832168],[7.076036,4.832252],[7.075915,4.832213],[7.075997,4.831959],[7.076118,4.831999]]]}},{"type":"Feature","properties":{"h":3.0,"on_route":false},"geometry":{"type":"Polygon","coordinates":[[[7.075291,4.832714],[7.075281,4.832839],[7.075213,4.832834],[7.075222,4.832709],[7.075291,4.832714]]]}},{"type":"Feature","properties":{"h":3.0,"on_route":false},"geometry":{"type":"Polygon","coordinates":[[[7.072281,4.832982],[7.072176,4.833054],[7.07213,4.832985],[7.072235,4.832914],[7.072281,4.832982]]]}},{"type":"Feature","properties":{"h":3.0,"on_route":false},"geometry":{"type":"Polygon","coordinates":[[[7.073702,4.826685],[7.073582,4.826726],[7.07355,4.826632],[7.073671,4.826592],[7.073702,4.826685]]]}},{"type":"Feature","properties":{"h":3.0,"on_route":false},"geometry":{"type":"Polygon","coordinates":[[[7.073699,4.825961],[7.073599,4.825988],[7.073586,4.825938],[7.073686,4.825911],[7.073699,4.825961]]]}},{"type":"Feature","properties":{"h":3.0,"on_route":false},"geometry":{"type":"Polygon","coordinates":[[[7.074433,4.825444],[7.074316,4.825488],[7.074292,4.825424],[7.074409,4.82538],[7.074433,4.825444]]]}},{"type":"Feature","properties":{"h":3.0,"on_route":false},"geometry":{"type":"Polygon","coordinates":[[[7.074106,4.826415],[7.074109,4.826424],[7.074148,4.826411],[7.074193,4.826552],[7.074095,4.826584],[7.074047,4.826433],[7.074106,4.826415]]]}},{"type":"Feature","properties":{"h":3.0,"on_route":false},"geometry":{"type":"Polygon","coordinates":[[[7.072818,4.82495],[7.072768,4.82497],[7.072737,4.824891],[7.072788,4.824872],[7.072818,4.82495]]]}},{"type":"Feature","properties":{"h":3.0,"on_route":false},"geometry":{"type":"Polygon","coordinates":[[[7.072642,4.82537],[7.072628,4.825583],[7.072533,4.825577],[7.072546,4.825364],[7.072642,4.82537]]]}},{"type":"Feature","properties":{"h":3.0,"on_route":false},"geometry":{"type":"Polygon","coordinates":[[[7.070832,4.827499],[7.070825,4.827547],[7.070758,4.827538],[7.070765,4.827489],[7.070832,4.827499]]]}},{"type":"Feature","properties":{"h":3.0,"on_route":false},"geometry":{"type":"Polygon","coordinates":[[[7.073448,4.827306],[7.073358,4.827364],[7.07329,4.827259],[7.073333,4.827231],[7.073348,4.827254],[7.073395,4.827224],[7.073448,4.827306]]]}},{"type":"Feature","properties":{"h":3.0,"on_route":false},"geometry":{"type":"Polygon","coordinates":[[[7.070756,4.830294],[7.070681,4.830363],[7.07064,4.830318],[7.070715,4.830249],[7.070756,4.830294]]]}},{"type":"Feature","properties":{"h":3.0,"on_route":false},"geometry":{"type":"Polygon","coordinates":[[[7.075544,4.832603],[7.075402,4.832612],[7.075397,4.832529],[7.075538,4.83252],[7.075544,4.832603]]]}},{"type":"Feature","properties":{"h":3.0,"on_route":false},"geometry":{"type":"Polygon","coordinates":[[[7.072656,4.833388],[7.072735,4.833413],[7.072741,4.833394],[7.072854,4.833431],[7.072838,4.833483],[7.072812,4.833475],[7.072786,4.833556],[7.07262,4.833502],[7.072656,4.833388]]]}},{"type":"Feature","properties":{"h":3.0,"on_route":false},"geometry":{"type":"Polygon","coordinates":[[[7.071967,4.829204],[7.071879,4.829269],[7.071855,4.829236],[7.071942,4.82917],[7.071967,4.829204]]]}},{"type":"Feature","properties":{"h":3.0,"on_route":false},"geometry":{"type":"Polygon","coordinates":[[[7.071796,4.831025],[7.071661,4.831072],[7.071641,4.831014],[7.071776,4.830968],[7.071796,4.831025]]]}},{"type":"Feature","properties":{"h":3.0,"on_route":false},"geometry":{"type":"Polygon","coordinates":[[[7.071844,4.82885],[7.071808,4.828885],[7.071738,4.828814],[7.071774,4.828779],[7.071844,4.82885]]]}},{"type":"Feature","properties":{"h":3.0,"on_route":false},"geometry":{"type":"Polygon","coordinates":[[[7.07671,4.831791],[7.076696,4.831847],[7.076614,4.831826],[7.076628,4.831769],[7.07671,4.831791]]]}},{"type":"Feature","properties":{"h":3.0,"on_route":false},"geometry":{"type":"Polygon","coordinates":[[[7.074366,4.82726],[7.074323,4.827288],[7.074289,4.827237],[7.074331,4.827208],[7.074366,4.82726]]]}},{"type":"Feature","properties":{"h":3.0,"on_route":false},"geometry":{"type":"Polygon","coordinates":[[[7.074697,4.832393],[7.074673,4.832484],[7.074543,4.832449],[7.074537,4.832469],[7.074407,4.832434],[7.074436,4.832325],[7.074697,4.832393]]]}},{"type":"Feature","properties":{"h":3.0,"on_route":false},"geometry":{"type":"Polygon","coordinates":[[[7.076184,4.832757],[7.076163,4.832863],[7.075964,4.832824],[7.075985,4.832718],[7.076184,4.832757]]]}},{"type":"Feature","properties":{"h":3.0,"on_route":false},"geometry":{"type":"Polygon","coordinates":[[[7.076345,4.825366],[7.076124,4.825438],[7.076092,4.82534],[7.076313,4.825267],[7.076345,4.825366]]]}},{"type":"Feature","properties":{"h":3.0,"on_route":false},"geometry":{"type":"Polygon","coordinates":[[[7.075633,4.826527],[7.075535,4.82656],[7.075494,4.82644],[7.075592,4.826407],[7.075633,4.826527]]]}},{"type":"Feature","properties":{"h":3.0,"on_route":false},"geometry":{"type":"Polygon","coordinates":[[[7.075661,4.826552],[7.07555,4.826582],[7.075543,4.826555],[7.075654,4.826525],[7.075661,4.826552]]]}},{"type":"Feature","properties":{"h":3.0,"on_route":false},"geometry":{"type":"Polygon","coordinates":[[[7.073096,4.825836],[7.073187,4.826027],[7.073138,4.826051],[7.073047,4.82586],[7.073096,4.825836]]]}},{"type":"Feature","properties":{"h":3.0,"on_route":false},"geometry":{"type":"Polygon","coordinates":[[[7.073267,4.825503],[7.073277,4.825534],[7.073306,4.825524],[7.073296,4.825493],[7.073335,4.82548],[7.07338,4.825614],[7.073396,4.825609],[7.073409,4.825647],[7.073354,4.825665],[7.073349,4.825652],[7.07328,4.825675],[7.073227,4.825517],[7.073267,4.825503]]]}},{"type":"Feature","properties":{"h":3.0,"on_route":false},"geometry":{"type":"Polygon","coordinates":[[[7.073898,4.825103],[7.073859,4.825113],[7.073844,4.825057],[7.073884,4.825047],[7.073898,4.825103]]]}},{"type":"Feature","properties":{"h":3.0,"on_route":false},"geometry":{"type":"Polygon","coordinates":[[[7.072928,4.827362],[7.072875,4.827395],[7.072822,4.827307],[7.072875,4.827275],[7.072928,4.827362]]]}},{"type":"Feature","properties":{"h":3.0,"on_route":false},"geometry":{"type":"Polygon","coordinates":[[[7.071964,4.83283],[7.071705,4.832973],[7.07167,4.832908],[7.071837,4.832816],[7.07179,4.832731],[7.071764,4.832745],[7.071747,4.832714],[7.071865,4.832649],[7.071964,4.83283]]]}},{"type":"Feature","properties":{"h":3.0,"on_route":false},"geometry":{"type":"Polygon","coordinates":[[[7.071684,4.832819],[7.071576,4.832887],[7.07154,4.832831],[7.071648,4.832763],[7.071684,4.832819]]]}},{"type":"Feature","properties":{"h":3.0,"on_route":false},"geometry":{"type":"Polygon","coordinates":[[[7.075873,4.832987],[7.075858,4.833116],[7.075745,4.833103],[7.075759,4.832974],[7.075873,4.832987]]]}},{"type":"Feature","properties":{"h":3.0,"on_route":true},"geometry":{"type":"Polygon","coordinates":[[[7.073303,4.82791],[7.073187,4.828007],[7.073156,4.82797],[7.073139,4.827985],[7.073114,4.827955],[7.073131,4.827941],[7.073103,4.827907],[7.07322,4.82781],[7.073303,4.82791]]]}},{"type":"Feature","properties":{"h":3.0,"on_route":false},"geometry":{"type":"Polygon","coordinates":[[[7.072312,4.829793],[7.072213,4.829875],[7.072153,4.829802],[7.072251,4.82972],[7.072312,4.829793]]]}},{"type":"Feature","properties":{"h":3.0,"on_route":true},"geometry":{"type":"Polygon","coordinates":[[[7.072035,4.826602],[7.071979,4.826615],[7.071968,4.826569],[7.072025,4.826556],[7.072035,4.826602]]]}},{"type":"Feature","properties":{"h":3.0,"on_route":false},"geometry":{"type":"Polygon","coordinates":[[[7.069993,4.830584],[7.069926,4.830572],[7.069934,4.830531],[7.069909,4.830527],[7.069876,4.830711],[7.069815,4.8307],[7.069799,4.830788],[7.069753,4.83078],[7.069743,4.830832],[7.069685,4.830822],[7.06971,4.830681],[7.069768,4.830692],[7.069782,4.830615],[7.069762,4.830611],[7.06979,4.830459],[7.070009,4.830498],[7.069993,4.830584]]]}},{"type":"Feature","properties":{"h":3.0,"on_route":false},"geometry":{"type":"Polygon","coordinates":[[[7.073657,4.834057],[7.073556,4.834081],[7.073528,4.833966],[7.073629,4.833941],[7.073657,4.834057]]]}},{"type":"Feature","properties":{"h":3.0,"on_route":false},"geometry":{"type":"Polygon","coordinates":[[[7.071915,4.828784],[7.071854,4.828824],[7.07178,4.828711],[7.071841,4.82867],[7.071915,4.828784]]]}},{"type":"Feature","properties":{"h":3.0,"on_route":false},"geometry":{"type":"Polygon","coordinates":[[[7.075514,4.825801],[7.075385,4.825839],[7.075344,4.825699],[7.075474,4.825661],[7.075514,4.825801]]]}},{"type":"Feature","properties":{"h":3.0,"on_route":false},"geometry":{"type":"Polygon","coordinates":[[[7.07002,4.830862],[7.070002,4.83091],[7.069958,4.830894],[7.069976,4.830846],[7.07002,4.830862]]]}},{"type":"Feature","properties":{"h":3.0,"on_route":false},"geometry":{"type":"Polygon","coordinates":[[[7.076256,4.826492],[7.076158,4.826522],[7.076143,4.826473],[7.07624,4.826443],[7.076256,4.826492]]]}},{"type":"Feature","properties":{"h":3.0,"on_route":false},"geometry":{"type":"Polygon","coordinates":[[[7.070998,4.829547],[7.070964,4.829601],[7.07093,4.829579],[7.070918,4.829598],[7.070858,4.82956],[7.070904,4.829487],[7.070998,4.829547]]]}},{"type":"Feature","properties":{"h":3.0,"on_route":false},"geometry":{"type":"Polygon","coordinates":[[[7.071104,4.831431],[7.071002,4.831443],[7.070989,4.831334],[7.071091,4.831322],[7.071104,4.831431]]]}},{"type":"Feature","properties":{"h":3.0,"on_route":false},"geometry":{"type":"Polygon","coordinates":[[[7.073428,4.828971],[7.073345,4.829029],[7.073298,4.828963],[7.073381,4.828905],[7.073428,4.828971]]]}},{"type":"Feature","properties":{"h":3.0,"on_route":false},"geometry":{"type":"Polygon","coordinates":[[[7.070309,4.82754],[7.070266,4.827552],[7.070251,4.827496],[7.070295,4.827484],[7.070309,4.82754]]]}},{"type":"Feature","properties":{"h":3.0,"on_route":false},"geometry":{"type":"Polygon","coordinates":[[[7.073455,4.833596],[7.073441,4.833666],[7.073362,4.833649],[7.073377,4.83358],[7.073455,4.833596]]]}},{"type":"Feature","properties":{"h":3.0,"on_route":false},"geometry":{"type":"Polygon","coordinates":[[[7.070589,4.830903],[7.070771,4.831048],[7.070729,4.831103],[7.070598,4.830999],[7.070556,4.831052],[7.070504,4.831011],[7.070589,4.830903]]]}},{"type":"Feature","properties":{"h":3.0,"on_route":false},"geometry":{"type":"Polygon","coordinates":[[[7.070245,4.828405],[7.070199,4.828632],[7.070085,4.828609],[7.070098,4.82854],[7.070145,4.82855],[7.070177,4.828392],[7.070245,4.828405]]]}},{"type":"Feature","properties":{"h":3.0,"on_route":false},"geometry":{"type":"Polygon","coordinates":[[[7.070371,4.827355],[7.07036,4.827456],[7.070248,4.827444],[7.070259,4.827342],[7.070371,4.827355]]]}},{"type":"Feature","properties":{"h":3.0,"on_route":false},"geometry":{"type":"Polygon","coordinates":[[[7.072267,4.830837],[7.072195,4.83091],[7.072121,4.830837],[7.072194,4.830764],[7.072267,4.830837]]]}},{"type":"Feature","properties":{"h":3.0,"on_route":false},"geometry":{"type":"Polygon","coordinates":[[[7.076462,4.831796],[7.076421,4.831922],[7.076333,4.831894],[7.076374,4.831767],[7.076462,4.831796]]]}},{"type":"Feature","properties":{"h":3.0,"on_route":false},"geometry":{"type":"Polygon","coordinates":[[[7.071561,4.828359],[7.071596,4.828445],[7.071555,4.828463],[7.071519,4.828376],[7.071561,4.828359]]]}},{"type":"Feature","properties":{"h":3.0,"on_route":false},"geometry":{"type":"Polygon","coordinates":[[[7.071719,4.832262],[7.071816,4.832439],[7.071774,4.832463],[7.071758,4.832433],[7.071741,4.832442],[7.07166,4.832294],[7.071719,4.832262]]]}},{"type":"Feature","properties":{"h":3.0,"on_route":false},"geometry":{"type":"Polygon","coordinates":[[[7.074858,4.825641],[7.074769,4.825661],[7.074759,4.825619],[7.074849,4.825599],[7.074858,4.825641]]]}},{"type":"Feature","properties":{"h":3.0,"on_route":false},"geometry":{"type":"Polygon","coordinates":[[[7.072114,4.830685],[7.072042,4.830759],[7.071966,4.830685],[7.072039,4.830611],[7.072114,4.830685]]]}},{"type":"Feature","properties":{"h":3.0,"on_route":false},"geometry":{"type":"Polygon","coordinates":[[[7.07618,4.826595],[7.076108,4.826617],[7.076071,4.826495],[7.076143,4.826473],[7.07618,4.826595]]]}},{"type":"Feature","properties":{"h":3.0,"on_route":false},"geometry":{"type":"Polygon","coordinates":[[[7.072088,4.828556],[7.071977,4.828645],[7.071911,4.828561],[7.072021,4.828472],[7.072088,4.828556]]]}},{"type":"Feature","properties":{"h":3.0,"on_route":false},"geometry":{"type":"Polygon","coordinates":[[[7.07558,4.82625],[7.075503,4.82627],[7.075507,4.826288],[7.075448,4.826304],[7.07542,4.826199],[7.075556,4.826162],[7.07558,4.82625]]]}},{"type":"Feature","properties":{"h":3.0,"on_route":true},"geometry":{"type":"Polygon","coordinates":[[[7.072536,4.827813],[7.07251,4.827766],[7.072478,4.827784],[7.072452,4.827738],[7.072604,4.827652],[7.072657,4.827745],[7.072536,4.827813]]]}},{"type":"Feature","properties":{"h":3.0,"on_route":false},"geometry":{"type":"Polygon","coordinates":[[[7.070382,4.826716],[7.070359,4.826755],[7.07034,4.826743],[7.070311,4.82679],[7.070214,4.826732],[7.070266,4.826646],[7.070382,4.826716]]]}},{"type":"Feature","properties":{"h":3.0,"on_route":false},"geometry":{"type":"Polygon","coordinates":[[[7.073807,4.828114],[7.073745,4.828159],[7.073706,4.828106],[7.073768,4.828061],[7.073807,4.828114]]]}},{"type":"Feature","properties":{"h":3.0,"on_route":false},"geometry":{"type":"Polygon","coordinates":[[[7.073639,4.826136],[7.073658,4.826208],[7.073621,4.826218],[7.073601,4.826146],[7.073639,4.826136]]]}},{"type":"Feature","properties":{"h":3.0,"on_route":false},"geometry":{"type":"Polygon","coordinates":[[[7.072814,4.832046],[7.072742,4.832062],[7.072733,4.83202],[7.072805,4.832005],[7.072814,4.832046]]]}},{"type":"Feature","properties":{"h":3.0,"on_route":false},"geometry":{"type":"Polygon","coordinates":[[[7.070541,4.828124],[7.070519,4.82824],[7.070462,4.828229],[7.070485,4.828114],[7.070541,4.828124]]]}},{"type":"Feature","properties":{"h":3.0,"on_route":false},"geometry":{"type":"Polygon","coordinates":[[[7.075735,4.832635],[7.07572,4.832747],[7.075627,4.832735],[7.075624,4.832754],[7.075551,4.832744],[7.075569,4.832613],[7.075735,4.832635]]]}},{"type":"Feature","properties":{"h":3.0,"on_route":false},"geometry":{"type":"Polygon","coordinates":[[[7.075434,4.83287],[7.075399,4.832846],[7.075451,4.832768],[7.075486,4.832791],[7.075434,4.83287]]]}},{"type":"Feature","properties":{"h":3.0,"on_route":false},"geometry":{"type":"Polygon","coordinates":[[[7.075246,4.83294],[7.075199,4.832931],[7.075213,4.83286],[7.07526,4.832869],[7.075246,4.83294]]]}}]}