{"type":"FeatureCollection","features":[{"type":"Feature","properties":{"h":3.0,"on_route":false},"geometry":{"type":"Polygon","coordinates":[[[7.055516,4.812086],[7.055513,4.812117],[7.055487,4.812115],[7.05549,4.812084],[7.055516,4.812086]]]}},{"type":"Feature","properties":{"h":3.0,"on_route":false},"geometry":{"type":"Polygon","coordinates":[[[7.054445,4.815318],[7.054177,4.815398],[7.054071,4.815042],[7.054339,4.814962],[7.054445,4.815318]]]}},{"type":"Feature","properties":{"h":3.0,"on_route":false},"geometry":{"type":"Polygon","coordinates":[[[7.059934,4.816199],[7.059922,4.816238],[7.059841,4.816212],[7.059854,4.816174],[7.059934,4.816199]]]}},{"type":"Feature","properties":{"h":3.0,"on_route":false},"geometry":{"type":"Polygon","coordinates":[[[7.057829,4.817528],[7.057809,4.817566],[7.057682,4.817497],[7.057703,4.817459],[7.057829,4.817528]]]}},{"type":"Feature","properties":{"h":3.0,"on_route":false},"geometry":{"type":"Polygon","coordinates":[[[7.058803,4.815494],[7.058794,4.81562],[7.05869,4.815613],[7.058695,4.815539],[7.05867,4.815537],[7.058674,4.815485],[7.058803,4.815494]]]}},{"type":"Feature","properties":{"h":3.0,"on_route":false},"geometry":{"type":"Polygon","coordinates":[[[7.060698,4.816642],[7.060683,4.816774],[7.060623,4.816767],[7.06062,4.81679],[7.060681,4.816797],[7.060676,4.816837],[7.060566,4.816825],[7.06057,4.816784],[7.060533,4.81678],[7.06055,4.816625],[7.060698,4.816642]]]}},{"type":"Feature","properties":{"h":3.0,"on_route":false},"geometry":{"type":"Polygon","coordinates":[[[7.060011,4.8148],[7.060006,4.814855],[7.059953,4.81485],[7.059958,4.814795],[7.060011,4.8148]]]}},{"type":"Feature","properties":{"h":3.0,"on_route":false},"geometry":{"type":"Polygon","coordinates":[[[7.060635,4.811168],[7.060645,4.811099],[7.060686,4.811105],[7.060676,4.811175],[7.060635,4.811168]]]}},{"type":"Feature","properties":{"h":3.0,"on_route":false},"geometry":{"type":"Polygon","coordinates":[[[7.058432,4.817624],[7.058411,4.817661],[7.058349,4.817626],[7.058369,4.817589],[7.058432,4.817624]]]}},{"type":"Feature","properties":{"h":3.0,"on_route":false},"geometry":{"type":"Polygon","coordinates":[[[7.057114,4.817792],[7.057052,4.817887],[7.056986,4.817845],[7.057048,4.817749],[7.057114,4.817792]]]}},{"type":"Feature","properties":{"h":3.0,"on_route":false},"geometry":{"type":"Polygon","coordinates":[[[7.058686,4.818559],[7.058641,4.81853],[7.058723,4.818403],[7.058767,4.818432],[7.058686,4.818559]]]}},{"type":"Feature","properties":{"h":3.0,"on_route":false},"geometry":{"type":"Polygon","coordinates":[[[7.056282,4.817759],[7.05632,4.817722],[7.056404,4.817809],[7.056299,4.817911],[7.056185,4.817793],[7.056252,4.817728],[7.056282,4.817759]]]}},{"type":"Feature","properties":{"h":3.0,"on_route":false},"geometry":{"type":"Polygon","coordinates":[[[7.061063,4.81211],[7.061049,4.812188],[7.061075,4.812193],[7.061059,4.81228],[7.061033,4.812275],[7.061018,4.812354],[7.060901,4.812332],[7.060946,4.812089],[7.061063,4.81211]]]}},{"type":"Feature","properties":{"h":3.0,"on_route":false},"geometry":{"type":"Polygon","coordinates":[[[7.060967,4.81397],[7.061006,4.814173],[7.060963,4.814182],[7.060923,4.813978],[7.060967,4.81397]]]}},{"type":"Feature","properties":{"h":3.0,"on_route":false},"geometry":{"type":"Polygon","coordinates":[[[7.059216,4.81473],[7.05907,4.814737],[7.059068,4.814688],[7.059214,4.814681],[7.059216,4.81473]]]}},{"type":"Feature","properties":{"h":3.0,"on_route":false},"geometry":{"type":"Polygon","coordinates":[[[7.059309,4.814022],[7.058998,4.814094],[7.05897,4.813972],[7.059281,4.8139],[7.059309,4.814022]]]}},{"type":"Feature","properties":{"h":3.0,"on_route":false},"geometry":{"type":"Polygon","coordinates":[[[7.061041,4.816606],[7.061029,4.816688],[7.060847,4.81666],[7.06086,4.816578],[7.061041,4.816606]]]}},{"type":"Feature","properties":{"h":3.0,"on_route":false},"geometry":{"type":"Polygon","coordinates":[[[7.059147,4.816671],[7.059102,4.816796],[7.059001,4.81676],[7.059046,4.816634],[7.059147,4.816671]]]}},{"type":"Feature","properties":{"h":3.0,"on_route":false},"geometry":{"type":"Polygon","coordinates":[[[7.060116,4.817685],[7.060111,4.817731],[7.060063,4.817726],[7.060068,4.817679],[7.060116,4.817685]]]}},{"type":"Feature","properties":{"h":3.0,"on_route":false},"geometry":{"type":"Polygon","coordinates":[[[7.061462,4.814202],[7.061469,4.814261],[7.061414,4.814267],[7.061407,4.814208],[7.061462,4.814202]]]}},{"type":"Feature","properties":{"h":3.0,"on_route":false},"geometry":{"type":"Polygon","coordinates":[[[7.059815,4.815613],[7.059806,4.815652],[7.059856,4.815662],[7.059844,4.815718],[7.059751,4.815699],[7.059771,4.815604],[7.059815,4.815613]]]}},{"type":"Feature","properties":{"h":3.0,"on_route":false},"geometry":{"type":"Polygon","coordinates":[[[7.060797,4.813165],[7.060859,4.813487],[7.060779,4.813503],[7.060769,4.813449],[7.060674,4.813467],[7.060642,4.813299],[7.060573,4.813313],[7.060554,4.813212],[7.060797,4.813165]]]}},{"type":"Feature","properties":{"h":3.0,"on_route":false},"geometry":{"type":"Polygon","coordinates":[[[7.055144,4.812436],[7.055124,4.812466],[7.055072,4.812431],[7.055092,4.812401],[7.055144,4.812436]]]}},{"type":"Feature","properties":{"h":3.0,"on_route":false},"geometry":{"type":"Polygon","coordinates":[[[7.058261,4.817178],[7.058228,4.817241],[7.05819,4.817221],[7.058223,4.817158],[7.058261,4.817178]]]}},{"type":"Feature","properties":{"h":3.0,"on_route":false},"geometry":{"type":"Polygon","coordinates":[[[7.059451,4.811553],[7.059438,4.811611],[7.059386,4.811599],[7.059399,4.811541],[7.059451,4.811553]]]}},{"type":"Feature","properties":{"h":3.0,"on_route":false},"geometry":{"type":"Polygon","coordinates":[[[7.060051,4.815495],[7.060034,4.815581],[7.059993,4.815573],[7.059974,4.815665],[7.059879,4.815646],[7.059893,4.815577],[7.05984,4.815566],[7.059862,4.815457],[7.060051,4.815495]]]}},{"type":"Feature","properties":{"h":3.0,"on_route":false},"geometry":{"type":"Polygon","coordinates":[[[7.062118,4.815322],[7.06211,4.815385],[7.061994,4.81537],[7.062002,4.815307],[7.062118,4.815322]]]}},{"type":"Feature","properties":{"h":3.0,"on_route":false},"geometry":{"type":"Polygon","coordinates":[[[7.061841,4.816251],[7.061804,4.816411],[7.061702,4.816388],[7.061739,4.816227],[7.061841,4.816251]]]}},{"type":"Feature","properties":{"h":3.0,"on_route":false},"geometry":{"type":"Polygon","coordinates":[[[7.057065,4.817984],[7.056858,4.818165],[7.056788,4.818085],[7.056996,4.817904],[7.057065,4.817984]]]}},{"type":"Feature","properties":{"h":3.0,"on_route":false},"geometry":{"type":"Polygon","coordinates":[[[7.0598,4.813369],[7.059554,4.813419],[7.059543,4.813363],[7.059788,4.813313],[7.0598,4.813369]]]}},{"type":"Feature","properties":{"h":3.0,"on_route":false},"geometry":{"type":"Polygon","coordinates":[[[7.058715,4.816336],[7.058708,4.816359],[7.05879,4.816384],[7.058758,4.816489],[7.058482,4.816404],[7.058521,4.816276],[7.058715,4.816336]]]}},{"type":"Feature","properties":{"h":3.0,"on_route":false},"geometry":{"type":"Polygon","coordinates":[[[7.057445,4.81734],[7.057398,4.817427],[7.057367,4.81741],[7.057318,4.817499],[7.057207,4.817438],[7.057303,4.817263],[7.057445,4.81734]]]}},{"type":"Feature","properties":{"h":3.0,"on_route":false},"geometry":{"type":"Polygon","coordinates":[[[7.059056,4.816468],[7.059012,4.816592],[7.058893,4.816549],[7.058937,4.816425],[7.059056,4.816468]]]}},{"type":"Feature","properties":{"h":3.0,"on_route":false},"geometry":{"type":"Polygon","coordinates":[[[7.061954,4.814744],[7.061864,4.814762],[7.061802,4.814459],[7.061892,4.814441],[7.061954,4.814744]]]}},{"type":"Feature","properties":{"h":3.0,"on_route":false},"geometry":{"type":"Polygon","coordinates":[[[7.059129,4.810179],[7.0591,4.810195],[7.059069,4.81014],[7.059097,4.810124],[7.059129,4.810179]]]}},{"type":"Feature","properties":{"h":3.0,"on_route":false},"geometry":{"type":"Polygon","coordinates":[[[7.054468,4.815171],[7.054406,4.815189],[7.054374,4.815081],[7.054435,4.815063],[7.054468,4.815171]]]}},{"type":"Feature","properties":{"h":3.0,"on_route":false},"geometry":{"type":"Polygon","coordinates":[[[7.059365,4.811255],[7.059325,4.811279],[7.059237,4.811133],[7.059277,4.811109],[7.059365,4.811255]]]}},{"type":"Feature","properties":{"h":3.0,"on_route":false},"geometry":{"type":"Polygon","coordinates":[[[7.058084,4.816845],[7.057999,4.817028],[7.057906,4.816984],[7.05796,4.816867],[7.057943,4.816859],[7.05796,4.816823],[7.057977,4.816831],[7.057991,4.816801],[7.058084,4.816845]]]}},{"type":"Feature","properties":{"h":3.0,"on_route":false},"geometry":{"type":"Polygon","coordinates":[[[7.057924,4.816944],[7.057893,4.81701],[7.057808,4.81697],[7.057839,4.816904],[7.057924,4.816944]]]}},{"type":"Feature","properties":{"h":3.0,"on_route":false},"geometry":{"type":"Polygon","coordinates":[[[7.05977,4.813258],[7.059774,4.813276],[7.059728,4.813285],[7.059725,4.813267],[7.05977,4.813258]]]}},{"type":"Feature","properties":{"h":3.0,"on_route":false},"geometry":{"type":"Polygon","coordinates":[[[7.060366,4.81592],[7.060334,4.816035],[7.060217,4.816003],[7.060248,4.815887],[7.060366,4.81592]]]}},{"type":"Feature","properties":{"h":3.0,"on_route":false},"geometry":{"type":"Polygon","coordinates":[[[7.055637,4.815378],[7.05565,4.815493],[7.05561,4.815498],[7.055597,4.815383],[7.055637,4.815378]]]}},{"type":"Feature","properties":{"h":3.0,"on_route":false},"geometry":{"type":"Polygon","coordinates":[[[7.059608,4.811403],[7.059591,4.811435],[7.059559,4.811418],[7.059576,4.811386],[7.059608,4.811403]]]}},{"type":"Feature","properties":{"h":3.0,"on_route":false},"geometry":{"type":"Polygon","coordinates":[[[7.0564,4.817155],[7.056385,4.817199],[7.056346,4.817185],[7.056361,4.817142],[7.0564,4.817155]]]}},{"type":"Feature","properties":{"h":3.0,"on_route":false},"geometry":{"type":"Polygon","coordinates":[[[7.060437,4.813942],[7.06034,4.813961],[7.060303,4.813771],[7.060278,4.813775],[7.060271,4.813738],[7.060394,4.813714],[7.060437,4.813942]]]}},{"type":"Feature","properties":{"h":3.0,"on_route":false},"geometry":{"type":"Polygon","coordinates":[[[7.055006,4.812165],[7.055003,4.812219],[7.05498,4.812218],[7.054983,4.812164],[7.055006,4.812165]]]}},{"type":"Feature","properties":{"h":3.0,"on_route":false},"geometry":{"type":"Polygon","coordinates":[[[7.060963,4.814182],[7.06083,4.814208],[7.060772,4.81391],[7.060905,4.813884],[7.060963,4.814182]]]}},{"type":"Feature","properties":{"h":3.0,"on_route":false},"geometry":{"type":"Polygon","coordinates":[[[7.05926,4.813778],[7.059024,4.813818],[7.059008,4.813727],[7.059244,4.813687],[7.05926,4.813778]]]}},{"type":"Feature","properties":{"h":3.0,"on_route":false},"geometry":{"type":"Polygon","coordinates":[[[7.061171,4.810401],[7.06116,4.81068],[7.061031,4.810675],[7.061042,4.810396],[7.061171,4.810401]]]}},{"type":"Feature","properties":{"h":3.0,"on_route":false},"geometry":{"type":"Polygon","coordinates":[[[7.060737,4.810811],[7.060737,4.810865],[7.060662,4.810865],[7.060662,4.81081],[7.060737,4.810811]]]}},{"type":"Feature","properties":{"h":3.0,"on_route":false},"geometry":{"type":"Polygon","coordinates":[[[7.060949,4.813875],[7.060967,4.81397],[7.060923,4.813978],[7.060905,4.813884],[7.060949,4.813875]]]}},{"type":"Feature","properties":{"h":3.0,"on_route":false},"geometry":{"type":"Polygon","coordinates":[[[7.0615,4.81624],[7.061481,4.816364],[7.061385,4.81635],[7.061404,4.816225],[7.0615,4.81624]]]}},{"type":"Feature","properties":{"h":3.0,"on_route":false},"geometry":{"type":"Polygon","coordinates":[[[7.061944,4.815195],[7.061832,4.815214],[7.061798,4.815009],[7.06191,4.81499],[7.061944,4.815195]]]}},{"type":"Feature","properties":{"h":3.0,"on_route":false},"geometry":{"type":"Polygon","coordinates":[[[7.060032,4.814998],[7.060022,4.815128],[7.059951,4.815123],[7.059961,4.814993],[7.060032,4.814998]]]}},{"type":"Feature","properties":{"h":3.0,"on_route":false},"geometry":{"type":"Polygon","coordinates":[[[7.054545,4.815717],[7.054306,4.815735],[7.0543,4.815662],[7.05454,4.815644],[7.054545,4.815717]]]}},{"type":"Feature","properties":{"h":3.0,"on_route":false},"geometry":{"type":"Polygon","coordinates":[[[7.059567,4.814957],[7.059567,4.814979],[7.059545,4.814978],[7.059543,4.81506],[7.059576,4.81506],[7.059575,4.815149],[7.059223,4.815144],[7.059226,4.814974],[7.059202,4.814973],[7.059203,4.814952],[7.059567,4.814957]],[[7.059326,4.815056],[7.059326,4.815032],[7.059379,4.815033],[7.059379,4.815057],[7.059326,4.815056]]]}},{"type":"Feature","properties":{"h":3.0,"on_route":false},"geometry":{"type":"Polygon","coordinates":[[[7.05748,4.812966],[7.057449,4.81301],[7.057431,4.812998],[7.057462,4.812954],[7.05748,4.812966]]]}},{"type":"Feature","properties":{"h":3.0,"on_route":false},"geometry":{"type":"Polygon","coordinates":[[[7.058614,4.817502],[7.058591,4.817531],[7.058561,4.817508],[7.058585,4.817478],[7.058614,4.817502]]]}},{"type":"Feature","properties":{"h":3.0,"on_route":false},"geometry":{"type":"Polygon","coordinates":[[[7.058525,4.816866],[7.058488,4.81685],[7.058524,4.816763],[7.058561,4.816778],[7.058525,4.816866]]]}},{"type":"Feature","properties":{"h":3.0,"on_route":false},"geometry":{"type":"Polygon","coordinates":[[[7.059458,4.811971],[7.059464,4.812135],[7.059413,4.812136],[7.059411,4.81206],[7.059354,4.812061],[7.059351,4.811974],[7.059458,4.811971]]]}},{"type":"Feature","properties":{"h":3.0,"on_route":false},"geometry":{"type":"Polygon","coordinates":[[[7.059487,4.816086],[7.059472,4.816164],[7.059384,4.816147],[7.059374,4.8162],[7.059441,4.816213],[7.059447,4.816183],[7.059468,4.816187],[7.059446,4.816304],[7.059268,4.816269],[7.059309,4.816051],[7.059487,4.816086]]]}},{"type":"Feature","properties":{"h":3.0,"on_route":false},"geometry":{"type":"Polygon","coordinates":[[[7.059255,4.811157],[7.059292,4.81123],[7.059262,4.811245],[7.059225,4.811172],[7.059255,4.811157]]]}},{"type":"Feature","properties":{"h":3.0,"on_route":false},"geometry":{"type":"Polygon","coordinates":[[[7.061303,4.815775],[7.061291,4.815852],[7.061272,4.815849],[7.061252,4.815978],[7.06118,4.815966],[7.061171,4.816025],[7.061076,4.81601],[7.061107,4.815816],[7.061083,4.815812],[7.061095,4.815742],[7.061303,4.815775]]]}},{"type":"Feature","properties":{"h":3.0,"on_route":false},"geometry":{"type":"Polygon","coordinates":[[[7.06041,4.813577],[7.060349,4.813584],[7.060345,4.813551],[7.060406,4.813543],[7.06041,4.813577]]]}},{"type":"Feature","properties":{"h":3.0,"on_route":false},"geometry":{"type":"Polygon","coordinates":[[[7.061708,4.814054],[7.061652,4.814065],[7.061641,4.814005],[7.061698,4.813995],[7.061708,4.814054]]]}},{"type":"Feature","properties":{"h":3.0,"on_route":false},"geometry":{"type":"Polygon","coordinates":[[[7.057656,4.8165],[7.057619,4.816476],[7.057605,4.816498],[7.057537,4.816455],[7.057665,4.816253],[7.05777,4.81632],[7.057656,4.8165]]]}},{"type":"Feature","properties":{"h":3.0,"on_route":false},"geometry":{"type":"Polygon","coordinates":[[[7.059985,4.812644],[7.059828,4.812675],[7.059817,4.81262],[7.059975,4.812589],[7.059985,4.812644]]]}},{"type":"Feature","properties":{"h":3.0,"on_route":false},"geometry":{"type":"Polygon","coordinates":[[[7.062035,4.815972],[7.062025,4.816086],[7.061836,4.816069],[7.061846,4.815955],[7.062035,4.815972]]]}},{"type":"Feature","properties":{"h":3.0,"on_route":false},"geometry":{"type":"Polygon","coordinates":[[[7.056098,4.814896],[7.05612,4.814891],[7.056182,4.815168],[7.056064,4.815195],[7.055994,4.814885],[7.056091,4.814864],[7.056098,4.814896]]]}},{"type":"Feature","properties":{"h":3.0,"on_route":false},"geometry":{"type":"Polygon","coordinates":[[[7.059996,4.817971],[7.060271,4.817995],[7.060269,4.818024],[7.060235,4.818021],[7.060227,4.818112],[7.060047,4.818096],[7.06005,4.818063],[7.059988,4.818057],[7.059996,4.817971]]]}},{"type":"Feature","properties":{"h":3.0,"on_route":false},"geometry":{"type":"Polygon","coordinates":[[[7.056056,4.809296],[7.056038,4.809372],[7.05594,4.809348],[7.055959,4.809272],[7.056056,4.809296]]]}},{"type":"Feature","properties":{"h":3.0,"on_route":false},"geometry":{"type":"Polygon","coordinates":[[[7.059602,4.811974],[7.059596,4.812101],[7.059543,4.812098],[7.059549,4.811971],[7.059602,4.811974]]]}},{"type":"Feature","properties":{"h":3.0,"on_route":false},"geometry":{"type":"Polygon","coordinates":[[[7.058944,4.814557],[7.058937,4.814744],[7.058853,4.814741],[7.05886,4.814554],[7.058944,4.814557]]]}},{"type":"Feature","properties":{"h":3.0,"on_route":false},"geometry":{"type":"Polygon","coordinates":[[[7.059863,4.814542],[7.059743,4.814563],[7.059747,4.814584],[7.059712,4.81459],[7.059699,4.814516],[7.059853,4.814489],[7.059863,4.814542]]]}},{"type":"Feature","properties":{"h":3.0,"on_route":false},"geometry":{"type":"Polygon","coordinates":[[[7.061204,4.816359],[7.061175,4.81648],[7.061085,4.816459],[7.061114,4.816338],[7.061204,4.816359]]]}},{"type":"Feature","properties":{"h":3.0,"on_route":false},"geometry":{"type":"Polygon","coordinates":[[[7.060605,4.813479],[7.060465,4.813506],[7.060431,4.813324],[7.060405,4.813328],[7.06039,4.813245],[7.060555,4.813213],[7.060605,4.813479]]]}},{"type":"Feature","properties":{"h":3.0,"on_route":false},"geometry":{"type":"Polygon","coordinates":[[[7.057241,4.817832],[7.057221,4.817862],[7.057162,4.817824],[7.057181,4.817794],[7.057241,4.817832]]]}},{"type":"Feature","properties":{"h":3.0,"on_route":false},"geometry":{"type":"Polygon","coordinates":[[[7.058213,4.815794],[7.058156,4.815887],[7.058297,4.815974],[7.058227,4.816088],[7.057963,4.815924],[7.05809,4.815718],[7.058213,4.815794]]]}},{"type":"Feature","properties":{"h":3.0,"on_route":false},"geometry":{"type":"Polygon","coordinates":[[[7.062105,4.814492],[7.061994,4.814511],[7.061978,4.814418],[7.062088,4.814399],[7.062105,4.814492]]]}},{"type":"Feature","properties":{"h":3.0,"on_route":false},"geometry":{"type":"Polygon","coordinates":[[[7.059466,4.818219],[7.059451,4.81827],[7.059359,4.818242],[7.059374,4.818191],[7.059466,4.818219]]]}},{"type":"Feature","properties":{"h":3.0,"on_route":false},"geometry":{"type":"Polygon","coordinates":[[[7.058984,4.81358],[7.058877,4.8136],[7.058853,4.813464],[7.058827,4.813468],[7.058823,4.813448],[7.058956,4.813424],[7.058984,4.81358]]]}},{"type":"Feature","properties":{"h":3.0,"on_route":false},"geometry":{"type":"Polygon","coordinates":[[[7.060404,4.817603],[7.060401,4.817722],[7.060326,4.817721],[7.060329,4.817601],[7.060404,4.817603]]]}},{"type":"Feature","properties":{"h":3.0,"on_route":false},"geometry":{"type":"Polygon","coordinates":[[[7.059386,4.817709],[7.059336,4.817822],[7.059161,4.817743],[7.059212,4.817631],[7.059386,4.817709]]]}},{"type":"Feature","properties":{"h":3.0,"on_route":false},"geometry":{"type":"Polygon","coordinates":[[[7.059411,4.817906],[7.059383,4.817968],[7.059025,4.817807],[7.059053,4.817744],[7.059411,4.817906]]]}},{"type":"Feature","properties":{"h":3.0,"on_route":false},"geometry":{"type":"Polygon","coordinates":[[[7.060906,4.817807],[7.060651,4.817836],[7.060638,4.817724],[7.060893,4.817694],[7.060906,4.817807]]]}},{"type":"Feature","properties":{"h":3.0,"on_route":false},"geometry":{"type":"Polygon","coordinates":[[[7.0556,4.812095],[7.055594,4.812138],[7.055528,4.81213],[7.055533,4.812087],[7.0556,4.812095]]]}},{"type":"Feature","properties":{"h":3.0,"on_route":false},"geometry":{"type":"Polygon","coordinates":[[[7.056726,4.81743],[7.056663,4.817511],[7.056619,4.817476],[7.056682,4.817395],[7.056726,4.81743]]]}},{"type":"Feature","properties":{"h":3.0,"on_route":false},"geometry":{"type":"Polygon","coordinates":[[[7.061127,4.814894],[7.060998,4.814918],[7.060946,4.814634],[7.061074,4.81461],[7.061127,4.814894]]]}},{"type":"Feature","properties":{"h":3.0,"on_route":false},"geometry":{"type":"Polygon","coordinates":[[[7.057709,4.81775],[7.057605,4.817875],[7.057515,4.817801],[7.057619,4.817675],[7.057709,4.81775]]]}},{"type":"Feature","properties":{"h":3.0,"on_route":false},"geometry":{"type":"Polygon","coordinates":[[[7.056684,4.817522],[7.056654,4.817567],[7.056622,4.817546],[7.056652,4.817501],[7.056684,4.817522]]]}},{"type":"Feature","properties":{"h":3.0,"on_route":false},"geometry":{"type":"Polygon","coordinates":[[[7.059462,4.817924],[7.05945,4.817963],[7.059404,4.817947],[7.059416,4.817909],[7.059462,4.817924]]]}},{"type":"Feature","properties":{"h":3.0,"on_route":false},"geometry":{"type":"Polygon","coordinates":[[[7.05895,4.815145],[7.058948,4.815198],[7.058841,4.815195],[7.058843,4.815141],[7.05895,4.815145]]]}},{"type":"Feature","properties":{"h":3.0,"on_route":false},"geometry":{"type":"Polygon","coordinates":[[[7.059066,4.811753],[7.059063,4.811843],[7.05903,4.811842],[7.059033,4.811752],[7.059066,4.811753]]]}},{"type":"Feature","properties":{"h":3.0,"on_route":false},"geometry":{"type":"Polygon","coordinates":[[[7.060882,4.81614],[7.060868,4.816264],[7.060716,4.816247],[7.06073,4.816123],[7.060882,4.81614]]]}},{"type":"Feature","properties":{"h":3.0,"on_route":false},"geometry":{"type":"Polygon","coordinates":[[[7.061519,4.81318],[7.061471,4.81319],[7.061495,4.813311],[7.061405,4.813328],[7.061395,4.813277],[7.061316,4.813293],[7.061275,4.813078],[7.061491,4.813036],[7.061519,4.81318]]]}},{"type":"Feature","properties":{"h":3.0,"on_route":false},"geometry":{"type":"Polygon","coordinates":[[[7.058484,4.815876],[7.058438,4.815984],[7.058296,4.815923],[7.058342,4.815815],[7.058484,4.815876]]]}},{"type":"Feature","properties":{"h":3.0,"on_route":false},"geometry":{"type":"Polygon","coordinates":[[[7.055068,4.812205],[7.055067,4.812246],[7.055045,4.812245],[7.055046,4.812205],[7.055068,4.812205]]]}},{"type":"Feature","properties":{"h":3.0,"on_route":false},"geometry":{"type":"Polygon","coordinates":[[[7.057917,4.81759],[7.057856,4.817703],[7.057778,4.817661],[7.05784,4.817548],[7.057917,4.81759]]]}},{"type":"Feature","properties":{"h":3.0,"on_route":false},"geometry":{"type":"Polygon","coordinates":[[[7.059398,4.81801],[7.059359,4.818097],[7.059204,4.818027],[7.059242,4.81794],[7.059398,4.81801]]]}},{"type":"Feature","properties":{"h":3.0,"on_route":false},"geometry":{"type":"Polygon","coordinates":[[[7.059307,4.818281],[7.059293,4.818346],[7.05933,4.818354],[7.059289,4.818545],[7.059145,4.818513],[7.059201,4.818258],[7.059307,4.818281]]]}},{"type":"Feature","properties":{"h":3.0,"on_route":false},"geometry":{"type":"Polygon","coordinates":[[[7.059104,4.818487],[7.059094,4.818521],[7.059059,4.818511],[7.059069,4.818477],[7.059104,4.818487]]]}},{"type":"Feature","properties":{"h":3.0,"on_route":false},"geometry":{"type":"Polygon","coordinates":[[[7.060007,4.812071],[7.060031,4.812069],[7.06004,4.812162],[7.059666,4.8122],[7.059654,4.812074],[7.059943,4.812045],[7.059939,4.81201],[7.059912,4.812013],[7.059907,4.811965],[7.059995,4.811956],[7.060007,4.812071]]]}},{"type":"Feature","properties":{"h":3.0,"on_route":false},"geometry":{"type":"Polygon","coordinates":[[[7.059945,4.814608],[7.059896,4.814617],[7.059887,4.814566],[7.059936,4.814557],[7.059945,4.814608]]]}},{"type":"Feature","properties":{"h":3.0,"on_route":false},"geometry":{"type":"Polygon","coordinates":[[[7.060642,4.810017],[7.060521,4.810096],[7.060402,4.809914],[7.060524,4.809834],[7.060642,4.810017]]]}},{"type":"Feature","properties":{"h":3.0,"on_route":false},"geometry":{"type":"Polygon","coordinates":[[[7.061076,4.816719],[7.061043,4.816711],[7.061067,4.816618],[7.061099,4.816626],[7.061076,4.816719]]]}},{"type":"Feature","properties":{"h":3.0,"on_route":false},"geometry":{"type":"Polygon","coordinates":[[[7.057722,4.818241],[7.057678,4.818276],[7.057654,4.818246],[7.057698,4.818211],[7.057722,4.818241]]]}},{"type":"Feature","properties":{"h":3.0,"on_route":false},"geometry":{"type":"Polygon","coordinates":[[[7.060258,4.817803],[7.060254,4.817971],[7.060142,4.817969],[7.060146,4.8178],[7.060258,4.817803]]]}},{"type":"Feature","properties":{"h":3.0,"on_route":false},"geometry":{"type":"Polygon","coordinates":[[[7.056662,4.815751],[7.056633,4.81612],[7.056556,4.816114],[7.056584,4.815745],[7.056662,4.815751]]]}},{"type":"Feature","properties":{"h":3.0,"on_route":false},"geometry":{"type":"Polygon","coordinates":[[[7.061369,4.815675],[7.061352,4.815783],[7.061234,4.815764],[7.061251,4.815656],[7.061369,4.815675]]]}},{"type":"Feature","properties":{"h":3.0,"on_route":false},"geometry":{"type":"Polygon","coordinates":[[[7.058982,4.815953],[7.058868,4.815931],[7.058907,4.815733],[7.058956,4.815742],[7.058962,4.815714],[7.059027,4.815727],[7.058982,4.815953]]]}},{"type":"Feature","properties":{"h":3.0,"on_route":false},"geometry":{"type":"Polygon","coordinates":[[[7.056929,4.817789],[7.056855,4.817737],[7.05695,4.817601],[7.057024,4.817653],[7.056929,4.817789]]]}},{"type":"Feature","properties":{"h":3.0,"on_route":false},"geometry":{"type":"Polygon","coordinates":[[[7.059062,4.818527],[7.059018,4.818595],[7.05882,4.818466],[7.058863,4.818398],[7.059062,4.818527]]]}},{"type":"Feature","properties":{"h":3.0,"on_route":false},"geometry":{"type":"Polygon","coordinates":[[[7.059342,4.816571],[7.059288,4.816722],[7.059147,4.816671],[7.059201,4.81652],[7.059342,4.816571]]]}},{"type":"Feature","properties":{"h":3.0,"on_route":false},"geometry":{"type":"Polygon","coordinates":[[[7.060391,4.813242],[7.060306,4.813258],[7.060292,4.813185],[7.060377,4.813169],[7.060391,4.813242]]]}},{"type":"Feature","properties":{"h":3.0,"on_route":false},"geometry":{"type":"Polygon","coordinates":[[[7.061208,4.812224],[7.061178,4.812338],[7.061058,4.812305],[7.061088,4.812192],[7.061208,4.812224]]]}},{"type":"Feature","properties":{"h":3.0,"on_route":false},"geometry":{"type":"Polygon","coordinates":[[[7.05743,4.817876],[7.0574,4.81785],[7.057468,4.817772],[7.057498,4.817798],[7.05743,4.817876]]]}},{"type":"Feature","properties":{"h":3.0,"on_route":false},"geometry":{"type":"Polygon","coordinates":[[[7.058838,4.813615],[7.058785,4.813619],[7.058782,4.813577],[7.058835,4.813573],[7.058838,4.813615]]]}},{"type":"Feature","properties":{"h":3.0,"on_route":false},"geometry":{"type":"Polygon","coordinates":[[[7.059508,4.811578],[7.059501,4.811633],[7.059436,4.811625],[7.059442,4.81157],[7.059508,4.811578]]]}},{"type":"Feature","properties":{"h":3.0,"on_route":false},"geometry":{"type":"Polygon","coordinates":[[[7.057309,4.816956],[7.05728,4.816993],[7.057205,4.816935],[7.057234,4.816897],[7.057309,4.816956]]]}},{"type":"Feature","properties":{"h":3.0,"on_route":false},"geometry":{"type":"Polygon","coordinates":[[[7.057095,4.817215],[7.057053,4.817192],[7.057096,4.817113],[7.057138,4.817137],[7.057095,4.817215]]]}},{"type":"Feature","properties":{"h":3.0,"on_route":false},"geometry":{"type":"Polygon","coordinates":[[[7.060718,4.815051],[7.060699,4.815256],[7.060595,4.815247],[7.060614,4.815042],[7.060718,4.815051]]]}},{"type":"Feature","properties":{"h":3.0,"on_route":false},"geometry":{"type":"Polygon","coordinates":[[[7.056269,4.8092],[7.056235,4.809325],[7.056166,4.809306],[7.0562,4.809181],[7.056269,4.8092]]]}},{"type":"Feature","properties":{"h":3.0,"on_route":false},"geometry":{"type":"Polygon","coordinates":[[[7.060354,4.813722],[7.060296,4.813733],[7.060284,4.813674],[7.060343,4.813663],[7.060354,4.813722]]]}},{"type":"Feature","properties":{"h":3.0,"on_route":false},"geometry":{"type":"Polygon","coordinates":[[[7.058861,4.817495],[7.058743,4.817433],[7.058845,4.817239],[7.058963,4.817302],[7.058861,4.817495]]]}},{"type":"Feature","properties":{"h":3.0,"on_route":false},"geometry":{"type":"Polygon","coordinates":[[[7.055212,4.812232],[7.055196,4.812266],[7.055146,4.812241],[7.055163,4.812207],[7.055212,4.812232]]]}},{"type":"Feature","properties":{"h":3.0,"on_route":false},"geometry":{"type":"Polygon","coordinates":[[[7.059103,4.811978],[7.059102,4.81204],[7.05907,4.812039],[7.059072,4.811977],[7.059103,4.811978]]]}},{"type":"Feature","properties":{"h":3.0,"on_route":false},"geometry":{"type":"Polygon","coordinates":[[[7.058083,4.817686],[7.058003,4.817813],[7.057902,4.817748],[7.057982,4.817622],[7.058083,4.817686]]]}},{"type":"Feature","properties":{"h":3.0,"on_route":false},"geometry":{"type":"Polygon","coordinates":[[[7.059141,4.813041],[7.05892,4.813079],[7.058869,4.812787],[7.059091,4.812748],[7.059141,4.813041]]]}},{"type":"Feature","properties":{"h":3.0,"on_route":false},"geometry":{"type":"Polygon","coordinates":[[[7.056074,4.81561],[7.055982,4.815621],[7.055958,4.815425],[7.05605,4.815414],[7.056074,4.81561]]]}},{"type":"Feature","properties":{"h":3.0,"on_route":false},"geometry":{"type":"Polygon","coordinates":[[[7.06185,4.815295],[7.061823,4.815485],[7.061767,4.815477],[7.061765,4.815496],[7.061697,4.815486],[7.061727,4.815278],[7.06185,4.815295]]]}},{"type":"Feature","properties":{"h":3.0,"on_route":false},"geometry":{"type":"Polygon","coordinates":[[[7.06117,4.814902],[7.061183,4.815071],[7.061108,4.815076],[7.061103,4.815004],[7.061136,4.815001],[7.061129,4.814905],[7.06117,4.814902]]]}},{"type":"Feature","properties":{"h":3.0,"on_route":false},"geometry":{"type":"Polygon","coordinates":[[[7.061441,4.816911],[7.061424,4.817032],[7.061309,4.817016],[7.061326,4.816895],[7.061441,4.816911]]]}},{"type":"Feature","properties":{"h":3.0,"on_route":false},"geometry":{"type":"Polygon","coordinates":[[[7.061842,4.813405],[7.061901,4.813684],[7.061839,4.813697],[7.061779,4.813418],[7.061842,4.813405]]]}},{"type":"Feature","properties":{"h":3.0,"on_route":false},"geometry":{"type":"Polygon","coordinates":[[[7.058278,4.816146],[7.058196,4.816356],[7.058091,4.816315],[7.058173,4.816105],[7.058278,4.816146]]]}},{"type":"Feature","properties":{"h":3.0,"on_route":false},"geometry":{"type":"Polygon","coordinates":[[[7.055253,4.815676],[7.054984,4.815692],[7.054973,4.815514],[7.055243,4.815499],[7.055253,4.815676]]]}},{"type":"Feature","properties":{"h":3.0,"on_route":false},"geometry":{"type":"Polygon","coordinates":[[[7.061509,4.816159],[7.061504,4.816204],[7.061473,4.816201],[7.061478,4.816156],[7.061509,4.816159]]]}},{"type":"Feature","properties":{"h":3.0,"on_route":false},"geometry":{"type":"Polygon","coordinates":[[[7.060252,4.817469],[7.060244,4.817519],[7.060272,4.817523],[7.060262,4.817594],[7.06007,4.817565],[7.060088,4.817444],[7.060252,4.817469]]]}},{"type":"Feature","properties":{"h":3.0,"on_route":false},"geometry":{"type":"Polygon","coordinates":[[[7.057307,4.81751],[7.057282,4.817568],[7.057256,4.817556],[7.05722,4.817638],[7.057139,4.817602],[7.057199,4.817463],[7.057307,4.81751]]]}},{"type":"Feature","properties":{"h":3.0,"on_route":false},"geometry":{"type":"Polygon","coordinates":[[[7.060928,4.812546],[7.060941,4.812636],[7.060895,4.812643],[7.060882,4.812553],[7.060928,4.812546]]]}},{"type":"Feature","properties":{"h":3.0,"on_route":false},"geometry":{"type":"Polygon","coordinates":[[[7.059486,4.818388],[7.059449,4.818533],[7.05947,4.818538],[7.059447,4.81863],[7.059323,4.818599],[7.059383,4.818361],[7.059486,4.818388]]]}},{"type":"Feature","properties":{"h":3.0,"on_route":false},"geometry":{"type":"Polygon","coordinates":[[[7.061865,4.813253],[7.061761,4.81327],[7.061743,4.813156],[7.061847,4.81314],[7.061865,4.813253]]]}},{"type":"Feature","properties":{"h":3.0,"on_route":false},"geometry":{"type":"Polygon","coordinates":[[[7.06154,4.81196],[7.061514,4.812049],[7.06145,4.81203],[7.061476,4.811941],[7.06154,4.81196]]]}},{"type":"Feature","properties":{"h":3.0,"on_route":false},"geometry":{"type":"Polygon","coordinates":[[[7.061244,4.817625],[7.061053,4.817611],[7.06106,4.817504],[7.061204,4.817514],[7.061207,4.817474],[7.061255,4.817477],[7.061244,4.817625]]]}},{"type":"Feature","properties":{"h":3.0,"on_route":false},"geometry":{"type":"Polygon","coordinates":[[[7.061604,4.81578],[7.061594,4.815849],[7.061488,4.815833],[7.061498,4.815765],[7.061604,4.81578]]]}},{"type":"Feature","properties":{"h":3.0,"on_route":false},"geometry":{"type":"Polygon","coordinates":[[[7.057972,4.816236],[7.057903,4.816209],[7.057889,4.816246],[7.057863,4.816235],[7.057931,4.81606],[7.058026,4.816097],[7.057972,4.816236]]]}},{"type":"Feature","properties":{"h":3.0,"on_route":false},"geometry":{"type":"Polygon","coordinates":[[[7.058652,4.815507],[7.058624,4.815615],[7.058526,4.81559],[7.058554,4.815482],[7.058652,4.815507]]]}},{"type":"Feature","properties":{"h":3.0,"on_route":false},"geometry":{"type":"Polygon","coordinates":[[[7.060491,4.817154],[7.060496,4.817215],[7.060425,4.81722],[7.060421,4.81716],[7.060491,4.817154]]]}},{"type":"Feature","properties":{"h":3.0,"on_route":false},"geometry":{"type":"Polygon","coordinates":[[[7.05532,4.811406],[7.055286,4.811467],[7.055224,4.811433],[7.055258,4.811372],[7.05532,4.811406]]]}},{"type":"Feature","properties":{"h":3.0,"on_route":false},"geometry":{"type":"Polygon","coordinates":[[[7.055083,4.812182],[7.055079,4.812223],[7.055054,4.812221],[7.055057,4.81218],[7.055083,4.812182]]]}},{"type":"Feature","properties":{"h":3.0,"on_route":false},"geometry":{"type":"Polygon","coordinates":[[[7.058681,4.814141],[7.058571,4.814163],[7.058544,4.814025],[7.058653,4.814003],[7.058681,4.814141]]]}},{"type":"Feature","properties":{"h":3.0,"on_route":false},"geometry":{"type":"Polygon","coordinates":[[[7.062092,4.815383],[7.062068,4.81557],[7.061969,4.815558],[7.061993,4.815371],[7.062092,4.815383]]]}},{"type":"Feature","properties":{"h":3.0,"on_route":false},"geometry":{"type":"Polygon","coordinates":[[[7.061072,4.81334],[7.061097,4.813445],[7.061057,4.813454],[7.061032,4.813349],[7.061072,4.81334]]]}},{"type":"Feature","properties":{"h":3.0,"on_route":false},"geometry":{"type":"Polygon","coordinates":[[[7.055858,4.815624],[7.055677,4.815643],[7.05567,4.815579],[7.055851,4.81556],[7.055858,4.815624]]]}},{"type":"Feature","properties":{"h":3.0,"on_route":false},"geometry":{"type":"Polygon","coordinates":[[[7.060664,4.816837],[7.060655,4.816898],[7.060527,4.816879],[7.060536,4.816818],[7.060664,4.816837]]]}},{"type":"Feature","properties":{"h":3.0,"on_route":false},"geometry":{"type":"Polygon","coordinates":[[[7.05839,4.818224],[7.05822,4.818387],[7.058174,4.818339],[7.058344,4.818176],[7.05839,4.818224]]]}},{"type":"Feature","properties":{"h":3.0,"on_route":false},"geometry":{"type":"Polygon","coordinates":[[[7.058856,4.814067],[7.058813,4.814073],[7.058802,4.813997],[7.058845,4.813991],[7.058856,4.814067]]]}},{"type":"Feature","properties":{"h":3.0,"on_route":false},"geometry":{"type":"Polygon","coordinates":[[[7.057585,4.816175],[7.057479,4.816247],[7.057441,4.816192],[7.057547,4.81612],[7.057585,4.816175]]]}},{"type":"Feature","properties":{"h":3.0,"on_route":false},"geometry":{"type":"Polygon","coordinates":[[[7.059845,4.813552],[7.05985,4.81359],[7.059828,4.813593],[7.059823,4.813554],[7.059845,4.813552]]]}},{"type":"Feature","properties":{"h":3.0,"on_route":false},"geometry":{"type":"Polygon","coordinates":[[[7.057974,4.817225],[7.057942,4.817208],[7.057967,4.817162],[7.057999,4.817179],[7.057974,4.817225]]]}},{"type":"Feature","properties":{"h":3.0,"on_route":false},"geometry":{"type":"Polygon","coordinates":[[[7.058011,4.813408],[7.057955,4.813378],[7.058005,4.813283],[7.058061,4.813312],[7.058011,4.813408]]]}},{"type":"Feature","properties":{"h":3.0,"on_route":false},"geometry":{"type":"Polygon","coordinates":[[[7.056082,4.817404],[7.056044,4.817439],[7.056007,4.817398],[7.056044,4.817364],[7.056082,4.817404]]]}},{"type":"Feature","properties":{"h":3.0,"on_route":false},"geometry":{"type":"Polygon","coordinates":[[[7.061344,4.814677],[7.061173,4.814707],[7.061153,4.814592],[7.061324,4.814562],[7.061344,4.814677]]]}},{"type":"Feature","properties":{"h":3.0,"on_route":false},"geometry":{"type":"Polygon","coordinates":[[[7.060557,4.81291],[7.060484,4.812923],[7.060477,4.812881],[7.06055,4.812868],[7.060557,4.81291]]]}},{"type":"Feature","properties":{"h":3.0,"on_route":false},"geometry":{"type":"Polygon","coordinates":[[[7.059471,4.816967],[7.0594,4.816939],[7.059491,4.816701],[7.059562,4.816728],[7.059471,4.816967]]]}},{"type":"Feature","properties":{"h":3.0,"on_route":false},"geometry":{"type":"Polygon","coordinates":[[[7.061359,4.816517],[7.061341,4.816633],[7.061063,4.81659],[7.061081,4.816474],[7.061359,4.816517]]]}},{"type":"Feature","properties":{"h":3.0,"on_route":false},"geometry":{"type":"Polygon","coordinates":[[[7.060525,4.815766],[7.060419,4.815747],[7.060444,4.815603],[7.06055,4.815622],[7.060525,4.815766]]]}},{"type":"Feature","properties":{"h":3.0,"on_route":false},"geometry":{"type":"Polygon","coordinates":[[[7.061538,4.81341],[7.061543,4.813437],[7.0615,4.813445],[7.061495,4.813418],[7.061538,4.81341]]]}},{"type":"Feature","properties":{"h":3.0,"on_route":false},"geometry":{"type":"Polygon","coordinates":[[[7.062261,4.814342],[7.062122,4.814373],[7.062066,4.814121],[7.062206,4.81409],[7.062261,4.814342]]]}},{"type":"Feature","properties":{"h":3.0,"on_route":false},"geometry":{"type":"Polygon","coordinates":[[[7.060709,4.814124],[7.060599,4.814145],[7.060588,4.81409],[7.060698,4.814068],[7.060709,4.814124]]]}},{"type":"Feature","properties":{"h":3.0,"on_route":false},"geometry":{"type":"Polygon","coordinates":[[[7.055337,4.811296],[7.05537,4.811327],[7.055369,4.811357],[7.05534,4.811355],[7.05531,4.811319],[7.055311,4.811294],[7.055337,4.811296]]]}},{"type":"Feature","properties":{"h":3.0,"on_route":false},"geometry":{"type":"Polygon","coordinates":[[[7.0577,4.817462],[7.057635,4.817586],[7.057519,4.817524],[7.057584,4.8174],[7.0577,4.817462]]]}},{"type":"Feature","properties":{"h":3.0,"on_route":false},"geometry":{"type":"Polygon","coordinates":[[[7.059759,4.818],[7.059752,4.818034],[7.059795,4.818043],[7.05978,4.818116],[7.059974,4.818157],[7.05995,4.818272],[7.059674,4.818214],[7.059721,4.817992],[7.059759,4.818]]]}},{"type":"Feature","properties":{"h":3.0,"on_route":false},"geometry":{"type":"Polygon","coordinates":[[[7.060993,4.810682],[7.060901,4.810675],[7.060904,4.810625],[7.060947,4.810628],[7.060959,4.810477],[7.061009,4.810481],[7.060993,4.810682]]]}},{"type":"Feature","properties":{"h":3.0,"on_route":false},"geometry":{"type":"Polygon","coordinates":[[[7.058622,4.81577],[7.058591,4.815871],[7.058486,4.815839],[7.058517,4.815738],[7.058622,4.81577]]]}},{"type":"Feature","properties":{"h":3.0,"on_route":false},"geometry":{"type":"Polygon","coordinates":[[[7.056609,4.809488],[7.056597,4.809536],[7.056541,4.809522],[7.056552,4.809475],[7.056609,4.809488]]]}},{"type":"Feature","properties":{"h":3.0,"on_route":false},"geometry":{"type":"Polygon","coordinates":[[[7.060103,4.816565],[7.060088,4.816611],[7.059799,4.816517],[7.059813,4.816472],[7.060103,4.816565]]]}},{"type":"Feature","properties":{"h":3.0,"on_route":false},"geometry":{"type":"Polygon","coordinates":[[[7.060057,4.815217],[7.06003,4.815332],[7.059791,4.815276],[7.059805,4.815215],[7.059771,4.815207],[7.059784,4.815153],[7.060057,4.815217]]]}},{"type":"Feature","properties":{"h":3.0,"on_route":false},"geometry":{"type":"Polygon","coordinates":[[[7.058809,4.81389],[7.058765,4.81389],[7.058763,4.813782],[7.058808,4.813782],[7.058809,4.81389]]]}},{"type":"Feature","properties":{"h":3.0,"on_route":false},"geometry":{"type":"Polygon","coordinates":[[[7.060581,4.811616],[7.060565,4.811783],[7.060456,4.811773],[7.060472,4.811606],[7.060581,4.811616]]]}},{"type":"Feature","properties":{"h":3.0,"on_route":false},"geometry":{"type":"Polygon","coordinates":[[[7.059798,4.816794],[7.059762,4.816908],[7.059564,4.816845],[7.059601,4.816731],[7.059798,4.816794]]]}},{"type":"Feature","properties":{"h":3.0,"on_route":false},"geometry":{"type":"Polygon","coordinates":[[[7.054551,4.813855],[7.05424,4.813914],[7.054222,4.813823],[7.054534,4.813764],[7.054551,4.813855]]]}},{"type":"Feature","properties":{"h":3.0,"on_route":false},"geometry":{"type":"Polygon","coordinates":[[[7.060125,4.812122],[7.060058,4.812132],[7.060039,4.812009],[7.060106,4.811998],[7.060125,4.812122]]]}},{"type":"Feature","properties":{"h":3.0,"on_route":false},"geometry":{"type":"Polygon","coordinates":[[[7.056728,4.809387],[7.05668,4.809507],[7.056593,4.809473],[7.056641,4.809352],[7.056728,4.809387]]]}},{"type":"Feature","properties":{"h":3.0,"on_route":false},"geometry":{"type":"Polygon","coordinates":[[[7.057215,4.817872],[7.057161,4.817955],[7.057102,4.817917],[7.057156,4.817833],[7.057215,4.817872]]]}},{"type":"Feature","properties":{"h":3.0,"on_route":false},"geometry":{"type":"Polygon","coordinates":[[[7.056817,4.809384],[7.056766,4.809513],[7.056687,4.809482],[7.056738,4.809353],[7.056817,4.809384]]]}},{"type":"Feature","properties":{"h":3.0,"on_route":false},"geometry":{"type":"Polygon","coordinates":[[[7.060153,4.813397],[7.059992,4.813428],[7.059975,4.81334],[7.060137,4.813309],[7.060153,4.813397]]]}},{"type":"Feature","properties":{"h":3.0,"on_route":false},"geometry":{"type":"Polygon","coordinates":[[[7.061501,4.814813],[7.061386,4.814835],[7.061364,4.814717],[7.061479,4.814696],[7.061501,4.814813]]]}},{"type":"Feature","properties":{"h":3.0,"on_route":false},"geometry":{"type":"Polygon","coordinates":[[[7.059948,4.817031],[7.059935,4.817067],[7.059897,4.817053],[7.059909,4.817018],[7.059948,4.817031]]]}},{"type":"Feature","properties":{"h":3.0,"on_route":false},"geometry":{"type":"Polygon","coordinates":[[[7.056562,4.817729],[7.056648,4.817795],[7.056611,4.817844],[7.056568,4.817812],[7.056552,4.817834],[7.056508,4.8178],[7.056562,4.817729]]]}},{"type":"Feature","properties":{"h":3.0,"on_route":false},"geometry":{"type":"Polygon","coordinates":[[[7.059745,4.81712],[7.05973,4.817173],[7.059631,4.817144],[7.059646,4.817092],[7.059745,4.81712]]]}},{"type":"Feature","properties":{"h":3.0,"on_route":false},"geometry":{"type":"Polygon","coordinates":[[[7.059563,4.813463],[7.059604,4.813661],[7.059797,4.813622],[7.059813,4.813697],[7.059546,4.813752],[7.059491,4.813478],[7.059563,4.813463]]]}},{"type":"Feature","properties":{"h":3.0,"on_route":false},"geometry":{"type":"Polygon","coordinates":[[[7.061979,4.815334],[7.061959,4.815476],[7.061827,4.815457],[7.06184,4.815368],[7.061871,4.815372],[7.061879,4.815319],[7.061979,4.815334]]]}},{"type":"Feature","properties":{"h":3.0,"on_route":false},"geometry":{"type":"Polygon","coordinates":[[[7.059037,4.8154],[7.059031,4.815452],[7.058961,4.815445],[7.058967,4.815392],[7.059037,4.8154]]]}},{"type":"Feature","properties":{"h":3.0,"on_route":false},"geometry":{"type":"Polygon","coordinates":[[[7.060914,4.817637],[7.060676,4.817666],[7.060663,4.817559],[7.060901,4.81753],[7.060914,4.817637]]]}},{"type":"Feature","properties":{"h":3.0,"on_route":false},"geometry":{"type":"Polygon","coordinates":[[[7.06085,4.817422],[7.060847,4.817523],[7.060735,4.817519],[7.060738,4.817418],[7.06085,4.817422]]]}},{"type":"Feature","properties":{"h":3.0,"on_route":false},"geometry":{"type":"Polygon","coordinates":[[[7.057895,4.818356],[7.057877,4.818384],[7.057837,4.818358],[7.057855,4.81833],[7.057895,4.818356]]]}},{"type":"Feature","properties":{"h":3.0,"on_route":false},"geometry":{"type":"Polygon","coordinates":[[[7.06108,4.816167],[7.061079,4.816175],[7.061165,4.816189],[7.061146,4.816313],[7.061002,4.816291],[7.061022,4.816158],[7.06108,4.816167]]]}},{"type":"Feature","properties":{"h":3.0,"on_route":false},"geometry":{"type":"Polygon","coordinates":[[[7.061491,4.811906],[7.061452,4.812039],[7.061399,4.812023],[7.061413,4.811974],[7.061331,4.81195],[7.061355,4.811867],[7.061491,4.811906]]]}},{"type":"Feature","properties":{"h":3.0,"on_route":false},"geometry":{"type":"Polygon","coordinates":[[[7.059495,4.810239],[7.05948,4.81026],[7.059437,4.810229],[7.059452,4.810207],[7.059495,4.810239]]]}},{"type":"Feature","properties":{"h":3.0,"on_route":false},"geometry":{"type":"Polygon","coordinates":[[[7.058943,4.815512],[7.05892,4.815634],[7.058821,4.815615],[7.058845,4.815493],[7.058943,4.815512]]]}},{"type":"Feature","properties":{"h":3.0,"on_route":false},"geometry":{"type":"Polygon","coordinates":[[[7.05813,4.813596],[7.058218,4.81364],[7.058207,4.813664],[7.058185,4.813653],[7.058163,4.813697],[7.058097,4.813664],[7.05813,4.813596]]]}},{"type":"Feature","properties":{"h":3.0,"on_route":false},"geometry":{"type":"Polygon","coordinates":[[[7.061608,4.814398],[7.061452,4.814429],[7.061422,4.814279],[7.061578,4.814249],[7.061608,4.814398]]]}},{"type":"Feature","properties":{"h":3.0,"on_route":false},"geometry":{"type":"Polygon","coordinates":[[[7.055658,4.812148],[7.055632,4.812207],[7.055594,4.812191],[7.05562,4.812132],[7.055658,4.812148]]]}},{"type":"Feature","properties":{"h":3.0,"on_route":false},"geometry":{"type":"Polygon","coordinates":[[[7.056582,4.817312],[7.056507,4.817422],[7.056442,4.817377],[7.056517,4.817268],[7.056582,4.817312]]]}},{"type":"Feature","properties":{"h":3.0,"on_route":false},"geometry":{"type":"Polygon","coordinates":[[[7.060215,4.815402],[7.060197,4.815497],[7.060055,4.81547],[7.060074,4.815374],[7.060215,4.815402]]]}},{"type":"Feature","properties":{"h":3.0,"on_route":false},"geometry":{"type":"Polygon","coordinates":[[[7.061991,4.812749],[7.062018,4.812891],[7.061822,4.812928],[7.0618,4.812809],[7.061825,4.812804],[7.061821,4.812782],[7.061991,4.812749]]]}},{"type":"Feature","properties":{"h":3.0,"on_route":false},"geometry":{"type":"Polygon","coordinates":[[[7.061032,4.811842],[7.061186,4.811889],[7.061165,4.811958],[7.061085,4.811934],[7.061075,4.811968],[7.061001,4.811945],[7.061032,4.811842]]]}},{"type":"Feature","properties":{"h":3.0,"on_route":false},"geometry":{"type":"Polygon","coordinates":[[[7.062011,4.815153],[7.061968,4.815159],[7.061964,4.815128],[7.062007,4.815122],[7.062011,4.815153]]]}},{"type":"Feature","properties":{"h":3.0,"on_route":false},"geometry":{"type":"Polygon","coordinates":[[[7.059353,4.815608],[7.059311,4.81575],[7.059209,4.81572],[7.059251,4.815578],[7.059353,4.815608]]]}},{"type":"Feature","properties":{"h":3.0,"on_route":false},"geometry":{"type":"Polygon","coordinates":[[[7.059246,4.810489],[7.059174,4.810531],[7.058997,4.810219],[7.05907,4.810177],[7.059246,4.810489]]]}},{"type":"Feature","properties":{"h":3.0,"on_route":false},"geometry":{"type":"Polygon","coordinates":[[[7.059481,4.812702],[7.059528,4.812948],[7.059576,4.812939],[7.059588,4.813005],[7.059445,4.813033],[7.059385,4.812721],[7.059481,4.812702]]]}},{"type":"Feature","properties":{"h":3.0,"on_route":false},"geometry":{"type":"Polygon","coordinates":[[[7.05583,4.817209],[7.05579,4.81724],[7.055745,4.817181],[7.055786,4.81715],[7.05583,4.817209]]]}},{"type":"Feature","properties":{"h":3.0,"on_route":false},"geometry":{"type":"Polygon","coordinates":[[[7.061696,4.816198],[7.061695,4.816226],[7.061661,4.816225],[7.061661,4.816197],[7.061696,4.816198]]]}},{"type":"Feature","properties":{"h":3.0,"on_route":false},"geometry":{"type":"Polygon","coordinates":[[[7.058656,4.814973],[7.058642,4.815109],[7.058523,4.815097],[7.058538,4.81496],[7.058656,4.814973]]]}},{"type":"Feature","properties":{"h":3.0,"on_route":false},"geometry":{"type":"Polygon","coordinates":[[[7.061153,4.814168],[7.061062,4.814182],[7.061041,4.81404],[7.061132,4.814026],[7.061153,4.814168]]]}},{"type":"Feature","properties":{"h":3.0,"on_route":false},"geometry":{"type":"Polygon","coordinates":[[[7.058027,4.817467],[7.057957,4.817598],[7.057846,4.817537],[7.057916,4.817407],[7.058027,4.817467]]]}},{"type":"Feature","properties":{"h":3.0,"on_route":false},"geometry":{"type":"Polygon","coordinates":[[[7.058534,4.816026],[7.058438,4.815984],[7.058492,4.815856],[7.058589,4.815898],[7.058534,4.816026]]]}},{"type":"Feature","properties":{"h":3.0,"on_route":false},"geometry":{"type":"Polygon","coordinates":[[[7.059654,4.8116],[7.059648,4.811642],[7.059603,4.811636],[7.059608,4.811594],[7.059654,4.8116]]]}},{"type":"Feature","properties":{"h":3.0,"on_route":false},"geometry":{"type":"Polygon","coordinates":[[[7.057348,4.817911],[7.057258,4.818025],[7.057173,4.817958],[7.057263,4.817844],[7.057348,4.817911]]]}},{"type":"Feature","properties":{"h":3.0,"on_route":false},"geometry":{"type":"Polygon","coordinates":[[[7.054577,4.813723],[7.054589,4.813786],[7.05454,4.813795],[7.054528,4.813732],[7.054577,4.813723]]]}},{"type":"Feature","properties":{"h":3.0,"on_route":false},"geometry":{"type":"Polygon","coordinates":[[[7.06131,4.813978],[7.061171,4.814002],[7.061166,4.813973],[7.061142,4.813977],[7.061124,4.813876],[7.061287,4.813847],[7.06131,4.813978]]]}},{"type":"Feature","properties":{"h":3.0,"on_route":false},"geometry":{"type":"Polygon","coordinates":[[[7.059862,4.812856],[7.059773,4.812873],[7.05977,4.812854],[7.059726,4.812863],[7.059695,4.812699],[7.059827,4.812674],[7.059862,4.812856]]]}},{"type":"Feature","properties":{"h":3.0,"on_route":false},"geometry":{"type":"Polygon","coordinates":[[[7.057137,4.809329],[7.057083,4.809467],[7.057024,4.809443],[7.057078,4.809306],[7.057137,4.809329]]]}},{"type":"Feature","properties":{"h":3.0,"on_route":false},"geometry":{"type":"Polygon","coordinates":[[[7.056585,4.817591],[7.056514,4.817682],[7.056333,4.81754],[7.056404,4.817449],[7.056585,4.817591]]]}},{"type":"Feature","properties":{"h":3.0,"on_route":false},"geometry":{"type":"Polygon","coordinates":[[[7.056502,4.817688],[7.056438,4.817766],[7.056344,4.817689],[7.056408,4.817611],[7.056502,4.817688]]]}},{"type":"Feature","properties":{"h":3.0,"on_route":false},"geometry":{"type":"Polygon","coordinates":[[[7.05582,4.815366],[7.055834,4.815478],[7.055803,4.815482],[7.055789,4.81537],[7.05582,4.815366]]]}},{"type":"Feature","properties":{"h":3.0,"on_route":false},"geometry":{"type":"Polygon","coordinates":[[[7.054534,4.813764],[7.054397,4.81379],[7.054377,4.813689],[7.054515,4.813663],[7.054534,4.813764]]]}},{"type":"Feature","properties":{"h":3.0,"on_route":false},"geometry":{"type":"Polygon","coordinates":[[[7.056922,4.816175],[7.056903,4.816169],[7.056934,4.816069],[7.056953,4.816075],[7.056922,4.816175]]]}},{"type":"Feature","properties":{"h":3.0,"on_route":false},"geometry":{"type":"Polygon","coordinates":[[[7.059842,4.814733],[7.05974,4.814751],[7.059727,4.814681],[7.059829,4.814663],[7.059842,4.814733]]]}},{"type":"Feature","properties":{"h":3.0,"on_route":false},"geometry":{"type":"Polygon","coordinates":[[[7.061599,4.814836],[7.061531,4.814848],[7.061521,4.814791],[7.061589,4.814779],[7.061599,4.814836]]]}},{"type":"Feature","properties":{"h":3.0,"on_route":false},"geometry":{"type":"Polygon","coordinates":[[[7.056816,4.818269],[7.056668,4.818394],[7.056578,4.818286],[7.056668,4.81821],[7.05662,4.818152],[7.056636,4.818139],[7.056614,4.818113],[7.056656,4.818078],[7.056816,4.818269]]]}},{"type":"Feature","properties":{"h":3.0,"on_route":false},"geometry":{"type":"Polygon","coordinates":[[[7.055286,4.811467],[7.055271,4.811495],[7.055209,4.81146],[7.055224,4.811433],[7.055286,4.811467]]]}},{"type":"Feature","properties":{"h":3.0,"on_route":false},"geometry":{"type":"Polygon","coordinates":[[[7.058418,4.813654],[7.058416,4.81368],[7.05839,4.813678],[7.058392,4.813652],[7.058418,4.813654]]]}},{"type":"Feature","properties":{"h":3.0,"on_route":false},"geometry":{"type":"Polygon","coordinates":[[[7.059921,4.811328],[7.059853,4.811292],[7.059911,4.81118],[7.05994,4.811195],[7.059964,4.811149],[7.060003,4.81117],[7.059921,4.811328]]]}},{"type":"Feature","properties":{"h":3.0,"on_route":false},"geometry":{"type":"Polygon","coordinates":[[[7.05782,4.816221],[7.057744,4.816172],[7.057813,4.816064],[7.057889,4.816112],[7.05782,4.816221]]]}},{"type":"Feature","properties":{"h":3.0,"on_route":false},"geometry":{"type":"Polygon","coordinates":[[[7.061087,4.816481],[7.061057,4.816601],[7.060928,4.816568],[7.060957,4.816449],[7.061087,4.816481]]]}},{"type":"Feature","properties":{"h":3.0,"on_route":false},"geometry":{"type":"Polygon","coordinates":[[[7.061725,4.816622],[7.061416,4.816638],[7.061411,4.816543],[7.06172,4.816527],[7.061725,4.816622]]]}},{"type":"Feature","properties":{"h":3.0,"on_route":false},"geometry":{"type":"Polygon","coordinates":[[[7.059358,4.815408],[7.059315,4.815538],[7.059254,4.815518],[7.059297,4.815388],[7.059358,4.815408]]]}},{"type":"Feature","properties":{"h":3.0,"on_route":false},"geometry":{"type":"Polygon","coordinates":[[[7.061134,4.815135],[7.061117,4.815344],[7.061002,4.815334],[7.06102,4.815125],[7.061134,4.815135]]]}},{"type":"Feature","properties":{"h":3.0,"on_route":false},"geometry":{"type":"Polygon","coordinates":[[[7.059411,4.81206],[7.059413,4.812136],[7.059357,4.812138],[7.059354,4.812061],[7.059411,4.81206]]]}},{"type":"Feature","properties":{"h":3.0,"on_route":false},"geometry":{"type":"Polygon","coordinates":[[[7.05714,4.818398],[7.057128,4.81843],[7.057086,4.818414],[7.057098,4.818382],[7.05714,4.818398]]]}},{"type":"Feature","properties":{"h":3.0,"on_route":false},"geometry":{"type":"Polygon","coordinates":[[[7.055826,4.814568],[7.055836,4.814611],[7.055859,4.814606],[7.055872,4.814662],[7.055849,4.814667],[7.055886,4.814825],[7.055793,4.814847],[7.055733,4.81459],[7.055826,4.814568]]]}},{"type":"Feature","properties":{"h":3.0,"on_route":false},"geometry":{"type":"Polygon","coordinates":[[[7.058789,4.813973],[7.058826,4.814133],[7.058776,4.814144],[7.05874,4.813985],[7.058789,4.813973]]]}},{"type":"Feature","properties":{"h":3.0,"on_route":false},"geometry":{"type":"Polygon","coordinates":[[[7.061232,4.81698],[7.061181,4.817094],[7.061123,4.817069],[7.061114,4.81709],[7.061071,4.817071],[7.061132,4.816935],[7.061232,4.81698]]]}},{"type":"Feature","properties":{"h":3.0,"on_route":false},"geometry":{"type":"Polygon","coordinates":[[[7.057979,4.817157],[7.057863,4.817315],[7.057761,4.817239],[7.057878,4.817082],[7.057979,4.817157]]]}},{"type":"Feature","properties":{"h":3.0,"on_route":false},"geometry":{"type":"Polygon","coordinates":[[[7.060436,4.815913],[7.060428,4.815953],[7.060377,4.815943],[7.060385,4.815904],[7.060436,4.815913]]]}},{"type":"Feature","properties":{"h":3.0,"on_route":false},"geometry":{"type":"Polygon","coordinates":[[[7.058472,4.817647],[7.058457,4.817687],[7.058423,4.817674],[7.058438,4.817634],[7.058472,4.817647]]]}},{"type":"Feature","properties":{"h":3.0,"on_route":false},"geometry":{"type":"Polygon","coordinates":[[[7.061673,4.814734],[7.061641,4.81474],[7.061645,4.814764],[7.06161,4.81477],[7.061579,4.814609],[7.061646,4.814596],[7.061673,4.814734]]]}},{"type":"Feature","properties":{"h":3.0,"on_route":false},"geometry":{"type":"Polygon","coordinates":[[[7.05908,4.816289],[7.059031,4.816426],[7.058947,4.816396],[7.058997,4.816259],[7.05908,4.816289]]]}},{"type":"Feature","properties":{"h":3.0,"on_route":false},"geometry":{"type":"Polygon","coordinates":[[[7.059102,4.817769],[7.059005,4.817727],[7.059091,4.817525],[7.059189,4.817567],[7.059102,4.817769]]]}},{"type":"Feature","properties":{"h":3.0,"on_route":false},"geometry":{"type":"Polygon","coordinates":[[[7.059271,4.816768],[7.059225,4.816902],[7.059127,4.816868],[7.059174,4.816734],[7.059271,4.816768]]]}},{"type":"Feature","properties":{"h":3.0,"on_route":false},"geometry":{"type":"Polygon","coordinates":[[[7.05892,4.818311],[7.05882,4.818466],[7.058576,4.818308],[7.05862,4.81824],[7.058823,4.818372],[7.058834,4.818355],[7.058651,4.818236],[7.058696,4.818165],[7.05892,4.818311]]]}},{"type":"Feature","properties":{"h":3.0,"on_route":false},"geometry":{"type":"Polygon","coordinates":[[[7.06075,4.811148],[7.060744,4.811191],[7.060722,4.811188],[7.060728,4.811144],[7.06075,4.811148]]]}},{"type":"Feature","properties":{"h":3.0,"on_route":false},"geometry":{"type":"Polygon","coordinates":[[[7.061632,4.816877],[7.061559,4.816883],[7.061555,4.816838],[7.061533,4.81684],[7.061537,4.816885],[7.061406,4.816897],[7.061396,4.816783],[7.061622,4.816763],[7.061632,4.816877]]]}},{"type":"Feature","properties":{"h":3.0,"on_route":false},"geometry":{"type":"Polygon","coordinates":[[[7.056547,4.809435],[7.056532,4.809496],[7.056369,4.809454],[7.056384,4.809394],[7.056547,4.809435]]]}},{"type":"Feature","properties":{"h":3.0,"on_route":false},"geometry":{"type":"Polygon","coordinates":[[[7.061379,4.81328],[7.061389,4.813331],[7.061344,4.81334],[7.061335,4.813289],[7.061379,4.81328]]]}},{"type":"Feature","properties":{"h":3.0,"on_route":false},"geometry":{"type":"Polygon","coordinates":[[[7.05861,4.817948],[7.05858,4.818],[7.058511,4.817961],[7.058541,4.817908],[7.05861,4.817948]]]}},{"type":"Feature","properties":{"h":3.0,"on_route":false},"geometry":{"type":"Polygon","coordinates":[[[7.060721,4.816113],[7.060703,4.816238],[7.060588,4.816221],[7.060607,4.816096],[7.060721,4.816113]]]}},{"type":"Feature","properties":{"h":3.0,"on_route":false},"geometry":{"type":"Polygon","coordinates":[[[7.060919,4.816482],[7.060907,4.816562],[7.060831,4.81655],[7.060844,4.81647],[7.060919,4.816482]]]}},{"type":"Feature","properties":{"h":3.0,"on_route":false},"geometry":{"type":"Polygon","coordinates":[[[7.057244,4.817195],[7.057229,4.817222],[7.057303,4.817263],[7.05724,4.817377],[7.057074,4.817286],[7.057151,4.817143],[7.057244,4.817195]]]}},{"type":"Feature","properties":{"h":3.0,"on_route":false},"geometry":{"type":"Polygon","coordinates":[[[7.061498,4.814692],[7.061409,4.814709],[7.061402,4.814672],[7.061491,4.814656],[7.061498,4.814692]]]}},{"type":"Feature","properties":{"h":3.0,"on_route":false},"geometry":{"type":"Polygon","coordinates":[[[7.054978,4.812287],[7.054974,4.812319],[7.054952,4.812315],[7.054956,4.812284],[7.054978,4.812287]]]}},{"type":"Feature","properties":{"h":3.0,"on_route":false},"geometry":{"type":"Polygon","coordinates":[[[7.060258,4.813002],[7.060183,4.813017],[7.060173,4.812959],[7.060247,4.812945],[7.060258,4.813002]]]}},{"type":"Feature","properties":{"h":3.0,"on_route":false},"geometry":{"type":"Polygon","coordinates":[[[7.060382,4.816378],[7.06037,4.816429],[7.060345,4.816423],[7.060322,4.816522],[7.060274,4.816511],[7.060269,4.816535],[7.060316,4.816547],[7.060305,4.816596],[7.060175,4.816567],[7.060187,4.816516],[7.060163,4.816511],[7.060187,4.816408],[7.06021,4.816413],[7.060227,4.816342],[7.060382,4.816378]]]}},{"type":"Feature","properties":{"h":3.0,"on_route":false},"geometry":{"type":"Polygon","coordinates":[[[7.055285,4.816355],[7.055091,4.816373],[7.05508,4.816262],[7.055275,4.816244],[7.055285,4.816355]]]}},{"type":"Feature","properties":{"h":3.0,"on_route":false},"geometry":{"type":"Polygon","coordinates":[[[7.05797,4.816725],[7.0579,4.816676],[7.058033,4.816482],[7.058104,4.816531],[7.05797,4.816725]]]}},{"type":"Feature","properties":{"h":3.0,"on_route":false},"geometry":{"type":"Polygon","coordinates":[[[7.060222,4.814671],[7.06022,4.814716],[7.060182,4.814714],[7.060184,4.814669],[7.060222,4.814671]]]}},{"type":"Feature","properties":{"h":3.0,"on_route":false},"geometry":{"type":"Polygon","coordinates":[[[7.060493,4.813092],[7.060391,4.813111],[7.060357,4.812938],[7.06046,4.812918],[7.060493,4.813092]]]}},{"type":"Feature","properties":{"h":3.0,"on_route":false},"geometry":{"type":"Polygon","coordinates":[[[7.061532,4.811776],[7.061508,4.811871],[7.061402,4.811844],[7.06141,4.811812],[7.061374,4.811803],[7.06139,4.811739],[7.061532,4.811776]]]}},{"type":"Feature","properties":{"h":3.0,"on_route":false},"geometry":{"type":"Polygon","coordinates":[[[7.060649,4.811557],[7.060626,4.811621],[7.060583,4.811605],[7.060606,4.811541],[7.060649,4.811557]]]}},{"type":"Feature","properties":{"h":3.0,"on_route":false},"geometry":{"type":"Polygon","coordinates":[[[7.059728,4.813285],[7.059604,4.81331],[7.059594,4.813261],[7.059718,4.813235],[7.059728,4.813285]]]}},{"type":"Feature","properties":{"h":3.0,"on_route":false},"geometry":{"type":"Polygon","coordinates":[[[7.05964,4.811043],[7.059591,4.810993],[7.059754,4.81083],[7.059804,4.810879],[7.05964,4.811043]]]}},{"type":"Feature","properties":{"h":3.0,"on_route":false},"geometry":{"type":"Polygon","coordinates":[[[7.060858,4.817075],[7.06086,4.817177],[7.060731,4.81718],[7.060728,4.817079],[7.060858,4.817075]]]}},{"type":"Feature","properties":{"h":3.0,"on_route":false},"geometry":{"type":"Polygon","coordinates":[[[7.056183,4.817588],[7.05609,4.817675],[7.056004,4.817581],[7.056098,4.817494],[7.056183,4.817588]]]}},{"type":"Feature","properties":{"h":3.0,"on_route":false},"geometry":{"type":"Polygon","coordinates":[[[7.059201,4.81652],[7.059157,4.816644],[7.059056,4.816608],[7.0591,4.816484],[7.059201,4.81652]]]}},{"type":"Feature","properties":{"h":3.0,"on_route":false},"geometry":{"type":"Polygon","coordinates":[[[7.062181,4.814879],[7.062181,4.814978],[7.062163,4.814978],[7.062163,4.815029],[7.06218,4.81503],[7.062179,4.815136],[7.062054,4.815135],[7.062056,4.814878],[7.062181,4.814879]]]}},{"type":"Feature","properties":{"h":3.0,"on_route":false},"geometry":{"type":"Polygon","coordinates":[[[7.056926,4.816065],[7.056897,4.816168],[7.056842,4.816152],[7.056871,4.816049],[7.056926,4.816065]]]}},{"type":"Feature","properties":{"h":3.0,"on_route":false},"geometry":{"type":"Polygon","coordinates":[[[7.061058,4.817061],[7.060959,4.817022],[7.060993,4.816936],[7.061092,4.816974],[7.061058,4.817061]]]}},{"type":"Feature","properties":{"h":3.0,"on_route":false},"geometry":{"type":"Polygon","coordinates":[[[7.057031,4.809449],[7.056982,4.809573],[7.056882,4.809533],[7.05693,4.80941],[7.057031,4.809449]]]}},{"type":"Feature","properties":{"h":3.0,"on_route":false},"geometry":{"type":"Polygon","coordinates":[[[7.061356,4.811382],[7.061308,4.81155],[7.061138,4.811501],[7.061186,4.811333],[7.061356,4.811382]]]}},{"type":"Feature","properties":{"h":3.0,"on_route":false},"geometry":{"type":"Polygon","coordinates":[[[7.059921,4.8132],[7.059815,4.813225],[7.059774,4.813051],[7.059881,4.813026],[7.059921,4.8132]]]}},{"type":"Feature","properties":{"h":3.0,"on_route":false},"geometry":{"type":"Polygon","coordinates":[[[7.06019,4.815524],[7.060178,4.815584],[7.060146,4.815578],[7.060112,4.815748],[7.060003,4.815726],[7.060049,4.815496],[7.06019,4.815524]]]}},{"type":"Feature","properties":{"h":3.0,"on_route":false},"geometry":{"type":"Polygon","coordinates":[[[7.055681,4.815319],[7.055709,4.815539],[7.055675,4.815544],[7.055648,4.815323],[7.055681,4.815319]]]}},{"type":"Feature","properties":{"h":3.0,"on_route":false},"geometry":{"type":"Polygon","coordinates":[[[7.060613,4.811281],[7.060599,4.811431],[7.060407,4.811413],[7.060414,4.811337],[7.060456,4.811341],[7.060463,4.811267],[7.060613,4.811281]]]}},{"type":"Feature","properties":{"h":3.0,"on_route":false},"geometry":{"type":"Polygon","coordinates":[[[7.056394,4.809382],[7.056378,4.80945],[7.056224,4.809411],[7.056219,4.809428],[7.056085,4.809394],[7.056106,4.80931],[7.056394,4.809382]]]}},{"type":"Feature","properties":{"h":3.0,"on_route":false},"geometry":{"type":"Polygon","coordinates":[[[7.060159,4.812445],[7.059975,4.812481],[7.059944,4.812324],[7.059969,4.812319],[7.059961,4.812278],[7.06012,4.812247],[7.060159,4.812445]]]}},{"type":"Feature","properties":{"h":3.0,"on_route":false},"geometry":{"type":"Polygon","coordinates":[[[7.054903,4.816445],[7.054903,4.816468],[7.05485,4.816467],[7.05485,4.816445],[7.054903,4.816445]]]}},{"type":"Feature","properties":{"h":3.0,"on_route":false},"geometry":{"type":"Polygon","coordinates":[[[7.060541,4.812473],[7.060377,4.812508],[7.060354,4.812399],[7.060518,4.812364],[7.060541,4.812473]]]}},{"type":"Feature","properties":{"h":3.0,"on_route":false},"geometry":{"type":"Polygon","coordinates":[[[7.05727,4.817852],[7.057059,4.817713],[7.057124,4.817615],[7.057304,4.817733],[7.057319,4.817709],[7.057248,4.817662],[7.057285,4.817606],[7.057387,4.817673],[7.05727,4.817852]]]}},{"type":"Feature","properties":{"h":3.0,"on_route":false},"geometry":{"type":"Polygon","coordinates":[[[7.057777,4.817577],[7.057761,4.817606],[7.057728,4.817588],[7.057744,4.817559],[7.057777,4.817577]]]}},{"type":"Feature","properties":{"h":3.0,"on_route":false},"geometry":{"type":"Polygon","coordinates":[[[7.059063,4.811843],[7.059061,4.811917],[7.059028,4.811916],[7.05903,4.811842],[7.059063,4.811843]]]}},{"type":"Feature","properties":{"h":3.0,"on_route":false},"geometry":{"type":"Polygon","coordinates":[[[7.061692,4.813198],[7.061704,4.813273],[7.061663,4.81328],[7.06165,4.813205],[7.061692,4.813198]]]}},{"type":"Feature","properties":{"h":3.0,"on_route":false},"geometry":{"type":"Polygon","coordinates":[[[7.06084,4.81232],[7.060703,4.812342],[7.060673,4.812152],[7.06081,4.81213],[7.06084,4.81232]]]}},{"type":"Feature","properties":{"h":3.0,"on_route":false},"geometry":{"type":"Polygon","coordinates":[[[7.059951,4.814795],[7.059911,4.814792],[7.059919,4.814668],[7.059959,4.814671],[7.059951,4.814795]]]}},{"type":"Feature","properties":{"h":3.0,"on_route":false},"geometry":{"type":"Polygon","coordinates":[[[7.061373,4.812077],[7.061318,4.812205],[7.06112,4.812119],[7.061175,4.811991],[7.061373,4.812077]]]}},{"type":"Feature","properties":{"h":3.0,"on_route":false},"geometry":{"type":"Polygon","coordinates":[[[7.060258,4.813002],[7.060265,4.813041],[7.06035,4.813025],[7.060377,4.813169],[7.060292,4.813185],[7.060284,4.81314],[7.060209,4.813154],[7.060183,4.813017],[7.060258,4.813002]]]}},{"type":"Feature","properties":{"h":3.0,"on_route":false},"geometry":{"type":"Polygon","coordinates":[[[7.059314,4.815298],[7.059309,4.815341],[7.05922,4.815332],[7.059224,4.815288],[7.059314,4.815298]]]}},{"type":"Feature","properties":{"h":3.0,"on_route":false},"geometry":{"type":"Polygon","coordinates":[[[7.059712,4.810814],[7.059611,4.810921],[7.059533,4.810848],[7.059633,4.81074],[7.059712,4.810814]]]}},{"type":"Feature","properties":{"h":3.0,"on_route":false},"geometry":{"type":"Polygon","coordinates":[[[7.059783,4.817698],[7.060078,4.817761],[7.060055,4.817865],[7.059761,4.817803],[7.059783,4.817698]]]}},{"type":"Feature","properties":{"h":3.0,"on_route":false},"geometry":{"type":"Polygon","coordinates":[[[7.06141,4.811228],[7.06138,4.811352],[7.061222,4.811312],[7.061252,4.811189],[7.06141,4.811228]]]}},{"type":"Feature","properties":{"h":3.0,"on_route":false},"geometry":{"type":"Polygon","coordinates":[[[7.058188,4.813341],[7.05812,4.813469],[7.058042,4.813427],[7.05811,4.8133],[7.058188,4.813341]]]}},{"type":"Feature","properties":{"h":3.0,"on_route":false},"geometry":{"type":"Polygon","coordinates":[[[7.060896,4.81472],[7.060925,4.814904],[7.060762,4.814931],[7.060732,4.814747],[7.060896,4.81472]]]}},{"type":"Feature","properties":{"h":3.0,"on_route":false},"geometry":{"type":"Polygon","coordinates":[[[7.062167,4.814688],[7.062045,4.814709],[7.06203,4.814623],[7.062151,4.814602],[7.062167,4.814688]]]}},{"type":"Feature","properties":{"h":3.0,"on_route":false},"geometry":{"type":"Polygon","coordinates":[[[7.060744,4.811677],[7.060702,4.811791],[7.060589,4.811749],[7.060631,4.811635],[7.060744,4.811677]]]}},{"type":"Feature","properties":{"h":3.0,"on_route":false},"geometry":{"type":"Polygon","coordinates":[[[7.059023,4.810662],[7.058952,4.810722],[7.058759,4.810489],[7.058831,4.810429],[7.059023,4.810662]]]}},{"type":"Feature","properties":{"h":3.0,"on_route":false},"geometry":{"type":"Polygon","coordinates":[[[7.062036,4.813655],[7.061958,4.813672],[7.061943,4.8136],[7.06202,4.813583],[7.062036,4.813655]]]}},{"type":"Feature","properties":{"h":3.0,"on_route":false},"geometry":{"type":"Polygon","coordinates":[[[7.060072,4.814553],[7.060088,4.814643],[7.060114,4.814638],[7.060122,4.814683],[7.060067,4.814693],[7.060043,4.814558],[7.060072,4.814553]]]}},{"type":"Feature","properties":{"h":3.0,"on_route":false},"geometry":{"type":"Polygon","coordinates":[[[7.05871,4.815128],[7.058684,4.815366],[7.058525,4.815349],[7.058529,4.815305],[7.058501,4.815302],[7.0585,4.815318],[7.05847,4.815314],[7.058478,4.815239],[7.058536,4.815246],[7.058545,4.815159],[7.058517,4.815156],[7.058522,4.815108],[7.05871,4.815128]]]}},{"type":"Feature","properties":{"h":3.0,"on_route":false},"geometry":{"type":"Polygon","coordinates":[[[7.058756,4.81713],[7.058741,4.817175],[7.058684,4.817155],[7.0587,4.81711],[7.058756,4.81713]]]}},{"type":"Feature","properties":{"h":3.0,"on_route":false},"geometry":{"type":"Polygon","coordinates":[[[7.05874,4.813983],[7.058777,4.814145],[7.058728,4.814156],[7.058691,4.813994],[7.05874,4.813983]]]}},{"type":"Feature","properties":{"h":3.0,"on_route":false},"geometry":{"type":"Polygon","coordinates":[[[7.060086,4.815843],[7.060054,4.815958],[7.059907,4.815918],[7.059939,4.815802],[7.060086,4.815843]]]}},{"type":"Feature","properties":{"h":3.0,"on_route":false},"geometry":{"type":"Polygon","coordinates":[[[7.056521,4.809327],[7.056484,4.809414],[7.056406,4.809381],[7.056443,4.809294],[7.056521,4.809327]]]}},{"type":"Feature","properties":{"h":3.0,"on_route":false},"geometry":{"type":"Polygon","coordinates":[[[7.060958,4.810871],[7.060955,4.810907],[7.06094,4.810906],[7.060936,4.810959],[7.060876,4.810955],[7.060883,4.810865],[7.060958,4.810871]]]}},{"type":"Feature","properties":{"h":3.0,"on_route":false},"geometry":{"type":"Polygon","coordinates":[[[7.057254,4.809411],[7.05721,4.809523],[7.05713,4.809491],[7.057174,4.809379],[7.057254,4.809411]]]}},{"type":"Feature","properties":{"h":3.0,"on_route":false},"geometry":{"type":"Polygon","coordinates":[[[7.061841,4.813975],[7.061807,4.813981],[7.061817,4.814032],[7.061743,4.814047],[7.061693,4.813795],[7.0618,4.813773],[7.061841,4.813975]]]}},{"type":"Feature","properties":{"h":3.0,"on_route":false},"geometry":{"type":"Polygon","coordinates":[[[7.061534,4.817314],[7.061315,4.817329],[7.061313,4.817311],[7.061265,4.817314],[7.061259,4.81722],[7.061494,4.817204],[7.061492,4.817179],[7.061504,4.817178],[7.061506,4.817203],[7.061527,4.817202],[7.061534,4.817314]]]}},{"type":"Feature","properties":{"h":3.0,"on_route":false},"geometry":{"type":"Polygon","coordinates":[[[7.060637,4.811464],[7.060633,4.811506],[7.060586,4.811502],[7.06059,4.811459],[7.060637,4.811464]]]}},{"type":"Feature","properties":{"h":3.0,"on_route":false},"geometry":{"type":"Polygon","coordinates":[[[7.060192,4.817307],[7.06015,4.817419],[7.060078,4.817392],[7.060119,4.81728],[7.060192,4.817307]]]}},{"type":"Feature","properties":{"h":3.0,"on_route":false},"geometry":{"type":"Polygon","coordinates":[[[7.05815,4.812937],[7.058125,4.812984],[7.057829,4.812823],[7.057855,4.812777],[7.05815,4.812937]]]}},{"type":"Feature","properties":{"h":3.0,"on_route":false},"geometry":{"type":"Polygon","coordinates":[[[7.058019,4.817323],[7.058186,4.817417],[7.058167,4.817452],[7.058109,4.817419],[7.058099,4.817437],[7.058076,4.817425],[7.058061,4.817452],[7.057974,4.817403],[7.058019,4.817323]]]}},{"type":"Feature","properties":{"h":3.0,"on_route":false},"geometry":{"type":"Polygon","coordinates":[[[7.057464,4.818239],[7.057438,4.818266],[7.0574,4.818229],[7.057425,4.818202],[7.057464,4.818239]]]}},{"type":"Feature","properties":{"h":3.0,"on_route":false},"geometry":{"type":"Polygon","coordinates":[[[7.059527,4.814887],[7.059483,4.814891],[7.059477,4.814808],[7.059521,4.814805],[7.059527,4.814887]]]}},{"type":"Feature","properties":{"h":3.0,"on_route":false},"geometry":{"type":"Polygon","coordinates":[[[7.057207,4.8168],[7.057185,4.816833],[7.057205,4.816846],[7.057184,4.816879],[7.057141,4.81685],[7.057184,4.816785],[7.057207,4.8168]]]}},{"type":"Feature","properties":{"h":3.0,"on_route":false},"geometry":{"type":"Polygon","coordinates":[[[7.059064,4.81786],[7.05898,4.818048],[7.058802,4.817968],[7.058829,4.817907],[7.058955,4.817964],[7.058986,4.817894],[7.058906,4.817858],[7.058932,4.8178],[7.059064,4.81786]]]}},{"type":"Feature","properties":{"h":3.0,"on_route":false},"geometry":{"type":"Polygon","coordinates":[[[7.057537,4.81687],[7.057414,4.817056],[7.057366,4.817024],[7.057376,4.817008],[7.057356,4.816994],[7.057469,4.816825],[7.057537,4.81687]]]}},{"type":"Feature","properties":{"h":3.0,"on_route":false},"geometry":{"type":"Polygon","coordinates":[[[7.056682,4.81739],[7.056609,4.817473],[7.056527,4.8174],[7.0566,4.817317],[7.056682,4.81739]]]}},{"type":"Feature","properties":{"h":3.0,"on_route":false},"geometry":{"type":"Polygon","coordinates":[[[7.05828,4.816821],[7.058246,4.816887],[7.058162,4.816844],[7.058196,4.816778],[7.05828,4.816821]]]}},{"type":"Feature","properties":{"h":3.0,"on_route":false},"geometry":{"type":"Polygon","coordinates":[[[7.05565,4.815493],[7.055663,4.815612],[7.055623,4.815617],[7.05561,4.815498],[7.05565,4.815493]]]}},{"type":"Feature","properties":{"h":3.0,"on_route":false},"geometry":{"type":"Polygon","coordinates":[[[7.059127,4.812087],[7.05912,4.812288],[7.059054,4.812285],[7.059061,4.812085],[7.059127,4.812087]]]}},{"type":"Feature","properties":{"h":3.0,"on_route":false},"geometry":{"type":"Polygon","coordinates":[[[7.059554,4.815258],[7.059552,4.815369],[7.059349,4.815366],[7.059351,4.815255],[7.059554,4.815258]]]}},{"type":"Feature","properties":{"h":3.0,"on_route":false},"geometry":{"type":"Polygon","coordinates":[[[7.056284,4.817539],[7.056212,4.817605],[7.056094,4.817477],[7.056166,4.817411],[7.056284,4.817539]]]}},{"type":"Feature","properties":{"h":3.0,"on_route":false},"geometry":{"type":"Polygon","coordinates":[[[7.05984,4.814287],[7.059847,4.814323],[7.059801,4.814331],[7.059795,4.814295],[7.05984,4.814287]]]}},{"type":"Feature","properties":{"h":3.0,"on_route":false},"geometry":{"type":"Polygon","coordinates":[[[7.059368,4.815898],[7.059354,4.815968],[7.059483,4.815993],[7.059471,4.816055],[7.059278,4.816018],[7.059304,4.815885],[7.059368,4.815898]]]}},{"type":"Feature","properties":{"h":3.0,"on_route":false},"geometry":{"type":"Polygon","coordinates":[[[7.058263,4.813133],[7.058255,4.813152],[7.058203,4.81313],[7.058211,4.813111],[7.058263,4.813133]]]}},{"type":"Feature","properties":{"h":3.0,"on_route":false},"geometry":{"type":"Polygon","coordinates":[[[7.061548,4.815689],[7.061542,4.815729],[7.061567,4.815733],[7.061561,4.815774],[7.061498,4.815765],[7.06151,4.815684],[7.061548,4.815689]]]}},{"type":"Feature","properties":{"h":3.0,"on_route":false},"geometry":{"type":"Polygon","coordinates":[[[7.061794,4.816452],[7.061776,4.81653],[7.061527,4.816472],[7.061545,4.816394],[7.061794,4.816452]]]}},{"type":"Feature","properties":{"h":3.0,"on_route":false},"geometry":{"type":"Polygon","coordinates":[[[7.061678,4.815578],[7.061659,4.815706],[7.061616,4.815699],[7.061625,4.815635],[7.061557,4.815625],[7.061567,4.815561],[7.061678,4.815578]]]}},{"type":"Feature","properties":{"h":3.0,"on_route":false},"geometry":{"type":"Polygon","coordinates":[[[7.061019,4.814985],[7.061018,4.815025],[7.060978,4.815024],[7.060979,4.814983],[7.061019,4.814985]]]}},{"type":"Feature","properties":{"h":3.0,"on_route":false},"geometry":{"type":"Polygon","coordinates":[[[7.059488,4.818136],[7.059467,4.818215],[7.059416,4.818201],[7.059437,4.818122],[7.059488,4.818136]]]}},{"type":"Feature","properties":{"h":3.0,"on_route":false},"geometry":{"type":"Polygon","coordinates":[[[7.058512,4.817794],[7.058478,4.817841],[7.058527,4.817876],[7.058484,4.817936],[7.058311,4.817811],[7.058388,4.817704],[7.058512,4.817794]]]}},{"type":"Feature","properties":{"h":3.0,"on_route":false},"geometry":{"type":"Polygon","coordinates":[[[7.058944,4.818158],[7.058867,4.818276],[7.058768,4.818212],[7.058845,4.818094],[7.058944,4.818158]]]}},{"type":"Feature","properties":{"h":3.0,"on_route":false},"geometry":{"type":"Polygon","coordinates":[[[7.061901,4.815639],[7.061886,4.815741],[7.061776,4.815724],[7.061791,4.815622],[7.061901,4.815639]]]}},{"type":"Feature","properties":{"h":3.0,"on_route":false},"geometry":{"type":"Polygon","coordinates":[[[7.058103,4.816971],[7.058085,4.817008],[7.058039,4.816987],[7.058057,4.816949],[7.058103,4.816971]]]}},{"type":"Feature","properties":{"h":3.0,"on_route":false},"geometry":{"type":"Polygon","coordinates":[[[7.060818,4.815689],[7.060796,4.815839],[7.060672,4.815821],[7.060694,4.81567],[7.060818,4.815689]]]}},{"type":"Feature","properties":{"h":3.0,"on_route":false},"geometry":{"type":"Polygon","coordinates":[[[7.056387,4.817434],[7.056289,4.81752],[7.05617,4.817384],[7.056268,4.817298],[7.056387,4.817434]]]}},{"type":"Feature","properties":{"h":3.0,"on_route":false},"geometry":{"type":"Polygon","coordinates":[[[7.059896,4.811315],[7.05989,4.811327],[7.059937,4.811351],[7.059811,4.811594],[7.059764,4.811569],[7.059742,4.811611],[7.059698,4.811588],[7.059712,4.811562],[7.059646,4.811527],[7.059787,4.811258],[7.059896,4.811315]]]}},{"type":"Feature","properties":{"h":3.0,"on_route":false},"geometry":{"type":"Polygon","coordinates":[[[7.059606,4.815464],[7.059582,4.815584],[7.05946,4.81556],[7.059484,4.81544],[7.059606,4.815464]]]}},{"type":"Feature","properties":{"h":3.0,"on_route":false},"geometry":{"type":"Polygon","coordinates":[[[7.061702,4.815717],[7.061706,4.815693],[7.061806,4.815709],[7.061783,4.815861],[7.061649,4.81584],[7.061669,4.815712],[7.061702,4.815717]]]}},{"type":"Feature","properties":{"h":3.0,"on_route":false},"geometry":{"type":"Polygon","coordinates":[[[7.060859,4.816586],[7.060853,4.816635],[7.06082,4.816631],[7.060826,4.816582],[7.060859,4.816586]]]}},{"type":"Feature","properties":{"h":3.0,"on_route":false},"geometry":{"type":"Polygon","coordinates":[[[7.061019,4.816722],[7.061014,4.816821],[7.060789,4.816809],[7.060795,4.816709],[7.061019,4.816722]]]}},{"type":"Feature","properties":{"h":3.0,"on_route":false},"geometry":{"type":"Polygon","coordinates":[[[7.060702,4.816391],[7.060697,4.816623],[7.060575,4.816621],[7.06058,4.816389],[7.060702,4.816391]]]}},{"type":"Feature","properties":{"h":3.0,"on_route":false},"geometry":{"type":"Polygon","coordinates":[[[7.057411,4.816667],[7.057356,4.816749],[7.057276,4.816695],[7.057331,4.816613],[7.057411,4.816667]]]}},{"type":"Feature","properties":{"h":3.0,"on_route":false},"geometry":{"type":"Polygon","coordinates":[[[7.057074,4.818361],[7.057044,4.81841],[7.057,4.818382],[7.057031,4.818333],[7.057074,4.818361]]]}},{"type":"Feature","properties":{"h":3.0,"on_route":false},"geometry":{"type":"Polygon","coordinates":[[[7.061675,4.813086],[7.061595,4.813102],[7.0616,4.813125],[7.061513,4.813143],[7.06149,4.813025],[7.061656,4.812992],[7.061675,4.813086]]]}},{"type":"Feature","properties":{"h":3.0,"on_route":false},"geometry":{"type":"Polygon","coordinates":[[[7.055856,4.815118],[7.055666,4.815162],[7.055459,4.814278],[7.055649,4.814233],[7.055856,4.815118]]]}},{"type":"Feature","properties":{"h":3.0,"on_route":false},"geometry":{"type":"Polygon","coordinates":[[[7.059104,4.81645],[7.059093,4.816481],[7.059013,4.816452],[7.059024,4.816421],[7.059104,4.81645]]]}},{"type":"Feature","properties":{"h":3.0,"on_route":false},"geometry":{"type":"Polygon","coordinates":[[[7.061753,4.814309],[7.061631,4.814335],[7.061601,4.814195],[7.061723,4.814169],[7.061753,4.814309]]]}},{"type":"Feature","properties":{"h":3.0,"on_route":false},"geometry":{"type":"Polygon","coordinates":[[[7.058053,4.817288],[7.057966,4.817396],[7.057865,4.817314],[7.057951,4.817206],[7.058053,4.817288]]]}},{"type":"Feature","properties":{"h":3.0,"on_route":false},"geometry":{"type":"Polygon","coordinates":[[[7.059866,4.816537],[7.059851,4.816583],[7.059869,4.816589],[7.059805,4.816778],[7.059652,4.816727],[7.059676,4.816654],[7.059746,4.816677],[7.0598,4.816515],[7.059866,4.816537]]]}},{"type":"Feature","properties":{"h":3.0,"on_route":false},"geometry":{"type":"Polygon","coordinates":[[[7.059001,4.81861],[7.058979,4.818648],[7.058911,4.818608],[7.058933,4.818571],[7.059001,4.81861]]]}},{"type":"Feature","properties":{"h":3.0,"on_route":false},"geometry":{"type":"Polygon","coordinates":[[[7.05748,4.817593],[7.057584,4.817652],[7.057525,4.817755],[7.057422,4.817695],[7.05748,4.817593]]]}},{"type":"Feature","properties":{"h":3.0,"on_route":false},"geometry":{"type":"Polygon","coordinates":[[[7.058452,4.813587],[7.058404,4.813593],[7.058398,4.813544],[7.058446,4.813538],[7.058452,4.813587]]]}},{"type":"Feature","properties":{"h":3.0,"on_route":false},"geometry":{"type":"Polygon","coordinates":[[[7.061429,4.817465],[7.061276,4.817475],[7.061273,4.817427],[7.061247,4.817429],[7.061242,4.817353],[7.06142,4.817341],[7.061429,4.817465]]]}},{"type":"Feature","properties":{"h":3.0,"on_route":false},"geometry":{"type":"Polygon","coordinates":[[[7.061107,4.816307],[7.061085,4.816446],[7.06096,4.816426],[7.060981,4.816287],[7.061107,4.816307]]]}},{"type":"Feature","properties":{"h":3.0,"on_route":false},"geometry":{"type":"Polygon","coordinates":[[[7.060315,4.813399],[7.06016,4.813429],[7.060136,4.813307],[7.060292,4.813276],[7.060315,4.813399]]]}},{"type":"Feature","properties":{"h":3.0,"on_route":false},"geometry":{"type":"Polygon","coordinates":[[[7.061392,4.814869],[7.061284,4.814889],[7.061261,4.814767],[7.061293,4.814761],[7.061287,4.814732],[7.061364,4.814717],[7.061392,4.814869]]]}},{"type":"Feature","properties":{"h":3.0,"on_route":false},"geometry":{"type":"Polygon","coordinates":[[[7.060177,4.814428],[7.060188,4.814493],[7.060141,4.814501],[7.06013,4.814436],[7.060177,4.814428]]]}},{"type":"Feature","properties":{"h":3.0,"on_route":false},"geometry":{"type":"Polygon","coordinates":[[[7.061815,4.812964],[7.061706,4.812986],[7.061671,4.812814],[7.061781,4.812792],[7.061815,4.812964]]]}},{"type":"Feature","properties":{"h":3.0,"on_route":false},"geometry":{"type":"Polygon","coordinates":[[[7.056949,4.816183],[7.056922,4.816175],[7.056953,4.816075],[7.05698,4.816084],[7.056949,4.816183]]]}},{"type":"Feature","properties":{"h":3.0,"on_route":false},"geometry":{"type":"Polygon","coordinates":[[[7.061195,4.810714],[7.061179,4.810925],[7.061031,4.810914],[7.061047,4.810702],[7.061195,4.810714]]]}},{"type":"Feature","properties":{"h":3.0,"on_route":false},"geometry":{"type":"Polygon","coordinates":[[[7.055959,4.817345],[7.055903,4.817389],[7.055846,4.817318],[7.055903,4.817273],[7.055959,4.817345]]]}},{"type":"Feature","properties":{"h":3.0,"on_route":false},"geometry":{"type":"Polygon","coordinates":[[[7.061871,4.816274],[7.061972,4.8163],[7.061969,4.816313],[7.06201,4.816323],[7.061976,4.816458],[7.061834,4.816422],[7.061871,4.816274]]]}},{"type":"Feature","properties":{"h":3.0,"on_route":false},"geometry":{"type":"Polygon","coordinates":[[[7.058388,4.816973],[7.058281,4.816922],[7.0584,4.81667],[7.058507,4.816721],[7.058388,4.816973]]]}},{"type":"Feature","properties":{"h":3.0,"on_route":false},"geometry":{"type":"Polygon","coordinates":[[[7.059242,4.81794],[7.059185,4.818067],[7.059031,4.817998],[7.059088,4.81787],[7.059242,4.81794]]]}},{"type":"Feature","properties":{"h":3.0,"on_route":false},"geometry":{"type":"Polygon","coordinates":[[[7.060656,4.811336],[7.060648,4.811413],[7.060601,4.811409],[7.060608,4.811332],[7.060656,4.811336]]]}},{"type":"Feature","properties":{"h":3.0,"on_route":false},"geometry":{"type":"Polygon","coordinates":[[[7.058018,4.81312],[7.05788,4.813376],[7.057669,4.813262],[7.057808,4.813006],[7.058018,4.81312]]]}},{"type":"Feature","properties":{"h":3.0,"on_route":false},"geometry":{"type":"Polygon","coordinates":[[[7.055702,4.812275],[7.055701,4.812313],[7.055676,4.812311],[7.055678,4.812274],[7.055702,4.812275]]]}},{"type":"Feature","properties":{"h":3.0,"on_route":false},"geometry":{"type":"Polygon","coordinates":[[[7.060785,4.811869],[7.060778,4.811907],[7.06075,4.811901],[7.060757,4.811864],[7.060785,4.811869]]]}},{"type":"Feature","properties":{"h":3.0,"on_route":false},"geometry":{"type":"Polygon","coordinates":[[[7.061001,4.811777],[7.060959,4.81189],[7.060895,4.811866],[7.06091,4.811826],[7.060807,4.811787],[7.060835,4.811714],[7.061001,4.811777]]]}},{"type":"Feature","properties":{"h":3.0,"on_route":false},"geometry":{"type":"Polygon","coordinates":[[[7.058579,4.816666],[7.058563,4.816717],[7.058519,4.816703],[7.058535,4.816653],[7.058579,4.816666]]]}},{"type":"Feature","properties":{"h":3.0,"on_route":false},"geometry":{"type":"Polygon","coordinates":[[[7.059255,4.811157],[7.059211,4.811179],[7.059191,4.811138],[7.059234,4.811116],[7.059255,4.811157]]]}},{"type":"Feature","properties":{"h":3.0,"on_route":false},"geometry":{"type":"Polygon","coordinates":[[[7.061703,4.813563],[7.061722,4.813559],[7.061752,4.813705],[7.061538,4.813749],[7.061484,4.813479],[7.061611,4.813454],[7.061603,4.813414],[7.06167,4.8134],[7.061703,4.813563]]]}},{"type":"Feature","properties":{"h":3.0,"on_route":false},"geometry":{"type":"Polygon","coordinates":[[[7.058934,4.816404],[7.058837,4.816654],[7.058718,4.816607],[7.058816,4.816357],[7.058934,4.816404]]]}},{"type":"Feature","properties":{"h":3.0,"on_route":false},"geometry":{"type":"Polygon","coordinates":[[[7.056363,4.815211],[7.056333,4.815313],[7.056296,4.815302],[7.056326,4.8152],[7.056363,4.815211]]]}},{"type":"Feature","properties":{"h":3.0,"on_route":false},"geometry":{"type":"Polygon","coordinates":[[[7.057478,4.8184],[7.057439,4.818442],[7.057481,4.818481],[7.057416,4.818552],[7.057247,4.818397],[7.05735,4.818283],[7.057478,4.8184]]]}},{"type":"Feature","properties":{"h":3.0,"on_route":false},"geometry":{"type":"Polygon","coordinates":[[[7.060064,4.811647],[7.060045,4.811899],[7.059891,4.811887],[7.059896,4.811811],[7.05993,4.811814],[7.059937,4.811719],[7.059904,4.811717],[7.05991,4.811636],[7.060064,4.811647]]]}},{"type":"Feature","properties":{"h":3.0,"on_route":false},"geometry":{"type":"Polygon","coordinates":[[[7.058649,4.813892],[7.058554,4.813906],[7.058546,4.813846],[7.058641,4.813833],[7.058649,4.813892]]]}},{"type":"Feature","properties":{"h":3.0,"on_route":false},"geometry":{"type":"Polygon","coordinates":[[[7.059653,4.818048],[7.059592,4.818264],[7.059486,4.818234],[7.059546,4.818018],[7.059653,4.818048]]]}},{"type":"Feature","properties":{"h":3.0,"on_route":false},"geometry":{"type":"Polygon","coordinates":[[[7.059262,4.817515],[7.059337,4.817547],[7.059399,4.817403],[7.059498,4.817446],[7.059513,4.817411],[7.059605,4.817451],[7.059528,4.81763],[7.059436,4.81759],[7.059406,4.817661],[7.059232,4.817586],[7.059262,4.817515]]]}},{"type":"Feature","properties":{"h":3.0,"on_route":false},"geometry":{"type":"Polygon","coordinates":[[[7.057903,4.817407],[7.05789,4.817441],[7.057859,4.817429],[7.057872,4.817395],[7.057903,4.817407]]]}},{"type":"Feature","properties":{"h":3.0,"on_route":false},"geometry":{"type":"Polygon","coordinates":[[[7.061531,4.815549],[7.061521,4.815601],[7.061398,4.815578],[7.061408,4.815526],[7.061531,4.815549]]]}},{"type":"Feature","properties":{"h":3.0,"on_route":false},"geometry":{"type":"Polygon","coordinates":[[[7.056839,4.816044],[7.056845,4.816151],[7.056817,4.816153],[7.056811,4.816046],[7.056839,4.816044]]]}},{"type":"Feature","properties":{"h":3.0,"on_route":false},"geometry":{"type":"Polygon","coordinates":[[[7.056491,4.817199],[7.056421,4.8173],[7.056376,4.817268],[7.056446,4.817167],[7.056491,4.817199]]]}},{"type":"Feature","properties":{"h":3.0,"on_route":false},"geometry":{"type":"Polygon","coordinates":[[[7.059578,4.815616],[7.059544,4.815791],[7.059455,4.815774],[7.059467,4.815715],[7.059341,4.81569],[7.059363,4.815574],[7.059578,4.815616]]]}},{"type":"Feature","properties":{"h":3.0,"on_route":false},"geometry":{"type":"Polygon","coordinates":[[[7.058518,4.816255],[7.058488,4.816343],[7.058375,4.816305],[7.058405,4.816217],[7.058518,4.816255]]]}},{"type":"Feature","properties":{"h":3.0,"on_route":false},"geometry":{"type":"Polygon","coordinates":[[[7.062253,4.814383],[7.062306,4.814688],[7.062254,4.814697],[7.06225,4.814675],[7.062166,4.814689],[7.062116,4.814407],[7.062253,4.814383]]]}},{"type":"Feature","properties":{"h":3.0,"on_route":false},"geometry":{"type":"Polygon","coordinates":[[[7.061298,4.814521],[7.061159,4.814548],[7.061109,4.814297],[7.061249,4.814269],[7.061298,4.814521]]]}},{"type":"Feature","properties":{"h":3.0,"on_route":false},"geometry":{"type":"Polygon","coordinates":[[[7.056427,4.809228],[7.056416,4.809264],[7.056368,4.80925],[7.056379,4.809214],[7.056427,4.809228]]]}},{"type":"Feature","properties":{"h":3.0,"on_route":false},"geometry":{"type":"Polygon","coordinates":[[[7.060373,4.816966],[7.060308,4.817167],[7.060203,4.817133],[7.060268,4.816932],[7.060373,4.816966]]]}},{"type":"Feature","properties":{"h":3.0,"on_route":false},"geometry":{"type":"Polygon","coordinates":[[[7.060515,4.817063],[7.060372,4.817071],[7.060367,4.816988],[7.060511,4.81698],[7.060515,4.817063]]]}},{"type":"Feature","properties":{"h":3.0,"on_route":false},"geometry":{"type":"Polygon","coordinates":[[[7.058694,4.817082],[7.058673,4.817143],[7.058624,4.817126],[7.058645,4.817065],[7.058694,4.817082]]]}},{"type":"Feature","properties":{"h":3.0,"on_route":false},"geometry":{"type":"Polygon","coordinates":[[[7.058901,4.81599],[7.058854,4.816132],[7.058595,4.816045],[7.058641,4.815904],[7.058901,4.81599]]]}},{"type":"Feature","properties":{"h":3.0,"on_route":false},"geometry":{"type":"Polygon","coordinates":[[[7.062084,4.815572],[7.06208,4.8156],[7.062035,4.815595],[7.062038,4.815566],[7.062084,4.815572]]]}},{"type":"Feature","properties":{"h":3.0,"on_route":false},"geometry":{"type":"Polygon","coordinates":[[[7.059873,4.812322],[7.059795,4.812335],[7.05979,4.812304],[7.059868,4.812291],[7.059873,4.812322]]]}},{"type":"Feature","properties":{"h":3.0,"on_route":false},"geometry":{"type":"Polygon","coordinates":[[[7.060487,4.816837],[7.060462,4.816968],[7.060386,4.816953],[7.06041,4.816823],[7.060487,4.816837]]]}},{"type":"Feature","properties":{"h":3.0,"on_route":false},"geometry":{"type":"Polygon","coordinates":[[[7.059686,4.817896],[7.059678,4.817936],[7.059611,4.817923],[7.059619,4.817882],[7.059686,4.817896]]]}},{"type":"Feature","properties":{"h":3.0,"on_route":false},"geometry":{"type":"Polygon","coordinates":[[[7.060373,4.814661],[7.06028,4.814678],[7.060251,4.81452],[7.060344,4.814503],[7.060373,4.814661]]]}},{"type":"Feature","properties":{"h":3.0,"on_route":false},"geometry":{"type":"Polygon","coordinates":[[[7.061051,4.817062],[7.061006,4.817161],[7.060946,4.817134],[7.06099,4.817035],[7.061051,4.817062]]]}},{"type":"Feature","properties":{"h":3.0,"on_route":false},"geometry":{"type":"Polygon","coordinates":[[[7.056596,4.817867],[7.05656,4.817915],[7.056497,4.817868],[7.056533,4.81782],[7.056596,4.817867]]]}},{"type":"Feature","properties":{"h":3.0,"on_route":false},"geometry":{"type":"Polygon","coordinates":[[[7.060287,4.815601],[7.060284,4.815628],[7.060258,4.815625],[7.060262,4.815598],[7.060287,4.815601]]]}},{"type":"Feature","properties":{"h":3.0,"on_route":false},"geometry":{"type":"Polygon","coordinates":[[[7.060904,4.812223],[7.060907,4.812374],[7.060844,4.812376],[7.060841,4.812224],[7.060904,4.812223]]]}},{"type":"Feature","properties":{"h":3.0,"on_route":false},"geometry":{"type":"Polygon","coordinates":[[[7.061405,4.811965],[7.061391,4.812013],[7.061318,4.811991],[7.061331,4.811944],[7.061405,4.811965]]]}},{"type":"Feature","properties":{"h":3.0,"on_route":false},"geometry":{"type":"Polygon","coordinates":[[[7.058162,4.817542],[7.058233,4.817593],[7.058199,4.81764],[7.058128,4.817589],[7.058162,4.817542]]]}},{"type":"Feature","properties":{"h":3.0,"on_route":false},"geometry":{"type":"Polygon","coordinates":[[[7.060597,4.811449],[7.060581,4.811616],[7.060472,4.811606],[7.060488,4.811438],[7.060597,4.811449]]]}},{"type":"Feature","properties":{"h":3.0,"on_route":false},"geometry":{"type":"Polygon","coordinates":[[[7.059325,4.811295],[7.059295,4.81131],[7.059262,4.811245],[7.059292,4.81123],[7.059325,4.811295]]]}},{"type":"Feature","properties":{"h":3.0,"on_route":false},"geometry":{"type":"Polygon","coordinates":[[[7.058827,4.814647],[7.058857,4.814649],[7.058853,4.814758],[7.058685,4.814752],[7.058691,4.814596],[7.058766,4.814598],[7.058767,4.814565],[7.05883,4.814568],[7.058827,4.814647]]]}},{"type":"Feature","properties":{"h":3.0,"on_route":false},"geometry":{"type":"Polygon","coordinates":[[[7.059032,4.811797],[7.059029,4.811881],[7.058997,4.81188],[7.059,4.811796],[7.059032,4.811797]]]}},{"type":"Feature","properties":{"h":3.0,"on_route":false},"geometry":{"type":"Polygon","coordinates":[[[7.060104,4.810009],[7.060066,4.810058],[7.060024,4.810025],[7.060062,4.809976],[7.060104,4.810009]]]}},{"type":"Feature","properties":{"h":3.0,"on_route":false},"geometry":{"type":"Polygon","coordinates":[[[7.06094,4.813879],[7.060515,4.813961],[7.060486,4.81381],[7.06056,4.813796],[7.06057,4.813847],[7.060771,4.813809],[7.06074,4.813647],[7.06089,4.813618],[7.06094,4.813879]]]}},{"type":"Feature","properties":{"h":3.0,"on_route":false},"geometry":{"type":"Polygon","coordinates":[[[7.059047,4.814479],[7.059001,4.81449],[7.058991,4.81445],[7.059037,4.814438],[7.059047,4.814479]]]}},{"type":"Feature","properties":{"h":3.0,"on_route":false},"geometry":{"type":"Polygon","coordinates":[[[7.059956,4.813337],[7.059851,4.813358],[7.059831,4.813256],[7.059935,4.813235],[7.059956,4.813337]]]}},{"type":"Feature","properties":{"h":3.0,"on_route":false},"geometry":{"type":"Polygon","coordinates":[[[7.057598,4.816513],[7.057507,4.816736],[7.057418,4.816699],[7.057509,4.816477],[7.057598,4.816513]]]}},{"type":"Feature","properties":{"h":3.0,"on_route":false},"geometry":{"type":"Polygon","coordinates":[[[7.06054,4.811797],[7.060569,4.812022],[7.060456,4.812037],[7.060427,4.811812],[7.06054,4.811797]]]}},{"type":"Feature","properties":{"h":3.0,"on_route":false},"geometry":{"type":"Polygon","coordinates":[[[7.059307,4.810293],[7.059275,4.810381],[7.058938,4.810256],[7.05897,4.810168],[7.059307,4.810293]]]}},{"type":"Feature","properties":{"h":3.0,"on_route":false},"geometry":{"type":"Polygon","coordinates":[[[7.060981,4.815114],[7.060968,4.81523],[7.060728,4.815202],[7.060741,4.815087],[7.060981,4.815114]]]}},{"type":"Feature","properties":{"h":3.0,"on_route":false},"geometry":{"type":"Polygon","coordinates":[[[7.056643,4.809117],[7.056615,4.809162],[7.05652,4.809102],[7.056547,4.809058],[7.056643,4.809117]]]}},{"type":"Feature","properties":{"h":3.0,"on_route":false},"geometry":{"type":"Polygon","coordinates":[[[7.056579,4.809218],[7.056552,4.809262],[7.056454,4.809203],[7.05648,4.809158],[7.056579,4.809218]]]}},{"type":"Feature","properties":{"h":3.0,"on_route":false},"geometry":{"type":"Polygon","coordinates":[[[7.06003,4.81372],[7.060034,4.813764],[7.060003,4.813766],[7.059999,4.813722],[7.06003,4.81372]]]}},{"type":"Feature","properties":{"h":3.0,"on_route":false},"geometry":{"type":"Polygon","coordinates":[[[7.059898,4.814845],[7.059871,4.814843],[7.059879,4.81478],[7.059904,4.814783],[7.059898,4.814845]]]}},{"type":"Feature","properties":{"h":3.0,"on_route":false},"geometry":{"type":"Polygon","coordinates":[[[7.059349,4.811852],[7.059346,4.811901],[7.059293,4.811898],[7.059296,4.811849],[7.059349,4.811852]]]}},{"type":"Feature","properties":{"h":3.0,"on_route":false},"geometry":{"type":"Polygon","coordinates":[[[7.059585,4.815161],[7.059584,4.815224],[7.059521,4.815224],[7.059522,4.81516],[7.059585,4.815161]]]}},{"type":"Feature","properties":{"h":3.0,"on_route":false},"geometry":{"type":"Polygon","coordinates":[[[7.057695,4.817223],[7.057577,4.817145],[7.057688,4.816975],[7.057807,4.817053],[7.057695,4.817223]]]}},{"type":"Feature","properties":{"h":3.0,"on_route":false},"geometry":{"type":"Polygon","coordinates":[[[7.056973,4.817377],[7.056948,4.81747],[7.056719,4.817408],[7.056744,4.817315],[7.056973,4.817377]]]}},{"type":"Feature","properties":{"h":3.0,"on_route":false},"geometry":{"type":"Polygon","coordinates":[[[7.061181,4.812386],[7.061188,4.81242],[7.061248,4.812407],[7.061265,4.812487],[7.061288,4.812482],[7.061315,4.812607],[7.061192,4.812633],[7.061186,4.812602],[7.061133,4.812613],[7.0611,4.812459],[7.061129,4.812452],[7.061118,4.812399],[7.061181,4.812386]]]}},{"type":"Feature","properties":{"h":3.0,"on_route":false},"geometry":{"type":"Polygon","coordinates":[[[7.058983,4.815519],[7.058974,4.815564],[7.059212,4.815609],[7.05919,4.815722],[7.058913,4.815669],[7.058943,4.815512],[7.058983,4.815519]]]}},{"type":"Feature","properties":{"h":3.0,"on_route":false},"geometry":{"type":"Polygon","coordinates":[[[7.059297,4.815388],[7.059254,4.815518],[7.059194,4.815498],[7.059238,4.815368],[7.059297,4.815388]]]}},{"type":"Feature","properties":{"h":3.0,"on_route":false},"geometry":{"type":"Polygon","coordinates":[[[7.055217,4.812497],[7.055194,4.812521],[7.055146,4.812475],[7.055168,4.812451],[7.055217,4.812497]]]}},{"type":"Feature","properties":{"h":3.0,"on_route":false},"geometry":{"type":"Polygon","coordinates":[[[7.060037,4.815362],[7.060012,4.815469],[7.059788,4.815417],[7.059813,4.815309],[7.060037,4.815362]]]}},{"type":"Feature","properties":{"h":3.0,"on_route":false},"geometry":{"type":"Polygon","coordinates":[[[7.061466,4.81303],[7.061352,4.813053],[7.061287,4.812726],[7.061401,4.812704],[7.061466,4.81303]]]}},{"type":"Feature","properties":{"h":3.0,"on_route":false},"geometry":{"type":"Polygon","coordinates":[[[7.060092,4.818161],[7.060079,4.818314],[7.059967,4.818304],[7.05998,4.818151],[7.060092,4.818161]]]}},{"type":"Feature","properties":{"h":3.0,"on_route":false},"geometry":{"type":"Polygon","coordinates":[[[7.059979,4.813443],[7.05982,4.813477],[7.059797,4.813369],[7.059955,4.813335],[7.059979,4.813443]]]}},{"type":"Feature","properties":{"h":3.0,"on_route":false},"geometry":{"type":"Polygon","coordinates":[[[7.061904,4.81497],[7.061699,4.815009],[7.061678,4.814897],[7.061883,4.814858],[7.061904,4.81497]]]}},{"type":"Feature","properties":{"h":3.0,"on_route":false},"geometry":{"type":"Polygon","coordinates":[[[7.05771,4.818449],[7.057678,4.818483],[7.057598,4.818407],[7.057629,4.818373],[7.05771,4.818449]]]}},{"type":"Feature","properties":{"h":3.0,"on_route":false},"geometry":{"type":"Polygon","coordinates":[[[7.057886,4.81668],[7.057863,4.816727],[7.057884,4.816737],[7.057832,4.816848],[7.057707,4.816789],[7.057755,4.816686],[7.057737,4.816677],[7.057763,4.816622],[7.057886,4.81668]]]}},{"type":"Feature","properties":{"h":3.0,"on_route":false},"geometry":{"type":"Polygon","coordinates":[[[7.060248,4.815887],[7.060217,4.816003],[7.060054,4.815958],[7.060086,4.815843],[7.060248,4.815887]]]}},{"type":"Feature","properties":{"h":3.0,"on_route":false},"geometry":{"type":"Polygon","coordinates":[[[7.059178,4.814948],[7.059174,4.815138],[7.059051,4.815136],[7.059055,4.814946],[7.059178,4.814948]]]}},{"type":"Feature","properties":{"h":3.0,"on_route":false},"geometry":{"type":"Polygon","coordinates":[[[7.060079,4.814448],[7.060098,4.814548],[7.060043,4.814558],[7.060025,4.814458],[7.060079,4.814448]]]}},{"type":"Feature","properties":{"h":3.0,"on_route":false},"geometry":{"type":"Polygon","coordinates":[[[7.060565,4.8147],[7.06041,4.814728],[7.060359,4.814435],[7.060514,4.814408],[7.060565,4.8147]]]}},{"type":"Feature","properties":{"h":3.0,"on_route":false},"geometry":{"type":"Polygon","coordinates":[[[7.060172,4.812558],[7.06004,4.812583],[7.06002,4.812479],[7.060152,4.812454],[7.060172,4.812558]]]}},{"type":"Feature","properties":{"h":3.0,"on_route":false},"geometry":{"type":"Polygon","coordinates":[[[7.060654,4.810343],[7.060451,4.810498],[7.06037,4.810391],[7.060572,4.810236],[7.060654,4.810343]]]}},{"type":"Feature","properties":{"h":3.0,"on_route":false},"geometry":{"type":"Polygon","coordinates":[[[7.059762,4.817477],[7.059729,4.817463],[7.059657,4.817633],[7.059549,4.817587],[7.059632,4.817392],[7.059666,4.817407],[7.059677,4.817381],[7.059783,4.817427],[7.059762,4.817477]]]}},{"type":"Feature","properties":{"h":3.0,"on_route":false},"geometry":{"type":"Polygon","coordinates":[[[7.059978,4.814063],[7.059911,4.814077],[7.059866,4.813861],[7.059934,4.813847],[7.059978,4.814063]]]}},{"type":"Feature","properties":{"h":3.0,"on_route":false},"geometry":{"type":"Polygon","coordinates":[[[7.061475,4.812716],[7.061433,4.81272],[7.06143,4.812689],[7.061472,4.812685],[7.061475,4.812716]]]}},{"type":"Feature","properties":{"h":3.0,"on_route":false},"geometry":{"type":"Polygon","coordinates":[[[7.060069,4.812919],[7.059966,4.812936],[7.059955,4.812866],[7.060058,4.81285],[7.060069,4.812919]]]}},{"type":"Feature","properties":{"h":3.0,"on_route":false},"geometry":{"type":"Polygon","coordinates":[[[7.059453,4.81544],[7.059436,4.815491],[7.059342,4.815459],[7.059358,4.815408],[7.059453,4.81544]]]}},{"type":"Feature","properties":{"h":3.0,"on_route":false},"geometry":{"type":"Polygon","coordinates":[[[7.059127,4.818306],[7.059064,4.818404],[7.058879,4.818284],[7.058942,4.818186],[7.059127,4.818306]]]}},{"type":"Feature","properties":{"h":3.0,"on_route":false},"geometry":{"type":"Polygon","coordinates":[[[7.058925,4.817214],[7.058898,4.81727],[7.058803,4.817224],[7.05883,4.817168],[7.058925,4.817214]]]}},{"type":"Feature","properties":{"h":3.0,"on_route":false},"geometry":{"type":"Polygon","coordinates":[[[7.060308,4.815277],[7.060282,4.815415],[7.060193,4.815397],[7.060219,4.81526],[7.060308,4.815277]]]}},{"type":"Feature","properties":{"h":3.0,"on_route":false},"geometry":{"type":"Polygon","coordinates":[[[7.058445,4.81742],[7.058401,4.817504],[7.05805,4.817318],[7.058094,4.817234],[7.058445,4.81742]]]}},{"type":"Feature","properties":{"h":3.0,"on_route":false},"geometry":{"type":"Polygon","coordinates":[[[7.061535,4.812617],[7.061464,4.812626],[7.061457,4.812581],[7.061529,4.812571],[7.061535,4.812617]]]}},{"type":"Feature","properties":{"h":3.0,"on_route":false},"geometry":{"type":"Polygon","coordinates":[[[7.061248,4.817337],[7.06106,4.817362],[7.061045,4.81724],[7.061232,4.817215],[7.061248,4.817337]]]}},{"type":"Feature","properties":{"h":3.0,"on_route":false},"geometry":{"type":"Polygon","coordinates":[[[7.060088,4.813316],[7.059974,4.813338],[7.059922,4.813067],[7.060036,4.813045],[7.060088,4.813316]]]}},{"type":"Feature","properties":{"h":3.0,"on_route":false},"geometry":{"type":"Polygon","coordinates":[[[7.061984,4.815737],[7.061969,4.815834],[7.062017,4.815841],[7.062005,4.815925],[7.061886,4.815906],[7.061914,4.815726],[7.061984,4.815737]]]}},{"type":"Feature","properties":{"h":3.0,"on_route":false},"geometry":{"type":"Polygon","coordinates":[[[7.05926,4.816037],[7.059228,4.816224],[7.058942,4.816175],[7.058974,4.815988],[7.05926,4.816037]]]}},{"type":"Feature","properties":{"h":3.0,"on_route":false},"geometry":{"type":"Polygon","coordinates":[[[7.060597,4.813204],[7.060415,4.813239],[7.060391,4.813111],[7.060573,4.813076],[7.060597,4.813204]]]}},{"type":"Feature","properties":{"h":3.0,"on_route":false},"geometry":{"type":"Polygon","coordinates":[[[7.061563,4.814641],[7.061583,4.814745],[7.061535,4.814754],[7.061515,4.81465],[7.061563,4.814641]]]}},{"type":"Feature","properties":{"h":3.0,"on_route":false},"geometry":{"type":"Polygon","coordinates":[[[7.059791,4.81441],[7.059794,4.814446],[7.059765,4.814448],[7.059762,4.814412],[7.059791,4.81441]]]}},{"type":"Feature","properties":{"h":3.0,"on_route":false},"geometry":{"type":"Polygon","coordinates":[[[7.059685,4.818342],[7.05964,4.818334],[7.059651,4.818269],[7.059696,4.818277],[7.059685,4.818342]]]}},{"type":"Feature","properties":{"h":3.0,"on_route":false},"geometry":{"type":"Polygon","coordinates":[[[7.060899,4.817394],[7.060723,4.817392],[7.060724,4.817307],[7.060791,4.817307],[7.060791,4.817284],[7.06082,4.817285],[7.06082,4.817253],[7.0609,4.817254],[7.060899,4.817394]]]}},{"type":"Feature","properties":{"h":3.0,"on_route":false},"geometry":{"type":"Polygon","coordinates":[[[7.057809,4.816845],[7.057784,4.816899],[7.057664,4.816843],[7.057689,4.816789],[7.057809,4.816845]]]}},{"type":"Feature","properties":{"h":3.0,"on_route":false},"geometry":{"type":"Polygon","coordinates":[[[7.059609,4.818269],[7.059594,4.818324],[7.05947,4.818289],[7.059486,4.818234],[7.059609,4.818269]]]}},{"type":"Feature","properties":{"h":3.0,"on_route":false},"geometry":{"type":"Polygon","coordinates":[[[7.060039,4.813647],[7.059993,4.813657],[7.059949,4.81345],[7.059995,4.81344],[7.060039,4.813647]]]}},{"type":"Feature","properties":{"h":3.0,"on_route":false},"geometry":{"type":"Polygon","coordinates":[[[7.059608,4.811594],[7.059603,4.811636],[7.059507,4.811623],[7.059513,4.811581],[7.059608,4.811594]]]}},{"type":"Feature","properties":{"h":3.0,"on_route":false},"geometry":{"type":"Polygon","coordinates":[[[7.05903,4.817997],[7.059185,4.818067],[7.059158,4.818129],[7.059003,4.818059],[7.05903,4.817997]]]}},{"type":"Feature","properties":{"h":3.0,"on_route":false},"geometry":{"type":"Polygon","coordinates":[[[7.059214,4.814681],[7.058984,4.814692],[7.058978,4.814562],[7.059208,4.814551],[7.059214,4.814681]]]}},{"type":"Feature","properties":{"h":3.0,"on_route":false},"geometry":{"type":"Polygon","coordinates":[[[7.061317,4.811751],[7.061281,4.81187],[7.061231,4.811854],[7.061267,4.811735],[7.061317,4.811751]]]}},{"type":"Feature","properties":{"h":3.0,"on_route":false},"geometry":{"type":"Polygon","coordinates":[[[7.058826,4.818054],[7.058737,4.818192],[7.05866,4.818142],[7.058736,4.818024],[7.058753,4.818035],[7.058765,4.818015],[7.058826,4.818054]]]}},{"type":"Feature","properties":{"h":3.0,"on_route":false},"geometry":{"type":"Polygon","coordinates":[[[7.061619,4.815866],[7.061599,4.816088],[7.061496,4.816078],[7.061516,4.815857],[7.061619,4.815866]]]}},{"type":"Feature","properties":{"h":3.0,"on_route":false},"geometry":{"type":"Polygon","coordinates":[[[7.059373,4.814688],[7.059374,4.814721],[7.059309,4.814725],[7.059307,4.814692],[7.059373,4.814688]]]}},{"type":"Feature","properties":{"h":3.0,"on_route":false},"geometry":{"type":"Polygon","coordinates":[[[7.058499,4.814298],[7.058453,4.814319],[7.0584,4.814202],[7.058446,4.814181],[7.058499,4.814298]]]}},{"type":"Feature","properties":{"h":3.0,"on_route":false},"geometry":{"type":"Polygon","coordinates":[[[7.062055,4.813575],[7.061943,4.8136],[7.061899,4.813393],[7.062011,4.813369],[7.062055,4.813575]]]}},{"type":"Feature","properties":{"h":3.0,"on_route":false},"geometry":{"type":"Polygon","coordinates":[[[7.058537,4.818504],[7.058531,4.818528],[7.0585,4.818522],[7.058505,4.818498],[7.058537,4.818504]]]}},{"type":"Feature","properties":{"h":3.0,"on_route":false},"geometry":{"type":"Polygon","coordinates":[[[7.060969,4.816818],[7.060966,4.816862],[7.060991,4.816863],[7.060986,4.816956],[7.060828,4.816948],[7.060835,4.816811],[7.060969,4.816818]]]}},{"type":"Feature","properties":{"h":3.0,"on_route":false},"geometry":{"type":"Polygon","coordinates":[[[7.055811,4.817268],[7.05579,4.81724],[7.05583,4.817209],[7.055851,4.817238],[7.055811,4.817268]]]}},{"type":"Feature","properties":{"h":3.0,"on_route":false},"geometry":{"type":"Polygon","coordinates":[[[7.060259,4.817151],[7.060234,4.817229],[7.060109,4.817188],[7.060134,4.817111],[7.060259,4.817151]]]}},{"type":"Feature","properties":{"h":3.0,"on_route":false},"geometry":{"type":"Polygon","coordinates":[[[7.057609,4.817265],[7.057552,4.817376],[7.057383,4.81729],[7.05744,4.817178],[7.057609,4.817265]]]}},{"type":"Feature","properties":{"h":3.0,"on_route":false},"geometry":{"type":"Polygon","coordinates":[[[7.057912,4.816563],[7.05786,4.816651],[7.05767,4.816538],[7.057721,4.81645],[7.057912,4.816563]]]}},{"type":"Feature","properties":{"h":3.0,"on_route":false},"geometry":{"type":"Polygon","coordinates":[[[7.059844,4.814901],[7.059841,4.814942],[7.059756,4.814937],[7.059759,4.814896],[7.059844,4.814901]]]}},{"type":"Feature","properties":{"h":3.0,"on_route":false},"geometry":{"type":"Polygon","coordinates":[[[7.060311,4.814447],[7.06024,4.81446],[7.060285,4.814703],[7.060403,4.814682],[7.060414,4.814743],[7.060367,4.814752],[7.060373,4.814784],[7.0603,4.814797],[7.060314,4.814873],[7.06026,4.814883],[7.060178,4.81443],[7.060304,4.814407],[7.060311,4.814447]]]}},{"type":"Feature","properties":{"h":3.0,"on_route":false},"geometry":{"type":"Polygon","coordinates":[[[7.059532,4.811968],[7.059537,4.812119],[7.059463,4.812121],[7.059458,4.811971],[7.059532,4.811968]]]}},{"type":"Feature","properties":{"h":3.0,"on_route":false},"geometry":{"type":"Polygon","coordinates":[[[7.059613,4.813098],[7.059621,4.813166],[7.059568,4.813172],[7.05956,4.813105],[7.059613,4.813098]]]}},{"type":"Feature","properties":{"h":3.0,"on_route":false},"geometry":{"type":"Polygon","coordinates":[[[7.059192,4.813575],[7.059073,4.813594],[7.059045,4.813407],[7.059163,4.813389],[7.059192,4.813575]]]}},{"type":"Feature","properties":{"h":3.0,"on_route":false},"geometry":{"type":"Polygon","coordinates":[[[7.060945,4.813056],[7.060833,4.813079],[7.060783,4.812828],[7.060895,4.812806],[7.060945,4.813056]]]}},{"type":"Feature","properties":{"h":3.0,"on_route":false},"geometry":{"type":"Polygon","coordinates":[[[7.06103,4.810913],[7.061026,4.810967],[7.06095,4.810961],[7.060955,4.810907],[7.06103,4.810913]]]}},{"type":"Feature","properties":{"h":3.0,"on_route":false},"geometry":{"type":"Polygon","coordinates":[[[7.056374,4.815166],[7.056351,4.815159],[7.056383,4.815054],[7.056406,4.815061],[7.056374,4.815166]]]}},{"type":"Feature","properties":{"h":3.0,"on_route":false},"geometry":{"type":"Polygon","coordinates":[[[7.059797,4.81534],[7.059794,4.815384],[7.059746,4.81538],[7.059749,4.815336],[7.059797,4.81534]]]}},{"type":"Feature","properties":{"h":3.0,"on_route":false},"geometry":{"type":"Polygon","coordinates":[[[7.060725,4.81465],[7.060594,4.814676],[7.060543,4.814414],[7.060673,4.814388],[7.060725,4.81465]]]}},{"type":"Feature","properties":{"h":3.0,"on_route":false},"geometry":{"type":"Polygon","coordinates":[[[7.06122,4.817479],[7.060979,4.817502],[7.060968,4.817392],[7.061209,4.81737],[7.06122,4.817479]]]}},{"type":"Feature","properties":{"h":3.0,"on_route":false},"geometry":{"type":"Polygon","coordinates":[[[7.059777,4.814278],[7.059693,4.814293],[7.059681,4.814222],[7.059765,4.814207],[7.059777,4.814278]]]}},{"type":"Feature","properties":{"h":3.0,"on_route":false},"geometry":{"type":"Polygon","coordinates":[[[7.058508,4.815738],[7.05848,4.815839],[7.058379,4.815811],[7.058406,4.81571],[7.058508,4.815738]]]}},{"type":"Feature","properties":{"h":3.0,"on_route":false},"geometry":{"type":"Polygon","coordinates":[[[7.058905,4.814995],[7.058906,4.815014],[7.058945,4.815012],[7.05895,4.81512],[7.058883,4.815123],[7.058811,4.815126],[7.058808,4.815069],[7.058744,4.815072],[7.058741,4.815003],[7.058905,4.814995]]]}},{"type":"Feature","properties":{"h":3.0,"on_route":false},"geometry":{"type":"Polygon","coordinates":[[[7.061156,4.811171],[7.061232,4.811191],[7.061206,4.811289],[7.06113,4.811269],[7.061156,4.811171]]]}},{"type":"Feature","properties":{"h":3.0,"on_route":false},"geometry":{"type":"Polygon","coordinates":[[[7.055633,4.815022],[7.055437,4.815068],[7.055231,4.814187],[7.055427,4.814141],[7.055633,4.815022]]]}},{"type":"Feature","properties":{"h":3.0,"on_route":false},"geometry":{"type":"Polygon","coordinates":[[[7.058668,4.818599],[7.05865,4.818627],[7.058748,4.818688],[7.058735,4.818709],[7.058851,4.818781],[7.058793,4.818874],[7.058565,4.818732],[7.05861,4.818658],[7.058493,4.818586],[7.058536,4.818517],[7.058668,4.818599]]]}},{"type":"Feature","properties":{"h":3.0,"on_route":false},"geometry":{"type":"Polygon","coordinates":[[[7.061385,4.816422],[7.06136,4.816525],[7.061175,4.81648],[7.0612,4.816377],[7.061385,4.816422]]]}},{"type":"Feature","properties":{"h":3.0,"on_route":false},"geometry":{"type":"Polygon","coordinates":[[[7.061479,4.815876],[7.061436,4.816078],[7.061356,4.81606],[7.061367,4.816008],[7.061284,4.81599],[7.061316,4.815841],[7.061479,4.815876]]]}},{"type":"Feature","properties":{"h":3.0,"on_route":false},"geometry":{"type":"Polygon","coordinates":[[[7.061125,4.814007],[7.061033,4.814025],[7.061004,4.813866],[7.061096,4.813849],[7.061125,4.814007]]]}},{"type":"Feature","properties":{"h":3.0,"on_route":false},"geometry":{"type":"Polygon","coordinates":[[[7.056914,4.817498],[7.056842,4.817695],[7.056717,4.817649],[7.056789,4.817452],[7.056914,4.817498]]]}},{"type":"Feature","properties":{"h":3.0,"on_route":false},"geometry":{"type":"Polygon","coordinates":[[[7.060157,4.810134],[7.060078,4.810061],[7.060297,4.809824],[7.060376,4.809898],[7.060157,4.810134]]]}},{"type":"Feature","properties":{"h":3.0,"on_route":false},"geometry":{"type":"Polygon","coordinates":[[[7.055994,4.815927],[7.055696,4.815931],[7.055694,4.815782],[7.055992,4.815778],[7.055994,4.815927]]]}},{"type":"Feature","properties":{"h":3.0,"on_route":false},"geometry":{"type":"Polygon","coordinates":[[[7.061929,4.814887],[7.061944,4.814963],[7.061904,4.81497],[7.06189,4.814895],[7.061929,4.814887]]]}},{"type":"Feature","properties":{"h":3.0,"on_route":false},"geometry":{"type":"Polygon","coordinates":[[[7.059812,4.81461],[7.059814,4.814657],[7.059725,4.814663],[7.059722,4.814617],[7.059812,4.81461]]]}},{"type":"Feature","properties":{"h":3.0,"on_route":false},"geometry":{"type":"Polygon","coordinates":[[[7.059882,4.810833],[7.059839,4.810861],[7.05978,4.810769],[7.059824,4.810741],[7.059882,4.810833]]]}},{"type":"Feature","properties":{"h":3.0,"on_route":false},"geometry":{"type":"Polygon","coordinates":[[[7.058248,4.816601],[7.058222,4.816643],[7.058281,4.81668],[7.058219,4.816779],[7.058201,4.816768],[7.05816,4.816833],[7.058021,4.816746],[7.05815,4.81654],[7.058248,4.816601]]]}},{"type":"Feature","properties":{"h":3.0,"on_route":false},"geometry":{"type":"Polygon","coordinates":[[[7.061694,4.816261],[7.061674,4.816394],[7.061481,4.816364],[7.061501,4.816232],[7.061694,4.816261]]]}},{"type":"Feature","properties":{"h":3.0,"on_route":false},"geometry":{"type":"Polygon","coordinates":[[[7.059605,4.815233],[7.059603,4.815332],[7.059544,4.815331],[7.059546,4.815232],[7.059605,4.815233]]]}},{"type":"Feature","properties":{"h":3.0,"on_route":false},"geometry":{"type":"Polygon","coordinates":[[[7.060054,4.811375],[7.060006,4.811354],[7.060092,4.811149],[7.06014,4.811169],[7.060054,4.811375]]]}},{"type":"Feature","properties":{"h":3.0,"on_route":false},"geometry":{"type":"Polygon","coordinates":[[[7.061212,4.810943],[7.061201,4.811011],[7.061027,4.810982],[7.061038,4.810915],[7.061212,4.810943]]]}},{"type":"Feature","properties":{"h":3.0,"on_route":false},"geometry":{"type":"Polygon","coordinates":[[[7.058852,4.810907],[7.058842,4.810929],[7.058813,4.810915],[7.058823,4.810893],[7.058852,4.810907]]]}},{"type":"Feature","properties":{"h":3.0,"on_route":false},"geometry":{"type":"Polygon","coordinates":[[[7.060694,4.810757],[7.060634,4.810793],[7.060602,4.810742],[7.060663,4.810705],[7.060694,4.810757]]]}},{"type":"Feature","properties":{"h":3.0,"on_route":false},"geometry":{"type":"Polygon","coordinates":[[[7.056757,4.815863],[7.056741,4.816058],[7.056698,4.816055],[7.056708,4.815924],[7.056671,4.815921],[7.056676,4.815856],[7.056757,4.815863]]]}},{"type":"Feature","properties":{"h":3.0,"on_route":false},"geometry":{"type":"Polygon","coordinates":[[[7.057053,4.809371],[7.057024,4.809443],[7.05693,4.809406],[7.056958,4.809333],[7.057053,4.809371]]]}},{"type":"Feature","properties":{"h":3.0,"on_route":false},"geometry":{"type":"Polygon","coordinates":[[[7.06017,4.811418],[7.060112,4.811394],[7.060197,4.811193],[7.060255,4.811217],[7.06017,4.811418]]]}},{"type":"Feature","properties":{"h":3.0,"on_route":false},"geometry":{"type":"Polygon","coordinates":[[[7.061228,4.816938],[7.061216,4.816973],[7.061182,4.81696],[7.061194,4.816926],[7.061228,4.816938]]]}},{"type":"Feature","properties":{"h":3.0,"on_route":false},"geometry":{"type":"Polygon","coordinates":[[[7.061781,4.812792],[7.061671,4.812814],[7.06164,4.812655],[7.061749,4.812633],[7.061781,4.812792]]]}},{"type":"Feature","properties":{"h":3.0,"on_route":false},"geometry":{"type":"Polygon","coordinates":[[[7.060713,4.814747],[7.060606,4.814767],[7.060592,4.814694],[7.060699,4.814674],[7.060713,4.814747]]]}},{"type":"Feature","properties":{"h":3.0,"on_route":false},"geometry":{"type":"Polygon","coordinates":[[[7.057135,4.816838],[7.057116,4.81682],[7.057151,4.816783],[7.05717,4.816801],[7.057135,4.816838]]]}},{"type":"Feature","properties":{"h":3.0,"on_route":false},"geometry":{"type":"Polygon","coordinates":[[[7.054313,4.814969],[7.054203,4.815002],[7.054188,4.814952],[7.054298,4.814919],[7.054313,4.814969]]]}},{"type":"Feature","properties":{"h":3.0,"on_route":false},"geometry":{"type":"Polygon","coordinates":[[[7.059871,4.816978],[7.059837,4.817084],[7.059691,4.817037],[7.059726,4.816931],[7.059871,4.816978]]]}},{"type":"Feature","properties":{"h":3.0,"on_route":false},"geometry":{"type":"Polygon","coordinates":[[[7.05676,4.817737],[7.056724,4.81778],[7.056652,4.817721],[7.056688,4.817677],[7.05676,4.817737]]]}},{"type":"Feature","properties":{"h":3.0,"on_route":false},"geometry":{"type":"Polygon","coordinates":[[[7.059078,4.810939],[7.059055,4.810963],[7.05899,4.810898],[7.059013,4.810874],[7.059078,4.810939]]]}},{"type":"Feature","properties":{"h":3.0,"on_route":false},"geometry":{"type":"Polygon","coordinates":[[[7.060651,4.817837],[7.060357,4.817871],[7.060346,4.817771],[7.060639,4.817736],[7.060651,4.817837]]]}},{"type":"Feature","properties":{"h":3.0,"on_route":false},"geometry":{"type":"Polygon","coordinates":[[[7.060852,4.812396],[7.060696,4.812421],[7.060684,4.812345],[7.06084,4.81232],[7.060852,4.812396]]]}},{"type":"Feature","properties":{"h":3.0,"on_route":false},"geometry":{"type":"Polygon","coordinates":[[[7.058698,4.814953],[7.058686,4.815062],[7.058772,4.815071],[7.058766,4.815123],[7.058642,4.815109],[7.058659,4.814949],[7.058698,4.814953]]]}},{"type":"Feature","properties":{"h":3.0,"on_route":false},"geometry":{"type":"Polygon","coordinates":[[[7.058366,4.817124],[7.058322,4.81721],[7.058261,4.817178],[7.058305,4.817092],[7.058366,4.817124]]]}},{"type":"Feature","properties":{"h":3.0,"on_route":false},"geometry":{"type":"Polygon","coordinates":[[[7.058391,4.81619],[7.058299,4.816425],[7.058216,4.816393],[7.058308,4.816158],[7.058391,4.81619]]]}},{"type":"Feature","properties":{"h":3.0,"on_route":false},"geometry":{"type":"Polygon","coordinates":[[[7.061398,4.817028],[7.061384,4.817125],[7.06126,4.817108],[7.061274,4.817011],[7.061398,4.817028]]]}},{"type":"Feature","properties":{"h":3.0,"on_route":false},"geometry":{"type":"Polygon","coordinates":[[[7.059355,4.813857],[7.059276,4.81387],[7.059255,4.813751],[7.059334,4.813737],[7.059355,4.813857]]]}},{"type":"Feature","properties":{"h":3.0,"on_route":false},"geometry":{"type":"Polygon","coordinates":[[[7.061641,4.815281],[7.061636,4.815327],[7.061658,4.81533],[7.061651,4.815395],[7.061629,4.815393],[7.061619,4.815481],[7.061434,4.81546],[7.061443,4.81538],[7.061463,4.815382],[7.061476,4.815264],[7.061641,4.815281]]]}},{"type":"Feature","properties":{"h":3.0,"on_route":false},"geometry":{"type":"Polygon","coordinates":[[[7.059931,4.815802],[7.059901,4.815915],[7.059717,4.815865],[7.059747,4.815752],[7.059931,4.815802]]]}},{"type":"Feature","properties":{"h":3.0,"on_route":false},"geometry":{"type":"Polygon","coordinates":[[[7.057474,4.817774],[7.057352,4.817918],[7.057272,4.81785],[7.057394,4.817706],[7.057474,4.817774]]]}},{"type":"Feature","properties":{"h":3.0,"on_route":false},"geometry":{"type":"Polygon","coordinates":[[[7.062151,4.814602],[7.06203,4.814623],[7.062014,4.814533],[7.062135,4.814511],[7.062151,4.814602]]]}},{"type":"Feature","properties":{"h":3.0,"on_route":false},"geometry":{"type":"Polygon","coordinates":[[[7.056549,4.809257],[7.056522,4.809304],[7.056444,4.809259],[7.056471,4.809212],[7.056549,4.809257]]]}},{"type":"Feature","properties":{"h":3.0,"on_route":false},"geometry":{"type":"Polygon","coordinates":[[[7.058949,4.816834],[7.058891,4.816952],[7.059002,4.817006],[7.058946,4.817123],[7.058712,4.817009],[7.058826,4.816774],[7.058949,4.816834]]]}},{"type":"Feature","properties":{"h":3.0,"on_route":false},"geometry":{"type":"Polygon","coordinates":[[[7.056643,4.809344],[7.056595,4.809461],[7.056516,4.809428],[7.056565,4.809311],[7.056643,4.809344]]]}},{"type":"Feature","properties":{"h":3.0,"on_route":false},"geometry":{"type":"Polygon","coordinates":[[[7.060085,4.816291],[7.06002,4.816492],[7.059874,4.816445],[7.059939,4.816243],[7.060085,4.816291]]]}},{"type":"Feature","properties":{"h":3.0,"on_route":false},"geometry":{"type":"Polygon","coordinates":[[[7.056728,4.809221],[7.056656,4.809355],[7.056574,4.809311],[7.056646,4.809177],[7.056728,4.809221]]]}},{"type":"Feature","properties":{"h":3.0,"on_route":false},"geometry":{"type":"Polygon","coordinates":[[[7.060162,4.811118],[7.06014,4.811169],[7.060092,4.811149],[7.060114,4.811097],[7.060162,4.811118]]]}},{"type":"Feature","properties":{"h":3.0,"on_route":false},"geometry":{"type":"Polygon","coordinates":[[[7.058613,4.815827],[7.058778,4.81585],[7.058772,4.815888],[7.058715,4.81588],[7.05871,4.815919],[7.058602,4.815904],[7.058613,4.815827]]]}},{"type":"Feature","properties":{"h":3.0,"on_route":false},"geometry":{"type":"Polygon","coordinates":[[[7.060462,4.814211],[7.060385,4.814223],[7.060366,4.814102],[7.060444,4.81409],[7.060462,4.814211]]]}},{"type":"Feature","properties":{"h":3.0,"on_route":false},"geometry":{"type":"Polygon","coordinates":[[[7.062,4.813318],[7.062011,4.813369],[7.061941,4.813384],[7.06193,4.813333],[7.062,4.813318]]]}},{"type":"Feature","properties":{"h":3.0,"on_route":false},"geometry":{"type":"Polygon","coordinates":[[[7.061178,4.816105],[7.061165,4.816189],[7.061106,4.81618],[7.061119,4.816096],[7.061178,4.816105]]]}},{"type":"Feature","properties":{"h":3.0,"on_route":false},"geometry":{"type":"Polygon","coordinates":[[[7.059853,4.817584],[7.059832,4.817652],[7.059792,4.81764],[7.059813,4.817571],[7.059853,4.817584]]]}},{"type":"Feature","properties":{"h":3.0,"on_route":false},"geometry":{"type":"Polygon","coordinates":[[[7.056781,4.809241],[7.056731,4.809368],[7.056676,4.809346],[7.056726,4.809219],[7.056781,4.809241]]]}},{"type":"Feature","properties":{"h":3.0,"on_route":false},"geometry":{"type":"Polygon","coordinates":[[[7.0617,4.813995],[7.061558,4.814023],[7.061563,4.814053],[7.061544,4.814057],[7.06155,4.814086],[7.061544,4.814087],[7.061538,4.814058],[7.061477,4.81407],[7.061451,4.81394],[7.061512,4.813928],[7.061523,4.813983],[7.061582,4.813971],[7.061578,4.813953],[7.061615,4.813945],[7.061611,4.813925],[7.061683,4.81391],[7.0617,4.813995]]]}},{"type":"Feature","properties":{"h":3.0,"on_route":false},"geometry":{"type":"Polygon","coordinates":[[[7.059494,4.813123],[7.059555,4.813419],[7.059482,4.813434],[7.059422,4.813138],[7.059494,4.813123]]]}},{"type":"Feature","properties":{"h":3.0,"on_route":false},"geometry":{"type":"Polygon","coordinates":[[[7.058425,4.818438],[7.05852,4.818515],[7.058448,4.818604],[7.058353,4.818526],[7.058425,4.818438]]]}},{"type":"Feature","properties":{"h":3.0,"on_route":false},"geometry":{"type":"Polygon","coordinates":[[[7.057017,4.818335],[7.056986,4.818375],[7.056888,4.818299],[7.056919,4.818259],[7.057017,4.818335]]]}},{"type":"Feature","properties":{"h":3.0,"on_route":false},"geometry":{"type":"Polygon","coordinates":[[[7.061768,4.811836],[7.061735,4.811966],[7.061499,4.811905],[7.061532,4.811776],[7.061768,4.811836]]]}},{"type":"Feature","properties":{"h":3.0,"on_route":false},"geometry":{"type":"Polygon","coordinates":[[[7.058171,4.816099],[7.058109,4.816248],[7.058087,4.816238],[7.058079,4.816259],[7.057997,4.816225],[7.058068,4.816055],[7.058171,4.816099]]]}},{"type":"Feature","properties":{"h":3.0,"on_route":false},"geometry":{"type":"Polygon","coordinates":[[[7.057829,4.817528],[7.057779,4.8175],[7.057822,4.817421],[7.057873,4.817449],[7.057829,4.817528]]]}},{"type":"Feature","properties":{"h":3.0,"on_route":false},"geometry":{"type":"Polygon","coordinates":[[[7.060374,4.810852],[7.060371,4.810909],[7.060339,4.810907],[7.060342,4.81085],[7.060374,4.810852]]]}},{"type":"Feature","properties":{"h":3.0,"on_route":false},"geometry":{"type":"Polygon","coordinates":[[[7.055437,4.815069],[7.054721,4.815236],[7.054617,4.814785],[7.055229,4.814642],[7.055129,4.814207],[7.055233,4.814183],[7.055437,4.815069]]]}},{"type":"Feature","properties":{"h":3.0,"on_route":false},"geometry":{"type":"Polygon","coordinates":[[[7.060162,4.816759],[7.060143,4.816834],[7.060176,4.816842],[7.060163,4.816892],[7.060055,4.816865],[7.060086,4.81674],[7.060162,4.816759]]]}},{"type":"Feature","properties":{"h":3.0,"on_route":false},"geometry":{"type":"Polygon","coordinates":[[[7.058543,4.81747],[7.058461,4.817617],[7.058379,4.817571],[7.058462,4.817425],[7.058543,4.81747]]]}},{"type":"Feature","properties":{"h":3.0,"on_route":false},"geometry":{"type":"Polygon","coordinates":[[[7.061036,4.813326],[7.060884,4.813347],[7.060863,4.813195],[7.060888,4.813191],[7.060884,4.813159],[7.061011,4.813141],[7.061036,4.813326]]]}},{"type":"Feature","properties":{"h":3.0,"on_route":false},"geometry":{"type":"Polygon","coordinates":[[[7.056958,4.817947],[7.056786,4.818099],[7.056706,4.818007],[7.056877,4.817856],[7.056958,4.817947]]]}},{"type":"Feature","properties":{"h":3.0,"on_route":false},"geometry":{"type":"Polygon","coordinates":[[[7.056572,4.809154],[7.056546,4.809199],[7.056476,4.809158],[7.056502,4.809114],[7.056572,4.809154]]]}},{"type":"Feature","properties":{"h":3.0,"on_route":false},"geometry":{"type":"Polygon","coordinates":[[[7.060612,4.817987],[7.060351,4.818007],[7.060343,4.817897],[7.060603,4.817878],[7.060612,4.817987]]]}},{"type":"Feature","properties":{"h":3.0,"on_route":false},"geometry":{"type":"Polygon","coordinates":[[[7.057839,4.818058],[7.057739,4.817988],[7.057865,4.817808],[7.057965,4.817878],[7.057839,4.818058]]]}},{"type":"Feature","properties":{"h":3.0,"on_route":false},"geometry":{"type":"Polygon","coordinates":[[[7.055327,4.811304],[7.055277,4.811311],[7.055297,4.811268],[7.055321,4.811264],[7.055327,4.811304]]]}},{"type":"Feature","properties":{"h":3.0,"on_route":false},"geometry":{"type":"Polygon","coordinates":[[[7.060177,4.813177],[7.060269,4.813159],[7.060289,4.813263],[7.060085,4.813303],[7.060036,4.813045],[7.060148,4.813023],[7.060177,4.813177]]]}},{"type":"Feature","properties":{"h":3.0,"on_route":false},"geometry":{"type":"Polygon","coordinates":[[[7.059939,4.816243],[7.05986,4.816487],[7.059585,4.816398],[7.059663,4.816154],[7.059939,4.816243]]]}},{"type":"Feature","properties":{"h":3.0,"on_route":false},"geometry":{"type":"Polygon","coordinates":[[[7.060841,4.811997],[7.060766,4.812004],[7.060761,4.811952],[7.060837,4.811945],[7.060841,4.811997]]]}},{"type":"Feature","properties":{"h":3.0,"on_route":false},"geometry":{"type":"Polygon","coordinates":[[[7.061681,4.813133],[7.061692,4.813198],[7.06165,4.813205],[7.061639,4.813139],[7.061681,4.813133]]]}},{"type":"Feature","properties":{"h":3.0,"on_route":false},"geometry":{"type":"Polygon","coordinates":[[[7.055545,4.816109],[7.055436,4.816116],[7.055428,4.815997],[7.055538,4.81599],[7.055545,4.816109]]]}},{"type":"Feature","properties":{"h":3.0,"on_route":false},"geometry":{"type":"Polygon","coordinates":[[[7.057124,4.817615],[7.057097,4.817655],[7.057025,4.817607],[7.057051,4.817567],[7.057124,4.817615]]]}},{"type":"Feature","properties":{"h":3.0,"on_route":false},"geometry":{"type":"Polygon","coordinates":[[[7.058999,4.816613],[7.058948,4.816736],[7.058837,4.81669],[7.058887,4.816567],[7.058999,4.816613]]]}},{"type":"Feature","properties":{"h":3.0,"on_route":false},"geometry":{"type":"Polygon","coordinates":[[[7.058692,4.81841],[7.058619,4.818528],[7.058436,4.818415],[7.058509,4.818297],[7.058692,4.81841]]]}},{"type":"Feature","properties":{"h":3.0,"on_route":false},"geometry":{"type":"Polygon","coordinates":[[[7.06056,4.810217],[7.060299,4.810412],[7.060217,4.810301],[7.060478,4.810106],[7.06056,4.810217]]]}},{"type":"Feature","properties":{"h":3.0,"on_route":false},"geometry":{"type":"Polygon","coordinates":[[[7.058657,4.815634],[7.0589,4.815667],[7.058885,4.815775],[7.058642,4.815741],[7.058657,4.815634]]]}},{"type":"Feature","properties":{"h":3.0,"on_route":false},"geometry":{"type":"Polygon","coordinates":[[[7.061751,4.816399],[7.061741,4.816439],[7.061692,4.816428],[7.061702,4.816388],[7.061751,4.816399]]]}},{"type":"Feature","properties":{"h":3.0,"on_route":false},"geometry":{"type":"Polygon","coordinates":[[[7.057199,4.817014],[7.057166,4.81705],[7.05714,4.817027],[7.057129,4.81704],[7.057155,4.817063],[7.057128,4.817094],[7.057067,4.817039],[7.057138,4.816959],[7.057199,4.817014]]]}},{"type":"Feature","properties":{"h":3.0,"on_route":false},"geometry":{"type":"Polygon","coordinates":[[[7.059988,4.818053],[7.059968,4.818144],[7.059839,4.818115],[7.05986,4.818024],[7.059988,4.818053]]]}},{"type":"Feature","properties":{"h":3.0,"on_route":false},"geometry":{"type":"Polygon","coordinates":[[[7.061504,4.812142],[7.061515,4.812285],[7.061346,4.812298],[7.061337,4.812185],[7.061397,4.81218],[7.061395,4.81215],[7.061504,4.812142]]]}},{"type":"Feature","properties":{"h":3.0,"on_route":false},"geometry":{"type":"Polygon","coordinates":[[[7.056861,4.809272],[7.056817,4.809384],[7.056738,4.809353],[7.056781,4.809241],[7.056861,4.809272]]]}},{"type":"Feature","properties":{"h":3.0,"on_route":false},"geometry":{"type":"Polygon","coordinates":[[[7.056229,4.814265],[7.056218,4.81431],[7.056154,4.814294],[7.056165,4.81425],[7.056229,4.814265]]]}},{"type":"Feature","properties":{"h":3.0,"on_route":false},"geometry":{"type":"Polygon","coordinates":[[[7.058496,4.813541],[7.058489,4.813625],[7.058447,4.813622],[7.058454,4.813538],[7.058496,4.813541]]]}},{"type":"Feature","properties":{"h":3.0,"on_route":false},"geometry":{"type":"Polygon","coordinates":[[[7.059339,4.812139],[7.059341,4.812183],[7.059292,4.812185],[7.05929,4.812141],[7.059339,4.812139]]]}},{"type":"Feature","properties":{"h":3.0,"on_route":false},"geometry":{"type":"Polygon","coordinates":[[[7.061055,4.811656],[7.061016,4.811777],[7.060971,4.811763],[7.061011,4.811641],[7.061055,4.811656]]]}},{"type":"Feature","properties":{"h":3.0,"on_route":false},"geometry":{"type":"Polygon","coordinates":[[[7.061791,4.812393],[7.061795,4.812418],[7.061824,4.812412],[7.061828,4.812433],[7.061885,4.812422],[7.061903,4.812513],[7.061721,4.812549],[7.061694,4.812412],[7.061791,4.812393]]]}},{"type":"Feature","properties":{"h":3.0,"on_route":false},"geometry":{"type":"Polygon","coordinates":[[[7.061971,4.813732],[7.062013,4.813723],[7.062055,4.813921],[7.061872,4.81396],[7.061826,4.813745],[7.061967,4.813715],[7.061971,4.813732]]]}},{"type":"Feature","properties":{"h":3.0,"on_route":false},"geometry":{"type":"Polygon","coordinates":[[[7.060541,4.817157],[7.060485,4.817133],[7.060548,4.816991],[7.060603,4.817016],[7.060541,4.817157]]]}},{"type":"Feature","properties":{"h":3.0,"on_route":false},"geometry":{"type":"Polygon","coordinates":[[[7.060976,4.816276],[7.060967,4.816356],[7.060879,4.816346],[7.060888,4.816266],[7.060976,4.816276]]]}},{"type":"Feature","properties":{"h":3.0,"on_route":false},"geometry":{"type":"Polygon","coordinates":[[[7.059242,4.813241],[7.059143,4.813257],[7.059158,4.813351],[7.058997,4.813378],[7.058967,4.81319],[7.059227,4.813148],[7.059242,4.813241]]]}},{"type":"Feature","properties":{"h":3.0,"on_route":false},"geometry":{"type":"Polygon","coordinates":[[[7.055091,4.816373],[7.054885,4.816392],[7.054875,4.816281],[7.05508,4.816262],[7.055091,4.816373]]]}},{"type":"Feature","properties":{"h":3.0,"on_route":false},"geometry":{"type":"Polygon","coordinates":[[[7.058804,4.816192],[7.058792,4.81623],[7.058772,4.816224],[7.05874,4.816324],[7.058475,4.816239],[7.058519,4.8161],[7.058804,4.816192]]]}},{"type":"Feature","properties":{"h":3.0,"on_route":false},"geometry":{"type":"Polygon","coordinates":[[[7.059031,4.814446],[7.058824,4.814478],[7.058809,4.814384],[7.059017,4.814352],[7.059031,4.814446]]]}},{"type":"Feature","properties":{"h":3.0,"on_route":false},"geometry":{"type":"Polygon","coordinates":[[[7.057111,4.809487],[7.057065,4.809597],[7.056987,4.809565],[7.057033,4.809454],[7.057111,4.809487]]]}},{"type":"Feature","properties":{"h":3.0,"on_route":false},"geometry":{"type":"Polygon","coordinates":[[[7.061084,4.815812],[7.060977,4.815796],[7.060974,4.815818],[7.060934,4.815812],[7.06091,4.815971],[7.060808,4.815956],[7.060847,4.815704],[7.061094,4.815742],[7.061084,4.815812]]]}},{"type":"Feature","properties":{"h":3.0,"on_route":false},"geometry":{"type":"Polygon","coordinates":[[[7.058871,4.815791],[7.058864,4.815839],[7.058825,4.815832],[7.058832,4.815785],[7.058871,4.815791]]]}},{"type":"Feature","properties":{"h":3.0,"on_route":false},"geometry":{"type":"Polygon","coordinates":[[[7.060043,4.814558],[7.060087,4.814803],[7.060053,4.814809],[7.060033,4.814699],[7.060013,4.814703],[7.060005,4.814658],[7.059956,4.814667],[7.059939,4.814577],[7.060043,4.814558]]]}},{"type":"Feature","properties":{"h":3.0,"on_route":false},"geometry":{"type":"Polygon","coordinates":[[[7.056422,4.809294],[7.056415,4.809327],[7.056386,4.809321],[7.056393,4.809288],[7.056422,4.809294]]]}},{"type":"Feature","properties":{"h":3.0,"on_route":false},"geometry":{"type":"Polygon","coordinates":[[[7.0604,4.815581],[7.060388,4.81565],[7.060301,4.815634],[7.060313,4.815565],[7.0604,4.815581]]]}},{"type":"Feature","properties":{"h":3.0,"on_route":false},"geometry":{"type":"Polygon","coordinates":[[[7.061955,4.815503],[7.061946,4.815568],[7.061815,4.815551],[7.061824,4.815485],[7.061955,4.815503]]]}},{"type":"Feature","properties":{"h":3.0,"on_route":false},"geometry":{"type":"Polygon","coordinates":[[[7.05875,4.816639],[7.05874,4.816673],[7.05868,4.816655],[7.05869,4.816622],[7.05875,4.816639]]]}},{"type":"Feature","properties":{"h":3.0,"on_route":false},"geometry":{"type":"Polygon","coordinates":[[[7.061583,4.815629],[7.061573,4.815693],[7.06151,4.815684],[7.06152,4.81562],[7.061583,4.815629]]]}},{"type":"Feature","properties":{"h":3.0,"on_route":false},"geometry":{"type":"Polygon","coordinates":[[[7.059468,4.812205],[7.059426,4.81221],[7.059417,4.812138],[7.059458,4.812132],[7.059468,4.812205]]]}},{"type":"Feature","properties":{"h":3.0,"on_route":false},"geometry":{"type":"Polygon","coordinates":[[[7.06093,4.813568],[7.060961,4.81368],[7.060913,4.813694],[7.060881,4.813582],[7.06093,4.813568]]]}},{"type":"Feature","properties":{"h":3.0,"on_route":false},"geometry":{"type":"Polygon","coordinates":[[[7.058389,4.814058],[7.058436,4.81416],[7.05839,4.814181],[7.058344,4.81408],[7.058389,4.814058]]]}},{"type":"Feature","properties":{"h":3.0,"on_route":false},"geometry":{"type":"Polygon","coordinates":[[[7.059148,4.818215],[7.059124,4.818266],[7.059005,4.81821],[7.059029,4.818159],[7.059148,4.818215]]]}},{"type":"Feature","properties":{"h":3.0,"on_route":false},"geometry":{"type":"Polygon","coordinates":[[[7.060195,4.813616],[7.060092,4.813636],[7.060057,4.813448],[7.060159,4.813429],[7.060195,4.813616]]]}},{"type":"Feature","properties":{"h":3.0,"on_route":false},"geometry":{"type":"Polygon","coordinates":[[[7.060242,4.813736],[7.060292,4.813987],[7.060197,4.814006],[7.060148,4.813755],[7.060242,4.813736]]]}},{"type":"Feature","properties":{"h":3.0,"on_route":false},"geometry":{"type":"Polygon","coordinates":[[[7.060631,4.817706],[7.060424,4.817702],[7.060426,4.817603],[7.060444,4.817603],[7.060445,4.81757],[7.060633,4.817573],[7.060631,4.817706]]]}},{"type":"Feature","properties":{"h":3.0,"on_route":false},"geometry":{"type":"Polygon","coordinates":[[[7.061294,4.815168],[7.061288,4.815246],[7.061192,4.815239],[7.061197,4.815161],[7.061294,4.815168]]]}},{"type":"Feature","properties":{"h":3.0,"on_route":false},"geometry":{"type":"Polygon","coordinates":[[[7.060068,4.811094],[7.060034,4.811131],[7.059992,4.811092],[7.060026,4.811055],[7.060068,4.811094]]]}},{"type":"Feature","properties":{"h":3.0,"on_route":false},"geometry":{"type":"Polygon","coordinates":[[[7.061749,4.815595],[7.061752,4.815621],[7.061721,4.815625],[7.061718,4.815598],[7.061749,4.815595]]]}},{"type":"Feature","properties":{"h":3.0,"on_route":false},"geometry":{"type":"Polygon","coordinates":[[[7.060834,4.81683],[7.06083,4.816907],[7.060804,4.816906],[7.060801,4.816946],[7.060713,4.816941],[7.060718,4.816848],[7.060753,4.81685],[7.060754,4.816825],[7.060834,4.81683]]]}},{"type":"Feature","properties":{"h":3.0,"on_route":false},"geometry":{"type":"Polygon","coordinates":[[[7.060493,4.810807],[7.060455,4.810744],[7.060524,4.810702],[7.060536,4.810722],[7.060596,4.810685],[7.060622,4.810728],[7.060493,4.810807]]]}},{"type":"Feature","properties":{"h":3.0,"on_route":false},"geometry":{"type":"Polygon","coordinates":[[[7.059727,4.812366],[7.059732,4.812395],[7.059772,4.812387],[7.059791,4.812483],[7.059953,4.812451],[7.059979,4.812587],[7.059565,4.812667],[7.059515,4.812407],[7.059727,4.812366]]]}},{"type":"Feature","properties":{"h":3.0,"on_route":false},"geometry":{"type":"Polygon","coordinates":[[[7.060424,4.813428],[7.060325,4.813448],[7.060292,4.813276],[7.060391,4.813257],[7.060424,4.813428]]]}},{"type":"Feature","properties":{"h":3.0,"on_route":false},"geometry":{"type":"Polygon","coordinates":[[[7.060263,4.816947],[7.060227,4.817059],[7.059969,4.816976],[7.060006,4.816864],[7.060263,4.816947]]]}},{"type":"Feature","properties":{"h":3.0,"on_route":false},"geometry":{"type":"Polygon","coordinates":[[[7.058524,4.818761],[7.058458,4.818819],[7.058295,4.818633],[7.05836,4.818575],[7.058524,4.818761]]]}},{"type":"Feature","properties":{"h":3.0,"on_route":false},"geometry":{"type":"Polygon","coordinates":[[[7.057797,4.812986],[7.057704,4.813158],[7.057599,4.813101],[7.057692,4.812929],[7.057797,4.812986]]]}},{"type":"Feature","properties":{"h":3.0,"on_route":false},"geometry":{"type":"Polygon","coordinates":[[[7.058515,4.814008],[7.058411,4.814025],[7.058388,4.813884],[7.058492,4.813867],[7.058515,4.814008]]]}},{"type":"Feature","properties":{"h":3.0,"on_route":false},"geometry":{"type":"Polygon","coordinates":[[[7.061846,4.815955],[7.061839,4.816031],[7.061799,4.816027],[7.061795,4.816065],[7.061657,4.816053],[7.061667,4.815939],[7.061846,4.815955]]]}},{"type":"Feature","properties":{"h":3.0,"on_route":false},"geometry":{"type":"Polygon","coordinates":[[[7.061512,4.816403],[7.061507,4.816428],[7.061487,4.816423],[7.061469,4.816506],[7.061415,4.816495],[7.061437,4.816388],[7.061512,4.816403]]]}},{"type":"Feature","properties":{"h":3.0,"on_route":false},"geometry":{"type":"Polygon","coordinates":[[[7.058593,4.817538],[7.058531,4.817611],[7.058497,4.817582],[7.058559,4.817509],[7.058593,4.817538]]]}},{"type":"Feature","properties":{"h":3.0,"on_route":false},"geometry":{"type":"Polygon","coordinates":[[[7.059978,4.813731],[7.059989,4.813784],[7.060018,4.813778],[7.06003,4.813836],[7.060048,4.813832],[7.060081,4.813993],[7.060063,4.813997],[7.060072,4.814044],[7.059978,4.814063],[7.059913,4.813744],[7.059978,4.813731]]]}},{"type":"Feature","properties":{"h":3.0,"on_route":false},"geometry":{"type":"Polygon","coordinates":[[[7.058016,4.816385],[7.057956,4.816487],[7.057882,4.816443],[7.05787,4.816462],[7.057781,4.816409],[7.057792,4.81639],[7.057765,4.816375],[7.057825,4.816272],[7.058016,4.816385]]]}},{"type":"Feature","properties":{"h":3.0,"on_route":false},"geometry":{"type":"Polygon","coordinates":[[[7.061686,4.814755],[7.06169,4.814814],[7.06164,4.814818],[7.061636,4.814758],[7.061686,4.814755]]]}},{"type":"Feature","properties":{"h":3.0,"on_route":false},"geometry":{"type":"Polygon","coordinates":[[[7.058927,4.8134],[7.058734,4.813434],[7.058729,4.813401],[7.058633,4.813418],[7.058608,4.813277],[7.058659,4.813268],[7.058628,4.81309],[7.058864,4.813048],[7.058927,4.8134]]]}},{"type":"Feature","properties":{"h":3.0,"on_route":false},"geometry":{"type":"Polygon","coordinates":[[[7.061364,4.815041],[7.061243,4.815056],[7.061232,4.814965],[7.061353,4.81495],[7.061364,4.815041]]]}},{"type":"Feature","properties":{"h":3.0,"on_route":false},"geometry":{"type":"Polygon","coordinates":[[[7.061257,4.815489],[7.061253,4.815522],[7.061218,4.815518],[7.061222,4.815485],[7.061257,4.815489]]]}},{"type":"Feature","properties":{"h":3.0,"on_route":false},"geometry":{"type":"Polygon","coordinates":[[[7.061137,4.81303],[7.060989,4.813059],[7.060945,4.812838],[7.061093,4.812808],[7.061137,4.81303]]]}},{"type":"Feature","properties":{"h":3.0,"on_route":false},"geometry":{"type":"Polygon","coordinates":[[[7.05955,4.817656],[7.059561,4.817621],[7.059732,4.817677],[7.059685,4.817822],[7.059608,4.817796],[7.059599,4.817822],[7.059551,4.817807],[7.05956,4.817781],[7.059514,4.817766],[7.059525,4.817731],[7.059502,4.817723],[7.059526,4.817648],[7.05955,4.817656]]]}},{"type":"Feature","properties":{"h":3.0,"on_route":false},"geometry":{"type":"Polygon","coordinates":[[[7.061359,4.811565],[7.061336,4.811644],[7.06115,4.811591],[7.061173,4.811512],[7.061359,4.811565]]]}},{"type":"Feature","properties":{"h":3.0,"on_route":false},"geometry":{"type":"Polygon","coordinates":[[[7.061744,4.812213],[7.061713,4.812349],[7.06155,4.812311],[7.061582,4.812175],[7.061744,4.812213]]]}},{"type":"Feature","properties":{"h":3.0,"on_route":false},"geometry":{"type":"Polygon","coordinates":[[[7.061955,4.813048],[7.061861,4.813067],[7.061845,4.812988],[7.061821,4.812993],[7.061815,4.812964],[7.061934,4.812941],[7.061955,4.813048]]]}},{"type":"Feature","properties":{"h":3.0,"on_route":false},"geometry":{"type":"Polygon","coordinates":[[[7.058739,4.813808],[7.058746,4.813901],[7.058948,4.813884],[7.058946,4.813863],[7.059226,4.81384],[7.059225,4.81382],[7.059248,4.813818],[7.059256,4.813909],[7.058958,4.813933],[7.05896,4.813962],[7.058681,4.813985],[7.058667,4.813814],[7.058739,4.813808]]]}},{"type":"Feature","properties":{"h":3.0,"on_route":false},"geometry":{"type":"Polygon","coordinates":[[[7.056796,4.815314],[7.056784,4.815457],[7.056684,4.815449],[7.056696,4.815305],[7.056796,4.815314]]]}},{"type":"Feature","properties":{"h":3.0,"on_route":false},"geometry":{"type":"Polygon","coordinates":[[[7.05873,4.816501],[7.058675,4.816642],[7.058602,4.816613],[7.058635,4.816529],[7.058561,4.8165],[7.058528,4.816584],[7.058471,4.816562],[7.058526,4.81642],[7.05873,4.816501]]]}},{"type":"Feature","properties":{"h":3.0,"on_route":false},"geometry":{"type":"Polygon","coordinates":[[[7.05968,4.817378],[7.059633,4.817359],[7.059702,4.817196],[7.059748,4.817216],[7.05968,4.817378]]]}},{"type":"Feature","properties":{"h":3.0,"on_route":false},"geometry":{"type":"Polygon","coordinates":[[[7.057823,4.818573],[7.057808,4.81859],[7.057825,4.818605],[7.057778,4.818657],[7.057697,4.818582],[7.057759,4.818513],[7.057823,4.818573]]]}},{"type":"Feature","properties":{"h":3.0,"on_route":false},"geometry":{"type":"Polygon","coordinates":[[[7.055826,4.814568],[7.055733,4.81459],[7.05571,4.814494],[7.055803,4.814472],[7.055826,4.814568]]]}},{"type":"Feature","properties":{"h":3.0,"on_route":false},"geometry":{"type":"Polygon","coordinates":[[[7.056979,4.817836],[7.056922,4.817798],[7.057024,4.817644],[7.05708,4.817681],[7.056979,4.817836]]]}},{"type":"Feature","properties":{"h":3.0,"on_route":false},"geometry":{"type":"Polygon","coordinates":[[[7.059993,4.814714],[7.059991,4.814747],[7.059959,4.814746],[7.059961,4.814712],[7.059993,4.814714]]]}},{"type":"Feature","properties":{"h":3.0,"on_route":false},"geometry":{"type":"Polygon","coordinates":[[[7.058712,4.817851],[7.058645,4.817797],[7.058807,4.817595],[7.058875,4.817649],[7.058712,4.817851]]]}},{"type":"Feature","properties":{"h":3.0,"on_route":false},"geometry":{"type":"Polygon","coordinates":[[[7.061666,4.81514],[7.06154,4.815159],[7.061504,4.814923],[7.061631,4.814904],[7.061666,4.81514]]]}},{"type":"Feature","properties":{"h":3.0,"on_route":false},"geometry":{"type":"Polygon","coordinates":[[[7.059815,4.812682],[7.05972,4.812701],[7.059707,4.812638],[7.059802,4.812619],[7.059815,4.812682]]]}},{"type":"Feature","properties":{"h":3.0,"on_route":false},"geometry":{"type":"Polygon","coordinates":[[[7.056123,4.817709],[7.056041,4.817784],[7.055864,4.817589],[7.055946,4.817514],[7.056123,4.817709]]]}},{"type":"Feature","properties":{"h":3.0,"on_route":false},"geometry":{"type":"Polygon","coordinates":[[[7.059545,4.817257],[7.059485,4.817399],[7.059285,4.817312],[7.0593,4.817278],[7.059311,4.817283],[7.059357,4.817175],[7.059545,4.817257]]]}},{"type":"Feature","properties":{"h":3.0,"on_route":false},"geometry":{"type":"Polygon","coordinates":[[[7.061888,4.813342],[7.061958,4.813672],[7.061901,4.813684],[7.061831,4.813354],[7.061888,4.813342]]]}},{"type":"Feature","properties":{"h":3.0,"on_route":false},"geometry":{"type":"Polygon","coordinates":[[[7.05724,4.817121],[7.05721,4.817176],[7.057151,4.817143],[7.057181,4.817089],[7.05724,4.817121]]]}},{"type":"Feature","properties":{"h":3.0,"on_route":false},"geometry":{"type":"Polygon","coordinates":[[[7.060512,4.810839],[7.060474,4.810862],[7.060456,4.810831],[7.0604,4.810866],[7.060361,4.810802],[7.060455,4.810744],[7.060512,4.810839]]]}},{"type":"Feature","properties":{"h":3.0,"on_route":false},"geometry":{"type":"Polygon","coordinates":[[[7.059326,4.816405],[7.059323,4.816431],[7.059264,4.816423],[7.059268,4.816396],[7.059326,4.816405]]]}},{"type":"Feature","properties":{"h":3.0,"on_route":false},"geometry":{"type":"Polygon","coordinates":[[[7.060551,4.812807],[7.060418,4.812835],[7.060405,4.812776],[7.060539,4.812747],[7.060551,4.812807]]]}},{"type":"Feature","properties":{"h":3.0,"on_route":false},"geometry":{"type":"Polygon","coordinates":[[[7.061302,4.813058],[7.061187,4.813077],[7.061136,4.812771],[7.061251,4.812752],[7.061302,4.813058]]]}},{"type":"Feature","properties":{"h":3.0,"on_route":false},"geometry":{"type":"Polygon","coordinates":[[[7.058252,4.81778],[7.058164,4.817904],[7.058054,4.817826],[7.058142,4.817702],[7.058252,4.81778]]]}},{"type":"Feature","properties":{"h":3.0,"on_route":false},"geometry":{"type":"Polygon","coordinates":[[[7.060166,4.816539],[7.060153,4.816581],[7.060103,4.816565],[7.060117,4.816523],[7.060166,4.816539]]]}},{"type":"Feature","properties":{"h":3.0,"on_route":false},"geometry":{"type":"Polygon","coordinates":[[[7.056843,4.81783],[7.056723,4.817946],[7.056651,4.817872],[7.056772,4.817755],[7.056843,4.81783]]]}},{"type":"Feature","properties":{"h":3.0,"on_route":false},"geometry":{"type":"Polygon","coordinates":[[[7.060773,4.811911],[7.06074,4.812006],[7.060565,4.811944],[7.060598,4.811849],[7.060773,4.811911]]]}},{"type":"Feature","properties":{"h":3.0,"on_route":false},"geometry":{"type":"Polygon","coordinates":[[[7.057101,4.818226],[7.057033,4.818314],[7.056954,4.818254],[7.057022,4.818166],[7.057101,4.818226]]]}},{"type":"Feature","properties":{"h":3.0,"on_route":false},"geometry":{"type":"Polygon","coordinates":[[[7.058453,4.81276],[7.058379,4.812994],[7.058263,4.812956],[7.058338,4.812723],[7.058453,4.81276]]]}},{"type":"Feature","properties":{"h":3.0,"on_route":false},"geometry":{"type":"Polygon","coordinates":[[[7.060214,4.816333],[7.060187,4.816416],[7.060058,4.816374],[7.060085,4.816291],[7.060214,4.816333]]]}},{"type":"Feature","properties":{"h":3.0,"on_route":false},"geometry":{"type":"Polygon","coordinates":[[[7.05857,4.818006],[7.058552,4.818032],[7.058507,4.817999],[7.058491,4.818021],[7.058531,4.818049],[7.058491,4.818106],[7.058451,4.818078],[7.05842,4.818121],[7.058169,4.817943],[7.058273,4.817795],[7.05857,4.818006]]]}},{"type":"Feature","properties":{"h":3.0,"on_route":false},"geometry":{"type":"Polygon","coordinates":[[[7.060194,4.812677],[7.060005,4.812712],[7.059983,4.812594],[7.060172,4.812558],[7.060194,4.812677]]]}},{"type":"Feature","properties":{"h":3.0,"on_route":false},"geometry":{"type":"Polygon","coordinates":[[[7.057804,4.818366],[7.057846,4.818409],[7.057826,4.818428],[7.057784,4.818386],[7.057804,4.818366]]]}},{"type":"Feature","properties":{"h":3.0,"on_route":false},"geometry":{"type":"Polygon","coordinates":[[[7.06044,4.811284],[7.060437,4.811316],[7.060379,4.811311],[7.060381,4.811279],[7.06044,4.811284]]]}},{"type":"Feature","properties":{"h":3.0,"on_route":false},"geometry":{"type":"Polygon","coordinates":[[[7.057688,4.816975],[7.057676,4.816994],[7.057652,4.816979],[7.057544,4.817143],[7.057414,4.817056],[7.057534,4.816873],[7.057688,4.816975]]]}},{"type":"Feature","properties":{"h":3.0,"on_route":false},"geometry":{"type":"Polygon","coordinates":[[[7.060409,4.813985],[7.060313,4.814004],[7.060306,4.813965],[7.060401,4.813946],[7.060409,4.813985]]]}},{"type":"Feature","properties":{"h":3.0,"on_route":false},"geometry":{"type":"Polygon","coordinates":[[[7.058699,4.815749],[7.058687,4.815837],[7.05863,4.815829],[7.058642,4.815741],[7.058699,4.815749]]]}},{"type":"Feature","properties":{"h":3.0,"on_route":false},"geometry":{"type":"Polygon","coordinates":[[[7.061082,4.811679],[7.061267,4.811735],[7.061218,4.811899],[7.061032,4.811842],[7.061082,4.811679]]]}},{"type":"Feature","properties":{"h":3.0,"on_route":false},"geometry":{"type":"Polygon","coordinates":[[[7.057971,4.818072],[7.057934,4.818115],[7.057904,4.818088],[7.057941,4.818046],[7.057971,4.818072]]]}},{"type":"Feature","properties":{"h":3.0,"on_route":false},"geometry":{"type":"Polygon","coordinates":[[[7.0581,4.817221],[7.058069,4.817277],[7.05798,4.817227],[7.058011,4.817171],[7.0581,4.817221]]]}},{"type":"Feature","properties":{"h":3.0,"on_route":false},"geometry":{"type":"Polygon","coordinates":[[[7.058952,4.81626],[7.058917,4.816371],[7.058804,4.816336],[7.058838,4.816225],[7.058952,4.81626]]]}},{"type":"Feature","properties":{"h":3.0,"on_route":false},"geometry":{"type":"Polygon","coordinates":[[[7.060065,4.817652],[7.060056,4.817711],[7.060016,4.817705],[7.060024,4.817646],[7.060065,4.817652]]]}},{"type":"Feature","properties":{"h":3.0,"on_route":false},"geometry":{"type":"Polygon","coordinates":[[[7.062098,4.814814],[7.062102,4.814869],[7.062043,4.814873],[7.062039,4.814818],[7.062098,4.814814]]]}},{"type":"Feature","properties":{"h":3.0,"on_route":false},"geometry":{"type":"Polygon","coordinates":[[[7.059291,4.814099],[7.059311,4.814202],[7.059474,4.814171],[7.059489,4.814253],[7.059216,4.814305],[7.059181,4.81412],[7.059291,4.814099]]]}},{"type":"Feature","properties":{"h":3.0,"on_route":false},"geometry":{"type":"Polygon","coordinates":[[[7.058922,4.817578],[7.058842,4.817529],[7.058971,4.817317],[7.059052,4.817365],[7.058922,4.817578]]]}},{"type":"Feature","properties":{"h":3.0,"on_route":false},"geometry":{"type":"Polygon","coordinates":[[[7.060049,4.809967],[7.060013,4.810009],[7.059965,4.809967],[7.06,4.809925],[7.060049,4.809967]]]}},{"type":"Feature","properties":{"h":3.0,"on_route":false},"geometry":{"type":"Polygon","coordinates":[[[7.057039,4.814821],[7.056971,4.814836],[7.056959,4.814778],[7.057027,4.814764],[7.057039,4.814821]]]}},{"type":"Feature","properties":{"h":3.0,"on_route":false},"geometry":{"type":"Polygon","coordinates":[[[7.058194,4.817649],[7.05816,4.817659],[7.058151,4.817629],[7.058185,4.817619],[7.058194,4.817649]]]}},{"type":"Feature","properties":{"h":3.0,"on_route":false},"geometry":{"type":"Polygon","coordinates":[[[7.061793,4.815173],[7.061792,4.815215],[7.061742,4.815214],[7.061744,4.815171],[7.061793,4.815173]]]}},{"type":"Feature","properties":{"h":3.0,"on_route":false},"geometry":{"type":"Polygon","coordinates":[[[7.058575,4.815613],[7.058545,4.815725],[7.058453,4.8157],[7.058483,4.815588],[7.058575,4.815613]]]}},{"type":"Feature","properties":{"h":3.0,"on_route":false},"geometry":{"type":"Polygon","coordinates":[[[7.058181,4.818309],[7.058152,4.818353],[7.05811,4.818325],[7.05814,4.818281],[7.058181,4.818309]]]}},{"type":"Feature","properties":{"h":3.0,"on_route":false},"geometry":{"type":"Polygon","coordinates":[[[7.058363,4.81771],[7.05832,4.817783],[7.058209,4.817718],[7.058252,4.817645],[7.058363,4.81771]]]}},{"type":"Feature","properties":{"h":3.0,"on_route":false},"geometry":{"type":"Polygon","coordinates":[[[7.057606,4.817887],[7.057543,4.817962],[7.057445,4.817878],[7.057508,4.817803],[7.057606,4.817887]]]}},{"type":"Feature","properties":{"h":3.0,"on_route":false},"geometry":{"type":"Polygon","coordinates":[[[7.05925,4.814443],[7.05922,4.814447],[7.059223,4.81447],[7.059187,4.814476],[7.059184,4.814453],[7.059065,4.814472],[7.059045,4.814348],[7.059231,4.814318],[7.05925,4.814443]]]}},{"type":"Feature","properties":{"h":3.0,"on_route":false},"geometry":{"type":"Polygon","coordinates":[[[7.061,4.813125],[7.060899,4.813144],[7.060896,4.813126],[7.060864,4.813132],[7.060855,4.813087],[7.060988,4.813062],[7.061,4.813125]]]}},{"type":"Feature","properties":{"h":3.0,"on_route":false},"geometry":{"type":"Polygon","coordinates":[[[7.061276,4.815248],[7.06126,4.815435],[7.061214,4.815431],[7.061216,4.815408],[7.061162,4.815404],[7.061176,4.815239],[7.061276,4.815248]]]}},{"type":"Feature","properties":{"h":3.0,"on_route":false},"geometry":{"type":"Polygon","coordinates":[[[7.057469,4.816825],[7.057378,4.816962],[7.057328,4.816928],[7.057349,4.816896],[7.057243,4.816825],[7.057313,4.81672],[7.057469,4.816825]]]}},{"type":"Feature","properties":{"h":3.0,"on_route":false},"geometry":{"type":"Polygon","coordinates":[[[7.058782,4.817223],[7.058679,4.817422],[7.058569,4.817365],[7.058672,4.817166],[7.058782,4.817223]]]}},{"type":"Feature","properties":{"h":3.0,"on_route":false},"geometry":{"type":"Polygon","coordinates":[[[7.059693,4.817183],[7.059686,4.81721],[7.05964,4.817199],[7.059647,4.817172],[7.059693,4.817183]]]}},{"type":"Feature","properties":{"h":3.0,"on_route":false},"geometry":{"type":"Polygon","coordinates":[[[7.060206,4.815258],[7.0602,4.81529],[7.060159,4.815282],[7.060139,4.815387],[7.060054,4.815371],[7.06008,4.815233],[7.060206,4.815258]]]}},{"type":"Feature","properties":{"h":3.0,"on_route":false},"geometry":{"type":"Polygon","coordinates":[[[7.05832,4.817208],[7.058438,4.817271],[7.058408,4.817327],[7.05829,4.817264],[7.05832,4.817208]]]}},{"type":"Feature","properties":{"h":3.0,"on_route":false},"geometry":{"type":"Polygon","coordinates":[[[7.061186,4.815153],[7.061166,4.815411],[7.061111,4.815407],[7.061131,4.815148],[7.061186,4.815153]]]}},{"type":"Feature","properties":{"h":3.0,"on_route":false},"geometry":{"type":"Polygon","coordinates":[[[7.059772,4.811701],[7.05976,4.811897],[7.059646,4.81189],[7.059658,4.811694],[7.059772,4.811701]]]}},{"type":"Feature","properties":{"h":3.0,"on_route":false},"geometry":{"type":"Polygon","coordinates":[[[7.056095,4.809314],[7.056078,4.809388],[7.056032,4.809378],[7.056049,4.809304],[7.056095,4.809314]]]}},{"type":"Feature","properties":{"h":3.0,"on_route":false},"geometry":{"type":"Polygon","coordinates":[[[7.06144,4.814939],[7.061444,4.814973],[7.061469,4.81497],[7.061486,4.815104],[7.061374,4.815118],[7.061353,4.81495],[7.06144,4.814939]]]}},{"type":"Feature","properties":{"h":3.0,"on_route":false},"geometry":{"type":"Polygon","coordinates":[[[7.060648,4.81245],[7.060541,4.812473],[7.060482,4.812194],[7.060589,4.812171],[7.060648,4.81245]]]}},{"type":"Feature","properties":{"h":3.0,"on_route":false},"geometry":{"type":"Polygon","coordinates":[[[7.060668,4.810671],[7.060626,4.810715],[7.060565,4.810657],[7.060606,4.810612],[7.060668,4.810671]]]}},{"type":"Feature","properties":{"h":3.0,"on_route":false},"geometry":{"type":"Polygon","coordinates":[[[7.061786,4.814457],[7.061626,4.81449],[7.061599,4.814359],[7.06176,4.814327],[7.061786,4.814457]]]}},{"type":"Feature","properties":{"h":3.0,"on_route":false},"geometry":{"type":"Polygon","coordinates":[[[7.056944,4.809375],[7.056903,4.809477],[7.056832,4.809449],[7.056839,4.809431],[7.056807,4.809418],[7.05684,4.809334],[7.056944,4.809375]]]}},{"type":"Feature","properties":{"h":3.0,"on_route":false},"geometry":{"type":"Polygon","coordinates":[[[7.060123,4.817264],[7.060041,4.817497],[7.059942,4.817462],[7.060024,4.817229],[7.060123,4.817264]]]}},{"type":"Feature","properties":{"h":3.0,"on_route":false},"geometry":{"type":"Polygon","coordinates":[[[7.058326,4.812697],[7.058186,4.812957],[7.057892,4.812797],[7.058033,4.812537],[7.058326,4.812697]]]}},{"type":"Feature","properties":{"h":3.0,"on_route":false},"geometry":{"type":"Polygon","coordinates":[[[7.058341,4.818155],[7.058327,4.818191],[7.058293,4.818178],[7.058308,4.818142],[7.058341,4.818155]]]}},{"type":"Feature","properties":{"h":3.0,"on_route":false},"geometry":{"type":"Polygon","coordinates":[[[7.05806,4.816012],[7.058026,4.816097],[7.057957,4.81607],[7.057991,4.815984],[7.05806,4.816012]]]}},{"type":"Feature","properties":{"h":3.0,"on_route":false},"geometry":{"type":"Polygon","coordinates":[[[7.059068,4.814688],[7.05907,4.814737],[7.058987,4.814741],[7.058984,4.814692],[7.059068,4.814688]]]}},{"type":"Feature","properties":{"h":3.0,"on_route":false},"geometry":{"type":"Polygon","coordinates":[[[7.059614,4.817097],[7.059546,4.817257],[7.059439,4.817211],[7.059508,4.817051],[7.059614,4.817097]]]}},{"type":"Feature","properties":{"h":3.0,"on_route":false},"geometry":{"type":"Polygon","coordinates":[[[7.057701,4.81686],[7.057683,4.816901],[7.05763,4.816876],[7.057649,4.816836],[7.057701,4.81686]]]}},{"type":"Feature","properties":{"h":3.0,"on_route":false},"geometry":{"type":"Polygon","coordinates":[[[7.059341,4.818138],[7.059314,4.818199],[7.05921,4.818152],[7.059237,4.818091],[7.059341,4.818138]]]}},{"type":"Feature","properties":{"h":3.0,"on_route":false},"geometry":{"type":"Polygon","coordinates":[[[7.056074,4.817472],[7.056023,4.817519],[7.055956,4.817446],[7.056007,4.817398],[7.056074,4.817472]]]}},{"type":"Feature","properties":{"h":3.0,"on_route":false},"geometry":{"type":"Polygon","coordinates":[[[7.058846,4.815149],[7.058795,4.815398],[7.058695,4.815377],[7.058745,4.815128],[7.058846,4.815149]]]}},{"type":"Feature","properties":{"h":3.0,"on_route":false},"geometry":{"type":"Polygon","coordinates":[[[7.061215,4.813826],[7.060972,4.813873],[7.060949,4.813752],[7.061192,4.813705],[7.061215,4.813826]]]}},{"type":"Feature","properties":{"h":3.0,"on_route":false},"geometry":{"type":"Polygon","coordinates":[[[7.057244,4.809537],[7.057197,4.809655],[7.057083,4.809609],[7.05713,4.809491],[7.057244,4.809537]]]}},{"type":"Feature","properties":{"h":3.0,"on_route":false},"geometry":{"type":"Polygon","coordinates":[[[7.059127,4.815883],[7.059133,4.815852],[7.059164,4.815858],[7.059171,4.815818],[7.059241,4.815832],[7.059233,4.815872],[7.059304,4.815885],[7.059278,4.816018],[7.059063,4.815976],[7.05907,4.815941],[7.059049,4.815938],[7.059062,4.81587],[7.059127,4.815883]]]}},{"type":"Feature","properties":{"h":3.0,"on_route":false},"geometry":{"type":"Polygon","coordinates":[[[7.061655,4.813768],[7.061683,4.81391],[7.061628,4.813921],[7.061621,4.813885],[7.061508,4.813908],[7.061486,4.813802],[7.061655,4.813768]]]}},{"type":"Feature","properties":{"h":3.0,"on_route":false},"geometry":{"type":"Polygon","coordinates":[[[7.061254,4.816117],[7.061242,4.816192],[7.061166,4.81618],[7.061178,4.816105],[7.061254,4.816117]]]}},{"type":"Feature","properties":{"h":3.0,"on_route":false},"geometry":{"type":"Polygon","coordinates":[[[7.060142,4.814793],[7.060087,4.814803],[7.060071,4.814716],[7.060126,4.814706],[7.060142,4.814793]]]}},{"type":"Feature","properties":{"h":3.0,"on_route":false},"geometry":{"type":"Polygon","coordinates":[[[7.060357,4.811074],[7.060299,4.811211],[7.060206,4.811172],[7.060253,4.811059],[7.060284,4.811072],[7.060294,4.811048],[7.060357,4.811074]]]}},{"type":"Feature","properties":{"h":3.0,"on_route":false},"geometry":{"type":"Polygon","coordinates":[[[7.059167,4.815311],[7.059153,4.815452],[7.059052,4.815442],[7.059065,4.815301],[7.059167,4.815311]]]}},{"type":"Feature","properties":{"h":3.0,"on_route":false},"geometry":{"type":"Polygon","coordinates":[[[7.05935,4.810975],[7.059312,4.811011],[7.059289,4.810986],[7.059328,4.81095],[7.05935,4.810975]]]}},{"type":"Feature","properties":{"h":3.0,"on_route":false},"geometry":{"type":"Polygon","coordinates":[[[7.06064,4.818121],[7.060361,4.818142],[7.060351,4.818007],[7.06063,4.817986],[7.06064,4.818121]]]}},{"type":"Feature","properties":{"h":3.0,"on_route":false},"geometry":{"type":"Polygon","coordinates":[[[7.057709,4.818221],[7.057648,4.818166],[7.057664,4.818149],[7.057635,4.818122],[7.057732,4.818014],[7.057822,4.818095],[7.057709,4.818221]]]}},{"type":"Feature","properties":{"h":3.0,"on_route":false},"geometry":{"type":"Polygon","coordinates":[[[7.059805,4.81726],[7.059781,4.817317],[7.059854,4.817348],[7.059829,4.817407],[7.059692,4.817348],[7.059741,4.817232],[7.059805,4.81726]]]}},{"type":"Feature","properties":{"h":3.0,"on_route":false},"geometry":{"type":"Polygon","coordinates":[[[7.059894,4.814278],[7.059795,4.814295],[7.059768,4.81414],[7.059867,4.814123],[7.059894,4.814278]]]}},{"type":"Feature","properties":{"h":3.0,"on_route":false},"geometry":{"type":"Polygon","coordinates":[[[7.059526,4.817998],[7.059488,4.818136],[7.059384,4.818108],[7.059421,4.81797],[7.059526,4.817998]]]}},{"type":"Feature","properties":{"h":3.0,"on_route":false},"geometry":{"type":"Polygon","coordinates":[[[7.060006,4.816864],[7.059969,4.816976],[7.059764,4.816909],[7.0598,4.816797],[7.060006,4.816864]]]}},{"type":"Feature","properties":{"h":3.0,"on_route":false},"geometry":{"type":"Polygon","coordinates":[[[7.058317,4.818593],[7.058235,4.818663],[7.058249,4.81868],[7.058102,4.818806],[7.058088,4.818789],[7.05808,4.818796],[7.058048,4.818758],[7.058285,4.818555],[7.058317,4.818593]]]}},{"type":"Feature","properties":{"h":3.0,"on_route":false},"geometry":{"type":"Polygon","coordinates":[[[7.059476,4.814372],[7.059397,4.814387],[7.059403,4.814416],[7.059367,4.814423],[7.059373,4.814459],[7.059276,4.814478],[7.059259,4.814385],[7.059302,4.814376],[7.059286,4.814292],[7.059454,4.814259],[7.059476,4.814372]]]}},{"type":"Feature","properties":{"h":3.0,"on_route":false},"geometry":{"type":"Polygon","coordinates":[[[7.060854,4.811594],[7.06082,4.81169],[7.060642,4.811627],[7.060677,4.81153],[7.060854,4.811594]]]}},{"type":"Feature","properties":{"h":3.0,"on_route":false},"geometry":{"type":"Polygon","coordinates":[[[7.057464,4.816551],[7.057429,4.816607],[7.057361,4.816564],[7.057397,4.816508],[7.057464,4.816551]]]}},{"type":"Feature","properties":{"h":3.0,"on_route":false},"geometry":{"type":"Polygon","coordinates":[[[7.059026,4.817286],[7.058985,4.817266],[7.059023,4.817188],[7.059063,4.817208],[7.059026,4.817286]]]}},{"type":"Feature","properties":{"h":3.0,"on_route":false},"geometry":{"type":"Polygon","coordinates":[[[7.057073,4.817216],[7.057059,4.817263],[7.057001,4.817246],[7.057015,4.817199],[7.057073,4.817216]]]}},{"type":"Feature","properties":{"h":3.0,"on_route":false},"geometry":{"type":"Polygon","coordinates":[[[7.061436,4.813756],[7.061209,4.813799],[7.061164,4.813562],[7.061285,4.813539],[7.061282,4.813521],[7.061389,4.813501],[7.061436,4.813756]]]}},{"type":"Feature","properties":{"h":3.0,"on_route":false},"geometry":{"type":"Polygon","coordinates":[[[7.060106,4.813744],[7.060115,4.813786],[7.060157,4.813777],[7.060202,4.813997],[7.060087,4.81402],[7.060046,4.813824],[7.060074,4.813818],[7.060069,4.813795],[7.060042,4.813801],[7.060033,4.813759],[7.060106,4.813744]]]}},{"type":"Feature","properties":{"h":3.0,"on_route":false},"geometry":{"type":"Polygon","coordinates":[[[7.060595,4.81601],[7.060562,4.816115],[7.060367,4.816053],[7.0604,4.815948],[7.060595,4.81601]]]}},{"type":"Feature","properties":{"h":3.0,"on_route":false},"geometry":{"type":"Polygon","coordinates":[[[7.060478,4.816288],[7.060366,4.816243],[7.060413,4.816127],[7.060464,4.816148],[7.060479,4.81611],[7.060539,4.816135],[7.060478,4.816288]]]}},{"type":"Feature","properties":{"h":3.0,"on_route":false},"geometry":{"type":"Polygon","coordinates":[[[7.058687,4.817155],[7.058659,4.817208],[7.05857,4.817161],[7.058557,4.817185],[7.0585,4.817154],[7.058512,4.81713],[7.058408,4.817075],[7.058436,4.817022],[7.058687,4.817155]]]}},{"type":"Feature","properties":{"h":3.0,"on_route":false},"geometry":{"type":"Polygon","coordinates":[[[7.057713,4.816643],[7.057693,4.816694],[7.057673,4.816687],[7.057629,4.8168],[7.057526,4.81676],[7.057591,4.816595],[7.057713,4.816643]]]}},{"type":"Feature","properties":{"h":3.0,"on_route":false},"geometry":{"type":"Polygon","coordinates":[[[7.05992,4.814471],[7.059931,4.814537],[7.059883,4.814545],[7.059872,4.81448],[7.05992,4.814471]]]}},{"type":"Feature","properties":{"h":3.0,"on_route":false},"geometry":{"type":"Polygon","coordinates":[[[7.060525,4.812684],[7.060419,4.812706],[7.060377,4.812508],[7.060484,4.812485],[7.060525,4.812684]]]}},{"type":"Feature","properties":{"h":3.0,"on_route":false},"geometry":{"type":"Polygon","coordinates":[[[7.058348,4.815798],[7.058271,4.815747],[7.058381,4.815579],[7.058458,4.81563],[7.058348,4.815798]]]}},{"type":"Feature","properties":{"h":3.0,"on_route":false},"geometry":{"type":"Polygon","coordinates":[[[7.059356,4.813892],[7.059275,4.813909],[7.059267,4.81387],[7.059348,4.813853],[7.059356,4.813892]]]}},{"type":"Feature","properties":{"h":3.0,"on_route":false},"geometry":{"type":"Polygon","coordinates":[[[7.058037,4.812936],[7.058125,4.812984],[7.058112,4.813007],[7.058025,4.81296],[7.058037,4.812936]]]}},{"type":"Feature","properties":{"h":3.0,"on_route":false},"geometry":{"type":"Polygon","coordinates":[[[7.059853,4.815093],[7.059768,4.815084],[7.059774,4.815023],[7.059859,4.815031],[7.059853,4.815093]]]}},{"type":"Feature","properties":{"h":3.0,"on_route":false},"geometry":{"type":"Polygon","coordinates":[[[7.058468,4.813671],[7.058423,4.81368],[7.058415,4.813642],[7.05846,4.813632],[7.058468,4.813671]]]}},{"type":"Feature","properties":{"h":3.0,"on_route":false},"geometry":{"type":"Polygon","coordinates":[[[7.059661,4.812668],[7.059716,4.812954],[7.059632,4.81297],[7.059598,4.81279],[7.059501,4.812809],[7.059481,4.812702],[7.059661,4.812668]]]}},{"type":"Feature","properties":{"h":3.0,"on_route":false},"geometry":{"type":"Polygon","coordinates":[[[7.060909,4.814619],[7.060775,4.814646],[7.06072,4.814368],[7.060854,4.814341],[7.060909,4.814619]]]}},{"type":"Feature","properties":{"h":3.0,"on_route":false},"geometry":{"type":"Polygon","coordinates":[[[7.059522,4.817733],[7.059439,4.817918],[7.059358,4.817881],[7.059441,4.817697],[7.059522,4.817733]]]}},{"type":"Feature","properties":{"h":3.0,"on_route":false},"geometry":{"type":"Polygon","coordinates":[[[7.058812,4.810953],[7.058801,4.810976],[7.05877,4.81096],[7.05878,4.810938],[7.058812,4.810953]]]}},{"type":"Feature","properties":{"h":3.0,"on_route":false},"geometry":{"type":"Polygon","coordinates":[[[7.060139,4.814487],[7.060089,4.814495],[7.06008,4.814444],[7.06013,4.814436],[7.060139,4.814487]]]}},{"type":"Feature","properties":{"h":3.0,"on_route":false},"geometry":{"type":"Polygon","coordinates":[[[7.05916,4.811256],[7.05919,4.811308],[7.059167,4.811322],[7.059137,4.811269],[7.05916,4.811256]]]}},{"type":"Feature","properties":{"h":3.0,"on_route":false},"geometry":{"type":"Polygon","coordinates":[[[7.059911,4.81379],[7.059847,4.813803],[7.059836,4.81375],[7.059901,4.813738],[7.059911,4.81379]]]}},{"type":"Feature","properties":{"h":3.0,"on_route":false},"geometry":{"type":"Polygon","coordinates":[[[7.060746,4.810562],[7.060753,4.810664],[7.060709,4.810667],[7.060702,4.810565],[7.060746,4.810562]]]}},{"type":"Feature","properties":{"h":3.0,"on_route":false},"geometry":{"type":"Polygon","coordinates":[[[7.05491,4.815675],[7.054724,4.815692],[7.054698,4.815408],[7.054885,4.815391],[7.05491,4.815675]]]}},{"type":"Feature","properties":{"h":3.0,"on_route":false},"geometry":{"type":"Polygon","coordinates":[[[7.057193,4.818344],[7.05715,4.818406],[7.057037,4.818327],[7.05708,4.818265],[7.057193,4.818344]]]}},{"type":"Feature","properties":{"h":3.0,"on_route":false},"geometry":{"type":"Polygon","coordinates":[[[7.0556,4.812322],[7.055566,4.812423],[7.055229,4.812309],[7.055263,4.812208],[7.0556,4.812322]]]}},{"type":"Feature","properties":{"h":3.0,"on_route":false},"geometry":{"type":"Polygon","coordinates":[[[7.061057,4.814589],[7.06091,4.814618],[7.060883,4.814483],[7.06103,4.814453],[7.061057,4.814589]]]}},{"type":"Feature","properties":{"h":3.0,"on_route":false},"geometry":{"type":"Polygon","coordinates":[[[7.05629,4.81769],[7.056259,4.817718],[7.056243,4.817701],[7.056174,4.817766],[7.056111,4.817698],[7.056212,4.817605],[7.05629,4.81769]]]}},{"type":"Feature","properties":{"h":3.0,"on_route":false},"geometry":{"type":"Polygon","coordinates":[[[7.058957,4.814337],[7.058755,4.814369],[7.058736,4.814248],[7.058938,4.814216],[7.058957,4.814337]]]}},{"type":"Feature","properties":{"h":3.0,"on_route":false},"geometry":{"type":"Polygon","coordinates":[[[7.057682,4.817404],[7.057674,4.817438],[7.057637,4.81743],[7.057645,4.817396],[7.057682,4.817404]]]}},{"type":"Feature","properties":{"h":3.0,"on_route":false},"geometry":{"type":"Polygon","coordinates":[[[7.060408,4.815678],[7.060386,4.815819],[7.060278,4.815801],[7.0603,4.815661],[7.060408,4.815678]]]}},{"type":"Feature","properties":{"h":3.0,"on_route":false},"geometry":{"type":"Polygon","coordinates":[[[7.060879,4.810511],[7.060876,4.81066],[7.060773,4.810658],[7.060775,4.810509],[7.060879,4.810511]]]}},{"type":"Feature","properties":{"h":3.0,"on_route":false},"geometry":{"type":"Polygon","coordinates":[[[7.059957,4.818308],[7.059942,4.818375],[7.059688,4.818318],[7.059703,4.818252],[7.059957,4.818308]]]}},{"type":"Feature","properties":{"h":3.0,"on_route":false},"geometry":{"type":"Polygon","coordinates":[[[7.0618,4.813773],[7.061661,4.813801],[7.061647,4.813727],[7.061785,4.813699],[7.0618,4.813773]]]}},{"type":"Feature","properties":{"h":3.0,"on_route":false},"geometry":{"type":"Polygon","coordinates":[[[7.058436,4.816086],[7.058427,4.816108],[7.058404,4.816098],[7.058369,4.816181],[7.058225,4.816121],[7.058268,4.816016],[7.058436,4.816086]]]}},{"type":"Feature","properties":{"h":3.0,"on_route":false},"geometry":{"type":"Polygon","coordinates":[[[7.061249,4.816923],[7.060998,4.81695],[7.060989,4.816863],[7.061014,4.816861],[7.06101,4.816824],[7.061206,4.816803],[7.061214,4.816879],[7.061244,4.816876],[7.061249,4.816923]]]}},{"type":"Feature","properties":{"h":3.0,"on_route":false},"geometry":{"type":"Polygon","coordinates":[[[7.060141,4.813697],[7.060152,4.81375],[7.06011,4.813759],[7.060099,4.813706],[7.060141,4.813697]]]}},{"type":"Feature","properties":{"h":3.0,"on_route":false},"geometry":{"type":"Polygon","coordinates":[[[7.060222,4.811757],[7.06022,4.811783],[7.060255,4.811785],[7.060245,4.811914],[7.060162,4.811908],[7.060174,4.811753],[7.060222,4.811757]]]}},{"type":"Feature","properties":{"h":3.0,"on_route":false},"geometry":{"type":"Polygon","coordinates":[[[7.058645,4.817887],[7.058608,4.817939],[7.058508,4.817867],[7.058545,4.817815],[7.058645,4.817887]]]}},{"type":"Feature","properties":{"h":3.0,"on_route":false},"geometry":{"type":"Polygon","coordinates":[[[7.056619,4.818045],[7.056557,4.818113],[7.056479,4.818041],[7.056409,4.818119],[7.056323,4.81804],[7.056456,4.817895],[7.056619,4.818045]]]}},{"type":"Feature","properties":{"h":3.0,"on_route":false},"geometry":{"type":"Polygon","coordinates":[[[7.06036,4.812792],[7.060252,4.812813],[7.060203,4.812555],[7.060311,4.812534],[7.06036,4.812792]]]}},{"type":"Feature","properties":{"h":3.0,"on_route":false},"geometry":{"type":"Polygon","coordinates":[[[7.060196,4.811473],[7.060173,4.811538],[7.060427,4.811626],[7.060394,4.811721],[7.06003,4.811595],[7.060085,4.811434],[7.060196,4.811473]]]}},{"type":"Feature","properties":{"h":3.0,"on_route":false},"geometry":{"type":"Polygon","coordinates":[[[7.059102,4.81204],[7.059101,4.812065],[7.059039,4.812063],[7.05904,4.812038],[7.059102,4.81204]]]}},{"type":"Feature","properties":{"h":3.0,"on_route":false},"geometry":{"type":"Polygon","coordinates":[[[7.057078,4.816894],[7.057031,4.816975],[7.056993,4.816953],[7.057018,4.816908],[7.056996,4.816895],[7.057017,4.816859],[7.057078,4.816894]]]}},{"type":"Feature","properties":{"h":3.0,"on_route":false},"geometry":{"type":"Polygon","coordinates":[[[7.058092,4.817077],[7.05806,4.817132],[7.057982,4.817086],[7.058013,4.817032],[7.058092,4.817077]]]}},{"type":"Feature","properties":{"h":3.0,"on_route":false},"geometry":{"type":"Polygon","coordinates":[[[7.061431,4.811397],[7.061404,4.811508],[7.061356,4.811496],[7.061383,4.811385],[7.061431,4.811397]]]}},{"type":"Feature","properties":{"h":3.0,"on_route":false},"geometry":{"type":"Polygon","coordinates":[[[7.060275,4.814321],[7.060095,4.814353],[7.060085,4.814296],[7.060214,4.814273],[7.060206,4.814229],[7.060258,4.81422],[7.060275,4.814321]]]}},{"type":"Feature","properties":{"h":3.0,"on_route":false},"geometry":{"type":"Polygon","coordinates":[[[7.059287,4.816722],[7.059271,4.816768],[7.059212,4.816747],[7.059228,4.816701],[7.059287,4.816722]]]}},{"type":"Feature","properties":{"h":3.0,"on_route":false},"geometry":{"type":"Polygon","coordinates":[[[7.059084,4.81452],[7.059088,4.814549],[7.059048,4.814554],[7.059045,4.814525],[7.059084,4.81452]]]}},{"type":"Feature","properties":{"h":3.0,"on_route":false},"geometry":{"type":"Polygon","coordinates":[[[7.060748,4.816943],[7.060744,4.817004],[7.060709,4.817002],[7.060713,4.816941],[7.060748,4.816943]]]}},{"type":"Feature","properties":{"h":3.0,"on_route":false},"geometry":{"type":"Polygon","coordinates":[[[7.058481,4.817114],[7.058407,4.817254],[7.058334,4.817215],[7.058408,4.817075],[7.058481,4.817114]]]}},{"type":"Feature","properties":{"h":3.0,"on_route":false},"geometry":{"type":"Polygon","coordinates":[[[7.060748,4.814929],[7.060641,4.81495],[7.060607,4.814767],[7.060713,4.814747],[7.060748,4.814929]]]}},{"type":"Feature","properties":{"h":3.0,"on_route":false},"geometry":{"type":"Polygon","coordinates":[[[7.061696,4.816624],[7.061701,4.816729],[7.061422,4.816744],[7.061416,4.816639],[7.061696,4.816624]]]}},{"type":"Feature","properties":{"h":3.0,"on_route":false},"geometry":{"type":"Polygon","coordinates":[[[7.05892,4.815381],[7.058915,4.815439],[7.058815,4.815429],[7.058821,4.815371],[7.05892,4.815381]]]}},{"type":"Feature","properties":{"h":3.0,"on_route":false},"geometry":{"type":"Polygon","coordinates":[[[7.060081,4.811946],[7.060085,4.811997],[7.060032,4.812001],[7.060028,4.81195],[7.060081,4.811946]]]}},{"type":"Feature","properties":{"h":3.0,"on_route":false},"geometry":{"type":"Polygon","coordinates":[[[7.058677,4.814784],[7.058671,4.8149],[7.058607,4.814896],[7.058614,4.81478],[7.058677,4.814784]]]}},{"type":"Feature","properties":{"h":3.0,"on_route":false},"geometry":{"type":"Polygon","coordinates":[[[7.055306,4.816134],[7.055187,4.816144],[7.055158,4.815833],[7.055278,4.815822],[7.055306,4.816134]]]}},{"type":"Feature","properties":{"h":3.0,"on_route":false},"geometry":{"type":"Polygon","coordinates":[[[7.060992,4.816128],[7.060978,4.816251],[7.060871,4.816239],[7.060885,4.816116],[7.060992,4.816128]]]}},{"type":"Feature","properties":{"h":3.0,"on_route":false},"geometry":{"type":"Polygon","coordinates":[[[7.061055,4.815719],[7.060612,4.815607],[7.060635,4.815514],[7.060891,4.815579],[7.06093,4.815421],[7.061118,4.815468],[7.061055,4.815719]]]}},{"type":"Feature","properties":{"h":3.0,"on_route":false},"geometry":{"type":"Polygon","coordinates":[[[7.055653,4.812227],[7.055619,4.812328],[7.055279,4.812214],[7.055313,4.812112],[7.055653,4.812227]]]}},{"type":"Feature","properties":{"h":3.0,"on_route":false},"geometry":{"type":"Polygon","coordinates":[[[7.059872,4.812679],[7.059922,4.812943],[7.059875,4.812952],[7.059825,4.812688],[7.059872,4.812679]]]}},{"type":"Feature","properties":{"h":3.0,"on_route":false},"geometry":{"type":"Polygon","coordinates":[[[7.059065,4.812377],[7.059079,4.812527],[7.059107,4.812524],[7.059117,4.812622],[7.059089,4.812625],[7.059098,4.812719],[7.059041,4.812724],[7.059036,4.812674],[7.058912,4.812686],[7.058899,4.812545],[7.058947,4.81254],[7.058932,4.81239],[7.059065,4.812377]]]}},{"type":"Feature","properties":{"h":3.0,"on_route":false},"geometry":{"type":"Polygon","coordinates":[[[7.059954,4.814788],[7.059948,4.814851],[7.059898,4.814845],[7.059904,4.814783],[7.059954,4.814788]]]}},{"type":"Feature","properties":{"h":3.0,"on_route":false},"geometry":{"type":"Polygon","coordinates":[[[7.059334,4.811975],[7.059338,4.812103],[7.059356,4.812103],[7.059357,4.812138],[7.059264,4.812142],[7.059258,4.811978],[7.059334,4.811975]]]}},{"type":"Feature","properties":{"h":3.0,"on_route":false},"geometry":{"type":"Polygon","coordinates":[[[7.056275,4.817877],[7.056179,4.817965],[7.056051,4.817823],[7.056147,4.817735],[7.056275,4.817877]]]}},{"type":"Feature","properties":{"h":3.0,"on_route":false},"geometry":{"type":"Polygon","coordinates":[[[7.059697,4.816514],[7.059631,4.816722],[7.059525,4.816688],[7.059591,4.81648],[7.059697,4.816514]]]}},{"type":"Feature","properties":{"h":3.0,"on_route":false},"geometry":{"type":"Polygon","coordinates":[[[7.057349,4.814862],[7.056964,4.814942],[7.056944,4.814841],[7.057328,4.814761],[7.057349,4.814862]]]}},{"type":"Feature","properties":{"h":3.0,"on_route":false},"geometry":{"type":"Polygon","coordinates":[[[7.061236,4.814999],[7.061203,4.815003],[7.061198,4.814969],[7.061232,4.814965],[7.061236,4.814999]]]}},{"type":"Feature","properties":{"h":3.0,"on_route":false},"geometry":{"type":"Polygon","coordinates":[[[7.061399,4.816256],[7.061383,4.816363],[7.061144,4.816327],[7.06116,4.816219],[7.061399,4.816256]]]}},{"type":"Feature","properties":{"h":3.0,"on_route":false},"geometry":{"type":"Polygon","coordinates":[[[7.058614,4.81723],[7.058527,4.817398],[7.058429,4.817347],[7.058516,4.817179],[7.058614,4.81723]]]}},{"type":"Feature","properties":{"h":3.0,"on_route":false},"geometry":{"type":"Polygon","coordinates":[[[7.057679,4.818482],[7.057644,4.81852],[7.057704,4.818576],[7.05764,4.818645],[7.057625,4.818631],[7.057611,4.818646],[7.057566,4.818604],[7.057541,4.818631],[7.057473,4.818568],[7.057479,4.818561],[7.057465,4.818548],[7.057597,4.818405],[7.057679,4.818482]]]}},{"type":"Feature","properties":{"h":3.0,"on_route":false},"geometry":{"type":"Polygon","coordinates":[[[7.060931,4.812516],[7.060728,4.812554],[7.060707,4.81244],[7.06091,4.812402],[7.060931,4.812516]]]}},{"type":"Feature","properties":{"h":3.0,"on_route":false},"geometry":{"type":"Polygon","coordinates":[[[7.060743,4.812766],[7.060575,4.812802],[7.060554,4.812703],[7.06067,4.812678],[7.060623,4.812456],[7.060675,4.812445],[7.060743,4.812766]]]}},{"type":"Feature","properties":{"h":3.0,"on_route":false},"geometry":{"type":"Polygon","coordinates":[[[7.061613,4.814602],[7.061379,4.814649],[7.061358,4.814542],[7.061592,4.814495],[7.061613,4.814602]]]}},{"type":"Feature","properties":{"h":3.0,"on_route":false},"geometry":{"type":"Polygon","coordinates":[[[7.061814,4.814599],[7.061653,4.814631],[7.061625,4.814489],[7.061786,4.814457],[7.061814,4.814599]]]}},{"type":"Feature","properties":{"h":3.0,"on_route":false},"geometry":{"type":"Polygon","coordinates":[[[7.060161,4.814587],[7.060106,4.814597],[7.060094,4.814528],[7.060148,4.814518],[7.060161,4.814587]]]}},{"type":"Feature","properties":{"h":3.0,"on_route":false},"geometry":{"type":"Polygon","coordinates":[[[7.057443,4.816616],[7.057411,4.816666],[7.057329,4.816614],[7.057361,4.816564],[7.057443,4.816616]]]}},{"type":"Feature","properties":{"h":3.0,"on_route":false},"geometry":{"type":"Polygon","coordinates":[[[7.05654,4.817233],[7.056447,4.817368],[7.056398,4.817334],[7.056491,4.817199],[7.05654,4.817233]]]}},{"type":"Feature","properties":{"h":3.0,"on_route":false},"geometry":{"type":"Polygon","coordinates":[[[7.060825,4.813147],[7.060654,4.813177],[7.060607,4.812909],[7.060724,4.812889],[7.060715,4.812841],[7.06077,4.812832],[7.060825,4.813147]]]}},{"type":"Feature","properties":{"h":3.0,"on_route":false},"geometry":{"type":"Polygon","coordinates":[[[7.059692,4.814128],[7.059609,4.814146],[7.059539,4.813815],[7.059623,4.813797],[7.059692,4.814128]]]}},{"type":"Feature","properties":{"h":3.0,"on_route":false},"geometry":{"type":"Polygon","coordinates":[[[7.061312,4.81668],[7.061289,4.816773],[7.061074,4.816719],[7.061097,4.816626],[7.061312,4.81668]]]}},{"type":"Feature","properties":{"h":3.0,"on_route":false},"geometry":{"type":"Polygon","coordinates":[[[7.060014,4.815673],[7.059998,4.81575],[7.059905,4.815731],[7.05992,4.815654],[7.060014,4.815673]]]}},{"type":"Feature","properties":{"h":3.0,"on_route":false},"geometry":{"type":"Polygon","coordinates":[[[7.060304,4.812095],[7.060151,4.812123],[7.06012,4.811954],[7.060273,4.811926],[7.060304,4.812095]]]}},{"type":"Feature","properties":{"h":3.0,"on_route":false},"geometry":{"type":"Polygon","coordinates":[[[7.059262,4.817515],[7.059232,4.817586],[7.059116,4.817536],[7.059146,4.817465],[7.059262,4.817515]]]}},{"type":"Feature","properties":{"h":3.0,"on_route":false},"geometry":{"type":"Polygon","coordinates":[[[7.057081,4.81708],[7.057043,4.817157],[7.056957,4.817115],[7.056995,4.817037],[7.057081,4.81708]]]}},{"type":"Feature","properties":{"h":3.0,"on_route":false},"geometry":{"type":"Polygon","coordinates":[[[7.059928,4.815038],[7.05992,4.815102],[7.059852,4.815093],[7.05986,4.815029],[7.059928,4.815038]]]}},{"type":"Feature","properties":{"h":3.0,"on_route":false},"geometry":{"type":"Polygon","coordinates":[[[7.059451,4.811808],[7.059447,4.811879],[7.059367,4.811874],[7.059366,4.811896],[7.059346,4.811895],[7.059349,4.811852],[7.059296,4.811849],[7.059299,4.811799],[7.059451,4.811808]]]}},{"type":"Feature","properties":{"h":3.0,"on_route":false},"geometry":{"type":"Polygon","coordinates":[[[7.059602,4.812246],[7.059468,4.812251],[7.059465,4.812179],[7.059501,4.812178],[7.059499,4.81212],[7.059597,4.812117],[7.059602,4.812246]]]}},{"type":"Feature","properties":{"h":3.0,"on_route":false},"geometry":{"type":"Polygon","coordinates":[[[7.060334,4.816038],[7.060319,4.81609],[7.060373,4.816105],[7.060339,4.816229],[7.060285,4.816214],[7.060276,4.816248],[7.060101,4.8162],[7.060158,4.815989],[7.060334,4.816038]]]}},{"type":"Feature","properties":{"h":3.0,"on_route":false},"geometry":{"type":"Polygon","coordinates":[[[7.06176,4.813424],[7.061777,4.81351],[7.061734,4.813518],[7.061717,4.813432],[7.06176,4.813424]]]}},{"type":"Feature","properties":{"h":3.0,"on_route":false},"geometry":{"type":"Polygon","coordinates":[[[7.061409,4.814532],[7.061304,4.814552],[7.061293,4.814496],[7.061398,4.814476],[7.061409,4.814532]]]}},{"type":"Feature","properties":{"h":3.0,"on_route":false},"geometry":{"type":"Polygon","coordinates":[[[7.059337,4.810437],[7.059262,4.810481],[7.059109,4.81021],[7.059185,4.810167],[7.059337,4.810437]]]}},{"type":"Feature","properties":{"h":3.0,"on_route":false},"geometry":{"type":"Polygon","coordinates":[[[7.059663,4.810215],[7.059616,4.810255],[7.059593,4.810226],[7.05964,4.810187],[7.059663,4.810215]]]}},{"type":"Feature","properties":{"h":3.0,"on_route":false},"geometry":{"type":"Polygon","coordinates":[[[7.058474,4.814019],[7.058493,4.814061],[7.058464,4.814074],[7.058529,4.814216],[7.058473,4.814242],[7.058389,4.814058],[7.058474,4.814019]]]}},{"type":"Feature","properties":{"h":3.0,"on_route":false},"geometry":{"type":"Polygon","coordinates":[[[7.058303,4.817241],[7.058289,4.817269],[7.058239,4.817243],[7.058253,4.817215],[7.058303,4.817241]]]}},{"type":"Feature","properties":{"h":3.0,"on_route":false},"geometry":{"type":"Polygon","coordinates":[[[7.060078,4.817116],[7.06006,4.817169],[7.059917,4.81712],[7.059935,4.817067],[7.060078,4.817116]]]}},{"type":"Feature","properties":{"h":3.0,"on_route":false},"geometry":{"type":"Polygon","coordinates":[[[7.062383,4.815205],[7.062032,4.815271],[7.062012,4.815167],[7.062364,4.815102],[7.062383,4.815205]]]}},{"type":"Feature","properties":{"h":3.0,"on_route":false},"geometry":{"type":"Polygon","coordinates":[[[7.059064,4.818404],[7.059018,4.818475],[7.058874,4.818381],[7.05892,4.818311],[7.059064,4.818404]]]}},{"type":"Feature","properties":{"h":3.0,"on_route":false},"geometry":{"type":"Polygon","coordinates":[[[7.060377,4.812508],[7.060245,4.812536],[7.060181,4.812233],[7.060313,4.812205],[7.060377,4.812508]]]}},{"type":"Feature","properties":{"h":3.0,"on_route":false},"geometry":{"type":"Polygon","coordinates":[[[7.060417,4.816811],[7.060368,4.81696],[7.060227,4.816913],[7.060276,4.816764],[7.060417,4.816811]]]}},{"type":"Feature","properties":{"h":3.0,"on_route":false},"geometry":{"type":"Polygon","coordinates":[[[7.059219,4.811263],[7.059185,4.811288],[7.059125,4.811205],[7.059159,4.81118],[7.059219,4.811263]]]}},{"type":"Feature","properties":{"h":3.0,"on_route":false},"geometry":{"type":"Polygon","coordinates":[[[7.057269,4.816749],[7.057231,4.816819],[7.057159,4.816779],[7.057182,4.816737],[7.057208,4.816751],[7.057223,4.816723],[7.057269,4.816749]]]}},{"type":"Feature","properties":{"h":3.0,"on_route":false},"geometry":{"type":"Polygon","coordinates":[[[7.061047,4.810702],[7.061037,4.810835],[7.060885,4.810823],[7.060896,4.81069],[7.061047,4.810702]]]}},{"type":"Feature","properties":{"h":3.0,"on_route":false},"geometry":{"type":"Polygon","coordinates":[[[7.059656,4.817306],[7.059593,4.817456],[7.059477,4.817407],[7.05954,4.817257],[7.059656,4.817306]]]}},{"type":"Feature","properties":{"h":3.0,"on_route":false},"geometry":{"type":"Polygon","coordinates":[[[7.060043,4.814558],[7.059939,4.814577],[7.059921,4.814477],[7.060025,4.814458],[7.060043,4.814558]]]}},{"type":"Feature","properties":{"h":3.0,"on_route":false},"geometry":{"type":"Polygon","coordinates":[[[7.060181,4.811656],[7.060172,4.811779],[7.060055,4.81177],[7.060064,4.811647],[7.060181,4.811656]]]}}]}