{"type":"FeatureCollection","features":[{"type":"Feature","properties":{"h":3.0,"on_route":false},"geometry":{"type":"Polygon","coordinates":[[[7.041025,4.820701],[7.041041,4.820632],[7.04113,4.820652],[7.041122,4.820683],[7.041249,4.820712],[7.041228,4.820804],[7.041057,4.820765],[7.041049,4.820801],[7.040971,4.820783],[7.040992,4.820693],[7.041025,4.820701]]]}},{"type":"Feature","properties":{"h":3.0,"on_route":false},"geometry":{"type":"Polygon","coordinates":[[[7.048276,4.815698],[7.048224,4.815752],[7.048147,4.815678],[7.048199,4.815624],[7.048276,4.815698]]]}},{"type":"Feature","properties":{"h":3.0,"on_route":false},"geometry":{"type":"Polygon","coordinates":[[[7.046292,4.813821],[7.046261,4.813818],[7.046273,4.8137],[7.046304,4.813703],[7.046292,4.813821]]]}},{"type":"Feature","properties":{"h":3.0,"on_route":true},"geometry":{"type":"Polygon","coordinates":[[[7.045508,4.817502],[7.045482,4.817491],[7.045501,4.817445],[7.045527,4.817456],[7.045508,4.817502]]]}},{"type":"Feature","properties":{"h":3.0,"on_route":false},"geometry":{"type":"Polygon","coordinates":[[[7.041782,4.814723],[7.041693,4.814844],[7.041596,4.814771],[7.041685,4.81465],[7.041782,4.814723]]]}},{"type":"Feature","properties":{"h":3.0,"on_route":false},"geometry":{"type":"Polygon","coordinates":[[[7.045979,4.816286],[7.045712,4.816401],[7.045676,4.81632],[7.045944,4.816204],[7.045979,4.816286]]]}},{"type":"Feature","properties":{"h":3.0,"on_route":false},"geometry":{"type":"Polygon","coordinates":[[[7.044199,4.818255],[7.044009,4.818158],[7.044389,4.817406],[7.044579,4.817502],[7.044199,4.818255]]]}},{"type":"Feature","properties":{"h":3.0,"on_route":false},"geometry":{"type":"Polygon","coordinates":[[[7.042681,4.814277],[7.042659,4.814305],[7.042657,4.814302],[7.042613,4.81436],[7.042645,4.814385],[7.04243,4.814671],[7.042392,4.814642],[7.04239,4.814645],[7.042269,4.814553],[7.042271,4.814551],[7.04223,4.81452],[7.042228,4.814522],[7.042211,4.814509],[7.042157,4.814581],[7.042133,4.814563],[7.042044,4.814681],[7.04134,4.814144],[7.041541,4.813878],[7.041538,4.813876],[7.0417,4.813661],[7.041769,4.813565],[7.041937,4.813686],[7.041931,4.813695],[7.042685,4.814265],[7.042678,4.814274],[7.042681,4.814277]]]}},{"type":"Feature","properties":{"h":3.0,"on_route":false},"geometry":{"type":"Polygon","coordinates":[[[7.040466,4.817898],[7.040461,4.817933],[7.040437,4.817929],[7.040443,4.817894],[7.040466,4.817898]]]}},{"type":"Feature","properties":{"h":3.0,"on_route":true},"geometry":{"type":"Polygon","coordinates":[[[7.045088,4.817447],[7.045014,4.817542],[7.044883,4.817438],[7.044901,4.817414],[7.044864,4.817384],[7.04492,4.817314],[7.045088,4.817447]]]}},{"type":"Feature","properties":{"h":3.0,"on_route":false},"geometry":{"type":"Polygon","coordinates":[[[7.043168,4.816101],[7.043135,4.816163],[7.043074,4.81613],[7.043106,4.816068],[7.043168,4.816101]]]}},{"type":"Feature","properties":{"h":3.0,"on_route":false},"geometry":{"type":"Polygon","coordinates":[[[7.042598,4.818221],[7.042501,4.818198],[7.042527,4.818086],[7.042581,4.818099],[7.042598,4.818024],[7.042641,4.818034],[7.042598,4.818221]]]}},{"type":"Feature","properties":{"h":3.0,"on_route":false},"geometry":{"type":"Polygon","coordinates":[[[7.044315,4.814059],[7.044295,4.814088],[7.044231,4.814042],[7.044252,4.814013],[7.044315,4.814059]]]}},{"type":"Feature","properties":{"h":3.0,"on_route":false},"geometry":{"type":"Polygon","coordinates":[[[7.041449,4.817847],[7.041439,4.817872],[7.04139,4.817852],[7.0414,4.817827],[7.041449,4.817847]]]}},{"type":"Feature","properties":{"h":3.0,"on_route":false},"geometry":{"type":"Polygon","coordinates":[[[7.044452,4.81629],[7.044426,4.816342],[7.044386,4.816323],[7.044412,4.81627],[7.044452,4.81629]]]}},{"type":"Feature","properties":{"h":3.0,"on_route":false},"geometry":{"type":"Polygon","coordinates":[[[7.044101,4.815329],[7.044634,4.815628],[7.044437,4.81598],[7.043904,4.815681],[7.044101,4.815329]]]}},{"type":"Feature","properties":{"h":3.0,"on_route":false},"geometry":{"type":"Polygon","coordinates":[[[7.044778,4.815823],[7.044651,4.815998],[7.044538,4.815916],[7.044665,4.815741],[7.044778,4.815823]]]}},{"type":"Feature","properties":{"h":3.0,"on_route":false},"geometry":{"type":"Polygon","coordinates":[[[7.046832,4.816804],[7.04654,4.817007],[7.046487,4.81693],[7.046779,4.816728],[7.046832,4.816804]]]}},{"type":"Feature","properties":{"h":3.0,"on_route":false},"geometry":{"type":"Polygon","coordinates":[[[7.04284,4.819543],[7.042827,4.819585],[7.042783,4.819572],[7.042795,4.81953],[7.04284,4.819543]]]}},{"type":"Feature","properties":{"h":3.0,"on_route":false},"geometry":{"type":"Polygon","coordinates":[[[7.046084,4.820008],[7.046094,4.82007],[7.046075,4.820073],[7.046065,4.820011],[7.046084,4.820008]]]}},{"type":"Feature","properties":{"h":3.0,"on_route":false},"geometry":{"type":"Polygon","coordinates":[[[7.045735,4.819139],[7.045663,4.819444],[7.045577,4.819423],[7.04565,4.819118],[7.045735,4.819139]]]}},{"type":"Feature","properties":{"h":3.0,"on_route":false},"geometry":{"type":"Polygon","coordinates":[[[7.045783,4.819854],[7.045519,4.819956],[7.045489,4.81988],[7.045754,4.819778],[7.045783,4.819854]]]}},{"type":"Feature","properties":{"h":3.0,"on_route":false},"geometry":{"type":"Polygon","coordinates":[[[7.043811,4.815738],[7.043991,4.815848],[7.044143,4.815849],[7.044143,4.81594],[7.04414,4.81594],[7.044428,4.816116],[7.044391,4.816177],[7.044382,4.816194],[7.044387,4.816197],[7.044339,4.816286],[7.044333,4.816282],[7.044331,4.816285],[7.044326,4.816282],[7.044323,4.816287],[7.04419,4.816205],[7.044115,4.816165],[7.044117,4.816161],[7.043748,4.815934],[7.043768,4.815901],[7.043756,4.815894],[7.043732,4.815935],[7.043722,4.815929],[7.043768,4.815851],[7.043749,4.815838],[7.043811,4.815738]]]}},{"type":"Feature","properties":{"h":3.0,"on_route":false},"geometry":{"type":"Polygon","coordinates":[[[7.04238,4.818497],[7.042332,4.818601],[7.042296,4.818585],[7.042343,4.81848],[7.04238,4.818497]]]}},{"type":"Feature","properties":{"h":3.0,"on_route":false},"geometry":{"type":"Polygon","coordinates":[[[7.043649,4.818033],[7.043631,4.818075],[7.043596,4.818059],[7.043615,4.818017],[7.043649,4.818033]]]}},{"type":"Feature","properties":{"h":3.0,"on_route":false},"geometry":{"type":"Polygon","coordinates":[[[7.04575,4.816385],[7.045787,4.816473],[7.045729,4.816498],[7.045692,4.81641],[7.04575,4.816385]]]}},{"type":"Feature","properties":{"h":3.0,"on_route":false},"geometry":{"type":"Polygon","coordinates":[[[7.041321,4.820781],[7.041298,4.82088],[7.041217,4.820861],[7.04124,4.820762],[7.041321,4.820781]]]}},{"type":"Feature","properties":{"h":3.0,"on_route":false},"geometry":{"type":"Polygon","coordinates":[[[7.044976,4.818573],[7.044974,4.818577],[7.045095,4.818637],[7.045016,4.818796],[7.04487,4.818723],[7.04495,4.81856],[7.044976,4.818573]]]}},{"type":"Feature","properties":{"h":3.0,"on_route":false},"geometry":{"type":"Polygon","coordinates":[[[7.045745,4.816591],[7.045728,4.816558],[7.045807,4.816515],[7.045824,4.816549],[7.045745,4.816591]]]}},{"type":"Feature","properties":{"h":3.0,"on_route":false},"geometry":{"type":"Polygon","coordinates":[[[7.04571,4.818935],[7.045728,4.81903],[7.045682,4.819039],[7.045665,4.818943],[7.04571,4.818935]]]}},{"type":"Feature","properties":{"h":3.0,"on_route":false},"geometry":{"type":"Polygon","coordinates":[[[7.042408,4.81516],[7.042371,4.815214],[7.042293,4.81516],[7.042331,4.815106],[7.042408,4.81516]]]}},{"type":"Feature","properties":{"h":3.0,"on_route":false},"geometry":{"type":"Polygon","coordinates":[[[7.046369,4.816816],[7.046332,4.816838],[7.046295,4.816777],[7.046332,4.816754],[7.046369,4.816816]]]}},{"type":"Feature","properties":{"h":3.0,"on_route":false},"geometry":{"type":"Polygon","coordinates":[[[7.044691,4.819276],[7.044683,4.819318],[7.044569,4.819294],[7.044578,4.819253],[7.044691,4.819276]]]}},{"type":"Feature","properties":{"h":3.0,"on_route":false},"geometry":{"type":"Polygon","coordinates":[[[7.043224,4.819222],[7.043093,4.819518],[7.043061,4.819504],[7.043192,4.819207],[7.043224,4.819222]]]}},{"type":"Feature","properties":{"h":3.0,"on_route":false},"geometry":{"type":"Polygon","coordinates":[[[7.042431,4.818477],[7.042415,4.818508],[7.04235,4.818475],[7.042366,4.818445],[7.042431,4.818477]]]}},{"type":"Feature","properties":{"h":3.0,"on_route":false},"geometry":{"type":"Polygon","coordinates":[[[7.047419,4.815761],[7.047395,4.815741],[7.047462,4.815665],[7.047485,4.815686],[7.047419,4.815761]]]}},{"type":"Feature","properties":{"h":3.0,"on_route":false},"geometry":{"type":"Polygon","coordinates":[[[7.04861,4.817971],[7.048591,4.817992],[7.048513,4.81792],[7.048533,4.817899],[7.04861,4.817971]]]}},{"type":"Feature","properties":{"h":3.0,"on_route":false},"geometry":{"type":"Polygon","coordinates":[[[7.044236,4.816807],[7.044225,4.816831],[7.044125,4.81678],[7.044136,4.816757],[7.044236,4.816807]]]}},{"type":"Feature","properties":{"h":3.0,"on_route":false},"geometry":{"type":"Polygon","coordinates":[[[7.042605,4.815868],[7.04258,4.815908],[7.042612,4.815928],[7.042532,4.816057],[7.042427,4.815991],[7.042434,4.815981],[7.042416,4.815969],[7.042467,4.815886],[7.042486,4.815897],[7.042518,4.815844],[7.0425,4.815833],[7.042514,4.815811],[7.042605,4.815868]]]}},{"type":"Feature","properties":{"h":3.0,"on_route":false},"geometry":{"type":"Polygon","coordinates":[[[7.044657,4.815415],[7.044586,4.815498],[7.044576,4.815489],[7.044563,4.815505],[7.044233,4.815219],[7.044318,4.815121],[7.044657,4.815415]]]}},{"type":"Feature","properties":{"h":3.0,"on_route":false},"geometry":{"type":"Polygon","coordinates":[[[7.042521,4.819264],[7.042492,4.819336],[7.04243,4.819311],[7.042459,4.819239],[7.042521,4.819264]]]}},{"type":"Feature","properties":{"h":3.0,"on_route":false},"geometry":{"type":"Polygon","coordinates":[[[7.043215,4.819086],[7.043119,4.819047],[7.043247,4.818729],[7.043343,4.818767],[7.043215,4.819086]]]}},{"type":"Feature","properties":{"h":3.0,"on_route":false},"geometry":{"type":"Polygon","coordinates":[[[7.04183,4.815592],[7.041742,4.815728],[7.041625,4.815652],[7.041713,4.815516],[7.04183,4.815592]]]}},{"type":"Feature","properties":{"h":3.0,"on_route":false},"geometry":{"type":"Polygon","coordinates":[[[7.04471,4.819184],[7.044701,4.81923],[7.044609,4.819211],[7.044618,4.819165],[7.04471,4.819184]]]}},{"type":"Feature","properties":{"h":3.0,"on_route":false},"geometry":{"type":"Polygon","coordinates":[[[7.046685,4.81726],[7.046668,4.817358],[7.046321,4.817296],[7.046339,4.817198],[7.046685,4.81726]]]}},{"type":"Feature","properties":{"h":3.0,"on_route":true},"geometry":{"type":"Polygon","coordinates":[[[7.046896,4.817395],[7.046583,4.817577],[7.046531,4.817488],[7.046844,4.817305],[7.046896,4.817395]]]}},{"type":"Feature","properties":{"h":3.0,"on_route":false},"geometry":{"type":"Polygon","coordinates":[[[7.044333,4.814035],[7.044315,4.814059],[7.044252,4.814013],[7.044269,4.813989],[7.044333,4.814035]]]}},{"type":"Feature","properties":{"h":3.0,"on_route":false},"geometry":{"type":"Polygon","coordinates":[[[7.041792,4.819688],[7.041662,4.820008],[7.041148,4.819797],[7.041279,4.819478],[7.041792,4.819688]]]}},{"type":"Feature","properties":{"h":3.0,"on_route":false},"geometry":{"type":"Polygon","coordinates":[[[7.042028,4.815809],[7.041982,4.815881],[7.041919,4.815841],[7.041965,4.815769],[7.042028,4.815809]]]}},{"type":"Feature","properties":{"h":3.0,"on_route":false},"geometry":{"type":"Polygon","coordinates":[[[7.044742,4.81839],[7.044842,4.818445],[7.04483,4.818466],[7.044731,4.818411],[7.044742,4.81839]]]}},{"type":"Feature","properties":{"h":3.0,"on_route":false},"geometry":{"type":"Polygon","coordinates":[[[7.040867,4.819917],[7.040837,4.820027],[7.040525,4.819943],[7.040554,4.819833],[7.040867,4.819917]]]}},{"type":"Feature","properties":{"h":3.0,"on_route":false},"geometry":{"type":"Polygon","coordinates":[[[7.046704,4.81825],[7.046644,4.818334],[7.046316,4.818096],[7.046376,4.818013],[7.046704,4.81825]]]}},{"type":"Feature","properties":{"h":3.0,"on_route":false},"geometry":{"type":"Polygon","coordinates":[[[7.041658,4.815065],[7.04163,4.815122],[7.041565,4.815091],[7.041593,4.815033],[7.041658,4.815065]]]}},{"type":"Feature","properties":{"h":3.0,"on_route":false},"geometry":{"type":"Polygon","coordinates":[[[7.043225,4.817882],[7.043204,4.817926],[7.043075,4.817863],[7.043096,4.817819],[7.043225,4.817882]]]}},{"type":"Feature","properties":{"h":3.0,"on_route":false},"geometry":{"type":"Polygon","coordinates":[[[7.041572,4.820588],[7.041563,4.82069],[7.041525,4.820687],[7.041529,4.820643],[7.041447,4.820636],[7.041452,4.820577],[7.041572,4.820588]]]}},{"type":"Feature","properties":{"h":3.0,"on_route":false},"geometry":{"type":"Polygon","coordinates":[[[7.048296,4.819496],[7.048014,4.819515],[7.048008,4.819425],[7.04829,4.819406],[7.048296,4.819496]]]}},{"type":"Feature","properties":{"h":3.0,"on_route":false},"geometry":{"type":"Polygon","coordinates":[[[7.042639,4.817061],[7.042573,4.817201],[7.042286,4.817066],[7.042352,4.816925],[7.042639,4.817061]]]}},{"type":"Feature","properties":{"h":3.0,"on_route":false},"geometry":{"type":"Polygon","coordinates":[[[7.04164,4.816393],[7.041592,4.816497],[7.041557,4.81648],[7.041604,4.816376],[7.04164,4.816393]]]}},{"type":"Feature","properties":{"h":3.0,"on_route":true},"geometry":{"type":"Polygon","coordinates":[[[7.046472,4.817666],[7.046426,4.817675],[7.046416,4.817622],[7.046462,4.817613],[7.046472,4.817666]]]}},{"type":"Feature","properties":{"h":3.0,"on_route":false},"geometry":{"type":"Polygon","coordinates":[[[7.046576,4.816562],[7.046358,4.816723],[7.04631,4.816658],[7.046529,4.816497],[7.046576,4.816562]]]}},{"type":"Feature","properties":{"h":3.0,"on_route":false},"geometry":{"type":"Polygon","coordinates":[[[7.043267,4.819984],[7.043253,4.820033],[7.043206,4.820019],[7.04322,4.81997],[7.043267,4.819984]]]}},{"type":"Feature","properties":{"h":3.0,"on_route":false},"geometry":{"type":"Polygon","coordinates":[[[7.044905,4.817301],[7.044757,4.817488],[7.044313,4.817134],[7.04446,4.816948],[7.044905,4.817301]]]}},{"type":"Feature","properties":{"h":3.0,"on_route":false},"geometry":{"type":"Polygon","coordinates":[[[7.043673,4.819619],[7.043679,4.819591],[7.043826,4.81962],[7.043806,4.819721],[7.043659,4.819693],[7.043665,4.81966],[7.043639,4.819655],[7.043647,4.819614],[7.043673,4.819619]]]}},{"type":"Feature","properties":{"h":3.0,"on_route":false},"geometry":{"type":"Polygon","coordinates":[[[7.045102,4.818625],[7.044977,4.818564],[7.045268,4.817972],[7.045392,4.818034],[7.045102,4.818625]]]}},{"type":"Feature","properties":{"h":3.0,"on_route":false},"geometry":{"type":"Polygon","coordinates":[[[7.041977,4.8213],[7.041977,4.821326],[7.041928,4.821325],[7.041929,4.821299],[7.041977,4.8213]]]}},{"type":"Feature","properties":{"h":3.0,"on_route":false},"geometry":{"type":"Polygon","coordinates":[[[7.045596,4.815917],[7.04548,4.815967],[7.045461,4.815923],[7.045577,4.815873],[7.045596,4.815917]]]}},{"type":"Feature","properties":{"h":3.0,"on_route":false},"geometry":{"type":"Polygon","coordinates":[[[7.046061,4.819937],[7.046054,4.81998],[7.046011,4.819973],[7.046018,4.81993],[7.046061,4.819937]]]}},{"type":"Feature","properties":{"h":3.0,"on_route":false},"geometry":{"type":"Polygon","coordinates":[[[7.042701,4.81465],[7.042643,4.81473],[7.042559,4.814668],[7.042618,4.814588],[7.042701,4.81465]]]}},{"type":"Feature","properties":{"h":3.0,"on_route":false},"geometry":{"type":"Polygon","coordinates":[[[7.044744,4.815503],[7.044675,4.815583],[7.044593,4.815511],[7.04458,4.815525],[7.044248,4.815235],[7.04433,4.815141],[7.044744,4.815503]]]}},{"type":"Feature","properties":{"h":3.0,"on_route":false},"geometry":{"type":"Polygon","coordinates":[[[7.043119,4.817347],[7.043092,4.817398],[7.042827,4.817259],[7.042854,4.817208],[7.043119,4.817347]]]}},{"type":"Feature","properties":{"h":3.0,"on_route":false},"geometry":{"type":"Polygon","coordinates":[[[7.042385,4.819715],[7.042375,4.819756],[7.042334,4.819745],[7.042345,4.819705],[7.042385,4.819715]]]}},{"type":"Feature","properties":{"h":3.0,"on_route":false},"geometry":{"type":"Polygon","coordinates":[[[7.04281,4.819653],[7.042809,4.819679],[7.042784,4.819678],[7.042785,4.819652],[7.04281,4.819653]]]}},{"type":"Feature","properties":{"h":3.0,"on_route":false},"geometry":{"type":"Polygon","coordinates":[[[7.046211,4.819807],[7.046159,4.819815],[7.046145,4.819727],[7.046198,4.819719],[7.046211,4.819807]]]}},{"type":"Feature","properties":{"h":3.0,"on_route":false},"geometry":{"type":"Polygon","coordinates":[[[7.04605,4.820014],[7.046038,4.820101],[7.045729,4.820059],[7.04574,4.819973],[7.04605,4.820014]]]}},{"type":"Feature","properties":{"h":3.0,"on_route":false},"geometry":{"type":"Polygon","coordinates":[[[7.042575,4.819623],[7.042578,4.819643],[7.042551,4.819646],[7.042549,4.819626],[7.042575,4.819623]]]}},{"type":"Feature","properties":{"h":3.0,"on_route":false},"geometry":{"type":"Polygon","coordinates":[[[7.041947,4.81502],[7.041857,4.81513],[7.041899,4.815164],[7.041851,4.815224],[7.04166,4.815069],[7.041708,4.815009],[7.041756,4.815048],[7.041846,4.814937],[7.041947,4.81502]]]}},{"type":"Feature","properties":{"h":3.0,"on_route":false},"geometry":{"type":"Polygon","coordinates":[[[7.042126,4.815104],[7.042217,4.815166],[7.042205,4.815184],[7.042114,4.815122],[7.042126,4.815104]]]}},{"type":"Feature","properties":{"h":3.0,"on_route":false},"geometry":{"type":"Polygon","coordinates":[[[7.042876,4.814546],[7.042855,4.814574],[7.042789,4.814525],[7.042809,4.814497],[7.042876,4.814546]]]}},{"type":"Feature","properties":{"h":3.0,"on_route":false},"geometry":{"type":"Polygon","coordinates":[[[7.041694,4.816582],[7.041684,4.81661],[7.04163,4.81659],[7.04164,4.816562],[7.041694,4.816582]]]}},{"type":"Feature","properties":{"h":3.0,"on_route":false},"geometry":{"type":"Polygon","coordinates":[[[7.043862,4.814739],[7.043772,4.81484],[7.04382,4.814883],[7.043732,4.814981],[7.043425,4.814705],[7.043603,4.814506],[7.043862,4.814739]]]}},{"type":"Feature","properties":{"h":3.0,"on_route":false},"geometry":{"type":"Polygon","coordinates":[[[7.044768,4.817599],[7.044507,4.818115],[7.044487,4.818104],[7.044497,4.818085],[7.044328,4.817999],[7.044579,4.817502],[7.044768,4.817599]]]}},{"type":"Feature","properties":{"h":3.0,"on_route":false},"geometry":{"type":"Polygon","coordinates":[[[7.042735,4.8146],[7.042703,4.814643],[7.042616,4.81458],[7.042648,4.814536],[7.042735,4.8146]]]}},{"type":"Feature","properties":{"h":3.0,"on_route":false},"geometry":{"type":"Polygon","coordinates":[[[7.041925,4.815403],[7.041951,4.815363],[7.042239,4.81555],[7.042088,4.815785],[7.042024,4.815744],[7.042047,4.815707],[7.041725,4.815498],[7.041827,4.815339],[7.041925,4.815403]]]}},{"type":"Feature","properties":{"h":3.0,"on_route":false},"geometry":{"type":"Polygon","coordinates":[[[7.047402,4.814693],[7.047365,4.814709],[7.047347,4.814665],[7.047384,4.814649],[7.047402,4.814693]]]}},{"type":"Feature","properties":{"h":3.0,"on_route":false},"geometry":{"type":"Polygon","coordinates":[[[7.043831,4.821729],[7.043803,4.821708],[7.043833,4.821668],[7.043861,4.821689],[7.043831,4.821729]]]}},{"type":"Feature","properties":{"h":3.0,"on_route":false},"geometry":{"type":"Polygon","coordinates":[[[7.042107,4.814992],[7.042046,4.815071],[7.041834,4.814908],[7.041895,4.814829],[7.042107,4.814992]]]}},{"type":"Feature","properties":{"h":3.0,"on_route":false},"geometry":{"type":"Polygon","coordinates":[[[7.042682,4.819014],[7.04265,4.819001],[7.042671,4.818947],[7.042704,4.81896],[7.042682,4.819014]]]}},{"type":"Feature","properties":{"h":3.0,"on_route":false},"geometry":{"type":"Polygon","coordinates":[[[7.047294,4.817116],[7.04724,4.817122],[7.047233,4.817054],[7.047286,4.817048],[7.047294,4.817116]]]}},{"type":"Feature","properties":{"h":3.0,"on_route":false},"geometry":{"type":"Polygon","coordinates":[[[7.042907,4.81666],[7.042721,4.81698],[7.042131,4.816634],[7.042317,4.816314],[7.042907,4.81666]]]}},{"type":"Feature","properties":{"h":3.0,"on_route":false},"geometry":{"type":"Polygon","coordinates":[[[7.045676,4.81632],[7.04563,4.816213],[7.045891,4.8161],[7.045922,4.816173],[7.045929,4.81617],[7.045944,4.816204],[7.045676,4.81632]]]}},{"type":"Feature","properties":{"h":3.0,"on_route":false},"geometry":{"type":"Polygon","coordinates":[[[7.046508,4.820318],[7.046487,4.820403],[7.046091,4.820304],[7.046112,4.820219],[7.046508,4.820318]]]}},{"type":"Feature","properties":{"h":3.0,"on_route":false},"geometry":{"type":"Polygon","coordinates":[[[7.043377,4.81513],[7.043126,4.815506],[7.043027,4.81544],[7.043279,4.815064],[7.043377,4.81513]]]}},{"type":"Feature","properties":{"h":3.0,"on_route":false},"geometry":{"type":"Polygon","coordinates":[[[7.042966,4.817746],[7.042944,4.817794],[7.042893,4.817771],[7.042915,4.817722],[7.042966,4.817746]]]}},{"type":"Feature","properties":{"h":3.0,"on_route":false},"geometry":{"type":"Polygon","coordinates":[[[7.04691,4.816595],[7.046857,4.816625],[7.046822,4.816561],[7.046874,4.816532],[7.04691,4.816595]]]}},{"type":"Feature","properties":{"h":3.0,"on_route":false},"geometry":{"type":"Polygon","coordinates":[[[7.048728,4.817777],[7.048698,4.817746],[7.048763,4.817681],[7.048794,4.817712],[7.048728,4.817777]]]}},{"type":"Feature","properties":{"h":3.0,"on_route":false},"geometry":{"type":"Polygon","coordinates":[[[7.042548,4.818682],[7.042509,4.818665],[7.042559,4.818547],[7.042598,4.818563],[7.042548,4.818682]]]}},{"type":"Feature","properties":{"h":3.0,"on_route":false},"geometry":{"type":"Polygon","coordinates":[[[7.041732,4.816514],[7.041709,4.816568],[7.041647,4.816542],[7.041669,4.816488],[7.041732,4.816514]]]}},{"type":"Feature","properties":{"h":3.0,"on_route":false},"geometry":{"type":"Polygon","coordinates":[[[7.046504,4.817954],[7.046513,4.818039],[7.046468,4.818043],[7.046459,4.817959],[7.046504,4.817954]]]}},{"type":"Feature","properties":{"h":3.0,"on_route":false},"geometry":{"type":"Polygon","coordinates":[[[7.044292,4.81669],[7.044241,4.816658],[7.044329,4.816515],[7.044271,4.816479],[7.044327,4.816388],[7.044436,4.816456],[7.044292,4.81669]]]}},{"type":"Feature","properties":{"h":3.0,"on_route":false},"geometry":{"type":"Polygon","coordinates":[[[7.045918,4.815923],[7.045771,4.816],[7.045715,4.815894],[7.045863,4.815817],[7.045918,4.815923]]]}},{"type":"Feature","properties":{"h":3.0,"on_route":false},"geometry":{"type":"Polygon","coordinates":[[[7.043518,4.813376],[7.043425,4.813495],[7.043407,4.813482],[7.04304,4.813953],[7.042811,4.813774],[7.043271,4.813183],[7.043518,4.813376]]]}},{"type":"Feature","properties":{"h":3.0,"on_route":false},"geometry":{"type":"Polygon","coordinates":[[[7.04085,4.819247],[7.040828,4.819298],[7.040716,4.819248],[7.040738,4.819198],[7.04085,4.819247]]]}},{"type":"Feature","properties":{"h":3.0,"on_route":false},"geometry":{"type":"Polygon","coordinates":[[[7.043255,4.821222],[7.043221,4.821328],[7.043032,4.821267],[7.043066,4.821162],[7.043255,4.821222]]]}},{"type":"Feature","properties":{"h":3.0,"on_route":true},"geometry":{"type":"Polygon","coordinates":[[[7.045181,4.817801],[7.045168,4.817844],[7.045125,4.817832],[7.045137,4.817788],[7.045181,4.817801]]]}},{"type":"Feature","properties":{"h":3.0,"on_route":false},"geometry":{"type":"Polygon","coordinates":[[[7.042846,4.821152],[7.042819,4.821239],[7.042694,4.821199],[7.042721,4.821112],[7.042846,4.821152]]]}},{"type":"Feature","properties":{"h":3.0,"on_route":false},"geometry":{"type":"Polygon","coordinates":[[[7.040485,4.818784],[7.040475,4.818824],[7.040441,4.818816],[7.04045,4.818775],[7.040485,4.818784]]]}},{"type":"Feature","properties":{"h":3.0,"on_route":false},"geometry":{"type":"Polygon","coordinates":[[[7.044328,4.818787],[7.044303,4.818777],[7.044327,4.818713],[7.044353,4.818723],[7.044328,4.818787]]]}},{"type":"Feature","properties":{"h":3.0,"on_route":false},"geometry":{"type":"Polygon","coordinates":[[[7.045788,4.816085],[7.04568,4.81614],[7.045654,4.816089],[7.045762,4.816034],[7.045788,4.816085]]]}},{"type":"Feature","properties":{"h":3.0,"on_route":false},"geometry":{"type":"Polygon","coordinates":[[[7.042999,4.819628],[7.04299,4.819663],[7.042922,4.819646],[7.042931,4.81961],[7.042999,4.819628]]]}},{"type":"Feature","properties":{"h":3.0,"on_route":false},"geometry":{"type":"Polygon","coordinates":[[[7.044803,4.817789],[7.04478,4.817776],[7.044833,4.817682],[7.044856,4.817695],[7.044803,4.817789]]]}},{"type":"Feature","properties":{"h":3.0,"on_route":false},"geometry":{"type":"Polygon","coordinates":[[[7.048294,4.819609],[7.047946,4.819633],[7.047939,4.81952],[7.048286,4.819496],[7.048294,4.819609]]]}},{"type":"Feature","properties":{"h":3.0,"on_route":false},"geometry":{"type":"Polygon","coordinates":[[[7.044085,4.82073],[7.044004,4.820704],[7.044105,4.820388],[7.044186,4.820415],[7.044085,4.82073]]]}},{"type":"Feature","properties":{"h":3.0,"on_route":false},"geometry":{"type":"Polygon","coordinates":[[[7.048825,4.817754],[7.048765,4.817797],[7.04875,4.817776],[7.04881,4.817733],[7.048825,4.817754]]]}},{"type":"Feature","properties":{"h":3.0,"on_route":false},"geometry":{"type":"Polygon","coordinates":[[[7.045379,4.819717],[7.045382,4.819739],[7.045356,4.819742],[7.045353,4.81972],[7.045379,4.819717]]]}},{"type":"Feature","properties":{"h":3.0,"on_route":false},"geometry":{"type":"Polygon","coordinates":[[[7.042156,4.818733],[7.041979,4.819145],[7.041263,4.818837],[7.041439,4.818425],[7.042156,4.818733]]]}},{"type":"Feature","properties":{"h":3.0,"on_route":false},"geometry":{"type":"Polygon","coordinates":[[[7.041646,4.820754],[7.04163,4.820815],[7.041578,4.820801],[7.041594,4.82074],[7.041646,4.820754]]]}},{"type":"Feature","properties":{"h":3.0,"on_route":false},"geometry":{"type":"Polygon","coordinates":[[[7.042609,4.817801],[7.042589,4.817863],[7.042557,4.817852],[7.042577,4.81779],[7.042609,4.817801]]]}},{"type":"Feature","properties":{"h":3.0,"on_route":false},"geometry":{"type":"Polygon","coordinates":[[[7.042442,4.816107],[7.042401,4.816189],[7.042335,4.816155],[7.042376,4.816074],[7.042442,4.816107]]]}},{"type":"Feature","properties":{"h":3.0,"on_route":false},"geometry":{"type":"Polygon","coordinates":[[[7.043017,4.817802],[7.04301,4.817827],[7.042977,4.817817],[7.042984,4.817792],[7.043017,4.817802]]]}},{"type":"Feature","properties":{"h":3.0,"on_route":false},"geometry":{"type":"Polygon","coordinates":[[[7.046439,4.817939],[7.046441,4.817973],[7.046392,4.817976],[7.04639,4.817941],[7.046439,4.817939]]]}},{"type":"Feature","properties":{"h":3.0,"on_route":false},"geometry":{"type":"Polygon","coordinates":[[[7.044156,4.817018],[7.044147,4.81704],[7.044096,4.817018],[7.044105,4.816997],[7.044156,4.817018]]]}},{"type":"Feature","properties":{"h":3.0,"on_route":false},"geometry":{"type":"Polygon","coordinates":[[[7.040609,4.819547],[7.040604,4.819583],[7.04058,4.81958],[7.040585,4.819544],[7.040609,4.819547]]]}},{"type":"Feature","properties":{"h":3.0,"on_route":false},"geometry":{"type":"Polygon","coordinates":[[[7.046167,4.816569],[7.04613,4.816579],[7.046113,4.816514],[7.04615,4.816504],[7.046167,4.816569]]]}},{"type":"Feature","properties":{"h":3.0,"on_route":false},"geometry":{"type":"Polygon","coordinates":[[[7.048759,4.817687],[7.048624,4.81782],[7.048542,4.817737],[7.048677,4.817604],[7.048759,4.817687]]]}},{"type":"Feature","properties":{"h":3.0,"on_route":false},"geometry":{"type":"Polygon","coordinates":[[[7.040671,4.818671],[7.040664,4.818707],[7.040628,4.8187],[7.040635,4.818664],[7.040671,4.818671]]]}},{"type":"Feature","properties":{"h":3.0,"on_route":false},"geometry":{"type":"Polygon","coordinates":[[[7.041547,4.81681],[7.04153,4.81684],[7.041474,4.816808],[7.041491,4.816778],[7.041547,4.81681]]]}},{"type":"Feature","properties":{"h":3.0,"on_route":false},"geometry":{"type":"Polygon","coordinates":[[[7.042993,4.817511],[7.042971,4.817559],[7.042865,4.817509],[7.042887,4.817461],[7.042993,4.817511]]]}},{"type":"Feature","properties":{"h":3.0,"on_route":false},"geometry":{"type":"Polygon","coordinates":[[[7.043039,4.814121],[7.043019,4.814148],[7.042902,4.814062],[7.042922,4.814034],[7.043039,4.814121]]]}},{"type":"Feature","properties":{"h":3.0,"on_route":false},"geometry":{"type":"Polygon","coordinates":[[[7.044542,4.81619],[7.044519,4.816239],[7.044475,4.816218],[7.044498,4.816169],[7.044542,4.81619]]]}},{"type":"Feature","properties":{"h":3.0,"on_route":false},"geometry":{"type":"Polygon","coordinates":[[[7.042426,4.814673],[7.042372,4.814744],[7.042156,4.814579],[7.04221,4.814508],[7.042426,4.814673]]]}},{"type":"Feature","properties":{"h":3.0,"on_route":false},"geometry":{"type":"Polygon","coordinates":[[[7.039683,4.8173],[7.039698,4.817259],[7.039712,4.817265],[7.039718,4.817249],[7.039837,4.817294],[7.039843,4.817276],[7.039906,4.8173],[7.039899,4.817318],[7.039946,4.817336],[7.039953,4.817318],[7.039975,4.817326],[7.039962,4.81736],[7.04022,4.817459],[7.040163,4.817611],[7.040191,4.817622],[7.040189,4.817626],[7.040191,4.817626],[7.039837,4.818554],[7.039293,4.818347],[7.039612,4.817504],[7.039579,4.817492],[7.039585,4.817474],[7.039579,4.817472],[7.039651,4.817288],[7.039683,4.8173]]]}},{"type":"Feature","properties":{"h":3.0,"on_route":false},"geometry":{"type":"Polygon","coordinates":[[[7.041567,4.816546],[7.041525,4.81662],[7.041476,4.816592],[7.041518,4.816518],[7.041567,4.816546]]]}},{"type":"Feature","properties":{"h":3.0,"on_route":false},"geometry":{"type":"Polygon","coordinates":[[[7.04698,4.817647],[7.046916,4.817676],[7.046892,4.817623],[7.046956,4.817594],[7.04698,4.817647]]]}},{"type":"Feature","properties":{"h":3.0,"on_route":false},"geometry":{"type":"Polygon","coordinates":[[[7.044974,4.816856],[7.044782,4.816944],[7.044709,4.816784],[7.044901,4.816696],[7.044974,4.816856]]]}},{"type":"Feature","properties":{"h":3.0,"on_route":false},"geometry":{"type":"Polygon","coordinates":[[[7.044083,4.817208],[7.044038,4.817187],[7.044089,4.81708],[7.044134,4.817102],[7.044083,4.817208]]]}},{"type":"Feature","properties":{"h":3.0,"on_route":false},"geometry":{"type":"Polygon","coordinates":[[[7.044299,4.817124],[7.044267,4.817098],[7.044305,4.817049],[7.044338,4.817075],[7.044299,4.817124]]]}},{"type":"Feature","properties":{"h":3.0,"on_route":false},"geometry":{"type":"Polygon","coordinates":[[[7.042518,4.818379],[7.042511,4.818409],[7.042444,4.818393],[7.042451,4.818363],[7.042518,4.818379]]]}},{"type":"Feature","properties":{"h":3.0,"on_route":false},"geometry":{"type":"Polygon","coordinates":[[[7.042659,4.818685],[7.042644,4.818719],[7.042547,4.818676],[7.042562,4.818642],[7.042659,4.818685]]]}},{"type":"Feature","properties":{"h":3.0,"on_route":false},"geometry":{"type":"Polygon","coordinates":[[[7.045475,4.817906],[7.045446,4.817892],[7.045484,4.817812],[7.045513,4.817826],[7.045475,4.817906]]]}},{"type":"Feature","properties":{"h":3.0,"on_route":false},"geometry":{"type":"Polygon","coordinates":[[[7.046426,4.819987],[7.046124,4.82007],[7.046101,4.819984],[7.046403,4.819901],[7.046426,4.819987]]]}},{"type":"Feature","properties":{"h":3.0,"on_route":false},"geometry":{"type":"Polygon","coordinates":[[[7.048741,4.818109],[7.04871,4.818153],[7.048634,4.818099],[7.048665,4.818055],[7.048741,4.818109]]]}},{"type":"Feature","properties":{"h":3.0,"on_route":false},"geometry":{"type":"Polygon","coordinates":[[[7.044675,4.819361],[7.044663,4.819416],[7.04456,4.819394],[7.044572,4.819339],[7.044675,4.819361]]]}},{"type":"Feature","properties":{"h":3.0,"on_route":false},"geometry":{"type":"Polygon","coordinates":[[[7.043662,4.821251],[7.043651,4.821302],[7.0436,4.821291],[7.043611,4.82124],[7.043662,4.821251]]]}},{"type":"Feature","properties":{"h":3.0,"on_route":false},"geometry":{"type":"Polygon","coordinates":[[[7.042835,4.821592],[7.042832,4.821779],[7.042701,4.821777],[7.042704,4.82159],[7.042835,4.821592]]]}},{"type":"Feature","properties":{"h":3.0,"on_route":false},"geometry":{"type":"Polygon","coordinates":[[[7.041796,4.8164],[7.041789,4.816421],[7.041746,4.816408],[7.041752,4.816387],[7.041796,4.8164]]]}},{"type":"Feature","properties":{"h":3.0,"on_route":false},"geometry":{"type":"Polygon","coordinates":[[[7.041818,4.816318],[7.041781,4.81638],[7.04165,4.816303],[7.041659,4.816289],[7.041514,4.816204],[7.041541,4.816156],[7.041818,4.816318]]]}},{"type":"Feature","properties":{"h":3.0,"on_route":false},"geometry":{"type":"Polygon","coordinates":[[[7.04565,4.820382],[7.045341,4.82046],[7.045319,4.820373],[7.045628,4.820294],[7.04565,4.820382]]]}},{"type":"Feature","properties":{"h":3.0,"on_route":true},"geometry":{"type":"Polygon","coordinates":[[[7.046343,4.817724],[7.046311,4.817751],[7.046264,4.817695],[7.046296,4.817668],[7.046343,4.817724]]]}},{"type":"Feature","properties":{"h":3.0,"on_route":false},"geometry":{"type":"Polygon","coordinates":[[[7.04364,4.816243],[7.043617,4.816278],[7.043575,4.81625],[7.043599,4.816215],[7.04364,4.816243]]]}},{"type":"Feature","properties":{"h":3.0,"on_route":false},"geometry":{"type":"Polygon","coordinates":[[[7.045685,4.819969],[7.04565,4.819995],[7.045611,4.819941],[7.045646,4.819916],[7.045685,4.819969]]]}},{"type":"Feature","properties":{"h":3.0,"on_route":false},"geometry":{"type":"Polygon","coordinates":[[[7.041748,4.820324],[7.041718,4.820405],[7.041653,4.82038],[7.041683,4.820299],[7.041748,4.820324]]]}},{"type":"Feature","properties":{"h":3.0,"on_route":false},"geometry":{"type":"Polygon","coordinates":[[[7.045319,4.816298],[7.045227,4.816325],[7.045216,4.816287],[7.045308,4.816261],[7.045319,4.816298]]]}},{"type":"Feature","properties":{"h":3.0,"on_route":false},"geometry":{"type":"Polygon","coordinates":[[[7.041684,4.81661],[7.041675,4.816636],[7.041621,4.816616],[7.04163,4.81659],[7.041684,4.81661]]]}},{"type":"Feature","properties":{"h":3.0,"on_route":false},"geometry":{"type":"Polygon","coordinates":[[[7.041123,4.81542],[7.041086,4.815397],[7.041113,4.815353],[7.041149,4.815375],[7.041123,4.81542]]]}},{"type":"Feature","properties":{"h":3.0,"on_route":false},"geometry":{"type":"Polygon","coordinates":[[[7.040136,4.817892],[7.040092,4.817875],[7.040128,4.817781],[7.040171,4.817798],[7.040136,4.817892]]]}},{"type":"Feature","properties":{"h":3.0,"on_route":false},"geometry":{"type":"Polygon","coordinates":[[[7.046999,4.817202],[7.046693,4.817391],[7.046639,4.817303],[7.046945,4.817114],[7.046999,4.817202]]]}},{"type":"Feature","properties":{"h":3.0,"on_route":false},"geometry":{"type":"Polygon","coordinates":[[[7.045549,4.81622],[7.045503,4.816243],[7.045447,4.816133],[7.045493,4.81611],[7.045549,4.81622]]]}},{"type":"Feature","properties":{"h":3.0,"on_route":false},"geometry":{"type":"Polygon","coordinates":[[[7.04136,4.814992],[7.041372,4.814974],[7.041455,4.815031],[7.041421,4.815082],[7.041329,4.815021],[7.041352,4.814986],[7.04136,4.814992]]]}},{"type":"Feature","properties":{"h":3.0,"on_route":false},"geometry":{"type":"Polygon","coordinates":[[[7.043198,4.818239],[7.043087,4.818507],[7.042952,4.81845],[7.043063,4.818183],[7.043198,4.818239]]]}},{"type":"Feature","properties":{"h":3.0,"on_route":false},"geometry":{"type":"Polygon","coordinates":[[[7.046966,4.81587],[7.04697,4.815908],[7.046942,4.815911],[7.046938,4.815872],[7.046966,4.81587]]]}},{"type":"Feature","properties":{"h":3.0,"on_route":false},"geometry":{"type":"Polygon","coordinates":[[[7.047919,4.815078],[7.047783,4.815169],[7.047762,4.815137],[7.047898,4.815046],[7.047919,4.815078]]]}},{"type":"Feature","properties":{"h":3.0,"on_route":false},"geometry":{"type":"Polygon","coordinates":[[[7.046449,4.81798],[7.046449,4.818021],[7.046402,4.818021],[7.046403,4.81798],[7.046449,4.81798]]]}},{"type":"Feature","properties":{"h":3.0,"on_route":false},"geometry":{"type":"Polygon","coordinates":[[[7.04688,4.817802],[7.046844,4.817812],[7.046826,4.817746],[7.046862,4.817736],[7.04688,4.817802]]]}},{"type":"Feature","properties":{"h":3.0,"on_route":false},"geometry":{"type":"Polygon","coordinates":[[[7.045711,4.81834],[7.04569,4.818353],[7.045749,4.818446],[7.045674,4.818493],[7.045539,4.818277],[7.045634,4.818217],[7.045711,4.81834]]]}},{"type":"Feature","properties":{"h":3.0,"on_route":false},"geometry":{"type":"Polygon","coordinates":[[[7.044873,4.814136],[7.044809,4.814216],[7.044646,4.814087],[7.04471,4.814007],[7.044873,4.814136]]]}},{"type":"Feature","properties":{"h":3.0,"on_route":false},"geometry":{"type":"Polygon","coordinates":[[[7.043245,4.816166],[7.043207,4.816222],[7.043126,4.816167],[7.043164,4.816111],[7.043245,4.816166]]]}},{"type":"Feature","properties":{"h":3.0,"on_route":false},"geometry":{"type":"Polygon","coordinates":[[[7.044035,4.820607],[7.044018,4.820661],[7.043986,4.820651],[7.044004,4.820597],[7.044035,4.820607]]]}},{"type":"Feature","properties":{"h":3.0,"on_route":false},"geometry":{"type":"Polygon","coordinates":[[[7.045465,4.816948],[7.04545,4.817009],[7.045387,4.816994],[7.045402,4.816932],[7.045465,4.816948]]]}},{"type":"Feature","properties":{"h":3.0,"on_route":false},"geometry":{"type":"Polygon","coordinates":[[[7.043288,4.818264],[7.043182,4.818526],[7.043096,4.818491],[7.043202,4.818229],[7.043288,4.818264]]]}},{"type":"Feature","properties":{"h":3.0,"on_route":false},"geometry":{"type":"Polygon","coordinates":[[[7.042884,4.814394],[7.042867,4.814418],[7.042782,4.814355],[7.042799,4.814331],[7.042884,4.814394]]]}},{"type":"Feature","properties":{"h":3.0,"on_route":false},"geometry":{"type":"Polygon","coordinates":[[[7.046894,4.816732],[7.046866,4.816745],[7.046829,4.816663],[7.046857,4.81665],[7.046894,4.816732]]]}},{"type":"Feature","properties":{"h":3.0,"on_route":false},"geometry":{"type":"Polygon","coordinates":[[[7.041811,4.820213],[7.041773,4.820315],[7.041688,4.820283],[7.041727,4.820181],[7.041811,4.820213]]]}},{"type":"Feature","properties":{"h":3.0,"on_route":false},"geometry":{"type":"Polygon","coordinates":[[[7.043199,4.820587],[7.043181,4.82065],[7.042974,4.82059],[7.04297,4.820604],[7.042833,4.820564],[7.042855,4.820487],[7.043199,4.820587]]]}},{"type":"Feature","properties":{"h":3.0,"on_route":false},"geometry":{"type":"Polygon","coordinates":[[[7.046021,4.814715],[7.046,4.814789],[7.045916,4.814765],[7.045937,4.814692],[7.046021,4.814715]]]}},{"type":"Feature","properties":{"h":3.0,"on_route":true},"geometry":{"type":"Polygon","coordinates":[[[7.046911,4.817559],[7.046587,4.817707],[7.046546,4.817616],[7.04687,4.817469],[7.046911,4.817559]]]}},{"type":"Feature","properties":{"h":3.0,"on_route":false},"geometry":{"type":"Polygon","coordinates":[[[7.043119,4.81562],[7.042947,4.815875],[7.042791,4.81577],[7.042962,4.815514],[7.043119,4.81562]]]}},{"type":"Feature","properties":{"h":3.0,"on_route":false},"geometry":{"type":"Polygon","coordinates":[[[7.04398,4.815],[7.043965,4.815018],[7.043922,4.81498],[7.043937,4.814963],[7.04398,4.815]]]}},{"type":"Feature","properties":{"h":3.0,"on_route":false},"geometry":{"type":"Polygon","coordinates":[[[7.040686,4.816803],[7.04066,4.816794],[7.040689,4.816714],[7.040714,4.816724],[7.040686,4.816803]]]}},{"type":"Feature","properties":{"h":3.0,"on_route":false},"geometry":{"type":"Polygon","coordinates":[[[7.044616,4.819073],[7.044595,4.819139],[7.044524,4.819116],[7.044545,4.819051],[7.044616,4.819073]]]}},{"type":"Feature","properties":{"h":3.0,"on_route":false},"geometry":{"type":"Polygon","coordinates":[[[7.040927,4.818983],[7.040864,4.819129],[7.040796,4.819099],[7.040859,4.818953],[7.040927,4.818983]]]}},{"type":"Feature","properties":{"h":3.0,"on_route":false},"geometry":{"type":"Polygon","coordinates":[[[7.041098,4.819939],[7.041077,4.82001],[7.040948,4.819972],[7.040969,4.819901],[7.041098,4.819939]]]}},{"type":"Feature","properties":{"h":3.0,"on_route":false},"geometry":{"type":"Polygon","coordinates":[[[7.042575,4.814842],[7.04254,4.814891],[7.042466,4.814838],[7.042501,4.814788],[7.042575,4.814842]]]}},{"type":"Feature","properties":{"h":3.0,"on_route":false},"geometry":{"type":"Polygon","coordinates":[[[7.048689,4.816884],[7.048487,4.817094],[7.048417,4.817027],[7.04854,4.816899],[7.048453,4.816815],[7.048533,4.816732],[7.048689,4.816884]]]}},{"type":"Feature","properties":{"h":3.0,"on_route":false},"geometry":{"type":"Polygon","coordinates":[[[7.045811,4.819866],[7.045818,4.819966],[7.045768,4.819969],[7.045762,4.819869],[7.045811,4.819866]]]}},{"type":"Feature","properties":{"h":3.0,"on_route":false},"geometry":{"type":"Polygon","coordinates":[[[7.046089,4.818228],[7.046072,4.818314],[7.045794,4.81826],[7.045811,4.818173],[7.046089,4.818228]]]}},{"type":"Feature","properties":{"h":3.0,"on_route":false},"geometry":{"type":"Polygon","coordinates":[[[7.048276,4.819839],[7.047962,4.81986],[7.047954,4.819745],[7.048268,4.819724],[7.048276,4.819839]]]}},{"type":"Feature","properties":{"h":3.0,"on_route":false},"geometry":{"type":"Polygon","coordinates":[[[7.048093,4.81497],[7.048033,4.81501],[7.048005,4.814969],[7.048065,4.814929],[7.048093,4.81497]]]}},{"type":"Feature","properties":{"h":3.0,"on_route":false},"geometry":{"type":"Polygon","coordinates":[[[7.041725,4.820768],[7.041696,4.820927],[7.041636,4.820916],[7.041665,4.820757],[7.041725,4.820768]]]}},{"type":"Feature","properties":{"h":3.0,"on_route":false},"geometry":{"type":"Polygon","coordinates":[[[7.048414,4.816663],[7.048242,4.81681],[7.048186,4.816743],[7.048358,4.816596],[7.048414,4.816663]]]}},{"type":"Feature","properties":{"h":3.0,"on_route":false},"geometry":{"type":"Polygon","coordinates":[[[7.048383,4.816531],[7.048328,4.816562],[7.048307,4.816524],[7.048361,4.816493],[7.048383,4.816531]]]}},{"type":"Feature","properties":{"h":3.0,"on_route":false},"geometry":{"type":"Polygon","coordinates":[[[7.041242,4.815957],[7.04124,4.815981],[7.041209,4.815978],[7.041211,4.815954],[7.041242,4.815957]]]}},{"type":"Feature","properties":{"h":3.0,"on_route":false},"geometry":{"type":"Polygon","coordinates":[[[7.043061,4.817811],[7.043053,4.817846],[7.043013,4.817837],[7.043021,4.817802],[7.043061,4.817811]]]}},{"type":"Feature","properties":{"h":3.0,"on_route":false},"geometry":{"type":"Polygon","coordinates":[[[7.048749,4.817004],[7.048652,4.817091],[7.048591,4.817022],[7.048688,4.816935],[7.048749,4.817004]]]}},{"type":"Feature","properties":{"h":3.0,"on_route":false},"geometry":{"type":"Polygon","coordinates":[[[7.047034,4.817114],[7.046985,4.817136],[7.046958,4.817076],[7.047006,4.817054],[7.047034,4.817114]]]}},{"type":"Feature","properties":{"h":3.0,"on_route":false},"geometry":{"type":"Polygon","coordinates":[[[7.044444,4.818353],[7.044417,4.818338],[7.044469,4.818245],[7.044497,4.818261],[7.044444,4.818353]]]}},{"type":"Feature","properties":{"h":3.0,"on_route":false},"geometry":{"type":"Polygon","coordinates":[[[7.041841,4.81527],[7.041757,4.815395],[7.041603,4.81529],[7.041686,4.815166],[7.041841,4.81527]]]}},{"type":"Feature","properties":{"h":3.0,"on_route":false},"geometry":{"type":"Polygon","coordinates":[[[7.045946,4.818554],[7.04594,4.818594],[7.04587,4.818583],[7.045876,4.818543],[7.045946,4.818554]]]}},{"type":"Feature","properties":{"h":3.0,"on_route":false},"geometry":{"type":"Polygon","coordinates":[[[7.047223,4.816677],[7.04691,4.816852],[7.046864,4.81677],[7.047177,4.816594],[7.047223,4.816677]]]}},{"type":"Feature","properties":{"h":3.0,"on_route":false},"geometry":{"type":"Polygon","coordinates":[[[7.04734,4.815973],[7.046979,4.816141],[7.046937,4.816048],[7.047297,4.81588],[7.04734,4.815973]]]}},{"type":"Feature","properties":{"h":3.0,"on_route":false},"geometry":{"type":"Polygon","coordinates":[[[7.043232,4.816021],[7.043213,4.816057],[7.043156,4.816027],[7.043175,4.815991],[7.043232,4.816021]]]}},{"type":"Feature","properties":{"h":3.0,"on_route":false},"geometry":{"type":"Polygon","coordinates":[[[7.048389,4.816903],[7.048313,4.816966],[7.048256,4.816897],[7.048331,4.816834],[7.048389,4.816903]]]}},{"type":"Feature","properties":{"h":3.0,"on_route":false},"geometry":{"type":"Polygon","coordinates":[[[7.048316,4.819406],[7.048314,4.819472],[7.048292,4.819472],[7.048294,4.819406],[7.048316,4.819406]]]}},{"type":"Feature","properties":{"h":3.0,"on_route":false},"geometry":{"type":"Polygon","coordinates":[[[7.042995,4.815973],[7.042974,4.816017],[7.042931,4.815995],[7.042953,4.815952],[7.042995,4.815973]]]}},{"type":"Feature","properties":{"h":3.0,"on_route":false},"geometry":{"type":"Polygon","coordinates":[[[7.045991,4.816933],[7.045981,4.816896],[7.046083,4.81687],[7.046093,4.816907],[7.045991,4.816933]]]}},{"type":"Feature","properties":{"h":3.0,"on_route":false},"geometry":{"type":"Polygon","coordinates":[[[7.043917,4.814776],[7.043902,4.8148],[7.043841,4.814761],[7.043856,4.814737],[7.043917,4.814776]]]}},{"type":"Feature","properties":{"h":3.0,"on_route":false},"geometry":{"type":"Polygon","coordinates":[[[7.048797,4.817888],[7.048765,4.817911],[7.048753,4.817907],[7.048763,4.817876],[7.048805,4.817862],[7.048797,4.817888]]]}},{"type":"Feature","properties":{"h":3.0,"on_route":true},"geometry":{"type":"Polygon","coordinates":[[[7.046494,4.817865],[7.046504,4.817954],[7.046459,4.817959],[7.046449,4.81787],[7.046494,4.817865]]]}},{"type":"Feature","properties":{"h":3.0,"on_route":true},"geometry":{"type":"Polygon","coordinates":[[[7.046556,4.817859],[7.046494,4.817865],[7.04649,4.817822],[7.046551,4.817815],[7.046556,4.817859]]]}},{"type":"Feature","properties":{"h":3.0,"on_route":false},"geometry":{"type":"Polygon","coordinates":[[[7.043442,4.821397],[7.043438,4.821422],[7.043342,4.821405],[7.043346,4.821381],[7.043442,4.821397]]]}},{"type":"Feature","properties":{"h":3.0,"on_route":false},"geometry":{"type":"Polygon","coordinates":[[[7.042823,4.815874],[7.042804,4.815919],[7.042759,4.8159],[7.042778,4.815855],[7.042823,4.815874]]]}},{"type":"Feature","properties":{"h":3.0,"on_route":false},"geometry":{"type":"Polygon","coordinates":[[[7.046578,4.81639],[7.046232,4.816578],[7.046183,4.816487],[7.046529,4.816299],[7.046578,4.81639]]]}},{"type":"Feature","properties":{"h":3.0,"on_route":false},"geometry":{"type":"Polygon","coordinates":[[[7.043329,4.819394],[7.043348,4.819344],[7.043401,4.819364],[7.043365,4.819458],[7.043265,4.81942],[7.043282,4.819376],[7.043329,4.819394]]]}},{"type":"Feature","properties":{"h":3.0,"on_route":true},"geometry":{"type":"Polygon","coordinates":[[[7.045524,4.81764],[7.045471,4.81776],[7.045374,4.817717],[7.045428,4.817597],[7.045524,4.81764]]]}},{"type":"Feature","properties":{"h":3.0,"on_route":false},"geometry":{"type":"Polygon","coordinates":[[[7.043173,4.816673],[7.043008,4.816957],[7.042827,4.816851],[7.042992,4.816567],[7.043173,4.816673]]]}},{"type":"Feature","properties":{"h":3.0,"on_route":false},"geometry":{"type":"Polygon","coordinates":[[[7.044035,4.815219],[7.043831,4.815473],[7.043658,4.815333],[7.043863,4.815079],[7.044035,4.815219]]]}},{"type":"Feature","properties":{"h":3.0,"on_route":false},"geometry":{"type":"Polygon","coordinates":[[[7.041376,4.816205],[7.041403,4.816159],[7.041481,4.816205],[7.041492,4.816187],[7.04166,4.816286],[7.041449,4.816648],[7.04103,4.816402],[7.041204,4.816104],[7.041376,4.816205]]]}},{"type":"Feature","properties":{"h":3.0,"on_route":false},"geometry":{"type":"Polygon","coordinates":[[[7.047246,4.816437],[7.046922,4.816618],[7.046874,4.816532],[7.047198,4.81635],[7.047246,4.816437]]]}},{"type":"Feature","properties":{"h":3.0,"on_route":false},"geometry":{"type":"Polygon","coordinates":[[[7.047331,4.817514],[7.047351,4.817584],[7.047311,4.817595],[7.04729,4.817526],[7.047331,4.817514]]]}},{"type":"Feature","properties":{"h":3.0,"on_route":true},"geometry":{"type":"Polygon","coordinates":[[[7.046671,4.817348],[7.046659,4.817452],[7.046308,4.817409],[7.04632,4.817306],[7.046671,4.817348]]]}},{"type":"Feature","properties":{"h":3.0,"on_route":false},"geometry":{"type":"Polygon","coordinates":[[[7.040762,4.817902],[7.040596,4.818353],[7.040398,4.818279],[7.040565,4.817829],[7.040762,4.817902]]]}},{"type":"Feature","properties":{"h":3.0,"on_route":false},"geometry":{"type":"Polygon","coordinates":[[[7.042644,4.818719],[7.04263,4.81875],[7.042533,4.818707],[7.042547,4.818676],[7.042644,4.818719]]]}},{"type":"Feature","properties":{"h":3.0,"on_route":false},"geometry":{"type":"Polygon","coordinates":[[[7.04771,4.814738],[7.047618,4.814788],[7.047462,4.814504],[7.047554,4.814453],[7.04771,4.814738]]]}},{"type":"Feature","properties":{"h":3.0,"on_route":false},"geometry":{"type":"Polygon","coordinates":[[[7.045314,4.820425],[7.045274,4.820433],[7.04526,4.820368],[7.0453,4.820359],[7.045314,4.820425]]]}},{"type":"Feature","properties":{"h":3.0,"on_route":false},"geometry":{"type":"Polygon","coordinates":[[[7.043003,4.820986],[7.042995,4.821014],[7.042951,4.821002],[7.042958,4.820974],[7.043003,4.820986]]]}},{"type":"Feature","properties":{"h":3.0,"on_route":false},"geometry":{"type":"Polygon","coordinates":[[[7.042572,4.819651],[7.042558,4.819688],[7.042526,4.819676],[7.042541,4.819638],[7.042572,4.819651]]]}},{"type":"Feature","properties":{"h":3.0,"on_route":false},"geometry":{"type":"Polygon","coordinates":[[[7.043686,4.819083],[7.043659,4.819148],[7.043615,4.81913],[7.043642,4.819065],[7.043686,4.819083]]]}},{"type":"Feature","properties":{"h":3.0,"on_route":false},"geometry":{"type":"Polygon","coordinates":[[[7.042112,4.819315],[7.042106,4.819343],[7.042081,4.819338],[7.042088,4.81931],[7.042112,4.819315]]]}},{"type":"Feature","properties":{"h":3.0,"on_route":false},"geometry":{"type":"Polygon","coordinates":[[[7.045926,4.819734],[7.045942,4.819849],[7.045887,4.819857],[7.045872,4.819742],[7.045926,4.819734]]]}},{"type":"Feature","properties":{"h":3.0,"on_route":false},"geometry":{"type":"Polygon","coordinates":[[[7.043442,4.81833],[7.043337,4.81859],[7.043182,4.818526],[7.043287,4.818266],[7.043442,4.81833]]]}},{"type":"Feature","properties":{"h":3.0,"on_route":false},"geometry":{"type":"Polygon","coordinates":[[[7.042031,4.819596],[7.042012,4.819663],[7.041954,4.819645],[7.041974,4.819579],[7.042031,4.819596]]]}},{"type":"Feature","properties":{"h":3.0,"on_route":false},"geometry":{"type":"Polygon","coordinates":[[[7.043962,4.820567],[7.043876,4.820859],[7.043199,4.820657],[7.043256,4.820464],[7.043032,4.820397],[7.043061,4.820299],[7.043962,4.820567]]]}},{"type":"Feature","properties":{"h":3.0,"on_route":false},"geometry":{"type":"Polygon","coordinates":[[[7.048679,4.817597],[7.04858,4.817696],[7.048466,4.81758],[7.0485,4.817547],[7.048523,4.81757],[7.048588,4.817505],[7.048679,4.817597]]]}},{"type":"Feature","properties":{"h":3.0,"on_route":false},"geometry":{"type":"Polygon","coordinates":[[[7.048192,4.816787],[7.048142,4.816819],[7.048104,4.816762],[7.048154,4.816729],[7.048192,4.816787]]]}},{"type":"Feature","properties":{"h":3.0,"on_route":false},"geometry":{"type":"Polygon","coordinates":[[[7.042339,4.815289],[7.042236,4.815449],[7.041992,4.81529],[7.042096,4.81513],[7.042339,4.815289]]]}},{"type":"Feature","properties":{"h":3.0,"on_route":false},"geometry":{"type":"Polygon","coordinates":[[[7.041103,4.819407],[7.041049,4.819566],[7.040729,4.819456],[7.040783,4.819297],[7.041103,4.819407]]]}},{"type":"Feature","properties":{"h":3.0,"on_route":false},"geometry":{"type":"Polygon","coordinates":[[[7.041123,4.819722],[7.041095,4.819791],[7.041327,4.819885],[7.041286,4.819986],[7.040619,4.819715],[7.040688,4.819545],[7.041123,4.819722]]]}},{"type":"Feature","properties":{"h":3.0,"on_route":false},"geometry":{"type":"Polygon","coordinates":[[[7.044059,4.820519],[7.044047,4.820574],[7.044019,4.820567],[7.044031,4.820513],[7.044059,4.820519]]]}},{"type":"Feature","properties":{"h":3.0,"on_route":false},"geometry":{"type":"Polygon","coordinates":[[[7.043009,4.816038],[7.042987,4.81607],[7.042927,4.816028],[7.04295,4.815996],[7.043009,4.816038]]]}},{"type":"Feature","properties":{"h":3.0,"on_route":false},"geometry":{"type":"Polygon","coordinates":[[[7.048863,4.817362],[7.048831,4.81741],[7.048767,4.817367],[7.048799,4.817319],[7.048863,4.817362]]]}},{"type":"Feature","properties":{"h":3.0,"on_route":false},"geometry":{"type":"Polygon","coordinates":[[[7.046905,4.817871],[7.046858,4.817876],[7.046852,4.817821],[7.046899,4.817816],[7.046905,4.817871]]]}},{"type":"Feature","properties":{"h":3.0,"on_route":false},"geometry":{"type":"Polygon","coordinates":[[[7.045623,4.819978],[7.045563,4.820002],[7.045542,4.81995],[7.045603,4.819926],[7.045623,4.819978]]]}},{"type":"Feature","properties":{"h":3.0,"on_route":false},"geometry":{"type":"Polygon","coordinates":[[[7.045876,4.818543],[7.04587,4.818583],[7.045792,4.818571],[7.045798,4.818531],[7.045876,4.818543]]]}},{"type":"Feature","properties":{"h":3.0,"on_route":false},"geometry":{"type":"Polygon","coordinates":[[[7.042049,4.821357],[7.041998,4.821357],[7.041998,4.821326],[7.042049,4.821327],[7.042049,4.821357]]]}},{"type":"Feature","properties":{"h":3.0,"on_route":false},"geometry":{"type":"Polygon","coordinates":[[[7.044643,4.819008],[7.044628,4.819073],[7.044555,4.819055],[7.04457,4.818991],[7.044643,4.819008]]]}},{"type":"Feature","properties":{"h":3.0,"on_route":false},"geometry":{"type":"Polygon","coordinates":[[[7.047345,4.815791],[7.047276,4.815811],[7.047264,4.815772],[7.047334,4.815752],[7.047345,4.815791]]]}},{"type":"Feature","properties":{"h":3.0,"on_route":false},"geometry":{"type":"Polygon","coordinates":[[[7.042533,4.818716],[7.042528,4.818729],[7.04257,4.818747],[7.042554,4.818785],[7.04246,4.818744],[7.042481,4.818694],[7.042533,4.818716]]]}},{"type":"Feature","properties":{"h":3.0,"on_route":false},"geometry":{"type":"Polygon","coordinates":[[[7.042592,4.814891],[7.042586,4.814899],[7.042723,4.814998],[7.042642,4.815111],[7.042498,4.815006],[7.042585,4.814886],[7.042592,4.814891]]]}},{"type":"Feature","properties":{"h":3.0,"on_route":false},"geometry":{"type":"Polygon","coordinates":[[[7.043067,4.816154],[7.043,4.816262],[7.04257,4.815994],[7.042637,4.815887],[7.043067,4.816154]]]}},{"type":"Feature","properties":{"h":3.0,"on_route":false},"geometry":{"type":"Polygon","coordinates":[[[7.042157,4.815912],[7.042119,4.81597],[7.042042,4.81592],[7.042079,4.815862],[7.042157,4.815912]]]}},{"type":"Feature","properties":{"h":3.0,"on_route":false},"geometry":{"type":"Polygon","coordinates":[[[7.042834,4.817345],[7.042692,4.81765],[7.042112,4.817377],[7.042255,4.817072],[7.042834,4.817345]]]}},{"type":"Feature","properties":{"h":3.0,"on_route":false},"geometry":{"type":"Polygon","coordinates":[[[7.04298,4.817583],[7.042895,4.817762],[7.042717,4.817677],[7.042803,4.817498],[7.04298,4.817583]]]}},{"type":"Feature","properties":{"h":3.0,"on_route":false},"geometry":{"type":"Polygon","coordinates":[[[7.042088,4.815848],[7.042042,4.81592],[7.041982,4.815881],[7.042028,4.815809],[7.042088,4.815848]]]}},{"type":"Feature","properties":{"h":3.0,"on_route":false},"geometry":{"type":"Polygon","coordinates":[[[7.041966,4.815771],[7.041919,4.815843],[7.041742,4.815728],[7.041789,4.815656],[7.041966,4.815771]]]}},{"type":"Feature","properties":{"h":3.0,"on_route":false},"geometry":{"type":"Polygon","coordinates":[[[7.04731,4.816056],[7.047249,4.816077],[7.047232,4.816025],[7.047292,4.816004],[7.04731,4.816056]]]}},{"type":"Feature","properties":{"h":3.0,"on_route":false},"geometry":{"type":"Polygon","coordinates":[[[7.041677,4.820285],[7.041643,4.820368],[7.041583,4.820343],[7.041617,4.82026],[7.041677,4.820285]]]}},{"type":"Feature","properties":{"h":3.0,"on_route":false},"geometry":{"type":"Polygon","coordinates":[[[7.041678,4.815023],[7.041658,4.815065],[7.041593,4.815033],[7.041614,4.814991],[7.041678,4.815023]]]}},{"type":"Feature","properties":{"h":3.0,"on_route":false},"geometry":{"type":"Polygon","coordinates":[[[7.046946,4.817993],[7.046619,4.818027],[7.04661,4.817943],[7.046937,4.817908],[7.046946,4.817993]]]}},{"type":"Feature","properties":{"h":3.0,"on_route":false},"geometry":{"type":"Polygon","coordinates":[[[7.043251,4.814187],[7.043197,4.814143],[7.043255,4.814072],[7.043309,4.814115],[7.043251,4.814187]]]}},{"type":"Feature","properties":{"h":3.0,"on_route":false},"geometry":{"type":"Polygon","coordinates":[[[7.045309,4.816155],[7.045351,4.816278],[7.045319,4.816289],[7.045276,4.816167],[7.045309,4.816155]]]}},{"type":"Feature","properties":{"h":3.0,"on_route":false},"geometry":{"type":"Polygon","coordinates":[[[7.042774,4.818021],[7.042769,4.818042],[7.042661,4.818014],[7.042667,4.817993],[7.042774,4.818021]]]}},{"type":"Feature","properties":{"h":3.0,"on_route":false},"geometry":{"type":"Polygon","coordinates":[[[7.041499,4.817881],[7.041484,4.817924],[7.041447,4.81791],[7.041462,4.817867],[7.041499,4.817881]]]}},{"type":"Feature","properties":{"h":3.0,"on_route":false},"geometry":{"type":"Polygon","coordinates":[[[7.046559,4.820437],[7.046541,4.820513],[7.046151,4.820419],[7.04617,4.820343],[7.046559,4.820437]]]}},{"type":"Feature","properties":{"h":3.0,"on_route":false},"geometry":{"type":"Polygon","coordinates":[[[7.04154,4.820791],[7.041522,4.820858],[7.041476,4.820846],[7.041493,4.820779],[7.04154,4.820791]]]}},{"type":"Feature","properties":{"h":3.0,"on_route":false},"geometry":{"type":"Polygon","coordinates":[[[7.040535,4.818902],[7.040465,4.819085],[7.040357,4.819044],[7.040428,4.818861],[7.040535,4.818902]]]}},{"type":"Feature","properties":{"h":3.0,"on_route":false},"geometry":{"type":"Polygon","coordinates":[[[7.044648,4.819434],[7.044636,4.819493],[7.044533,4.819472],[7.044545,4.819413],[7.044648,4.819434]]]}},{"type":"Feature","properties":{"h":3.0,"on_route":false},"geometry":{"type":"Polygon","coordinates":[[[7.045465,4.820147],[7.045465,4.820188],[7.045415,4.820188],[7.045415,4.820147],[7.045465,4.820147]]]}},{"type":"Feature","properties":{"h":3.0,"on_route":false},"geometry":{"type":"Polygon","coordinates":[[[7.045597,4.816892],[7.045592,4.816912],[7.045629,4.81692],[7.045619,4.816967],[7.045557,4.816954],[7.045571,4.816887],[7.045597,4.816892]]]}},{"type":"Feature","properties":{"h":3.0,"on_route":false},"geometry":{"type":"Polygon","coordinates":[[[7.045987,4.817173],[7.045898,4.817189],[7.045888,4.817135],[7.045977,4.817119],[7.045987,4.817173]]]}},{"type":"Feature","properties":{"h":3.0,"on_route":false},"geometry":{"type":"Polygon","coordinates":[[[7.045121,4.817221],[7.045101,4.817203],[7.045146,4.817154],[7.045166,4.817172],[7.045121,4.817221]]]}},{"type":"Feature","properties":{"h":3.0,"on_route":false},"geometry":{"type":"Polygon","coordinates":[[[7.042965,4.814601],[7.042911,4.814681],[7.042881,4.814661],[7.042934,4.814581],[7.042965,4.814601]]]}},{"type":"Feature","properties":{"h":3.0,"on_route":false},"geometry":{"type":"Polygon","coordinates":[[[7.041121,4.818801],[7.041343,4.818894],[7.041321,4.818948],[7.041099,4.818855],[7.041121,4.818801]]]}},{"type":"Feature","properties":{"h":3.0,"on_route":false},"geometry":{"type":"Polygon","coordinates":[[[7.044544,4.818488],[7.044528,4.818523],[7.044493,4.818507],[7.044509,4.818473],[7.044544,4.818488]]]}},{"type":"Feature","properties":{"h":3.0,"on_route":false},"geometry":{"type":"Polygon","coordinates":[[[7.042872,4.819663],[7.042868,4.819698],[7.042839,4.819695],[7.042844,4.81966],[7.042872,4.819663]]]}},{"type":"Feature","properties":{"h":3.0,"on_route":false},"geometry":{"type":"Polygon","coordinates":[[[7.04882,4.817595],[7.048835,4.817611],[7.048798,4.817648],[7.048713,4.817562],[7.048819,4.817456],[7.048889,4.817527],[7.04882,4.817595]]]}},{"type":"Feature","properties":{"h":3.0,"on_route":false},"geometry":{"type":"Polygon","coordinates":[[[7.041155,4.819668],[7.041145,4.8197],[7.041099,4.819686],[7.041109,4.819654],[7.041155,4.819668]]]}},{"type":"Feature","properties":{"h":3.0,"on_route":false},"geometry":{"type":"Polygon","coordinates":[[[7.045894,4.818606],[7.045888,4.81864],[7.045837,4.81863],[7.045843,4.818596],[7.045894,4.818606]]]}},{"type":"Feature","properties":{"h":3.0,"on_route":false},"geometry":{"type":"Polygon","coordinates":[[[7.042952,4.819251],[7.042938,4.819292],[7.042903,4.81928],[7.042917,4.819239],[7.042952,4.819251]]]}},{"type":"Feature","properties":{"h":3.0,"on_route":false},"geometry":{"type":"Polygon","coordinates":[[[7.046549,4.817949],[7.04656,4.818053],[7.046515,4.818058],[7.046504,4.817954],[7.046549,4.817949]]]}},{"type":"Feature","properties":{"h":3.0,"on_route":false},"geometry":{"type":"Polygon","coordinates":[[[7.043888,4.817519],[7.043867,4.817568],[7.043807,4.817543],[7.043828,4.817493],[7.043888,4.817519]]]}},{"type":"Feature","properties":{"h":3.0,"on_route":false},"geometry":{"type":"Polygon","coordinates":[[[7.041264,4.82007],[7.041241,4.820172],[7.041108,4.820142],[7.041131,4.82004],[7.041264,4.82007]]]}},{"type":"Feature","properties":{"h":3.0,"on_route":false},"geometry":{"type":"Polygon","coordinates":[[[7.04163,4.820815],[7.041613,4.820882],[7.041522,4.820858],[7.04154,4.820791],[7.04163,4.820815]]]}},{"type":"Feature","properties":{"h":3.0,"on_route":false},"geometry":{"type":"Polygon","coordinates":[[[7.042241,4.819528],[7.042232,4.819552],[7.042254,4.819561],[7.04222,4.819647],[7.04199,4.819557],[7.042033,4.819447],[7.042241,4.819528]]]}},{"type":"Feature","properties":{"h":3.0,"on_route":false},"geometry":{"type":"Polygon","coordinates":[[[7.045557,4.819025],[7.045537,4.819088],[7.045497,4.819075],[7.045517,4.819012],[7.045557,4.819025]]]}},{"type":"Feature","properties":{"h":3.0,"on_route":false},"geometry":{"type":"Polygon","coordinates":[[[7.048344,4.816815],[7.048287,4.816863],[7.048242,4.81681],[7.048299,4.816762],[7.048344,4.816815]]]}},{"type":"Feature","properties":{"h":3.0,"on_route":false},"geometry":{"type":"Polygon","coordinates":[[[7.042805,4.819494],[7.042795,4.81953],[7.042777,4.819525],[7.042788,4.819489],[7.042805,4.819494]]]}},{"type":"Feature","properties":{"h":3.0,"on_route":false},"geometry":{"type":"Polygon","coordinates":[[[7.044927,4.82035],[7.045234,4.820425],[7.045214,4.820508],[7.044907,4.820433],[7.044927,4.82035]]]}},{"type":"Feature","properties":{"h":3.0,"on_route":false},"geometry":{"type":"Polygon","coordinates":[[[7.042739,4.820843],[7.042722,4.82089],[7.042684,4.820876],[7.042701,4.820829],[7.042739,4.820843]]]}},{"type":"Feature","properties":{"h":3.0,"on_route":false},"geometry":{"type":"Polygon","coordinates":[[[7.045263,4.816905],[7.045153,4.816961],[7.045136,4.816927],[7.045246,4.816871],[7.045263,4.816905]]]}},{"type":"Feature","properties":{"h":3.0,"on_route":false},"geometry":{"type":"Polygon","coordinates":[[[7.045731,4.819974],[7.04572,4.820042],[7.045676,4.820034],[7.045688,4.819967],[7.045731,4.819974]]]}},{"type":"Feature","properties":{"h":3.0,"on_route":false},"geometry":{"type":"Polygon","coordinates":[[[7.042783,4.816846],[7.043292,4.817144],[7.043213,4.817279],[7.042737,4.817001],[7.0428,4.816893],[7.042767,4.816874],[7.042783,4.816846]]]}},{"type":"Feature","properties":{"h":3.0,"on_route":false},"geometry":{"type":"Polygon","coordinates":[[[7.043979,4.817341],[7.043962,4.817389],[7.043922,4.817374],[7.043939,4.817327],[7.043979,4.817341]]]}},{"type":"Feature","properties":{"h":3.0,"on_route":false},"geometry":{"type":"Polygon","coordinates":[[[7.04256,4.821587],[7.042564,4.821645],[7.042502,4.821649],[7.042498,4.821591],[7.04256,4.821587]]]}},{"type":"Feature","properties":{"h":3.0,"on_route":false},"geometry":{"type":"Polygon","coordinates":[[[7.043511,4.816423],[7.043499,4.816445],[7.043989,4.816723],[7.043912,4.816859],[7.042994,4.816338],[7.043083,4.81618],[7.043511,4.816423]]]}},{"type":"Feature","properties":{"h":3.0,"on_route":false},"geometry":{"type":"Polygon","coordinates":[[[7.043608,4.819208],[7.043598,4.819235],[7.043573,4.819225],[7.043583,4.819199],[7.043608,4.819208]]]}},{"type":"Feature","properties":{"h":3.0,"on_route":false},"geometry":{"type":"Polygon","coordinates":[[[7.041906,4.815314],[7.041885,4.815346],[7.041843,4.815318],[7.04182,4.815352],[7.041797,4.815336],[7.041841,4.81527],[7.041906,4.815314]]]}},{"type":"Feature","properties":{"h":3.0,"on_route":false},"geometry":{"type":"Polygon","coordinates":[[[7.041253,4.815317],[7.041223,4.81537],[7.041178,4.815345],[7.041208,4.815292],[7.041253,4.815317]]]}},{"type":"Feature","properties":{"h":3.0,"on_route":true},"geometry":{"type":"Polygon","coordinates":[[[7.045784,4.817161],[7.045681,4.817201],[7.045672,4.817179],[7.045775,4.817139],[7.045784,4.817161]]]}},{"type":"Feature","properties":{"h":3.0,"on_route":false},"geometry":{"type":"Polygon","coordinates":[[[7.044497,4.816312],[7.044461,4.816295],[7.044489,4.81624],[7.044524,4.816257],[7.044497,4.816312]]]}},{"type":"Feature","properties":{"h":3.0,"on_route":false},"geometry":{"type":"Polygon","coordinates":[[[7.040794,4.817816],[7.040762,4.817902],[7.040638,4.817856],[7.04067,4.81777],[7.040794,4.817816]]]}},{"type":"Feature","properties":{"h":3.0,"on_route":false},"geometry":{"type":"Polygon","coordinates":[[[7.043758,4.820216],[7.043723,4.820339],[7.043619,4.820309],[7.043612,4.820333],[7.043516,4.820305],[7.043523,4.820281],[7.043423,4.820252],[7.043459,4.820129],[7.043758,4.820216]]]}},{"type":"Feature","properties":{"h":3.0,"on_route":false},"geometry":{"type":"Polygon","coordinates":[[[7.045462,4.818559],[7.045444,4.818594],[7.045372,4.818556],[7.04539,4.818521],[7.045462,4.818559]]]}},{"type":"Feature","properties":{"h":3.0,"on_route":false},"geometry":{"type":"Polygon","coordinates":[[[7.044248,4.818657],[7.044236,4.818696],[7.044216,4.81869],[7.044229,4.818651],[7.044248,4.818657]]]}},{"type":"Feature","properties":{"h":3.0,"on_route":false},"geometry":{"type":"Polygon","coordinates":[[[7.040447,4.820054],[7.041003,4.820186],[7.040994,4.820224],[7.040438,4.820092],[7.040447,4.820054]]]}},{"type":"Feature","properties":{"h":3.0,"on_route":false},"geometry":{"type":"Polygon","coordinates":[[[7.042664,4.817839],[7.042638,4.817897],[7.04258,4.81787],[7.042607,4.817813],[7.042664,4.817839]]]}},{"type":"Feature","properties":{"h":3.0,"on_route":false},"geometry":{"type":"Polygon","coordinates":[[[7.047236,4.816561],[7.04692,4.816738],[7.046876,4.816658],[7.047191,4.816481],[7.047236,4.816561]]]}},{"type":"Feature","properties":{"h":3.0,"on_route":false},"geometry":{"type":"Polygon","coordinates":[[[7.04386,4.816455],[7.043849,4.816479],[7.043797,4.816456],[7.043807,4.816431],[7.04386,4.816455]]]}},{"type":"Feature","properties":{"h":3.0,"on_route":false},"geometry":{"type":"Polygon","coordinates":[[[7.042939,4.817959],[7.042926,4.817995],[7.042874,4.817975],[7.042888,4.817939],[7.042939,4.817959]]]}},{"type":"Feature","properties":{"h":3.0,"on_route":false},"geometry":{"type":"Polygon","coordinates":[[[7.043206,4.820504],[7.043181,4.820588],[7.042973,4.820527],[7.042997,4.820443],[7.043206,4.820504]]]}},{"type":"Feature","properties":{"h":3.0,"on_route":false},"geometry":{"type":"Polygon","coordinates":[[[7.044068,4.817908],[7.04402,4.818006],[7.043999,4.817996],[7.044047,4.817897],[7.044068,4.817908]]]}},{"type":"Feature","properties":{"h":3.0,"on_route":false},"geometry":{"type":"Polygon","coordinates":[[[7.044811,4.819462],[7.044802,4.819516],[7.044767,4.819511],[7.044775,4.819456],[7.044811,4.819462]]]}},{"type":"Feature","properties":{"h":3.0,"on_route":false},"geometry":{"type":"Polygon","coordinates":[[[7.041265,4.819144],[7.041289,4.819089],[7.041445,4.819157],[7.04142,4.819212],[7.041557,4.819272],[7.041581,4.819217],[7.041845,4.819334],[7.041821,4.819389],[7.041882,4.819416],[7.041785,4.819638],[7.041738,4.819617],[7.041726,4.819646],[7.040987,4.81932],[7.040999,4.819292],[7.040935,4.819263],[7.040924,4.81929],[7.040906,4.819282],[7.041015,4.819033],[7.041265,4.819144]]]}},{"type":"Feature","properties":{"h":3.0,"on_route":false},"geometry":{"type":"Polygon","coordinates":[[[7.043831,4.81772],[7.043819,4.817755],[7.043774,4.817739],[7.043786,4.817704],[7.043831,4.81772]]]}},{"type":"Feature","properties":{"h":3.0,"on_route":false},"geometry":{"type":"Polygon","coordinates":[[[7.045646,4.816876],[7.045625,4.816858],[7.045677,4.816795],[7.045698,4.816813],[7.045646,4.816876]]]}},{"type":"Feature","properties":{"h":3.0,"on_route":false},"geometry":{"type":"Polygon","coordinates":[[[7.041832,4.817992],[7.041793,4.818083],[7.041709,4.818047],[7.041748,4.817956],[7.041832,4.817992]]]}},{"type":"Feature","properties":{"h":3.0,"on_route":false},"geometry":{"type":"Polygon","coordinates":[[[7.043256,4.820464],[7.043242,4.820509],[7.043018,4.820442],[7.043032,4.820397],[7.043256,4.820464]]]}},{"type":"Feature","properties":{"h":3.0,"on_route":false},"geometry":{"type":"Polygon","coordinates":[[[7.041027,4.8164],[7.040842,4.816293],[7.041031,4.815965],[7.041216,4.816072],[7.041027,4.8164]]]}},{"type":"Feature","properties":{"h":3.0,"on_route":false},"geometry":{"type":"Polygon","coordinates":[[[7.046145,4.819727],[7.046157,4.8198],[7.046107,4.819807],[7.046096,4.819735],[7.046145,4.819727]]]}},{"type":"Feature","properties":{"h":3.0,"on_route":false},"geometry":{"type":"Polygon","coordinates":[[[7.044168,4.819107],[7.044158,4.819142],[7.044122,4.819132],[7.044132,4.819097],[7.044168,4.819107]]]}},{"type":"Feature","properties":{"h":3.0,"on_route":false},"geometry":{"type":"Polygon","coordinates":[[[7.042674,4.815789],[7.042634,4.815849],[7.042605,4.815829],[7.042645,4.81577],[7.042674,4.815789]]]}},{"type":"Feature","properties":{"h":3.0,"on_route":false},"geometry":{"type":"Polygon","coordinates":[[[7.040798,4.820054],[7.040779,4.820136],[7.040713,4.820121],[7.040732,4.820038],[7.040798,4.820054]]]}},{"type":"Feature","properties":{"h":3.0,"on_route":false},"geometry":{"type":"Polygon","coordinates":[[[7.044979,4.817828],[7.044961,4.81788],[7.044924,4.817867],[7.044942,4.817815],[7.044979,4.817828]]]}},{"type":"Feature","properties":{"h":3.0,"on_route":false},"geometry":{"type":"Polygon","coordinates":[[[7.04381,4.821185],[7.043767,4.821332],[7.043674,4.821305],[7.043718,4.821157],[7.04381,4.821185]]]}},{"type":"Feature","properties":{"h":3.0,"on_route":false},"geometry":{"type":"Polygon","coordinates":[[[7.042859,4.814429],[7.042735,4.8146],[7.042648,4.814537],[7.042773,4.814366],[7.042859,4.814429]]]}},{"type":"Feature","properties":{"h":3.0,"on_route":false},"geometry":{"type":"Polygon","coordinates":[[[7.041042,4.815946],[7.040837,4.816307],[7.040563,4.816151],[7.040683,4.81594],[7.040752,4.815979],[7.040837,4.815829],[7.041042,4.815946]]]}},{"type":"Feature","properties":{"h":3.0,"on_route":false},"geometry":{"type":"Polygon","coordinates":[[[7.045265,4.820404],[7.045251,4.820434],[7.04519,4.820407],[7.045204,4.820376],[7.045265,4.820404]]]}},{"type":"Feature","properties":{"h":3.0,"on_route":false},"geometry":{"type":"Polygon","coordinates":[[[7.041567,4.817581],[7.041565,4.81758],[7.041625,4.817452],[7.041574,4.817428],[7.041599,4.817375],[7.041626,4.817387],[7.041634,4.81737],[7.041838,4.817468],[7.042298,4.817684],[7.042289,4.817704],[7.04247,4.81779],[7.042489,4.81775],[7.042567,4.817788],[7.042487,4.817957],[7.042412,4.817921],[7.042383,4.817982],[7.042394,4.817987],[7.042306,4.818172],[7.042329,4.818183],[7.042327,4.818188],[7.042303,4.818177],[7.042302,4.818179],[7.041949,4.818008],[7.041531,4.817811],[7.04155,4.81777],[7.041492,4.817742],[7.041567,4.817581]]]}},{"type":"Feature","properties":{"h":3.0,"on_route":false},"geometry":{"type":"Polygon","coordinates":[[[7.045767,4.820153],[7.045487,4.820195],[7.045473,4.820101],[7.045753,4.820059],[7.045767,4.820153]]]}},{"type":"Feature","properties":{"h":3.0,"on_route":false},"geometry":{"type":"Polygon","coordinates":[[[7.046166,4.82019],[7.045876,4.820234],[7.045863,4.820146],[7.046153,4.820102],[7.046166,4.82019]]]}},{"type":"Feature","properties":{"h":3.0,"on_route":false},"geometry":{"type":"Polygon","coordinates":[[[7.042471,4.819489],[7.042465,4.819534],[7.042431,4.81953],[7.042437,4.819484],[7.042471,4.819489]]]}},{"type":"Feature","properties":{"h":3.0,"on_route":false},"geometry":{"type":"Polygon","coordinates":[[[7.042596,4.819516],[7.042585,4.819571],[7.042463,4.819547],[7.042474,4.819492],[7.042596,4.819516]]]}},{"type":"Feature","properties":{"h":3.0,"on_route":false},"geometry":{"type":"Polygon","coordinates":[[[7.046511,4.816272],[7.046294,4.816397],[7.046253,4.816325],[7.04647,4.816201],[7.046511,4.816272]]]}},{"type":"Feature","properties":{"h":3.0,"on_route":false},"geometry":{"type":"Polygon","coordinates":[[[7.040583,4.816523],[7.040482,4.816798],[7.040505,4.816807],[7.040475,4.816889],[7.040451,4.81688],[7.040368,4.817106],[7.040063,4.816993],[7.040045,4.817041],[7.039372,4.816791],[7.039473,4.816517],[7.039497,4.816526],[7.039535,4.816423],[7.039511,4.816414],[7.039605,4.81616],[7.040583,4.816523]]]}},{"type":"Feature","properties":{"h":3.0,"on_route":false},"geometry":{"type":"Polygon","coordinates":[[[7.044782,4.81666],[7.044642,4.816725],[7.044615,4.816666],[7.044755,4.816602],[7.044782,4.81666]]]}},{"type":"Feature","properties":{"h":3.0,"on_route":true},"geometry":{"type":"Polygon","coordinates":[[[7.046862,4.817916],[7.046504,4.817954],[7.046494,4.817865],[7.046852,4.817827],[7.046862,4.817916]]]}},{"type":"Feature","properties":{"h":3.0,"on_route":false},"geometry":{"type":"Polygon","coordinates":[[[7.041483,4.819935],[7.041452,4.820012],[7.0413,4.819949],[7.041331,4.819872],[7.041483,4.819935]]]}},{"type":"Feature","properties":{"h":3.0,"on_route":false},"geometry":{"type":"Polygon","coordinates":[[[7.041962,4.81686],[7.041945,4.816899],[7.041896,4.816878],[7.041913,4.816839],[7.041962,4.81686]]]}},{"type":"Feature","properties":{"h":3.0,"on_route":false},"geometry":{"type":"Polygon","coordinates":[[[7.048567,4.818608],[7.048485,4.818643],[7.048362,4.818348],[7.048443,4.818313],[7.048567,4.818608]]]}},{"type":"Feature","properties":{"h":3.0,"on_route":false},"geometry":{"type":"Polygon","coordinates":[[[7.042503,4.814391],[7.042589,4.814455],[7.04254,4.814521],[7.042389,4.814409],[7.042385,4.814415],[7.042057,4.814169],[7.042041,4.81419],[7.042457,4.814505],[7.042456,4.814506],[7.042516,4.814551],[7.042472,4.81461],[7.042434,4.81458],[7.042375,4.814658],[7.042371,4.814656],[7.04237,4.814658],[7.042141,4.814482],[7.042102,4.814533],[7.042127,4.814552],[7.042113,4.81457],[7.042118,4.814574],[7.042015,4.814712],[7.042009,4.814707],[7.042006,4.814711],[7.041644,4.814434],[7.041304,4.814179],[7.041307,4.814175],[7.041306,4.814174],[7.041349,4.814117],[7.041073,4.81391],[7.041072,4.81391],[7.040991,4.813848],[7.040993,4.813846],[7.040991,4.813845],[7.041259,4.813488],[7.041389,4.81331],[7.041391,4.813311],[7.041393,4.813309],[7.041598,4.813463],[7.041778,4.813595],[7.041912,4.813691],[7.041902,4.813691],[7.042462,4.814111],[7.042394,4.814202],[7.042286,4.814121],[7.042274,4.814138],[7.042455,4.81427],[7.042453,4.814272],[7.042477,4.814291],[7.042477,4.814292],[7.042541,4.81434],[7.042503,4.814391]]]}},{"type":"Feature","properties":{"h":3.0,"on_route":false},"geometry":{"type":"Polygon","coordinates":[[[7.04263,4.814725],[7.042564,4.814816],[7.04248,4.814754],[7.042547,4.814663],[7.04263,4.814725]]]}},{"type":"Feature","properties":{"h":3.0,"on_route":false},"geometry":{"type":"Polygon","coordinates":[[[7.043826,4.818183],[7.043709,4.818125],[7.043866,4.817805],[7.043982,4.817863],[7.043826,4.818183]]]}},{"type":"Feature","properties":{"h":3.0,"on_route":false},"geometry":{"type":"Polygon","coordinates":[[[7.042672,4.819469],[7.042646,4.819457],[7.042687,4.819365],[7.042713,4.819376],[7.042672,4.819469]]]}},{"type":"Feature","properties":{"h":3.0,"on_route":false},"geometry":{"type":"Polygon","coordinates":[[[7.04301,4.819281],[7.042996,4.819321],[7.042937,4.819301],[7.042951,4.81926],[7.04301,4.819281]]]}},{"type":"Feature","properties":{"h":3.0,"on_route":false},"geometry":{"type":"Polygon","coordinates":[[[7.043312,4.818135],[7.043288,4.818192],[7.043234,4.81817],[7.043257,4.818113],[7.043312,4.818135]]]}},{"type":"Feature","properties":{"h":3.0,"on_route":false},"geometry":{"type":"Polygon","coordinates":[[[7.040931,4.818073],[7.040915,4.818126],[7.040862,4.81811],[7.040878,4.818057],[7.040931,4.818073]]]}},{"type":"Feature","properties":{"h":3.0,"on_route":false},"geometry":{"type":"Polygon","coordinates":[[[7.041172,4.818574],[7.041152,4.818625],[7.041041,4.818579],[7.041062,4.818528],[7.041172,4.818574]]]}},{"type":"Feature","properties":{"h":3.0,"on_route":true},"geometry":{"type":"Polygon","coordinates":[[[7.046525,4.817602],[7.04654,4.817671],[7.046499,4.81768],[7.046484,4.817611],[7.046525,4.817602]]]}},{"type":"Feature","properties":{"h":3.0,"on_route":false},"geometry":{"type":"Polygon","coordinates":[[[7.043416,4.816965],[7.043304,4.81716],[7.042982,4.816975],[7.043095,4.816779],[7.043416,4.816965]]]}},{"type":"Feature","properties":{"h":3.0,"on_route":false},"geometry":{"type":"Polygon","coordinates":[[[7.041763,4.815397],[7.041753,4.815412],[7.041772,4.815424],[7.041625,4.815652],[7.041442,4.815533],[7.041599,4.81529],[7.041763,4.815397]]]}},{"type":"Feature","properties":{"h":3.0,"on_route":false},"geometry":{"type":"Polygon","coordinates":[[[7.044077,4.819075],[7.044032,4.819182],[7.043845,4.819103],[7.043891,4.818995],[7.044077,4.819075]]]}},{"type":"Feature","properties":{"h":3.0,"on_route":false},"geometry":{"type":"Polygon","coordinates":[[[7.047664,4.817455],[7.04736,4.817594],[7.047322,4.817511],[7.047626,4.817372],[7.047664,4.817455]]]}},{"type":"Feature","properties":{"h":3.0,"on_route":false},"geometry":{"type":"Polygon","coordinates":[[[7.046758,4.816863],[7.046807,4.816938],[7.046497,4.817139],[7.046449,4.817063],[7.046758,4.816863]]]}},{"type":"Feature","properties":{"h":3.0,"on_route":false},"geometry":{"type":"Polygon","coordinates":[[[7.045739,4.819077],[7.045737,4.819121],[7.045611,4.819114],[7.045613,4.81907],[7.045739,4.819077]]]}},{"type":"Feature","properties":{"h":3.0,"on_route":false},"geometry":{"type":"Polygon","coordinates":[[[7.047164,4.815809],[7.047051,4.815844],[7.047025,4.815759],[7.047137,4.815724],[7.047164,4.815809]]]}},{"type":"Feature","properties":{"h":3.0,"on_route":false},"geometry":{"type":"Polygon","coordinates":[[[7.042181,4.819327],[7.042172,4.819366],[7.042144,4.81936],[7.042153,4.819321],[7.042181,4.819327]]]}},{"type":"Feature","properties":{"h":3.0,"on_route":false},"geometry":{"type":"Polygon","coordinates":[[[7.0413,4.820154],[7.041315,4.820089],[7.041486,4.82013],[7.04148,4.820156],[7.041509,4.820163],[7.041516,4.820138],[7.041583,4.820154],[7.041572,4.820198],[7.041616,4.820208],[7.0416,4.820271],[7.041319,4.820203],[7.041312,4.820234],[7.041259,4.820221],[7.041276,4.820148],[7.0413,4.820154]]]}},{"type":"Feature","properties":{"h":3.0,"on_route":false},"geometry":{"type":"Polygon","coordinates":[[[7.046817,4.816897],[7.046776,4.816895],[7.046778,4.81684],[7.04682,4.816842],[7.046817,4.816897]]]}},{"type":"Feature","properties":{"h":3.0,"on_route":false},"geometry":{"type":"Polygon","coordinates":[[[7.046508,4.8165],[7.046453,4.816538],[7.046424,4.816495],[7.046479,4.816457],[7.046508,4.8165]]]}},{"type":"Feature","properties":{"h":3.0,"on_route":false},"geometry":{"type":"Polygon","coordinates":[[[7.041492,4.820366],[7.041473,4.820446],[7.041012,4.820337],[7.041031,4.820258],[7.041492,4.820366]]]}},{"type":"Feature","properties":{"h":3.0,"on_route":false},"geometry":{"type":"Polygon","coordinates":[[[7.042911,4.814681],[7.042856,4.814764],[7.042826,4.814744],[7.042881,4.814661],[7.042911,4.814681]]]}},{"type":"Feature","properties":{"h":3.0,"on_route":false},"geometry":{"type":"Polygon","coordinates":[[[7.045395,4.816653],[7.045049,4.816812],[7.044986,4.816675],[7.044958,4.816688],[7.044923,4.816612],[7.045296,4.816439],[7.045395,4.816653]]]}},{"type":"Feature","properties":{"h":3.0,"on_route":false},"geometry":{"type":"Polygon","coordinates":[[[7.042169,4.8198],[7.04216,4.819844],[7.042125,4.819837],[7.042134,4.819793],[7.042169,4.8198]]]}},{"type":"Feature","properties":{"h":3.0,"on_route":false},"geometry":{"type":"Polygon","coordinates":[[[7.042795,4.81953],[7.042783,4.819572],[7.042716,4.819552],[7.042728,4.81951],[7.042795,4.81953]]]}},{"type":"Feature","properties":{"h":3.0,"on_route":false},"geometry":{"type":"Polygon","coordinates":[[[7.04268,4.82159],[7.042679,4.821641],[7.0426,4.82164],[7.042601,4.821589],[7.04268,4.82159]]]}},{"type":"Feature","properties":{"h":3.0,"on_route":false},"geometry":{"type":"Polygon","coordinates":[[[7.047874,4.815037],[7.047865,4.815063],[7.047834,4.815052],[7.047843,4.815027],[7.047874,4.815037]]]}},{"type":"Feature","properties":{"h":3.0,"on_route":true},"geometry":{"type":"Polygon","coordinates":[[[7.046428,4.817689],[7.046439,4.817752],[7.046396,4.817759],[7.046384,4.817697],[7.046428,4.817689]]]}},{"type":"Feature","properties":{"h":3.0,"on_route":false},"geometry":{"type":"Polygon","coordinates":[[[7.047457,4.815969],[7.047403,4.81599],[7.047379,4.815931],[7.047434,4.815909],[7.047457,4.815969]]]}},{"type":"Feature","properties":{"h":3.0,"on_route":false},"geometry":{"type":"Polygon","coordinates":[[[7.048548,4.817905],[7.048566,4.817886],[7.048632,4.817948],[7.048614,4.817967],[7.048548,4.817905]]]}},{"type":"Feature","properties":{"h":3.0,"on_route":false},"geometry":{"type":"Polygon","coordinates":[[[7.042695,4.817929],[7.042632,4.81801],[7.042612,4.817994],[7.042675,4.817914],[7.042695,4.817929]]]}},{"type":"Feature","properties":{"h":3.0,"on_route":false},"geometry":{"type":"Polygon","coordinates":[[[7.041687,4.82042],[7.041668,4.820502],[7.041475,4.820457],[7.041494,4.820375],[7.041687,4.82042]]]}},{"type":"Feature","properties":{"h":3.0,"on_route":false},"geometry":{"type":"Polygon","coordinates":[[[7.045959,4.816],[7.045811,4.816078],[7.045771,4.816],[7.045918,4.815923],[7.045959,4.816]]]}},{"type":"Feature","properties":{"h":3.0,"on_route":false},"geometry":{"type":"Polygon","coordinates":[[[7.045357,4.816857],[7.045263,4.816905],[7.045246,4.816871],[7.04534,4.816823],[7.045357,4.816857]]]}},{"type":"Feature","properties":{"h":3.0,"on_route":false},"geometry":{"type":"Polygon","coordinates":[[[7.043061,4.817697],[7.04316,4.817759],[7.043144,4.817786],[7.043044,4.817723],[7.043061,4.817697]]]}},{"type":"Feature","properties":{"h":3.0,"on_route":false},"geometry":{"type":"Polygon","coordinates":[[[7.041522,4.820858],[7.041509,4.82091],[7.041484,4.820903],[7.041475,4.82094],[7.041453,4.820934],[7.04146,4.820905],[7.041337,4.820873],[7.041352,4.820814],[7.041522,4.820858]]]}},{"type":"Feature","properties":{"h":3.0,"on_route":false},"geometry":{"type":"Polygon","coordinates":[[[7.040541,4.819728],[7.040535,4.81978],[7.040504,4.819776],[7.04051,4.819724],[7.040541,4.819728]]]}},{"type":"Feature","properties":{"h":3.0,"on_route":false},"geometry":{"type":"Polygon","coordinates":[[[7.046962,4.817103],[7.046655,4.817293],[7.046597,4.817201],[7.046904,4.81701],[7.046962,4.817103]]]}},{"type":"Feature","properties":{"h":3.0,"on_route":false},"geometry":{"type":"Polygon","coordinates":[[[7.044934,4.815838],[7.044929,4.815881],[7.044853,4.815873],[7.044858,4.81583],[7.044934,4.815838]]]}},{"type":"Feature","properties":{"h":3.0,"on_route":false},"geometry":{"type":"Polygon","coordinates":[[[7.040427,4.820081],[7.040521,4.820104],[7.040513,4.820138],[7.040983,4.820249],[7.040964,4.820328],[7.0404,4.820195],[7.040427,4.820081]]]}},{"type":"Feature","properties":{"h":3.0,"on_route":false},"geometry":{"type":"Polygon","coordinates":[[[7.047015,4.816999],[7.04697,4.817019],[7.046942,4.816956],[7.046986,4.816936],[7.047015,4.816999]]]}},{"type":"Feature","properties":{"h":3.0,"on_route":false},"geometry":{"type":"Polygon","coordinates":[[[7.044994,4.813646],[7.044999,4.813546],[7.045252,4.813559],[7.045245,4.813696],[7.044964,4.813682],[7.044966,4.813645],[7.044994,4.813646]]]}},{"type":"Feature","properties":{"h":3.0,"on_route":false},"geometry":{"type":"Polygon","coordinates":[[[7.041739,4.817978],[7.041688,4.818097],[7.041515,4.818023],[7.041566,4.817904],[7.041739,4.817978]]]}},{"type":"Feature","properties":{"h":3.0,"on_route":false},"geometry":{"type":"Polygon","coordinates":[[[7.047111,4.815328],[7.047048,4.815392],[7.046818,4.815162],[7.046881,4.815099],[7.047111,4.815328]]]}},{"type":"Feature","properties":{"h":3.0,"on_route":false},"geometry":{"type":"Polygon","coordinates":[[[7.04584,4.820368],[7.045674,4.820393],[7.045658,4.820282],[7.045823,4.820257],[7.04584,4.820368]]]}},{"type":"Feature","properties":{"h":3.0,"on_route":false},"geometry":{"type":"Polygon","coordinates":[[[7.042358,4.815597],[7.042193,4.815855],[7.042187,4.815851],[7.042176,4.815867],[7.042105,4.815821],[7.042174,4.815713],[7.042146,4.815695],[7.042234,4.815558],[7.042262,4.815576],[7.042281,4.815547],[7.042358,4.815597]]]}},{"type":"Feature","properties":{"h":3.0,"on_route":false},"geometry":{"type":"Polygon","coordinates":[[[7.043896,4.81899],[7.043866,4.819059],[7.043721,4.818996],[7.043751,4.818926],[7.043896,4.81899]]]}},{"type":"Feature","properties":{"h":3.0,"on_route":false},"geometry":{"type":"Polygon","coordinates":[[[7.048286,4.819354],[7.04829,4.819406],[7.048246,4.819409],[7.048243,4.819357],[7.048286,4.819354]]]}},{"type":"Feature","properties":{"h":3.0,"on_route":false},"geometry":{"type":"Polygon","coordinates":[[[7.046432,4.817106],[7.04611,4.817199],[7.04608,4.817094],[7.046402,4.817002],[7.046432,4.817106]]]}},{"type":"Feature","properties":{"h":3.0,"on_route":false},"geometry":{"type":"Polygon","coordinates":[[[7.043591,4.813498],[7.043315,4.81386],[7.04324,4.813803],[7.043516,4.81344],[7.043591,4.813498]]]}},{"type":"Feature","properties":{"h":3.0,"on_route":false},"geometry":{"type":"Polygon","coordinates":[[[7.04583,4.819709],[7.045706,4.819731],[7.045697,4.819678],[7.045821,4.819656],[7.04583,4.819709]]]}},{"type":"Feature","properties":{"h":3.0,"on_route":false},"geometry":{"type":"Polygon","coordinates":[[[7.041602,4.816498],[7.04158,4.816545],[7.041524,4.816521],[7.041546,4.816472],[7.041602,4.816498]]]}},{"type":"Feature","properties":{"h":3.0,"on_route":false},"geometry":{"type":"Polygon","coordinates":[[[7.042488,4.819694],[7.042486,4.819718],[7.042455,4.819716],[7.042457,4.819692],[7.042488,4.819694]]]}},{"type":"Feature","properties":{"h":3.0,"on_route":false},"geometry":{"type":"Polygon","coordinates":[[[7.040362,4.818691],[7.040318,4.818672],[7.04036,4.818567],[7.040405,4.818586],[7.040362,4.818691]]]}},{"type":"Feature","properties":{"h":3.0,"on_route":false},"geometry":{"type":"Polygon","coordinates":[[[7.041508,4.820298],[7.041499,4.820334],[7.041039,4.820225],[7.041047,4.820189],[7.041508,4.820298]]]}},{"type":"Feature","properties":{"h":3.0,"on_route":false},"geometry":{"type":"Polygon","coordinates":[[[7.041056,4.820032],[7.041033,4.82012],[7.040901,4.820084],[7.040925,4.819996],[7.041056,4.820032]]]}},{"type":"Feature","properties":{"h":3.0,"on_route":false},"geometry":{"type":"Polygon","coordinates":[[[7.042285,4.818705],[7.042249,4.818689],[7.042296,4.818585],[7.042332,4.818601],[7.042285,4.818705]]]}},{"type":"Feature","properties":{"h":3.0,"on_route":false},"geometry":{"type":"Polygon","coordinates":[[[7.042115,4.817352],[7.041943,4.817269],[7.042146,4.816847],[7.042216,4.816881],[7.042238,4.816835],[7.04234,4.816885],[7.042115,4.817352]]]}},{"type":"Feature","properties":{"h":3.0,"on_route":false},"geometry":{"type":"Polygon","coordinates":[[[7.0458,4.819067],[7.045795,4.819137],[7.045751,4.819134],[7.045756,4.819064],[7.0458,4.819067]]]}},{"type":"Feature","properties":{"h":3.0,"on_route":false},"geometry":{"type":"Polygon","coordinates":[[[7.04328,4.819728],[7.043261,4.81979],[7.04311,4.819745],[7.043129,4.819683],[7.04328,4.819728]]]}},{"type":"Feature","properties":{"h":3.0,"on_route":false},"geometry":{"type":"Polygon","coordinates":[[[7.046565,4.818067],[7.046564,4.818112],[7.04652,4.818111],[7.046521,4.818066],[7.046565,4.818067]]]}},{"type":"Feature","properties":{"h":3.0,"on_route":false},"geometry":{"type":"Polygon","coordinates":[[[7.046601,4.813886],[7.046595,4.813922],[7.046573,4.813919],[7.04656,4.81388],[7.046601,4.813886]]]}},{"type":"Feature","properties":{"h":3.0,"on_route":false},"geometry":{"type":"Polygon","coordinates":[[[7.042227,4.819472],[7.042201,4.819464],[7.042224,4.81939],[7.042251,4.819398],[7.042227,4.819472]]]}},{"type":"Feature","properties":{"h":3.0,"on_route":true},"geometry":{"type":"Polygon","coordinates":[[[7.046438,4.817536],[7.046418,4.817585],[7.046378,4.817569],[7.046397,4.81752],[7.046438,4.817536]]]}},{"type":"Feature","properties":{"h":3.0,"on_route":false},"geometry":{"type":"Polygon","coordinates":[[[7.043024,4.821149],[7.04298,4.821289],[7.042819,4.821239],[7.042863,4.821098],[7.043024,4.821149]]]}},{"type":"Feature","properties":{"h":3.0,"on_route":false},"geometry":{"type":"Polygon","coordinates":[[[7.045345,4.815953],[7.045395,4.816069],[7.045369,4.81608],[7.04532,4.815964],[7.045345,4.815953]]]}},{"type":"Feature","properties":{"h":3.0,"on_route":false},"geometry":{"type":"Polygon","coordinates":[[[7.04871,4.816177],[7.048631,4.816255],[7.048552,4.816174],[7.048631,4.816096],[7.04871,4.816177]]]}},{"type":"Feature","properties":{"h":3.0,"on_route":false},"geometry":{"type":"Polygon","coordinates":[[[7.048268,4.819724],[7.047863,4.819751],[7.047855,4.819639],[7.04826,4.819612],[7.048268,4.819724]]]}},{"type":"Feature","properties":{"h":3.0,"on_route":false},"geometry":{"type":"Polygon","coordinates":[[[7.042463,4.821115],[7.042422,4.821096],[7.042462,4.821006],[7.042503,4.821024],[7.042463,4.821115]]]}},{"type":"Feature","properties":{"h":3.0,"on_route":false},"geometry":{"type":"Polygon","coordinates":[[[7.048778,4.816368],[7.048749,4.816391],[7.048635,4.816238],[7.048664,4.816216],[7.048778,4.816368]]]}},{"type":"Feature","properties":{"h":3.0,"on_route":false},"geometry":{"type":"Polygon","coordinates":[[[7.048414,4.817141],[7.048393,4.817128],[7.048415,4.817091],[7.048437,4.817104],[7.048414,4.817141]]]}},{"type":"Feature","properties":{"h":3.0,"on_route":false},"geometry":{"type":"Polygon","coordinates":[[[7.04252,4.814919],[7.042459,4.814999],[7.042315,4.814888],[7.042376,4.814808],[7.04252,4.814919]]]}},{"type":"Feature","properties":{"h":3.0,"on_route":false},"geometry":{"type":"Polygon","coordinates":[[[7.044107,4.817926],[7.043925,4.817836],[7.044177,4.817327],[7.044358,4.817417],[7.044107,4.817926]]]}},{"type":"Feature","properties":{"h":3.0,"on_route":false},"geometry":{"type":"Polygon","coordinates":[[[7.044851,4.816634],[7.044792,4.816657],[7.044769,4.816599],[7.044828,4.816575],[7.044851,4.816634]]]}},{"type":"Feature","properties":{"h":3.0,"on_route":false},"geometry":{"type":"Polygon","coordinates":[[[7.043384,4.814659],[7.043341,4.814727],[7.043303,4.814702],[7.043346,4.814634],[7.043384,4.814659]]]}},{"type":"Feature","properties":{"h":3.0,"on_route":false},"geometry":{"type":"Polygon","coordinates":[[[7.044367,4.818684],[7.044353,4.818723],[7.044308,4.818706],[7.044323,4.818667],[7.044367,4.818684]]]}},{"type":"Feature","properties":{"h":3.0,"on_route":false},"geometry":{"type":"Polygon","coordinates":[[[7.042229,4.819494],[7.042221,4.819522],[7.042187,4.819512],[7.042195,4.819485],[7.042229,4.819494]]]}},{"type":"Feature","properties":{"h":3.0,"on_route":false},"geometry":{"type":"Polygon","coordinates":[[[7.046911,4.816992],[7.046605,4.817198],[7.046547,4.817111],[7.046853,4.816905],[7.046911,4.816992]]]}},{"type":"Feature","properties":{"h":3.0,"on_route":false},"geometry":{"type":"Polygon","coordinates":[[[7.041679,4.820939],[7.041683,4.820964],[7.04164,4.820971],[7.041636,4.820946],[7.041679,4.820939]]]}},{"type":"Feature","properties":{"h":3.0,"on_route":false},"geometry":{"type":"Polygon","coordinates":[[[7.042859,4.814517],[7.042817,4.814486],[7.042877,4.814404],[7.042919,4.814435],[7.042859,4.814517]]]}},{"type":"Feature","properties":{"h":3.0,"on_route":false},"geometry":{"type":"Polygon","coordinates":[[[7.047991,4.816284],[7.047953,4.816321],[7.047927,4.816295],[7.047965,4.816258],[7.047991,4.816284]]]}},{"type":"Feature","properties":{"h":3.0,"on_route":true},"geometry":{"type":"Polygon","coordinates":[[[7.046451,4.817828],[7.046429,4.817884],[7.04638,4.817865],[7.046402,4.817809],[7.046451,4.817828]]]}},{"type":"Feature","properties":{"h":3.0,"on_route":false},"geometry":{"type":"Polygon","coordinates":[[[7.040711,4.82003],[7.040695,4.820095],[7.040568,4.820065],[7.040584,4.82],[7.040711,4.82003]]]}},{"type":"Feature","properties":{"h":3.0,"on_route":false},"geometry":{"type":"Polygon","coordinates":[[[7.041928,4.816903],[7.041926,4.816925],[7.041895,4.816922],[7.041898,4.8169],[7.041928,4.816903]]]}},{"type":"Feature","properties":{"h":3.0,"on_route":false},"geometry":{"type":"Polygon","coordinates":[[[7.042646,4.819457],[7.04262,4.819445],[7.042661,4.819353],[7.042687,4.819365],[7.042646,4.819457]]]}},{"type":"Feature","properties":{"h":3.0,"on_route":false},"geometry":{"type":"Polygon","coordinates":[[[7.048,4.814862],[7.047931,4.814907],[7.047818,4.814734],[7.047886,4.814689],[7.048,4.814862]]]}},{"type":"Feature","properties":{"h":3.0,"on_route":false},"geometry":{"type":"Polygon","coordinates":[[[7.042459,4.818222],[7.042425,4.818206],[7.042475,4.818096],[7.042509,4.818112],[7.042459,4.818222]]]}},{"type":"Feature","properties":{"h":3.0,"on_route":false},"geometry":{"type":"Polygon","coordinates":[[[7.041834,4.816097],[7.041777,4.816189],[7.041807,4.816208],[7.041777,4.816257],[7.041656,4.816183],[7.041744,4.816041],[7.041834,4.816097]]]}},{"type":"Feature","properties":{"h":3.0,"on_route":false},"geometry":{"type":"Polygon","coordinates":[[[7.042558,4.819688],[7.042548,4.819716],[7.042516,4.819703],[7.042526,4.819676],[7.042558,4.819688]]]}},{"type":"Feature","properties":{"h":3.0,"on_route":false},"geometry":{"type":"Polygon","coordinates":[[[7.048774,4.817966],[7.048769,4.818018],[7.048741,4.818016],[7.048745,4.817964],[7.048774,4.817966]]]}},{"type":"Feature","properties":{"h":3.0,"on_route":false},"geometry":{"type":"Polygon","coordinates":[[[7.046692,4.81804],[7.046702,4.818139],[7.046587,4.818151],[7.046576,4.818052],[7.046692,4.81804]]]}},{"type":"Feature","properties":{"h":3.0,"on_route":false},"geometry":{"type":"Polygon","coordinates":[[[7.043298,4.81574],[7.043354,4.815655],[7.043592,4.815814],[7.043573,4.815843],[7.0436,4.81586],[7.043566,4.815911],[7.044118,4.81628],[7.044115,4.816285],[7.044176,4.816326],[7.044027,4.81655],[7.043818,4.81641],[7.043849,4.816363],[7.043378,4.816048],[7.043427,4.815973],[7.043052,4.815722],[7.043119,4.81562],[7.043298,4.81574]]]}},{"type":"Feature","properties":{"h":3.0,"on_route":false},"geometry":{"type":"Polygon","coordinates":[[[7.040356,4.81795],[7.040235,4.818269],[7.040134,4.81823],[7.040256,4.817911],[7.040356,4.81795]]]}},{"type":"Feature","properties":{"h":3.0,"on_route":false},"geometry":{"type":"Polygon","coordinates":[[[7.04239,4.820752],[7.042386,4.820781],[7.042318,4.820771],[7.042322,4.820742],[7.04239,4.820752]]]}},{"type":"Feature","properties":{"h":3.0,"on_route":false},"geometry":{"type":"Polygon","coordinates":[[[7.043881,4.814145],[7.043849,4.814191],[7.04381,4.814163],[7.043842,4.814118],[7.043881,4.814145]]]}},{"type":"Feature","properties":{"h":3.0,"on_route":false},"geometry":{"type":"Polygon","coordinates":[[[7.043964,4.817273],[7.043947,4.817308],[7.043863,4.817269],[7.043879,4.817234],[7.043964,4.817273]]]}},{"type":"Feature","properties":{"h":3.0,"on_route":false},"geometry":{"type":"Polygon","coordinates":[[[7.046339,4.816277],[7.046042,4.816448],[7.045994,4.816362],[7.04629,4.816192],[7.046339,4.816277]]]}},{"type":"Feature","properties":{"h":3.0,"on_route":false},"geometry":{"type":"Polygon","coordinates":[[[7.043454,4.817013],[7.043432,4.817061],[7.043399,4.817045],[7.04342,4.816998],[7.043454,4.817013]]]}},{"type":"Feature","properties":{"h":3.0,"on_route":false},"geometry":{"type":"Polygon","coordinates":[[[7.040201,4.819377],[7.04008,4.81933],[7.040282,4.818805],[7.040403,4.818852],[7.040201,4.819377]]]}},{"type":"Feature","properties":{"h":3.0,"on_route":false},"geometry":{"type":"Polygon","coordinates":[[[7.046079,4.819861],[7.046077,4.819924],[7.046029,4.819922],[7.046031,4.819859],[7.046079,4.819861]]]}},{"type":"Feature","properties":{"h":3.0,"on_route":false},"geometry":{"type":"Polygon","coordinates":[[[7.041677,4.814849],[7.041674,4.814875],[7.041648,4.814872],[7.041651,4.814847],[7.041677,4.814849]]]}},{"type":"Feature","properties":{"h":3.0,"on_route":false},"geometry":{"type":"Polygon","coordinates":[[[7.041455,4.815349],[7.041367,4.815485],[7.041217,4.815388],[7.041305,4.815252],[7.041455,4.815349]]]}},{"type":"Feature","properties":{"h":3.0,"on_route":false},"geometry":{"type":"Polygon","coordinates":[[[7.041644,4.814902],[7.041606,4.814966],[7.041518,4.814912],[7.041557,4.814849],[7.041644,4.814902]]]}},{"type":"Feature","properties":{"h":3.0,"on_route":false},"geometry":{"type":"Polygon","coordinates":[[[7.044009,4.813741],[7.043985,4.813785],[7.043938,4.813759],[7.043962,4.813715],[7.044009,4.813741]]]}},{"type":"Feature","properties":{"h":3.0,"on_route":true},"geometry":{"type":"Polygon","coordinates":[[[7.04652,4.81754],[7.046514,4.817592],[7.046441,4.817583],[7.046447,4.817531],[7.04652,4.81754]]]}},{"type":"Feature","properties":{"h":3.0,"on_route":false},"geometry":{"type":"Polygon","coordinates":[[[7.044927,4.819441],[7.044924,4.819481],[7.044903,4.81948],[7.044906,4.81944],[7.044927,4.819441]]]}},{"type":"Feature","properties":{"h":3.0,"on_route":false},"geometry":{"type":"Polygon","coordinates":[[[7.044828,4.818881],[7.044777,4.819075],[7.044643,4.819039],[7.044694,4.818845],[7.044828,4.818881]]]}},{"type":"Feature","properties":{"h":3.0,"on_route":false},"geometry":{"type":"Polygon","coordinates":[[[7.042444,4.820949],[7.042415,4.821116],[7.042156,4.82107],[7.042161,4.821042],[7.041728,4.820965],[7.041752,4.820826],[7.042444,4.820949]]]}},{"type":"Feature","properties":{"h":3.0,"on_route":false},"geometry":{"type":"Polygon","coordinates":[[[7.044544,4.81661],[7.044484,4.816727],[7.044418,4.816693],[7.044479,4.816576],[7.044544,4.81661]]]}},{"type":"Feature","properties":{"h":3.0,"on_route":false},"geometry":{"type":"Polygon","coordinates":[[[7.042888,4.817939],[7.042874,4.817975],[7.042823,4.817956],[7.042836,4.817919],[7.042888,4.817939]]]}},{"type":"Feature","properties":{"h":3.0,"on_route":false},"geometry":{"type":"Polygon","coordinates":[[[7.047099,4.81514],[7.047034,4.815206],[7.046797,4.814967],[7.046862,4.814901],[7.047099,4.81514]]]}},{"type":"Feature","properties":{"h":3.0,"on_route":false},"geometry":{"type":"Polygon","coordinates":[[[7.043262,4.818112],[7.043236,4.818167],[7.043147,4.818124],[7.043174,4.818069],[7.043262,4.818112]]]}},{"type":"Feature","properties":{"h":3.0,"on_route":false},"geometry":{"type":"Polygon","coordinates":[[[7.044317,4.815125],[7.044263,4.815188],[7.043922,4.814897],[7.043976,4.814833],[7.044317,4.815125]]]}},{"type":"Feature","properties":{"h":3.0,"on_route":false},"geometry":{"type":"Polygon","coordinates":[[[7.044704,4.819224],[7.044692,4.819283],[7.044589,4.819261],[7.044602,4.819202],[7.044704,4.819224]]]}},{"type":"Feature","properties":{"h":3.0,"on_route":false},"geometry":{"type":"Polygon","coordinates":[[[7.044058,4.82076],[7.044033,4.820865],[7.043964,4.820848],[7.043989,4.820744],[7.044058,4.82076]]]}},{"type":"Feature","properties":{"h":3.0,"on_route":false},"geometry":{"type":"Polygon","coordinates":[[[7.044359,4.819894],[7.044336,4.819887],[7.044369,4.819783],[7.044392,4.81979],[7.044359,4.819894]]]}},{"type":"Feature","properties":{"h":3.0,"on_route":false},"geometry":{"type":"Polygon","coordinates":[[[7.04548,4.815967],[7.04539,4.816007],[7.04536,4.815937],[7.04545,4.815898],[7.04548,4.815967]]]}},{"type":"Feature","properties":{"h":3.0,"on_route":false},"geometry":{"type":"Polygon","coordinates":[[[7.041797,4.81827],[7.041707,4.818472],[7.041251,4.818269],[7.04134,4.818067],[7.041797,4.81827]]]}},{"type":"Feature","properties":{"h":3.0,"on_route":false},"geometry":{"type":"Polygon","coordinates":[[[7.046298,4.814324],[7.046254,4.814362],[7.046232,4.814337],[7.046276,4.814299],[7.046298,4.814324]]]}},{"type":"Feature","properties":{"h":3.0,"on_route":false},"geometry":{"type":"Polygon","coordinates":[[[7.046123,4.816647],[7.046033,4.816697],[7.045954,4.816556],[7.046044,4.816505],[7.046123,4.816647]]]}},{"type":"Feature","properties":{"h":3.0,"on_route":false},"geometry":{"type":"Polygon","coordinates":[[[7.048566,4.81715],[7.048523,4.817185],[7.048501,4.817157],[7.048544,4.817122],[7.048566,4.81715]]]}},{"type":"Feature","properties":{"h":3.0,"on_route":false},"geometry":{"type":"Polygon","coordinates":[[[7.043427,4.815973],[7.043346,4.816095],[7.042971,4.815844],[7.043052,4.815722],[7.043427,4.815973]]]}},{"type":"Feature","properties":{"h":3.0,"on_route":false},"geometry":{"type":"Polygon","coordinates":[[[7.043212,4.818752],[7.04308,4.819062],[7.042607,4.818861],[7.042738,4.81855],[7.043212,4.818752]]]}},{"type":"Feature","properties":{"h":3.0,"on_route":false},"geometry":{"type":"Polygon","coordinates":[[[7.047034,4.817559],[7.047057,4.817611],[7.047032,4.817623],[7.047008,4.817571],[7.047034,4.817559]]]}},{"type":"Feature","properties":{"h":3.0,"on_route":false},"geometry":{"type":"Polygon","coordinates":[[[7.046816,4.816684],[7.046526,4.816891],[7.046464,4.816803],[7.046754,4.816596],[7.046816,4.816684]]]}},{"type":"Feature","properties":{"h":3.0,"on_route":false},"geometry":{"type":"Polygon","coordinates":[[[7.041668,4.816692],[7.041647,4.816741],[7.04161,4.816725],[7.041631,4.816676],[7.041668,4.816692]]]}},{"type":"Feature","properties":{"h":3.0,"on_route":false},"geometry":{"type":"Polygon","coordinates":[[[7.040641,4.819665],[7.040618,4.819725],[7.040573,4.819708],[7.040575,4.819703],[7.040539,4.819689],[7.040559,4.819634],[7.040641,4.819665]]]}},{"type":"Feature","properties":{"h":3.0,"on_route":true},"geometry":{"type":"Polygon","coordinates":[[[7.046403,4.817804],[7.046357,4.8179],[7.04604,4.817746],[7.046086,4.817649],[7.046403,4.817804]]]}},{"type":"Feature","properties":{"h":3.0,"on_route":false},"geometry":{"type":"Polygon","coordinates":[[[7.040948,4.819888],[7.040941,4.819931],[7.040912,4.819927],[7.040919,4.819884],[7.040948,4.819888]]]}},{"type":"Feature","properties":{"h":3.0,"on_route":false},"geometry":{"type":"Polygon","coordinates":[[[7.046005,4.818058],[7.045993,4.818144],[7.045686,4.818101],[7.045698,4.818015],[7.046005,4.818058]]]}},{"type":"Feature","properties":{"h":3.0,"on_route":false},"geometry":{"type":"Polygon","coordinates":[[[7.042026,4.815348],[7.042005,4.81538],[7.041942,4.815338],[7.041963,4.815306],[7.042026,4.815348]]]}},{"type":"Feature","properties":{"h":3.0,"on_route":false},"geometry":{"type":"Polygon","coordinates":[[[7.043449,4.818658],[7.043424,4.818647],[7.043405,4.818694],[7.043321,4.818658],[7.043443,4.818364],[7.043552,4.81841],[7.043449,4.818658]]]}},{"type":"Feature","properties":{"h":3.0,"on_route":false},"geometry":{"type":"Polygon","coordinates":[[[7.047931,4.815966],[7.048,4.816045],[7.04797,4.816072],[7.047957,4.816057],[7.04793,4.816082],[7.047873,4.816017],[7.047931,4.815966]]]}},{"type":"Feature","properties":{"h":3.0,"on_route":false},"geometry":{"type":"Polygon","coordinates":[[[7.042524,4.818353],[7.042519,4.818382],[7.042466,4.818372],[7.042471,4.818344],[7.042524,4.818353]]]}},{"type":"Feature","properties":{"h":3.0,"on_route":false},"geometry":{"type":"Polygon","coordinates":[[[7.040889,4.819831],[7.040865,4.819917],[7.040555,4.819832],[7.040579,4.819746],[7.040889,4.819831]]]}},{"type":"Feature","properties":{"h":3.0,"on_route":false},"geometry":{"type":"Polygon","coordinates":[[[7.042535,4.821387],[7.042525,4.821429],[7.042476,4.821418],[7.042486,4.821376],[7.042535,4.821387]]]}},{"type":"Feature","properties":{"h":3.0,"on_route":false},"geometry":{"type":"Polygon","coordinates":[[[7.041513,4.815061],[7.04149,4.815112],[7.041429,4.815085],[7.041452,4.815033],[7.041513,4.815061]]]}},{"type":"Feature","properties":{"h":3.0,"on_route":false},"geometry":{"type":"Polygon","coordinates":[[[7.042156,4.814579],[7.042274,4.814669],[7.042244,4.814708],[7.042127,4.814618],[7.042156,4.814579]]]}},{"type":"Feature","properties":{"h":3.0,"on_route":false},"geometry":{"type":"Polygon","coordinates":[[[7.043059,4.819143],[7.043046,4.819178],[7.043084,4.819191],[7.043071,4.819227],[7.043034,4.819214],[7.04301,4.819281],[7.042926,4.819252],[7.042975,4.819113],[7.043059,4.819143]]]}},{"type":"Feature","properties":{"h":3.0,"on_route":false},"geometry":{"type":"Polygon","coordinates":[[[7.048276,4.816629],[7.048216,4.816667],[7.04819,4.816626],[7.04825,4.816587],[7.048276,4.816629]]]}},{"type":"Feature","properties":{"h":3.0,"on_route":false},"geometry":{"type":"Polygon","coordinates":[[[7.045983,4.818363],[7.045984,4.818389],[7.045926,4.818391],[7.045925,4.818366],[7.045983,4.818363]]]}},{"type":"Feature","properties":{"h":3.0,"on_route":false},"geometry":{"type":"Polygon","coordinates":[[[7.04569,4.819014],[7.045688,4.819059],[7.045631,4.819058],[7.045633,4.819012],[7.04569,4.819014]]]}},{"type":"Feature","properties":{"h":3.0,"on_route":false},"geometry":{"type":"Polygon","coordinates":[[[7.046004,4.820343],[7.04584,4.820368],[7.045823,4.820257],[7.045988,4.820232],[7.046004,4.820343]]]}},{"type":"Feature","properties":{"h":3.0,"on_route":false},"geometry":{"type":"Polygon","coordinates":[[[7.044497,4.816312],[7.044471,4.816365],[7.044435,4.816347],[7.044461,4.816295],[7.044497,4.816312]]]}},{"type":"Feature","properties":{"h":3.0,"on_route":false},"geometry":{"type":"Polygon","coordinates":[[[7.048613,4.815911],[7.048555,4.815961],[7.048594,4.816006],[7.048517,4.816073],[7.048452,4.815997],[7.048477,4.815975],[7.048458,4.815953],[7.048568,4.815858],[7.048613,4.815911]]]}},{"type":"Feature","properties":{"h":3.0,"on_route":false},"geometry":{"type":"Polygon","coordinates":[[[7.043817,4.818177],[7.043798,4.818217],[7.043735,4.818186],[7.043754,4.818147],[7.043817,4.818177]]]}},{"type":"Feature","properties":{"h":3.0,"on_route":false},"geometry":{"type":"Polygon","coordinates":[[[7.045187,4.813388],[7.04523,4.813389],[7.045228,4.813543],[7.04506,4.813541],[7.04506,4.813517],[7.045106,4.813518],[7.045108,4.81336],[7.045187,4.813361],[7.045187,4.813388]]]}},{"type":"Feature","properties":{"h":3.0,"on_route":false},"geometry":{"type":"Polygon","coordinates":[[[7.042367,4.818617],[7.042332,4.818601],[7.04238,4.818497],[7.042414,4.818513],[7.042367,4.818617]]]}}]}