{"type":"FeatureCollection","features":[{"type":"Feature","properties":{"h":3.0,"on_route":false},"geometry":{"type":"Polygon","coordinates":[[[7.041025,4.820701],[7.041041,4.820632],[7.04113,4.820652],[7.041122,4.820683],[7.041249,4.820712],[7.041228,4.820804],[7.041057,4.820765],[7.041049,4.820801],[7.040971,4.820783],[7.040992,4.820693],[7.041025,4.820701]]]}},{"type":"Feature","properties":{"h":3.0,"on_route":false},"geometry":{"type":"Polygon","coordinates":[[[7.040681,4.820606],[7.040695,4.820546],[7.04077,4.820563],[7.040763,4.820591],[7.040904,4.820624],[7.040883,4.820715],[7.040836,4.820704],[7.04084,4.820686],[7.040788,4.820674],[7.040783,4.820692],[7.040742,4.820682],[7.040746,4.820664],[7.040719,4.820658],[7.040707,4.820709],[7.040623,4.820689],[7.040644,4.820598],[7.040681,4.820606]]]}},{"type":"Feature","properties":{"h":3.0,"on_route":false},"geometry":{"type":"Polygon","coordinates":[[[7.039999,4.814465],[7.040098,4.814532],[7.040084,4.814554],[7.039984,4.814487],[7.039999,4.814465]]]}},{"type":"Feature","properties":{"h":3.0,"on_route":false},"geometry":{"type":"Polygon","coordinates":[[[7.041782,4.814723],[7.041693,4.814844],[7.041596,4.814771],[7.041685,4.81465],[7.041782,4.814723]]]}},{"type":"Feature","properties":{"h":3.0,"on_route":false},"geometry":{"type":"Polygon","coordinates":[[[7.040244,4.822628],[7.040231,4.822796],[7.039882,4.82277],[7.039894,4.822603],[7.040244,4.822628]]]}},{"type":"Feature","properties":{"h":3.0,"on_route":false},"geometry":{"type":"Polygon","coordinates":[[[7.040466,4.817898],[7.040461,4.817933],[7.040437,4.817929],[7.040443,4.817894],[7.040466,4.817898]]]}},{"type":"Feature","properties":{"h":3.0,"on_route":false},"geometry":{"type":"Polygon","coordinates":[[[7.043168,4.816101],[7.043135,4.816163],[7.043074,4.81613],[7.043106,4.816068],[7.043168,4.816101]]]}},{"type":"Feature","properties":{"h":3.0,"on_route":false},"geometry":{"type":"Polygon","coordinates":[[[7.042598,4.818221],[7.042501,4.818198],[7.042527,4.818086],[7.042581,4.818099],[7.042598,4.818024],[7.042641,4.818034],[7.042598,4.818221]]]}},{"type":"Feature","properties":{"h":3.0,"on_route":false},"geometry":{"type":"Polygon","coordinates":[[[7.040246,4.820504],[7.040209,4.820499],[7.040216,4.820445],[7.040254,4.82045],[7.040246,4.820504]]]}},{"type":"Feature","properties":{"h":3.0,"on_route":false},"geometry":{"type":"Polygon","coordinates":[[[7.041449,4.817847],[7.041439,4.817872],[7.04139,4.817852],[7.0414,4.817827],[7.041449,4.817847]]]}},{"type":"Feature","properties":{"h":3.0,"on_route":false},"geometry":{"type":"Polygon","coordinates":[[[7.041167,4.821512],[7.041165,4.821556],[7.041097,4.821553],[7.0411,4.821509],[7.041167,4.821512]]]}},{"type":"Feature","properties":{"h":3.0,"on_route":false},"geometry":{"type":"Polygon","coordinates":[[[7.040576,4.815611],[7.040544,4.815665],[7.040334,4.815537],[7.040366,4.815484],[7.040576,4.815611]]]}},{"type":"Feature","properties":{"h":3.0,"on_route":false},"geometry":{"type":"Polygon","coordinates":[[[7.0412,4.814941],[7.04103,4.814871],[7.041243,4.814357],[7.041412,4.814427],[7.0412,4.814941]]]}},{"type":"Feature","properties":{"h":3.0,"on_route":false},"geometry":{"type":"Polygon","coordinates":[[[7.039404,4.814222],[7.03937,4.814278],[7.039296,4.814233],[7.03933,4.814176],[7.039404,4.814222]]]}},{"type":"Feature","properties":{"h":3.0,"on_route":false},"geometry":{"type":"Polygon","coordinates":[[[7.041208,4.815194],[7.041162,4.815173],[7.041189,4.815114],[7.041159,4.815101],[7.041202,4.815006],[7.041278,4.815041],[7.041208,4.815194]]]}},{"type":"Feature","properties":{"h":3.0,"on_route":false},"geometry":{"type":"Polygon","coordinates":[[[7.04284,4.819543],[7.042827,4.819585],[7.042783,4.819572],[7.042795,4.81953],[7.04284,4.819543]]]}},{"type":"Feature","properties":{"h":3.0,"on_route":false},"geometry":{"type":"Polygon","coordinates":[[[7.04238,4.818497],[7.042332,4.818601],[7.042296,4.818585],[7.042343,4.81848],[7.04238,4.818497]]]}},{"type":"Feature","properties":{"h":3.0,"on_route":false},"geometry":{"type":"Polygon","coordinates":[[[7.043649,4.818033],[7.043631,4.818075],[7.043596,4.818059],[7.043615,4.818017],[7.043649,4.818033]]]}},{"type":"Feature","properties":{"h":3.0,"on_route":false},"geometry":{"type":"Polygon","coordinates":[[[7.041321,4.820781],[7.041298,4.82088],[7.041217,4.820861],[7.04124,4.820762],[7.041321,4.820781]]]}},{"type":"Feature","properties":{"h":3.0,"on_route":false},"geometry":{"type":"Polygon","coordinates":[[[7.039361,4.816498],[7.039221,4.81686],[7.039097,4.816812],[7.039237,4.81645],[7.039361,4.816498]]]}},{"type":"Feature","properties":{"h":3.0,"on_route":false},"geometry":{"type":"Polygon","coordinates":[[[7.038511,4.821386],[7.038484,4.821381],[7.03851,4.821262],[7.038537,4.821268],[7.038511,4.821386]]]}},{"type":"Feature","properties":{"h":3.0,"on_route":false},"geometry":{"type":"Polygon","coordinates":[[[7.042408,4.81516],[7.042371,4.815214],[7.042293,4.81516],[7.042331,4.815106],[7.042408,4.81516]]]}},{"type":"Feature","properties":{"h":3.0,"on_route":false},"geometry":{"type":"Polygon","coordinates":[[[7.037671,4.821792],[7.037661,4.821848],[7.037637,4.821844],[7.037647,4.821788],[7.037671,4.821792]]]}},{"type":"Feature","properties":{"h":3.0,"on_route":false},"geometry":{"type":"Polygon","coordinates":[[[7.039523,4.818797],[7.039488,4.818901],[7.039421,4.818878],[7.039455,4.818774],[7.039523,4.818797]]]}},{"type":"Feature","properties":{"h":3.0,"on_route":false},"geometry":{"type":"Polygon","coordinates":[[[7.036309,4.818173],[7.036123,4.818657],[7.035957,4.818593],[7.036144,4.818109],[7.036309,4.818173]]]}},{"type":"Feature","properties":{"h":3.0,"on_route":false},"geometry":{"type":"Polygon","coordinates":[[[7.038311,4.814352],[7.038285,4.814408],[7.038253,4.814393],[7.038278,4.814337],[7.038311,4.814352]]]}},{"type":"Feature","properties":{"h":3.0,"on_route":false},"geometry":{"type":"Polygon","coordinates":[[[7.036971,4.821362],[7.036789,4.821289],[7.036712,4.821481],[7.036622,4.821445],[7.036778,4.821057],[7.036806,4.821068],[7.036858,4.820939],[7.03692,4.820964],[7.036947,4.820896],[7.037129,4.82097],[7.036971,4.821362]]]}},{"type":"Feature","properties":{"h":3.0,"on_route":false},"geometry":{"type":"Polygon","coordinates":[[[7.043224,4.819222],[7.043093,4.819518],[7.043061,4.819504],[7.043192,4.819207],[7.043224,4.819222]]]}},{"type":"Feature","properties":{"h":3.0,"on_route":false},"geometry":{"type":"Polygon","coordinates":[[[7.042431,4.818477],[7.042415,4.818508],[7.04235,4.818475],[7.042366,4.818445],[7.042431,4.818477]]]}},{"type":"Feature","properties":{"h":3.0,"on_route":false},"geometry":{"type":"Polygon","coordinates":[[[7.038293,4.816958],[7.038172,4.816911],[7.038291,4.816601],[7.038412,4.816648],[7.038293,4.816958]]]}},{"type":"Feature","properties":{"h":3.0,"on_route":false},"geometry":{"type":"Polygon","coordinates":[[[7.036001,4.816842],[7.035977,4.816827],[7.036007,4.816779],[7.036031,4.816794],[7.036001,4.816842]]]}},{"type":"Feature","properties":{"h":3.0,"on_route":false},"geometry":{"type":"Polygon","coordinates":[[[7.042605,4.815868],[7.04258,4.815908],[7.042612,4.815928],[7.042532,4.816057],[7.042427,4.815991],[7.042434,4.815981],[7.042416,4.815969],[7.042467,4.815886],[7.042486,4.815897],[7.042518,4.815844],[7.0425,4.815833],[7.042514,4.815811],[7.042605,4.815868]]]}},{"type":"Feature","properties":{"h":3.0,"on_route":false},"geometry":{"type":"Polygon","coordinates":[[[7.040461,4.821475],[7.040459,4.821511],[7.040372,4.821507],[7.040374,4.82147],[7.040461,4.821475]]]}},{"type":"Feature","properties":{"h":3.0,"on_route":false},"geometry":{"type":"Polygon","coordinates":[[[7.042521,4.819264],[7.042492,4.819336],[7.04243,4.819311],[7.042459,4.819239],[7.042521,4.819264]]]}},{"type":"Feature","properties":{"h":3.0,"on_route":false},"geometry":{"type":"Polygon","coordinates":[[[7.039487,4.820849],[7.039478,4.820969],[7.039353,4.82096],[7.039363,4.82084],[7.039487,4.820849]]]}},{"type":"Feature","properties":{"h":3.0,"on_route":false},"geometry":{"type":"Polygon","coordinates":[[[7.043215,4.819086],[7.043119,4.819047],[7.043247,4.818729],[7.043343,4.818767],[7.043215,4.819086]]]}},{"type":"Feature","properties":{"h":3.0,"on_route":false},"geometry":{"type":"Polygon","coordinates":[[[7.04183,4.815592],[7.041742,4.815728],[7.041625,4.815652],[7.041713,4.815516],[7.04183,4.815592]]]}},{"type":"Feature","properties":{"h":3.0,"on_route":false},"geometry":{"type":"Polygon","coordinates":[[[7.039464,4.817223],[7.03943,4.817312],[7.039069,4.817173],[7.039102,4.817084],[7.039464,4.817223]]]}},{"type":"Feature","properties":{"h":3.0,"on_route":false},"geometry":{"type":"Polygon","coordinates":[[[7.039907,4.822578],[7.039876,4.822575],[7.039874,4.822606],[7.039785,4.8226],[7.039794,4.822475],[7.039856,4.82248],[7.039857,4.82246],[7.039916,4.822464],[7.039907,4.822578]]]}},{"type":"Feature","properties":{"h":3.0,"on_route":false},"geometry":{"type":"Polygon","coordinates":[[[7.039185,4.820359],[7.03905,4.820717],[7.038969,4.820687],[7.038918,4.820823],[7.038728,4.820752],[7.038779,4.820615],[7.038698,4.820585],[7.038833,4.820226],[7.039185,4.820359]]]}},{"type":"Feature","properties":{"h":3.0,"on_route":false},"geometry":{"type":"Polygon","coordinates":[[[7.0381,4.81496],[7.038083,4.814997],[7.038049,4.814981],[7.038067,4.814944],[7.0381,4.81496]]]}},{"type":"Feature","properties":{"h":3.0,"on_route":true},"geometry":{"type":"Polygon","coordinates":[[[7.041792,4.819688],[7.041662,4.820008],[7.041148,4.819797],[7.041279,4.819478],[7.041792,4.819688]]]}},{"type":"Feature","properties":{"h":3.0,"on_route":false},"geometry":{"type":"Polygon","coordinates":[[[7.040386,4.820632],[7.040383,4.820663],[7.040352,4.820661],[7.040355,4.82063],[7.040386,4.820632]]]}},{"type":"Feature","properties":{"h":3.0,"on_route":false},"geometry":{"type":"Polygon","coordinates":[[[7.036794,4.819443],[7.036753,4.819427],[7.036791,4.819331],[7.036832,4.819347],[7.036794,4.819443]]]}},{"type":"Feature","properties":{"h":3.0,"on_route":false},"geometry":{"type":"Polygon","coordinates":[[[7.039358,4.814395],[7.039301,4.81448],[7.039179,4.814397],[7.039236,4.814312],[7.039358,4.814395]]]}},{"type":"Feature","properties":{"h":3.0,"on_route":false},"geometry":{"type":"Polygon","coordinates":[[[7.037567,4.817924],[7.037537,4.817912],[7.037579,4.817801],[7.037609,4.817813],[7.037567,4.817924]]]}},{"type":"Feature","properties":{"h":3.0,"on_route":false},"geometry":{"type":"Polygon","coordinates":[[[7.042028,4.815809],[7.041982,4.815881],[7.041919,4.815841],[7.041965,4.815769],[7.042028,4.815809]]]}},{"type":"Feature","properties":{"h":3.0,"on_route":false},"geometry":{"type":"Polygon","coordinates":[[[7.040867,4.819917],[7.040837,4.820027],[7.040525,4.819943],[7.040554,4.819833],[7.040867,4.819917]]]}},{"type":"Feature","properties":{"h":3.0,"on_route":false},"geometry":{"type":"Polygon","coordinates":[[[7.041658,4.815065],[7.04163,4.815122],[7.041565,4.815091],[7.041593,4.815033],[7.041658,4.815065]]]}},{"type":"Feature","properties":{"h":3.0,"on_route":false},"geometry":{"type":"Polygon","coordinates":[[[7.043225,4.817882],[7.043204,4.817926],[7.043075,4.817863],[7.043096,4.817819],[7.043225,4.817882]]]}},{"type":"Feature","properties":{"h":3.0,"on_route":false},"geometry":{"type":"Polygon","coordinates":[[[7.041572,4.820588],[7.041563,4.82069],[7.041525,4.820687],[7.041529,4.820643],[7.041447,4.820636],[7.041452,4.820577],[7.041572,4.820588]]]}},{"type":"Feature","properties":{"h":3.0,"on_route":false},"geometry":{"type":"Polygon","coordinates":[[[7.042639,4.817061],[7.042573,4.817201],[7.042286,4.817066],[7.042352,4.816925],[7.042639,4.817061]]]}},{"type":"Feature","properties":{"h":3.0,"on_route":false},"geometry":{"type":"Polygon","coordinates":[[[7.04164,4.816393],[7.041592,4.816497],[7.041557,4.81648],[7.041604,4.816376],[7.04164,4.816393]]]}},{"type":"Feature","properties":{"h":3.0,"on_route":false},"geometry":{"type":"Polygon","coordinates":[[[7.039161,4.816063],[7.039137,4.816055],[7.039174,4.815958],[7.039197,4.815966],[7.039161,4.816063]]]}},{"type":"Feature","properties":{"h":3.0,"on_route":false},"geometry":{"type":"Polygon","coordinates":[[[7.034961,4.816928],[7.034977,4.816906],[7.035202,4.817063],[7.035187,4.817085],[7.035873,4.817562],[7.035714,4.817791],[7.035618,4.817724],[7.035669,4.817651],[7.035333,4.817417],[7.035282,4.817491],[7.035045,4.817326],[7.035096,4.817252],[7.034775,4.817029],[7.034882,4.816874],[7.034961,4.816928]]]}},{"type":"Feature","properties":{"h":3.0,"on_route":false},"geometry":{"type":"Polygon","coordinates":[[[7.040674,4.815855],[7.040624,4.815822],[7.040681,4.815734],[7.040731,4.815766],[7.040674,4.815855]]]}},{"type":"Feature","properties":{"h":3.0,"on_route":false},"geometry":{"type":"Polygon","coordinates":[[[7.038389,4.817784],[7.03838,4.817823],[7.038336,4.817813],[7.038345,4.817773],[7.038389,4.817784]]]}},{"type":"Feature","properties":{"h":3.0,"on_route":false},"geometry":{"type":"Polygon","coordinates":[[[7.043267,4.819984],[7.043253,4.820033],[7.043206,4.820019],[7.04322,4.81997],[7.043267,4.819984]]]}},{"type":"Feature","properties":{"h":3.0,"on_route":false},"geometry":{"type":"Polygon","coordinates":[[[7.038432,4.814479],[7.038408,4.814511],[7.038311,4.814438],[7.038336,4.814406],[7.038432,4.814479]]]}},{"type":"Feature","properties":{"h":3.0,"on_route":false},"geometry":{"type":"Polygon","coordinates":[[[7.041977,4.8213],[7.041977,4.821326],[7.041928,4.821325],[7.041929,4.821299],[7.041977,4.8213]]]}},{"type":"Feature","properties":{"h":3.0,"on_route":false},"geometry":{"type":"Polygon","coordinates":[[[7.038476,4.817962],[7.038462,4.818009],[7.03841,4.817994],[7.038424,4.817947],[7.038476,4.817962]]]}},{"type":"Feature","properties":{"h":3.0,"on_route":false},"geometry":{"type":"Polygon","coordinates":[[[7.03623,4.81762],[7.036186,4.817631],[7.036179,4.817604],[7.036222,4.817593],[7.03623,4.81762]]]}},{"type":"Feature","properties":{"h":3.0,"on_route":false},"geometry":{"type":"Polygon","coordinates":[[[7.041342,4.821962],[7.041338,4.822129],[7.04129,4.822128],[7.041294,4.821961],[7.041342,4.821962]]]}},{"type":"Feature","properties":{"h":3.0,"on_route":false},"geometry":{"type":"Polygon","coordinates":[[[7.041351,4.814972],[7.041312,4.815056],[7.041202,4.815006],[7.041241,4.814921],[7.041351,4.814972]]]}},{"type":"Feature","properties":{"h":3.0,"on_route":false},"geometry":{"type":"Polygon","coordinates":[[[7.036755,4.818904],[7.036591,4.818841],[7.036774,4.818357],[7.036938,4.81842],[7.036755,4.818904]]]}},{"type":"Feature","properties":{"h":3.0,"on_route":false},"geometry":{"type":"Polygon","coordinates":[[[7.039921,4.815446],[7.039878,4.815497],[7.039844,4.815468],[7.039888,4.815417],[7.039921,4.815446]]]}},{"type":"Feature","properties":{"h":3.0,"on_route":false},"geometry":{"type":"Polygon","coordinates":[[[7.037567,4.817924],[7.037543,4.817986],[7.037513,4.817974],[7.037537,4.817912],[7.037567,4.817924]]]}},{"type":"Feature","properties":{"h":3.0,"on_route":false},"geometry":{"type":"Polygon","coordinates":[[[7.039113,4.814306],[7.038989,4.814487],[7.038882,4.814413],[7.039006,4.814232],[7.039113,4.814306]]]}},{"type":"Feature","properties":{"h":3.0,"on_route":false},"geometry":{"type":"Polygon","coordinates":[[[7.043119,4.817347],[7.043092,4.817398],[7.042827,4.817259],[7.042854,4.817208],[7.043119,4.817347]]]}},{"type":"Feature","properties":{"h":3.0,"on_route":false},"geometry":{"type":"Polygon","coordinates":[[[7.042385,4.819715],[7.042375,4.819756],[7.042334,4.819745],[7.042345,4.819705],[7.042385,4.819715]]]}},{"type":"Feature","properties":{"h":3.0,"on_route":false},"geometry":{"type":"Polygon","coordinates":[[[7.04281,4.819653],[7.042809,4.819679],[7.042784,4.819678],[7.042785,4.819652],[7.04281,4.819653]]]}},{"type":"Feature","properties":{"h":3.0,"on_route":false},"geometry":{"type":"Polygon","coordinates":[[[7.041312,4.822295],[7.041315,4.82258],[7.040906,4.822584],[7.040904,4.822387],[7.041153,4.822384],[7.041152,4.822297],[7.041312,4.822295]]]}},{"type":"Feature","properties":{"h":3.0,"on_route":false},"geometry":{"type":"Polygon","coordinates":[[[7.037624,4.821025],[7.037614,4.821065],[7.037579,4.821057],[7.037588,4.821017],[7.037624,4.821025]]]}},{"type":"Feature","properties":{"h":3.0,"on_route":false},"geometry":{"type":"Polygon","coordinates":[[[7.042575,4.819623],[7.042578,4.819643],[7.042551,4.819646],[7.042549,4.819626],[7.042575,4.819623]]]}},{"type":"Feature","properties":{"h":3.0,"on_route":false},"geometry":{"type":"Polygon","coordinates":[[[7.041947,4.81502],[7.041857,4.81513],[7.041899,4.815164],[7.041851,4.815224],[7.04166,4.815069],[7.041708,4.815009],[7.041756,4.815048],[7.041846,4.814937],[7.041947,4.81502]]]}},{"type":"Feature","properties":{"h":3.0,"on_route":false},"geometry":{"type":"Polygon","coordinates":[[[7.037159,4.815915],[7.037142,4.815951],[7.037112,4.815936],[7.037129,4.8159],[7.037159,4.815915]]]}},{"type":"Feature","properties":{"h":3.0,"on_route":false},"geometry":{"type":"Polygon","coordinates":[[[7.042126,4.815104],[7.042217,4.815166],[7.042205,4.815184],[7.042114,4.815122],[7.042126,4.815104]]]}},{"type":"Feature","properties":{"h":3.0,"on_route":false},"geometry":{"type":"Polygon","coordinates":[[[7.038648,4.817433],[7.038709,4.817446],[7.038705,4.817468],[7.038643,4.817456],[7.038648,4.817433]]]}},{"type":"Feature","properties":{"h":3.0,"on_route":false},"geometry":{"type":"Polygon","coordinates":[[[7.041694,4.816582],[7.041684,4.81661],[7.04163,4.81659],[7.04164,4.816562],[7.041694,4.816582]]]}},{"type":"Feature","properties":{"h":3.0,"on_route":false},"geometry":{"type":"Polygon","coordinates":[[[7.041446,4.821095],[7.041452,4.821063],[7.041666,4.821105],[7.041614,4.821369],[7.04128,4.821304],[7.041326,4.821072],[7.041446,4.821095]]]}},{"type":"Feature","properties":{"h":3.0,"on_route":false},"geometry":{"type":"Polygon","coordinates":[[[7.036595,4.818171],[7.036587,4.818195],[7.036487,4.818158],[7.036496,4.818135],[7.036595,4.818171]]]}},{"type":"Feature","properties":{"h":3.0,"on_route":false},"geometry":{"type":"Polygon","coordinates":[[[7.041925,4.815403],[7.041951,4.815363],[7.042239,4.81555],[7.042088,4.815785],[7.042024,4.815744],[7.042047,4.815707],[7.041725,4.815498],[7.041827,4.815339],[7.041925,4.815403]]]}},{"type":"Feature","properties":{"h":3.0,"on_route":false},"geometry":{"type":"Polygon","coordinates":[[[7.041263,4.821209],[7.041244,4.821279],[7.041146,4.821253],[7.041164,4.821183],[7.041263,4.821209]]]}},{"type":"Feature","properties":{"h":3.0,"on_route":false},"geometry":{"type":"Polygon","coordinates":[[[7.042107,4.814992],[7.042046,4.815071],[7.041834,4.814908],[7.041895,4.814829],[7.042107,4.814992]]]}},{"type":"Feature","properties":{"h":3.0,"on_route":false},"geometry":{"type":"Polygon","coordinates":[[[7.042682,4.819014],[7.04265,4.819001],[7.042671,4.818947],[7.042704,4.81896],[7.042682,4.819014]]]}},{"type":"Feature","properties":{"h":3.0,"on_route":false},"geometry":{"type":"Polygon","coordinates":[[[7.042907,4.81666],[7.042721,4.81698],[7.042131,4.816634],[7.042317,4.816314],[7.042907,4.81666]]]}},{"type":"Feature","properties":{"h":3.0,"on_route":false},"geometry":{"type":"Polygon","coordinates":[[[7.042966,4.817746],[7.042944,4.817794],[7.042893,4.817771],[7.042915,4.817722],[7.042966,4.817746]]]}},{"type":"Feature","properties":{"h":3.0,"on_route":false},"geometry":{"type":"Polygon","coordinates":[[[7.037428,4.818275],[7.037391,4.818259],[7.037445,4.818137],[7.037482,4.818153],[7.037428,4.818275]]]}},{"type":"Feature","properties":{"h":3.0,"on_route":false},"geometry":{"type":"Polygon","coordinates":[[[7.037074,4.819161],[7.037062,4.819187],[7.036989,4.819155],[7.037001,4.819128],[7.037074,4.819161]]]}},{"type":"Feature","properties":{"h":3.0,"on_route":false},"geometry":{"type":"Polygon","coordinates":[[[7.042548,4.818682],[7.042509,4.818665],[7.042559,4.818547],[7.042598,4.818563],[7.042548,4.818682]]]}},{"type":"Feature","properties":{"h":3.0,"on_route":false},"geometry":{"type":"Polygon","coordinates":[[[7.03945,4.814594],[7.039361,4.814719],[7.039102,4.814533],[7.039191,4.814408],[7.03945,4.814594]]]}},{"type":"Feature","properties":{"h":3.0,"on_route":false},"geometry":{"type":"Polygon","coordinates":[[[7.041732,4.816514],[7.041709,4.816568],[7.041647,4.816542],[7.041669,4.816488],[7.041732,4.816514]]]}},{"type":"Feature","properties":{"h":3.0,"on_route":false},"geometry":{"type":"Polygon","coordinates":[[[7.039134,4.814619],[7.03912,4.814642],[7.039034,4.814589],[7.039049,4.814566],[7.039134,4.814619]]]}},{"type":"Feature","properties":{"h":3.0,"on_route":false},"geometry":{"type":"Polygon","coordinates":[[[7.040196,4.814419],[7.040171,4.814455],[7.040085,4.814395],[7.04011,4.814359],[7.040196,4.814419]]]}},{"type":"Feature","properties":{"h":3.0,"on_route":true},"geometry":{"type":"Polygon","coordinates":[[[7.04085,4.819247],[7.040828,4.819298],[7.040716,4.819248],[7.040738,4.819198],[7.04085,4.819247]]]}},{"type":"Feature","properties":{"h":3.0,"on_route":false},"geometry":{"type":"Polygon","coordinates":[[[7.039386,4.817988],[7.039328,4.817966],[7.039449,4.81764],[7.039507,4.817662],[7.039386,4.817988]]]}},{"type":"Feature","properties":{"h":3.0,"on_route":false},"geometry":{"type":"Polygon","coordinates":[[[7.037156,4.81945],[7.037097,4.819605],[7.036961,4.819553],[7.036974,4.819519],[7.037001,4.819529],[7.037033,4.819444],[7.037007,4.819433],[7.037021,4.819398],[7.037156,4.81945]]]}},{"type":"Feature","properties":{"h":3.0,"on_route":false},"geometry":{"type":"Polygon","coordinates":[[[7.042846,4.821152],[7.042819,4.821239],[7.042694,4.821199],[7.042721,4.821112],[7.042846,4.821152]]]}},{"type":"Feature","properties":{"h":3.0,"on_route":true},"geometry":{"type":"Polygon","coordinates":[[[7.040485,4.818784],[7.040475,4.818824],[7.040441,4.818816],[7.04045,4.818775],[7.040485,4.818784]]]}},{"type":"Feature","properties":{"h":3.0,"on_route":false},"geometry":{"type":"Polygon","coordinates":[[[7.037087,4.81836],[7.037076,4.81839],[7.036975,4.818353],[7.036986,4.818322],[7.037087,4.81836]]]}},{"type":"Feature","properties":{"h":3.0,"on_route":false},"geometry":{"type":"Polygon","coordinates":[[[7.040851,4.822437],[7.040846,4.82258],[7.040796,4.822579],[7.040798,4.822512],[7.040772,4.822511],[7.040775,4.822434],[7.040851,4.822437]]]}},{"type":"Feature","properties":{"h":3.0,"on_route":false},"geometry":{"type":"Polygon","coordinates":[[[7.042999,4.819628],[7.04299,4.819663],[7.042922,4.819646],[7.042931,4.81961],[7.042999,4.819628]]]}},{"type":"Feature","properties":{"h":3.0,"on_route":false},"geometry":{"type":"Polygon","coordinates":[[[7.042156,4.818733],[7.041979,4.819145],[7.041263,4.818837],[7.041439,4.818425],[7.042156,4.818733]]]}},{"type":"Feature","properties":{"h":3.0,"on_route":false},"geometry":{"type":"Polygon","coordinates":[[[7.041646,4.820754],[7.04163,4.820815],[7.041578,4.820801],[7.041594,4.82074],[7.041646,4.820754]]]}},{"type":"Feature","properties":{"h":3.0,"on_route":false},"geometry":{"type":"Polygon","coordinates":[[[7.042609,4.817801],[7.042589,4.817863],[7.042557,4.817852],[7.042577,4.81779],[7.042609,4.817801]]]}},{"type":"Feature","properties":{"h":3.0,"on_route":false},"geometry":{"type":"Polygon","coordinates":[[[7.042442,4.816107],[7.042401,4.816189],[7.042335,4.816155],[7.042376,4.816074],[7.042442,4.816107]]]}},{"type":"Feature","properties":{"h":3.0,"on_route":false},"geometry":{"type":"Polygon","coordinates":[[[7.037062,4.820723],[7.037049,4.82075],[7.036953,4.820707],[7.036965,4.82068],[7.037062,4.820723]]]}},{"type":"Feature","properties":{"h":3.0,"on_route":false},"geometry":{"type":"Polygon","coordinates":[[[7.040502,4.815792],[7.040617,4.815865],[7.040602,4.815889],[7.040487,4.815816],[7.040502,4.815792]]]}},{"type":"Feature","properties":{"h":3.0,"on_route":false},"geometry":{"type":"Polygon","coordinates":[[[7.039289,4.820809],[7.039253,4.820917],[7.039161,4.820885],[7.039198,4.820778],[7.039289,4.820809]]]}},{"type":"Feature","properties":{"h":3.0,"on_route":false},"geometry":{"type":"Polygon","coordinates":[[[7.036888,4.820671],[7.036813,4.820899],[7.036679,4.820855],[7.036754,4.820627],[7.036888,4.820671]]]}},{"type":"Feature","properties":{"h":3.0,"on_route":false},"geometry":{"type":"Polygon","coordinates":[[[7.037974,4.817843],[7.037935,4.817952],[7.037714,4.817871],[7.037753,4.817762],[7.037974,4.817843]]]}},{"type":"Feature","properties":{"h":3.0,"on_route":false},"geometry":{"type":"Polygon","coordinates":[[[7.043017,4.817802],[7.04301,4.817827],[7.042977,4.817817],[7.042984,4.817792],[7.043017,4.817802]]]}},{"type":"Feature","properties":{"h":3.0,"on_route":false},"geometry":{"type":"Polygon","coordinates":[[[7.03858,4.818097],[7.038548,4.818183],[7.03849,4.818161],[7.038522,4.818075],[7.03858,4.818097]]]}},{"type":"Feature","properties":{"h":3.0,"on_route":false},"geometry":{"type":"Polygon","coordinates":[[[7.037606,4.819356],[7.037498,4.819638],[7.037346,4.819579],[7.037454,4.819297],[7.037606,4.819356]]]}},{"type":"Feature","properties":{"h":3.0,"on_route":false},"geometry":{"type":"Polygon","coordinates":[[[7.037936,4.814644],[7.037821,4.814808],[7.037804,4.814795],[7.037645,4.815022],[7.037446,4.814882],[7.037719,4.814491],[7.037936,4.814644]]]}},{"type":"Feature","properties":{"h":3.0,"on_route":false},"geometry":{"type":"Polygon","coordinates":[[[7.037853,4.817141],[7.037817,4.817128],[7.037853,4.817026],[7.037889,4.817039],[7.037853,4.817141]]]}},{"type":"Feature","properties":{"h":3.0,"on_route":false},"geometry":{"type":"Polygon","coordinates":[[[7.040609,4.819547],[7.040604,4.819583],[7.04058,4.81958],[7.040585,4.819544],[7.040609,4.819547]]]}},{"type":"Feature","properties":{"h":3.0,"on_route":false},"geometry":{"type":"Polygon","coordinates":[[[7.03865,4.819474],[7.038615,4.819567],[7.038544,4.81954],[7.038579,4.819447],[7.03865,4.819474]]]}},{"type":"Feature","properties":{"h":3.0,"on_route":false},"geometry":{"type":"Polygon","coordinates":[[[7.038666,4.818162],[7.038654,4.818196],[7.038675,4.818204],[7.03858,4.818454],[7.03848,4.818416],[7.038588,4.818132],[7.038666,4.818162]]]}},{"type":"Feature","properties":{"h":3.0,"on_route":false},"geometry":{"type":"Polygon","coordinates":[[[7.037955,4.817954],[7.037948,4.817998],[7.037912,4.817992],[7.037919,4.817948],[7.037955,4.817954]]]}},{"type":"Feature","properties":{"h":3.0,"on_route":true},"geometry":{"type":"Polygon","coordinates":[[[7.040671,4.818671],[7.040664,4.818707],[7.040628,4.8187],[7.040635,4.818664],[7.040671,4.818671]]]}},{"type":"Feature","properties":{"h":3.0,"on_route":false},"geometry":{"type":"Polygon","coordinates":[[[7.041547,4.81681],[7.04153,4.81684],[7.041474,4.816808],[7.041491,4.816778],[7.041547,4.81681]]]}},{"type":"Feature","properties":{"h":3.0,"on_route":false},"geometry":{"type":"Polygon","coordinates":[[[7.042993,4.817511],[7.042971,4.817559],[7.042865,4.817509],[7.042887,4.817461],[7.042993,4.817511]]]}},{"type":"Feature","properties":{"h":3.0,"on_route":false},"geometry":{"type":"Polygon","coordinates":[[[7.038289,4.822144],[7.038282,4.822186],[7.038238,4.822179],[7.038245,4.822137],[7.038289,4.822144]]]}},{"type":"Feature","properties":{"h":3.0,"on_route":false},"geometry":{"type":"Polygon","coordinates":[[[7.040063,4.819188],[7.040029,4.81929],[7.039964,4.819267],[7.039999,4.819166],[7.040063,4.819188]]]}},{"type":"Feature","properties":{"h":3.0,"on_route":true},"geometry":{"type":"Polygon","coordinates":[[[7.039683,4.8173],[7.039698,4.817259],[7.039712,4.817265],[7.039718,4.817249],[7.039837,4.817294],[7.039843,4.817276],[7.039906,4.8173],[7.039899,4.817318],[7.039946,4.817336],[7.039953,4.817318],[7.039975,4.817326],[7.039962,4.81736],[7.04022,4.817459],[7.040163,4.817611],[7.040191,4.817622],[7.040189,4.817626],[7.040191,4.817626],[7.039837,4.818554],[7.039293,4.818347],[7.039612,4.817504],[7.039579,4.817492],[7.039585,4.817474],[7.039579,4.817472],[7.039651,4.817288],[7.039683,4.8173]]]}},{"type":"Feature","properties":{"h":3.0,"on_route":false},"geometry":{"type":"Polygon","coordinates":[[[7.041567,4.816546],[7.041525,4.81662],[7.041476,4.816592],[7.041518,4.816518],[7.041567,4.816546]]]}},{"type":"Feature","properties":{"h":3.0,"on_route":false},"geometry":{"type":"Polygon","coordinates":[[[7.038628,4.817093],[7.038595,4.817197],[7.038521,4.817173],[7.038554,4.817069],[7.038628,4.817093]]]}},{"type":"Feature","properties":{"h":3.0,"on_route":false},"geometry":{"type":"Polygon","coordinates":[[[7.039139,4.818773],[7.039107,4.818859],[7.039066,4.818843],[7.039098,4.818758],[7.039139,4.818773]]]}},{"type":"Feature","properties":{"h":3.0,"on_route":false},"geometry":{"type":"Polygon","coordinates":[[[7.036247,4.816657],[7.036474,4.816328],[7.036676,4.816469],[7.036486,4.816744],[7.036565,4.816799],[7.036427,4.816997],[7.035637,4.816446],[7.035738,4.816302],[7.036247,4.816657]]]}},{"type":"Feature","properties":{"h":3.0,"on_route":false},"geometry":{"type":"Polygon","coordinates":[[[7.042518,4.818379],[7.042511,4.818409],[7.042444,4.818393],[7.042451,4.818363],[7.042518,4.818379]]]}},{"type":"Feature","properties":{"h":3.0,"on_route":false},"geometry":{"type":"Polygon","coordinates":[[[7.040981,4.821758],[7.040973,4.821913],[7.040995,4.821914],[7.040994,4.821936],[7.040867,4.82193],[7.040872,4.82182],[7.040948,4.821824],[7.040951,4.821756],[7.040981,4.821758]]]}},{"type":"Feature","properties":{"h":3.0,"on_route":false},"geometry":{"type":"Polygon","coordinates":[[[7.042659,4.818685],[7.042644,4.818719],[7.042547,4.818676],[7.042562,4.818642],[7.042659,4.818685]]]}},{"type":"Feature","properties":{"h":3.0,"on_route":false},"geometry":{"type":"Polygon","coordinates":[[[7.03909,4.815684],[7.039067,4.815743],[7.038966,4.815703],[7.038989,4.815645],[7.03909,4.815684]]]}},{"type":"Feature","properties":{"h":3.0,"on_route":false},"geometry":{"type":"Polygon","coordinates":[[[7.037902,4.820061],[7.037928,4.819992],[7.038208,4.8201],[7.03811,4.820356],[7.037613,4.820165],[7.037685,4.819977],[7.037902,4.820061]]]}},{"type":"Feature","properties":{"h":3.0,"on_route":false},"geometry":{"type":"Polygon","coordinates":[[[7.039502,4.81448],[7.039451,4.814554],[7.039353,4.814486],[7.039404,4.814412],[7.039502,4.81448]]]}},{"type":"Feature","properties":{"h":3.0,"on_route":false},"geometry":{"type":"Polygon","coordinates":[[[7.037051,4.816115],[7.037032,4.816147],[7.036986,4.816119],[7.037005,4.816087],[7.037051,4.816115]]]}},{"type":"Feature","properties":{"h":3.0,"on_route":false},"geometry":{"type":"Polygon","coordinates":[[[7.041796,4.8164],[7.041789,4.816421],[7.041746,4.816408],[7.041752,4.816387],[7.041796,4.8164]]]}},{"type":"Feature","properties":{"h":3.0,"on_route":false},"geometry":{"type":"Polygon","coordinates":[[[7.041818,4.816318],[7.041781,4.81638],[7.04165,4.816303],[7.041659,4.816289],[7.041514,4.816204],[7.041541,4.816156],[7.041818,4.816318]]]}},{"type":"Feature","properties":{"h":3.0,"on_route":false},"geometry":{"type":"Polygon","coordinates":[[[7.041103,4.821514],[7.041101,4.821564],[7.040994,4.821559],[7.040996,4.821509],[7.041103,4.821514]]]}},{"type":"Feature","properties":{"h":3.0,"on_route":false},"geometry":{"type":"Polygon","coordinates":[[[7.037441,4.821927],[7.037386,4.821958],[7.037356,4.821904],[7.037411,4.821873],[7.037441,4.821927]]]}},{"type":"Feature","properties":{"h":3.0,"on_route":false},"geometry":{"type":"Polygon","coordinates":[[[7.037817,4.820695],[7.037784,4.820818],[7.037669,4.820787],[7.037659,4.820824],[7.037576,4.820802],[7.037586,4.820764],[7.037483,4.820736],[7.037516,4.820613],[7.037817,4.820695]]]}},{"type":"Feature","properties":{"h":3.0,"on_route":true},"geometry":{"type":"Polygon","coordinates":[[[7.041748,4.820324],[7.041718,4.820405],[7.041653,4.82038],[7.041683,4.820299],[7.041748,4.820324]]]}},{"type":"Feature","properties":{"h":3.0,"on_route":false},"geometry":{"type":"Polygon","coordinates":[[[7.038218,4.818854],[7.038195,4.818915],[7.038202,4.818917],[7.038403,4.818387],[7.038579,4.818453],[7.038826,4.817803],[7.038827,4.817582],[7.03891,4.817582],[7.038935,4.817517],[7.038953,4.817524],[7.038953,4.817455],[7.039073,4.817456],[7.039073,4.81757],[7.039212,4.817623],[7.039071,4.817994],[7.039071,4.818158],[7.039146,4.818187],[7.038676,4.819423],[7.038317,4.819286],[7.038171,4.819285],[7.038171,4.819238],[7.038192,4.819238],[7.037951,4.819146],[7.037949,4.819187],[7.037936,4.819187],[7.037969,4.819199],[7.037946,4.81926],[7.03794,4.819287],[7.037936,4.819286],[7.037932,4.819299],[7.037881,4.819281],[7.037884,4.819274],[7.037882,4.819274],[7.037883,4.819271],[7.037876,4.819269],[7.037894,4.819223],[7.037903,4.819185],[7.037897,4.819185],[7.037897,4.819174],[7.037888,4.81917],[7.037899,4.819142],[7.037901,4.819101],[7.037914,4.819102],[7.037915,4.819099],[7.037925,4.819102],[7.037953,4.819104],[7.037953,4.819113],[7.037965,4.819118],[7.038004,4.819016],[7.038045,4.819032],[7.038127,4.818819],[7.038218,4.818854]],[[7.037908,4.819185],[7.037908,4.819186],[7.037903,4.819185],[7.037908,4.819185]]]}},{"type":"Feature","properties":{"h":3.0,"on_route":false},"geometry":{"type":"Polygon","coordinates":[[[7.037754,4.817124],[7.037747,4.81716],[7.037661,4.817142],[7.037668,4.817107],[7.037754,4.817124]]]}},{"type":"Feature","properties":{"h":3.0,"on_route":false},"geometry":{"type":"Polygon","coordinates":[[[7.038081,4.817682],[7.038054,4.817757],[7.037845,4.817681],[7.037872,4.817607],[7.038081,4.817682]]]}},{"type":"Feature","properties":{"h":3.0,"on_route":false},"geometry":{"type":"Polygon","coordinates":[[[7.041684,4.81661],[7.041675,4.816636],[7.041621,4.816616],[7.04163,4.81659],[7.041684,4.81661]]]}},{"type":"Feature","properties":{"h":3.0,"on_route":false},"geometry":{"type":"Polygon","coordinates":[[[7.038772,4.821114],[7.038767,4.821141],[7.038643,4.821119],[7.038648,4.821092],[7.038772,4.821114]]]}},{"type":"Feature","properties":{"h":3.0,"on_route":false},"geometry":{"type":"Polygon","coordinates":[[[7.041123,4.81542],[7.041086,4.815397],[7.041113,4.815353],[7.041149,4.815375],[7.041123,4.81542]]]}},{"type":"Feature","properties":{"h":3.0,"on_route":false},"geometry":{"type":"Polygon","coordinates":[[[7.040136,4.817892],[7.040092,4.817875],[7.040128,4.817781],[7.040171,4.817798],[7.040136,4.817892]]]}},{"type":"Feature","properties":{"h":3.0,"on_route":false},"geometry":{"type":"Polygon","coordinates":[[[7.038823,4.819925],[7.038805,4.819977],[7.038723,4.819948],[7.038741,4.819897],[7.038823,4.819925]]]}},{"type":"Feature","properties":{"h":3.0,"on_route":false},"geometry":{"type":"Polygon","coordinates":[[[7.04136,4.814992],[7.041372,4.814974],[7.041455,4.815031],[7.041421,4.815082],[7.041329,4.815021],[7.041352,4.814986],[7.04136,4.814992]]]}},{"type":"Feature","properties":{"h":3.0,"on_route":false},"geometry":{"type":"Polygon","coordinates":[[[7.038787,4.814895],[7.038775,4.81493],[7.038749,4.814922],[7.03876,4.814886],[7.038787,4.814895]]]}},{"type":"Feature","properties":{"h":3.0,"on_route":false},"geometry":{"type":"Polygon","coordinates":[[[7.043198,4.818239],[7.043087,4.818507],[7.042952,4.81845],[7.043063,4.818183],[7.043198,4.818239]]]}},{"type":"Feature","properties":{"h":3.0,"on_route":false},"geometry":{"type":"Polygon","coordinates":[[[7.03856,4.819711],[7.038518,4.819823],[7.038447,4.819796],[7.038489,4.819684],[7.03856,4.819711]]]}},{"type":"Feature","properties":{"h":3.0,"on_route":false},"geometry":{"type":"Polygon","coordinates":[[[7.036218,4.817084],[7.036206,4.817106],[7.036147,4.817074],[7.036159,4.817051],[7.036218,4.817084]]]}},{"type":"Feature","properties":{"h":3.0,"on_route":false},"geometry":{"type":"Polygon","coordinates":[[[7.043245,4.816166],[7.043207,4.816222],[7.043126,4.816167],[7.043164,4.816111],[7.043245,4.816166]]]}},{"type":"Feature","properties":{"h":3.0,"on_route":false},"geometry":{"type":"Polygon","coordinates":[[[7.03879,4.814072],[7.038724,4.814167],[7.038657,4.81412],[7.038723,4.814025],[7.03879,4.814072]]]}},{"type":"Feature","properties":{"h":3.0,"on_route":false},"geometry":{"type":"Polygon","coordinates":[[[7.043288,4.818264],[7.043182,4.818526],[7.043096,4.818491],[7.043202,4.818229],[7.043288,4.818264]]]}},{"type":"Feature","properties":{"h":3.0,"on_route":false},"geometry":{"type":"Polygon","coordinates":[[[7.036052,4.817419],[7.036017,4.81747],[7.035969,4.817437],[7.036004,4.817386],[7.036052,4.817419]]]}},{"type":"Feature","properties":{"h":3.0,"on_route":false},"geometry":{"type":"Polygon","coordinates":[[[7.040167,4.819433],[7.040139,4.819511],[7.03984,4.8194],[7.039869,4.819323],[7.040167,4.819433]]]}},{"type":"Feature","properties":{"h":3.0,"on_route":true},"geometry":{"type":"Polygon","coordinates":[[[7.041811,4.820213],[7.041773,4.820315],[7.041688,4.820283],[7.041727,4.820181],[7.041811,4.820213]]]}},{"type":"Feature","properties":{"h":3.0,"on_route":true},"geometry":{"type":"Polygon","coordinates":[[[7.043199,4.820587],[7.043181,4.82065],[7.042974,4.82059],[7.04297,4.820604],[7.042833,4.820564],[7.042855,4.820487],[7.043199,4.820587]]]}},{"type":"Feature","properties":{"h":3.0,"on_route":false},"geometry":{"type":"Polygon","coordinates":[[[7.037785,4.819434],[7.037777,4.819475],[7.037743,4.819469],[7.03775,4.819428],[7.037785,4.819434]]]}},{"type":"Feature","properties":{"h":3.0,"on_route":false},"geometry":{"type":"Polygon","coordinates":[[[7.036728,4.81822],[7.03672,4.818244],[7.036587,4.818195],[7.036595,4.818171],[7.036728,4.81822]]]}},{"type":"Feature","properties":{"h":3.0,"on_route":false},"geometry":{"type":"Polygon","coordinates":[[[7.039163,4.818771],[7.039102,4.818748],[7.039217,4.818445],[7.039278,4.818468],[7.039163,4.818771]]]}},{"type":"Feature","properties":{"h":3.0,"on_route":false},"geometry":{"type":"Polygon","coordinates":[[[7.043119,4.81562],[7.042947,4.815875],[7.042791,4.81577],[7.042962,4.815514],[7.043119,4.81562]]]}},{"type":"Feature","properties":{"h":3.0,"on_route":false},"geometry":{"type":"Polygon","coordinates":[[[7.037392,4.814863],[7.037378,4.814883],[7.037305,4.814832],[7.037319,4.814812],[7.037392,4.814863]]]}},{"type":"Feature","properties":{"h":3.0,"on_route":false},"geometry":{"type":"Polygon","coordinates":[[[7.040686,4.816803],[7.04066,4.816794],[7.040689,4.816714],[7.040714,4.816724],[7.040686,4.816803]]]}},{"type":"Feature","properties":{"h":3.0,"on_route":false},"geometry":{"type":"Polygon","coordinates":[[[7.037066,4.819643],[7.037033,4.81973],[7.036933,4.819692],[7.036965,4.819605],[7.037066,4.819643]]]}},{"type":"Feature","properties":{"h":3.0,"on_route":true},"geometry":{"type":"Polygon","coordinates":[[[7.040927,4.818983],[7.040864,4.819129],[7.040796,4.819099],[7.040859,4.818953],[7.040927,4.818983]]]}},{"type":"Feature","properties":{"h":3.0,"on_route":false},"geometry":{"type":"Polygon","coordinates":[[[7.037645,4.81737],[7.03764,4.817399],[7.037561,4.817386],[7.037566,4.817356],[7.037645,4.81737]]]}},{"type":"Feature","properties":{"h":3.0,"on_route":true},"geometry":{"type":"Polygon","coordinates":[[[7.041098,4.819939],[7.041077,4.82001],[7.040948,4.819972],[7.040969,4.819901],[7.041098,4.819939]]]}},{"type":"Feature","properties":{"h":3.0,"on_route":false},"geometry":{"type":"Polygon","coordinates":[[[7.040391,4.822446],[7.040386,4.822603],[7.039958,4.822589],[7.039963,4.822433],[7.040391,4.822446]]]}},{"type":"Feature","properties":{"h":3.0,"on_route":false},"geometry":{"type":"Polygon","coordinates":[[[7.041725,4.820768],[7.041696,4.820927],[7.041636,4.820916],[7.041665,4.820757],[7.041725,4.820768]]]}},{"type":"Feature","properties":{"h":3.0,"on_route":false},"geometry":{"type":"Polygon","coordinates":[[[7.040104,4.81448],[7.040078,4.814519],[7.039984,4.814456],[7.04001,4.814417],[7.040104,4.81448]]]}},{"type":"Feature","properties":{"h":3.0,"on_route":false},"geometry":{"type":"Polygon","coordinates":[[[7.041242,4.815957],[7.04124,4.815981],[7.041209,4.815978],[7.041211,4.815954],[7.041242,4.815957]]]}},{"type":"Feature","properties":{"h":3.0,"on_route":false},"geometry":{"type":"Polygon","coordinates":[[[7.042059,4.821594],[7.042056,4.821636],[7.041931,4.821628],[7.041934,4.821586],[7.042059,4.821594]]]}},{"type":"Feature","properties":{"h":3.0,"on_route":false},"geometry":{"type":"Polygon","coordinates":[[[7.038198,4.814726],[7.038166,4.814767],[7.038088,4.814706],[7.038121,4.814665],[7.038198,4.814726]]]}},{"type":"Feature","properties":{"h":3.0,"on_route":false},"geometry":{"type":"Polygon","coordinates":[[[7.043061,4.817811],[7.043053,4.817846],[7.043013,4.817837],[7.043021,4.817802],[7.043061,4.817811]]]}},{"type":"Feature","properties":{"h":3.0,"on_route":false},"geometry":{"type":"Polygon","coordinates":[[[7.041295,4.821995],[7.041292,4.822063],[7.041265,4.822062],[7.041268,4.821994],[7.041295,4.821995]]]}},{"type":"Feature","properties":{"h":3.0,"on_route":false},"geometry":{"type":"Polygon","coordinates":[[[7.037694,4.818663],[7.037601,4.818906],[7.037537,4.818882],[7.037629,4.818638],[7.037694,4.818663]]]}},{"type":"Feature","properties":{"h":3.0,"on_route":false},"geometry":{"type":"Polygon","coordinates":[[[7.041841,4.81527],[7.041757,4.815395],[7.041603,4.81529],[7.041686,4.815166],[7.041841,4.81527]]]}},{"type":"Feature","properties":{"h":3.0,"on_route":false},"geometry":{"type":"Polygon","coordinates":[[[7.037197,4.816081],[7.037151,4.816052],[7.03726,4.815875],[7.037306,4.815903],[7.037197,4.816081]]]}},{"type":"Feature","properties":{"h":3.0,"on_route":false},"geometry":{"type":"Polygon","coordinates":[[[7.043232,4.816021],[7.043213,4.816057],[7.043156,4.816027],[7.043175,4.815991],[7.043232,4.816021]]]}},{"type":"Feature","properties":{"h":3.0,"on_route":false},"geometry":{"type":"Polygon","coordinates":[[[7.041781,4.821393],[7.041777,4.821435],[7.041694,4.821428],[7.041697,4.821386],[7.041781,4.821393]]]}},{"type":"Feature","properties":{"h":3.0,"on_route":false},"geometry":{"type":"Polygon","coordinates":[[[7.03722,4.820569],[7.037206,4.820621],[7.037072,4.820584],[7.037086,4.820532],[7.03722,4.820569]]]}},{"type":"Feature","properties":{"h":3.0,"on_route":false},"geometry":{"type":"Polygon","coordinates":[[[7.042995,4.815973],[7.042974,4.816017],[7.042931,4.815995],[7.042953,4.815952],[7.042995,4.815973]]]}},{"type":"Feature","properties":{"h":3.0,"on_route":false},"geometry":{"type":"Polygon","coordinates":[[[7.039473,4.817573],[7.03948,4.817553],[7.039573,4.817589],[7.039548,4.817653],[7.039397,4.817595],[7.039414,4.81755],[7.039473,4.817573]]]}},{"type":"Feature","properties":{"h":3.0,"on_route":false},"geometry":{"type":"Polygon","coordinates":[[[7.0404,4.815428],[7.04032,4.815561],[7.040354,4.815582],[7.040282,4.815701],[7.040209,4.815657],[7.040271,4.815555],[7.040112,4.815459],[7.040203,4.815308],[7.0404,4.815428]]]}},{"type":"Feature","properties":{"h":3.0,"on_route":false},"geometry":{"type":"Polygon","coordinates":[[[7.037515,4.814704],[7.037413,4.814846],[7.036683,4.814321],[7.036785,4.814179],[7.037515,4.814704]]]}},{"type":"Feature","properties":{"h":3.0,"on_route":false},"geometry":{"type":"Polygon","coordinates":[[[7.037828,4.815082],[7.037793,4.81514],[7.037728,4.815102],[7.037763,4.815043],[7.037828,4.815082]]]}},{"type":"Feature","properties":{"h":3.0,"on_route":false},"geometry":{"type":"Polygon","coordinates":[[[7.040995,4.814951],[7.040975,4.814986],[7.040879,4.814932],[7.040898,4.814896],[7.040995,4.814951]]]}},{"type":"Feature","properties":{"h":3.0,"on_route":false},"geometry":{"type":"Polygon","coordinates":[[[7.042823,4.815874],[7.042804,4.815919],[7.042759,4.8159],[7.042778,4.815855],[7.042823,4.815874]]]}},{"type":"Feature","properties":{"h":3.0,"on_route":false},"geometry":{"type":"Polygon","coordinates":[[[7.043329,4.819394],[7.043348,4.819344],[7.043401,4.819364],[7.043365,4.819458],[7.043265,4.81942],[7.043282,4.819376],[7.043329,4.819394]]]}},{"type":"Feature","properties":{"h":3.0,"on_route":false},"geometry":{"type":"Polygon","coordinates":[[[7.037805,4.816659],[7.037768,4.816765],[7.037618,4.816712],[7.037655,4.816606],[7.037805,4.816659]]]}},{"type":"Feature","properties":{"h":3.0,"on_route":false},"geometry":{"type":"Polygon","coordinates":[[[7.040322,4.821831],[7.040432,4.82184],[7.040396,4.82225],[7.040286,4.82224],[7.040322,4.821831]]]}},{"type":"Feature","properties":{"h":3.0,"on_route":false},"geometry":{"type":"Polygon","coordinates":[[[7.043173,4.816673],[7.043008,4.816957],[7.042827,4.816851],[7.042992,4.816567],[7.043173,4.816673]]]}},{"type":"Feature","properties":{"h":3.0,"on_route":false},"geometry":{"type":"Polygon","coordinates":[[[7.041376,4.816205],[7.041403,4.816159],[7.041481,4.816205],[7.041492,4.816187],[7.04166,4.816286],[7.041449,4.816648],[7.04103,4.816402],[7.041204,4.816104],[7.041376,4.816205]]]}},{"type":"Feature","properties":{"h":3.0,"on_route":false},"geometry":{"type":"Polygon","coordinates":[[[7.039511,4.817497],[7.039481,4.817576],[7.039418,4.817552],[7.039448,4.817473],[7.039511,4.817497]]]}},{"type":"Feature","properties":{"h":3.0,"on_route":false},"geometry":{"type":"Polygon","coordinates":[[[7.039496,4.815766],[7.039485,4.815801],[7.039444,4.815788],[7.039455,4.815753],[7.039496,4.815766]]]}},{"type":"Feature","properties":{"h":3.0,"on_route":false},"geometry":{"type":"Polygon","coordinates":[[[7.039436,4.816809],[7.039418,4.816858],[7.039355,4.816834],[7.039374,4.816785],[7.039436,4.816809]]]}},{"type":"Feature","properties":{"h":3.0,"on_route":false},"geometry":{"type":"Polygon","coordinates":[[[7.040762,4.817902],[7.040596,4.818353],[7.040398,4.818279],[7.040565,4.817829],[7.040762,4.817902]]]}},{"type":"Feature","properties":{"h":3.0,"on_route":false},"geometry":{"type":"Polygon","coordinates":[[[7.042644,4.818719],[7.04263,4.81875],[7.042533,4.818707],[7.042547,4.818676],[7.042644,4.818719]]]}},{"type":"Feature","properties":{"h":3.0,"on_route":false},"geometry":{"type":"Polygon","coordinates":[[[7.037473,4.81878],[7.037375,4.819055],[7.037271,4.819018],[7.037369,4.818743],[7.037473,4.81878]]]}},{"type":"Feature","properties":{"h":3.0,"on_route":false},"geometry":{"type":"Polygon","coordinates":[[[7.037637,4.821921],[7.037614,4.821917],[7.037624,4.821866],[7.037646,4.82187],[7.037637,4.821921]]]}},{"type":"Feature","properties":{"h":3.0,"on_route":false},"geometry":{"type":"Polygon","coordinates":[[[7.043003,4.820986],[7.042995,4.821014],[7.042951,4.821002],[7.042958,4.820974],[7.043003,4.820986]]]}},{"type":"Feature","properties":{"h":3.0,"on_route":false},"geometry":{"type":"Polygon","coordinates":[[[7.042572,4.819651],[7.042558,4.819688],[7.042526,4.819676],[7.042541,4.819638],[7.042572,4.819651]]]}},{"type":"Feature","properties":{"h":3.0,"on_route":false},"geometry":{"type":"Polygon","coordinates":[[[7.043686,4.819083],[7.043659,4.819148],[7.043615,4.81913],[7.043642,4.819065],[7.043686,4.819083]]]}},{"type":"Feature","properties":{"h":3.0,"on_route":false},"geometry":{"type":"Polygon","coordinates":[[[7.042112,4.819315],[7.042106,4.819343],[7.042081,4.819338],[7.042088,4.81931],[7.042112,4.819315]]]}},{"type":"Feature","properties":{"h":3.0,"on_route":false},"geometry":{"type":"Polygon","coordinates":[[[7.043442,4.81833],[7.043337,4.81859],[7.043182,4.818526],[7.043287,4.818266],[7.043442,4.81833]]]}},{"type":"Feature","properties":{"h":3.0,"on_route":false},"geometry":{"type":"Polygon","coordinates":[[[7.042031,4.819596],[7.042012,4.819663],[7.041954,4.819645],[7.041974,4.819579],[7.042031,4.819596]]]}},{"type":"Feature","properties":{"h":3.0,"on_route":true},"geometry":{"type":"Polygon","coordinates":[[[7.043962,4.820567],[7.043876,4.820859],[7.043199,4.820657],[7.043256,4.820464],[7.043032,4.820397],[7.043061,4.820299],[7.043962,4.820567]]]}},{"type":"Feature","properties":{"h":3.0,"on_route":false},"geometry":{"type":"Polygon","coordinates":[[[7.042237,4.821673],[7.042246,4.821795],[7.042167,4.821801],[7.042158,4.82168],[7.042237,4.821673]]]}},{"type":"Feature","properties":{"h":3.0,"on_route":false},"geometry":{"type":"Polygon","coordinates":[[[7.042339,4.815289],[7.042236,4.815449],[7.041992,4.81529],[7.042096,4.81513],[7.042339,4.815289]]]}},{"type":"Feature","properties":{"h":3.0,"on_route":false},"geometry":{"type":"Polygon","coordinates":[[[7.037032,4.816147],[7.037014,4.816178],[7.036967,4.81615],[7.036986,4.816119],[7.037032,4.816147]]]}},{"type":"Feature","properties":{"h":3.0,"on_route":true},"geometry":{"type":"Polygon","coordinates":[[[7.041103,4.819407],[7.041049,4.819566],[7.040729,4.819456],[7.040783,4.819297],[7.041103,4.819407]]]}},{"type":"Feature","properties":{"h":3.0,"on_route":true},"geometry":{"type":"Polygon","coordinates":[[[7.041123,4.819722],[7.041095,4.819791],[7.041327,4.819885],[7.041286,4.819986],[7.040619,4.819715],[7.040688,4.819545],[7.041123,4.819722]]]}},{"type":"Feature","properties":{"h":3.0,"on_route":false},"geometry":{"type":"Polygon","coordinates":[[[7.04081,4.815689],[7.040784,4.815736],[7.04072,4.815702],[7.040745,4.815655],[7.04081,4.815689]]]}},{"type":"Feature","properties":{"h":3.0,"on_route":false},"geometry":{"type":"Polygon","coordinates":[[[7.043009,4.816038],[7.042987,4.81607],[7.042927,4.816028],[7.04295,4.815996],[7.043009,4.816038]]]}},{"type":"Feature","properties":{"h":3.0,"on_route":false},"geometry":{"type":"Polygon","coordinates":[[[7.042049,4.821357],[7.041998,4.821357],[7.041998,4.821326],[7.042049,4.821327],[7.042049,4.821357]]]}},{"type":"Feature","properties":{"h":3.0,"on_route":false},"geometry":{"type":"Polygon","coordinates":[[[7.037601,4.821137],[7.037593,4.82116],[7.037492,4.821122],[7.0375,4.8211],[7.037601,4.821137]]]}},{"type":"Feature","properties":{"h":3.0,"on_route":false},"geometry":{"type":"Polygon","coordinates":[[[7.038927,4.814643],[7.038861,4.814744],[7.038785,4.814695],[7.038851,4.814594],[7.038927,4.814643]]]}},{"type":"Feature","properties":{"h":3.0,"on_route":false},"geometry":{"type":"Polygon","coordinates":[[[7.042533,4.818716],[7.042528,4.818729],[7.04257,4.818747],[7.042554,4.818785],[7.04246,4.818744],[7.042481,4.818694],[7.042533,4.818716]]]}},{"type":"Feature","properties":{"h":3.0,"on_route":false},"geometry":{"type":"Polygon","coordinates":[[[7.038984,4.822581],[7.038975,4.822625],[7.038913,4.822612],[7.038923,4.822567],[7.038984,4.822581]]]}},{"type":"Feature","properties":{"h":3.0,"on_route":false},"geometry":{"type":"Polygon","coordinates":[[[7.038493,4.817756],[7.038603,4.817793],[7.038594,4.817818],[7.038535,4.817797],[7.038528,4.817818],[7.038478,4.817801],[7.038493,4.817756]]]}},{"type":"Feature","properties":{"h":3.0,"on_route":false},"geometry":{"type":"Polygon","coordinates":[[[7.040091,4.819663],[7.040027,4.819835],[7.040121,4.81987],[7.040084,4.819971],[7.039989,4.819936],[7.039935,4.820083],[7.039814,4.820038],[7.039842,4.819965],[7.039782,4.819943],[7.039862,4.819729],[7.039921,4.819752],[7.039971,4.819618],[7.040091,4.819663]]]}},{"type":"Feature","properties":{"h":3.0,"on_route":false},"geometry":{"type":"Polygon","coordinates":[[[7.036365,4.817017],[7.036316,4.817087],[7.036169,4.816983],[7.036218,4.816913],[7.036365,4.817017]]]}},{"type":"Feature","properties":{"h":3.0,"on_route":false},"geometry":{"type":"Polygon","coordinates":[[[7.043067,4.816154],[7.043,4.816262],[7.04257,4.815994],[7.042637,4.815887],[7.043067,4.816154]]]}},{"type":"Feature","properties":{"h":3.0,"on_route":false},"geometry":{"type":"Polygon","coordinates":[[[7.042157,4.815912],[7.042119,4.81597],[7.042042,4.81592],[7.042079,4.815862],[7.042157,4.815912]]]}},{"type":"Feature","properties":{"h":3.0,"on_route":false},"geometry":{"type":"Polygon","coordinates":[[[7.042834,4.817345],[7.042692,4.81765],[7.042112,4.817377],[7.042255,4.817072],[7.042834,4.817345]]]}},{"type":"Feature","properties":{"h":3.0,"on_route":false},"geometry":{"type":"Polygon","coordinates":[[[7.04298,4.817583],[7.042895,4.817762],[7.042717,4.817677],[7.042803,4.817498],[7.04298,4.817583]]]}},{"type":"Feature","properties":{"h":3.0,"on_route":false},"geometry":{"type":"Polygon","coordinates":[[[7.04182,4.821803],[7.041815,4.822141],[7.041448,4.822135],[7.041453,4.821797],[7.04182,4.821803]]]}},{"type":"Feature","properties":{"h":3.0,"on_route":false},"geometry":{"type":"Polygon","coordinates":[[[7.036838,4.819445],[7.036804,4.819429],[7.036847,4.819339],[7.036881,4.819356],[7.036838,4.819445]]]}},{"type":"Feature","properties":{"h":3.0,"on_route":false},"geometry":{"type":"Polygon","coordinates":[[[7.042088,4.815848],[7.042042,4.81592],[7.041982,4.815881],[7.042028,4.815809],[7.042088,4.815848]]]}},{"type":"Feature","properties":{"h":3.0,"on_route":false},"geometry":{"type":"Polygon","coordinates":[[[7.041966,4.815771],[7.041919,4.815843],[7.041742,4.815728],[7.041789,4.815656],[7.041966,4.815771]]]}},{"type":"Feature","properties":{"h":3.0,"on_route":false},"geometry":{"type":"Polygon","coordinates":[[[7.037811,4.817136],[7.037803,4.817171],[7.037747,4.81716],[7.037754,4.817124],[7.037811,4.817136]]]}},{"type":"Feature","properties":{"h":3.0,"on_route":true},"geometry":{"type":"Polygon","coordinates":[[[7.041677,4.820285],[7.041643,4.820368],[7.041583,4.820343],[7.041617,4.82026],[7.041677,4.820285]]]}},{"type":"Feature","properties":{"h":3.0,"on_route":false},"geometry":{"type":"Polygon","coordinates":[[[7.038347,4.814579],[7.038297,4.814649],[7.038222,4.814594],[7.038272,4.814525],[7.038347,4.814579]]]}},{"type":"Feature","properties":{"h":3.0,"on_route":false},"geometry":{"type":"Polygon","coordinates":[[[7.040445,4.821524],[7.040431,4.821748],[7.040259,4.821737],[7.040232,4.822167],[7.040022,4.822154],[7.040055,4.82162],[7.040053,4.821619],[7.040061,4.8215],[7.040445,4.821524]]]}},{"type":"Feature","properties":{"h":3.0,"on_route":false},"geometry":{"type":"Polygon","coordinates":[[[7.041678,4.815023],[7.041658,4.815065],[7.041593,4.815033],[7.041614,4.814991],[7.041678,4.815023]]]}},{"type":"Feature","properties":{"h":3.0,"on_route":false},"geometry":{"type":"Polygon","coordinates":[[[7.03826,4.817311],[7.038249,4.817349],[7.038197,4.817334],[7.038209,4.817296],[7.03826,4.817311]]]}},{"type":"Feature","properties":{"h":3.0,"on_route":false},"geometry":{"type":"Polygon","coordinates":[[[7.039297,4.821838],[7.039204,4.822197],[7.038392,4.821986],[7.038485,4.821628],[7.039297,4.821838]]]}},{"type":"Feature","properties":{"h":3.0,"on_route":false},"geometry":{"type":"Polygon","coordinates":[[[7.03851,4.819628],[7.038382,4.819967],[7.038245,4.819915],[7.038213,4.82],[7.038203,4.819996],[7.038187,4.820038],[7.038197,4.820042],[7.038174,4.820103],[7.037896,4.819998],[7.03792,4.819936],[7.037642,4.81983],[7.037818,4.819365],[7.03851,4.819628]]]}},{"type":"Feature","properties":{"h":3.0,"on_route":false},"geometry":{"type":"Polygon","coordinates":[[[7.039178,4.822333],[7.039172,4.822356],[7.039075,4.822329],[7.039081,4.822306],[7.039178,4.822333]]]}},{"type":"Feature","properties":{"h":3.0,"on_route":false},"geometry":{"type":"Polygon","coordinates":[[[7.042774,4.818021],[7.042769,4.818042],[7.042661,4.818014],[7.042667,4.817993],[7.042774,4.818021]]]}},{"type":"Feature","properties":{"h":3.0,"on_route":false},"geometry":{"type":"Polygon","coordinates":[[[7.041499,4.817881],[7.041484,4.817924],[7.041447,4.81791],[7.041462,4.817867],[7.041499,4.817881]]]}},{"type":"Feature","properties":{"h":3.0,"on_route":false},"geometry":{"type":"Polygon","coordinates":[[[7.04154,4.820791],[7.041522,4.820858],[7.041476,4.820846],[7.041493,4.820779],[7.04154,4.820791]]]}},{"type":"Feature","properties":{"h":3.0,"on_route":true},"geometry":{"type":"Polygon","coordinates":[[[7.040535,4.818902],[7.040465,4.819085],[7.040357,4.819044],[7.040428,4.818861],[7.040535,4.818902]]]}},{"type":"Feature","properties":{"h":3.0,"on_route":false},"geometry":{"type":"Polygon","coordinates":[[[7.035812,4.818145],[7.035756,4.818225],[7.035733,4.818209],[7.03579,4.81813],[7.035812,4.818145]]]}},{"type":"Feature","properties":{"h":3.0,"on_route":false},"geometry":{"type":"Polygon","coordinates":[[[7.038387,4.814559],[7.038353,4.814557],[7.038355,4.814506],[7.03839,4.814508],[7.038387,4.814559]]]}},{"type":"Feature","properties":{"h":3.0,"on_route":false},"geometry":{"type":"Polygon","coordinates":[[[7.041121,4.818801],[7.041343,4.818894],[7.041321,4.818948],[7.041099,4.818855],[7.041121,4.818801]]]}},{"type":"Feature","properties":{"h":3.0,"on_route":false},"geometry":{"type":"Polygon","coordinates":[[[7.042872,4.819663],[7.042868,4.819698],[7.042839,4.819695],[7.042844,4.81966],[7.042872,4.819663]]]}},{"type":"Feature","properties":{"h":3.0,"on_route":true},"geometry":{"type":"Polygon","coordinates":[[[7.041155,4.819668],[7.041145,4.8197],[7.041099,4.819686],[7.041109,4.819654],[7.041155,4.819668]]]}},{"type":"Feature","properties":{"h":3.0,"on_route":false},"geometry":{"type":"Polygon","coordinates":[[[7.042952,4.819251],[7.042938,4.819292],[7.042903,4.81928],[7.042917,4.819239],[7.042952,4.819251]]]}},{"type":"Feature","properties":{"h":3.0,"on_route":false},"geometry":{"type":"Polygon","coordinates":[[[7.039217,4.814058],[7.039139,4.814186],[7.039037,4.814123],[7.039115,4.813996],[7.039217,4.814058]]]}},{"type":"Feature","properties":{"h":3.0,"on_route":false},"geometry":{"type":"Polygon","coordinates":[[[7.039576,4.815809],[7.039544,4.815872],[7.039491,4.815845],[7.039523,4.815782],[7.039576,4.815809]]]}},{"type":"Feature","properties":{"h":3.0,"on_route":true},"geometry":{"type":"Polygon","coordinates":[[[7.041264,4.82007],[7.041241,4.820172],[7.041108,4.820142],[7.041131,4.82004],[7.041264,4.82007]]]}},{"type":"Feature","properties":{"h":3.0,"on_route":false},"geometry":{"type":"Polygon","coordinates":[[[7.04163,4.820815],[7.041613,4.820882],[7.041522,4.820858],[7.04154,4.820791],[7.04163,4.820815]]]}},{"type":"Feature","properties":{"h":3.0,"on_route":false},"geometry":{"type":"Polygon","coordinates":[[[7.040647,4.820853],[7.040599,4.821034],[7.040553,4.821021],[7.0406,4.82084],[7.040647,4.820853]]]}},{"type":"Feature","properties":{"h":3.0,"on_route":false},"geometry":{"type":"Polygon","coordinates":[[[7.042241,4.819528],[7.042232,4.819552],[7.042254,4.819561],[7.04222,4.819647],[7.04199,4.819557],[7.042033,4.819447],[7.042241,4.819528]]]}},{"type":"Feature","properties":{"h":3.0,"on_route":false},"geometry":{"type":"Polygon","coordinates":[[[7.039482,4.818764],[7.039456,4.818754],[7.039484,4.818681],[7.03951,4.818691],[7.039482,4.818764]]]}},{"type":"Feature","properties":{"h":3.0,"on_route":false},"geometry":{"type":"Polygon","coordinates":[[[7.039354,4.817769],[7.039287,4.817946],[7.039196,4.817912],[7.039264,4.817735],[7.039354,4.817769]]]}},{"type":"Feature","properties":{"h":3.0,"on_route":false},"geometry":{"type":"Polygon","coordinates":[[[7.042805,4.819494],[7.042795,4.81953],[7.042777,4.819525],[7.042788,4.819489],[7.042805,4.819494]]]}},{"type":"Feature","properties":{"h":3.0,"on_route":false},"geometry":{"type":"Polygon","coordinates":[[[7.040385,4.822272],[7.040376,4.822427],[7.039949,4.822402],[7.039958,4.822246],[7.040385,4.822272]]]}},{"type":"Feature","properties":{"h":3.0,"on_route":false},"geometry":{"type":"Polygon","coordinates":[[[7.042739,4.820843],[7.042722,4.82089],[7.042684,4.820876],[7.042701,4.820829],[7.042739,4.820843]]]}},{"type":"Feature","properties":{"h":3.0,"on_route":false},"geometry":{"type":"Polygon","coordinates":[[[7.042783,4.816846],[7.043292,4.817144],[7.043213,4.817279],[7.042737,4.817001],[7.0428,4.816893],[7.042767,4.816874],[7.042783,4.816846]]]}},{"type":"Feature","properties":{"h":3.0,"on_route":false},"geometry":{"type":"Polygon","coordinates":[[[7.041104,4.821256],[7.041103,4.821288],[7.041076,4.821287],[7.041077,4.821256],[7.041104,4.821256]]]}},{"type":"Feature","properties":{"h":3.0,"on_route":false},"geometry":{"type":"Polygon","coordinates":[[[7.043511,4.816423],[7.043499,4.816445],[7.043989,4.816723],[7.043912,4.816859],[7.042994,4.816338],[7.043083,4.81618],[7.043511,4.816423]]]}},{"type":"Feature","properties":{"h":3.0,"on_route":false},"geometry":{"type":"Polygon","coordinates":[[[7.040234,4.815863],[7.040166,4.815985],[7.039956,4.815869],[7.040024,4.815746],[7.040234,4.815863]]]}},{"type":"Feature","properties":{"h":3.0,"on_route":false},"geometry":{"type":"Polygon","coordinates":[[[7.043608,4.819208],[7.043598,4.819235],[7.043573,4.819225],[7.043583,4.819199],[7.043608,4.819208]]]}},{"type":"Feature","properties":{"h":3.0,"on_route":false},"geometry":{"type":"Polygon","coordinates":[[[7.041906,4.815314],[7.041885,4.815346],[7.041843,4.815318],[7.04182,4.815352],[7.041797,4.815336],[7.041841,4.81527],[7.041906,4.815314]]]}},{"type":"Feature","properties":{"h":3.0,"on_route":false},"geometry":{"type":"Polygon","coordinates":[[[7.038794,4.821013],[7.038757,4.821001],[7.038781,4.820929],[7.038818,4.820941],[7.038794,4.821013]]]}},{"type":"Feature","properties":{"h":3.0,"on_route":false},"geometry":{"type":"Polygon","coordinates":[[[7.040647,4.820853],[7.041313,4.821029],[7.041266,4.82121],[7.040599,4.821034],[7.040647,4.820853]]]}},{"type":"Feature","properties":{"h":3.0,"on_route":false},"geometry":{"type":"Polygon","coordinates":[[[7.041253,4.815317],[7.041223,4.81537],[7.041178,4.815345],[7.041208,4.815292],[7.041253,4.815317]]]}},{"type":"Feature","properties":{"h":3.0,"on_route":false},"geometry":{"type":"Polygon","coordinates":[[[7.037203,4.819324],[7.037166,4.819417],[7.037068,4.819378],[7.037104,4.819285],[7.037203,4.819324]]]}},{"type":"Feature","properties":{"h":3.0,"on_route":false},"geometry":{"type":"Polygon","coordinates":[[[7.040794,4.817816],[7.040762,4.817902],[7.040638,4.817856],[7.04067,4.81777],[7.040794,4.817816]]]}},{"type":"Feature","properties":{"h":3.0,"on_route":false},"geometry":{"type":"Polygon","coordinates":[[[7.038622,4.81473],[7.038588,4.81478],[7.038542,4.814748],[7.038576,4.814698],[7.038622,4.81473]]]}},{"type":"Feature","properties":{"h":3.0,"on_route":false},"geometry":{"type":"Polygon","coordinates":[[[7.037652,4.820193],[7.037547,4.820469],[7.037383,4.820406],[7.037488,4.82013],[7.037652,4.820193]]]}},{"type":"Feature","properties":{"h":3.0,"on_route":false},"geometry":{"type":"Polygon","coordinates":[[[7.035955,4.818916],[7.036061,4.81897],[7.036049,4.818995],[7.035942,4.81894],[7.035955,4.818916]]]}},{"type":"Feature","properties":{"h":3.0,"on_route":false},"geometry":{"type":"Polygon","coordinates":[[[7.040447,4.820054],[7.041003,4.820186],[7.040994,4.820224],[7.040438,4.820092],[7.040447,4.820054]]]}},{"type":"Feature","properties":{"h":3.0,"on_route":false},"geometry":{"type":"Polygon","coordinates":[[[7.036634,4.818302],[7.03645,4.818785],[7.036282,4.818721],[7.036467,4.818237],[7.036634,4.818302]]]}},{"type":"Feature","properties":{"h":3.0,"on_route":false},"geometry":{"type":"Polygon","coordinates":[[[7.0377,4.817515],[7.037682,4.817592],[7.037627,4.81758],[7.037644,4.817502],[7.0377,4.817515]]]}},{"type":"Feature","properties":{"h":3.0,"on_route":false},"geometry":{"type":"Polygon","coordinates":[[[7.041348,4.821532],[7.041336,4.821775],[7.041192,4.821769],[7.041196,4.821701],[7.041136,4.821698],[7.041142,4.821577],[7.041201,4.821579],[7.041204,4.821525],[7.041348,4.821532]]]}},{"type":"Feature","properties":{"h":3.0,"on_route":false},"geometry":{"type":"Polygon","coordinates":[[[7.042664,4.817839],[7.042638,4.817897],[7.04258,4.81787],[7.042607,4.817813],[7.042664,4.817839]]]}},{"type":"Feature","properties":{"h":3.0,"on_route":false},"geometry":{"type":"Polygon","coordinates":[[[7.040601,4.821195],[7.041,4.821219],[7.040991,4.821367],[7.040917,4.821362],[7.040918,4.82134],[7.040593,4.82132],[7.040601,4.821195]]]}},{"type":"Feature","properties":{"h":3.0,"on_route":false},"geometry":{"type":"Polygon","coordinates":[[[7.042939,4.817959],[7.042926,4.817995],[7.042874,4.817975],[7.042888,4.817939],[7.042939,4.817959]]]}},{"type":"Feature","properties":{"h":3.0,"on_route":false},"geometry":{"type":"Polygon","coordinates":[[[7.039336,4.815838],[7.039294,4.815959],[7.039229,4.815936],[7.039237,4.815913],[7.039246,4.815916],[7.039281,4.815818],[7.039336,4.815838]]]}},{"type":"Feature","properties":{"h":3.0,"on_route":false},"geometry":{"type":"Polygon","coordinates":[[[7.039336,4.815345],[7.039272,4.815456],[7.039164,4.815394],[7.039228,4.815283],[7.039336,4.815345]]]}},{"type":"Feature","properties":{"h":3.0,"on_route":true},"geometry":{"type":"Polygon","coordinates":[[[7.043206,4.820504],[7.043181,4.820588],[7.042973,4.820527],[7.042997,4.820443],[7.043206,4.820504]]]}},{"type":"Feature","properties":{"h":3.0,"on_route":false},"geometry":{"type":"Polygon","coordinates":[[[7.038312,4.817852],[7.038236,4.818054],[7.037977,4.817956],[7.038052,4.817754],[7.038312,4.817852]]]}},{"type":"Feature","properties":{"h":3.0,"on_route":false},"geometry":{"type":"Polygon","coordinates":[[[7.038033,4.818801],[7.038019,4.818853],[7.037975,4.818842],[7.03799,4.818789],[7.038033,4.818801]]]}},{"type":"Feature","properties":{"h":3.0,"on_route":true},"geometry":{"type":"Polygon","coordinates":[[[7.041265,4.819144],[7.041289,4.819089],[7.041445,4.819157],[7.04142,4.819212],[7.041557,4.819272],[7.041581,4.819217],[7.041845,4.819334],[7.041821,4.819389],[7.041882,4.819416],[7.041785,4.819638],[7.041738,4.819617],[7.041726,4.819646],[7.040987,4.81932],[7.040999,4.819292],[7.040935,4.819263],[7.040924,4.81929],[7.040906,4.819282],[7.041015,4.819033],[7.041265,4.819144]]]}},{"type":"Feature","properties":{"h":3.0,"on_route":false},"geometry":{"type":"Polygon","coordinates":[[[7.036767,4.817714],[7.036746,4.817757],[7.036652,4.81771],[7.036674,4.817667],[7.036767,4.817714]]]}},{"type":"Feature","properties":{"h":3.0,"on_route":false},"geometry":{"type":"Polygon","coordinates":[[[7.037027,4.820628],[7.036994,4.820618],[7.037025,4.820509],[7.037058,4.820519],[7.037027,4.820628]]]}},{"type":"Feature","properties":{"h":3.0,"on_route":true},"geometry":{"type":"Polygon","coordinates":[[[7.040029,4.818638],[7.039977,4.818618],[7.040016,4.818519],[7.040068,4.81854],[7.040029,4.818638]]]}},{"type":"Feature","properties":{"h":3.0,"on_route":false},"geometry":{"type":"Polygon","coordinates":[[[7.035934,4.817485],[7.035902,4.817532],[7.035788,4.817453],[7.03582,4.817406],[7.035934,4.817485]]]}},{"type":"Feature","properties":{"h":3.0,"on_route":false},"geometry":{"type":"Polygon","coordinates":[[[7.038397,4.818385],[7.038329,4.818563],[7.038237,4.818527],[7.038285,4.818403],[7.038272,4.818398],[7.038292,4.818344],[7.038397,4.818385]]]}},{"type":"Feature","properties":{"h":3.0,"on_route":false},"geometry":{"type":"Polygon","coordinates":[[[7.037511,4.821894],[7.037495,4.821976],[7.03743,4.821964],[7.037446,4.821882],[7.037511,4.821894]]]}},{"type":"Feature","properties":{"h":3.0,"on_route":false},"geometry":{"type":"Polygon","coordinates":[[[7.038428,4.814564],[7.038414,4.8146],[7.038376,4.814586],[7.03839,4.81455],[7.038428,4.814564]]]}},{"type":"Feature","properties":{"h":3.0,"on_route":false},"geometry":{"type":"Polygon","coordinates":[[[7.036997,4.819941],[7.036975,4.820184],[7.036887,4.820176],[7.036909,4.819933],[7.036997,4.819941]]]}},{"type":"Feature","properties":{"h":3.0,"on_route":false},"geometry":{"type":"Polygon","coordinates":[[[7.037085,4.816079],[7.037066,4.81611],[7.037018,4.816082],[7.037037,4.81605],[7.037085,4.816079]]]}},{"type":"Feature","properties":{"h":3.0,"on_route":false},"geometry":{"type":"Polygon","coordinates":[[[7.041832,4.817992],[7.041793,4.818083],[7.041709,4.818047],[7.041748,4.817956],[7.041832,4.817992]]]}},{"type":"Feature","properties":{"h":3.0,"on_route":false},"geometry":{"type":"Polygon","coordinates":[[[7.039828,4.81935],[7.039801,4.819437],[7.03972,4.819412],[7.039747,4.819324],[7.039828,4.81935]]]}},{"type":"Feature","properties":{"h":3.0,"on_route":true},"geometry":{"type":"Polygon","coordinates":[[[7.043256,4.820464],[7.043242,4.820509],[7.043018,4.820442],[7.043032,4.820397],[7.043256,4.820464]]]}},{"type":"Feature","properties":{"h":3.0,"on_route":false},"geometry":{"type":"Polygon","coordinates":[[[7.041027,4.8164],[7.040842,4.816293],[7.041031,4.815965],[7.041216,4.816072],[7.041027,4.8164]]]}},{"type":"Feature","properties":{"h":3.0,"on_route":false},"geometry":{"type":"Polygon","coordinates":[[[7.038169,4.818277],[7.038,4.818722],[7.038141,4.818776],[7.038233,4.818536],[7.038317,4.818568],[7.038206,4.818859],[7.03792,4.81875],[7.037771,4.819141],[7.037882,4.819184],[7.037865,4.819228],[7.037709,4.819168],[7.037725,4.819123],[7.037545,4.819054],[7.037694,4.818663],[7.037629,4.818638],[7.037649,4.818588],[7.037674,4.818597],[7.037843,4.818152],[7.038169,4.818277]]]}},{"type":"Feature","properties":{"h":3.0,"on_route":false},"geometry":{"type":"Polygon","coordinates":[[[7.038172,4.816911],[7.038065,4.816869],[7.038185,4.81656],[7.038291,4.816601],[7.038172,4.816911]]]}},{"type":"Feature","properties":{"h":3.0,"on_route":false},"geometry":{"type":"Polygon","coordinates":[[[7.042674,4.815789],[7.042634,4.815849],[7.042605,4.815829],[7.042645,4.81577],[7.042674,4.815789]]]}},{"type":"Feature","properties":{"h":3.0,"on_route":false},"geometry":{"type":"Polygon","coordinates":[[[7.037152,4.819254],[7.037095,4.819232],[7.037179,4.819011],[7.037237,4.819033],[7.037152,4.819254]]]}},{"type":"Feature","properties":{"h":3.0,"on_route":false},"geometry":{"type":"Polygon","coordinates":[[[7.03769,4.819748],[7.037657,4.819833],[7.037616,4.819818],[7.037398,4.820386],[7.037129,4.820282],[7.037178,4.820155],[7.037085,4.820119],[7.037254,4.819678],[7.037347,4.819714],[7.037379,4.819629],[7.03769,4.819748]]]}},{"type":"Feature","properties":{"h":3.0,"on_route":false},"geometry":{"type":"Polygon","coordinates":[[[7.037966,4.816716],[7.037941,4.816789],[7.037779,4.816731],[7.037805,4.816659],[7.037966,4.816716]]]}},{"type":"Feature","properties":{"h":3.0,"on_route":false},"geometry":{"type":"Polygon","coordinates":[[[7.040011,4.815279],[7.039998,4.815303],[7.039912,4.815255],[7.039925,4.815231],[7.040011,4.815279]]]}},{"type":"Feature","properties":{"h":3.0,"on_route":false},"geometry":{"type":"Polygon","coordinates":[[[7.040798,4.820054],[7.040779,4.820136],[7.040713,4.820121],[7.040732,4.820038],[7.040798,4.820054]]]}},{"type":"Feature","properties":{"h":3.0,"on_route":false},"geometry":{"type":"Polygon","coordinates":[[[7.037022,4.816209],[7.03702,4.816245],[7.036989,4.816243],[7.036992,4.816207],[7.037022,4.816209]]]}},{"type":"Feature","properties":{"h":3.0,"on_route":false},"geometry":{"type":"Polygon","coordinates":[[[7.038615,4.819567],[7.038582,4.819655],[7.03851,4.819628],[7.038544,4.81954],[7.038615,4.819567]]]}},{"type":"Feature","properties":{"h":3.0,"on_route":false},"geometry":{"type":"Polygon","coordinates":[[[7.039606,4.817502],[7.039573,4.817589],[7.039488,4.817557],[7.039521,4.817469],[7.039606,4.817502]]]}},{"type":"Feature","properties":{"h":3.0,"on_route":false},"geometry":{"type":"Polygon","coordinates":[[[7.041042,4.815946],[7.040837,4.816307],[7.040563,4.816151],[7.040683,4.81594],[7.040752,4.815979],[7.040837,4.815829],[7.041042,4.815946]]]}},{"type":"Feature","properties":{"h":3.0,"on_route":false},"geometry":{"type":"Polygon","coordinates":[[[7.041567,4.817581],[7.041565,4.81758],[7.041625,4.817452],[7.041574,4.817428],[7.041599,4.817375],[7.041626,4.817387],[7.041634,4.81737],[7.041838,4.817468],[7.042298,4.817684],[7.042289,4.817704],[7.04247,4.81779],[7.042489,4.81775],[7.042567,4.817788],[7.042487,4.817957],[7.042412,4.817921],[7.042383,4.817982],[7.042394,4.817987],[7.042306,4.818172],[7.042329,4.818183],[7.042327,4.818188],[7.042303,4.818177],[7.042302,4.818179],[7.041949,4.818008],[7.041531,4.817811],[7.04155,4.81777],[7.041492,4.817742],[7.041567,4.817581]]]}},{"type":"Feature","properties":{"h":3.0,"on_route":false},"geometry":{"type":"Polygon","coordinates":[[[7.039766,4.815613],[7.039699,4.815727],[7.039261,4.815471],[7.039327,4.815357],[7.039766,4.815613]]]}},{"type":"Feature","properties":{"h":3.0,"on_route":false},"geometry":{"type":"Polygon","coordinates":[[[7.036928,4.816338],[7.036867,4.81643],[7.03678,4.816371],[7.036841,4.81628],[7.036928,4.816338]]]}},{"type":"Feature","properties":{"h":3.0,"on_route":false},"geometry":{"type":"Polygon","coordinates":[[[7.039467,4.81482],[7.039555,4.814874],[7.03953,4.814914],[7.039442,4.81486],[7.039467,4.81482]]]}},{"type":"Feature","properties":{"h":3.0,"on_route":false},"geometry":{"type":"Polygon","coordinates":[[[7.038661,4.820573],[7.038615,4.820694],[7.038347,4.820592],[7.038393,4.820471],[7.038661,4.820573]]]}},{"type":"Feature","properties":{"h":3.0,"on_route":false},"geometry":{"type":"Polygon","coordinates":[[[7.042471,4.819489],[7.042465,4.819534],[7.042431,4.81953],[7.042437,4.819484],[7.042471,4.819489]]]}},{"type":"Feature","properties":{"h":3.0,"on_route":false},"geometry":{"type":"Polygon","coordinates":[[[7.042596,4.819516],[7.042585,4.819571],[7.042463,4.819547],[7.042474,4.819492],[7.042596,4.819516]]]}},{"type":"Feature","properties":{"h":3.0,"on_route":false},"geometry":{"type":"Polygon","coordinates":[[[7.038887,4.816893],[7.038729,4.817351],[7.038673,4.817331],[7.03883,4.816874],[7.038887,4.816893]]]}},{"type":"Feature","properties":{"h":3.0,"on_route":false},"geometry":{"type":"Polygon","coordinates":[[[7.040583,4.816523],[7.040482,4.816798],[7.040505,4.816807],[7.040475,4.816889],[7.040451,4.81688],[7.040368,4.817106],[7.040063,4.816993],[7.040045,4.817041],[7.039372,4.816791],[7.039473,4.816517],[7.039497,4.816526],[7.039535,4.816423],[7.039511,4.816414],[7.039605,4.81616],[7.040583,4.816523]]]}},{"type":"Feature","properties":{"h":3.0,"on_route":false},"geometry":{"type":"Polygon","coordinates":[[[7.040792,4.821527],[7.040785,4.821672],[7.040808,4.821673],[7.040814,4.821528],[7.040885,4.821531],[7.040867,4.82193],[7.040796,4.821926],[7.0408,4.821843],[7.040777,4.821842],[7.040747,4.822487],[7.040717,4.822486],[7.040712,4.822604],[7.040522,4.822595],[7.040523,4.82256],[7.040411,4.822554],[7.040459,4.821511],[7.040792,4.821527]]]}},{"type":"Feature","properties":{"h":3.0,"on_route":false},"geometry":{"type":"Polygon","coordinates":[[[7.039356,4.819452],[7.039322,4.819541],[7.03927,4.819521],[7.039304,4.819432],[7.039356,4.819452]]]}},{"type":"Feature","properties":{"h":3.0,"on_route":true},"geometry":{"type":"Polygon","coordinates":[[[7.041483,4.819935],[7.041452,4.820012],[7.0413,4.819949],[7.041331,4.819872],[7.041483,4.819935]]]}},{"type":"Feature","properties":{"h":3.0,"on_route":false},"geometry":{"type":"Polygon","coordinates":[[[7.041962,4.81686],[7.041945,4.816899],[7.041896,4.816878],[7.041913,4.816839],[7.041962,4.81686]]]}},{"type":"Feature","properties":{"h":3.0,"on_route":false},"geometry":{"type":"Polygon","coordinates":[[[7.042503,4.814391],[7.042589,4.814455],[7.04254,4.814521],[7.042389,4.814409],[7.042385,4.814415],[7.042057,4.814169],[7.042041,4.81419],[7.042457,4.814505],[7.042456,4.814506],[7.042516,4.814551],[7.042472,4.81461],[7.042434,4.81458],[7.042375,4.814658],[7.042371,4.814656],[7.04237,4.814658],[7.042141,4.814482],[7.042102,4.814533],[7.042127,4.814552],[7.042113,4.81457],[7.042118,4.814574],[7.042015,4.814712],[7.042009,4.814707],[7.042006,4.814711],[7.041644,4.814434],[7.041304,4.814179],[7.041307,4.814175],[7.041306,4.814174],[7.041349,4.814117],[7.041073,4.81391],[7.041072,4.81391],[7.040991,4.813848],[7.040993,4.813846],[7.040991,4.813845],[7.041259,4.813488],[7.041389,4.81331],[7.041391,4.813311],[7.041393,4.813309],[7.041598,4.813463],[7.041778,4.813595],[7.041912,4.813691],[7.041902,4.813691],[7.042462,4.814111],[7.042394,4.814202],[7.042286,4.814121],[7.042274,4.814138],[7.042455,4.81427],[7.042453,4.814272],[7.042477,4.814291],[7.042477,4.814292],[7.042541,4.81434],[7.042503,4.814391]]]}},{"type":"Feature","properties":{"h":3.0,"on_route":false},"geometry":{"type":"Polygon","coordinates":[[[7.040588,4.820682],[7.040586,4.820712],[7.040555,4.82071],[7.040556,4.82068],[7.040588,4.820682]]]}},{"type":"Feature","properties":{"h":3.0,"on_route":false},"geometry":{"type":"Polygon","coordinates":[[[7.04108,4.821313],[7.041082,4.821335],[7.041052,4.821339],[7.041049,4.821317],[7.04108,4.821313]]]}},{"type":"Feature","properties":{"h":3.0,"on_route":false},"geometry":{"type":"Polygon","coordinates":[[[7.040344,4.820533],[7.040367,4.820438],[7.040587,4.820493],[7.040555,4.820624],[7.040377,4.82058],[7.040366,4.820625],[7.040289,4.820606],[7.040309,4.820524],[7.040344,4.820533]]]}},{"type":"Feature","properties":{"h":3.0,"on_route":false},"geometry":{"type":"Polygon","coordinates":[[[7.037904,4.816887],[7.037877,4.816964],[7.037727,4.816913],[7.037753,4.816835],[7.037904,4.816887]]]}},{"type":"Feature","properties":{"h":3.0,"on_route":false},"geometry":{"type":"Polygon","coordinates":[[[7.042672,4.819469],[7.042646,4.819457],[7.042687,4.819365],[7.042713,4.819376],[7.042672,4.819469]]]}},{"type":"Feature","properties":{"h":3.0,"on_route":false},"geometry":{"type":"Polygon","coordinates":[[[7.036865,4.817732],[7.036852,4.817758],[7.036767,4.817714],[7.03678,4.817689],[7.036865,4.817732]]]}},{"type":"Feature","properties":{"h":3.0,"on_route":false},"geometry":{"type":"Polygon","coordinates":[[[7.04301,4.819281],[7.042996,4.819321],[7.042937,4.819301],[7.042951,4.81926],[7.04301,4.819281]]]}},{"type":"Feature","properties":{"h":3.0,"on_route":false},"geometry":{"type":"Polygon","coordinates":[[[7.036958,4.820348],[7.036907,4.820343],[7.036922,4.820179],[7.036974,4.820184],[7.036958,4.820348]]]}},{"type":"Feature","properties":{"h":3.0,"on_route":false},"geometry":{"type":"Polygon","coordinates":[[[7.043312,4.818135],[7.043288,4.818192],[7.043234,4.81817],[7.043257,4.818113],[7.043312,4.818135]]]}},{"type":"Feature","properties":{"h":3.0,"on_route":false},"geometry":{"type":"Polygon","coordinates":[[[7.040931,4.818073],[7.040915,4.818126],[7.040862,4.81811],[7.040878,4.818057],[7.040931,4.818073]]]}},{"type":"Feature","properties":{"h":3.0,"on_route":false},"geometry":{"type":"Polygon","coordinates":[[[7.041172,4.818574],[7.041152,4.818625],[7.041041,4.818579],[7.041062,4.818528],[7.041172,4.818574]]]}},{"type":"Feature","properties":{"h":3.0,"on_route":false},"geometry":{"type":"Polygon","coordinates":[[[7.038547,4.817899],[7.038534,4.817951],[7.038426,4.817924],[7.038439,4.817872],[7.038547,4.817899]]]}},{"type":"Feature","properties":{"h":3.0,"on_route":false},"geometry":{"type":"Polygon","coordinates":[[[7.039145,4.815583],[7.039104,4.815662],[7.039006,4.81561],[7.039048,4.815531],[7.039145,4.815583]]]}},{"type":"Feature","properties":{"h":3.0,"on_route":false},"geometry":{"type":"Polygon","coordinates":[[[7.037511,4.820611],[7.037478,4.820734],[7.037401,4.820713],[7.037434,4.82059],[7.037511,4.820611]]]}},{"type":"Feature","properties":{"h":3.0,"on_route":false},"geometry":{"type":"Polygon","coordinates":[[[7.043416,4.816965],[7.043304,4.81716],[7.042982,4.816975],[7.043095,4.816779],[7.043416,4.816965]]]}},{"type":"Feature","properties":{"h":3.0,"on_route":false},"geometry":{"type":"Polygon","coordinates":[[[7.037762,4.817429],[7.037733,4.817432],[7.037731,4.817417],[7.037747,4.817374],[7.037774,4.817371],[7.037762,4.817429]]]}},{"type":"Feature","properties":{"h":3.0,"on_route":false},"geometry":{"type":"Polygon","coordinates":[[[7.041763,4.815397],[7.041753,4.815412],[7.041772,4.815424],[7.041625,4.815652],[7.041442,4.815533],[7.041599,4.81529],[7.041763,4.815397]]]}},{"type":"Feature","properties":{"h":3.0,"on_route":false},"geometry":{"type":"Polygon","coordinates":[[[7.039776,4.816951],[7.03983,4.816972],[7.039821,4.816996],[7.040078,4.817092],[7.040051,4.817165],[7.039794,4.817069],[7.039739,4.817217],[7.039684,4.817197],[7.039776,4.816951]]]}},{"type":"Feature","properties":{"h":3.0,"on_route":false},"geometry":{"type":"Polygon","coordinates":[[[7.039347,4.818961],[7.039321,4.819029],[7.039151,4.818964],[7.039177,4.818896],[7.039347,4.818961]]]}},{"type":"Feature","properties":{"h":3.0,"on_route":false},"geometry":{"type":"Polygon","coordinates":[[[7.038349,4.821593],[7.038215,4.822121],[7.037663,4.82198],[7.037797,4.821452],[7.038349,4.821593]]]}},{"type":"Feature","properties":{"h":3.0,"on_route":false},"geometry":{"type":"Polygon","coordinates":[[[7.038877,4.821093],[7.038872,4.821115],[7.038829,4.821105],[7.038834,4.821083],[7.038877,4.821093]]]}},{"type":"Feature","properties":{"h":3.0,"on_route":false},"geometry":{"type":"Polygon","coordinates":[[[7.042181,4.819327],[7.042172,4.819366],[7.042144,4.81936],[7.042153,4.819321],[7.042181,4.819327]]]}},{"type":"Feature","properties":{"h":3.0,"on_route":true},"geometry":{"type":"Polygon","coordinates":[[[7.0413,4.820154],[7.041315,4.820089],[7.041486,4.82013],[7.04148,4.820156],[7.041509,4.820163],[7.041516,4.820138],[7.041583,4.820154],[7.041572,4.820198],[7.041616,4.820208],[7.0416,4.820271],[7.041319,4.820203],[7.041312,4.820234],[7.041259,4.820221],[7.041276,4.820148],[7.0413,4.820154]]]}},{"type":"Feature","properties":{"h":3.0,"on_route":false},"geometry":{"type":"Polygon","coordinates":[[[7.041492,4.820366],[7.041473,4.820446],[7.041012,4.820337],[7.041031,4.820258],[7.041492,4.820366]]]}},{"type":"Feature","properties":{"h":3.0,"on_route":false},"geometry":{"type":"Polygon","coordinates":[[[7.038396,4.817408],[7.038406,4.817507],[7.038313,4.817516],[7.038304,4.817417],[7.038396,4.817408]]]}},{"type":"Feature","properties":{"h":3.0,"on_route":false},"geometry":{"type":"Polygon","coordinates":[[[7.040127,4.814445],[7.040104,4.81448],[7.04001,4.814417],[7.040033,4.814382],[7.040127,4.814445]]]}},{"type":"Feature","properties":{"h":3.0,"on_route":false},"geometry":{"type":"Polygon","coordinates":[[[7.042169,4.8198],[7.04216,4.819844],[7.042125,4.819837],[7.042134,4.819793],[7.042169,4.8198]]]}},{"type":"Feature","properties":{"h":3.0,"on_route":false},"geometry":{"type":"Polygon","coordinates":[[[7.037286,4.818557],[7.037101,4.81904],[7.036934,4.818975],[7.037119,4.818493],[7.037286,4.818557]]]}},{"type":"Feature","properties":{"h":3.0,"on_route":false},"geometry":{"type":"Polygon","coordinates":[[[7.036128,4.819736],[7.036128,4.819772],[7.036061,4.819772],[7.036061,4.819736],[7.036128,4.819736]]]}},{"type":"Feature","properties":{"h":3.0,"on_route":false},"geometry":{"type":"Polygon","coordinates":[[[7.039649,4.814933],[7.039624,4.814973],[7.03953,4.814914],[7.039555,4.814874],[7.039649,4.814933]]]}},{"type":"Feature","properties":{"h":3.0,"on_route":false},"geometry":{"type":"Polygon","coordinates":[[[7.042795,4.81953],[7.042783,4.819572],[7.042716,4.819552],[7.042728,4.81951],[7.042795,4.81953]]]}},{"type":"Feature","properties":{"h":3.0,"on_route":false},"geometry":{"type":"Polygon","coordinates":[[[7.037034,4.817281],[7.037028,4.817303],[7.036986,4.817293],[7.036991,4.817271],[7.037034,4.817281]]]}},{"type":"Feature","properties":{"h":3.0,"on_route":false},"geometry":{"type":"Polygon","coordinates":[[[7.036764,4.820512],[7.036694,4.820768],[7.036508,4.820717],[7.036577,4.820461],[7.036764,4.820512]]]}},{"type":"Feature","properties":{"h":3.0,"on_route":false},"geometry":{"type":"Polygon","coordinates":[[[7.040654,4.822784],[7.040402,4.822773],[7.040409,4.822592],[7.040661,4.822602],[7.040654,4.822784]]]}},{"type":"Feature","properties":{"h":3.0,"on_route":false},"geometry":{"type":"Polygon","coordinates":[[[7.042695,4.817929],[7.042632,4.81801],[7.042612,4.817994],[7.042675,4.817914],[7.042695,4.817929]]]}},{"type":"Feature","properties":{"h":3.0,"on_route":false},"geometry":{"type":"Polygon","coordinates":[[[7.036845,4.817602],[7.036835,4.817625],[7.03675,4.817586],[7.03676,4.817563],[7.036845,4.817602]]]}},{"type":"Feature","properties":{"h":3.0,"on_route":false},"geometry":{"type":"Polygon","coordinates":[[[7.041687,4.82042],[7.041668,4.820502],[7.041475,4.820457],[7.041494,4.820375],[7.041687,4.82042]]]}},{"type":"Feature","properties":{"h":3.0,"on_route":false},"geometry":{"type":"Polygon","coordinates":[[[7.038243,4.81701],[7.038191,4.81715],[7.03803,4.817089],[7.038082,4.81695],[7.038243,4.81701]]]}},{"type":"Feature","properties":{"h":3.0,"on_route":false},"geometry":{"type":"Polygon","coordinates":[[[7.043061,4.817697],[7.04316,4.817759],[7.043144,4.817786],[7.043044,4.817723],[7.043061,4.817697]]]}},{"type":"Feature","properties":{"h":3.0,"on_route":false},"geometry":{"type":"Polygon","coordinates":[[[7.041522,4.820858],[7.041509,4.82091],[7.041484,4.820903],[7.041475,4.82094],[7.041453,4.820934],[7.04146,4.820905],[7.041337,4.820873],[7.041352,4.820814],[7.041522,4.820858]]]}},{"type":"Feature","properties":{"h":3.0,"on_route":false},"geometry":{"type":"Polygon","coordinates":[[[7.039794,4.820085],[7.039504,4.820847],[7.039294,4.820766],[7.039583,4.820004],[7.039794,4.820085]]]}},{"type":"Feature","properties":{"h":3.0,"on_route":false},"geometry":{"type":"Polygon","coordinates":[[[7.040541,4.819728],[7.040535,4.81978],[7.040504,4.819776],[7.04051,4.819724],[7.040541,4.819728]]]}},{"type":"Feature","properties":{"h":3.0,"on_route":false},"geometry":{"type":"Polygon","coordinates":[[[7.040511,4.815801],[7.040469,4.815775],[7.040528,4.815678],[7.04057,4.815704],[7.040511,4.815801]]]}},{"type":"Feature","properties":{"h":3.0,"on_route":false},"geometry":{"type":"Polygon","coordinates":[[[7.041154,4.814517],[7.041095,4.814656],[7.041051,4.814637],[7.041111,4.814498],[7.041154,4.814517]]]}},{"type":"Feature","properties":{"h":3.0,"on_route":false},"geometry":{"type":"Polygon","coordinates":[[[7.038619,4.820141],[7.038567,4.8203],[7.038475,4.82027],[7.038527,4.820111],[7.038619,4.820141]]]}},{"type":"Feature","properties":{"h":3.0,"on_route":false},"geometry":{"type":"Polygon","coordinates":[[[7.040427,4.820081],[7.040521,4.820104],[7.040513,4.820138],[7.040983,4.820249],[7.040964,4.820328],[7.0404,4.820195],[7.040427,4.820081]]]}},{"type":"Feature","properties":{"h":3.0,"on_route":false},"geometry":{"type":"Polygon","coordinates":[[[7.038745,4.814701],[7.038723,4.814737],[7.038656,4.814695],[7.038679,4.81466],[7.038745,4.814701]]]}},{"type":"Feature","properties":{"h":3.0,"on_route":false},"geometry":{"type":"Polygon","coordinates":[[[7.040425,4.815897],[7.04041,4.81592],[7.040323,4.815865],[7.040338,4.815842],[7.040425,4.815897]]]}},{"type":"Feature","properties":{"h":3.0,"on_route":false},"geometry":{"type":"Polygon","coordinates":[[[7.040587,4.821145],[7.040542,4.82132],[7.040212,4.821233],[7.040258,4.821059],[7.040587,4.821145]]]}},{"type":"Feature","properties":{"h":3.0,"on_route":false},"geometry":{"type":"Polygon","coordinates":[[[7.038497,4.820959],[7.038364,4.821473],[7.037825,4.821332],[7.037958,4.820818],[7.038497,4.820959]]]}},{"type":"Feature","properties":{"h":3.0,"on_route":false},"geometry":{"type":"Polygon","coordinates":[[[7.041739,4.817978],[7.041688,4.818097],[7.041515,4.818023],[7.041566,4.817904],[7.041739,4.817978]]]}},{"type":"Feature","properties":{"h":3.0,"on_route":false},"geometry":{"type":"Polygon","coordinates":[[[7.037716,4.81846],[7.037683,4.818553],[7.037599,4.818524],[7.037633,4.81843],[7.037716,4.81846]]]}},{"type":"Feature","properties":{"h":3.0,"on_route":false},"geometry":{"type":"Polygon","coordinates":[[[7.039117,4.814711],[7.039023,4.814853],[7.038976,4.814822],[7.039069,4.81468],[7.039117,4.814711]]]}},{"type":"Feature","properties":{"h":3.0,"on_route":false},"geometry":{"type":"Polygon","coordinates":[[[7.040327,4.82178],[7.040308,4.822046],[7.040238,4.822041],[7.040256,4.821775],[7.040327,4.82178]]]}},{"type":"Feature","properties":{"h":3.0,"on_route":false},"geometry":{"type":"Polygon","coordinates":[[[7.040574,4.820832],[7.040547,4.82094],[7.040263,4.820867],[7.040291,4.820759],[7.040574,4.820832]]]}},{"type":"Feature","properties":{"h":3.0,"on_route":false},"geometry":{"type":"Polygon","coordinates":[[[7.042358,4.815597],[7.042193,4.815855],[7.042187,4.815851],[7.042176,4.815867],[7.042105,4.815821],[7.042174,4.815713],[7.042146,4.815695],[7.042234,4.815558],[7.042262,4.815576],[7.042281,4.815547],[7.042358,4.815597]]]}},{"type":"Feature","properties":{"h":3.0,"on_route":false},"geometry":{"type":"Polygon","coordinates":[[[7.038292,4.820427],[7.038241,4.82056],[7.038221,4.820553],[7.038214,4.82057],[7.0376,4.820333],[7.037658,4.820182],[7.038292,4.820427]]]}},{"type":"Feature","properties":{"h":3.0,"on_route":false},"geometry":{"type":"Polygon","coordinates":[[[7.037972,4.814884],[7.037873,4.815018],[7.03781,4.814971],[7.037908,4.814837],[7.037972,4.814884]]]}},{"type":"Feature","properties":{"h":3.0,"on_route":false},"geometry":{"type":"Polygon","coordinates":[[[7.041602,4.816498],[7.04158,4.816545],[7.041524,4.816521],[7.041546,4.816472],[7.041602,4.816498]]]}},{"type":"Feature","properties":{"h":3.0,"on_route":false},"geometry":{"type":"Polygon","coordinates":[[[7.042488,4.819694],[7.042486,4.819718],[7.042455,4.819716],[7.042457,4.819692],[7.042488,4.819694]]]}},{"type":"Feature","properties":{"h":3.0,"on_route":true},"geometry":{"type":"Polygon","coordinates":[[[7.040362,4.818691],[7.040318,4.818672],[7.04036,4.818567],[7.040405,4.818586],[7.040362,4.818691]]]}},{"type":"Feature","properties":{"h":3.0,"on_route":true},"geometry":{"type":"Polygon","coordinates":[[[7.041508,4.820298],[7.041499,4.820334],[7.041039,4.820225],[7.041047,4.820189],[7.041508,4.820298]]]}},{"type":"Feature","properties":{"h":3.0,"on_route":false},"geometry":{"type":"Polygon","coordinates":[[[7.041056,4.820032],[7.041033,4.82012],[7.040901,4.820084],[7.040925,4.819996],[7.041056,4.820032]]]}},{"type":"Feature","properties":{"h":3.0,"on_route":false},"geometry":{"type":"Polygon","coordinates":[[[7.042285,4.818705],[7.042249,4.818689],[7.042296,4.818585],[7.042332,4.818601],[7.042285,4.818705]]]}},{"type":"Feature","properties":{"h":3.0,"on_route":false},"geometry":{"type":"Polygon","coordinates":[[[7.042115,4.817352],[7.041943,4.817269],[7.042146,4.816847],[7.042216,4.816881],[7.042238,4.816835],[7.04234,4.816885],[7.042115,4.817352]]]}},{"type":"Feature","properties":{"h":3.0,"on_route":false},"geometry":{"type":"Polygon","coordinates":[[[7.04328,4.819728],[7.043261,4.81979],[7.04311,4.819745],[7.043129,4.819683],[7.04328,4.819728]]]}},{"type":"Feature","properties":{"h":3.0,"on_route":false},"geometry":{"type":"Polygon","coordinates":[[[7.039418,4.814783],[7.039409,4.814802],[7.039352,4.814777],[7.039361,4.814757],[7.039418,4.814783]]]}},{"type":"Feature","properties":{"h":3.0,"on_route":false},"geometry":{"type":"Polygon","coordinates":[[[7.038441,4.820038],[7.038334,4.820318],[7.038247,4.820285],[7.038262,4.820245],[7.038193,4.820219],[7.038286,4.819978],[7.038441,4.820038]]]}},{"type":"Feature","properties":{"h":3.0,"on_route":false},"geometry":{"type":"Polygon","coordinates":[[[7.039413,4.819576],[7.039293,4.819891],[7.039378,4.819924],[7.039319,4.820079],[7.038714,4.819847],[7.038893,4.819377],[7.039413,4.819576]]]}},{"type":"Feature","properties":{"h":3.0,"on_route":false},"geometry":{"type":"Polygon","coordinates":[[[7.03726,4.815875],[7.037241,4.815907],[7.037035,4.815779],[7.037054,4.815747],[7.03726,4.815875]]]}},{"type":"Feature","properties":{"h":3.0,"on_route":false},"geometry":{"type":"Polygon","coordinates":[[[7.042227,4.819472],[7.042201,4.819464],[7.042224,4.81939],[7.042251,4.819398],[7.042227,4.819472]]]}},{"type":"Feature","properties":{"h":3.0,"on_route":false},"geometry":{"type":"Polygon","coordinates":[[[7.043024,4.821149],[7.04298,4.821289],[7.042819,4.821239],[7.042863,4.821098],[7.043024,4.821149]]]}},{"type":"Feature","properties":{"h":3.0,"on_route":false},"geometry":{"type":"Polygon","coordinates":[[[7.038514,4.814384],[7.038495,4.814417],[7.038429,4.814377],[7.038448,4.814344],[7.038514,4.814384]]]}},{"type":"Feature","properties":{"h":3.0,"on_route":false},"geometry":{"type":"Polygon","coordinates":[[[7.039681,4.815101],[7.039652,4.815087],[7.039679,4.815028],[7.039708,4.815041],[7.039681,4.815101]]]}},{"type":"Feature","properties":{"h":3.0,"on_route":false},"geometry":{"type":"Polygon","coordinates":[[[7.042463,4.821115],[7.042422,4.821096],[7.042462,4.821006],[7.042503,4.821024],[7.042463,4.821115]]]}},{"type":"Feature","properties":{"h":3.0,"on_route":false},"geometry":{"type":"Polygon","coordinates":[[[7.039278,4.818468],[7.039445,4.818532],[7.039361,4.818752],[7.039402,4.818768],[7.039371,4.81885],[7.039414,4.818867],[7.039378,4.818963],[7.039451,4.818991],[7.039429,4.819049],[7.039335,4.819013],[7.039357,4.818955],[7.039127,4.818867],[7.039278,4.818468]]]}},{"type":"Feature","properties":{"h":3.0,"on_route":false},"geometry":{"type":"Polygon","coordinates":[[[7.039348,4.81414],[7.039331,4.814168],[7.039241,4.814112],[7.039258,4.814084],[7.039348,4.81414]]]}},{"type":"Feature","properties":{"h":3.0,"on_route":true},"geometry":{"type":"Polygon","coordinates":[[[7.039675,4.819076],[7.039698,4.819085],[7.039675,4.819143],[7.039653,4.819135],[7.039595,4.819286],[7.039372,4.819201],[7.039422,4.819068],[7.039528,4.819109],[7.039555,4.819039],[7.039511,4.819022],[7.039491,4.819073],[7.039429,4.819049],[7.039451,4.818991],[7.039483,4.819003],[7.039519,4.818907],[7.03955,4.818919],[7.039665,4.818617],[7.039826,4.818678],[7.039675,4.819076]]]}},{"type":"Feature","properties":{"h":3.0,"on_route":false},"geometry":{"type":"Polygon","coordinates":[[[7.037756,4.819415],[7.037652,4.819692],[7.0375,4.819635],[7.037604,4.819358],[7.037756,4.819415]]]}},{"type":"Feature","properties":{"h":3.0,"on_route":false},"geometry":{"type":"Polygon","coordinates":[[[7.042229,4.819494],[7.042221,4.819522],[7.042187,4.819512],[7.042195,4.819485],[7.042229,4.819494]]]}},{"type":"Feature","properties":{"h":3.0,"on_route":false},"geometry":{"type":"Polygon","coordinates":[[[7.040933,4.814834],[7.040879,4.814932],[7.040835,4.814907],[7.040889,4.814809],[7.040933,4.814834]]]}},{"type":"Feature","properties":{"h":3.0,"on_route":false},"geometry":{"type":"Polygon","coordinates":[[[7.038889,4.817181],[7.038863,4.817256],[7.038772,4.817225],[7.038799,4.817149],[7.038889,4.817181]]]}},{"type":"Feature","properties":{"h":3.0,"on_route":false},"geometry":{"type":"Polygon","coordinates":[[[7.036655,4.820788],[7.036605,4.820974],[7.036365,4.820909],[7.036415,4.820723],[7.036655,4.820788]]]}},{"type":"Feature","properties":{"h":3.0,"on_route":false},"geometry":{"type":"Polygon","coordinates":[[[7.041679,4.820939],[7.041683,4.820964],[7.04164,4.820971],[7.041636,4.820946],[7.041679,4.820939]]]}},{"type":"Feature","properties":{"h":3.0,"on_route":false},"geometry":{"type":"Polygon","coordinates":[[[7.040711,4.82003],[7.040695,4.820095],[7.040568,4.820065],[7.040584,4.82],[7.040711,4.82003]]]}},{"type":"Feature","properties":{"h":3.0,"on_route":false},"geometry":{"type":"Polygon","coordinates":[[[7.041928,4.816903],[7.041926,4.816925],[7.041895,4.816922],[7.041898,4.8169],[7.041928,4.816903]]]}},{"type":"Feature","properties":{"h":3.0,"on_route":false},"geometry":{"type":"Polygon","coordinates":[[[7.042646,4.819457],[7.04262,4.819445],[7.042661,4.819353],[7.042687,4.819365],[7.042646,4.819457]]]}},{"type":"Feature","properties":{"h":3.0,"on_route":false},"geometry":{"type":"Polygon","coordinates":[[[7.042459,4.818222],[7.042425,4.818206],[7.042475,4.818096],[7.042509,4.818112],[7.042459,4.818222]]]}},{"type":"Feature","properties":{"h":3.0,"on_route":false},"geometry":{"type":"Polygon","coordinates":[[[7.041834,4.816097],[7.041777,4.816189],[7.041807,4.816208],[7.041777,4.816257],[7.041656,4.816183],[7.041744,4.816041],[7.041834,4.816097]]]}},{"type":"Feature","properties":{"h":3.0,"on_route":false},"geometry":{"type":"Polygon","coordinates":[[[7.042558,4.819688],[7.042548,4.819716],[7.042516,4.819703],[7.042526,4.819676],[7.042558,4.819688]]]}},{"type":"Feature","properties":{"h":3.0,"on_route":false},"geometry":{"type":"Polygon","coordinates":[[[7.039206,4.82016],[7.039161,4.820277],[7.038556,4.820046],[7.038601,4.819929],[7.039206,4.82016]]]}},{"type":"Feature","properties":{"h":3.0,"on_route":false},"geometry":{"type":"Polygon","coordinates":[[[7.039794,4.817069],[7.040051,4.817165],[7.040033,4.817213],[7.039776,4.817117],[7.039794,4.817069]]]}},{"type":"Feature","properties":{"h":3.0,"on_route":true},"geometry":{"type":"Polygon","coordinates":[[[7.040356,4.81795],[7.040235,4.818269],[7.040134,4.81823],[7.040256,4.817911],[7.040356,4.81795]]]}},{"type":"Feature","properties":{"h":3.0,"on_route":false},"geometry":{"type":"Polygon","coordinates":[[[7.04239,4.820752],[7.042386,4.820781],[7.042318,4.820771],[7.042322,4.820742],[7.04239,4.820752]]]}},{"type":"Feature","properties":{"h":3.0,"on_route":false},"geometry":{"type":"Polygon","coordinates":[[[7.03941,4.8191],[7.039366,4.819216],[7.038939,4.819053],[7.038982,4.818937],[7.03941,4.8191]]]}},{"type":"Feature","properties":{"h":3.0,"on_route":false},"geometry":{"type":"Polygon","coordinates":[[[7.037017,4.819337],[7.037011,4.819359],[7.036961,4.819346],[7.036967,4.819323],[7.037017,4.819337]]]}},{"type":"Feature","properties":{"h":3.0,"on_route":false},"geometry":{"type":"Polygon","coordinates":[[[7.042021,4.821361],[7.04202,4.821407],[7.04193,4.821404],[7.041931,4.821357],[7.042021,4.821361]]]}},{"type":"Feature","properties":{"h":3.0,"on_route":false},"geometry":{"type":"Polygon","coordinates":[[[7.039072,4.819293],[7.039031,4.819399],[7.038877,4.819339],[7.038918,4.819233],[7.039072,4.819293]]]}},{"type":"Feature","properties":{"h":3.0,"on_route":false},"geometry":{"type":"Polygon","coordinates":[[[7.040217,4.817175],[7.040197,4.817225],[7.040148,4.817205],[7.040168,4.817156],[7.040217,4.817175]]]}},{"type":"Feature","properties":{"h":3.0,"on_route":false},"geometry":{"type":"Polygon","coordinates":[[[7.043454,4.817013],[7.043432,4.817061],[7.043399,4.817045],[7.04342,4.816998],[7.043454,4.817013]]]}},{"type":"Feature","properties":{"h":3.0,"on_route":true},"geometry":{"type":"Polygon","coordinates":[[[7.040201,4.819377],[7.04008,4.81933],[7.040282,4.818805],[7.040403,4.818852],[7.040201,4.819377]]]}},{"type":"Feature","properties":{"h":3.0,"on_route":false},"geometry":{"type":"Polygon","coordinates":[[[7.03943,4.821372],[7.039335,4.821734],[7.038511,4.821516],[7.038606,4.821154],[7.03943,4.821372]]]}},{"type":"Feature","properties":{"h":3.0,"on_route":false},"geometry":{"type":"Polygon","coordinates":[[[7.041677,4.814849],[7.041674,4.814875],[7.041648,4.814872],[7.041651,4.814847],[7.041677,4.814849]]]}},{"type":"Feature","properties":{"h":3.0,"on_route":false},"geometry":{"type":"Polygon","coordinates":[[[7.041455,4.815349],[7.041367,4.815485],[7.041217,4.815388],[7.041305,4.815252],[7.041455,4.815349]]]}},{"type":"Feature","properties":{"h":3.0,"on_route":false},"geometry":{"type":"Polygon","coordinates":[[[7.041644,4.814902],[7.041606,4.814966],[7.041518,4.814912],[7.041557,4.814849],[7.041644,4.814902]]]}},{"type":"Feature","properties":{"h":3.0,"on_route":false},"geometry":{"type":"Polygon","coordinates":[[[7.038903,4.814946],[7.038921,4.814916],[7.038973,4.814948],[7.038955,4.814977],[7.039172,4.81511],[7.039077,4.815266],[7.039015,4.815228],[7.03899,4.81527],[7.038701,4.815095],[7.038806,4.814922],[7.038774,4.814902],[7.03879,4.814877],[7.038903,4.814946]]]}},{"type":"Feature","properties":{"h":3.0,"on_route":false},"geometry":{"type":"Polygon","coordinates":[[[7.040317,4.819448],[7.040288,4.819529],[7.040231,4.819509],[7.04026,4.819427],[7.040317,4.819448]]]}},{"type":"Feature","properties":{"h":3.0,"on_route":false},"geometry":{"type":"Polygon","coordinates":[[[7.042444,4.820949],[7.042415,4.821116],[7.042156,4.82107],[7.042161,4.821042],[7.041728,4.820965],[7.041752,4.820826],[7.042444,4.820949]]]}},{"type":"Feature","properties":{"h":3.0,"on_route":false},"geometry":{"type":"Polygon","coordinates":[[[7.03816,4.81725],[7.038144,4.817283],[7.038112,4.817268],[7.038128,4.817234],[7.03816,4.81725]]]}},{"type":"Feature","properties":{"h":3.0,"on_route":false},"geometry":{"type":"Polygon","coordinates":[[[7.037461,4.816704],[7.037435,4.816695],[7.037462,4.816617],[7.037489,4.816626],[7.037461,4.816704]]]}},{"type":"Feature","properties":{"h":3.0,"on_route":false},"geometry":{"type":"Polygon","coordinates":[[[7.042888,4.817939],[7.042874,4.817975],[7.042823,4.817956],[7.042836,4.817919],[7.042888,4.817939]]]}},{"type":"Feature","properties":{"h":3.0,"on_route":false},"geometry":{"type":"Polygon","coordinates":[[[7.039067,4.815743],[7.03905,4.815787],[7.038949,4.815747],[7.038966,4.815703],[7.039067,4.815743]]]}},{"type":"Feature","properties":{"h":3.0,"on_route":false},"geometry":{"type":"Polygon","coordinates":[[[7.038775,4.814578],[7.038733,4.814645],[7.038667,4.814602],[7.038709,4.814536],[7.038775,4.814578]]]}},{"type":"Feature","properties":{"h":3.0,"on_route":false},"geometry":{"type":"Polygon","coordinates":[[[7.039453,4.816577],[7.039393,4.816555],[7.039453,4.816394],[7.039512,4.816416],[7.039453,4.816577]]]}},{"type":"Feature","properties":{"h":3.0,"on_route":false},"geometry":{"type":"Polygon","coordinates":[[[7.038959,4.817358],[7.038941,4.817418],[7.038896,4.817405],[7.038913,4.817345],[7.038959,4.817358]]]}},{"type":"Feature","properties":{"h":3.0,"on_route":false},"geometry":{"type":"Polygon","coordinates":[[[7.043262,4.818112],[7.043236,4.818167],[7.043147,4.818124],[7.043174,4.818069],[7.043262,4.818112]]]}},{"type":"Feature","properties":{"h":3.0,"on_route":false},"geometry":{"type":"Polygon","coordinates":[[[7.041205,4.815207],[7.041137,4.815307],[7.041096,4.815279],[7.041163,4.815179],[7.041205,4.815207]]]}},{"type":"Feature","properties":{"h":3.0,"on_route":false},"geometry":{"type":"Polygon","coordinates":[[[7.039233,4.814822],[7.039285,4.814743],[7.03944,4.814846],[7.039297,4.815064],[7.039272,4.815047],[7.039285,4.815026],[7.039023,4.814853],[7.039101,4.814735],[7.039233,4.814822]]]}},{"type":"Feature","properties":{"h":3.0,"on_route":false},"geometry":{"type":"Polygon","coordinates":[[[7.041797,4.81827],[7.041707,4.818472],[7.041251,4.818269],[7.04134,4.818067],[7.041797,4.81827]]]}},{"type":"Feature","properties":{"h":3.0,"on_route":false},"geometry":{"type":"Polygon","coordinates":[[[7.036854,4.81646],[7.036824,4.816501],[7.036742,4.816442],[7.036771,4.8164],[7.036854,4.81646]]]}},{"type":"Feature","properties":{"h":3.0,"on_route":false},"geometry":{"type":"Polygon","coordinates":[[[7.040958,4.822009],[7.040956,4.822071],[7.040874,4.822067],[7.040876,4.822006],[7.040958,4.822009]]]}},{"type":"Feature","properties":{"h":3.0,"on_route":false},"geometry":{"type":"Polygon","coordinates":[[[7.036098,4.817352],[7.036067,4.817398],[7.036019,4.817365],[7.03605,4.817319],[7.036098,4.817352]]]}},{"type":"Feature","properties":{"h":3.0,"on_route":false},"geometry":{"type":"Polygon","coordinates":[[[7.043427,4.815973],[7.043346,4.816095],[7.042971,4.815844],[7.043052,4.815722],[7.043427,4.815973]]]}},{"type":"Feature","properties":{"h":3.0,"on_route":false},"geometry":{"type":"Polygon","coordinates":[[[7.043212,4.818752],[7.04308,4.819062],[7.042607,4.818861],[7.042738,4.81855],[7.043212,4.818752]]]}},{"type":"Feature","properties":{"h":3.0,"on_route":false},"geometry":{"type":"Polygon","coordinates":[[[7.038164,4.814804],[7.038076,4.814916],[7.038031,4.81488],[7.038119,4.814768],[7.038164,4.814804]]]}},{"type":"Feature","properties":{"h":3.0,"on_route":false},"geometry":{"type":"Polygon","coordinates":[[[7.037185,4.816007],[7.037157,4.816059],[7.037015,4.815982],[7.037043,4.81593],[7.037185,4.816007]]]}},{"type":"Feature","properties":{"h":3.0,"on_route":false},"geometry":{"type":"Polygon","coordinates":[[[7.038792,4.81494],[7.0387,4.815096],[7.038587,4.815028],[7.038611,4.814987],[7.038593,4.814976],[7.038661,4.814861],[7.038792,4.81494]]]}},{"type":"Feature","properties":{"h":3.0,"on_route":false},"geometry":{"type":"Polygon","coordinates":[[[7.041668,4.816692],[7.041647,4.816741],[7.04161,4.816725],[7.041631,4.816676],[7.041668,4.816692]]]}},{"type":"Feature","properties":{"h":3.0,"on_route":false},"geometry":{"type":"Polygon","coordinates":[[[7.040641,4.819665],[7.040618,4.819725],[7.040573,4.819708],[7.040575,4.819703],[7.040539,4.819689],[7.040559,4.819634],[7.040641,4.819665]]]}},{"type":"Feature","properties":{"h":3.0,"on_route":false},"geometry":{"type":"Polygon","coordinates":[[[7.038645,4.820927],[7.038628,4.821018],[7.038577,4.821009],[7.038595,4.820918],[7.038645,4.820927]]]}},{"type":"Feature","properties":{"h":3.0,"on_route":false},"geometry":{"type":"Polygon","coordinates":[[[7.040948,4.819888],[7.040941,4.819931],[7.040912,4.819927],[7.040919,4.819884],[7.040948,4.819888]]]}},{"type":"Feature","properties":{"h":3.0,"on_route":false},"geometry":{"type":"Polygon","coordinates":[[[7.042026,4.815348],[7.042005,4.81538],[7.041942,4.815338],[7.041963,4.815306],[7.042026,4.815348]]]}},{"type":"Feature","properties":{"h":3.0,"on_route":false},"geometry":{"type":"Polygon","coordinates":[[[7.043449,4.818658],[7.043424,4.818647],[7.043405,4.818694],[7.043321,4.818658],[7.043443,4.818364],[7.043552,4.81841],[7.043449,4.818658]]]}},{"type":"Feature","properties":{"h":3.0,"on_route":false},"geometry":{"type":"Polygon","coordinates":[[[7.042524,4.818353],[7.042519,4.818382],[7.042466,4.818372],[7.042471,4.818344],[7.042524,4.818353]]]}},{"type":"Feature","properties":{"h":3.0,"on_route":false},"geometry":{"type":"Polygon","coordinates":[[[7.040889,4.819831],[7.040865,4.819917],[7.040555,4.819832],[7.040579,4.819746],[7.040889,4.819831]]]}},{"type":"Feature","properties":{"h":3.0,"on_route":false},"geometry":{"type":"Polygon","coordinates":[[[7.040877,4.822006],[7.040861,4.822373],[7.040796,4.82237],[7.040799,4.8223],[7.04078,4.822299],[7.040781,4.822276],[7.0408,4.822276],[7.040812,4.822003],[7.040877,4.822006]]]}},{"type":"Feature","properties":{"h":3.0,"on_route":false},"geometry":{"type":"Polygon","coordinates":[[[7.042535,4.821387],[7.042525,4.821429],[7.042476,4.821418],[7.042486,4.821376],[7.042535,4.821387]]]}},{"type":"Feature","properties":{"h":3.0,"on_route":false},"geometry":{"type":"Polygon","coordinates":[[[7.041513,4.815061],[7.04149,4.815112],[7.041429,4.815085],[7.041452,4.815033],[7.041513,4.815061]]]}},{"type":"Feature","properties":{"h":3.0,"on_route":false},"geometry":{"type":"Polygon","coordinates":[[[7.043059,4.819143],[7.043046,4.819178],[7.043084,4.819191],[7.043071,4.819227],[7.043034,4.819214],[7.04301,4.819281],[7.042926,4.819252],[7.042975,4.819113],[7.043059,4.819143]]]}},{"type":"Feature","properties":{"h":3.0,"on_route":false},"geometry":{"type":"Polygon","coordinates":[[[7.040711,4.815637],[7.040686,4.815683],[7.04067,4.815675],[7.040659,4.815694],[7.040587,4.815656],[7.040623,4.815589],[7.040711,4.815637]]]}},{"type":"Feature","properties":{"h":3.0,"on_route":false},"geometry":{"type":"Polygon","coordinates":[[[7.040257,4.814627],[7.040232,4.814666],[7.040144,4.814608],[7.040169,4.81457],[7.040257,4.814627]]]}},{"type":"Feature","properties":{"h":3.0,"on_route":false},"geometry":{"type":"Polygon","coordinates":[[[7.036133,4.817202],[7.035946,4.817475],[7.034781,4.81667],[7.034877,4.81653],[7.034826,4.816494],[7.034917,4.816361],[7.036133,4.817202]]]}},{"type":"Feature","properties":{"h":3.0,"on_route":false},"geometry":{"type":"Polygon","coordinates":[[[7.037807,4.816966],[7.0378,4.816988],[7.037693,4.816955],[7.0377,4.816932],[7.037807,4.816966]]]}},{"type":"Feature","properties":{"h":3.0,"on_route":false},"geometry":{"type":"Polygon","coordinates":[[[7.042367,4.818617],[7.042332,4.818601],[7.04238,4.818497],[7.042414,4.818513],[7.042367,4.818617]]]}}]}