{"type":"FeatureCollection","features":[{"type":"Feature","properties":{"h":3.0,"on_route":false},"geometry":{"type":"Polygon","coordinates":[[[6.981814,4.818392],[6.981775,4.818512],[6.981681,4.81848],[6.98172,4.81836],[6.981814,4.818392]]]}},{"type":"Feature","properties":{"h":3.0,"on_route":false},"geometry":{"type":"Polygon","coordinates":[[[6.982564,4.813514],[6.982513,4.813531],[6.982505,4.813506],[6.982522,4.813473],[6.982548,4.813465],[6.982564,4.813514]]]}},{"type":"Feature","properties":{"h":3.0,"on_route":false},"geometry":{"type":"Polygon","coordinates":[[[6.98223,4.811879],[6.982209,4.811974],[6.982151,4.811961],[6.98216,4.811919],[6.982133,4.811913],[6.982145,4.81186],[6.98223,4.811879]]]}},{"type":"Feature","properties":{"h":3.0,"on_route":false},"geometry":{"type":"Polygon","coordinates":[[[6.982505,4.811047],[6.982492,4.81111],[6.982445,4.8111],[6.982459,4.811037],[6.982505,4.811047]]]}},{"type":"Feature","properties":{"h":3.0,"on_route":false},"geometry":{"type":"Polygon","coordinates":[[[6.980642,4.814978],[6.980628,4.815097],[6.98049,4.815081],[6.980504,4.814962],[6.980642,4.814978]]]}},{"type":"Feature","properties":{"h":3.0,"on_route":false},"geometry":{"type":"Polygon","coordinates":[[[6.981394,4.816673],[6.981357,4.816773],[6.981199,4.816714],[6.981236,4.816614],[6.981394,4.816673]]]}},{"type":"Feature","properties":{"h":3.0,"on_route":false},"geometry":{"type":"Polygon","coordinates":[[[6.983841,4.816685],[6.983827,4.816724],[6.983788,4.816709],[6.983803,4.81667],[6.983841,4.816685]]]}},{"type":"Feature","properties":{"h":3.0,"on_route":false},"geometry":{"type":"Polygon","coordinates":[[[6.98352,4.81259],[6.98347,4.812741],[6.983415,4.812722],[6.983442,4.81264],[6.983382,4.81262],[6.983405,4.812552],[6.98352,4.81259]]]}},{"type":"Feature","properties":{"h":3.0,"on_route":false},"geometry":{"type":"Polygon","coordinates":[[[6.982673,4.817178],[6.982645,4.817239],[6.982777,4.8173],[6.982785,4.817282],[6.982801,4.81729],[6.982811,4.817265],[6.982875,4.817294],[6.982884,4.817275],[6.98294,4.8173],[6.982901,4.817386],[6.982919,4.817394],[6.982897,4.817442],[6.982584,4.817298],[6.982606,4.817251],[6.98253,4.817216],[6.982569,4.81713],[6.982673,4.817178]]]}},{"type":"Feature","properties":{"h":3.0,"on_route":false},"geometry":{"type":"Polygon","coordinates":[[[6.979485,4.8149],[6.979509,4.814892],[6.979636,4.815243],[6.97955,4.815274],[6.979409,4.814888],[6.979473,4.814865],[6.979485,4.8149]]]}},{"type":"Feature","properties":{"h":3.0,"on_route":false},"geometry":{"type":"Polygon","coordinates":[[[6.983356,4.812386],[6.983345,4.812451],[6.983268,4.812437],[6.98328,4.812372],[6.983356,4.812386]]]}},{"type":"Feature","properties":{"h":3.0,"on_route":false},"geometry":{"type":"Polygon","coordinates":[[[6.980954,4.814509],[6.980952,4.81454],[6.98097,4.814542],[6.980966,4.814598],[6.980884,4.814591],[6.980891,4.814504],[6.980954,4.814509]]]}},{"type":"Feature","properties":{"h":3.0,"on_route":false},"geometry":{"type":"Polygon","coordinates":[[[6.982529,4.810018],[6.982505,4.810127],[6.982238,4.810066],[6.982263,4.809958],[6.982529,4.810018]]]}},{"type":"Feature","properties":{"h":3.0,"on_route":false},"geometry":{"type":"Polygon","coordinates":[[[6.982371,4.811912],[6.982322,4.812131],[6.98222,4.812108],[6.982269,4.811889],[6.982371,4.811912]]]}},{"type":"Feature","properties":{"h":3.0,"on_route":false},"geometry":{"type":"Polygon","coordinates":[[[6.982146,4.81684],[6.982104,4.816828],[6.982092,4.816868],[6.982126,4.816878],[6.982117,4.816911],[6.982083,4.816901],[6.982075,4.816932],[6.98201,4.816914],[6.982054,4.816755],[6.982161,4.816785],[6.982146,4.81684]]]}},{"type":"Feature","properties":{"h":3.0,"on_route":false},"geometry":{"type":"Polygon","coordinates":[[[6.983178,4.812049],[6.983164,4.812126],[6.983187,4.812131],[6.983155,4.812301],[6.983054,4.812282],[6.983102,4.812034],[6.983178,4.812049]]]}},{"type":"Feature","properties":{"h":3.0,"on_route":false},"geometry":{"type":"Polygon","coordinates":[[[6.978657,4.813202],[6.978649,4.813336],[6.978539,4.81333],[6.978547,4.813196],[6.978657,4.813202]]]}},{"type":"Feature","properties":{"h":3.0,"on_route":false},"geometry":{"type":"Polygon","coordinates":[[[6.981929,4.811612],[6.981915,4.811708],[6.981882,4.811703],[6.981896,4.811607],[6.981929,4.811612]]]}},{"type":"Feature","properties":{"h":3.0,"on_route":false},"geometry":{"type":"Polygon","coordinates":[[[6.984137,4.811528],[6.984128,4.811592],[6.984086,4.811586],[6.984093,4.811534],[6.984072,4.811531],[6.984074,4.81152],[6.984137,4.811528]]]}},{"type":"Feature","properties":{"h":3.0,"on_route":false},"geometry":{"type":"Polygon","coordinates":[[[6.978957,4.816556],[6.978875,4.816511],[6.978861,4.816536],[6.978839,4.816524],[6.978963,4.816299],[6.979067,4.816357],[6.978957,4.816556]]]}},{"type":"Feature","properties":{"h":3.0,"on_route":false},"geometry":{"type":"Polygon","coordinates":[[[6.979733,4.812003],[6.979724,4.812127],[6.979526,4.812114],[6.979535,4.811989],[6.979733,4.812003]]]}},{"type":"Feature","properties":{"h":3.0,"on_route":false},"geometry":{"type":"Polygon","coordinates":[[[6.983409,4.811446],[6.983336,4.811431],[6.983357,4.811326],[6.983431,4.811341],[6.983409,4.811446]]]}},{"type":"Feature","properties":{"h":3.0,"on_route":false},"geometry":{"type":"Polygon","coordinates":[[[6.978725,4.81399],[6.978721,4.814124],[6.978568,4.81412],[6.978572,4.813986],[6.978725,4.81399]]]}},{"type":"Feature","properties":{"h":3.0,"on_route":false},"geometry":{"type":"Polygon","coordinates":[[[6.981951,4.811975],[6.98189,4.811966],[6.981881,4.812024],[6.981836,4.812017],[6.981852,4.811909],[6.981959,4.811925],[6.981951,4.811975]]]}},{"type":"Feature","properties":{"h":3.0,"on_route":false},"geometry":{"type":"Polygon","coordinates":[[[6.982854,4.816825],[6.982836,4.816938],[6.982731,4.816921],[6.982736,4.816888],[6.98277,4.816894],[6.982783,4.816814],[6.982854,4.816825]]]}},{"type":"Feature","properties":{"h":3.0,"on_route":false},"geometry":{"type":"Polygon","coordinates":[[[6.985358,4.811098],[6.985332,4.811212],[6.98524,4.811191],[6.985267,4.811076],[6.985358,4.811098]]]}},{"type":"Feature","properties":{"h":3.0,"on_route":false},"geometry":{"type":"Polygon","coordinates":[[[6.980499,4.818243],[6.980485,4.818246],[6.980494,4.818298],[6.980427,4.81831],[6.980417,4.818259],[6.980422,4.818258],[6.980417,4.818229],[6.980494,4.818215],[6.980499,4.818243]]]}},{"type":"Feature","properties":{"h":3.0,"on_route":false},"geometry":{"type":"Polygon","coordinates":[[[6.984015,4.810339],[6.983971,4.81046],[6.983893,4.810432],[6.983937,4.810311],[6.984015,4.810339]]]}},{"type":"Feature","properties":{"h":3.0,"on_route":false},"geometry":{"type":"Polygon","coordinates":[[[6.980779,4.815886],[6.980761,4.816031],[6.980646,4.816016],[6.980652,4.815966],[6.980687,4.81597],[6.980689,4.81595],[6.980655,4.815946],[6.980664,4.815871],[6.980779,4.815886]]]}},{"type":"Feature","properties":{"h":3.0,"on_route":false},"geometry":{"type":"Polygon","coordinates":[[[6.979843,4.815988],[6.979841,4.816038],[6.979794,4.816037],[6.979795,4.815986],[6.979843,4.815988]]]}},{"type":"Feature","properties":{"h":3.0,"on_route":false},"geometry":{"type":"Polygon","coordinates":[[[6.980785,4.810838],[6.980783,4.810874],[6.980706,4.81087],[6.980708,4.810835],[6.980785,4.810838]]]}},{"type":"Feature","properties":{"h":3.0,"on_route":false},"geometry":{"type":"Polygon","coordinates":[[[6.980648,4.812618],[6.980609,4.812763],[6.980574,4.812753],[6.980568,4.812775],[6.980479,4.812751],[6.980524,4.812585],[6.980648,4.812618]]]}},{"type":"Feature","properties":{"h":3.0,"on_route":false},"geometry":{"type":"Polygon","coordinates":[[[6.981929,4.811483],[6.981913,4.811537],[6.981948,4.811548],[6.981933,4.8116],[6.981862,4.811579],[6.981893,4.811473],[6.981929,4.811483]]]}},{"type":"Feature","properties":{"h":3.0,"on_route":false},"geometry":{"type":"Polygon","coordinates":[[[6.985355,4.812345],[6.985358,4.812371],[6.985327,4.812374],[6.985324,4.812348],[6.985355,4.812345]]]}},{"type":"Feature","properties":{"h":3.0,"on_route":false},"geometry":{"type":"Polygon","coordinates":[[[6.979409,4.813995],[6.979415,4.814045],[6.979324,4.814056],[6.979318,4.814006],[6.979409,4.813995]]]}},{"type":"Feature","properties":{"h":3.0,"on_route":false},"geometry":{"type":"Polygon","coordinates":[[[6.978507,4.812895],[6.978494,4.813094],[6.978426,4.813089],[6.978439,4.81289],[6.978507,4.812895]]]}},{"type":"Feature","properties":{"h":3.0,"on_route":false},"geometry":{"type":"Polygon","coordinates":[[[6.982919,4.818459],[6.982895,4.818521],[6.98282,4.818492],[6.982843,4.818431],[6.982919,4.818459]]]}},{"type":"Feature","properties":{"h":3.0,"on_route":false},"geometry":{"type":"Polygon","coordinates":[[[6.980234,4.813416],[6.980201,4.813569],[6.980078,4.813542],[6.980088,4.813497],[6.980123,4.813505],[6.980146,4.813397],[6.980234,4.813416]]]}},{"type":"Feature","properties":{"h":3.0,"on_route":false},"geometry":{"type":"Polygon","coordinates":[[[6.978501,4.814856],[6.978277,4.814894],[6.978258,4.814782],[6.978459,4.814747],[6.978474,4.814833],[6.978497,4.81483],[6.978501,4.814856]]]}},{"type":"Feature","properties":{"h":3.0,"on_route":false},"geometry":{"type":"Polygon","coordinates":[[[6.980705,4.813055],[6.980704,4.813096],[6.980659,4.813095],[6.980659,4.813055],[6.980705,4.813055]]]}},{"type":"Feature","properties":{"h":3.0,"on_route":false},"geometry":{"type":"Polygon","coordinates":[[[6.983386,4.811993],[6.983373,4.812067],[6.983326,4.812059],[6.983338,4.811985],[6.983386,4.811993]]]}},{"type":"Feature","properties":{"h":3.0,"on_route":false},"geometry":{"type":"Polygon","coordinates":[[[6.981446,4.817214],[6.981436,4.817283],[6.981348,4.817271],[6.981357,4.817202],[6.981446,4.817214]]]}},{"type":"Feature","properties":{"h":3.0,"on_route":false},"geometry":{"type":"Polygon","coordinates":[[[6.982108,4.816248],[6.982091,4.816308],[6.981734,4.816203],[6.981752,4.816142],[6.982108,4.816248]]]}},{"type":"Feature","properties":{"h":3.0,"on_route":false},"geometry":{"type":"Polygon","coordinates":[[[6.982999,4.812557],[6.98295,4.812539],[6.982992,4.812422],[6.983041,4.81244],[6.982999,4.812557]]]}},{"type":"Feature","properties":{"h":3.0,"on_route":false},"geometry":{"type":"Polygon","coordinates":[[[6.980772,4.817531],[6.980772,4.817621],[6.98074,4.817621],[6.980741,4.817531],[6.980772,4.817531]]]}},{"type":"Feature","properties":{"h":3.0,"on_route":false},"geometry":{"type":"Polygon","coordinates":[[[6.984057,4.812626],[6.984033,4.812723],[6.983934,4.812699],[6.983958,4.812601],[6.984057,4.812626]]]}},{"type":"Feature","properties":{"h":3.0,"on_route":false},"geometry":{"type":"Polygon","coordinates":[[[6.979107,4.811957],[6.979109,4.811984],[6.97908,4.811986],[6.979079,4.811959],[6.979107,4.811957]]]}},{"type":"Feature","properties":{"h":3.0,"on_route":false},"geometry":{"type":"Polygon","coordinates":[[[6.980863,4.811893],[6.980845,4.811916],[6.980876,4.811941],[6.98085,4.811972],[6.980748,4.811887],[6.980792,4.811834],[6.980863,4.811893]]]}},{"type":"Feature","properties":{"h":3.0,"on_route":false},"geometry":{"type":"Polygon","coordinates":[[[6.979565,4.81584],[6.979517,4.815923],[6.979413,4.815863],[6.979461,4.81578],[6.979565,4.81584]]]}},{"type":"Feature","properties":{"h":3.0,"on_route":false},"geometry":{"type":"Polygon","coordinates":[[[6.982794,4.811695],[6.982774,4.811882],[6.98282,4.811886],[6.982823,4.811864],[6.982847,4.811866],[6.982834,4.811986],[6.982708,4.811973],[6.982738,4.811689],[6.982794,4.811695]]]}},{"type":"Feature","properties":{"h":3.0,"on_route":false},"geometry":{"type":"Polygon","coordinates":[[[6.981895,4.814065],[6.981856,4.814204],[6.981719,4.814166],[6.981758,4.814026],[6.981895,4.814065]]]}},{"type":"Feature","properties":{"h":3.0,"on_route":false},"geometry":{"type":"Polygon","coordinates":[[[6.984454,4.810781],[6.984412,4.810895],[6.984278,4.810845],[6.98432,4.810731],[6.984454,4.810781]]]}},{"type":"Feature","properties":{"h":3.0,"on_route":false},"geometry":{"type":"Polygon","coordinates":[[[6.982948,4.812799],[6.982917,4.812842],[6.982823,4.812772],[6.982854,4.812729],[6.982948,4.812799]]]}},{"type":"Feature","properties":{"h":3.0,"on_route":false},"geometry":{"type":"Polygon","coordinates":[[[6.982811,4.817209],[6.982778,4.81728],[6.982652,4.817221],[6.982685,4.81715],[6.982811,4.817209]]]}},{"type":"Feature","properties":{"h":3.0,"on_route":false},"geometry":{"type":"Polygon","coordinates":[[[6.983567,4.811143],[6.983536,4.811297],[6.983388,4.811267],[6.983419,4.811113],[6.983567,4.811143]]]}},{"type":"Feature","properties":{"h":3.0,"on_route":false},"geometry":{"type":"Polygon","coordinates":[[[6.978435,4.814096],[6.978316,4.814108],[6.978295,4.813909],[6.978414,4.813897],[6.978435,4.814096]]]}},{"type":"Feature","properties":{"h":3.0,"on_route":false},"geometry":{"type":"Polygon","coordinates":[[[6.980251,4.815479],[6.980245,4.815537],[6.980206,4.815533],[6.980211,4.815476],[6.980251,4.815479]]]}},{"type":"Feature","properties":{"h":3.0,"on_route":false},"geometry":{"type":"Polygon","coordinates":[[[6.985285,4.810962],[6.985224,4.811195],[6.985131,4.81117],[6.985192,4.810937],[6.985285,4.810962]]]}},{"type":"Feature","properties":{"h":3.0,"on_route":false},"geometry":{"type":"Polygon","coordinates":[[[6.980811,4.817158],[6.980797,4.817286],[6.980602,4.817264],[6.980616,4.817136],[6.980811,4.817158]]]}},{"type":"Feature","properties":{"h":3.0,"on_route":false},"geometry":{"type":"Polygon","coordinates":[[[6.981847,4.818087],[6.981832,4.818154],[6.981698,4.818122],[6.981714,4.818055],[6.981847,4.818087]]]}},{"type":"Feature","properties":{"h":3.0,"on_route":false},"geometry":{"type":"Polygon","coordinates":[[[6.983322,4.812982],[6.983311,4.813019],[6.983255,4.813002],[6.983266,4.812966],[6.983322,4.812982]]]}},{"type":"Feature","properties":{"h":3.0,"on_route":false},"geometry":{"type":"Polygon","coordinates":[[[6.980845,4.815817],[6.980763,4.81581],[6.980767,4.815768],[6.980815,4.815772],[6.980819,4.815731],[6.980852,4.815734],[6.980845,4.815817]]]}},{"type":"Feature","properties":{"h":3.0,"on_route":false},"geometry":{"type":"Polygon","coordinates":[[[6.982262,4.818325],[6.982245,4.818417],[6.982157,4.818401],[6.982173,4.818309],[6.982262,4.818325]]]}},{"type":"Feature","properties":{"h":3.0,"on_route":false},"geometry":{"type":"Polygon","coordinates":[[[6.979713,4.816121],[6.97965,4.816231],[6.97956,4.816179],[6.979623,4.81607],[6.979713,4.816121]]]}},{"type":"Feature","properties":{"h":3.0,"on_route":false},"geometry":{"type":"Polygon","coordinates":[[[6.982322,4.816923],[6.982286,4.817047],[6.982148,4.817006],[6.982184,4.816883],[6.982322,4.816923]]]}},{"type":"Feature","properties":{"h":3.0,"on_route":false},"geometry":{"type":"Polygon","coordinates":[[[6.980231,4.815624],[6.980228,4.815696],[6.980197,4.815695],[6.980195,4.815731],[6.980092,4.815727],[6.980097,4.815619],[6.980231,4.815624]]]}},{"type":"Feature","properties":{"h":3.0,"on_route":false},"geometry":{"type":"Polygon","coordinates":[[[6.98318,4.815526],[6.983172,4.815562],[6.983219,4.815572],[6.983162,4.815842],[6.982942,4.815795],[6.983007,4.815489],[6.98318,4.815526]]]}},{"type":"Feature","properties":{"h":3.0,"on_route":false},"geometry":{"type":"Polygon","coordinates":[[[6.980574,4.814757],[6.98058,4.814702],[6.980703,4.814717],[6.980688,4.814842],[6.980525,4.814822],[6.980533,4.814752],[6.980574,4.814757]]]}},{"type":"Feature","properties":{"h":3.0,"on_route":false},"geometry":{"type":"Polygon","coordinates":[[[6.983489,4.812387],[6.983473,4.812488],[6.983402,4.812476],[6.983419,4.812376],[6.983489,4.812387]]]}},{"type":"Feature","properties":{"h":3.0,"on_route":false},"geometry":{"type":"Polygon","coordinates":[[[6.981754,4.815285],[6.981653,4.815738],[6.981706,4.81575],[6.981681,4.815862],[6.981505,4.815822],[6.981631,4.815258],[6.981754,4.815285]]]}},{"type":"Feature","properties":{"h":3.0,"on_route":false},"geometry":{"type":"Polygon","coordinates":[[[6.982756,4.816764],[6.982746,4.816826],[6.98278,4.816831],[6.98277,4.816894],[6.982655,4.816875],[6.982672,4.81677],[6.982643,4.816766],[6.982646,4.816746],[6.982756,4.816764]]]}},{"type":"Feature","properties":{"h":3.0,"on_route":false},"geometry":{"type":"Polygon","coordinates":[[[6.980646,4.810507],[6.980533,4.810518],[6.980524,4.810415],[6.980637,4.810404],[6.980646,4.810507]]]}},{"type":"Feature","properties":{"h":3.0,"on_route":false},"geometry":{"type":"Polygon","coordinates":[[[6.982362,4.816858],[6.982346,4.816914],[6.982299,4.816901],[6.982314,4.816845],[6.982362,4.816858]]]}},{"type":"Feature","properties":{"h":3.0,"on_route":false},"geometry":{"type":"Polygon","coordinates":[[[6.979092,4.813881],[6.979101,4.813914],[6.979068,4.813922],[6.97906,4.813889],[6.979092,4.813881]]]}},{"type":"Feature","properties":{"h":3.0,"on_route":false},"geometry":{"type":"Polygon","coordinates":[[[6.981239,4.815117],[6.98122,4.815226],[6.981043,4.815196],[6.981062,4.815087],[6.981239,4.815117]]]}},{"type":"Feature","properties":{"h":3.0,"on_route":false},"geometry":{"type":"Polygon","coordinates":[[[6.982162,4.809988],[6.982158,4.810012],[6.982207,4.810021],[6.982155,4.810284],[6.982007,4.810255],[6.982058,4.809992],[6.982084,4.809997],[6.982089,4.809974],[6.982162,4.809988]]]}},{"type":"Feature","properties":{"h":3.0,"on_route":false},"geometry":{"type":"Polygon","coordinates":[[[6.979826,4.812976],[6.9798,4.812974],[6.979811,4.812845],[6.979837,4.812847],[6.979826,4.812976]]]}},{"type":"Feature","properties":{"h":3.0,"on_route":false},"geometry":{"type":"Polygon","coordinates":[[[6.983347,4.810984],[6.983263,4.810995],[6.983255,4.810933],[6.98334,4.810923],[6.983347,4.810984]]]}},{"type":"Feature","properties":{"h":3.0,"on_route":false},"geometry":{"type":"Polygon","coordinates":[[[6.980285,4.814214],[6.980271,4.814459],[6.980133,4.814451],[6.980147,4.814206],[6.980285,4.814214]]]}},{"type":"Feature","properties":{"h":3.0,"on_route":false},"geometry":{"type":"Polygon","coordinates":[[[6.98117,4.812438],[6.98113,4.812408],[6.981211,4.812302],[6.981251,4.812332],[6.98117,4.812438]]]}},{"type":"Feature","properties":{"h":3.0,"on_route":false},"geometry":{"type":"Polygon","coordinates":[[[6.983124,4.810617],[6.98312,4.810674],[6.983055,4.810669],[6.983059,4.810613],[6.983124,4.810617]]]}},{"type":"Feature","properties":{"h":3.0,"on_route":false},"geometry":{"type":"Polygon","coordinates":[[[6.983779,4.810404],[6.983764,4.810448],[6.983614,4.810395],[6.98363,4.810351],[6.983779,4.810404]]]}},{"type":"Feature","properties":{"h":3.0,"on_route":false},"geometry":{"type":"Polygon","coordinates":[[[6.983284,4.812371],[6.983273,4.812435],[6.983162,4.812417],[6.983172,4.812353],[6.983284,4.812371]]]}},{"type":"Feature","properties":{"h":3.0,"on_route":false},"geometry":{"type":"Polygon","coordinates":[[[6.979354,4.811565],[6.979355,4.811597],[6.979449,4.811593],[6.979452,4.81167],[6.979267,4.811677],[6.979263,4.811569],[6.979354,4.811565]]]}},{"type":"Feature","properties":{"h":3.0,"on_route":false},"geometry":{"type":"Polygon","coordinates":[[[6.982339,4.81758],[6.98231,4.817669],[6.982231,4.817643],[6.982259,4.817554],[6.982339,4.81758]]]}},{"type":"Feature","properties":{"h":3.0,"on_route":false},"geometry":{"type":"Polygon","coordinates":[[[6.9811,4.812618],[6.981071,4.812658],[6.980971,4.812583],[6.981001,4.812544],[6.9811,4.812618]]]}},{"type":"Feature","properties":{"h":3.0,"on_route":false},"geometry":{"type":"Polygon","coordinates":[[[6.982345,4.813494],[6.982215,4.813816],[6.982137,4.813784],[6.982267,4.813463],[6.982345,4.813494]]]}},{"type":"Feature","properties":{"h":3.0,"on_route":false},"geometry":{"type":"Polygon","coordinates":[[[6.981201,4.81123],[6.981358,4.811302],[6.981328,4.811437],[6.981209,4.81141],[6.981218,4.811372],[6.981145,4.811356],[6.98116,4.811291],[6.98114,4.811286],[6.981155,4.811219],[6.981201,4.81123]]]}},{"type":"Feature","properties":{"h":3.0,"on_route":false},"geometry":{"type":"Polygon","coordinates":[[[6.981758,4.810587],[6.981697,4.810794],[6.981595,4.810764],[6.981656,4.810557],[6.981758,4.810587]]]}},{"type":"Feature","properties":{"h":3.0,"on_route":false},"geometry":{"type":"Polygon","coordinates":[[[6.979459,4.816536],[6.979405,4.816649],[6.979237,4.816567],[6.979291,4.816455],[6.979459,4.816536]]]}},{"type":"Feature","properties":{"h":3.0,"on_route":false},"geometry":{"type":"Polygon","coordinates":[[[6.981002,4.814492],[6.981005,4.814524],[6.980968,4.814527],[6.980965,4.814496],[6.981002,4.814492]]]}},{"type":"Feature","properties":{"h":3.0,"on_route":false},"geometry":{"type":"Polygon","coordinates":[[[6.980694,4.815677],[6.980688,4.815758],[6.98066,4.815755],[6.980657,4.815788],[6.980603,4.815783],[6.980611,4.815671],[6.980694,4.815677]]]}},{"type":"Feature","properties":{"h":3.0,"on_route":false},"geometry":{"type":"Polygon","coordinates":[[[6.983488,4.813204],[6.983406,4.813404],[6.983292,4.813356],[6.983374,4.813157],[6.983488,4.813204]]]}},{"type":"Feature","properties":{"h":3.0,"on_route":false},"geometry":{"type":"Polygon","coordinates":[[[6.982654,4.816467],[6.982646,4.816526],[6.982537,4.81651],[6.982546,4.816452],[6.982654,4.816467]]]}},{"type":"Feature","properties":{"h":3.0,"on_route":false},"geometry":{"type":"Polygon","coordinates":[[[6.978899,4.815146],[6.978774,4.815179],[6.97871,4.814932],[6.978834,4.814899],[6.978899,4.815146]]]}},{"type":"Feature","properties":{"h":3.0,"on_route":false},"geometry":{"type":"Polygon","coordinates":[[[6.984281,4.810505],[6.984263,4.810559],[6.984289,4.810568],[6.984277,4.810604],[6.98415,4.810559],[6.984182,4.81047],[6.984281,4.810505]]]}},{"type":"Feature","properties":{"h":3.0,"on_route":false},"geometry":{"type":"Polygon","coordinates":[[[6.982265,4.811746],[6.982234,4.811881],[6.98215,4.811862],[6.982162,4.811806],[6.982191,4.811812],[6.982197,4.811787],[6.982184,4.811784],[6.982196,4.81173],[6.982265,4.811746]]]}},{"type":"Feature","properties":{"h":3.0,"on_route":false},"geometry":{"type":"Polygon","coordinates":[[[6.985351,4.813357],[6.985329,4.813446],[6.985263,4.81343],[6.985284,4.813341],[6.985351,4.813357]]]}},{"type":"Feature","properties":{"h":3.0,"on_route":false},"geometry":{"type":"Polygon","coordinates":[[[6.979462,4.815782],[6.979326,4.816011],[6.979201,4.815936],[6.979307,4.815757],[6.979292,4.815748],[6.979321,4.815698],[6.979462,4.815782]]]}},{"type":"Feature","properties":{"h":3.0,"on_route":false},"geometry":{"type":"Polygon","coordinates":[[[6.980942,4.817379],[6.98093,4.817438],[6.980784,4.817409],[6.980796,4.817349],[6.980942,4.817379]]]}},{"type":"Feature","properties":{"h":3.0,"on_route":false},"geometry":{"type":"Polygon","coordinates":[[[6.978984,4.81492],[6.978873,4.814934],[6.978867,4.814886],[6.978979,4.814872],[6.978984,4.81492]]]}},{"type":"Feature","properties":{"h":3.0,"on_route":false},"geometry":{"type":"Polygon","coordinates":[[[6.982009,4.810931],[6.981981,4.811032],[6.981938,4.81102],[6.981967,4.810919],[6.982009,4.810931]]]}},{"type":"Feature","properties":{"h":3.0,"on_route":false},"geometry":{"type":"Polygon","coordinates":[[[6.982245,4.811193],[6.982181,4.811303],[6.98206,4.811233],[6.982124,4.811122],[6.982245,4.811193]]]}},{"type":"Feature","properties":{"h":3.0,"on_route":false},"geometry":{"type":"Polygon","coordinates":[[[6.978502,4.813924],[6.978521,4.81408],[6.978467,4.814087],[6.978456,4.813993],[6.978472,4.813991],[6.978465,4.813929],[6.978502,4.813924]]]}},{"type":"Feature","properties":{"h":3.0,"on_route":false},"geometry":{"type":"Polygon","coordinates":[[[6.985924,4.815011],[6.985908,4.815103],[6.985883,4.815099],[6.985881,4.815114],[6.986213,4.815174],[6.986205,4.815223],[6.986236,4.815228],[6.986218,4.81533],[6.985573,4.815214],[6.985619,4.814956],[6.985924,4.815011]]]}},{"type":"Feature","properties":{"h":3.0,"on_route":false},"geometry":{"type":"Polygon","coordinates":[[[6.982877,4.81703],[6.982868,4.817094],[6.982822,4.817088],[6.98283,4.817024],[6.982877,4.81703]]]}},{"type":"Feature","properties":{"h":3.0,"on_route":false},"geometry":{"type":"Polygon","coordinates":[[[6.982108,4.814477],[6.982085,4.814663],[6.981988,4.81465],[6.982011,4.814465],[6.982108,4.814477]]]}},{"type":"Feature","properties":{"h":3.0,"on_route":false},"geometry":{"type":"Polygon","coordinates":[[[6.980932,4.816782],[6.981121,4.816797],[6.981116,4.816865],[6.980927,4.816851],[6.980932,4.816782]]]}},{"type":"Feature","properties":{"h":3.0,"on_route":false},"geometry":{"type":"Polygon","coordinates":[[[6.980745,4.811215],[6.980712,4.811262],[6.98061,4.811187],[6.980644,4.811141],[6.980745,4.811215]]]}},{"type":"Feature","properties":{"h":3.0,"on_route":false},"geometry":{"type":"Polygon","coordinates":[[[6.980551,4.816454],[6.980437,4.816469],[6.980428,4.816401],[6.980542,4.816386],[6.980551,4.816454]]]}},{"type":"Feature","properties":{"h":3.0,"on_route":false},"geometry":{"type":"Polygon","coordinates":[[[6.979754,4.815772],[6.979739,4.815798],[6.979808,4.815838],[6.97977,4.815905],[6.979573,4.815792],[6.979626,4.815699],[6.979754,4.815772]]]}},{"type":"Feature","properties":{"h":3.0,"on_route":false},"geometry":{"type":"Polygon","coordinates":[[[6.983433,4.812144],[6.983408,4.812291],[6.983433,4.812296],[6.983421,4.812364],[6.983278,4.81234],[6.983301,4.812206],[6.983366,4.812217],[6.98338,4.812135],[6.983433,4.812144]]]}},{"type":"Feature","properties":{"h":3.0,"on_route":false},"geometry":{"type":"Polygon","coordinates":[[[6.981631,4.816045],[6.981602,4.816289],[6.981498,4.816277],[6.981527,4.816032],[6.981631,4.816045]]]}},{"type":"Feature","properties":{"h":3.0,"on_route":false},"geometry":{"type":"Polygon","coordinates":[[[6.982801,4.810758],[6.982783,4.810815],[6.982725,4.810796],[6.982744,4.81074],[6.982801,4.810758]]]}},{"type":"Feature","properties":{"h":3.0,"on_route":false},"geometry":{"type":"Polygon","coordinates":[[[6.98334,4.811322],[6.983303,4.811507],[6.983253,4.811496],[6.983256,4.811481],[6.983171,4.811463],[6.983186,4.811385],[6.983215,4.811391],[6.983222,4.81136],[6.983193,4.811354],[6.983205,4.811295],[6.98334,4.811322]]]}},{"type":"Feature","properties":{"h":3.0,"on_route":false},"geometry":{"type":"Polygon","coordinates":[[[6.979755,4.817514],[6.979771,4.817634],[6.979684,4.817646],[6.979668,4.817526],[6.979755,4.817514]]]}},{"type":"Feature","properties":{"h":3.0,"on_route":false},"geometry":{"type":"Polygon","coordinates":[[[6.983572,4.811501],[6.983569,4.811553],[6.983529,4.811551],[6.983532,4.811499],[6.983572,4.811501]]]}},{"type":"Feature","properties":{"h":3.0,"on_route":false},"geometry":{"type":"Polygon","coordinates":[[[6.980148,4.812518],[6.980145,4.812545],[6.980107,4.812541],[6.980109,4.812514],[6.980148,4.812518]]]}},{"type":"Feature","properties":{"h":3.0,"on_route":false},"geometry":{"type":"Polygon","coordinates":[[[6.982268,4.818062],[6.982259,4.81812],[6.982052,4.818088],[6.982061,4.81803],[6.982268,4.818062]]]}},{"type":"Feature","properties":{"h":3.0,"on_route":false},"geometry":{"type":"Polygon","coordinates":[[[6.983189,4.813722],[6.983622,4.813965],[6.983574,4.814051],[6.983141,4.813808],[6.983189,4.813722]]]}},{"type":"Feature","properties":{"h":3.0,"on_route":false},"geometry":{"type":"Polygon","coordinates":[[[6.982647,4.81815],[6.982632,4.818247],[6.982568,4.818237],[6.982584,4.818139],[6.982647,4.81815]]]}},{"type":"Feature","properties":{"h":3.0,"on_route":false},"geometry":{"type":"Polygon","coordinates":[[[6.983159,4.81053],[6.983152,4.810612],[6.983047,4.810603],[6.983055,4.810521],[6.983159,4.81053]]]}},{"type":"Feature","properties":{"h":3.0,"on_route":false},"geometry":{"type":"Polygon","coordinates":[[[6.980966,4.817649],[6.980962,4.817771],[6.980788,4.817765],[6.980792,4.817644],[6.980966,4.817649]]]}},{"type":"Feature","properties":{"h":3.0,"on_route":false},"geometry":{"type":"Polygon","coordinates":[[[6.982664,4.813458],[6.982936,4.813612],[6.982927,4.813628],[6.982939,4.813634],[6.982908,4.813689],[6.982624,4.813529],[6.982664,4.813458]]]}},{"type":"Feature","properties":{"h":3.0,"on_route":false},"geometry":{"type":"Polygon","coordinates":[[[6.981664,4.814345],[6.981631,4.814336],[6.981656,4.814244],[6.981688,4.814253],[6.981664,4.814345]]]}},{"type":"Feature","properties":{"h":3.0,"on_route":false},"geometry":{"type":"Polygon","coordinates":[[[6.983847,4.811641],[6.983924,4.81165],[6.983909,4.81177],[6.983853,4.811763],[6.983856,4.811739],[6.983835,4.811736],[6.983847,4.811641]]]}},{"type":"Feature","properties":{"h":3.0,"on_route":false},"geometry":{"type":"Polygon","coordinates":[[[6.98078,4.812024],[6.98076,4.812142],[6.980711,4.812134],[6.98073,4.812015],[6.98078,4.812024]]]}},{"type":"Feature","properties":{"h":3.0,"on_route":false},"geometry":{"type":"Polygon","coordinates":[[[6.982098,4.817599],[6.982031,4.817578],[6.982093,4.817386],[6.98216,4.817407],[6.982098,4.817599]]]}},{"type":"Feature","properties":{"h":3.0,"on_route":false},"geometry":{"type":"Polygon","coordinates":[[[6.979995,4.815123],[6.980006,4.815232],[6.979955,4.815237],[6.979944,4.815128],[6.979995,4.815123]]]}},{"type":"Feature","properties":{"h":3.0,"on_route":false},"geometry":{"type":"Polygon","coordinates":[[[6.981349,4.814549],[6.98133,4.814684],[6.981195,4.814665],[6.981214,4.81453],[6.981349,4.814549]]]}},{"type":"Feature","properties":{"h":3.0,"on_route":false},"geometry":{"type":"Polygon","coordinates":[[[6.984155,4.81414],[6.98412,4.814132],[6.984149,4.814004],[6.984183,4.814012],[6.984155,4.81414]]]}},{"type":"Feature","properties":{"h":3.0,"on_route":false},"geometry":{"type":"Polygon","coordinates":[[[6.981419,4.812937],[6.981354,4.813078],[6.981249,4.813029],[6.98128,4.812961],[6.981282,4.812962],[6.981316,4.812889],[6.981419,4.812937]]]}},{"type":"Feature","properties":{"h":3.0,"on_route":false},"geometry":{"type":"Polygon","coordinates":[[[6.979416,4.812973],[6.979417,4.813003],[6.979462,4.813001],[6.979467,4.813144],[6.979307,4.813149],[6.979301,4.812977],[6.979416,4.812973]]]}},{"type":"Feature","properties":{"h":3.0,"on_route":false},"geometry":{"type":"Polygon","coordinates":[[[6.982722,4.811701],[6.98272,4.811801],[6.9826,4.811798],[6.982602,4.811698],[6.982722,4.811701]]]}},{"type":"Feature","properties":{"h":3.0,"on_route":false},"geometry":{"type":"Polygon","coordinates":[[[6.978472,4.813991],[6.978431,4.813996],[6.97842,4.813901],[6.978461,4.813897],[6.978472,4.813991]]]}},{"type":"Feature","properties":{"h":3.0,"on_route":false},"geometry":{"type":"Polygon","coordinates":[[[6.980419,4.811376],[6.980407,4.811458],[6.98039,4.811455],[6.980335,4.811828],[6.980352,4.811831],[6.980341,4.811907],[6.98002,4.811859],[6.980031,4.811783],[6.979994,4.811777],[6.980052,4.811387],[6.980089,4.811393],[6.980099,4.811329],[6.980419,4.811376]]]}},{"type":"Feature","properties":{"h":3.0,"on_route":false},"geometry":{"type":"Polygon","coordinates":[[[6.98207,4.810476],[6.982024,4.810585],[6.981796,4.810488],[6.981842,4.810379],[6.98207,4.810476]]]}},{"type":"Feature","properties":{"h":3.0,"on_route":false},"geometry":{"type":"Polygon","coordinates":[[[6.981969,4.818057],[6.981936,4.818126],[6.981842,4.818082],[6.981875,4.818013],[6.981969,4.818057]]]}},{"type":"Feature","properties":{"h":3.0,"on_route":false},"geometry":{"type":"Polygon","coordinates":[[[6.978735,4.8138],[6.978861,4.813808],[6.97886,4.813817],[6.978974,4.813824],[6.978965,4.813978],[6.978725,4.813964],[6.978735,4.8138]]]}},{"type":"Feature","properties":{"h":3.0,"on_route":false},"geometry":{"type":"Polygon","coordinates":[[[6.978432,4.814255],[6.978426,4.814346],[6.978445,4.814348],[6.978432,4.814519],[6.978346,4.814513],[6.978351,4.814447],[6.978321,4.814445],[6.978336,4.814248],[6.978432,4.814255]]]}},{"type":"Feature","properties":{"h":3.0,"on_route":false},"geometry":{"type":"Polygon","coordinates":[[[6.979188,4.813241],[6.979185,4.813368],[6.979083,4.813366],[6.979086,4.813238],[6.979188,4.813241]]]}},{"type":"Feature","properties":{"h":3.0,"on_route":false},"geometry":{"type":"Polygon","coordinates":[[[6.98077,4.81797],[6.980767,4.818017],[6.980674,4.818011],[6.980677,4.817964],[6.98077,4.81797]]]}},{"type":"Feature","properties":{"h":3.0,"on_route":false},"geometry":{"type":"Polygon","coordinates":[[[6.984053,4.812396],[6.984032,4.812496],[6.983848,4.812457],[6.983869,4.812357],[6.984053,4.812396]]]}},{"type":"Feature","properties":{"h":3.0,"on_route":false},"geometry":{"type":"Polygon","coordinates":[[[6.98066,4.814292],[6.980648,4.814408],[6.980515,4.814394],[6.980527,4.814278],[6.98066,4.814292]]]}},{"type":"Feature","properties":{"h":3.0,"on_route":false},"geometry":{"type":"Polygon","coordinates":[[[6.981566,4.811371],[6.981513,4.811505],[6.981367,4.811446],[6.981419,4.811313],[6.981566,4.811371]]]}},{"type":"Feature","properties":{"h":3.0,"on_route":false},"geometry":{"type":"Polygon","coordinates":[[[6.980127,4.811952],[6.980107,4.812057],[6.979901,4.812016],[6.979921,4.811911],[6.980127,4.811952]]]}},{"type":"Feature","properties":{"h":3.0,"on_route":false},"geometry":{"type":"Polygon","coordinates":[[[6.979627,4.816267],[6.979548,4.816411],[6.979434,4.816348],[6.979513,4.816204],[6.979627,4.816267]]]}},{"type":"Feature","properties":{"h":3.0,"on_route":false},"geometry":{"type":"Polygon","coordinates":[[[6.983482,4.813155],[6.983465,4.813195],[6.9834,4.813168],[6.983417,4.813128],[6.983482,4.813155]]]}},{"type":"Feature","properties":{"h":3.0,"on_route":false},"geometry":{"type":"Polygon","coordinates":[[[6.984919,4.810865],[6.984865,4.811099],[6.9848,4.811084],[6.984854,4.81085],[6.984919,4.810865]]]}},{"type":"Feature","properties":{"h":3.0,"on_route":false},"geometry":{"type":"Polygon","coordinates":[[[6.981923,4.817189],[6.981938,4.817145],[6.982019,4.817172],[6.982004,4.817217],[6.982036,4.817228],[6.982013,4.817297],[6.981822,4.817233],[6.981845,4.817163],[6.981923,4.817189]]]}},{"type":"Feature","properties":{"h":3.0,"on_route":false},"geometry":{"type":"Polygon","coordinates":[[[6.983635,4.810741],[6.983618,4.810792],[6.983555,4.810771],[6.983573,4.81072],[6.983635,4.810741]]]}},{"type":"Feature","properties":{"h":3.0,"on_route":false},"geometry":{"type":"Polygon","coordinates":[[[6.980367,4.813269],[6.980356,4.813366],[6.980236,4.813353],[6.980237,4.813343],[6.980163,4.813335],[6.980172,4.813248],[6.980367,4.813269]]]}},{"type":"Feature","properties":{"h":3.0,"on_route":false},"geometry":{"type":"Polygon","coordinates":[[[6.980363,4.817141],[6.980363,4.817227],[6.980325,4.817227],[6.980325,4.817141],[6.980363,4.817141]]]}},{"type":"Feature","properties":{"h":3.0,"on_route":false},"geometry":{"type":"Polygon","coordinates":[[[6.983085,4.816361],[6.983083,4.816409],[6.983035,4.816407],[6.983037,4.816359],[6.983085,4.816361]]]}},{"type":"Feature","properties":{"h":3.0,"on_route":false},"geometry":{"type":"Polygon","coordinates":[[[6.982268,4.817712],[6.982258,4.817776],[6.982325,4.817786],[6.982305,4.817922],[6.982189,4.817905],[6.982218,4.817704],[6.982268,4.817712]]]}},{"type":"Feature","properties":{"h":3.0,"on_route":false},"geometry":{"type":"Polygon","coordinates":[[[6.982067,4.813361],[6.98197,4.813531],[6.981899,4.81349],[6.981931,4.813433],[6.981844,4.813383],[6.981908,4.81327],[6.982067,4.813361]]]}},{"type":"Feature","properties":{"h":3.0,"on_route":false},"geometry":{"type":"Polygon","coordinates":[[[6.982231,4.818588],[6.982225,4.818647],[6.982152,4.818639],[6.982158,4.81858],[6.982231,4.818588]]]}},{"type":"Feature","properties":{"h":3.0,"on_route":false},"geometry":{"type":"Polygon","coordinates":[[[6.980624,4.817624],[6.980498,4.817633],[6.980491,4.817529],[6.980616,4.81752],[6.980624,4.817624]]]}},{"type":"Feature","properties":{"h":3.0,"on_route":false},"geometry":{"type":"Polygon","coordinates":[[[6.979749,4.811593],[6.979746,4.811823],[6.979622,4.811821],[6.979623,4.811714],[6.979601,4.811714],[6.979602,4.811591],[6.979749,4.811593]]]}},{"type":"Feature","properties":{"h":3.0,"on_route":false},"geometry":{"type":"Polygon","coordinates":[[[6.981947,4.811646],[6.981945,4.811676],[6.98192,4.811675],[6.981922,4.811645],[6.981947,4.811646]]]}},{"type":"Feature","properties":{"h":3.0,"on_route":false},"geometry":{"type":"Polygon","coordinates":[[[6.984632,4.813917],[6.984608,4.814009],[6.984591,4.814004],[6.984584,4.81403],[6.984619,4.814038],[6.984627,4.814006],[6.984715,4.814029],[6.984668,4.814213],[6.98458,4.814191],[6.984567,4.814244],[6.984496,4.814226],[6.984488,4.814257],[6.984395,4.814233],[6.984416,4.814149],[6.984329,4.814127],[6.984337,4.814098],[6.984275,4.814082],[6.984283,4.814049],[6.984231,4.814036],[6.984284,4.813828],[6.984632,4.813917]]]}},{"type":"Feature","properties":{"h":3.0,"on_route":false},"geometry":{"type":"Polygon","coordinates":[[[6.983407,4.812521],[6.98339,4.812585],[6.983364,4.812578],[6.983348,4.812639],[6.983143,4.812582],[6.983177,4.812457],[6.983407,4.812521]]]}},{"type":"Feature","properties":{"h":3.0,"on_route":false},"geometry":{"type":"Polygon","coordinates":[[[6.980988,4.813481],[6.980982,4.813543],[6.980884,4.813533],[6.98089,4.813472],[6.980988,4.813481]]]}},{"type":"Feature","properties":{"h":3.0,"on_route":false},"geometry":{"type":"Polygon","coordinates":[[[6.981229,4.814052],[6.981232,4.814012],[6.981254,4.814014],[6.981256,4.813994],[6.98142,4.81401],[6.981414,4.81407],[6.98139,4.814067],[6.981385,4.814127],[6.981194,4.814109],[6.9812,4.814049],[6.981229,4.814052]]]}},{"type":"Feature","properties":{"h":3.0,"on_route":false},"geometry":{"type":"Polygon","coordinates":[[[6.979422,4.816406],[6.979408,4.816438],[6.979323,4.816403],[6.979336,4.816371],[6.979422,4.816406]]]}},{"type":"Feature","properties":{"h":3.0,"on_route":false},"geometry":{"type":"Polygon","coordinates":[[[6.981835,4.818539],[6.981773,4.818804],[6.981664,4.818779],[6.981683,4.818695],[6.981741,4.818709],[6.981762,4.818617],[6.981641,4.81859],[6.981661,4.818499],[6.981835,4.818539]]]}},{"type":"Feature","properties":{"h":3.0,"on_route":false},"geometry":{"type":"Polygon","coordinates":[[[6.983916,4.810234],[6.983847,4.810347],[6.983802,4.810319],[6.983871,4.810206],[6.983916,4.810234]]]}},{"type":"Feature","properties":{"h":3.0,"on_route":false},"geometry":{"type":"Polygon","coordinates":[[[6.978461,4.81587],[6.978382,4.815836],[6.978427,4.815731],[6.978462,4.815746],[6.978472,4.815723],[6.978516,4.815742],[6.978461,4.81587]]]}},{"type":"Feature","properties":{"h":3.0,"on_route":false},"geometry":{"type":"Polygon","coordinates":[[[6.982474,4.813444],[6.982447,4.813491],[6.982301,4.813409],[6.982328,4.813361],[6.982474,4.813444]]]}},{"type":"Feature","properties":{"h":3.0,"on_route":false},"geometry":{"type":"Polygon","coordinates":[[[6.981594,4.818321],[6.981592,4.81834],[6.98169,4.818351],[6.981669,4.818531],[6.981539,4.818516],[6.98153,4.818591],[6.981589,4.818597],[6.981583,4.818651],[6.98146,4.818636],[6.981499,4.81831],[6.981594,4.818321]]]}},{"type":"Feature","properties":{"h":3.0,"on_route":false},"geometry":{"type":"Polygon","coordinates":[[[6.979236,4.813436],[6.979149,4.813442],[6.979144,4.813388],[6.979232,4.813382],[6.979236,4.813436]]]}},{"type":"Feature","properties":{"h":3.0,"on_route":false},"geometry":{"type":"Polygon","coordinates":[[[6.979683,4.811933],[6.979686,4.811881],[6.979722,4.811883],[6.979725,4.811849],[6.979898,4.811861],[6.979887,4.812014],[6.979817,4.812009],[6.979819,4.81198],[6.979781,4.811978],[6.979779,4.812006],[6.979576,4.811992],[6.979579,4.811963],[6.979536,4.81196],[6.979539,4.811923],[6.979683,4.811933]]]}},{"type":"Feature","properties":{"h":3.0,"on_route":false},"geometry":{"type":"Polygon","coordinates":[[[6.983391,4.810304],[6.983335,4.810283],[6.983417,4.810057],[6.983474,4.810077],[6.983391,4.810304]]]}},{"type":"Feature","properties":{"h":3.0,"on_route":false},"geometry":{"type":"Polygon","coordinates":[[[6.982736,4.816919],[6.982716,4.817018],[6.982612,4.816997],[6.982632,4.816897],[6.982736,4.816919]]]}},{"type":"Feature","properties":{"h":3.0,"on_route":false},"geometry":{"type":"Polygon","coordinates":[[[6.979268,4.81567],[6.979224,4.81575],[6.979058,4.815659],[6.979102,4.815578],[6.979268,4.81567]]]}},{"type":"Feature","properties":{"h":3.0,"on_route":false},"geometry":{"type":"Polygon","coordinates":[[[6.98175,4.814059],[6.981723,4.814153],[6.981685,4.814141],[6.981712,4.814048],[6.98175,4.814059]]]}},{"type":"Feature","properties":{"h":3.0,"on_route":false},"geometry":{"type":"Polygon","coordinates":[[[6.981229,4.817625],[6.981205,4.817786],[6.981121,4.817774],[6.981145,4.817612],[6.981229,4.817625]]]}},{"type":"Feature","properties":{"h":3.0,"on_route":false},"geometry":{"type":"Polygon","coordinates":[[[6.97988,4.813026],[6.979871,4.813045],[6.979893,4.813055],[6.97984,4.81318],[6.979762,4.813146],[6.979824,4.813002],[6.97988,4.813026]]]}},{"type":"Feature","properties":{"h":3.0,"on_route":false},"geometry":{"type":"Polygon","coordinates":[[[6.983895,4.810873],[6.983856,4.810961],[6.983906,4.810984],[6.983851,4.811109],[6.98371,4.811046],[6.983804,4.810832],[6.983895,4.810873]]]}},{"type":"Feature","properties":{"h":3.0,"on_route":false},"geometry":{"type":"Polygon","coordinates":[[[6.980596,4.816006],[6.980589,4.816088],[6.980564,4.816086],[6.980566,4.816056],[6.980544,4.816054],[6.980548,4.816002],[6.980596,4.816006]]]}},{"type":"Feature","properties":{"h":3.0,"on_route":false},"geometry":{"type":"Polygon","coordinates":[[[6.979675,4.812605],[6.979669,4.812723],[6.979491,4.812715],[6.979496,4.812596],[6.979675,4.812605]]]}},{"type":"Feature","properties":{"h":3.0,"on_route":false},"geometry":{"type":"Polygon","coordinates":[[[6.979565,4.816996],[6.979553,4.817029],[6.979585,4.817041],[6.979565,4.817093],[6.979605,4.817108],[6.979556,4.817239],[6.979432,4.817192],[6.979513,4.816976],[6.979565,4.816996]]]}},{"type":"Feature","properties":{"h":3.0,"on_route":false},"geometry":{"type":"Polygon","coordinates":[[[6.981497,4.818312],[6.981476,4.818425],[6.98143,4.818416],[6.98145,4.818304],[6.981497,4.818312]]]}},{"type":"Feature","properties":{"h":3.0,"on_route":false},"geometry":{"type":"Polygon","coordinates":[[[6.982657,4.816527],[6.98265,4.816574],[6.982531,4.816557],[6.982537,4.81651],[6.982657,4.816527]]]}},{"type":"Feature","properties":{"h":3.0,"on_route":false},"geometry":{"type":"Polygon","coordinates":[[[6.980744,4.816902],[6.980714,4.8169],[6.980712,4.816941],[6.98057,4.816933],[6.980573,4.81689],[6.980681,4.816896],[6.980682,4.816869],[6.980746,4.816872],[6.980744,4.816902]]]}},{"type":"Feature","properties":{"h":3.0,"on_route":false},"geometry":{"type":"Polygon","coordinates":[[[6.980112,4.814845],[6.98011,4.814893],[6.980069,4.814892],[6.980065,4.815012],[6.97996,4.815009],[6.979964,4.814841],[6.980112,4.814845]]]}},{"type":"Feature","properties":{"h":3.0,"on_route":false},"geometry":{"type":"Polygon","coordinates":[[[6.983484,4.810266],[6.983461,4.810417],[6.983389,4.810406],[6.983413,4.810255],[6.983484,4.810266]]]}},{"type":"Feature","properties":{"h":3.0,"on_route":false},"geometry":{"type":"Polygon","coordinates":[[[6.982136,4.810923],[6.98212,4.81097],[6.982158,4.810983],[6.982129,4.811068],[6.98198,4.811016],[6.982009,4.810931],[6.982043,4.810943],[6.982059,4.810896],[6.982136,4.810923]]]}},{"type":"Feature","properties":{"h":3.0,"on_route":false},"geometry":{"type":"Polygon","coordinates":[[[6.9814,4.81514],[6.981391,4.815239],[6.981259,4.815227],[6.981268,4.815127],[6.9814,4.81514]]]}},{"type":"Feature","properties":{"h":3.0,"on_route":false},"geometry":{"type":"Polygon","coordinates":[[[6.985246,4.817078],[6.985211,4.817173],[6.985039,4.817107],[6.985074,4.817013],[6.985246,4.817078]]]}},{"type":"Feature","properties":{"h":3.0,"on_route":false},"geometry":{"type":"Polygon","coordinates":[[[6.981725,4.817251],[6.98171,4.817429],[6.981582,4.817418],[6.981596,4.81724],[6.981725,4.817251]]]}},{"type":"Feature","properties":{"h":3.0,"on_route":false},"geometry":{"type":"Polygon","coordinates":[[[6.982317,4.818616],[6.982259,4.818791],[6.982358,4.818824],[6.982344,4.818866],[6.982211,4.818823],[6.982225,4.81878],[6.982144,4.818753],[6.982167,4.818684],[6.982144,4.818676],[6.982154,4.818647],[6.982222,4.81867],[6.982247,4.818593],[6.982317,4.818616]]]}},{"type":"Feature","properties":{"h":3.0,"on_route":false},"geometry":{"type":"Polygon","coordinates":[[[6.982748,4.810058],[6.982728,4.810143],[6.982683,4.810132],[6.982665,4.810207],[6.982599,4.810191],[6.982604,4.81017],[6.982545,4.810155],[6.982578,4.810017],[6.982748,4.810058]]]}},{"type":"Feature","properties":{"h":3.0,"on_route":false},"geometry":{"type":"Polygon","coordinates":[[[6.982128,4.81597],[6.9821,4.81607],[6.982052,4.816057],[6.98208,4.815956],[6.982128,4.81597]]]}},{"type":"Feature","properties":{"h":3.0,"on_route":false},"geometry":{"type":"Polygon","coordinates":[[[6.980695,4.816416],[6.980581,4.816448],[6.980538,4.816292],[6.980611,4.816272],[6.980616,4.816291],[6.980658,4.81628],[6.980695,4.816416]]]}},{"type":"Feature","properties":{"h":3.0,"on_route":false},"geometry":{"type":"Polygon","coordinates":[[[6.982033,4.810778],[6.982025,4.810817],[6.981985,4.810808],[6.981993,4.810769],[6.982033,4.810778]]]}},{"type":"Feature","properties":{"h":3.0,"on_route":false},"geometry":{"type":"Polygon","coordinates":[[[6.98425,4.810594],[6.984213,4.8107],[6.984113,4.810665],[6.98415,4.810559],[6.98425,4.810594]]]}},{"type":"Feature","properties":{"h":3.0,"on_route":false},"geometry":{"type":"Polygon","coordinates":[[[6.978706,4.814144],[6.978704,4.814175],[6.978663,4.814171],[6.978666,4.81414],[6.978706,4.814144]]]}},{"type":"Feature","properties":{"h":3.0,"on_route":false},"geometry":{"type":"Polygon","coordinates":[[[6.981219,4.81594],[6.981202,4.816098],[6.981131,4.81609],[6.981148,4.815933],[6.981219,4.81594]]]}},{"type":"Feature","properties":{"h":3.0,"on_route":false},"geometry":{"type":"Polygon","coordinates":[[[6.979379,4.816673],[6.979332,4.816766],[6.979189,4.816693],[6.979236,4.8166],[6.979379,4.816673]]]}},{"type":"Feature","properties":{"h":3.0,"on_route":false},"geometry":{"type":"Polygon","coordinates":[[[6.979246,4.814253],[6.979244,4.814295],[6.97921,4.814293],[6.979212,4.814251],[6.979246,4.814253]]]}},{"type":"Feature","properties":{"h":3.0,"on_route":false},"geometry":{"type":"Polygon","coordinates":[[[6.982454,4.817469],[6.982417,4.817577],[6.982362,4.817558],[6.982399,4.81745],[6.982454,4.817469]]]}},{"type":"Feature","properties":{"h":3.0,"on_route":false},"geometry":{"type":"Polygon","coordinates":[[[6.983088,4.812989],[6.983064,4.813044],[6.983007,4.813019],[6.983031,4.812964],[6.983088,4.812989]]]}},{"type":"Feature","properties":{"h":3.0,"on_route":false},"geometry":{"type":"Polygon","coordinates":[[[6.981343,4.817368],[6.981335,4.81741],[6.981289,4.817401],[6.981297,4.817359],[6.981343,4.817368]]]}},{"type":"Feature","properties":{"h":3.0,"on_route":false},"geometry":{"type":"Polygon","coordinates":[[[6.982399,4.81745],[6.982362,4.817558],[6.982305,4.817538],[6.982342,4.81743],[6.982399,4.81745]]]}},{"type":"Feature","properties":{"h":3.0,"on_route":false},"geometry":{"type":"Polygon","coordinates":[[[6.982258,4.810837],[6.982213,4.81097],[6.98213,4.810941],[6.982137,4.810921],[6.982105,4.81091],[6.982124,4.810853],[6.982104,4.810846],[6.982123,4.81079],[6.982258,4.810837]]]}},{"type":"Feature","properties":{"h":3.0,"on_route":false},"geometry":{"type":"Polygon","coordinates":[[[6.983449,4.812784],[6.983385,4.812955],[6.983256,4.812906],[6.98332,4.812735],[6.983449,4.812784]]]}},{"type":"Feature","properties":{"h":3.0,"on_route":false},"geometry":{"type":"Polygon","coordinates":[[[6.979582,4.81275],[6.97959,4.812931],[6.979458,4.812937],[6.97945,4.812755],[6.979582,4.81275]]]}},{"type":"Feature","properties":{"h":3.0,"on_route":false},"geometry":{"type":"Polygon","coordinates":[[[6.982986,4.811228],[6.982932,4.811385],[6.982859,4.81136],[6.982913,4.811202],[6.982986,4.811228]]]}},{"type":"Feature","properties":{"h":3.0,"on_route":false},"geometry":{"type":"Polygon","coordinates":[[[6.983595,4.810607],[6.983576,4.810684],[6.983532,4.810673],[6.983551,4.810597],[6.983595,4.810607]]]}},{"type":"Feature","properties":{"h":3.0,"on_route":false},"geometry":{"type":"Polygon","coordinates":[[[6.982036,4.817012],[6.98203,4.817032],[6.98211,4.817058],[6.982099,4.817091],[6.982128,4.817101],[6.98212,4.817127],[6.981959,4.817074],[6.981985,4.816996],[6.982036,4.817012]]]}},{"type":"Feature","properties":{"h":3.0,"on_route":false},"geometry":{"type":"Polygon","coordinates":[[[6.98341,4.812377],[6.983402,4.812461],[6.983353,4.812456],[6.983361,4.812372],[6.98341,4.812377]]]}},{"type":"Feature","properties":{"h":3.0,"on_route":false},"geometry":{"type":"Polygon","coordinates":[[[6.984209,4.810972],[6.984164,4.810952],[6.984129,4.811032],[6.98406,4.811001],[6.984123,4.810859],[6.984237,4.81091],[6.984209,4.810972]]]}},{"type":"Feature","properties":{"h":3.0,"on_route":false},"geometry":{"type":"Polygon","coordinates":[[[6.981355,4.817774],[6.981293,4.817765],[6.981328,4.817519],[6.981391,4.817528],[6.981355,4.817774]]]}},{"type":"Feature","properties":{"h":3.0,"on_route":false},"geometry":{"type":"Polygon","coordinates":[[[6.984233,4.811207],[6.984245,4.81114],[6.984371,4.811163],[6.984349,4.811287],[6.984169,4.811254],[6.98418,4.811197],[6.984233,4.811207]]]}},{"type":"Feature","properties":{"h":3.0,"on_route":false},"geometry":{"type":"Polygon","coordinates":[[[6.982083,4.817994],[6.98204,4.818075],[6.981887,4.817993],[6.981931,4.817911],[6.982083,4.817994]]]}},{"type":"Feature","properties":{"h":3.0,"on_route":false},"geometry":{"type":"Polygon","coordinates":[[[6.982276,4.812189],[6.982235,4.812394],[6.982137,4.812375],[6.982178,4.81217],[6.982276,4.812189]]]}},{"type":"Feature","properties":{"h":3.0,"on_route":false},"geometry":{"type":"Polygon","coordinates":[[[6.984082,4.811458],[6.984076,4.811502],[6.984008,4.811493],[6.984014,4.811449],[6.984082,4.811458]]]}},{"type":"Feature","properties":{"h":3.0,"on_route":false},"geometry":{"type":"Polygon","coordinates":[[[6.98299,4.812886],[6.983005,4.812864],[6.983067,4.812907],[6.98302,4.812974],[6.98291,4.812896],[6.982941,4.812852],[6.98299,4.812886]]]}},{"type":"Feature","properties":{"h":3.0,"on_route":false},"geometry":{"type":"Polygon","coordinates":[[[6.982823,4.811112],[6.982766,4.811332],[6.982662,4.811305],[6.982719,4.811084],[6.982823,4.811112]]]}},{"type":"Feature","properties":{"h":3.0,"on_route":false},"geometry":{"type":"Polygon","coordinates":[[[6.97882,4.812511],[6.978826,4.812626],[6.978732,4.812631],[6.978726,4.812516],[6.97882,4.812511]]]}},{"type":"Feature","properties":{"h":3.0,"on_route":false},"geometry":{"type":"Polygon","coordinates":[[[6.981077,4.81247],[6.981029,4.812531],[6.980864,4.8124],[6.980912,4.812339],[6.981077,4.81247]]]}},{"type":"Feature","properties":{"h":3.0,"on_route":false},"geometry":{"type":"Polygon","coordinates":[[[6.981093,4.814579],[6.981096,4.814554],[6.981151,4.814562],[6.981138,4.814658],[6.981051,4.814646],[6.981061,4.814574],[6.981093,4.814579]]]}},{"type":"Feature","properties":{"h":3.0,"on_route":false},"geometry":{"type":"Polygon","coordinates":[[[6.985665,4.816594],[6.985633,4.81671],[6.985536,4.816684],[6.985568,4.816567],[6.985665,4.816594]]]}},{"type":"Feature","properties":{"h":3.0,"on_route":false},"geometry":{"type":"Polygon","coordinates":[[[6.981422,4.816926],[6.981414,4.817021],[6.981268,4.81701],[6.981276,4.816915],[6.981422,4.816926]]]}},{"type":"Feature","properties":{"h":3.0,"on_route":false},"geometry":{"type":"Polygon","coordinates":[[[6.979976,4.812168],[6.979969,4.812268],[6.979857,4.812261],[6.979864,4.81216],[6.979976,4.812168]]]}},{"type":"Feature","properties":{"h":3.0,"on_route":false},"geometry":{"type":"Polygon","coordinates":[[[6.983697,4.810135],[6.983662,4.810229],[6.983548,4.810186],[6.983565,4.810138],[6.983572,4.810141],[6.983589,4.810096],[6.983697,4.810135]]]}},{"type":"Feature","properties":{"h":3.0,"on_route":false},"geometry":{"type":"Polygon","coordinates":[[[6.980917,4.817978],[6.980912,4.818055],[6.98082,4.818049],[6.980825,4.817972],[6.980917,4.817978]]]}},{"type":"Feature","properties":{"h":3.0,"on_route":false},"geometry":{"type":"Polygon","coordinates":[[[6.980931,4.811938],[6.980915,4.811995],[6.980889,4.811988],[6.980905,4.81193],[6.980931,4.811938]]]}},{"type":"Feature","properties":{"h":3.0,"on_route":false},"geometry":{"type":"Polygon","coordinates":[[[6.985682,4.811442],[6.985649,4.811564],[6.98509,4.811412],[6.985123,4.81129],[6.985682,4.811442]]]}},{"type":"Feature","properties":{"h":3.0,"on_route":false},"geometry":{"type":"Polygon","coordinates":[[[6.981336,4.812642],[6.9813,4.812614],[6.981373,4.812517],[6.98141,4.812545],[6.981336,4.812642]]]}},{"type":"Feature","properties":{"h":3.0,"on_route":false},"geometry":{"type":"Polygon","coordinates":[[[6.978848,4.812461],[6.978849,4.812484],[6.978819,4.812485],[6.978818,4.812462],[6.978848,4.812461]]]}},{"type":"Feature","properties":{"h":3.0,"on_route":false},"geometry":{"type":"Polygon","coordinates":[[[6.979958,4.812423],[6.979949,4.812522],[6.979765,4.812506],[6.979774,4.812406],[6.979958,4.812423]]]}},{"type":"Feature","properties":{"h":3.0,"on_route":false},"geometry":{"type":"Polygon","coordinates":[[[6.982843,4.816743],[6.982831,4.816782],[6.98276,4.816759],[6.982772,4.81672],[6.982843,4.816743]]]}},{"type":"Feature","properties":{"h":3.0,"on_route":false},"geometry":{"type":"Polygon","coordinates":[[[6.982961,4.816986],[6.982953,4.817041],[6.982849,4.817026],[6.982856,4.816971],[6.982961,4.816986]]]}},{"type":"Feature","properties":{"h":3.0,"on_route":false},"geometry":{"type":"Polygon","coordinates":[[[6.982477,4.810826],[6.982384,4.811018],[6.982269,4.810962],[6.982363,4.81077],[6.982477,4.810826]]]}},{"type":"Feature","properties":{"h":3.0,"on_route":false},"geometry":{"type":"Polygon","coordinates":[[[6.982396,4.811507],[6.982336,4.811768],[6.982258,4.811749],[6.982317,4.811489],[6.982396,4.811507]]]}},{"type":"Feature","properties":{"h":3.0,"on_route":false},"geometry":{"type":"Polygon","coordinates":[[[6.981984,4.818458],[6.981965,4.818554],[6.981842,4.81853],[6.981861,4.818434],[6.981984,4.818458]]]}},{"type":"Feature","properties":{"h":3.0,"on_route":false},"geometry":{"type":"Polygon","coordinates":[[[6.979429,4.813181],[6.979427,4.813224],[6.979328,4.81322],[6.97933,4.813177],[6.979429,4.813181]]]}},{"type":"Feature","properties":{"h":3.0,"on_route":false},"geometry":{"type":"Polygon","coordinates":[[[6.981017,4.810346],[6.981034,4.810447],[6.980991,4.810454],[6.980973,4.810354],[6.981017,4.810346]]]}},{"type":"Feature","properties":{"h":3.0,"on_route":false},"geometry":{"type":"Polygon","coordinates":[[[6.982785,4.817877],[6.982735,4.81801],[6.982674,4.817986],[6.98269,4.817943],[6.982574,4.817898],[6.982608,4.817809],[6.982785,4.817877]]]}},{"type":"Feature","properties":{"h":3.0,"on_route":false},"geometry":{"type":"Polygon","coordinates":[[[6.985045,4.81614],[6.985035,4.816205],[6.984907,4.816185],[6.984917,4.81612],[6.985045,4.81614]]]}},{"type":"Feature","properties":{"h":3.0,"on_route":false},"geometry":{"type":"Polygon","coordinates":[[[6.98435,4.811415],[6.984335,4.811503],[6.984226,4.811485],[6.984241,4.811397],[6.98435,4.811415]]]}},{"type":"Feature","properties":{"h":3.0,"on_route":false},"geometry":{"type":"Polygon","coordinates":[[[6.981737,4.816064],[6.981692,4.816225],[6.981624,4.816206],[6.981669,4.816045],[6.981737,4.816064]]]}},{"type":"Feature","properties":{"h":3.0,"on_route":false},"geometry":{"type":"Polygon","coordinates":[[[6.982423,4.817591],[6.982405,4.817653],[6.98233,4.817631],[6.982349,4.817569],[6.982423,4.817591]]]}},{"type":"Feature","properties":{"h":3.0,"on_route":false},"geometry":{"type":"Polygon","coordinates":[[[6.979507,4.81619],[6.979455,4.816292],[6.979403,4.816265],[6.979455,4.816163],[6.979507,4.81619]]]}},{"type":"Feature","properties":{"h":3.0,"on_route":false},"geometry":{"type":"Polygon","coordinates":[[[6.983697,4.810698],[6.983709,4.810664],[6.983816,4.8107],[6.983784,4.810792],[6.983573,4.81072],[6.983593,4.810662],[6.983697,4.810698]]]}},{"type":"Feature","properties":{"h":3.0,"on_route":false},"geometry":{"type":"Polygon","coordinates":[[[6.98183,4.814298],[6.981791,4.814437],[6.981654,4.814398],[6.981693,4.814259],[6.98183,4.814298]]]}},{"type":"Feature","properties":{"h":3.0,"on_route":false},"geometry":{"type":"Polygon","coordinates":[[[6.978717,4.815383],[6.978357,4.815391],[6.978353,4.81524],[6.978653,4.815234],[6.978654,4.815286],[6.978715,4.815285],[6.978717,4.815383]]]}},{"type":"Feature","properties":{"h":3.0,"on_route":false},"geometry":{"type":"Polygon","coordinates":[[[6.981455,4.813572],[6.981401,4.813678],[6.981256,4.813604],[6.98131,4.813498],[6.981455,4.813572]]]}},{"type":"Feature","properties":{"h":3.0,"on_route":false},"geometry":{"type":"Polygon","coordinates":[[[6.978459,4.81543],[6.978468,4.815559],[6.978606,4.815549],[6.978613,4.815656],[6.978374,4.815672],[6.978358,4.815437],[6.978459,4.81543]]]}},{"type":"Feature","properties":{"h":3.0,"on_route":false},"geometry":{"type":"Polygon","coordinates":[[[6.98182,4.812102],[6.981753,4.812188],[6.981541,4.81202],[6.981607,4.811935],[6.98182,4.812102]]]}},{"type":"Feature","properties":{"h":3.0,"on_route":false},"geometry":{"type":"Polygon","coordinates":[[[6.98035,4.81564],[6.980346,4.815692],[6.980311,4.81569],[6.980315,4.815637],[6.98035,4.81564]]]}},{"type":"Feature","properties":{"h":3.0,"on_route":false},"geometry":{"type":"Polygon","coordinates":[[[6.981181,4.818551],[6.981183,4.818522],[6.981124,4.818517],[6.981128,4.818467],[6.981267,4.818477],[6.981251,4.818682],[6.981026,4.818665],[6.981036,4.818539],[6.981181,4.818551]]]}},{"type":"Feature","properties":{"h":3.0,"on_route":false},"geometry":{"type":"Polygon","coordinates":[[[6.97968,4.812484],[6.979675,4.812599],[6.97952,4.812592],[6.979525,4.812477],[6.97968,4.812484]]]}},{"type":"Feature","properties":{"h":3.0,"on_route":false},"geometry":{"type":"Polygon","coordinates":[[[6.980439,4.812939],[6.980337,4.812917],[6.980352,4.812848],[6.980375,4.812853],[6.980402,4.812725],[6.980428,4.812731],[6.98047,4.812528],[6.980525,4.812539],[6.980439,4.812939]]]}},{"type":"Feature","properties":{"h":3.0,"on_route":false},"geometry":{"type":"Polygon","coordinates":[[[6.979092,4.812611],[6.978897,4.812621],[6.978891,4.812505],[6.979086,4.812496],[6.979092,4.812611]]]}},{"type":"Feature","properties":{"h":3.0,"on_route":false},"geometry":{"type":"Polygon","coordinates":[[[6.980431,4.814091],[6.980422,4.814232],[6.980131,4.814212],[6.98014,4.814072],[6.980431,4.814091]]]}},{"type":"Feature","properties":{"h":3.0,"on_route":false},"geometry":{"type":"Polygon","coordinates":[[[6.981235,4.813594],[6.981227,4.813637],[6.98119,4.81363],[6.981198,4.813587],[6.981235,4.813594]]]}},{"type":"Feature","properties":{"h":3.0,"on_route":false},"geometry":{"type":"Polygon","coordinates":[[[6.982207,4.810713],[6.982175,4.810808],[6.982019,4.810755],[6.982051,4.81066],[6.982207,4.810713]]]}},{"type":"Feature","properties":{"h":3.0,"on_route":false},"geometry":{"type":"Polygon","coordinates":[[[6.982768,4.810666],[6.982744,4.81074],[6.982665,4.810714],[6.982689,4.81064],[6.982768,4.810666]]]}},{"type":"Feature","properties":{"h":3.0,"on_route":false},"geometry":{"type":"Polygon","coordinates":[[[6.981634,4.817112],[6.981611,4.81722],[6.981508,4.817199],[6.98153,4.81709],[6.981634,4.817112]]]}},{"type":"Feature","properties":{"h":3.0,"on_route":false},"geometry":{"type":"Polygon","coordinates":[[[6.983714,4.812606],[6.983692,4.812687],[6.983512,4.812637],[6.983534,4.812556],[6.983714,4.812606]]]}},{"type":"Feature","properties":{"h":3.0,"on_route":false},"geometry":{"type":"Polygon","coordinates":[[[6.981885,4.81347],[6.981879,4.813498],[6.981837,4.813488],[6.981844,4.81346],[6.981885,4.81347]]]}},{"type":"Feature","properties":{"h":3.0,"on_route":false},"geometry":{"type":"Polygon","coordinates":[[[6.982897,4.811134],[6.98287,4.811235],[6.982791,4.811213],[6.982818,4.811112],[6.982897,4.811134]]]}},{"type":"Feature","properties":{"h":3.0,"on_route":false},"geometry":{"type":"Polygon","coordinates":[[[6.980777,4.814305],[6.980765,4.814421],[6.980648,4.814408],[6.98066,4.814292],[6.980777,4.814305]]]}},{"type":"Feature","properties":{"h":3.0,"on_route":false},"geometry":{"type":"Polygon","coordinates":[[[6.98144,4.814888],[6.981426,4.814986],[6.981318,4.814971],[6.981332,4.814872],[6.98144,4.814888]]]}},{"type":"Feature","properties":{"h":3.0,"on_route":false},"geometry":{"type":"Polygon","coordinates":[[[6.981951,4.813904],[6.981909,4.814039],[6.981769,4.813996],[6.98181,4.813861],[6.981951,4.813904]]]}},{"type":"Feature","properties":{"h":3.0,"on_route":false},"geometry":{"type":"Polygon","coordinates":[[[6.982928,4.810251],[6.982925,4.810284],[6.982977,4.81029],[6.98296,4.810443],[6.982859,4.810432],[6.982879,4.810246],[6.982928,4.810251]]]}},{"type":"Feature","properties":{"h":3.0,"on_route":false},"geometry":{"type":"Polygon","coordinates":[[[6.984273,4.81108],[6.984228,4.811066],[6.984267,4.810937],[6.984312,4.810951],[6.984273,4.81108]]]}},{"type":"Feature","properties":{"h":3.0,"on_route":false},"geometry":{"type":"Polygon","coordinates":[[[6.983292,4.813356],[6.983252,4.81334],[6.983334,4.813141],[6.983374,4.813157],[6.983292,4.813356]]]}},{"type":"Feature","properties":{"h":3.0,"on_route":false},"geometry":{"type":"Polygon","coordinates":[[[6.981241,4.813134],[6.981221,4.813162],[6.981165,4.813122],[6.981184,4.813095],[6.981241,4.813134]]]}},{"type":"Feature","properties":{"h":3.0,"on_route":false},"geometry":{"type":"Polygon","coordinates":[[[6.983122,4.812338],[6.983109,4.8124],[6.983033,4.812384],[6.983046,4.812322],[6.983122,4.812338]]]}},{"type":"Feature","properties":{"h":3.0,"on_route":false},"geometry":{"type":"Polygon","coordinates":[[[6.981304,4.814855],[6.981287,4.814965],[6.981056,4.814929],[6.981073,4.814819],[6.981304,4.814855]]]}},{"type":"Feature","properties":{"h":3.0,"on_route":false},"geometry":{"type":"Polygon","coordinates":[[[6.978723,4.812476],[6.978526,4.812489],[6.978518,4.812373],[6.978716,4.812359],[6.978723,4.812476]]]}},{"type":"Feature","properties":{"h":3.0,"on_route":false},"geometry":{"type":"Polygon","coordinates":[[[6.979977,4.811441],[6.979968,4.811582],[6.97989,4.811577],[6.979893,4.811539],[6.979862,4.811537],[6.979859,4.811574],[6.9798,4.81157],[6.97981,4.811429],[6.979977,4.811441]]]}},{"type":"Feature","properties":{"h":3.0,"on_route":false},"geometry":{"type":"Polygon","coordinates":[[[6.978557,4.813005],[6.978548,4.813162],[6.978491,4.813159],[6.9785,4.813002],[6.978557,4.813005]]]}},{"type":"Feature","properties":{"h":3.0,"on_route":false},"geometry":{"type":"Polygon","coordinates":[[[6.980929,4.814887],[6.980901,4.815123],[6.980791,4.81511],[6.980788,4.815143],[6.980668,4.815128],[6.980699,4.81486],[6.980929,4.814887]]]}},{"type":"Feature","properties":{"h":3.0,"on_route":false},"geometry":{"type":"Polygon","coordinates":[[[6.981006,4.815917],[6.980979,4.816168],[6.980916,4.816161],[6.980922,4.816112],[6.980862,4.816105],[6.980884,4.815904],[6.981006,4.815917]]]}},{"type":"Feature","properties":{"h":3.0,"on_route":false},"geometry":{"type":"Polygon","coordinates":[[[6.982693,4.81576],[6.982704,4.81571],[6.982783,4.815727],[6.982772,4.815777],[6.982849,4.815793],[6.982828,4.815892],[6.982603,4.815844],[6.982624,4.815745],[6.982693,4.81576]]]}},{"type":"Feature","properties":{"h":3.0,"on_route":false},"geometry":{"type":"Polygon","coordinates":[[[6.983529,4.814059],[6.983502,4.814114],[6.983398,4.814062],[6.983425,4.814008],[6.983529,4.814059]]]}},{"type":"Feature","properties":{"h":3.0,"on_route":false},"geometry":{"type":"Polygon","coordinates":[[[6.984725,4.816939],[6.984691,4.817035],[6.984486,4.816963],[6.98452,4.816866],[6.984725,4.816939]]]}},{"type":"Feature","properties":{"h":3.0,"on_route":false},"geometry":{"type":"Polygon","coordinates":[[[6.980503,4.815847],[6.980497,4.815949],[6.980315,4.815937],[6.980322,4.815834],[6.980503,4.815847]]]}},{"type":"Feature","properties":{"h":3.0,"on_route":false},"geometry":{"type":"Polygon","coordinates":[[[6.981245,4.812483],[6.981204,4.812545],[6.981132,4.812497],[6.981173,4.812435],[6.981245,4.812483]]]}},{"type":"Feature","properties":{"h":3.0,"on_route":false},"geometry":{"type":"Polygon","coordinates":[[[6.986074,4.815848],[6.986042,4.815996],[6.985784,4.81594],[6.98578,4.815958],[6.985716,4.815944],[6.985719,4.815926],[6.98544,4.815865],[6.985472,4.815717],[6.986074,4.815848]]]}},{"type":"Feature","properties":{"h":3.0,"on_route":false},"geometry":{"type":"Polygon","coordinates":[[[6.98381,4.811538],[6.983807,4.811562],[6.983754,4.811556],[6.983757,4.811532],[6.98381,4.811538]]]}},{"type":"Feature","properties":{"h":3.0,"on_route":false},"geometry":{"type":"Polygon","coordinates":[[[6.98183,4.810709],[6.981783,4.810852],[6.98169,4.810821],[6.981737,4.810678],[6.98183,4.810709]]]}},{"type":"Feature","properties":{"h":3.0,"on_route":false},"geometry":{"type":"Polygon","coordinates":[[[6.980741,4.812697],[6.980727,4.812743],[6.980676,4.812727],[6.98069,4.812682],[6.980741,4.812697]]]}},{"type":"Feature","properties":{"h":3.0,"on_route":false},"geometry":{"type":"Polygon","coordinates":[[[6.980077,4.813882],[6.980097,4.813891],[6.980027,4.814048],[6.97991,4.813996],[6.980043,4.813695],[6.98014,4.813738],[6.980077,4.813882]]]}},{"type":"Feature","properties":{"h":3.0,"on_route":false},"geometry":{"type":"Polygon","coordinates":[[[6.979941,4.81722],[6.979884,4.81737],[6.979779,4.817329],[6.979836,4.81718],[6.979941,4.81722]]]}},{"type":"Feature","properties":{"h":3.0,"on_route":false},"geometry":{"type":"Polygon","coordinates":[[[6.979671,4.816494],[6.97979,4.81656],[6.979769,4.816599],[6.97965,4.816533],[6.979671,4.816494]]]}},{"type":"Feature","properties":{"h":3.0,"on_route":false},"geometry":{"type":"Polygon","coordinates":[[[6.981467,4.81542],[6.981434,4.815619],[6.98135,4.815605],[6.981383,4.815406],[6.981467,4.81542]]]}},{"type":"Feature","properties":{"h":3.0,"on_route":false},"geometry":{"type":"Polygon","coordinates":[[[6.98249,4.816266],[6.982466,4.816374],[6.982415,4.816362],[6.982439,4.816254],[6.98249,4.816266]]]}},{"type":"Feature","properties":{"h":3.0,"on_route":false},"geometry":{"type":"Polygon","coordinates":[[[6.982895,4.811695],[6.98289,4.811824],[6.982819,4.811821],[6.98282,4.811792],[6.9828,4.811791],[6.982804,4.811691],[6.982895,4.811695]]]}},{"type":"Feature","properties":{"h":3.0,"on_route":false},"geometry":{"type":"Polygon","coordinates":[[[6.98089,4.8159],[6.980872,4.816045],[6.980761,4.816031],[6.980779,4.815886],[6.98089,4.8159]]]}},{"type":"Feature","properties":{"h":3.0,"on_route":false},"geometry":{"type":"Polygon","coordinates":[[[6.978952,4.81355],[6.978949,4.813648],[6.97878,4.813642],[6.978784,4.813543],[6.978952,4.81355]]]}},{"type":"Feature","properties":{"h":3.0,"on_route":false},"geometry":{"type":"Polygon","coordinates":[[[6.979639,4.815324],[6.979534,4.815362],[6.979508,4.81529],[6.979613,4.815252],[6.979639,4.815324]]]}},{"type":"Feature","properties":{"h":3.0,"on_route":false},"geometry":{"type":"Polygon","coordinates":[[[6.98491,4.816137],[6.984905,4.816192],[6.984862,4.816187],[6.984868,4.816133],[6.98491,4.816137]]]}},{"type":"Feature","properties":{"h":3.0,"on_route":false},"geometry":{"type":"Polygon","coordinates":[[[6.981873,4.813658],[6.981845,4.813748],[6.981803,4.813735],[6.981831,4.813645],[6.981873,4.813658]]]}},{"type":"Feature","properties":{"h":3.0,"on_route":false},"geometry":{"type":"Polygon","coordinates":[[[6.984505,4.815099],[6.984494,4.815147],[6.984424,4.815131],[6.984435,4.815083],[6.984505,4.815099]]]}},{"type":"Feature","properties":{"h":3.0,"on_route":false},"geometry":{"type":"Polygon","coordinates":[[[6.979121,4.814675],[6.979137,4.814751],[6.97909,4.814761],[6.979074,4.814685],[6.979121,4.814675]]]}},{"type":"Feature","properties":{"h":3.0,"on_route":false},"geometry":{"type":"Polygon","coordinates":[[[6.979228,4.813681],[6.979163,4.813678],[6.979164,4.813637],[6.979229,4.81364],[6.979228,4.813681]]]}},{"type":"Feature","properties":{"h":3.0,"on_route":false},"geometry":{"type":"Polygon","coordinates":[[[6.982627,4.817564],[6.982589,4.817721],[6.982483,4.817695],[6.982521,4.817538],[6.982627,4.817564]]]}},{"type":"Feature","properties":{"h":3.0,"on_route":false},"geometry":{"type":"Polygon","coordinates":[[[6.980159,4.814601],[6.980151,4.81471],[6.980101,4.814706],[6.980108,4.814598],[6.980159,4.814601]]]}},{"type":"Feature","properties":{"h":3.0,"on_route":false},"geometry":{"type":"Polygon","coordinates":[[[6.978882,4.816249],[6.978849,4.816289],[6.978825,4.816269],[6.978858,4.816229],[6.978882,4.816249]]]}},{"type":"Feature","properties":{"h":3.0,"on_route":false},"geometry":{"type":"Polygon","coordinates":[[[6.981204,4.81445],[6.98121,4.814406],[6.981365,4.814428],[6.981349,4.814549],[6.981156,4.814522],[6.981167,4.814445],[6.981204,4.81445]]]}},{"type":"Feature","properties":{"h":3.0,"on_route":false},"geometry":{"type":"Polygon","coordinates":[[[6.984184,4.811349],[6.984169,4.811469],[6.984056,4.811454],[6.984072,4.811334],[6.984184,4.811349]]]}},{"type":"Feature","properties":{"h":3.0,"on_route":false},"geometry":{"type":"Polygon","coordinates":[[[6.983415,4.81192],[6.983411,4.811956],[6.983326,4.811948],[6.98333,4.811912],[6.983415,4.81192]]]}},{"type":"Feature","properties":{"h":3.0,"on_route":false},"geometry":{"type":"Polygon","coordinates":[[[6.98042,4.815318],[6.980414,4.815357],[6.980348,4.815348],[6.980354,4.815309],[6.98042,4.815318]]]}},{"type":"Feature","properties":{"h":3.0,"on_route":false},"geometry":{"type":"Polygon","coordinates":[[[6.978647,4.814492],[6.978644,4.814534],[6.978562,4.814529],[6.978565,4.814486],[6.978647,4.814492]]]}},{"type":"Feature","properties":{"h":3.0,"on_route":false},"geometry":{"type":"Polygon","coordinates":[[[6.983543,4.81202],[6.983511,4.812214],[6.983566,4.812223],[6.983551,4.812313],[6.983433,4.812293],[6.983458,4.812148],[6.98338,4.812135],[6.983385,4.812103],[6.983463,4.812116],[6.983474,4.812054],[6.983396,4.81204],[6.983403,4.811996],[6.983543,4.81202]]]}},{"type":"Feature","properties":{"h":3.0,"on_route":false},"geometry":{"type":"Polygon","coordinates":[[[6.980417,4.810515],[6.980415,4.810649],[6.980333,4.810648],[6.980334,4.810514],[6.980417,4.810515]]]}},{"type":"Feature","properties":{"h":3.0,"on_route":false},"geometry":{"type":"Polygon","coordinates":[[[6.981544,4.811535],[6.981684,4.811556],[6.981674,4.811626],[6.981889,4.811658],[6.981879,4.811723],[6.981701,4.811697],[6.981697,4.811724],[6.981564,4.811704],[6.981524,4.811971],[6.981454,4.811961],[6.981482,4.811773],[6.981375,4.811757],[6.98141,4.811516],[6.981539,4.811534],[6.981545,4.811496],[6.981549,4.811497],[6.981544,4.811535]]]}},{"type":"Feature","properties":{"h":3.0,"on_route":false},"geometry":{"type":"Polygon","coordinates":[[[6.983703,4.811679],[6.983672,4.811904],[6.983538,4.811885],[6.983569,4.811661],[6.983703,4.811679]]]}},{"type":"Feature","properties":{"h":3.0,"on_route":false},"geometry":{"type":"Polygon","coordinates":[[[6.980311,4.815824],[6.980303,4.816106],[6.98018,4.816103],[6.980181,4.816056],[6.980172,4.816055],[6.980174,4.81601],[6.980183,4.81601],[6.980187,4.815877],[6.980158,4.815876],[6.98016,4.81582],[6.980311,4.815824]]]}},{"type":"Feature","properties":{"h":3.0,"on_route":false},"geometry":{"type":"Polygon","coordinates":[[[6.978383,4.81468],[6.97825,4.814702],[6.978233,4.814598],[6.978365,4.814577],[6.978383,4.81468]]]}},{"type":"Feature","properties":{"h":3.0,"on_route":false},"geometry":{"type":"Polygon","coordinates":[[[6.986051,4.813117],[6.985975,4.813113],[6.985985,4.812942],[6.986062,4.812946],[6.986051,4.813117]]]}},{"type":"Feature","properties":{"h":3.0,"on_route":false},"geometry":{"type":"Polygon","coordinates":[[[6.983079,4.810055],[6.983086,4.810037],[6.983226,4.810089],[6.983208,4.81014],[6.983035,4.810077],[6.983047,4.810043],[6.983079,4.810055]]]}},{"type":"Feature","properties":{"h":3.0,"on_route":false},"geometry":{"type":"Polygon","coordinates":[[[6.981863,4.813414],[6.981847,4.81346],[6.981804,4.813444],[6.981821,4.813398],[6.981863,4.813414]]]}},{"type":"Feature","properties":{"h":3.0,"on_route":false},"geometry":{"type":"Polygon","coordinates":[[[6.984363,4.810673],[6.984477,4.810713],[6.984452,4.810784],[6.984338,4.810744],[6.984363,4.810673]]]}},{"type":"Feature","properties":{"h":3.0,"on_route":false},"geometry":{"type":"Polygon","coordinates":[[[6.981175,4.813304],[6.981161,4.813438],[6.981042,4.813425],[6.981057,4.813291],[6.981175,4.813304]]]}},{"type":"Feature","properties":{"h":3.0,"on_route":false},"geometry":{"type":"Polygon","coordinates":[[[6.9835,4.817734],[6.983493,4.817768],[6.983539,4.817777],[6.983527,4.817838],[6.983499,4.817833],[6.983488,4.817887],[6.983363,4.817863],[6.983393,4.817712],[6.9835,4.817734]]]}},{"type":"Feature","properties":{"h":3.0,"on_route":false},"geometry":{"type":"Polygon","coordinates":[[[6.981469,4.816266],[6.981414,4.816268],[6.98141,4.816168],[6.981465,4.816166],[6.981469,4.816266]]]}},{"type":"Feature","properties":{"h":3.0,"on_route":false},"geometry":{"type":"Polygon","coordinates":[[[6.981478,4.818418],[6.981469,4.818483],[6.981426,4.818477],[6.981435,4.818412],[6.981478,4.818418]]]}},{"type":"Feature","properties":{"h":3.0,"on_route":false},"geometry":{"type":"Polygon","coordinates":[[[6.981476,4.816901],[6.981464,4.816947],[6.981388,4.816926],[6.9814,4.81688],[6.981476,4.816901]]]}},{"type":"Feature","properties":{"h":3.0,"on_route":false},"geometry":{"type":"Polygon","coordinates":[[[6.98194,4.816921],[6.981881,4.817058],[6.981803,4.817024],[6.98182,4.816984],[6.981758,4.816957],[6.98174,4.816997],[6.981694,4.816977],[6.981752,4.81684],[6.98194,4.816921]]]}},{"type":"Feature","properties":{"h":3.0,"on_route":false},"geometry":{"type":"Polygon","coordinates":[[[6.98263,4.81535],[6.982559,4.815617],[6.982612,4.815631],[6.98258,4.815751],[6.982318,4.81568],[6.98235,4.815561],[6.982415,4.815578],[6.982486,4.815312],[6.98263,4.81535]]]}},{"type":"Feature","properties":{"h":3.0,"on_route":false},"geometry":{"type":"Polygon","coordinates":[[[6.98178,4.813959],[6.981739,4.813946],[6.981769,4.813848],[6.98181,4.813861],[6.98178,4.813959]]]}},{"type":"Feature","properties":{"h":3.0,"on_route":false},"geometry":{"type":"Polygon","coordinates":[[[6.982861,4.8167],[6.982848,4.816738],[6.982773,4.816711],[6.982787,4.816672],[6.982861,4.8167]]]}},{"type":"Feature","properties":{"h":3.0,"on_route":false},"geometry":{"type":"Polygon","coordinates":[[[6.97982,4.816053],[6.979794,4.81611],[6.979748,4.816089],[6.979775,4.816032],[6.97982,4.816053]]]}},{"type":"Feature","properties":{"h":3.0,"on_route":false},"geometry":{"type":"Polygon","coordinates":[[[6.982045,4.816667],[6.981995,4.816824],[6.981942,4.816807],[6.981949,4.816784],[6.981852,4.816753],[6.981894,4.816619],[6.982045,4.816667]]]}},{"type":"Feature","properties":{"h":3.0,"on_route":false},"geometry":{"type":"Polygon","coordinates":[[[6.983525,4.811595],[6.983508,4.811744],[6.983443,4.811736],[6.983461,4.811587],[6.983525,4.811595]]]}},{"type":"Feature","properties":{"h":3.0,"on_route":false},"geometry":{"type":"Polygon","coordinates":[[[6.98345,4.810632],[6.983435,4.810689],[6.983386,4.810677],[6.9834,4.810619],[6.98345,4.810632]]]}},{"type":"Feature","properties":{"h":3.0,"on_route":false},"geometry":{"type":"Polygon","coordinates":[[[6.982617,4.816711],[6.982603,4.816762],[6.982375,4.816698],[6.982389,4.816647],[6.982617,4.816711]]]}},{"type":"Feature","properties":{"h":3.0,"on_route":false},"geometry":{"type":"Polygon","coordinates":[[[6.980334,4.81065],[6.980214,4.810665],[6.980167,4.810297],[6.980287,4.810281],[6.980334,4.81065]]]}},{"type":"Feature","properties":{"h":3.0,"on_route":false},"geometry":{"type":"Polygon","coordinates":[[[6.981336,4.817248],[6.981333,4.817296],[6.981286,4.817293],[6.98129,4.817244],[6.981336,4.817248]]]}},{"type":"Feature","properties":{"h":3.0,"on_route":false},"geometry":{"type":"Polygon","coordinates":[[[6.982758,4.812705],[6.982709,4.812773],[6.982636,4.81272],[6.982684,4.812652],[6.982758,4.812705]]]}},{"type":"Feature","properties":{"h":3.0,"on_route":false},"geometry":{"type":"Polygon","coordinates":[[[6.978777,4.813983],[6.978775,4.81409],[6.978721,4.814089],[6.978722,4.813982],[6.978777,4.813983]]]}},{"type":"Feature","properties":{"h":3.0,"on_route":false},"geometry":{"type":"Polygon","coordinates":[[[6.982305,4.813096],[6.982294,4.813111],[6.982316,4.813129],[6.982281,4.813173],[6.982158,4.813076],[6.98209,4.813022],[6.982137,4.812963],[6.982305,4.813096]]]}},{"type":"Feature","properties":{"h":3.0,"on_route":false},"geometry":{"type":"Polygon","coordinates":[[[6.983094,4.81283],[6.983254,4.812911],[6.983233,4.812978],[6.983158,4.812954],[6.983164,4.812935],[6.983069,4.812906],[6.983081,4.812867],[6.983056,4.812859],[6.983068,4.812821],[6.983094,4.81283]]]}},{"type":"Feature","properties":{"h":3.0,"on_route":false},"geometry":{"type":"Polygon","coordinates":[[[6.978905,4.812869],[6.978902,4.812941],[6.978847,4.812939],[6.97885,4.812867],[6.978905,4.812869]]]}},{"type":"Feature","properties":{"h":3.0,"on_route":false},"geometry":{"type":"Polygon","coordinates":[[[6.98067,4.81527],[6.980656,4.815383],[6.980598,4.815376],[6.980611,4.815263],[6.98067,4.81527]]]}},{"type":"Feature","properties":{"h":3.0,"on_route":false},"geometry":{"type":"Polygon","coordinates":[[[6.980843,4.812293],[6.980791,4.812363],[6.980724,4.812313],[6.980744,4.812286],[6.980715,4.812264],[6.980747,4.812221],[6.980843,4.812293]]]}},{"type":"Feature","properties":{"h":3.0,"on_route":false},"geometry":{"type":"Polygon","coordinates":[[[6.978921,4.813205],[6.97892,4.813226],[6.978981,4.813227],[6.978978,4.81345],[6.978934,4.813449],[6.978935,4.813413],[6.978875,4.813412],[6.978875,4.813386],[6.978848,4.813385],[6.978851,4.813204],[6.978921,4.813205]]]}},{"type":"Feature","properties":{"h":3.0,"on_route":false},"geometry":{"type":"Polygon","coordinates":[[[6.98125,4.817793],[6.981224,4.81797],[6.981154,4.817959],[6.981181,4.817782],[6.98125,4.817793]]]}},{"type":"Feature","properties":{"h":3.0,"on_route":false},"geometry":{"type":"Polygon","coordinates":[[[6.983927,4.815315],[6.983907,4.815417],[6.983753,4.815386],[6.983773,4.815284],[6.983927,4.815315]]]}},{"type":"Feature","properties":{"h":3.0,"on_route":false},"geometry":{"type":"Polygon","coordinates":[[[6.982543,4.818373],[6.982505,4.818497],[6.982404,4.818467],[6.982442,4.818342],[6.982543,4.818373]]]}},{"type":"Feature","properties":{"h":3.0,"on_route":false},"geometry":{"type":"Polygon","coordinates":[[[6.983398,4.810786],[6.983367,4.810909],[6.983331,4.8109],[6.983343,4.81085],[6.983288,4.810836],[6.983306,4.810763],[6.983398,4.810786]]]}},{"type":"Feature","properties":{"h":3.0,"on_route":false},"geometry":{"type":"Polygon","coordinates":[[[6.978568,4.814437],[6.978562,4.814529],[6.97846,4.814522],[6.978466,4.81443],[6.978568,4.814437]]]}},{"type":"Feature","properties":{"h":3.0,"on_route":false},"geometry":{"type":"Polygon","coordinates":[[[6.981869,4.81561],[6.981837,4.815804],[6.981737,4.815788],[6.981769,4.815593],[6.981869,4.81561]]]}},{"type":"Feature","properties":{"h":3.0,"on_route":false},"geometry":{"type":"Polygon","coordinates":[[[6.979399,4.812137],[6.979395,4.812212],[6.97931,4.812207],[6.979314,4.812133],[6.979399,4.812137]]]}},{"type":"Feature","properties":{"h":3.0,"on_route":false},"geometry":{"type":"Polygon","coordinates":[[[6.983798,4.815867],[6.983778,4.81596],[6.983717,4.815946],[6.983737,4.815854],[6.983798,4.815867]]]}},{"type":"Feature","properties":{"h":3.0,"on_route":false},"geometry":{"type":"Polygon","coordinates":[[[6.982062,4.814964],[6.98201,4.815262],[6.9819,4.815243],[6.981952,4.814944],[6.982062,4.814964]]]}},{"type":"Feature","properties":{"h":3.0,"on_route":false},"geometry":{"type":"Polygon","coordinates":[[[6.984207,4.81191],[6.984186,4.811994],[6.98413,4.81198],[6.98415,4.811897],[6.984207,4.81191]]]}},{"type":"Feature","properties":{"h":3.0,"on_route":false},"geometry":{"type":"Polygon","coordinates":[[[6.982836,4.810659],[6.982802,4.810755],[6.98274,4.810734],[6.982774,4.810637],[6.982836,4.810659]]]}},{"type":"Feature","properties":{"h":3.0,"on_route":false},"geometry":{"type":"Polygon","coordinates":[[[6.98227,4.817376],[6.982216,4.817534],[6.982156,4.817514],[6.982173,4.817462],[6.982148,4.817454],[6.982184,4.817347],[6.98227,4.817376]]]}},{"type":"Feature","properties":{"h":3.0,"on_route":false},"geometry":{"type":"Polygon","coordinates":[[[6.982666,4.812664],[6.982488,4.812908],[6.982341,4.812801],[6.982519,4.812557],[6.982666,4.812664]]]}},{"type":"Feature","properties":{"h":3.0,"on_route":true},"geometry":{"type":"Polygon","coordinates":[[[6.984942,4.814249],[6.984947,4.81422],[6.985,4.814229],[6.984959,4.814469],[6.984605,4.814407],[6.984619,4.814326],[6.98465,4.814332],[6.984673,4.814202],[6.984942,4.814249]]]}},{"type":"Feature","properties":{"h":3.0,"on_route":false},"geometry":{"type":"Polygon","coordinates":[[[6.981826,4.810358],[6.981782,4.810477],[6.981695,4.810445],[6.981739,4.810326],[6.981826,4.810358]]]}},{"type":"Feature","properties":{"h":3.0,"on_route":false},"geometry":{"type":"Polygon","coordinates":[[[6.984069,4.811163],[6.984067,4.811281],[6.983939,4.811278],[6.983941,4.811161],[6.984069,4.811163]]]}},{"type":"Feature","properties":{"h":3.0,"on_route":false},"geometry":{"type":"Polygon","coordinates":[[[6.982173,4.818309],[6.982157,4.818401],[6.98208,4.818387],[6.982096,4.818295],[6.982173,4.818309]]]}},{"type":"Feature","properties":{"h":3.0,"on_route":false},"geometry":{"type":"Polygon","coordinates":[[[6.98207,4.818283],[6.982051,4.818404],[6.981974,4.818392],[6.981982,4.818343],[6.982012,4.818348],[6.982015,4.818327],[6.981985,4.818322],[6.981993,4.818271],[6.98207,4.818283]]]}},{"type":"Feature","properties":{"h":3.0,"on_route":false},"geometry":{"type":"Polygon","coordinates":[[[6.98157,4.817536],[6.981533,4.817789],[6.981447,4.817776],[6.981484,4.817523],[6.98157,4.817536]]]}},{"type":"Feature","properties":{"h":3.0,"on_route":false},"geometry":{"type":"Polygon","coordinates":[[[6.981082,4.817804],[6.98107,4.81808],[6.980964,4.818076],[6.980976,4.8178],[6.981082,4.817804]]]}},{"type":"Feature","properties":{"h":3.0,"on_route":false},"geometry":{"type":"Polygon","coordinates":[[[6.981737,4.816326],[6.981734,4.816352],[6.981699,4.816347],[6.981703,4.816321],[6.981737,4.816326]]]}},{"type":"Feature","properties":{"h":3.0,"on_route":false},"geometry":{"type":"Polygon","coordinates":[[[6.982857,4.817693],[6.982823,4.817802],[6.982662,4.817752],[6.982696,4.817643],[6.982857,4.817693]]]}},{"type":"Feature","properties":{"h":3.0,"on_route":false},"geometry":{"type":"Polygon","coordinates":[[[6.979206,4.813453],[6.979205,4.813513],[6.979003,4.81351],[6.979004,4.81345],[6.979206,4.813453]]]}},{"type":"Feature","properties":{"h":3.0,"on_route":false},"geometry":{"type":"Polygon","coordinates":[[[6.982482,4.810155],[6.982457,4.810275],[6.98224,4.81023],[6.982253,4.810168],[6.982227,4.810163],[6.982239,4.810105],[6.982482,4.810155]]]}},{"type":"Feature","properties":{"h":3.0,"on_route":false},"geometry":{"type":"Polygon","coordinates":[[[6.981693,4.811751],[6.981701,4.811697],[6.98185,4.811719],[6.981846,4.811746],[6.981875,4.81175],[6.98186,4.811858],[6.98165,4.811827],[6.981662,4.811747],[6.981693,4.811751]]]}},{"type":"Feature","properties":{"h":3.0,"on_route":false},"geometry":{"type":"Polygon","coordinates":[[[6.984123,4.810558],[6.984057,4.810743],[6.983939,4.8107],[6.984006,4.810516],[6.984123,4.810558]]]}},{"type":"Feature","properties":{"h":3.0,"on_route":false},"geometry":{"type":"Polygon","coordinates":[[[6.981967,4.817523],[6.981957,4.817558],[6.981917,4.817546],[6.981927,4.817511],[6.981967,4.817523]]]}},{"type":"Feature","properties":{"h":3.0,"on_route":false},"geometry":{"type":"Polygon","coordinates":[[[6.982987,4.812423],[6.982945,4.812542],[6.982861,4.812513],[6.982904,4.812393],[6.982987,4.812423]]]}},{"type":"Feature","properties":{"h":3.0,"on_route":false},"geometry":{"type":"Polygon","coordinates":[[[6.979536,4.815284],[6.97937,4.815349],[6.979349,4.815297],[6.979325,4.815306],[6.979285,4.815202],[6.979434,4.815144],[6.979415,4.815094],[6.979457,4.815078],[6.979536,4.815284]]]}},{"type":"Feature","properties":{"h":3.0,"on_route":false},"geometry":{"type":"Polygon","coordinates":[[[6.983385,4.810581],[6.98338,4.810632],[6.983275,4.810623],[6.98328,4.810572],[6.983385,4.810581]]]}},{"type":"Feature","properties":{"h":3.0,"on_route":false},"geometry":{"type":"Polygon","coordinates":[[[6.979761,4.81498],[6.979693,4.814988],[6.979688,4.814945],[6.979756,4.814937],[6.979761,4.81498]]]}},{"type":"Feature","properties":{"h":3.0,"on_route":false},"geometry":{"type":"Polygon","coordinates":[[[6.981786,4.815997],[6.981777,4.816061],[6.981539,4.816028],[6.981537,4.816044],[6.981496,4.816039],[6.981507,4.815959],[6.981786,4.815997]]]}},{"type":"Feature","properties":{"h":3.0,"on_route":false},"geometry":{"type":"Polygon","coordinates":[[[6.981974,4.810121],[6.981943,4.81024],[6.981884,4.810225],[6.981915,4.810106],[6.981974,4.810121]]]}},{"type":"Feature","properties":{"h":3.0,"on_route":false},"geometry":{"type":"Polygon","coordinates":[[[6.985071,4.811452],[6.985038,4.81159],[6.984966,4.811573],[6.984999,4.811434],[6.985071,4.811452]]]}},{"type":"Feature","properties":{"h":3.0,"on_route":false},"geometry":{"type":"Polygon","coordinates":[[[6.979017,4.814401],[6.978753,4.814413],[6.978747,4.81427],[6.97901,4.814258],[6.979017,4.814401]]]}},{"type":"Feature","properties":{"h":3.0,"on_route":false},"geometry":{"type":"Polygon","coordinates":[[[6.978722,4.813366],[6.978704,4.813624],[6.978597,4.813616],[6.978615,4.813358],[6.978722,4.813366]]]}},{"type":"Feature","properties":{"h":3.0,"on_route":false},"geometry":{"type":"Polygon","coordinates":[[[6.980407,4.814483],[6.980398,4.814617],[6.980108,4.814598],[6.980117,4.814464],[6.980407,4.814483]]]}},{"type":"Feature","properties":{"h":3.0,"on_route":false},"geometry":{"type":"Polygon","coordinates":[[[6.982545,4.818233],[6.982528,4.818339],[6.982478,4.818332],[6.982494,4.818225],[6.982545,4.818233]]]}},{"type":"Feature","properties":{"h":3.0,"on_route":false},"geometry":{"type":"Polygon","coordinates":[[[6.980686,4.817831],[6.980687,4.817807],[6.980818,4.817815],[6.980808,4.817972],[6.980677,4.817964],[6.980683,4.817882],[6.980649,4.81788],[6.980653,4.817828],[6.980686,4.817831]]]}},{"type":"Feature","properties":{"h":3.0,"on_route":false},"geometry":{"type":"Polygon","coordinates":[[[6.982219,4.818003],[6.982211,4.818053],[6.982109,4.818037],[6.982116,4.817987],[6.982219,4.818003]]]}},{"type":"Feature","properties":{"h":3.0,"on_route":false},"geometry":{"type":"Polygon","coordinates":[[[6.982391,4.812224],[6.982346,4.812358],[6.982269,4.812332],[6.982315,4.812198],[6.982391,4.812224]]]}},{"type":"Feature","properties":{"h":3.0,"on_route":false},"geometry":{"type":"Polygon","coordinates":[[[6.981411,4.818487],[6.981404,4.818616],[6.981256,4.818608],[6.981264,4.818478],[6.981411,4.818487]]]}},{"type":"Feature","properties":{"h":3.0,"on_route":true},"geometry":{"type":"Polygon","coordinates":[[[6.984248,4.814479],[6.984236,4.814539],[6.984183,4.814529],[6.984194,4.814468],[6.984248,4.814479]]]}},{"type":"Feature","properties":{"h":3.0,"on_route":false},"geometry":{"type":"Polygon","coordinates":[[[6.98115,4.817642],[6.981128,4.817788],[6.980995,4.817768],[6.981017,4.817622],[6.98115,4.817642]]]}},{"type":"Feature","properties":{"h":3.0,"on_route":false},"geometry":{"type":"Polygon","coordinates":[[[6.979509,4.815996],[6.979434,4.816123],[6.979305,4.816046],[6.97938,4.815919],[6.979509,4.815996]]]}},{"type":"Feature","properties":{"h":3.0,"on_route":false},"geometry":{"type":"Polygon","coordinates":[[[6.979853,4.816047],[6.979858,4.816086],[6.979828,4.816089],[6.979823,4.816051],[6.979853,4.816047]]]}},{"type":"Feature","properties":{"h":3.0,"on_route":false},"geometry":{"type":"Polygon","coordinates":[[[6.982582,4.816344],[6.982566,4.816455],[6.982469,4.816441],[6.982485,4.81633],[6.982582,4.816344]]]}},{"type":"Feature","properties":{"h":3.0,"on_route":false},"geometry":{"type":"Polygon","coordinates":[[[6.97922,4.814053],[6.979004,4.814064],[6.978997,4.813937],[6.979214,4.813926],[6.97922,4.814053]]]}},{"type":"Feature","properties":{"h":3.0,"on_route":false},"geometry":{"type":"Polygon","coordinates":[[[6.983417,4.810057],[6.983335,4.810283],[6.983268,4.810259],[6.983289,4.810202],[6.983253,4.810189],[6.983316,4.810019],[6.983417,4.810057]]]}},{"type":"Feature","properties":{"h":3.0,"on_route":false},"geometry":{"type":"Polygon","coordinates":[[[6.984035,4.811396],[6.984028,4.811458],[6.983886,4.811442],[6.983893,4.81138],[6.984035,4.811396]]]}},{"type":"Feature","properties":{"h":3.0,"on_route":false},"geometry":{"type":"Polygon","coordinates":[[[6.982028,4.818528],[6.982022,4.818573],[6.98197,4.818567],[6.981975,4.818522],[6.982028,4.818528]]]}},{"type":"Feature","properties":{"h":3.0,"on_route":false},"geometry":{"type":"Polygon","coordinates":[[[6.984155,4.816197],[6.984177,4.816203],[6.984114,4.816476],[6.984009,4.816451],[6.984072,4.816178],[6.984126,4.816191],[6.984135,4.816153],[6.984164,4.816159],[6.984155,4.816197]]]}},{"type":"Feature","properties":{"h":3.0,"on_route":false},"geometry":{"type":"Polygon","coordinates":[[[6.981514,4.815307],[6.981483,4.815302],[6.981465,4.815416],[6.981383,4.815403],[6.981401,4.815289],[6.981422,4.815293],[6.981428,4.815254],[6.98152,4.815269],[6.981514,4.815307]]]}},{"type":"Feature","properties":{"h":3.0,"on_route":false},"geometry":{"type":"Polygon","coordinates":[[[6.982911,4.810997],[6.982894,4.811078],[6.982803,4.811059],[6.98282,4.810977],[6.982911,4.810997]]]}},{"type":"Feature","properties":{"h":3.0,"on_route":false},"geometry":{"type":"Polygon","coordinates":[[[6.983272,4.81279],[6.983225,4.812891],[6.983063,4.812815],[6.98311,4.812714],[6.983272,4.81279]]]}},{"type":"Feature","properties":{"h":3.0,"on_route":false},"geometry":{"type":"Polygon","coordinates":[[[6.982921,4.816852],[6.982969,4.81685],[6.982973,4.816937],[6.982954,4.816938],[6.982956,4.816974],[6.982867,4.816978],[6.982859,4.816806],[6.982919,4.816803],[6.982921,4.816852]]]}},{"type":"Feature","properties":{"h":3.0,"on_route":false},"geometry":{"type":"Polygon","coordinates":[[[6.982097,4.812995],[6.982053,4.813063],[6.981909,4.812969],[6.981953,4.812902],[6.982097,4.812995]]]}},{"type":"Feature","properties":{"h":3.0,"on_route":false},"geometry":{"type":"Polygon","coordinates":[[[6.982226,4.81674],[6.982363,4.81678],[6.982345,4.816844],[6.982269,4.816821],[6.982246,4.816901],[6.982184,4.816883],[6.982226,4.81674]]]}},{"type":"Feature","properties":{"h":3.0,"on_route":false},"geometry":{"type":"Polygon","coordinates":[[[6.980792,4.816474],[6.98079,4.816504],[6.980699,4.816498],[6.980701,4.816468],[6.980792,4.816474]]]}},{"type":"Feature","properties":{"h":3.0,"on_route":false},"geometry":{"type":"Polygon","coordinates":[[[6.981761,4.816452],[6.9817,4.816637],[6.9816,4.816604],[6.981662,4.816419],[6.981761,4.816452]]]}},{"type":"Feature","properties":{"h":3.0,"on_route":false},"geometry":{"type":"Polygon","coordinates":[[[6.982701,4.817021],[6.982688,4.817104],[6.982552,4.817082],[6.982565,4.816999],[6.982701,4.817021]]]}},{"type":"Feature","properties":{"h":3.0,"on_route":false},"geometry":{"type":"Polygon","coordinates":[[[6.982582,4.817802],[6.982565,4.817906],[6.982484,4.817893],[6.98248,4.81792],[6.982427,4.817911],[6.982447,4.817781],[6.982582,4.817802]]]}},{"type":"Feature","properties":{"h":3.0,"on_route":false},"geometry":{"type":"Polygon","coordinates":[[[6.979808,4.811453],[6.9798,4.81157],[6.979571,4.811554],[6.979579,4.811437],[6.979808,4.811453]]]}},{"type":"Feature","properties":{"h":3.0,"on_route":false},"geometry":{"type":"Polygon","coordinates":[[[6.979213,4.81412],[6.979212,4.814138],[6.979249,4.81414],[6.979243,4.814249],[6.978999,4.814238],[6.979006,4.81411],[6.979213,4.81412]]]}},{"type":"Feature","properties":{"h":3.0,"on_route":false},"geometry":{"type":"Polygon","coordinates":[[[6.983583,4.817321],[6.983566,4.817408],[6.983439,4.817383],[6.983456,4.817296],[6.983583,4.817321]]]}},{"type":"Feature","properties":{"h":3.0,"on_route":false},"geometry":{"type":"Polygon","coordinates":[[[6.982546,4.816452],[6.982539,4.816496],[6.982384,4.816474],[6.98239,4.81643],[6.982546,4.816452]]]}},{"type":"Feature","properties":{"h":3.0,"on_route":false},"geometry":{"type":"Polygon","coordinates":[[[6.984275,4.817821],[6.984225,4.81796],[6.98391,4.817846],[6.98396,4.817708],[6.984275,4.817821]]]}},{"type":"Feature","properties":{"h":3.0,"on_route":false},"geometry":{"type":"Polygon","coordinates":[[[6.980061,4.815903],[6.98006,4.815938],[6.980029,4.815937],[6.98003,4.815901],[6.980061,4.815903]]]}},{"type":"Feature","properties":{"h":3.0,"on_route":false},"geometry":{"type":"Polygon","coordinates":[[[6.981047,4.810479],[6.981054,4.810546],[6.981006,4.810552],[6.980999,4.810485],[6.981047,4.810479]]]}},{"type":"Feature","properties":{"h":3.0,"on_route":false},"geometry":{"type":"Polygon","coordinates":[[[6.98086,4.812394],[6.980821,4.812359],[6.980869,4.812306],[6.980908,4.812342],[6.98086,4.812394]]]}},{"type":"Feature","properties":{"h":3.0,"on_route":false},"geometry":{"type":"Polygon","coordinates":[[[6.984104,4.810387],[6.984068,4.81049],[6.983966,4.810454],[6.984003,4.810351],[6.984104,4.810387]]]}},{"type":"Feature","properties":{"h":3.0,"on_route":false},"geometry":{"type":"Polygon","coordinates":[[[6.980666,4.815303],[6.980906,4.815332],[6.980892,4.815448],[6.980867,4.815445],[6.980866,4.815455],[6.980833,4.815451],[6.98081,4.815642],[6.980628,4.81562],[6.980666,4.815303]]]}},{"type":"Feature","properties":{"h":3.0,"on_route":false},"geometry":{"type":"Polygon","coordinates":[[[6.978754,4.816241],[6.978744,4.816275],[6.978719,4.816267],[6.978729,4.816233],[6.978754,4.816241]]]}},{"type":"Feature","properties":{"h":3.0,"on_route":false},"geometry":{"type":"Polygon","coordinates":[[[6.983851,4.811624],[6.983837,4.811726],[6.983779,4.811718],[6.983793,4.811617],[6.983851,4.811624]]]}},{"type":"Feature","properties":{"h":3.0,"on_route":false},"geometry":{"type":"Polygon","coordinates":[[[6.982253,4.810708],[6.982257,4.810695],[6.982351,4.810728],[6.982309,4.810849],[6.982198,4.81081],[6.982235,4.810702],[6.982253,4.810708]]]}},{"type":"Feature","properties":{"h":3.0,"on_route":false},"geometry":{"type":"Polygon","coordinates":[[[6.983486,4.811481],[6.983477,4.811526],[6.983306,4.811491],[6.983315,4.811446],[6.983486,4.811481]]]}},{"type":"Feature","properties":{"h":3.0,"on_route":false},"geometry":{"type":"Polygon","coordinates":[[[6.982371,4.811796],[6.982364,4.811828],[6.982473,4.811853],[6.982462,4.811905],[6.982361,4.811882],[6.982356,4.811907],[6.982228,4.811878],[6.982253,4.811768],[6.982371,4.811796]]]}},{"type":"Feature","properties":{"h":3.0,"on_route":false},"geometry":{"type":"Polygon","coordinates":[[[6.980035,4.815734],[6.979941,4.815734],[6.979941,4.815611],[6.980035,4.815611],[6.980035,4.815734]]]}},{"type":"Feature","properties":{"h":3.0,"on_route":true},"geometry":{"type":"Polygon","coordinates":[[[6.984542,4.814384],[6.984539,4.814408],[6.984487,4.814403],[6.984489,4.814379],[6.984542,4.814384]]]}},{"type":"Feature","properties":{"h":3.0,"on_route":false},"geometry":{"type":"Polygon","coordinates":[[[6.9838,4.811567],[6.983793,4.811617],[6.983726,4.811607],[6.983733,4.811558],[6.9838,4.811567]]]}},{"type":"Feature","properties":{"h":3.0,"on_route":false},"geometry":{"type":"Polygon","coordinates":[[[6.982574,4.811544],[6.982547,4.811655],[6.982385,4.811615],[6.982412,4.811504],[6.982574,4.811544]]]}},{"type":"Feature","properties":{"h":3.0,"on_route":false},"geometry":{"type":"Polygon","coordinates":[[[6.980256,4.814689],[6.980273,4.814674],[6.980313,4.81472],[6.980296,4.814735],[6.980341,4.814787],[6.980276,4.814843],[6.980264,4.814829],[6.980223,4.814864],[6.980122,4.814747],[6.98017,4.814706],[6.980167,4.814703],[6.980226,4.814653],[6.980256,4.814689]]]}},{"type":"Feature","properties":{"h":3.0,"on_route":false},"geometry":{"type":"Polygon","coordinates":[[[6.9831,4.812629],[6.982976,4.812814],[6.98285,4.81273],[6.982974,4.812545],[6.9831,4.812629]]]}},{"type":"Feature","properties":{"h":3.0,"on_route":false},"geometry":{"type":"Polygon","coordinates":[[[6.97906,4.815586],[6.979031,4.815649],[6.978972,4.815622],[6.979,4.815559],[6.97906,4.815586]]]}},{"type":"Feature","properties":{"h":3.0,"on_route":false},"geometry":{"type":"Polygon","coordinates":[[[6.982372,4.816557],[6.982548,4.816582],[6.982551,4.81656],[6.98265,4.816574],[6.982639,4.816654],[6.982364,4.816615],[6.982372,4.816557]]]}},{"type":"Feature","properties":{"h":3.0,"on_route":false},"geometry":{"type":"Polygon","coordinates":[[[6.980594,4.815594],[6.98059,4.815649],[6.980546,4.815646],[6.98055,4.81559],[6.980594,4.815594]]]}},{"type":"Feature","properties":{"h":3.0,"on_route":false},"geometry":{"type":"Polygon","coordinates":[[[6.979275,4.815543],[6.979231,4.815626],[6.97911,4.815562],[6.979154,4.815479],[6.979275,4.815543]]]}},{"type":"Feature","properties":{"h":3.0,"on_route":false},"geometry":{"type":"Polygon","coordinates":[[[6.979103,4.813744],[6.979099,4.81388],[6.979005,4.813877],[6.979008,4.813741],[6.979103,4.813744]]]}},{"type":"Feature","properties":{"h":3.0,"on_route":false},"geometry":{"type":"Polygon","coordinates":[[[6.982039,4.818117],[6.982018,4.818181],[6.981967,4.818164],[6.981989,4.8181],[6.982039,4.818117]]]}},{"type":"Feature","properties":{"h":3.0,"on_route":false},"geometry":{"type":"Polygon","coordinates":[[[6.980466,4.815141],[6.980457,4.815201],[6.980407,4.815193],[6.980416,4.815134],[6.980466,4.815141]]]}},{"type":"Feature","properties":{"h":3.0,"on_route":false},"geometry":{"type":"Polygon","coordinates":[[[6.978961,4.816282],[6.978945,4.816321],[6.978883,4.816296],[6.978899,4.816256],[6.978961,4.816282]]]}},{"type":"Feature","properties":{"h":3.0,"on_route":false},"geometry":{"type":"Polygon","coordinates":[[[6.982379,4.816313],[6.982377,4.816331],[6.982403,4.816335],[6.982397,4.816381],[6.982307,4.816368],[6.982316,4.816304],[6.982379,4.816313]]]}},{"type":"Feature","properties":{"h":3.0,"on_route":false},"geometry":{"type":"Polygon","coordinates":[[[6.981911,4.813218],[6.981805,4.813403],[6.981751,4.813372],[6.981857,4.813187],[6.981911,4.813218]]]}},{"type":"Feature","properties":{"h":3.0,"on_route":false},"geometry":{"type":"Polygon","coordinates":[[[6.984227,4.816074],[6.984206,4.81607],[6.984179,4.816196],[6.983953,4.816147],[6.983893,4.81642],[6.983782,4.816396],[6.983841,4.816122],[6.983859,4.816126],[6.983874,4.816058],[6.983856,4.816054],[6.983868,4.815996],[6.98398,4.81602],[6.983987,4.815988],[6.984234,4.816041],[6.984227,4.816074]]]}},{"type":"Feature","properties":{"h":3.0,"on_route":false},"geometry":{"type":"Polygon","coordinates":[[[6.980159,4.817332],[6.980105,4.817467],[6.979955,4.817406],[6.980009,4.817271],[6.980159,4.817332]]]}},{"type":"Feature","properties":{"h":3.0,"on_route":false},"geometry":{"type":"Polygon","coordinates":[[[6.984472,4.810594],[6.984442,4.810678],[6.984371,4.810653],[6.9844,4.810569],[6.984472,4.810594]]]}},{"type":"Feature","properties":{"h":3.0,"on_route":false},"geometry":{"type":"Polygon","coordinates":[[[6.982081,4.810317],[6.982037,4.810435],[6.981845,4.810365],[6.981888,4.810246],[6.982081,4.810317]]]}},{"type":"Feature","properties":{"h":3.0,"on_route":false},"geometry":{"type":"Polygon","coordinates":[[[6.980921,4.81388],[6.980913,4.81396],[6.980946,4.813963],[6.98094,4.81402],[6.980813,4.814007],[6.980827,4.81387],[6.980921,4.81388]]]}},{"type":"Feature","properties":{"h":3.0,"on_route":false},"geometry":{"type":"Polygon","coordinates":[[[6.984235,4.81113],[6.984219,4.811202],[6.984172,4.811191],[6.984157,4.811261],[6.984107,4.81125],[6.984114,4.811217],[6.984068,4.811207],[6.984092,4.811099],[6.984235,4.81113]]]}},{"type":"Feature","properties":{"h":3.0,"on_route":false},"geometry":{"type":"Polygon","coordinates":[[[6.980882,4.814318],[6.980879,4.81435],[6.980927,4.814355],[6.980923,4.814402],[6.980945,4.814404],[6.980935,4.814515],[6.980746,4.814498],[6.980756,4.814387],[6.98078,4.81439],[6.980787,4.81431],[6.980882,4.814318]]]}},{"type":"Feature","properties":{"h":3.0,"on_route":false},"geometry":{"type":"Polygon","coordinates":[[[6.980581,4.811403],[6.980559,4.811428],[6.980537,4.811408],[6.980516,4.811432],[6.980465,4.811387],[6.980509,4.811338],[6.980581,4.811403]]]}},{"type":"Feature","properties":{"h":3.0,"on_route":false},"geometry":{"type":"Polygon","coordinates":[[[6.979875,4.812652],[6.97987,4.812706],[6.979749,4.812695],[6.979753,4.812641],[6.979875,4.812652]]]}},{"type":"Feature","properties":{"h":3.0,"on_route":false},"geometry":{"type":"Polygon","coordinates":[[[6.979951,4.815199],[6.979806,4.815213],[6.979783,4.814977],[6.979928,4.814962],[6.979951,4.815199]]]}},{"type":"Feature","properties":{"h":3.0,"on_route":false},"geometry":{"type":"Polygon","coordinates":[[[6.982816,4.81274],[6.982756,4.8127],[6.982826,4.812594],[6.982886,4.812635],[6.982816,4.81274]]]}},{"type":"Feature","properties":{"h":3.0,"on_route":false},"geometry":{"type":"Polygon","coordinates":[[[6.982293,4.818202],[6.982275,4.818297],[6.982184,4.818279],[6.982201,4.818185],[6.982293,4.818202]]]}},{"type":"Feature","properties":{"h":3.0,"on_route":false},"geometry":{"type":"Polygon","coordinates":[[[6.983593,4.813325],[6.983601,4.813301],[6.98375,4.813351],[6.983688,4.813536],[6.983493,4.813471],[6.983547,4.81331],[6.983593,4.813325]]]}},{"type":"Feature","properties":{"h":3.0,"on_route":false},"geometry":{"type":"Polygon","coordinates":[[[6.984023,4.817902],[6.983964,4.818067],[6.98428,4.818182],[6.984292,4.818147],[6.984402,4.818187],[6.984199,4.81875],[6.984089,4.81871],[6.984102,4.818674],[6.983786,4.81856],[6.983745,4.818675],[6.983648,4.81864],[6.983773,4.818295],[6.98383,4.818316],[6.983851,4.818259],[6.983793,4.818238],[6.983904,4.81793],[6.983962,4.817951],[6.983984,4.817888],[6.984023,4.817902]]]}},{"type":"Feature","properties":{"h":3.0,"on_route":false},"geometry":{"type":"Polygon","coordinates":[[[6.981194,4.818006],[6.981188,4.818123],[6.981078,4.818118],[6.981084,4.818],[6.981194,4.818006]]]}},{"type":"Feature","properties":{"h":3.0,"on_route":false},"geometry":{"type":"Polygon","coordinates":[[[6.98524,4.813615],[6.985222,4.813702],[6.985116,4.81368],[6.985133,4.813593],[6.98524,4.813615]]]}},{"type":"Feature","properties":{"h":3.0,"on_route":false},"geometry":{"type":"Polygon","coordinates":[[[6.981488,4.817527],[6.981452,4.817787],[6.981356,4.817774],[6.98139,4.817528],[6.981437,4.817534],[6.981439,4.81752],[6.981488,4.817527]]]}},{"type":"Feature","properties":{"h":3.0,"on_route":false},"geometry":{"type":"Polygon","coordinates":[[[6.979509,4.813123],[6.979845,4.813214],[6.979826,4.813285],[6.97949,4.813193],[6.979509,4.813123]]]}},{"type":"Feature","properties":{"h":3.0,"on_route":false},"geometry":{"type":"Polygon","coordinates":[[[6.979122,4.812799],[6.979013,4.812807],[6.979009,4.812754],[6.979118,4.812746],[6.979122,4.812799]]]}},{"type":"Feature","properties":{"h":3.0,"on_route":false},"geometry":{"type":"Polygon","coordinates":[[[6.982116,4.81435],[6.981999,4.814323],[6.982123,4.813797],[6.98224,4.813825],[6.982116,4.81435]]]}},{"type":"Feature","properties":{"h":3.0,"on_route":false},"geometry":{"type":"Polygon","coordinates":[[[6.983744,4.812171],[6.983729,4.812253],[6.983673,4.812243],[6.983689,4.81216],[6.983744,4.812171]]]}},{"type":"Feature","properties":{"h":3.0,"on_route":false},"geometry":{"type":"Polygon","coordinates":[[[6.980748,4.81389],[6.980746,4.813908],[6.980799,4.813914],[6.980788,4.814009],[6.980595,4.813986],[6.980609,4.813873],[6.980748,4.81389]]]}},{"type":"Feature","properties":{"h":3.0,"on_route":false},"geometry":{"type":"Polygon","coordinates":[[[6.981432,4.816576],[6.98141,4.816628],[6.981309,4.816585],[6.981331,4.816533],[6.981432,4.816576]]]}},{"type":"Feature","properties":{"h":3.0,"on_route":false},"geometry":{"type":"Polygon","coordinates":[[[6.9803,4.814947],[6.980297,4.814999],[6.980245,4.814997],[6.980247,4.814945],[6.9803,4.814947]]]}},{"type":"Feature","properties":{"h":3.0,"on_route":false},"geometry":{"type":"Polygon","coordinates":[[[6.978865,4.812184],[6.978874,4.812327],[6.978811,4.812331],[6.978802,4.812188],[6.978865,4.812184]]]}},{"type":"Feature","properties":{"h":3.0,"on_route":false},"geometry":{"type":"Polygon","coordinates":[[[6.979456,4.811845],[6.979454,4.811926],[6.979414,4.811925],[6.979416,4.811844],[6.979456,4.811845]]]}},{"type":"Feature","properties":{"h":3.0,"on_route":false},"geometry":{"type":"Polygon","coordinates":[[[6.981463,4.815954],[6.981456,4.816011],[6.981389,4.816003],[6.981397,4.815946],[6.981463,4.815954]]]}},{"type":"Feature","properties":{"h":3.0,"on_route":false},"geometry":{"type":"Polygon","coordinates":[[[6.979871,4.814408],[6.979897,4.814674],[6.979663,4.814698],[6.979645,4.814514],[6.979741,4.814505],[6.979739,4.814478],[6.979762,4.814475],[6.979756,4.814419],[6.979871,4.814408]]]}},{"type":"Feature","properties":{"h":3.0,"on_route":false},"geometry":{"type":"Polygon","coordinates":[[[6.982681,4.810375],[6.98265,4.810448],[6.982603,4.810428],[6.982634,4.810355],[6.982681,4.810375]]]}},{"type":"Feature","properties":{"h":3.0,"on_route":false},"geometry":{"type":"Polygon","coordinates":[[[6.982072,4.815798],[6.982051,4.815912],[6.981843,4.815873],[6.981864,4.815759],[6.982072,4.815798]]]}},{"type":"Feature","properties":{"h":3.0,"on_route":false},"geometry":{"type":"Polygon","coordinates":[[[6.978542,4.813176],[6.978523,4.813296],[6.978478,4.813289],[6.978498,4.813168],[6.978542,4.813176]]]}},{"type":"Feature","properties":{"h":3.0,"on_route":false},"geometry":{"type":"Polygon","coordinates":[[[6.986254,4.812466],[6.986252,4.812485],[6.986292,4.812488],[6.986285,4.812569],[6.986407,4.812579],[6.9864,4.812664],[6.986278,4.812654],[6.986272,4.812727],[6.986188,4.81272],[6.986209,4.812462],[6.986254,4.812466]]]}},{"type":"Feature","properties":{"h":3.0,"on_route":false},"geometry":{"type":"Polygon","coordinates":[[[6.98195,4.81451],[6.981941,4.814595],[6.981521,4.81455],[6.98153,4.814465],[6.98195,4.81451]]]}},{"type":"Feature","properties":{"h":3.0,"on_route":false},"geometry":{"type":"Polygon","coordinates":[[[6.984106,4.81305],[6.984132,4.813057],[6.984113,4.813131],[6.98416,4.813143],[6.984056,4.813538],[6.983923,4.813503],[6.984053,4.813009],[6.984113,4.813025],[6.984106,4.81305]]]}},{"type":"Feature","properties":{"h":3.0,"on_route":false},"geometry":{"type":"Polygon","coordinates":[[[6.982032,4.817291],[6.982018,4.817348],[6.981804,4.817297],[6.981817,4.81724],[6.982032,4.817291]]]}},{"type":"Feature","properties":{"h":3.0,"on_route":false},"geometry":{"type":"Polygon","coordinates":[[[6.9813,4.812245],[6.981336,4.812201],[6.981545,4.812374],[6.981488,4.812443],[6.981263,4.812256],[6.981283,4.812231],[6.9813,4.812245]]]}},{"type":"Feature","properties":{"h":3.0,"on_route":false},"geometry":{"type":"Polygon","coordinates":[[[6.979256,4.811269],[6.979296,4.811175],[6.979512,4.811268],[6.979472,4.811361],[6.979347,4.811307],[6.979336,4.811333],[6.979218,4.811283],[6.979229,4.811257],[6.979256,4.811269]]]}},{"type":"Feature","properties":{"h":3.0,"on_route":false},"geometry":{"type":"Polygon","coordinates":[[[6.980652,4.816093],[6.980648,4.816152],[6.980585,4.816147],[6.980589,4.816088],[6.980652,4.816093]]]}},{"type":"Feature","properties":{"h":3.0,"on_route":false},"geometry":{"type":"Polygon","coordinates":[[[6.979525,4.812492],[6.97952,4.812592],[6.979461,4.812589],[6.979466,4.812489],[6.979525,4.812492]]]}},{"type":"Feature","properties":{"h":3.0,"on_route":false},"geometry":{"type":"Polygon","coordinates":[[[6.982777,4.816302],[6.982766,4.816369],[6.982524,4.816331],[6.982535,4.816264],[6.982777,4.816302]]]}},{"type":"Feature","properties":{"h":3.0,"on_route":false},"geometry":{"type":"Polygon","coordinates":[[[6.979787,4.817515],[6.979677,4.817529],[6.979665,4.817427],[6.979775,4.817413],[6.979787,4.817515]]]}},{"type":"Feature","properties":{"h":3.0,"on_route":false},"geometry":{"type":"Polygon","coordinates":[[[6.980269,4.813869],[6.980249,4.81395],[6.980286,4.813959],[6.980259,4.814069],[6.980067,4.814022],[6.980113,4.813831],[6.980269,4.813869]]]}},{"type":"Feature","properties":{"h":3.0,"on_route":false},"geometry":{"type":"Polygon","coordinates":[[[6.981953,4.81277],[6.981929,4.812819],[6.98186,4.812786],[6.981883,4.812737],[6.981953,4.81277]]]}},{"type":"Feature","properties":{"h":3.0,"on_route":false},"geometry":{"type":"Polygon","coordinates":[[[6.985345,4.817019],[6.985326,4.817077],[6.985295,4.817067],[6.985313,4.817009],[6.985345,4.817019]]]}},{"type":"Feature","properties":{"h":3.0,"on_route":true},"geometry":{"type":"Polygon","coordinates":[[[6.984617,4.814844],[6.984598,4.814927],[6.984547,4.814915],[6.984538,4.814956],[6.984468,4.81494],[6.984477,4.814899],[6.984409,4.814884],[6.984428,4.814801],[6.984617,4.814844]]]}},{"type":"Feature","properties":{"h":3.0,"on_route":false},"geometry":{"type":"Polygon","coordinates":[[[6.983447,4.811585],[6.983434,4.811694],[6.983347,4.811684],[6.98336,4.811575],[6.983447,4.811585]]]}},{"type":"Feature","properties":{"h":3.0,"on_route":false},"geometry":{"type":"Polygon","coordinates":[[[6.981645,4.818143],[6.98164,4.818206],[6.981536,4.818196],[6.981542,4.818133],[6.981645,4.818143]]]}},{"type":"Feature","properties":{"h":3.0,"on_route":false},"geometry":{"type":"Polygon","coordinates":[[[6.979467,4.813758],[6.979462,4.813912],[6.979355,4.813908],[6.979361,4.813755],[6.979467,4.813758]]]}},{"type":"Feature","properties":{"h":3.0,"on_route":false},"geometry":{"type":"Polygon","coordinates":[[[6.98144,4.817316],[6.981437,4.81737],[6.981391,4.817367],[6.981394,4.817313],[6.98144,4.817316]]]}},{"type":"Feature","properties":{"h":3.0,"on_route":false},"geometry":{"type":"Polygon","coordinates":[[[6.984467,4.810536],[6.984456,4.810583],[6.984404,4.81057],[6.984415,4.810524],[6.984467,4.810536]]]}},{"type":"Feature","properties":{"h":3.0,"on_route":false},"geometry":{"type":"Polygon","coordinates":[[[6.983925,4.812595],[6.98387,4.812772],[6.983779,4.812744],[6.983834,4.812567],[6.983925,4.812595]]]}},{"type":"Feature","properties":{"h":3.0,"on_route":false},"geometry":{"type":"Polygon","coordinates":[[[6.984162,4.815575],[6.98473,4.815692],[6.984712,4.815781],[6.984248,4.815686],[6.984239,4.81573],[6.984135,4.815709],[6.984162,4.815575]]]}},{"type":"Feature","properties":{"h":3.0,"on_route":false},"geometry":{"type":"Polygon","coordinates":[[[6.980572,4.812866],[6.980569,4.812892],[6.980599,4.812896],[6.980593,4.812951],[6.980454,4.812936],[6.980464,4.812854],[6.980572,4.812866]]]}},{"type":"Feature","properties":{"h":3.0,"on_route":false},"geometry":{"type":"Polygon","coordinates":[[[6.981857,4.813163],[6.981767,4.813313],[6.981658,4.813247],[6.981678,4.813213],[6.981638,4.813189],[6.981676,4.813126],[6.981694,4.813138],[6.981727,4.813083],[6.981857,4.813163]]]}},{"type":"Feature","properties":{"h":3.0,"on_route":false},"geometry":{"type":"Polygon","coordinates":[[[6.981937,4.8121],[6.981928,4.812128],[6.98181,4.812091],[6.981819,4.812063],[6.981937,4.8121]]]}},{"type":"Feature","properties":{"h":3.0,"on_route":false},"geometry":{"type":"Polygon","coordinates":[[[6.982,4.811356],[6.981986,4.811402],[6.981955,4.811392],[6.981969,4.811347],[6.982,4.811356]]]}},{"type":"Feature","properties":{"h":3.0,"on_route":false},"geometry":{"type":"Polygon","coordinates":[[[6.982279,4.817149],[6.982257,4.817198],[6.982155,4.817151],[6.982142,4.817181],[6.982105,4.817164],[6.982141,4.817085],[6.982279,4.817149]]]}},{"type":"Feature","properties":{"h":3.0,"on_route":false},"geometry":{"type":"Polygon","coordinates":[[[6.985314,4.816489],[6.98531,4.81652],[6.985282,4.816515],[6.985287,4.816485],[6.985314,4.816489]]]}},{"type":"Feature","properties":{"h":3.0,"on_route":false},"geometry":{"type":"Polygon","coordinates":[[[6.983035,4.813035],[6.983002,4.813107],[6.982959,4.813088],[6.982993,4.813016],[6.983035,4.813035]]]}},{"type":"Feature","properties":{"h":3.0,"on_route":false},"geometry":{"type":"Polygon","coordinates":[[[6.981482,4.818034],[6.981476,4.818132],[6.981354,4.818123],[6.981361,4.818026],[6.981482,4.818034]]]}},{"type":"Feature","properties":{"h":3.0,"on_route":false},"geometry":{"type":"Polygon","coordinates":[[[6.985045,4.810896],[6.984992,4.811127],[6.984899,4.811105],[6.984953,4.810874],[6.985045,4.810896]]]}},{"type":"Feature","properties":{"h":3.0,"on_route":false},"geometry":{"type":"Polygon","coordinates":[[[6.982826,4.81144],[6.982799,4.811544],[6.982721,4.811524],[6.982749,4.81142],[6.982826,4.81144]]]}},{"type":"Feature","properties":{"h":3.0,"on_route":false},"geometry":{"type":"Polygon","coordinates":[[[6.98333,4.810846],[6.983326,4.810922],[6.983263,4.810919],[6.983266,4.810843],[6.98333,4.810846]]]}},{"type":"Feature","properties":{"h":3.0,"on_route":false},"geometry":{"type":"Polygon","coordinates":[[[6.982502,4.817134],[6.982484,4.81718],[6.982276,4.817098],[6.982294,4.817051],[6.982502,4.817134]]]}},{"type":"Feature","properties":{"h":3.0,"on_route":false},"geometry":{"type":"Polygon","coordinates":[[[6.979355,4.816943],[6.979334,4.816996],[6.97937,4.81701],[6.979321,4.817134],[6.97926,4.81711],[6.979273,4.817077],[6.979216,4.817054],[6.979255,4.816955],[6.979281,4.816965],[6.979298,4.816921],[6.979355,4.816943]]]}},{"type":"Feature","properties":{"h":3.0,"on_route":false},"geometry":{"type":"Polygon","coordinates":[[[6.981071,4.811454],[6.981092,4.811466],[6.981071,4.811503],[6.981093,4.811515],[6.981069,4.811558],[6.980975,4.811505],[6.981063,4.811349],[6.981114,4.811377],[6.981071,4.811454]]]}},{"type":"Feature","properties":{"h":3.0,"on_route":false},"geometry":{"type":"Polygon","coordinates":[[[6.983015,4.810232],[6.98303,4.810189],[6.983185,4.810246],[6.983144,4.810361],[6.983096,4.810343],[6.983089,4.810362],[6.982968,4.810318],[6.983001,4.810227],[6.983015,4.810232]]]}},{"type":"Feature","properties":{"h":3.0,"on_route":false},"geometry":{"type":"Polygon","coordinates":[[[6.985195,4.816573],[6.985185,4.816623],[6.985106,4.816606],[6.985116,4.816556],[6.985195,4.816573]]]}},{"type":"Feature","properties":{"h":3.0,"on_route":false},"geometry":{"type":"Polygon","coordinates":[[[6.979914,4.816241],[6.979856,4.816346],[6.979659,4.816237],[6.979717,4.816132],[6.979914,4.816241]]]}},{"type":"Feature","properties":{"h":3.0,"on_route":false},"geometry":{"type":"Polygon","coordinates":[[[6.980389,4.816329],[6.980189,4.816341],[6.980183,4.81623],[6.980383,4.816219],[6.980389,4.816329]]]}},{"type":"Feature","properties":{"h":3.0,"on_route":false},"geometry":{"type":"Polygon","coordinates":[[[6.981026,4.812],[6.980943,4.812116],[6.980895,4.812082],[6.980948,4.812007],[6.980922,4.811989],[6.980952,4.811947],[6.981026,4.812]]]}},{"type":"Feature","properties":{"h":3.0,"on_route":false},"geometry":{"type":"Polygon","coordinates":[[[6.982886,4.812382],[6.982808,4.812599],[6.982716,4.812566],[6.982795,4.812349],[6.982886,4.812382]]]}},{"type":"Feature","properties":{"h":3.0,"on_route":false},"geometry":{"type":"Polygon","coordinates":[[[6.98176,4.817564],[6.981725,4.817807],[6.981634,4.817794],[6.981669,4.817551],[6.98176,4.817564]]]}},{"type":"Feature","properties":{"h":3.0,"on_route":false},"geometry":{"type":"Polygon","coordinates":[[[6.979703,4.812601],[6.979675,4.812599],[6.979678,4.812533],[6.979706,4.812534],[6.979703,4.812601]]]}},{"type":"Feature","properties":{"h":3.0,"on_route":false},"geometry":{"type":"Polygon","coordinates":[[[6.980972,4.812591],[6.981051,4.812645],[6.981031,4.812674],[6.980953,4.812619],[6.980972,4.812591]]]}},{"type":"Feature","properties":{"h":3.0,"on_route":false},"geometry":{"type":"Polygon","coordinates":[[[6.983018,4.818494],[6.982995,4.818554],[6.982909,4.818521],[6.982933,4.818461],[6.983018,4.818494]]]}},{"type":"Feature","properties":{"h":3.0,"on_route":false},"geometry":{"type":"Polygon","coordinates":[[[6.980929,4.816867],[6.980962,4.816869],[6.980952,4.816996],[6.980917,4.816993],[6.980924,4.81689],[6.980927,4.81689],[6.980929,4.816867]]]}},{"type":"Feature","properties":{"h":3.0,"on_route":false},"geometry":{"type":"Polygon","coordinates":[[[6.982272,4.811666],[6.982255,4.811744],[6.982196,4.81173],[6.982213,4.811653],[6.982272,4.811666]]]}},{"type":"Feature","properties":{"h":3.0,"on_route":false},"geometry":{"type":"Polygon","coordinates":[[[6.982636,4.812331],[6.982594,4.812487],[6.982418,4.812439],[6.982444,4.812344],[6.982466,4.81235],[6.982482,4.812289],[6.982636,4.812331]]]}},{"type":"Feature","properties":{"h":3.0,"on_route":false},"geometry":{"type":"Polygon","coordinates":[[[6.981082,4.814706],[6.981088,4.814668],[6.981332,4.814709],[6.981313,4.814821],[6.981042,4.814775],[6.981055,4.814702],[6.981082,4.814706]]]}},{"type":"Feature","properties":{"h":3.0,"on_route":false},"geometry":{"type":"Polygon","coordinates":[[[6.983448,4.817257],[6.983441,4.817295],[6.983373,4.817284],[6.98338,4.817246],[6.983448,4.817257]]]}},{"type":"Feature","properties":{"h":3.0,"on_route":false},"geometry":{"type":"Polygon","coordinates":[[[6.980837,4.813776],[6.980825,4.813893],[6.980685,4.813878],[6.980698,4.813761],[6.980837,4.813776]]]}},{"type":"Feature","properties":{"h":3.0,"on_route":false},"geometry":{"type":"Polygon","coordinates":[[[6.981025,4.812097],[6.980986,4.812143],[6.980953,4.812116],[6.980992,4.812069],[6.981025,4.812097]]]}},{"type":"Feature","properties":{"h":3.0,"on_route":false},"geometry":{"type":"Polygon","coordinates":[[[6.986213,4.813385],[6.986211,4.813425],[6.986165,4.813423],[6.986166,4.813383],[6.986213,4.813385]]]}},{"type":"Feature","properties":{"h":3.0,"on_route":false},"geometry":{"type":"Polygon","coordinates":[[[6.981852,4.817579],[6.981835,4.817684],[6.981742,4.81767],[6.981759,4.817565],[6.981852,4.817579]]]}},{"type":"Feature","properties":{"h":3.0,"on_route":false},"geometry":{"type":"Polygon","coordinates":[[[6.9821,4.81607],[6.982064,4.816203],[6.981947,4.816171],[6.981984,4.816038],[6.9821,4.81607]]]}},{"type":"Feature","properties":{"h":3.0,"on_route":false},"geometry":{"type":"Polygon","coordinates":[[[6.981809,4.818166],[6.981769,4.818306],[6.981685,4.818282],[6.981724,4.818142],[6.981809,4.818166]]]}},{"type":"Feature","properties":{"h":3.0,"on_route":false},"geometry":{"type":"Polygon","coordinates":[[[6.980557,4.815507],[6.98055,4.81559],[6.980459,4.815583],[6.980466,4.8155],[6.980557,4.815507]]]}},{"type":"Feature","properties":{"h":3.0,"on_route":false},"geometry":{"type":"Polygon","coordinates":[[[6.978734,4.812635],[6.978536,4.812649],[6.978529,4.812534],[6.978727,4.81252],[6.978734,4.812635]]]}},{"type":"Feature","properties":{"h":3.0,"on_route":false},"geometry":{"type":"Polygon","coordinates":[[[6.981356,4.815958],[6.98134,4.816114],[6.981251,4.816105],[6.981267,4.815948],[6.981356,4.815958]]]}},{"type":"Feature","properties":{"h":3.0,"on_route":false},"geometry":{"type":"Polygon","coordinates":[[[6.98235,4.816636],[6.98233,4.816706],[6.982369,4.816717],[6.982358,4.816757],[6.982225,4.81672],[6.982255,4.81661],[6.98235,4.816636]]]}},{"type":"Feature","properties":{"h":3.0,"on_route":false},"geometry":{"type":"Polygon","coordinates":[[[6.983417,4.817107],[6.983413,4.817142],[6.983372,4.817137],[6.983376,4.817102],[6.983417,4.817107]]]}},{"type":"Feature","properties":{"h":3.0,"on_route":false},"geometry":{"type":"Polygon","coordinates":[[[6.980649,4.81788],[6.980644,4.817962],[6.980611,4.817959],[6.980616,4.817877],[6.980649,4.81788]]]}},{"type":"Feature","properties":{"h":3.0,"on_route":false},"geometry":{"type":"Polygon","coordinates":[[[6.983855,4.810355],[6.983836,4.81039],[6.983785,4.810362],[6.983805,4.810327],[6.983855,4.810355]]]}},{"type":"Feature","properties":{"h":3.0,"on_route":false},"geometry":{"type":"Polygon","coordinates":[[[6.982576,4.81751],[6.982542,4.817498],[6.982551,4.817471],[6.982585,4.817483],[6.982576,4.81751]]]}},{"type":"Feature","properties":{"h":3.0,"on_route":false},"geometry":{"type":"Polygon","coordinates":[[[6.983116,4.811475],[6.983104,4.811546],[6.983023,4.811532],[6.983034,4.811461],[6.983116,4.811475]]]}},{"type":"Feature","properties":{"h":3.0,"on_route":false},"geometry":{"type":"Polygon","coordinates":[[[6.981916,4.818561],[6.981904,4.818662],[6.981814,4.818652],[6.981826,4.81855],[6.981916,4.818561]]]}},{"type":"Feature","properties":{"h":3.0,"on_route":false},"geometry":{"type":"Polygon","coordinates":[[[6.980459,4.816624],[6.980457,4.816659],[6.98043,4.816658],[6.980427,4.816741],[6.980299,4.816737],[6.980304,4.816618],[6.980459,4.816624]]]}},{"type":"Feature","properties":{"h":3.0,"on_route":false},"geometry":{"type":"Polygon","coordinates":[[[6.982416,4.811333],[6.982422,4.811311],[6.982715,4.811388],[6.982682,4.811514],[6.982367,4.811432],[6.982394,4.811327],[6.982416,4.811333]]]}},{"type":"Feature","properties":{"h":3.0,"on_route":false},"geometry":{"type":"Polygon","coordinates":[[[6.981433,4.817067],[6.981413,4.817209],[6.981275,4.81719],[6.981281,4.817144],[6.981301,4.817147],[6.981315,4.817049],[6.981433,4.817067]]]}},{"type":"Feature","properties":{"h":3.0,"on_route":false},"geometry":{"type":"Polygon","coordinates":[[[6.978793,4.813301],[6.978794,4.813278],[6.978825,4.813279],[6.978823,4.813331],[6.978772,4.813329],[6.978773,4.813301],[6.978793,4.813301]]]}},{"type":"Feature","properties":{"h":3.0,"on_route":false},"geometry":{"type":"Polygon","coordinates":[[[6.984375,4.810639],[6.984363,4.810673],[6.984238,4.810629],[6.98425,4.810594],[6.984375,4.810639]]]}},{"type":"Feature","properties":{"h":3.0,"on_route":false},"geometry":{"type":"Polygon","coordinates":[[[6.982021,4.813203],[6.981989,4.813184],[6.982014,4.81314],[6.982047,4.813159],[6.982021,4.813203]]]}},{"type":"Feature","properties":{"h":3.0,"on_route":false},"geometry":{"type":"Polygon","coordinates":[[[6.980681,4.816749],[6.980442,4.816746],[6.980442,4.816708],[6.980472,4.816708],[6.980473,4.816643],[6.980682,4.816645],[6.980681,4.816749]]]}},{"type":"Feature","properties":{"h":3.0,"on_route":false},"geometry":{"type":"Polygon","coordinates":[[[6.979121,4.81236],[6.9791,4.812361],[6.979102,4.812388],[6.979076,4.812389],[6.979079,4.81245],[6.978886,4.812461],[6.978879,4.812346],[6.979119,4.812332],[6.979121,4.81236]]]}},{"type":"Feature","properties":{"h":3.0,"on_route":false},"geometry":{"type":"Polygon","coordinates":[[[6.982494,4.811818],[6.982486,4.811855],[6.982376,4.811832],[6.982384,4.811795],[6.982494,4.811818]]]}},{"type":"Feature","properties":{"h":3.0,"on_route":false},"geometry":{"type":"Polygon","coordinates":[[[6.982143,4.817015],[6.982097,4.817003],[6.982122,4.816912],[6.982168,4.816925],[6.982143,4.817015]]]}},{"type":"Feature","properties":{"h":3.0,"on_route":false},"geometry":{"type":"Polygon","coordinates":[[[6.984374,4.813208],[6.984362,4.813262],[6.984249,4.813238],[6.98426,4.813184],[6.984374,4.813208]]]}},{"type":"Feature","properties":{"h":3.0,"on_route":false},"geometry":{"type":"Polygon","coordinates":[[[6.978437,4.815056],[6.978383,4.81507],[6.978365,4.815002],[6.978419,4.814987],[6.978437,4.815056]]]}},{"type":"Feature","properties":{"h":3.0,"on_route":false},"geometry":{"type":"Polygon","coordinates":[[[6.980361,4.818098],[6.980354,4.818137],[6.980265,4.818121],[6.980272,4.818082],[6.980361,4.818098]]]}},{"type":"Feature","properties":{"h":3.0,"on_route":false},"geometry":{"type":"Polygon","coordinates":[[[6.980584,4.815667],[6.980575,4.815781],[6.98042,4.815769],[6.980429,4.815655],[6.980584,4.815667]]]}},{"type":"Feature","properties":{"h":3.0,"on_route":false},"geometry":{"type":"Polygon","coordinates":[[[6.983011,4.810088],[6.982982,4.810174],[6.98289,4.810142],[6.982919,4.810057],[6.983011,4.810088]]]}},{"type":"Feature","properties":{"h":3.0,"on_route":false},"geometry":{"type":"Polygon","coordinates":[[[6.986218,4.813563],[6.986171,4.813572],[6.986158,4.813505],[6.986205,4.813496],[6.986218,4.813563]]]}},{"type":"Feature","properties":{"h":3.0,"on_route":false},"geometry":{"type":"Polygon","coordinates":[[[6.979985,4.811231],[6.979961,4.81142],[6.979821,4.811403],[6.979845,4.811213],[6.979985,4.811231]]]}},{"type":"Feature","properties":{"h":3.0,"on_route":false},"geometry":{"type":"Polygon","coordinates":[[[6.98118,4.814624],[6.981175,4.814663],[6.981138,4.814658],[6.981143,4.814619],[6.98118,4.814624]]]}},{"type":"Feature","properties":{"h":3.0,"on_route":false},"geometry":{"type":"Polygon","coordinates":[[[6.978815,4.812659],[6.978817,4.812691],[6.978676,4.812698],[6.978674,4.812666],[6.978815,4.812659]]]}},{"type":"Feature","properties":{"h":3.0,"on_route":false},"geometry":{"type":"Polygon","coordinates":[[[6.981946,4.816462],[6.981896,4.816606],[6.981763,4.816559],[6.981813,4.816415],[6.981946,4.816462]]]}},{"type":"Feature","properties":{"h":3.0,"on_route":false},"geometry":{"type":"Polygon","coordinates":[[[6.979825,4.816762],[6.979789,4.816752],[6.979806,4.816697],[6.979841,4.816707],[6.979825,4.816762]]]}},{"type":"Feature","properties":{"h":3.0,"on_route":false},"geometry":{"type":"Polygon","coordinates":[[[6.984926,4.811304],[6.984874,4.811519],[6.984744,4.811487],[6.984796,4.811272],[6.984926,4.811304]]]}},{"type":"Feature","properties":{"h":3.0,"on_route":false},"geometry":{"type":"Polygon","coordinates":[[[6.984213,4.811829],[6.984204,4.811894],[6.98409,4.811879],[6.984099,4.811814],[6.984213,4.811829]]]}},{"type":"Feature","properties":{"h":3.0,"on_route":false},"geometry":{"type":"Polygon","coordinates":[[[6.980992,4.810317],[6.98085,4.810335],[6.980835,4.810212],[6.980977,4.810194],[6.980992,4.810317]]]}},{"type":"Feature","properties":{"h":3.0,"on_route":false},"geometry":{"type":"Polygon","coordinates":[[[6.982171,4.816351],[6.982158,4.816447],[6.982063,4.816433],[6.982077,4.816337],[6.982171,4.816351]]]}},{"type":"Feature","properties":{"h":3.0,"on_route":false},"geometry":{"type":"Polygon","coordinates":[[[6.982308,4.812404],[6.982335,4.812365],[6.982467,4.812457],[6.982411,4.812537],[6.982264,4.812434],[6.982292,4.812393],[6.982308,4.812404]]]}},{"type":"Feature","properties":{"h":3.0,"on_route":false},"geometry":{"type":"Polygon","coordinates":[[[6.981332,4.812655],[6.981271,4.812737],[6.981024,4.812554],[6.981085,4.812471],[6.981332,4.812655]]]}},{"type":"Feature","properties":{"h":3.0,"on_route":false},"geometry":{"type":"Polygon","coordinates":[[[6.980929,4.815156],[6.98091,4.815331],[6.980812,4.815321],[6.980822,4.815229],[6.980764,4.815222],[6.980754,4.815314],[6.980666,4.815304],[6.980685,4.815129],[6.980929,4.815156]]]}},{"type":"Feature","properties":{"h":3.0,"on_route":false},"geometry":{"type":"Polygon","coordinates":[[[6.979425,4.816869],[6.9794,4.816917],[6.979357,4.816894],[6.979382,4.816847],[6.979425,4.816869]]]}},{"type":"Feature","properties":{"h":3.0,"on_route":false},"geometry":{"type":"Polygon","coordinates":[[[6.983275,4.817919],[6.98312,4.818259],[6.982955,4.818184],[6.983109,4.817843],[6.983275,4.817919]]]}},{"type":"Feature","properties":{"h":3.0,"on_route":false},"geometry":{"type":"Polygon","coordinates":[[[6.985705,4.816271],[6.985693,4.816364],[6.985648,4.816358],[6.985651,4.816332],[6.985585,4.816323],[6.985594,4.816257],[6.985705,4.816271]]]}},{"type":"Feature","properties":{"h":3.0,"on_route":false},"geometry":{"type":"Polygon","coordinates":[[[6.982315,4.81751],[6.982297,4.817562],[6.982223,4.817536],[6.98224,4.817485],[6.982315,4.81751]]]}},{"type":"Feature","properties":{"h":3.0,"on_route":false},"geometry":{"type":"Polygon","coordinates":[[[6.98072,4.81831],[6.980639,4.818323],[6.980627,4.81825],[6.980709,4.818237],[6.98072,4.81831]]]}},{"type":"Feature","properties":{"h":3.0,"on_route":false},"geometry":{"type":"Polygon","coordinates":[[[6.980115,4.814738],[6.980112,4.814847],[6.980062,4.814845],[6.980065,4.814737],[6.980115,4.814738]]]}},{"type":"Feature","properties":{"h":3.0,"on_route":false},"geometry":{"type":"Polygon","coordinates":[[[6.979057,4.813881],[6.979058,4.813922],[6.978995,4.813923],[6.978993,4.813883],[6.979057,4.813881]]]}},{"type":"Feature","properties":{"h":3.0,"on_route":false},"geometry":{"type":"Polygon","coordinates":[[[6.978568,4.813379],[6.978563,4.813407],[6.978587,4.813412],[6.978562,4.813547],[6.978494,4.813535],[6.978524,4.813371],[6.978568,4.813379]]]}},{"type":"Feature","properties":{"h":3.0,"on_route":false},"geometry":{"type":"Polygon","coordinates":[[[6.982688,4.817104],[6.98268,4.817155],[6.982564,4.817136],[6.982572,4.817085],[6.982688,4.817104]]]}},{"type":"Feature","properties":{"h":3.0,"on_route":false},"geometry":{"type":"Polygon","coordinates":[[[6.979952,4.811589],[6.979949,4.811631],[6.979807,4.81162],[6.97981,4.811578],[6.979952,4.811589]]]}},{"type":"Feature","properties":{"h":3.0,"on_route":false},"geometry":{"type":"Polygon","coordinates":[[[6.979919,4.814963],[6.979863,4.814967],[6.979858,4.814894],[6.9797,4.814907],[6.979689,4.814771],[6.979902,4.814754],[6.979919,4.814963]]]}},{"type":"Feature","properties":{"h":3.0,"on_route":false},"geometry":{"type":"Polygon","coordinates":[[[6.980763,4.814583],[6.980753,4.814697],[6.980498,4.814675],[6.980508,4.814561],[6.980763,4.814583]]]}},{"type":"Feature","properties":{"h":3.0,"on_route":false},"geometry":{"type":"Polygon","coordinates":[[[6.979445,4.811452],[6.979394,4.811537],[6.979265,4.81146],[6.979316,4.811375],[6.979445,4.811452]]]}},{"type":"Feature","properties":{"h":3.0,"on_route":false},"geometry":{"type":"Polygon","coordinates":[[[6.983974,4.815364],[6.983969,4.815398],[6.983936,4.815393],[6.983942,4.815359],[6.983974,4.815364]]]}},{"type":"Feature","properties":{"h":3.0,"on_route":false},"geometry":{"type":"Polygon","coordinates":[[[6.984422,4.81111],[6.98441,4.811162],[6.984278,4.811133],[6.98429,4.81108],[6.984422,4.81111]]]}},{"type":"Feature","properties":{"h":3.0,"on_route":false},"geometry":{"type":"Polygon","coordinates":[[[6.985771,4.81329],[6.985774,4.813339],[6.985716,4.813342],[6.985713,4.813293],[6.985771,4.81329]]]}},{"type":"Feature","properties":{"h":3.0,"on_route":false},"geometry":{"type":"Polygon","coordinates":[[[6.982027,4.813656],[6.981985,4.813791],[6.981845,4.813748],[6.981887,4.813613],[6.982027,4.813656]]]}},{"type":"Feature","properties":{"h":3.0,"on_route":false},"geometry":{"type":"Polygon","coordinates":[[[6.983565,4.810971],[6.983542,4.81107],[6.983434,4.811044],[6.983458,4.810945],[6.983565,4.810971]]]}},{"type":"Feature","properties":{"h":3.0,"on_route":false},"geometry":{"type":"Polygon","coordinates":[[[6.982672,4.812023],[6.982608,4.812238],[6.982501,4.812206],[6.982566,4.811991],[6.982672,4.812023]]]}},{"type":"Feature","properties":{"h":3.0,"on_route":false},"geometry":{"type":"Polygon","coordinates":[[[6.980721,4.812183],[6.980729,4.812237],[6.980681,4.812244],[6.980674,4.81219],[6.980721,4.812183]]]}},{"type":"Feature","properties":{"h":3.0,"on_route":false},"geometry":{"type":"Polygon","coordinates":[[[6.981175,4.816869],[6.981165,4.817012],[6.981051,4.817004],[6.981062,4.816861],[6.981175,4.816869]]]}},{"type":"Feature","properties":{"h":3.0,"on_route":false},"geometry":{"type":"Polygon","coordinates":[[[6.982131,4.811641],[6.982104,4.811729],[6.982051,4.811713],[6.982078,4.811624],[6.982131,4.811641]]]}},{"type":"Feature","properties":{"h":3.0,"on_route":false},"geometry":{"type":"Polygon","coordinates":[[[6.981827,4.817689],[6.981835,4.817661],[6.982073,4.817723],[6.98204,4.817851],[6.981777,4.817782],[6.981803,4.817683],[6.981827,4.817689]]]}},{"type":"Feature","properties":{"h":3.0,"on_route":false},"geometry":{"type":"Polygon","coordinates":[[[6.983066,4.81223],[6.983013,4.812382],[6.982911,4.812346],[6.982964,4.812195],[6.983066,4.81223]]]}},{"type":"Feature","properties":{"h":3.0,"on_route":false},"geometry":{"type":"Polygon","coordinates":[[[6.982897,4.815618],[6.982869,4.815743],[6.982643,4.815693],[6.982671,4.815568],[6.982897,4.815618]]]}},{"type":"Feature","properties":{"h":3.0,"on_route":true},"geometry":{"type":"Polygon","coordinates":[[[6.985581,4.814106],[6.985502,4.814521],[6.985346,4.814492],[6.985358,4.814426],[6.985382,4.81443],[6.985402,4.814322],[6.985256,4.814294],[6.985278,4.814179],[6.985424,4.814207],[6.985448,4.81408],[6.985581,4.814106]]]}},{"type":"Feature","properties":{"h":3.0,"on_route":false},"geometry":{"type":"Polygon","coordinates":[[[6.981046,4.813798],[6.981036,4.813892],[6.980827,4.81387],[6.980837,4.813776],[6.981046,4.813798]]]}},{"type":"Feature","properties":{"h":3.0,"on_route":false},"geometry":{"type":"Polygon","coordinates":[[[6.980399,4.816962],[6.980397,4.817014],[6.980315,4.817011],[6.980317,4.816959],[6.980399,4.816962]]]}},{"type":"Feature","properties":{"h":3.0,"on_route":false},"geometry":{"type":"Polygon","coordinates":[[[6.982099,4.816541],[6.982063,4.816643],[6.981902,4.816587],[6.981938,4.816485],[6.982099,4.816541]]]}},{"type":"Feature","properties":{"h":3.0,"on_route":false},"geometry":{"type":"Polygon","coordinates":[[[6.982645,4.8107],[6.982641,4.81071],[6.982698,4.81073],[6.982737,4.810743],[6.982707,4.810827],[6.982558,4.810775],[6.982563,4.810763],[6.98259,4.810772],[6.982618,4.810691],[6.982645,4.8107]]]}},{"type":"Feature","properties":{"h":3.0,"on_route":false},"geometry":{"type":"Polygon","coordinates":[[[6.983722,4.810433],[6.983685,4.810538],[6.983606,4.81051],[6.983643,4.810405],[6.983722,4.810433]]]}},{"type":"Feature","properties":{"h":3.0,"on_route":false},"geometry":{"type":"Polygon","coordinates":[[[6.978262,4.813752],[6.978258,4.813718],[6.978315,4.813712],[6.978319,4.813746],[6.978393,4.813738],[6.97841,4.813897],[6.978228,4.813916],[6.978212,4.813757],[6.978262,4.813752]]]}},{"type":"Feature","properties":{"h":3.0,"on_route":false},"geometry":{"type":"Polygon","coordinates":[[[6.98428,4.811097],[6.984277,4.811131],[6.984226,4.811127],[6.984228,4.811093],[6.98428,4.811097]]]}},{"type":"Feature","properties":{"h":3.0,"on_route":false},"geometry":{"type":"Polygon","coordinates":[[[6.981578,4.81436],[6.98157,4.814431],[6.981389,4.814411],[6.981396,4.81434],[6.981578,4.81436]]]}},{"type":"Feature","properties":{"h":3.0,"on_route":false},"geometry":{"type":"Polygon","coordinates":[[[6.978509,4.814659],[6.978397,4.814678],[6.97838,4.814579],[6.978492,4.814559],[6.978509,4.814659]]]}},{"type":"Feature","properties":{"h":3.0,"on_route":false},"geometry":{"type":"Polygon","coordinates":[[[6.979551,4.815405],[6.979472,4.815448],[6.979447,4.815403],[6.979424,4.815415],[6.979395,4.81536],[6.979496,4.815305],[6.979551,4.815405]]]}},{"type":"Feature","properties":{"h":3.0,"on_route":false},"geometry":{"type":"Polygon","coordinates":[[[6.986284,4.813071],[6.986274,4.813125],[6.986124,4.813099],[6.986134,4.813045],[6.986284,4.813071]]]}},{"type":"Feature","properties":{"h":3.0,"on_route":false},"geometry":{"type":"Polygon","coordinates":[[[6.982861,4.816938],[6.982849,4.817026],[6.982797,4.817019],[6.98281,4.816931],[6.982861,4.816938]]]}},{"type":"Feature","properties":{"h":3.0,"on_route":false},"geometry":{"type":"Polygon","coordinates":[[[6.980721,4.812278],[6.980677,4.812434],[6.980722,4.812446],[6.980693,4.812548],[6.980557,4.81251],[6.98058,4.812431],[6.9806,4.812437],[6.980613,4.812392],[6.980592,4.812386],[6.98063,4.812252],[6.980721,4.812278]]]}},{"type":"Feature","properties":{"h":3.0,"on_route":false},"geometry":{"type":"Polygon","coordinates":[[[6.97913,4.81288],[6.978967,4.812888],[6.978963,4.812816],[6.979127,4.812809],[6.97913,4.81288]]]}},{"type":"Feature","properties":{"h":3.0,"on_route":false},"geometry":{"type":"Polygon","coordinates":[[[6.983855,4.815436],[6.983824,4.815592],[6.983676,4.815562],[6.983707,4.815406],[6.983855,4.815436]]]}},{"type":"Feature","properties":{"h":3.0,"on_route":false},"geometry":{"type":"Polygon","coordinates":[[[6.979884,4.815478],[6.979888,4.815532],[6.979923,4.815529],[6.979931,4.815621],[6.97985,4.815628],[6.979837,4.815483],[6.979884,4.815478]]]}},{"type":"Feature","properties":{"h":3.0,"on_route":false},"geometry":{"type":"Polygon","coordinates":[[[6.982878,4.811237],[6.982826,4.81144],[6.982749,4.81142],[6.982801,4.811217],[6.982878,4.811237]]]}},{"type":"Feature","properties":{"h":3.0,"on_route":false},"geometry":{"type":"Polygon","coordinates":[[[6.984275,4.810927],[6.984248,4.81099],[6.984209,4.810972],[6.984237,4.81091],[6.984275,4.810927]]]}},{"type":"Feature","properties":{"h":3.0,"on_route":false},"geometry":{"type":"Polygon","coordinates":[[[6.979336,4.815409],[6.979277,4.815517],[6.979148,4.815446],[6.979185,4.815378],[6.979155,4.815362],[6.979177,4.815322],[6.979336,4.815409]]]}},{"type":"Feature","properties":{"h":3.0,"on_route":false},"geometry":{"type":"Polygon","coordinates":[[[6.98568,4.813513],[6.985668,4.813601],[6.985614,4.813593],[6.985626,4.813506],[6.98568,4.813513]]]}},{"type":"Feature","properties":{"h":3.0,"on_route":false},"geometry":{"type":"Polygon","coordinates":[[[6.98066,4.815126],[6.980643,4.815237],[6.980448,4.815207],[6.980465,4.815096],[6.98066,4.815126]]]}},{"type":"Feature","properties":{"h":3.0,"on_route":false},"geometry":{"type":"Polygon","coordinates":[[[6.980504,4.814962],[6.980493,4.815055],[6.980409,4.815045],[6.98042,4.814952],[6.980504,4.814962]]]}},{"type":"Feature","properties":{"h":3.0,"on_route":false},"geometry":{"type":"Polygon","coordinates":[[[6.980888,4.817458],[6.980887,4.817485],[6.980973,4.817487],[6.98097,4.817596],[6.980807,4.817592],[6.980811,4.817456],[6.980888,4.817458]]]}},{"type":"Feature","properties":{"h":3.0,"on_route":false},"geometry":{"type":"Polygon","coordinates":[[[6.982417,4.818322],[6.982396,4.818458],[6.98226,4.818436],[6.982282,4.818301],[6.982417,4.818322]]]}},{"type":"Feature","properties":{"h":3.0,"on_route":false},"geometry":{"type":"Polygon","coordinates":[[[6.982217,4.81754],[6.982188,4.817629],[6.982111,4.817604],[6.98214,4.817515],[6.982217,4.81754]]]}},{"type":"Feature","properties":{"h":3.0,"on_route":false},"geometry":{"type":"Polygon","coordinates":[[[6.978535,4.813595],[6.978532,4.81364],[6.978469,4.813635],[6.978472,4.813591],[6.978535,4.813595]]]}},{"type":"Feature","properties":{"h":3.0,"on_route":false},"geometry":{"type":"Polygon","coordinates":[[[6.982629,4.81352],[6.982571,4.813487],[6.982618,4.813402],[6.982677,4.813435],[6.982629,4.81352]]]}},{"type":"Feature","properties":{"h":3.0,"on_route":false},"geometry":{"type":"Polygon","coordinates":[[[6.978876,4.812972],[6.978874,4.813009],[6.978837,4.813008],[6.978838,4.81297],[6.978876,4.812972]]]}},{"type":"Feature","properties":{"h":3.0,"on_route":false},"geometry":{"type":"Polygon","coordinates":[[[6.98246,4.812172],[6.982435,4.812167],[6.982448,4.812097],[6.982473,4.812102],[6.98246,4.812172]]]}},{"type":"Feature","properties":{"h":3.0,"on_route":false},"geometry":{"type":"Polygon","coordinates":[[[6.980788,4.817354],[6.98079,4.817421],[6.980769,4.817421],[6.980771,4.817488],[6.980559,4.817496],[6.980554,4.817362],[6.980788,4.817354]]]}},{"type":"Feature","properties":{"h":3.0,"on_route":false},"geometry":{"type":"Polygon","coordinates":[[[6.9857,4.813274],[6.985683,4.813326],[6.985627,4.813308],[6.985644,4.813256],[6.9857,4.813274]]]}},{"type":"Feature","properties":{"h":3.0,"on_route":false},"geometry":{"type":"Polygon","coordinates":[[[6.980792,4.814035],[6.980766,4.814276],[6.980555,4.814254],[6.980581,4.814013],[6.980792,4.814035]]]}},{"type":"Feature","properties":{"h":3.0,"on_route":false},"geometry":{"type":"Polygon","coordinates":[[[6.981569,4.811985],[6.981535,4.811958],[6.981574,4.811908],[6.981609,4.811935],[6.981569,4.811985]]]}},{"type":"Feature","properties":{"h":3.0,"on_route":false},"geometry":{"type":"Polygon","coordinates":[[[6.979619,4.813755],[6.979617,4.813837],[6.979595,4.813836],[6.979591,4.813969],[6.979492,4.813967],[6.979497,4.813752],[6.979619,4.813755]]]}},{"type":"Feature","properties":{"h":3.0,"on_route":false},"geometry":{"type":"Polygon","coordinates":[[[6.9804,4.813886],[6.980396,4.813927],[6.980459,4.813933],[6.980445,4.814073],[6.980288,4.814058],[6.980306,4.813877],[6.9804,4.813886]]]}},{"type":"Feature","properties":{"h":3.0,"on_route":false},"geometry":{"type":"Polygon","coordinates":[[[6.983833,4.811976],[6.983821,4.812043],[6.983544,4.811995],[6.983556,4.811928],[6.983833,4.811976]]]}},{"type":"Feature","properties":{"h":3.0,"on_route":false},"geometry":{"type":"Polygon","coordinates":[[[6.979396,4.816932],[6.979518,4.816978],[6.979454,4.817147],[6.979332,4.817101],[6.979396,4.816932]]]}},{"type":"Feature","properties":{"h":3.0,"on_route":false},"geometry":{"type":"Polygon","coordinates":[[[6.980538,4.813545],[6.980528,4.813662],[6.980339,4.813646],[6.980348,4.813529],[6.980538,4.813545]]]}},{"type":"Feature","properties":{"h":3.0,"on_route":false},"geometry":{"type":"Polygon","coordinates":[[[6.983458,4.810945],[6.983434,4.811044],[6.983349,4.811024],[6.983373,4.810925],[6.983458,4.810945]]]}},{"type":"Feature","properties":{"h":3.0,"on_route":false},"geometry":{"type":"Polygon","coordinates":[[[6.978669,4.816188],[6.978647,4.816243],[6.978591,4.816219],[6.978613,4.816165],[6.978669,4.816188]]]}},{"type":"Feature","properties":{"h":3.0,"on_route":false},"geometry":{"type":"Polygon","coordinates":[[[6.98029,4.815251],[6.980032,4.815264],[6.980026,4.815145],[6.980284,4.815132],[6.98029,4.815251]]]}},{"type":"Feature","properties":{"h":3.0,"on_route":false},"geometry":{"type":"Polygon","coordinates":[[[6.982953,4.817041],[6.982945,4.817104],[6.982883,4.817096],[6.982891,4.817032],[6.982953,4.817041]]]}},{"type":"Feature","properties":{"h":3.0,"on_route":false},"geometry":{"type":"Polygon","coordinates":[[[6.983018,4.813111],[6.982963,4.813228],[6.982829,4.813164],[6.982885,4.813047],[6.983018,4.813111]]]}},{"type":"Feature","properties":{"h":3.0,"on_route":false},"geometry":{"type":"Polygon","coordinates":[[[6.980482,4.813326],[6.980482,4.813375],[6.980418,4.813374],[6.980418,4.813325],[6.980482,4.813326]]]}},{"type":"Feature","properties":{"h":3.0,"on_route":false},"geometry":{"type":"Polygon","coordinates":[[[6.982931,4.811415],[6.982902,4.811526],[6.982821,4.811505],[6.98285,4.811394],[6.982931,4.811415]]]}},{"type":"Feature","properties":{"h":3.0,"on_route":false},"geometry":{"type":"Polygon","coordinates":[[[6.98032,4.816878],[6.980319,4.816923],[6.980264,4.816921],[6.980266,4.816876],[6.98032,4.816878]]]}},{"type":"Feature","properties":{"h":3.0,"on_route":false},"geometry":{"type":"Polygon","coordinates":[[[6.980098,4.814052],[6.980094,4.814108],[6.980024,4.814102],[6.980028,4.814047],[6.980098,4.814052]]]}},{"type":"Feature","properties":{"h":3.0,"on_route":false},"geometry":{"type":"Polygon","coordinates":[[[6.983534,4.812548],[6.98352,4.81259],[6.983465,4.812572],[6.983479,4.812529],[6.983534,4.812548]]]}},{"type":"Feature","properties":{"h":3.0,"on_route":false},"geometry":{"type":"Polygon","coordinates":[[[6.982972,4.816356],[6.982952,4.816503],[6.98292,4.816498],[6.982911,4.816565],[6.982842,4.816556],[6.982844,4.816541],[6.982795,4.816534],[6.982823,4.816335],[6.982972,4.816356]]]}},{"type":"Feature","properties":{"h":3.0,"on_route":false},"geometry":{"type":"Polygon","coordinates":[[[6.981089,4.811953],[6.981051,4.811999],[6.980852,4.811832],[6.98089,4.811786],[6.981089,4.811953]]]}},{"type":"Feature","properties":{"h":3.0,"on_route":false},"geometry":{"type":"Polygon","coordinates":[[[6.979423,4.812416],[6.979305,4.81242],[6.979304,4.812394],[6.979283,4.812395],[6.979279,4.812303],[6.979419,4.812298],[6.979423,4.812416]]]}},{"type":"Feature","properties":{"h":3.0,"on_route":false},"geometry":{"type":"Polygon","coordinates":[[[6.980965,4.817809],[6.980955,4.817957],[6.980918,4.817955],[6.980917,4.817978],[6.980825,4.817972],[6.980836,4.817801],[6.980965,4.817809]]]}},{"type":"Feature","properties":{"h":3.0,"on_route":false},"geometry":{"type":"Polygon","coordinates":[[[6.979988,4.816794],[6.979964,4.816841],[6.979987,4.816853],[6.979951,4.816927],[6.979927,4.816915],[6.979885,4.816998],[6.979764,4.816937],[6.979866,4.816733],[6.979988,4.816794]]]}},{"type":"Feature","properties":{"h":3.0,"on_route":false},"geometry":{"type":"Polygon","coordinates":[[[6.982796,4.812641],[6.982757,4.8127],[6.982681,4.812649],[6.982721,4.812591],[6.982796,4.812641]]]}},{"type":"Feature","properties":{"h":3.0,"on_route":false},"geometry":{"type":"Polygon","coordinates":[[[6.980298,4.811959],[6.980286,4.812002],[6.980209,4.81198],[6.980221,4.811937],[6.980298,4.811959]]]}},{"type":"Feature","properties":{"h":3.0,"on_route":false},"geometry":{"type":"Polygon","coordinates":[[[6.982691,4.818078],[6.98214,4.817991],[6.982151,4.817919],[6.982311,4.817944],[6.982316,4.817912],[6.982451,4.817933],[6.982446,4.817965],[6.982472,4.817969],[6.982484,4.817893],[6.982565,4.817906],[6.982561,4.817933],[6.982615,4.817941],[6.982604,4.818011],[6.982699,4.818026],[6.982691,4.818078]]]}},{"type":"Feature","properties":{"h":3.0,"on_route":false},"geometry":{"type":"Polygon","coordinates":[[[6.980597,4.812952],[6.980595,4.813024],[6.980423,4.81302],[6.980424,4.812948],[6.980597,4.812952]]]}},{"type":"Feature","properties":{"h":3.0,"on_route":false},"geometry":{"type":"Polygon","coordinates":[[[6.982543,4.811712],[6.98252,4.81181],[6.982336,4.811768],[6.982359,4.811669],[6.982543,4.811712]]]}},{"type":"Feature","properties":{"h":3.0,"on_route":false},"geometry":{"type":"Polygon","coordinates":[[[6.984421,4.811172],[6.984409,4.811238],[6.984359,4.811229],[6.984371,4.811163],[6.984421,4.811172]]]}},{"type":"Feature","properties":{"h":3.0,"on_route":false},"geometry":{"type":"Polygon","coordinates":[[[6.986047,4.813493],[6.986043,4.813559],[6.9859,4.81355],[6.985904,4.813485],[6.986047,4.813493]]]}},{"type":"Feature","properties":{"h":3.0,"on_route":false},"geometry":{"type":"Polygon","coordinates":[[[6.978524,4.813294],[6.978523,4.813329],[6.978482,4.813327],[6.978484,4.813292],[6.978524,4.813294]]]}},{"type":"Feature","properties":{"h":3.0,"on_route":false},"geometry":{"type":"Polygon","coordinates":[[[6.982235,4.818462],[6.982213,4.818556],[6.982059,4.818521],[6.98208,4.818427],[6.982235,4.818462]]]}},{"type":"Feature","properties":{"h":3.0,"on_route":false},"geometry":{"type":"Polygon","coordinates":[[[6.982949,4.810547],[6.983038,4.810548],[6.983036,4.810612],[6.982925,4.81061],[6.982926,4.810547],[6.982949,4.810547]]]}},{"type":"Feature","properties":{"h":3.0,"on_route":false},"geometry":{"type":"Polygon","coordinates":[[[6.982449,4.817338],[6.982416,4.817436],[6.982348,4.817412],[6.982381,4.817315],[6.982449,4.817338]]]}},{"type":"Feature","properties":{"h":3.0,"on_route":false},"geometry":{"type":"Polygon","coordinates":[[[6.979053,4.811955],[6.978848,4.811966],[6.978842,4.811851],[6.979047,4.811841],[6.979053,4.811955]]]}},{"type":"Feature","properties":{"h":3.0,"on_route":false},"geometry":{"type":"Polygon","coordinates":[[[6.982292,4.816475],[6.982279,4.816566],[6.982178,4.816552],[6.982191,4.816461],[6.982292,4.816475]]]}},{"type":"Feature","properties":{"h":3.0,"on_route":false},"geometry":{"type":"Polygon","coordinates":[[[6.979713,4.816386],[6.979639,4.816529],[6.979517,4.816465],[6.97959,4.816322],[6.979713,4.816386]]]}},{"type":"Feature","properties":{"h":3.0,"on_route":false},"geometry":{"type":"Polygon","coordinates":[[[6.981633,4.812796],[6.981549,4.812917],[6.981312,4.812751],[6.981397,4.81263],[6.981633,4.812796]]]}},{"type":"Feature","properties":{"h":3.0,"on_route":false},"geometry":{"type":"Polygon","coordinates":[[[6.981863,4.811062],[6.981826,4.811214],[6.981691,4.811181],[6.981728,4.811029],[6.981863,4.811062]]]}},{"type":"Feature","properties":{"h":3.0,"on_route":false},"geometry":{"type":"Polygon","coordinates":[[[6.979075,4.813503],[6.979072,4.813677],[6.979002,4.813675],[6.979005,4.813501],[6.979075,4.813503]]]}},{"type":"Feature","properties":{"h":3.0,"on_route":false},"geometry":{"type":"Polygon","coordinates":[[[6.983223,4.810543],[6.983238,4.810654],[6.983173,4.810662],[6.983163,4.810581],[6.983183,4.810578],[6.98318,4.810548],[6.983223,4.810543]]]}},{"type":"Feature","properties":{"h":3.0,"on_route":false},"geometry":{"type":"Polygon","coordinates":[[[6.983162,4.810418],[6.98316,4.810458],[6.98306,4.810453],[6.983063,4.810412],[6.983162,4.810418]]]}},{"type":"Feature","properties":{"h":3.0,"on_route":false},"geometry":{"type":"Polygon","coordinates":[[[6.983501,4.812329],[6.983498,4.81237],[6.983432,4.812365],[6.983435,4.812324],[6.983501,4.812329]]]}},{"type":"Feature","properties":{"h":3.0,"on_route":false},"geometry":{"type":"Polygon","coordinates":[[[6.981934,4.817872],[6.981921,4.817905],[6.981904,4.817898],[6.981837,4.81807],[6.981677,4.818008],[6.981756,4.817802],[6.981934,4.817872]]]}},{"type":"Feature","properties":{"h":3.0,"on_route":false},"geometry":{"type":"Polygon","coordinates":[[[6.97981,4.8127],[6.97978,4.813034],[6.979719,4.813029],[6.979749,4.812695],[6.97981,4.8127]]]}},{"type":"Feature","properties":{"h":3.0,"on_route":false},"geometry":{"type":"Polygon","coordinates":[[[6.98197,4.81705],[6.981954,4.817098],[6.9819,4.81708],[6.981917,4.817031],[6.98197,4.81705]]]}},{"type":"Feature","properties":{"h":3.0,"on_route":false},"geometry":{"type":"Polygon","coordinates":[[[6.983357,4.812162],[6.983349,4.812214],[6.983257,4.812198],[6.983265,4.812146],[6.983357,4.812162]]]}},{"type":"Feature","properties":{"h":3.0,"on_route":false},"geometry":{"type":"Polygon","coordinates":[[[6.983215,4.813013],[6.983221,4.812996],[6.983263,4.813012],[6.983256,4.813029],[6.983297,4.813044],[6.98327,4.813117],[6.983108,4.813056],[6.983136,4.812983],[6.983215,4.813013]]]}},{"type":"Feature","properties":{"h":3.0,"on_route":false},"geometry":{"type":"Polygon","coordinates":[[[6.981037,4.813942],[6.981028,4.814032],[6.980945,4.814023],[6.980954,4.813934],[6.981037,4.813942]]]}},{"type":"Feature","properties":{"h":3.0,"on_route":false},"geometry":{"type":"Polygon","coordinates":[[[6.982812,4.816927],[6.982795,4.817045],[6.98272,4.817034],[6.982737,4.816917],[6.982812,4.816927]]]}},{"type":"Feature","properties":{"h":3.0,"on_route":false},"geometry":{"type":"Polygon","coordinates":[[[6.982601,4.81103],[6.982484,4.810989],[6.982525,4.810871],[6.982552,4.81088],[6.982585,4.810784],[6.982676,4.810816],[6.982601,4.81103]]]}},{"type":"Feature","properties":{"h":3.0,"on_route":false},"geometry":{"type":"Polygon","coordinates":[[[6.98285,4.817095],[6.982817,4.817179],[6.982688,4.817127],[6.982721,4.817043],[6.98285,4.817095]]]}},{"type":"Feature","properties":{"h":3.0,"on_route":false},"geometry":{"type":"Polygon","coordinates":[[[6.98143,4.813851],[6.981407,4.813995],[6.981248,4.81397],[6.98127,4.813825],[6.98143,4.813851]]]}},{"type":"Feature","properties":{"h":3.0,"on_route":false},"geometry":{"type":"Polygon","coordinates":[[[6.984171,4.812051],[6.984148,4.812161],[6.984007,4.812132],[6.98403,4.812022],[6.984171,4.812051]]]}},{"type":"Feature","properties":{"h":3.0,"on_route":false},"geometry":{"type":"Polygon","coordinates":[[[6.984882,4.815795],[6.984878,4.815825],[6.984925,4.815832],[6.984929,4.815802],[6.984951,4.815805],[6.984946,4.815835],[6.985161,4.815865],[6.985146,4.815973],[6.984838,4.81593],[6.984839,4.815922],[6.984792,4.815915],[6.984796,4.815889],[6.98477,4.815885],[6.984784,4.815782],[6.984882,4.815795]]]}},{"type":"Feature","properties":{"h":3.0,"on_route":false},"geometry":{"type":"Polygon","coordinates":[[[6.981287,4.814965],[6.98127,4.815075],[6.981039,4.815039],[6.981056,4.814929],[6.981287,4.814965]]]}},{"type":"Feature","properties":{"h":3.0,"on_route":false},"geometry":{"type":"Polygon","coordinates":[[[6.982381,4.817315],[6.982357,4.817385],[6.982311,4.817369],[6.98232,4.817342],[6.982291,4.817333],[6.982306,4.81729],[6.982381,4.817315]]]}},{"type":"Feature","properties":{"h":3.0,"on_route":false},"geometry":{"type":"Polygon","coordinates":[[[6.980846,4.812261],[6.98079,4.812227],[6.980871,4.812096],[6.980927,4.81213],[6.980846,4.812261]]]}},{"type":"Feature","properties":{"h":3.0,"on_route":false},"geometry":{"type":"Polygon","coordinates":[[[6.980459,4.815584],[6.980455,4.815639],[6.980315,4.81563],[6.980319,4.815574],[6.980459,4.815584]]]}},{"type":"Feature","properties":{"h":3.0,"on_route":false},"geometry":{"type":"Polygon","coordinates":[[[6.981922,4.814751],[6.981907,4.814851],[6.981369,4.814772],[6.981383,4.814672],[6.981922,4.814751]]]}},{"type":"Feature","properties":{"h":3.0,"on_route":false},"geometry":{"type":"Polygon","coordinates":[[[6.984073,4.810838],[6.98406,4.810866],[6.984109,4.810889],[6.984033,4.811053],[6.983945,4.811012],[6.983909,4.81109],[6.983866,4.81107],[6.983924,4.810944],[6.98387,4.810919],[6.983892,4.810871],[6.983806,4.810831],[6.98385,4.810734],[6.984073,4.810838]]]}},{"type":"Feature","properties":{"h":3.0,"on_route":false},"geometry":{"type":"Polygon","coordinates":[[[6.983826,4.812767],[6.983791,4.812891],[6.983681,4.81286],[6.983716,4.812736],[6.983826,4.812767]]]}},{"type":"Feature","properties":{"h":3.0,"on_route":false},"geometry":{"type":"Polygon","coordinates":[[[6.983925,4.810941],[6.983906,4.810984],[6.983856,4.810961],[6.983875,4.810919],[6.983925,4.810941]]]}},{"type":"Feature","properties":{"h":3.0,"on_route":false},"geometry":{"type":"Polygon","coordinates":[[[6.983543,4.810594],[6.983524,4.810671],[6.983445,4.810651],[6.98345,4.810632],[6.983434,4.810628],[6.983448,4.810571],[6.983543,4.810594]]]}},{"type":"Feature","properties":{"h":3.0,"on_route":false},"geometry":{"type":"Polygon","coordinates":[[[6.982218,4.817704],[6.982192,4.817888],[6.9821,4.817875],[6.982126,4.817691],[6.982218,4.817704]]]}},{"type":"Feature","properties":{"h":3.0,"on_route":false},"geometry":{"type":"Polygon","coordinates":[[[6.982365,4.816849],[6.982526,4.816897],[6.982521,4.816914],[6.982487,4.816904],[6.982464,4.816982],[6.982337,4.816945],[6.982365,4.816849]]]}},{"type":"Feature","properties":{"h":3.0,"on_route":false},"geometry":{"type":"Polygon","coordinates":[[[6.983083,4.816408],[6.983081,4.816465],[6.982963,4.81646],[6.982965,4.816404],[6.983083,4.816408]]]}},{"type":"Feature","properties":{"h":3.0,"on_route":false},"geometry":{"type":"Polygon","coordinates":[[[6.982073,4.817189],[6.982225,4.817239],[6.982187,4.817354],[6.982059,4.817312],[6.982089,4.81722],[6.982065,4.817212],[6.982073,4.817189]]]}},{"type":"Feature","properties":{"h":3.0,"on_route":false},"geometry":{"type":"Polygon","coordinates":[[[6.980136,4.817064],[6.980135,4.817103],[6.980093,4.817101],[6.980095,4.817062],[6.980136,4.817064]]]}},{"type":"Feature","properties":{"h":3.0,"on_route":false},"geometry":{"type":"Polygon","coordinates":[[[6.980983,4.814047],[6.980975,4.814128],[6.980945,4.814125],[6.980943,4.814144],[6.9808,4.814128],[6.98081,4.814029],[6.980983,4.814047]]]}},{"type":"Feature","properties":{"h":3.0,"on_route":false},"geometry":{"type":"Polygon","coordinates":[[[6.980475,4.815947],[6.980466,4.81607],[6.980376,4.816064],[6.980384,4.815941],[6.980475,4.815947]]]}},{"type":"Feature","properties":{"h":3.0,"on_route":false},"geometry":{"type":"Polygon","coordinates":[[[6.981408,4.810841],[6.981481,4.81089],[6.981458,4.810925],[6.981385,4.810876],[6.981408,4.810841]]]}},{"type":"Feature","properties":{"h":3.0,"on_route":false},"geometry":{"type":"Polygon","coordinates":[[[6.98362,4.817132],[6.983583,4.817321],[6.983456,4.817296],[6.983487,4.817134],[6.983522,4.817141],[6.983528,4.817114],[6.98362,4.817132]]]}},{"type":"Feature","properties":{"h":3.0,"on_route":false},"geometry":{"type":"Polygon","coordinates":[[[6.979425,4.812461],[6.979427,4.812721],[6.979313,4.812722],[6.979311,4.812462],[6.979425,4.812461]]]}},{"type":"Feature","properties":{"h":3.0,"on_route":false},"geometry":{"type":"Polygon","coordinates":[[[6.98008,4.814452],[6.980071,4.814604],[6.979964,4.814598],[6.979973,4.814446],[6.98008,4.814452]]]}},{"type":"Feature","properties":{"h":3.0,"on_route":false},"geometry":{"type":"Polygon","coordinates":[[[6.980172,4.813589],[6.980125,4.813707],[6.979994,4.813654],[6.980014,4.813604],[6.980034,4.813612],[6.98005,4.813572],[6.98003,4.813564],[6.980041,4.813536],[6.980172,4.813589]]]}},{"type":"Feature","properties":{"h":3.0,"on_route":false},"geometry":{"type":"Polygon","coordinates":[[[6.979983,4.81403],[6.979931,4.814194],[6.979832,4.814162],[6.979885,4.813998],[6.979983,4.81403]]]}},{"type":"Feature","properties":{"h":3.0,"on_route":false},"geometry":{"type":"Polygon","coordinates":[[[6.983599,4.81203],[6.983576,4.812168],[6.98352,4.812158],[6.983543,4.81202],[6.983599,4.81203]]]}},{"type":"Feature","properties":{"h":3.0,"on_route":false},"geometry":{"type":"Polygon","coordinates":[[[6.983059,4.816612],[6.983037,4.816736],[6.982924,4.816715],[6.982946,4.816591],[6.983059,4.816612]]]}},{"type":"Feature","properties":{"h":3.0,"on_route":false},"geometry":{"type":"Polygon","coordinates":[[[6.979221,4.815902],[6.979201,4.815936],[6.979294,4.815992],[6.979258,4.816054],[6.979095,4.815956],[6.979151,4.815861],[6.979221,4.815902]]]}},{"type":"Feature","properties":{"h":3.0,"on_route":false},"geometry":{"type":"Polygon","coordinates":[[[6.980424,4.812947],[6.980362,4.813278],[6.980282,4.813263],[6.980344,4.812931],[6.980424,4.812947]]]}},{"type":"Feature","properties":{"h":3.0,"on_route":false},"geometry":{"type":"Polygon","coordinates":[[[6.982552,4.817011],[6.982514,4.817123],[6.982435,4.817095],[6.982473,4.816984],[6.982552,4.817011]]]}},{"type":"Feature","properties":{"h":3.0,"on_route":false},"geometry":{"type":"Polygon","coordinates":[[[6.984506,4.816659],[6.984502,4.816691],[6.984471,4.816687],[6.984474,4.816655],[6.984506,4.816659]]]}},{"type":"Feature","properties":{"h":3.0,"on_route":false},"geometry":{"type":"Polygon","coordinates":[[[6.98176,4.814989],[6.981566,4.814963],[6.981529,4.815237],[6.981428,4.815223],[6.981479,4.81484],[6.981775,4.81488],[6.98176,4.814989]]]}},{"type":"Feature","properties":{"h":3.0,"on_route":false},"geometry":{"type":"Polygon","coordinates":[[[6.982395,4.816394],[6.982369,4.816579],[6.982279,4.816566],[6.982305,4.816381],[6.982395,4.816394]]]}},{"type":"Feature","properties":{"h":3.0,"on_route":false},"geometry":{"type":"Polygon","coordinates":[[[6.984556,4.810509],[6.984541,4.810602],[6.984466,4.81059],[6.984481,4.810497],[6.984556,4.810509]]]}},{"type":"Feature","properties":{"h":3.0,"on_route":false},"geometry":{"type":"Polygon","coordinates":[[[6.982466,4.818526],[6.982426,4.818644],[6.982326,4.818609],[6.982366,4.818491],[6.982466,4.818526]]]}},{"type":"Feature","properties":{"h":3.0,"on_route":false},"geometry":{"type":"Polygon","coordinates":[[[6.979229,4.814652],[6.979185,4.814661],[6.979194,4.814702],[6.97913,4.814716],[6.979092,4.81454],[6.979201,4.814517],[6.979229,4.814652]]]}},{"type":"Feature","properties":{"h":3.0,"on_route":false},"geometry":{"type":"Polygon","coordinates":[[[6.982482,4.81056],[6.98249,4.810533],[6.982591,4.810561],[6.982571,4.810631],[6.982425,4.81059],[6.982437,4.810547],[6.982482,4.81056]]]}},{"type":"Feature","properties":{"h":3.0,"on_route":false},"geometry":{"type":"Polygon","coordinates":[[[6.978506,4.81478],[6.978458,4.814789],[6.978452,4.814757],[6.978371,4.814771],[6.978356,4.814686],[6.978485,4.814663],[6.978506,4.81478]]]}},{"type":"Feature","properties":{"h":3.0,"on_route":false},"geometry":{"type":"Polygon","coordinates":[[[6.979313,4.812068],[6.979316,4.812106],[6.979251,4.81211],[6.979249,4.812072],[6.979313,4.812068]]]}},{"type":"Feature","properties":{"h":3.0,"on_route":false},"geometry":{"type":"Polygon","coordinates":[[[6.982357,4.818491],[6.98233,4.818566],[6.982287,4.81855],[6.982313,4.818476],[6.982357,4.818491]]]}},{"type":"Feature","properties":{"h":3.0,"on_route":false},"geometry":{"type":"Polygon","coordinates":[[[6.979427,4.813347],[6.979426,4.813379],[6.979357,4.813376],[6.979358,4.813344],[6.979427,4.813347]]]}},{"type":"Feature","properties":{"h":3.0,"on_route":false},"geometry":{"type":"Polygon","coordinates":[[[6.980365,4.81577],[6.980306,4.815766],[6.980311,4.81569],[6.980346,4.815692],[6.980348,4.815662],[6.980372,4.815664],[6.980365,4.81577]]]}},{"type":"Feature","properties":{"h":3.0,"on_route":false},"geometry":{"type":"Polygon","coordinates":[[[6.982928,4.810195],[6.982922,4.810242],[6.982843,4.810233],[6.982849,4.810186],[6.982928,4.810195]]]}},{"type":"Feature","properties":{"h":3.0,"on_route":false},"geometry":{"type":"Polygon","coordinates":[[[6.981535,4.817873],[6.981525,4.81794],[6.981382,4.817919],[6.981392,4.817851],[6.981535,4.817873]]]}},{"type":"Feature","properties":{"h":3.0,"on_route":false},"geometry":{"type":"Polygon","coordinates":[[[6.981969,4.812143],[6.981921,4.8123],[6.981772,4.812254],[6.981821,4.812097],[6.981969,4.812143]]]}},{"type":"Feature","properties":{"h":3.0,"on_route":false},"geometry":{"type":"Polygon","coordinates":[[[6.978858,4.816599],[6.978841,4.816635],[6.978763,4.816598],[6.97878,4.816562],[6.978858,4.816599]]]}},{"type":"Feature","properties":{"h":3.0,"on_route":false},"geometry":{"type":"Polygon","coordinates":[[[6.979762,4.816294],[6.979716,4.816378],[6.979602,4.816315],[6.979648,4.816231],[6.979762,4.816294]]]}},{"type":"Feature","properties":{"h":3.0,"on_route":false},"geometry":{"type":"Polygon","coordinates":[[[6.981568,4.812411],[6.981776,4.812573],[6.98172,4.812647],[6.981511,4.812485],[6.981568,4.812411]]]}},{"type":"Feature","properties":{"h":3.0,"on_route":false},"geometry":{"type":"Polygon","coordinates":[[[6.984148,4.811894],[6.984128,4.811981],[6.98401,4.811953],[6.98403,4.811866],[6.984148,4.811894]]]}},{"type":"Feature","properties":{"h":3.0,"on_route":false},"geometry":{"type":"Polygon","coordinates":[[[6.981828,4.817094],[6.981817,4.817127],[6.981684,4.817085],[6.981694,4.817052],[6.981828,4.817094]]]}},{"type":"Feature","properties":{"h":3.0,"on_route":false},"geometry":{"type":"Polygon","coordinates":[[[6.981656,4.818526],[6.981652,4.818571],[6.981599,4.818567],[6.981597,4.818594],[6.981543,4.818589],[6.981549,4.818518],[6.981656,4.818526]]]}},{"type":"Feature","properties":{"h":3.0,"on_route":false},"geometry":{"type":"Polygon","coordinates":[[[6.983677,4.812987],[6.983661,4.813039],[6.983613,4.813024],[6.983629,4.812972],[6.983677,4.812987]]]}},{"type":"Feature","properties":{"h":3.0,"on_route":false},"geometry":{"type":"Polygon","coordinates":[[[6.982542,4.810668],[6.982503,4.810787],[6.982342,4.810734],[6.982381,4.810615],[6.982542,4.810668]]]}},{"type":"Feature","properties":{"h":3.0,"on_route":false},"geometry":{"type":"Polygon","coordinates":[[[6.981336,4.817467],[6.981289,4.817796],[6.981205,4.817784],[6.981252,4.817455],[6.981336,4.817467]]]}},{"type":"Feature","properties":{"h":3.0,"on_route":false},"geometry":{"type":"Polygon","coordinates":[[[6.97921,4.813191],[6.979212,4.813233],[6.979113,4.813237],[6.979111,4.813196],[6.97921,4.813191]]]}},{"type":"Feature","properties":{"h":3.0,"on_route":false},"geometry":{"type":"Polygon","coordinates":[[[6.979569,4.81694],[6.979551,4.816986],[6.979485,4.81696],[6.979503,4.816915],[6.979569,4.81694]]]}},{"type":"Feature","properties":{"h":3.0,"on_route":false},"geometry":{"type":"Polygon","coordinates":[[[6.983574,4.812444],[6.983586,4.812379],[6.983718,4.812404],[6.983706,4.812469],[6.98373,4.812474],[6.983737,4.812438],[6.984054,4.812498],[6.984037,4.812586],[6.983477,4.812479],[6.983487,4.812428],[6.983574,4.812444]]]}},{"type":"Feature","properties":{"h":3.0,"on_route":true},"geometry":{"type":"Polygon","coordinates":[[[6.985302,4.814053],[6.985236,4.814402],[6.985264,4.814408],[6.985252,4.814474],[6.985076,4.81444],[6.985155,4.814024],[6.985302,4.814053]]]}},{"type":"Feature","properties":{"h":3.0,"on_route":false},"geometry":{"type":"Polygon","coordinates":[[[6.981972,4.810681],[6.981913,4.810892],[6.981819,4.810865],[6.981878,4.810654],[6.981972,4.810681]]]}},{"type":"Feature","properties":{"h":3.0,"on_route":false},"geometry":{"type":"Polygon","coordinates":[[[6.982111,4.817881],[6.982109,4.817901],[6.982057,4.817893],[6.98206,4.817874],[6.982111,4.817881]]]}},{"type":"Feature","properties":{"h":3.0,"on_route":false},"geometry":{"type":"Polygon","coordinates":[[[6.98302,4.812974],[6.982971,4.813045],[6.98286,4.812967],[6.98291,4.812896],[6.98302,4.812974]]]}},{"type":"Feature","properties":{"h":3.0,"on_route":false},"geometry":{"type":"Polygon","coordinates":[[[6.981004,4.810682],[6.981008,4.810902],[6.980965,4.810903],[6.980966,4.810957],[6.980873,4.810959],[6.980869,4.810684],[6.981004,4.810682]]]}},{"type":"Feature","properties":{"h":3.0,"on_route":false},"geometry":{"type":"Polygon","coordinates":[[[6.985809,4.811964],[6.985683,4.811932],[6.985823,4.811377],[6.98595,4.811409],[6.985809,4.811964]]]}},{"type":"Feature","properties":{"h":3.0,"on_route":false},"geometry":{"type":"Polygon","coordinates":[[[6.981337,4.812862],[6.981294,4.812939],[6.981214,4.812894],[6.981258,4.812817],[6.981337,4.812862]]]}},{"type":"Feature","properties":{"h":3.0,"on_route":false},"geometry":{"type":"Polygon","coordinates":[[[6.980354,4.815497],[6.98035,4.815531],[6.980316,4.815528],[6.98032,4.815493],[6.980354,4.815497]]]}},{"type":"Feature","properties":{"h":3.0,"on_route":false},"geometry":{"type":"Polygon","coordinates":[[[6.980084,4.81426],[6.980079,4.814329],[6.979937,4.81432],[6.979942,4.814251],[6.980084,4.81426]]]}},{"type":"Feature","properties":{"h":3.0,"on_route":false},"geometry":{"type":"Polygon","coordinates":[[[6.982032,4.811942],[6.982002,4.811933],[6.982025,4.811853],[6.982055,4.811861],[6.982032,4.811942]]]}},{"type":"Feature","properties":{"h":3.0,"on_route":false},"geometry":{"type":"Polygon","coordinates":[[[6.981442,4.81105],[6.981398,4.811126],[6.981278,4.811057],[6.981322,4.810981],[6.981442,4.81105]]]}},{"type":"Feature","properties":{"h":3.0,"on_route":false},"geometry":{"type":"Polygon","coordinates":[[[6.981732,4.813027],[6.98169,4.813118],[6.981422,4.812995],[6.981464,4.812904],[6.981732,4.813027]]]}},{"type":"Feature","properties":{"h":3.0,"on_route":false},"geometry":{"type":"Polygon","coordinates":[[[6.980962,4.814726],[6.980956,4.814783],[6.980853,4.814772],[6.980859,4.814715],[6.980962,4.814726]]]}},{"type":"Feature","properties":{"h":3.0,"on_route":false},"geometry":{"type":"Polygon","coordinates":[[[6.981962,4.818293],[6.981948,4.818387],[6.981857,4.818373],[6.981871,4.818278],[6.981962,4.818293]]]}},{"type":"Feature","properties":{"h":3.0,"on_route":false},"geometry":{"type":"Polygon","coordinates":[[[6.98402,4.810222],[6.983986,4.810319],[6.983891,4.810286],[6.983925,4.810188],[6.98402,4.810222]]]}},{"type":"Feature","properties":{"h":3.0,"on_route":false},"geometry":{"type":"Polygon","coordinates":[[[6.981804,4.817235],[6.981784,4.817347],[6.981853,4.81736],[6.981834,4.817464],[6.981728,4.817444],[6.981767,4.817229],[6.981804,4.817235]]]}},{"type":"Feature","properties":{"h":3.0,"on_route":false},"geometry":{"type":"Polygon","coordinates":[[[6.981332,4.817984],[6.981309,4.818142],[6.98121,4.818128],[6.981234,4.817969],[6.981332,4.817984]]]}},{"type":"Feature","properties":{"h":3.0,"on_route":false},"geometry":{"type":"Polygon","coordinates":[[[6.982461,4.8165],[6.982451,4.816569],[6.982393,4.81656],[6.982403,4.816491],[6.982461,4.8165]]]}},{"type":"Feature","properties":{"h":3.0,"on_route":false},"geometry":{"type":"Polygon","coordinates":[[[6.981803,4.816671],[6.981766,4.816772],[6.98167,4.816736],[6.981708,4.816635],[6.981803,4.816671]]]}},{"type":"Feature","properties":{"h":3.0,"on_route":false},"geometry":{"type":"Polygon","coordinates":[[[6.981463,4.817931],[6.981448,4.818027],[6.981368,4.818015],[6.981382,4.817919],[6.981463,4.817931]]]}},{"type":"Feature","properties":{"h":3.0,"on_route":false},"geometry":{"type":"Polygon","coordinates":[[[6.981657,4.817633],[6.981633,4.817787],[6.981537,4.817772],[6.981561,4.817618],[6.981657,4.817633]]]}},{"type":"Feature","properties":{"h":3.0,"on_route":false},"geometry":{"type":"Polygon","coordinates":[[[6.983031,4.816738],[6.98302,4.816813],[6.982847,4.816788],[6.982858,4.816713],[6.983031,4.816738]]]}},{"type":"Feature","properties":{"h":3.0,"on_route":false},"geometry":{"type":"Polygon","coordinates":[[[6.981682,4.813932],[6.981675,4.813985],[6.98164,4.81398],[6.981575,4.813946],[6.981579,4.813918],[6.981682,4.813932]]]}},{"type":"Feature","properties":{"h":3.0,"on_route":false},"geometry":{"type":"Polygon","coordinates":[[[6.980448,4.811371],[6.980445,4.811422],[6.980409,4.81142],[6.980413,4.811369],[6.980448,4.811371]]]}},{"type":"Feature","properties":{"h":3.0,"on_route":false},"geometry":{"type":"Polygon","coordinates":[[[6.979006,4.813552],[6.978784,4.813543],[6.978788,4.813439],[6.97901,4.813448],[6.979006,4.813552]]]}},{"type":"Feature","properties":{"h":3.0,"on_route":false},"geometry":{"type":"Polygon","coordinates":[[[6.981075,4.813952],[6.981066,4.814034],[6.981021,4.814029],[6.98103,4.813947],[6.981075,4.813952]]]}},{"type":"Feature","properties":{"h":3.0,"on_route":false},"geometry":{"type":"Polygon","coordinates":[[[6.98088,4.813476],[6.980874,4.813536],[6.980661,4.813517],[6.980666,4.813457],[6.98088,4.813476]]]}},{"type":"Feature","properties":{"h":3.0,"on_route":false},"geometry":{"type":"Polygon","coordinates":[[[6.981063,4.813002],[6.981057,4.813061],[6.981072,4.813063],[6.981061,4.813164],[6.981046,4.813162],[6.981034,4.813271],[6.980926,4.81326],[6.980955,4.81299],[6.981063,4.813002]]]}},{"type":"Feature","properties":{"h":3.0,"on_route":false},"geometry":{"type":"Polygon","coordinates":[[[6.982287,4.815667],[6.982269,4.815746],[6.982006,4.815684],[6.982025,4.815605],[6.982287,4.815667]]]}},{"type":"Feature","properties":{"h":3.0,"on_route":false},"geometry":{"type":"Polygon","coordinates":[[[6.983425,4.811085],[6.983406,4.811176],[6.983236,4.811141],[6.983255,4.81105],[6.983425,4.811085]]]}},{"type":"Feature","properties":{"h":3.0,"on_route":false},"geometry":{"type":"Polygon","coordinates":[[[6.984714,4.815337],[6.984706,4.815383],[6.984786,4.815398],[6.984772,4.81547],[6.984726,4.815461],[6.984732,4.815428],[6.98424,4.815332],[6.984234,4.815365],[6.984205,4.815359],[6.984228,4.815242],[6.984714,4.815337]]]}},{"type":"Feature","properties":{"h":3.0,"on_route":false},"geometry":{"type":"Polygon","coordinates":[[[6.98293,4.816672],[6.982853,4.816686],[6.982848,4.816659],[6.982791,4.816669],[6.982781,4.816612],[6.982914,4.816587],[6.98293,4.816672]]]}},{"type":"Feature","properties":{"h":3.0,"on_route":false},"geometry":{"type":"Polygon","coordinates":[[[6.984764,4.813946],[6.984834,4.813957],[6.984834,4.813956],[6.984993,4.813983],[6.984989,4.814006],[6.985038,4.814014],[6.985001,4.814236],[6.984952,4.814228],[6.984948,4.81425],[6.984721,4.814211],[6.984724,4.81419],[6.984697,4.814185],[6.984729,4.813995],[6.984755,4.813999],[6.984764,4.813946]]]}},{"type":"Feature","properties":{"h":3.0,"on_route":false},"geometry":{"type":"Polygon","coordinates":[[[6.982227,4.81722],[6.982313,4.817249],[6.982291,4.817314],[6.982205,4.817285],[6.982227,4.81722]]]}},{"type":"Feature","properties":{"h":3.0,"on_route":false},"geometry":{"type":"Polygon","coordinates":[[[6.980918,4.813332],[6.980906,4.813447],[6.980657,4.81342],[6.980665,4.813343],[6.980642,4.81334],[6.980646,4.813302],[6.980918,4.813332]]]}},{"type":"Feature","properties":{"h":3.0,"on_route":false},"geometry":{"type":"Polygon","coordinates":[[[6.982156,4.818594],[6.982144,4.818695],[6.982026,4.81868],[6.982039,4.818579],[6.982156,4.818594]]]}},{"type":"Feature","properties":{"h":3.0,"on_route":false},"geometry":{"type":"Polygon","coordinates":[[[6.978546,4.814333],[6.978548,4.814291],[6.978675,4.814298],[6.978669,4.814415],[6.978545,4.814408],[6.978488,4.814406],[6.978492,4.81433],[6.978546,4.814333]]]}},{"type":"Feature","properties":{"h":3.0,"on_route":false},"geometry":{"type":"Polygon","coordinates":[[[6.981703,4.816667],[6.981681,4.816727],[6.981519,4.816668],[6.981541,4.816608],[6.981703,4.816667]]]}},{"type":"Feature","properties":{"h":3.0,"on_route":false},"geometry":{"type":"Polygon","coordinates":[[[6.982247,4.816606],[6.982215,4.816716],[6.982107,4.816684],[6.982139,4.816574],[6.982247,4.816606]]]}},{"type":"Feature","properties":{"h":3.0,"on_route":false},"geometry":{"type":"Polygon","coordinates":[[[6.982917,4.817487],[6.982853,4.817693],[6.982752,4.817661],[6.982791,4.817538],[6.982815,4.817546],[6.982841,4.817463],[6.982917,4.817487]]]}},{"type":"Feature","properties":{"h":3.0,"on_route":false},"geometry":{"type":"Polygon","coordinates":[[[6.983229,4.812059],[6.983208,4.812055],[6.983215,4.812018],[6.983236,4.812023],[6.983229,4.812059]]]}},{"type":"Feature","properties":{"h":3.0,"on_route":false},"geometry":{"type":"Polygon","coordinates":[[[6.981853,4.812955],[6.981785,4.812918],[6.981846,4.812806],[6.981913,4.812843],[6.981853,4.812955]]]}},{"type":"Feature","properties":{"h":3.0,"on_route":false},"geometry":{"type":"Polygon","coordinates":[[[6.980802,4.812169],[6.980787,4.812203],[6.980713,4.81217],[6.980729,4.812136],[6.980802,4.812169]]]}},{"type":"Feature","properties":{"h":3.0,"on_route":false},"geometry":{"type":"Polygon","coordinates":[[[6.981994,4.816969],[6.981968,4.817048],[6.981908,4.817028],[6.981934,4.816949],[6.981994,4.816969]]]}},{"type":"Feature","properties":{"h":3.0,"on_route":false},"geometry":{"type":"Polygon","coordinates":[[[6.981627,4.811213],[6.981555,4.811347],[6.981511,4.811323],[6.981582,4.811189],[6.981627,4.811213]]]}},{"type":"Feature","properties":{"h":3.0,"on_route":false},"geometry":{"type":"Polygon","coordinates":[[[6.979455,4.813458],[6.979453,4.813523],[6.979345,4.813519],[6.979346,4.813484],[6.979321,4.813483],[6.979322,4.813454],[6.979455,4.813458]]]}},{"type":"Feature","properties":{"h":3.0,"on_route":false},"geometry":{"type":"Polygon","coordinates":[[[6.982404,4.81602],[6.982386,4.81609],[6.982261,4.816057],[6.98228,4.815987],[6.982404,4.81602]]]}},{"type":"Feature","properties":{"h":3.0,"on_route":false},"geometry":{"type":"Polygon","coordinates":[[[6.979453,4.813523],[6.979447,4.81369],[6.979338,4.813687],[6.979344,4.813519],[6.979453,4.813523]]]}},{"type":"Feature","properties":{"h":3.0,"on_route":false},"geometry":{"type":"Polygon","coordinates":[[[6.982655,4.81156],[6.982649,4.811651],[6.982573,4.811646],[6.982579,4.811555],[6.982655,4.81156]]]}},{"type":"Feature","properties":{"h":3.0,"on_route":false},"geometry":{"type":"Polygon","coordinates":[[[6.978748,4.81306],[6.978737,4.813175],[6.978574,4.813159],[6.978585,4.813044],[6.978748,4.81306]]]}},{"type":"Feature","properties":{"h":3.0,"on_route":false},"geometry":{"type":"Polygon","coordinates":[[[6.979027,4.813264],[6.979027,4.813285],[6.979054,4.813286],[6.979055,4.813264],[6.979085,4.813265],[6.979081,4.813435],[6.978998,4.813433],[6.979002,4.813263],[6.979027,4.813264]]]}},{"type":"Feature","properties":{"h":3.0,"on_route":false},"geometry":{"type":"Polygon","coordinates":[[[6.978663,4.813721],[6.978665,4.813768],[6.978624,4.81377],[6.978621,4.813723],[6.978663,4.813721]]]}},{"type":"Feature","properties":{"h":3.0,"on_route":false},"geometry":{"type":"Polygon","coordinates":[[[6.983112,4.816489],[6.983099,4.816575],[6.982958,4.816555],[6.98297,4.816469],[6.983112,4.816489]]]}},{"type":"Feature","properties":{"h":3.0,"on_route":false},"geometry":{"type":"Polygon","coordinates":[[[6.980306,4.815001],[6.980307,4.815023],[6.980263,4.815026],[6.980262,4.815004],[6.980306,4.815001]]]}},{"type":"Feature","properties":{"h":3.0,"on_route":false},"geometry":{"type":"Polygon","coordinates":[[[6.9835,4.814153],[6.983451,4.814248],[6.983312,4.814176],[6.983361,4.814081],[6.9835,4.814153]]]}},{"type":"Feature","properties":{"h":3.0,"on_route":false},"geometry":{"type":"Polygon","coordinates":[[[6.983831,4.810124],[6.983806,4.810165],[6.983787,4.810153],[6.983737,4.810234],[6.983823,4.810287],[6.983788,4.810343],[6.983703,4.810291],[6.983686,4.810319],[6.983638,4.810289],[6.983764,4.810082],[6.983831,4.810124]]]}},{"type":"Feature","properties":{"h":3.0,"on_route":false},"geometry":{"type":"Polygon","coordinates":[[[6.980479,4.816928],[6.980475,4.817021],[6.980402,4.817018],[6.980407,4.816925],[6.980479,4.816928]]]}},{"type":"Feature","properties":{"h":3.0,"on_route":false},"geometry":{"type":"Polygon","coordinates":[[[6.982999,4.813625],[6.982984,4.813653],[6.983059,4.813694],[6.983028,4.81375],[6.982911,4.813686],[6.982957,4.813602],[6.982999,4.813625]]]}},{"type":"Feature","properties":{"h":3.0,"on_route":false},"geometry":{"type":"Polygon","coordinates":[[[6.978884,4.813061],[6.978881,4.813134],[6.978756,4.813129],[6.978759,4.813056],[6.978884,4.813061]]]}},{"type":"Feature","properties":{"h":3.0,"on_route":false},"geometry":{"type":"Polygon","coordinates":[[[6.980009,4.817462],[6.979942,4.817621],[6.979842,4.817578],[6.979872,4.817508],[6.979821,4.817486],[6.979858,4.817398],[6.980009,4.817462]]]}},{"type":"Feature","properties":{"h":3.0,"on_route":false},"geometry":{"type":"Polygon","coordinates":[[[6.981406,4.81748],[6.981404,4.817509],[6.981376,4.817507],[6.981377,4.817478],[6.981406,4.81748]]]}},{"type":"Feature","properties":{"h":3.0,"on_route":false},"geometry":{"type":"Polygon","coordinates":[[[6.978503,4.813686],[6.978499,4.813733],[6.978394,4.813725],[6.978397,4.813678],[6.978503,4.813686]]]}},{"type":"Feature","properties":{"h":3.0,"on_route":false},"geometry":{"type":"Polygon","coordinates":[[[6.981015,4.817393],[6.981003,4.817444],[6.980967,4.817436],[6.980978,4.817385],[6.981015,4.817393]]]}},{"type":"Feature","properties":{"h":3.0,"on_route":false},"geometry":{"type":"Polygon","coordinates":[[[6.980705,4.810895],[6.980698,4.811045],[6.980666,4.811044],[6.980663,4.811129],[6.980556,4.811125],[6.980567,4.810889],[6.980663,4.810893],[6.980705,4.810895]]]}},{"type":"Feature","properties":{"h":3.0,"on_route":false},"geometry":{"type":"Polygon","coordinates":[[[6.979533,4.815793],[6.979426,4.815716],[6.979592,4.815485],[6.979698,4.815562],[6.979533,4.815793]]]}},{"type":"Feature","properties":{"h":3.0,"on_route":false},"geometry":{"type":"Polygon","coordinates":[[[6.980302,4.813631],[6.980267,4.813789],[6.980247,4.813784],[6.980241,4.813809],[6.980153,4.81379],[6.980165,4.813732],[6.980138,4.813726],[6.980165,4.813601],[6.980302,4.813631]]]}},{"type":"Feature","properties":{"h":3.0,"on_route":false},"geometry":{"type":"Polygon","coordinates":[[[6.981004,4.812517],[6.980955,4.812616],[6.980879,4.812578],[6.980909,4.812518],[6.980891,4.812509],[6.98091,4.812471],[6.981004,4.812517]]]}},{"type":"Feature","properties":{"h":3.0,"on_route":false},"geometry":{"type":"Polygon","coordinates":[[[6.980481,4.817537],[6.980489,4.817628],[6.980436,4.817633],[6.980428,4.817541],[6.980481,4.817537]]]}},{"type":"Feature","properties":{"h":3.0,"on_route":false},"geometry":{"type":"Polygon","coordinates":[[[6.981709,4.817093],[6.981703,4.817114],[6.981772,4.817136],[6.981748,4.817214],[6.981653,4.817185],[6.981684,4.817085],[6.981709,4.817093]]]}},{"type":"Feature","properties":{"h":3.0,"on_route":false},"geometry":{"type":"Polygon","coordinates":[[[6.98605,4.813127],[6.986023,4.813247],[6.98595,4.813231],[6.985977,4.813111],[6.98605,4.813127]]]}},{"type":"Feature","properties":{"h":3.0,"on_route":false},"geometry":{"type":"Polygon","coordinates":[[[6.982724,4.811869],[6.982693,4.811978],[6.982589,4.811949],[6.98262,4.811839],[6.982724,4.811869]]]}},{"type":"Feature","properties":{"h":3.0,"on_route":false},"geometry":{"type":"Polygon","coordinates":[[[6.981498,4.811032],[6.981636,4.811123],[6.981588,4.811196],[6.981538,4.811164],[6.981501,4.811221],[6.981413,4.811163],[6.981498,4.811032]]]}},{"type":"Feature","properties":{"h":3.0,"on_route":false},"geometry":{"type":"Polygon","coordinates":[[[6.980625,4.813719],[6.98062,4.813777],[6.980565,4.813771],[6.980571,4.813713],[6.980625,4.813719]]]}},{"type":"Feature","properties":{"h":3.0,"on_route":false},"geometry":{"type":"Polygon","coordinates":[[[6.98227,4.816009],[6.982231,4.81615],[6.982089,4.816111],[6.982128,4.81597],[6.98227,4.816009]]]}},{"type":"Feature","properties":{"h":3.0,"on_route":false},"geometry":{"type":"Polygon","coordinates":[[[6.979694,4.812759],[6.97969,4.81297],[6.979619,4.812969],[6.979621,4.812864],[6.979605,4.812864],[6.979607,4.812758],[6.979694,4.812759]]]}},{"type":"Feature","properties":{"h":3.0,"on_route":false},"geometry":{"type":"Polygon","coordinates":[[[6.98573,4.81201],[6.985722,4.812046],[6.985683,4.812037],[6.98569,4.812002],[6.98573,4.81201]]]}},{"type":"Feature","properties":{"h":3.0,"on_route":false},"geometry":{"type":"Polygon","coordinates":[[[6.979244,4.816091],[6.979178,4.81624],[6.979149,4.816227],[6.979135,4.81626],[6.979066,4.816229],[6.97908,4.816196],[6.979028,4.816173],[6.979095,4.816024],[6.979244,4.816091]]]}},{"type":"Feature","properties":{"h":3.0,"on_route":false},"geometry":{"type":"Polygon","coordinates":[[[6.982947,4.810789],[6.982934,4.810874],[6.982777,4.810851],[6.982789,4.810766],[6.982947,4.810789]]]}},{"type":"Feature","properties":{"h":3.0,"on_route":false},"geometry":{"type":"Polygon","coordinates":[[[6.979711,4.815527],[6.979656,4.815547],[6.979621,4.815445],[6.979676,4.815426],[6.979711,4.815527]]]}},{"type":"Feature","properties":{"h":3.0,"on_route":false},"geometry":{"type":"Polygon","coordinates":[[[6.980757,4.814443],[6.980746,4.814559],[6.980477,4.814532],[6.980489,4.814417],[6.980757,4.814443]]]}},{"type":"Feature","properties":{"h":3.0,"on_route":false},"geometry":{"type":"Polygon","coordinates":[[[6.983936,4.811548],[6.983924,4.811635],[6.983819,4.81162],[6.983828,4.811558],[6.983859,4.811563],[6.983862,4.811538],[6.983936,4.811548]]]}},{"type":"Feature","properties":{"h":3.0,"on_route":false},"geometry":{"type":"Polygon","coordinates":[[[6.980933,4.813192],[6.980918,4.813332],[6.980669,4.813305],[6.980684,4.813165],[6.980933,4.813192]]]}},{"type":"Feature","properties":{"h":3.0,"on_route":false},"geometry":{"type":"Polygon","coordinates":[[[6.984081,4.811298],[6.984069,4.8114],[6.983929,4.811384],[6.983941,4.811282],[6.984081,4.811298]]]}},{"type":"Feature","properties":{"h":3.0,"on_route":false},"geometry":{"type":"Polygon","coordinates":[[[6.980818,4.811981],[6.980789,4.812034],[6.980716,4.811995],[6.980745,4.811941],[6.980818,4.811981]]]}},{"type":"Feature","properties":{"h":3.0,"on_route":false},"geometry":{"type":"Polygon","coordinates":[[[6.983771,4.812034],[6.983766,4.812057],[6.98399,4.812102],[6.983957,4.812269],[6.983733,4.812224],[6.983743,4.812171],[6.983652,4.812152],[6.983666,4.812081],[6.983703,4.812089],[6.983716,4.812022],[6.983771,4.812034]]]}},{"type":"Feature","properties":{"h":3.0,"on_route":false},"geometry":{"type":"Polygon","coordinates":[[[6.982192,4.812426],[6.982143,4.812521],[6.981964,4.812431],[6.982013,4.812335],[6.982192,4.812426]]]}},{"type":"Feature","properties":{"h":3.0,"on_route":false},"geometry":{"type":"Polygon","coordinates":[[[6.980577,4.813116],[6.980559,4.81329],[6.980381,4.813271],[6.9804,4.813097],[6.980577,4.813116]]]}},{"type":"Feature","properties":{"h":3.0,"on_route":false},"geometry":{"type":"Polygon","coordinates":[[[6.980719,4.816824],[6.980718,4.816837],[6.980748,4.816838],[6.980746,4.816872],[6.980682,4.816868],[6.98068,4.816896],[6.980638,4.816894],[6.980642,4.81682],[6.980719,4.816824]]]}},{"type":"Feature","properties":{"h":3.0,"on_route":false},"geometry":{"type":"Polygon","coordinates":[[[6.981551,4.815316],[6.981547,4.81536],[6.981512,4.815356],[6.981517,4.815312],[6.981551,4.815316]]]}},{"type":"Feature","properties":{"h":3.0,"on_route":false},"geometry":{"type":"Polygon","coordinates":[[[6.979013,4.815957],[6.978892,4.816164],[6.978805,4.816113],[6.978829,4.816072],[6.978812,4.816062],[6.9789,4.815911],[6.978917,4.815921],[6.978926,4.815905],[6.979013,4.815957]]]}},{"type":"Feature","properties":{"h":3.0,"on_route":false},"geometry":{"type":"Polygon","coordinates":[[[6.981216,4.814185],[6.98122,4.814141],[6.981376,4.814156],[6.981359,4.814338],[6.981174,4.81432],[6.981187,4.814182],[6.981216,4.814185]]]}},{"type":"Feature","properties":{"h":3.0,"on_route":false},"geometry":{"type":"Polygon","coordinates":[[[6.980797,4.810686],[6.980801,4.81075],[6.980742,4.810753],[6.980738,4.81069],[6.980797,4.810686]]]}},{"type":"Feature","properties":{"h":3.0,"on_route":false},"geometry":{"type":"Polygon","coordinates":[[[6.978828,4.813199],[6.978825,4.813279],[6.978774,4.813277],[6.978777,4.813197],[6.978828,4.813199]]]}},{"type":"Feature","properties":{"h":3.0,"on_route":false},"geometry":{"type":"Polygon","coordinates":[[[6.98304,4.810808],[6.98303,4.810857],[6.983074,4.810866],[6.983057,4.810952],[6.983107,4.810962],[6.983076,4.81112],[6.982918,4.811088],[6.982977,4.810795],[6.98304,4.810808]]]}},{"type":"Feature","properties":{"h":3.0,"on_route":false},"geometry":{"type":"Polygon","coordinates":[[[6.979092,4.814676],[6.978856,4.814729],[6.978832,4.814623],[6.979068,4.814569],[6.979092,4.814676]]]}},{"type":"Feature","properties":{"h":3.0,"on_route":false},"geometry":{"type":"Polygon","coordinates":[[[6.979447,4.812796],[6.979453,4.812951],[6.979334,4.812956],[6.979327,4.812801],[6.979447,4.812796]]]}},{"type":"Feature","properties":{"h":3.0,"on_route":false},"geometry":{"type":"Polygon","coordinates":[[[6.983972,4.81048],[6.983914,4.810644],[6.983786,4.810599],[6.983844,4.810435],[6.983972,4.81048]]]}},{"type":"Feature","properties":{"h":3.0,"on_route":false},"geometry":{"type":"Polygon","coordinates":[[[6.983727,4.81306],[6.983685,4.813195],[6.983619,4.813174],[6.983661,4.813039],[6.983727,4.81306]]]}},{"type":"Feature","properties":{"h":3.0,"on_route":false},"geometry":{"type":"Polygon","coordinates":[[[6.980879,4.812443],[6.980875,4.812573],[6.980709,4.812569],[6.980712,4.812439],[6.980879,4.812443]]]}},{"type":"Feature","properties":{"h":3.0,"on_route":false},"geometry":{"type":"Polygon","coordinates":[[[6.980643,4.812565],[6.980631,4.812617],[6.980516,4.812589],[6.980528,4.812537],[6.980643,4.812565]]]}},{"type":"Feature","properties":{"h":3.0,"on_route":false},"geometry":{"type":"Polygon","coordinates":[[[6.985409,4.816557],[6.985384,4.816669],[6.985288,4.816648],[6.985313,4.816536],[6.985409,4.816557]]]}},{"type":"Feature","properties":{"h":3.0,"on_route":false},"geometry":{"type":"Polygon","coordinates":[[[6.984148,4.816782],[6.984114,4.816878],[6.983895,4.816801],[6.983929,4.816705],[6.984148,4.816782]]]}},{"type":"Feature","properties":{"h":3.0,"on_route":false},"geometry":{"type":"Polygon","coordinates":[[[6.979424,4.812099],[6.979316,4.812106],[6.979301,4.811868],[6.97941,4.811862],[6.979424,4.812099]]]}},{"type":"Feature","properties":{"h":3.0,"on_route":false},"geometry":{"type":"Polygon","coordinates":[[[6.983793,4.811617],[6.983784,4.811684],[6.983717,4.811674],[6.983726,4.811607],[6.983793,4.811617]]]}},{"type":"Feature","properties":{"h":3.0,"on_route":false},"geometry":{"type":"Polygon","coordinates":[[[6.984132,4.81166],[6.984119,4.81176],[6.983994,4.811744],[6.984006,4.811644],[6.984132,4.81166]]]}},{"type":"Feature","properties":{"h":3.0,"on_route":false},"geometry":{"type":"Polygon","coordinates":[[[6.979003,4.813631],[6.979001,4.813672],[6.978948,4.81367],[6.978949,4.813629],[6.979003,4.813631]]]}},{"type":"Feature","properties":{"h":3.0,"on_route":false},"geometry":{"type":"Polygon","coordinates":[[[6.981259,4.816787],[6.98124,4.816884],[6.981128,4.816862],[6.981147,4.816765],[6.981259,4.816787]]]}},{"type":"Feature","properties":{"h":3.0,"on_route":false},"geometry":{"type":"Polygon","coordinates":[[[6.981672,4.816993],[6.981655,4.817101],[6.98154,4.817083],[6.981556,4.816976],[6.981672,4.816993]]]}},{"type":"Feature","properties":{"h":3.0,"on_route":false},"geometry":{"type":"Polygon","coordinates":[[[6.981456,4.81372],[6.981439,4.813833],[6.981172,4.813792],[6.981189,4.81368],[6.981456,4.81372]]]}},{"type":"Feature","properties":{"h":3.0,"on_route":false},"geometry":{"type":"Polygon","coordinates":[[[6.980107,4.812541],[6.980101,4.812595],[6.979937,4.812579],[6.979942,4.812525],[6.980107,4.812541]]]}},{"type":"Feature","properties":{"h":3.0,"on_route":false},"geometry":{"type":"Polygon","coordinates":[[[6.984123,4.811044],[6.984103,4.811091],[6.984034,4.81106],[6.984054,4.811013],[6.984123,4.811044]]]}},{"type":"Feature","properties":{"h":3.0,"on_route":false},"geometry":{"type":"Polygon","coordinates":[[[6.979722,4.813425],[6.979715,4.813472],[6.979666,4.813464],[6.979654,4.813537],[6.979458,4.813504],[6.979478,4.813384],[6.979722,4.813425]]]}},{"type":"Feature","properties":{"h":3.0,"on_route":false},"geometry":{"type":"Polygon","coordinates":[[[6.982863,4.810318],[6.982848,4.810402],[6.982793,4.810392],[6.982808,4.810308],[6.982863,4.810318]]]}},{"type":"Feature","properties":{"h":3.0,"on_route":false},"geometry":{"type":"Polygon","coordinates":[[[6.982485,4.813281],[6.982469,4.813309],[6.982626,4.8134],[6.982575,4.813489],[6.982329,4.813347],[6.982339,4.813328],[6.982355,4.813337],[6.982412,4.813239],[6.982485,4.813281]]]}},{"type":"Feature","properties":{"h":3.0,"on_route":false},"geometry":{"type":"Polygon","coordinates":[[[6.984322,4.810666],[6.984311,4.810715],[6.984222,4.810695],[6.984233,4.810645],[6.984322,4.810666]]]}},{"type":"Feature","properties":{"h":3.0,"on_route":false},"geometry":{"type":"Polygon","coordinates":[[[6.980929,4.816849],[6.980921,4.816989],[6.980871,4.816986],[6.98087,4.817004],[6.9808,4.817],[6.980809,4.816842],[6.980929,4.816849]]]}},{"type":"Feature","properties":{"h":3.0,"on_route":false},"geometry":{"type":"Polygon","coordinates":[[[6.979709,4.812485],[6.979706,4.812534],[6.979678,4.812533],[6.97968,4.812484],[6.979709,4.812485]]]}},{"type":"Feature","properties":{"h":3.0,"on_route":false},"geometry":{"type":"Polygon","coordinates":[[[6.981605,4.816393],[6.981549,4.816536],[6.981395,4.816475],[6.981418,4.816417],[6.981445,4.816428],[6.981478,4.816343],[6.981605,4.816393]]]}},{"type":"Feature","properties":{"h":3.0,"on_route":false},"geometry":{"type":"Polygon","coordinates":[[[6.981044,4.81321],[6.981253,4.813233],[6.981246,4.813296],[6.981037,4.813273],[6.981044,4.81321]]]}},{"type":"Feature","properties":{"h":3.0,"on_route":true},"geometry":{"type":"Polygon","coordinates":[[[6.985832,4.814242],[6.985844,4.814173],[6.986438,4.814279],[6.986422,4.814369],[6.986458,4.814376],[6.986462,4.814356],[6.986478,4.814358],[6.986474,4.814379],[6.986536,4.81439],[6.986482,4.814691],[6.986417,4.814679],[6.986454,4.814471],[6.986378,4.814458],[6.986348,4.814628],[6.98629,4.814618],[6.986287,4.814635],[6.986213,4.814621],[6.986216,4.814604],[6.986088,4.814581],[6.986085,4.814599],[6.985977,4.814579],[6.98598,4.814562],[6.985736,4.814518],[6.985787,4.814234],[6.985832,4.814242]]]}},{"type":"Feature","properties":{"h":3.0,"on_route":false},"geometry":{"type":"Polygon","coordinates":[[[6.980707,4.814844],[6.980694,4.814955],[6.980649,4.814949],[6.980662,4.814839],[6.980707,4.814844]]]}},{"type":"Feature","properties":{"h":3.0,"on_route":false},"geometry":{"type":"Polygon","coordinates":[[[6.985548,4.811781],[6.985517,4.811897],[6.984974,4.81175],[6.984986,4.811705],[6.984954,4.811697],[6.984974,4.811625],[6.985548,4.811781]]]}},{"type":"Feature","properties":{"h":3.0,"on_route":false},"geometry":{"type":"Polygon","coordinates":[[[6.983212,4.810828],[6.983247,4.810834],[6.983214,4.811042],[6.983103,4.811025],[6.983136,4.810816],[6.983172,4.810822],[6.983176,4.810801],[6.983216,4.810808],[6.983212,4.810828]]]}},{"type":"Feature","properties":{"h":3.0,"on_route":false},"geometry":{"type":"Polygon","coordinates":[[[6.979237,4.813724],[6.979237,4.813761],[6.979158,4.81376],[6.979158,4.813724],[6.979237,4.813724]]]}},{"type":"Feature","properties":{"h":3.0,"on_route":false},"geometry":{"type":"Polygon","coordinates":[[[6.981587,4.817211],[6.981582,4.817295],[6.981537,4.817292],[6.981539,4.817264],[6.981466,4.81726],[6.98147,4.817204],[6.981587,4.817211]]]}},{"type":"Feature","properties":{"h":3.0,"on_route":false},"geometry":{"type":"Polygon","coordinates":[[[6.980346,4.810749],[6.980226,4.810764],[6.980214,4.810665],[6.980334,4.81065],[6.980346,4.810749]]]}},{"type":"Feature","properties":{"h":3.0,"on_route":false},"geometry":{"type":"Polygon","coordinates":[[[6.978532,4.812795],[6.978536,4.812889],[6.97846,4.812893],[6.978455,4.812799],[6.978532,4.812795]]]}},{"type":"Feature","properties":{"h":3.0,"on_route":false},"geometry":{"type":"Polygon","coordinates":[[[6.985242,4.816179],[6.985231,4.816247],[6.985119,4.816229],[6.98513,4.816161],[6.985242,4.816179]]]}},{"type":"Feature","properties":{"h":3.0,"on_route":false},"geometry":{"type":"Polygon","coordinates":[[[6.981577,4.81344],[6.981584,4.813419],[6.981722,4.813463],[6.981716,4.813484],[6.981771,4.813502],[6.981718,4.81367],[6.981507,4.813603],[6.98156,4.813435],[6.981577,4.81344]]]}},{"type":"Feature","properties":{"h":3.0,"on_route":false},"geometry":{"type":"Polygon","coordinates":[[[6.983561,4.817426],[6.983542,4.81752],[6.98356,4.817524],[6.983518,4.817737],[6.983359,4.817706],[6.983374,4.817633],[6.983407,4.817639],[6.983454,4.817405],[6.983561,4.817426]]]}},{"type":"Feature","properties":{"h":3.0,"on_route":false},"geometry":{"type":"Polygon","coordinates":[[[6.981749,4.816835],[6.981682,4.816995],[6.981637,4.816977],[6.981666,4.816908],[6.981611,4.816885],[6.981599,4.816914],[6.981629,4.816926],[6.981604,4.816986],[6.981527,4.816953],[6.981601,4.816774],[6.981749,4.816835]]]}},{"type":"Feature","properties":{"h":3.0,"on_route":false},"geometry":{"type":"Polygon","coordinates":[[[6.97942,4.816145],[6.979384,4.816215],[6.979419,4.816233],[6.979374,4.816321],[6.979198,4.81623],[6.979279,4.816072],[6.97942,4.816145]]]}},{"type":"Feature","properties":{"h":3.0,"on_route":false},"geometry":{"type":"Polygon","coordinates":[[[6.981255,4.817449],[6.981232,4.817601],[6.981149,4.817588],[6.981172,4.817437],[6.981255,4.817449]]]}},{"type":"Feature","properties":{"h":3.0,"on_route":false},"geometry":{"type":"Polygon","coordinates":[[[6.98252,4.811817],[6.98252,4.811851],[6.982497,4.811851],[6.982497,4.811817],[6.98252,4.811817]]]}},{"type":"Feature","properties":{"h":3.0,"on_route":false},"geometry":{"type":"Polygon","coordinates":[[[6.982685,4.817419],[6.982691,4.817401],[6.98282,4.817444],[6.982805,4.817489],[6.982663,4.817441],[6.982671,4.817414],[6.982685,4.817419]]]}},{"type":"Feature","properties":{"h":3.0,"on_route":false},"geometry":{"type":"Polygon","coordinates":[[[6.978494,4.813093],[6.978481,4.813327],[6.978441,4.813325],[6.978442,4.81331],[6.9784,4.813308],[6.978412,4.813088],[6.978494,4.813093]]]}},{"type":"Feature","properties":{"h":3.0,"on_route":false},"geometry":{"type":"Polygon","coordinates":[[[6.978607,4.81359],[6.978604,4.813638],[6.978551,4.813635],[6.978553,4.813587],[6.978607,4.81359]]]}},{"type":"Feature","properties":{"h":3.0,"on_route":false},"geometry":{"type":"Polygon","coordinates":[[[6.984511,4.813237],[6.984499,4.813294],[6.984362,4.813265],[6.984374,4.813208],[6.984511,4.813237]]]}},{"type":"Feature","properties":{"h":3.0,"on_route":false},"geometry":{"type":"Polygon","coordinates":[[[6.983294,4.812205],[6.983271,4.812339],[6.983177,4.812323],[6.9832,4.812189],[6.983294,4.812205]]]}},{"type":"Feature","properties":{"h":3.0,"on_route":false},"geometry":{"type":"Polygon","coordinates":[[[6.981179,4.812954],[6.981129,4.812929],[6.981195,4.812793],[6.981246,4.812818],[6.981179,4.812954]]]}},{"type":"Feature","properties":{"h":3.0,"on_route":false},"geometry":{"type":"Polygon","coordinates":[[[6.978879,4.812465],[6.978811,4.81247],[6.978803,4.812353],[6.978871,4.812349],[6.978879,4.812465]]]}},{"type":"Feature","properties":{"h":3.0,"on_route":false},"geometry":{"type":"Polygon","coordinates":[[[6.980432,4.810821],[6.980421,4.810909],[6.980493,4.810919],[6.980481,4.811013],[6.980462,4.811011],[6.980464,4.810989],[6.980407,4.810981],[6.980339,4.810893],[6.98035,4.81081],[6.980432,4.810821]]]}},{"type":"Feature","properties":{"h":3.0,"on_route":false},"geometry":{"type":"Polygon","coordinates":[[[6.98065,4.815836],[6.980647,4.815879],[6.980501,4.81587],[6.980504,4.815827],[6.98065,4.815836]]]}},{"type":"Feature","properties":{"h":3.0,"on_route":false},"geometry":{"type":"Polygon","coordinates":[[[6.981562,4.810743],[6.981496,4.8107],[6.981582,4.810569],[6.981648,4.810613],[6.981562,4.810743]]]}},{"type":"Feature","properties":{"h":3.0,"on_route":false},"geometry":{"type":"Polygon","coordinates":[[[6.979975,4.81543],[6.979833,4.815441],[6.979827,4.815358],[6.979969,4.815346],[6.979975,4.81543]]]}},{"type":"Feature","properties":{"h":3.0,"on_route":false},"geometry":{"type":"Polygon","coordinates":[[[6.980242,4.817519],[6.980151,4.817528],[6.980141,4.817426],[6.980232,4.817417],[6.980242,4.817519]]]}},{"type":"Feature","properties":{"h":3.0,"on_route":false},"geometry":{"type":"Polygon","coordinates":[[[6.98252,4.816083],[6.982511,4.81614],[6.982424,4.816127],[6.982432,4.81607],[6.98252,4.816083]]]}},{"type":"Feature","properties":{"h":3.0,"on_route":false},"geometry":{"type":"Polygon","coordinates":[[[6.98274,4.811064],[6.982626,4.811012],[6.982657,4.810943],[6.982679,4.810953],[6.982709,4.810888],[6.982737,4.810901],[6.982757,4.810858],[6.982821,4.810887],[6.98274,4.811064]]]}},{"type":"Feature","properties":{"h":3.0,"on_route":false},"geometry":{"type":"Polygon","coordinates":[[[6.984196,4.815734],[6.984188,4.815779],[6.984124,4.815768],[6.984132,4.815723],[6.984196,4.815734]]]}},{"type":"Feature","properties":{"h":3.0,"on_route":false},"geometry":{"type":"Polygon","coordinates":[[[6.983713,4.810929],[6.983675,4.811073],[6.983589,4.81105],[6.983627,4.810906],[6.983713,4.810929]]]}},{"type":"Feature","properties":{"h":3.0,"on_route":false},"geometry":{"type":"Polygon","coordinates":[[[6.979199,4.813132],[6.9792,4.813166],[6.979143,4.813168],[6.979142,4.813134],[6.979199,4.813132]]]}},{"type":"Feature","properties":{"h":3.0,"on_route":false},"geometry":{"type":"Polygon","coordinates":[[[6.979004,4.812979],[6.979002,4.813055],[6.97906,4.813056],[6.979058,4.813161],[6.978879,4.813157],[6.978883,4.812976],[6.979004,4.812979]]]}},{"type":"Feature","properties":{"h":3.0,"on_route":false},"geometry":{"type":"Polygon","coordinates":[[[6.981025,4.817261],[6.980941,4.817267],[6.980943,4.817313],[6.980851,4.817318],[6.980845,4.817225],[6.981022,4.817215],[6.981025,4.817261]]]}},{"type":"Feature","properties":{"h":3.0,"on_route":false},"geometry":{"type":"Polygon","coordinates":[[[6.979497,4.812591],[6.979491,4.812715],[6.979427,4.812712],[6.979433,4.812588],[6.979497,4.812591]]]}},{"type":"Feature","properties":{"h":3.0,"on_route":false},"geometry":{"type":"Polygon","coordinates":[[[6.980551,4.813051],[6.980544,4.81311],[6.980469,4.813102],[6.980476,4.813042],[6.980551,4.813051]]]}},{"type":"Feature","properties":{"h":3.0,"on_route":false},"geometry":{"type":"Polygon","coordinates":[[[6.978636,4.812883],[6.978626,4.813043],[6.97858,4.81304],[6.978591,4.81288],[6.978636,4.812883]]]}},{"type":"Feature","properties":{"h":3.0,"on_route":false},"geometry":{"type":"Polygon","coordinates":[[[6.982313,4.813313],[6.982242,4.813272],[6.982325,4.813128],[6.982396,4.813169],[6.982313,4.813313]]]}},{"type":"Feature","properties":{"h":3.0,"on_route":false},"geometry":{"type":"Polygon","coordinates":[[[6.981664,4.812719],[6.981632,4.812776],[6.98159,4.812753],[6.981622,4.812696],[6.981664,4.812719]]]}},{"type":"Feature","properties":{"h":3.0,"on_route":false},"geometry":{"type":"Polygon","coordinates":[[[6.981579,4.817293],[6.981567,4.817452],[6.981522,4.817448],[6.981525,4.817413],[6.98148,4.817409],[6.981477,4.817445],[6.98143,4.817441],[6.981442,4.817282],[6.981579,4.817293]]]}},{"type":"Feature","properties":{"h":3.0,"on_route":false},"geometry":{"type":"Polygon","coordinates":[[[6.978306,4.814444],[6.9783,4.814525],[6.978153,4.814514],[6.978159,4.814433],[6.978306,4.814444]]]}},{"type":"Feature","properties":{"h":3.0,"on_route":false},"geometry":{"type":"Polygon","coordinates":[[[6.984028,4.811114],[6.984023,4.811158],[6.983956,4.811151],[6.98396,4.811108],[6.984028,4.811114]]]}},{"type":"Feature","properties":{"h":3.0,"on_route":false},"geometry":{"type":"Polygon","coordinates":[[[6.98046,4.817333],[6.980494,4.817488],[6.98043,4.817502],[6.980397,4.817347],[6.98046,4.817333]]]}},{"type":"Feature","properties":{"h":3.0,"on_route":false},"geometry":{"type":"Polygon","coordinates":[[[6.979682,4.815947],[6.979541,4.816179],[6.97944,4.816118],[6.979581,4.815886],[6.979682,4.815947]]]}},{"type":"Feature","properties":{"h":3.0,"on_route":false},"geometry":{"type":"Polygon","coordinates":[[[6.982294,4.817051],[6.982276,4.817098],[6.982237,4.817083],[6.982256,4.817036],[6.982294,4.817051]]]}},{"type":"Feature","properties":{"h":3.0,"on_route":false},"geometry":{"type":"Polygon","coordinates":[[[6.981148,4.815933],[6.98113,4.8161],[6.980988,4.816085],[6.981006,4.815917],[6.981148,4.815933]]]}},{"type":"Feature","properties":{"h":3.0,"on_route":false},"geometry":{"type":"Polygon","coordinates":[[[6.981163,4.817299],[6.981028,4.817307],[6.981022,4.817215],[6.981157,4.817206],[6.981163,4.817299]]]}},{"type":"Feature","properties":{"h":3.0,"on_route":false},"geometry":{"type":"Polygon","coordinates":[[[6.979894,4.812809],[6.979889,4.812835],[6.979919,4.812841],[6.97989,4.812982],[6.979826,4.81297],[6.979857,4.812803],[6.979894,4.812809]]]}},{"type":"Feature","properties":{"h":3.0,"on_route":false},"geometry":{"type":"Polygon","coordinates":[[[6.979108,4.815518],[6.979089,4.815558],[6.979029,4.815529],[6.979048,4.815489],[6.979108,4.815518]]]}},{"type":"Feature","properties":{"h":3.0,"on_route":false},"geometry":{"type":"Polygon","coordinates":[[[6.985159,4.815608],[6.985158,4.815641],[6.985118,4.81564],[6.985119,4.815606],[6.985159,4.815608]]]}},{"type":"Feature","properties":{"h":3.0,"on_route":false},"geometry":{"type":"Polygon","coordinates":[[[6.978967,4.814],[6.978946,4.814185],[6.97885,4.814174],[6.978853,4.814147],[6.978796,4.81414],[6.978813,4.813983],[6.978967,4.814]]]}},{"type":"Feature","properties":{"h":3.0,"on_route":false},"geometry":{"type":"Polygon","coordinates":[[[6.982764,4.816382],[6.982744,4.816524],[6.982651,4.816511],[6.982663,4.816424],[6.982617,4.816418],[6.982615,4.816432],[6.982573,4.816426],[6.982583,4.816356],[6.982764,4.816382]]]}},{"type":"Feature","properties":{"h":3.0,"on_route":false},"geometry":{"type":"Polygon","coordinates":[[[6.98387,4.812359],[6.983852,4.81246],[6.983738,4.812439],[6.983756,4.812339],[6.98387,4.812359]]]}},{"type":"Feature","properties":{"h":3.0,"on_route":false},"geometry":{"type":"Polygon","coordinates":[[[6.980827,4.811863],[6.980778,4.811822],[6.980803,4.811792],[6.980817,4.811803],[6.980855,4.811757],[6.98089,4.811786],[6.980827,4.811863]]]}},{"type":"Feature","properties":{"h":3.0,"on_route":false},"geometry":{"type":"Polygon","coordinates":[[[6.985591,4.816248],[6.98558,4.816294],[6.985529,4.816283],[6.985521,4.816318],[6.985475,4.816308],[6.985493,4.816226],[6.985591,4.816248]]]}},{"type":"Feature","properties":{"h":3.0,"on_route":false},"geometry":{"type":"Polygon","coordinates":[[[6.980793,4.810609],[6.980791,4.810662],[6.980675,4.810657],[6.980677,4.810604],[6.980793,4.810609]]]}},{"type":"Feature","properties":{"h":3.0,"on_route":false},"geometry":{"type":"Polygon","coordinates":[[[6.980772,4.817645],[6.980769,4.817767],[6.980596,4.817764],[6.980598,4.817642],[6.980772,4.817645]]]}},{"type":"Feature","properties":{"h":3.0,"on_route":false},"geometry":{"type":"Polygon","coordinates":[[[6.980002,4.81204],[6.979995,4.812145],[6.979866,4.812136],[6.979873,4.812031],[6.980002,4.81204]]]}},{"type":"Feature","properties":{"h":3.0,"on_route":false},"geometry":{"type":"Polygon","coordinates":[[[6.984422,4.810439],[6.984386,4.810542],[6.984231,4.810488],[6.984268,4.810384],[6.984422,4.810439]]]}},{"type":"Feature","properties":{"h":3.0,"on_route":false},"geometry":{"type":"Polygon","coordinates":[[[6.978724,4.8148],[6.978538,4.814838],[6.978509,4.814697],[6.978502,4.814662],[6.978687,4.814623],[6.978724,4.8148]]]}},{"type":"Feature","properties":{"h":3.0,"on_route":false},"geometry":{"type":"Polygon","coordinates":[[[6.979162,4.813512],[6.97916,4.813653],[6.97907,4.813652],[6.979072,4.813511],[6.979162,4.813512]]]}},{"type":"Feature","properties":{"h":3.0,"on_route":false},"geometry":{"type":"Polygon","coordinates":[[[6.980944,4.818426],[6.980931,4.818526],[6.980695,4.818493],[6.980709,4.818393],[6.980944,4.818426]]]}},{"type":"Feature","properties":{"h":3.0,"on_route":false},"geometry":{"type":"Polygon","coordinates":[[[6.98322,4.810683],[6.983209,4.810815],[6.983088,4.810804],[6.983095,4.810731],[6.983142,4.810735],[6.983147,4.810676],[6.98322,4.810683]]]}},{"type":"Feature","properties":{"h":3.0,"on_route":false},"geometry":{"type":"Polygon","coordinates":[[[6.980579,4.817776],[6.980577,4.817815],[6.980537,4.817813],[6.980539,4.817774],[6.980579,4.817776]]]}},{"type":"Feature","properties":{"h":3.0,"on_route":false},"geometry":{"type":"Polygon","coordinates":[[[6.98068,4.81054],[6.980668,4.810833],[6.980571,4.810829],[6.980577,4.810682],[6.980557,4.810681],[6.980564,4.810535],[6.98068,4.81054]]]}},{"type":"Feature","properties":{"h":3.0,"on_route":false},"geometry":{"type":"Polygon","coordinates":[[[6.978886,4.812587],[6.978887,4.812615],[6.978928,4.812613],[6.97893,4.812653],[6.978827,4.812658],[6.978824,4.81259],[6.978886,4.812587]]]}},{"type":"Feature","properties":{"h":3.0,"on_route":false},"geometry":{"type":"Polygon","coordinates":[[[6.98269,4.812556],[6.982638,4.812628],[6.982583,4.812587],[6.982635,4.812516],[6.98269,4.812556]]]}},{"type":"Feature","properties":{"h":3.0,"on_route":false},"geometry":{"type":"Polygon","coordinates":[[[6.982329,4.817201],[6.982313,4.817249],[6.982252,4.817229],[6.982269,4.81718],[6.982329,4.817201]]]}},{"type":"Feature","properties":{"h":3.0,"on_route":false},"geometry":{"type":"Polygon","coordinates":[[[6.98277,4.81234],[6.982702,4.812532],[6.982628,4.812505],[6.982676,4.81237],[6.982655,4.812362],[6.982675,4.812306],[6.98277,4.81234]]]}},{"type":"Feature","properties":{"h":3.0,"on_route":false},"geometry":{"type":"Polygon","coordinates":[[[6.980188,4.812411],[6.980169,4.812472],[6.98011,4.812453],[6.980129,4.812393],[6.980188,4.812411]]]}},{"type":"Feature","properties":{"h":3.0,"on_route":false},"geometry":{"type":"Polygon","coordinates":[[[6.984103,4.811091],[6.984079,4.811145],[6.983959,4.811091],[6.983983,4.811037],[6.984103,4.811091]]]}},{"type":"Feature","properties":{"h":3.0,"on_route":false},"geometry":{"type":"Polygon","coordinates":[[[6.981197,4.810571],[6.981137,4.810532],[6.981172,4.810476],[6.981097,4.810429],[6.981131,4.810375],[6.981154,4.810389],[6.981256,4.810227],[6.981233,4.810212],[6.981284,4.810132],[6.981419,4.810218],[6.981197,4.810571]]]}},{"type":"Feature","properties":{"h":3.0,"on_route":false},"geometry":{"type":"Polygon","coordinates":[[[6.984252,4.810337],[6.984224,4.810415],[6.984015,4.810339],[6.984043,4.810261],[6.984252,4.810337]]]}},{"type":"Feature","properties":{"h":3.0,"on_route":false},"geometry":{"type":"Polygon","coordinates":[[[6.980601,4.81551],[6.980597,4.815561],[6.980553,4.815557],[6.980557,4.815507],[6.980601,4.81551]]]}},{"type":"Feature","properties":{"h":3.0,"on_route":false},"geometry":{"type":"Polygon","coordinates":[[[6.983393,4.810323],[6.98336,4.810498],[6.983202,4.810469],[6.983235,4.810293],[6.983393,4.810323]]]}},{"type":"Feature","properties":{"h":3.0,"on_route":false},"geometry":{"type":"Polygon","coordinates":[[[6.984868,4.816133],[6.984862,4.816187],[6.984787,4.816179],[6.984792,4.816125],[6.984868,4.816133]]]}},{"type":"Feature","properties":{"h":3.0,"on_route":false},"geometry":{"type":"Polygon","coordinates":[[[6.982105,4.816686],[6.982095,4.816722],[6.982066,4.816714],[6.982075,4.816678],[6.982105,4.816686]]]}},{"type":"Feature","properties":{"h":3.0,"on_route":false},"geometry":{"type":"Polygon","coordinates":[[[6.982464,4.816982],[6.982446,4.817043],[6.982347,4.817014],[6.982365,4.816953],[6.982464,4.816982]]]}},{"type":"Feature","properties":{"h":3.0,"on_route":false},"geometry":{"type":"Polygon","coordinates":[[[6.979791,4.815917],[6.979769,4.815956],[6.97969,4.815911],[6.979712,4.815871],[6.979791,4.815917]]]}},{"type":"Feature","properties":{"h":3.0,"on_route":false},"geometry":{"type":"Polygon","coordinates":[[[6.985859,4.812827],[6.985837,4.812893],[6.985786,4.812876],[6.985808,4.81281],[6.985859,4.812827]]]}},{"type":"Feature","properties":{"h":3.0,"on_route":false},"geometry":{"type":"Polygon","coordinates":[[[6.982117,4.817669],[6.9821,4.817735],[6.982008,4.817712],[6.982025,4.817646],[6.982117,4.817669]]]}},{"type":"Feature","properties":{"h":3.0,"on_route":false},"geometry":{"type":"Polygon","coordinates":[[[6.980528,4.816931],[6.98053,4.816886],[6.980566,4.816887],[6.980564,4.816944],[6.980682,4.816948],[6.980679,4.817025],[6.980479,4.817017],[6.980482,4.816929],[6.980528,4.816931]]]}},{"type":"Feature","properties":{"h":3.0,"on_route":false},"geometry":{"type":"Polygon","coordinates":[[[6.983007,4.816203],[6.983,4.816254],[6.983067,4.816264],[6.983054,4.81636],[6.982921,4.816342],[6.982924,4.816318],[6.982437,4.816251],[6.982454,4.816127],[6.983007,4.816203]]]}},{"type":"Feature","properties":{"h":3.0,"on_route":false},"geometry":{"type":"Polygon","coordinates":[[[6.981344,4.816818],[6.9814,4.816687],[6.981601,4.816774],[6.981521,4.816965],[6.981461,4.816939],[6.981503,4.816843],[6.981441,4.816817],[6.981408,4.816895],[6.981355,4.816872],[6.981339,4.816909],[6.981245,4.816868],[6.981278,4.81679],[6.981344,4.816818]]]}},{"type":"Feature","properties":{"h":3.0,"on_route":false},"geometry":{"type":"Polygon","coordinates":[[[6.978834,4.814597],[6.978863,4.814771],[6.978771,4.814786],[6.978742,4.814612],[6.978834,4.814597]]]}},{"type":"Feature","properties":{"h":3.0,"on_route":false},"geometry":{"type":"Polygon","coordinates":[[[6.979829,4.816342],[6.979804,4.816388],[6.979861,4.816418],[6.979784,4.816562],[6.979662,4.816497],[6.979764,4.816307],[6.979829,4.816342]]]}},{"type":"Feature","properties":{"h":3.0,"on_route":false},"geometry":{"type":"Polygon","coordinates":[[[6.980031,4.812153],[6.98003,4.812168],[6.980071,4.812172],[6.980061,4.812283],[6.98002,4.81228],[6.980017,4.812309],[6.979969,4.812304],[6.979981,4.812169],[6.98,4.812171],[6.980002,4.812151],[6.980031,4.812153]]]}},{"type":"Feature","properties":{"h":3.0,"on_route":false},"geometry":{"type":"Polygon","coordinates":[[[6.983139,4.812461],[6.983096,4.812594],[6.983006,4.812564],[6.983049,4.812431],[6.983139,4.812461]]]}},{"type":"Feature","properties":{"h":3.0,"on_route":false},"geometry":{"type":"Polygon","coordinates":[[[6.983188,4.811207],[6.983162,4.811309],[6.983038,4.811277],[6.983065,4.811175],[6.983188,4.811207]]]}},{"type":"Feature","properties":{"h":3.0,"on_route":false},"geometry":{"type":"Polygon","coordinates":[[[6.983576,4.810684],[6.983542,4.810822],[6.983411,4.810789],[6.983426,4.810728],[6.983505,4.810748],[6.983515,4.810709],[6.983484,4.810701],[6.983494,4.810663],[6.983576,4.810684]]]}},{"type":"Feature","properties":{"h":3.0,"on_route":false},"geometry":{"type":"Polygon","coordinates":[[[6.980556,4.813332],[6.980554,4.813378],[6.980484,4.813375],[6.980487,4.813329],[6.980556,4.813332]]]}},{"type":"Feature","properties":{"h":3.0,"on_route":false},"geometry":{"type":"Polygon","coordinates":[[[6.984454,4.810999],[6.984425,4.811107],[6.98437,4.811092],[6.984375,4.811073],[6.98429,4.81105],[6.984313,4.810962],[6.984454,4.810999]]]}},{"type":"Feature","properties":{"h":3.0,"on_route":false},"geometry":{"type":"Polygon","coordinates":[[[6.97827,4.815068],[6.97828,4.815166],[6.978212,4.815173],[6.978201,4.815075],[6.97827,4.815068]]]}},{"type":"Feature","properties":{"h":3.0,"on_route":false},"geometry":{"type":"Polygon","coordinates":[[[6.983721,4.810771],[6.983695,4.810847],[6.983617,4.81082],[6.983644,4.810744],[6.983721,4.810771]]]}},{"type":"Feature","properties":{"h":3.0,"on_route":false},"geometry":{"type":"Polygon","coordinates":[[[6.983779,4.812896],[6.983751,4.812983],[6.983637,4.812947],[6.983665,4.81286],[6.983779,4.812896]]]}},{"type":"Feature","properties":{"h":3.0,"on_route":false},"geometry":{"type":"Polygon","coordinates":[[[6.982929,4.812546],[6.982893,4.812616],[6.982827,4.812581],[6.982863,4.812511],[6.982929,4.812546]]]}},{"type":"Feature","properties":{"h":3.0,"on_route":false},"geometry":{"type":"Polygon","coordinates":[[[6.97925,4.816433],[6.979208,4.816533],[6.979058,4.816469],[6.9791,4.816369],[6.97925,4.816433]]]}},{"type":"Feature","properties":{"h":3.0,"on_route":false},"geometry":{"type":"Polygon","coordinates":[[[6.978621,4.813723],[6.978624,4.81377],[6.978646,4.813769],[6.978651,4.813893],[6.978629,4.813894],[6.978632,4.813952],[6.978517,4.813958],[6.978506,4.813728],[6.978621,4.813723]]]}},{"type":"Feature","properties":{"h":3.0,"on_route":false},"geometry":{"type":"Polygon","coordinates":[[[6.979061,4.812122],[6.978856,4.812132],[6.97885,4.812017],[6.979056,4.812006],[6.979061,4.812122]]]}},{"type":"Feature","properties":{"h":3.0,"on_route":false},"geometry":{"type":"Polygon","coordinates":[[[6.978299,4.814056],[6.978311,4.814152],[6.978255,4.814159],[6.978243,4.814063],[6.978299,4.814056]]]}},{"type":"Feature","properties":{"h":3.0,"on_route":false},"geometry":{"type":"Polygon","coordinates":[[[6.98335,4.811019],[6.98334,4.811068],[6.983239,4.811047],[6.983249,4.810998],[6.98335,4.811019]]]}},{"type":"Feature","properties":{"h":3.0,"on_route":false},"geometry":{"type":"Polygon","coordinates":[[[6.979806,4.817226],[6.979767,4.817316],[6.97965,4.817265],[6.979689,4.817175],[6.979806,4.817226]]]}},{"type":"Feature","properties":{"h":3.0,"on_route":false},"geometry":{"type":"Polygon","coordinates":[[[6.979872,4.816556],[6.979862,4.816595],[6.979819,4.816584],[6.979829,4.816545],[6.979872,4.816556]]]}},{"type":"Feature","properties":{"h":3.0,"on_route":false},"geometry":{"type":"Polygon","coordinates":[[[6.982805,4.81749],[6.982755,4.81766],[6.982696,4.817642],[6.982712,4.817587],[6.982634,4.817563],[6.982667,4.817449],[6.982805,4.81749]]]}},{"type":"Feature","properties":{"h":3.0,"on_route":false},"geometry":{"type":"Polygon","coordinates":[[[6.984379,4.81131],[6.984358,4.811402],[6.984184,4.811363],[6.984204,4.811271],[6.984379,4.81131]]]}},{"type":"Feature","properties":{"h":3.0,"on_route":false},"geometry":{"type":"Polygon","coordinates":[[[6.980905,4.810453],[6.98092,4.81064],[6.980854,4.810646],[6.980839,4.810458],[6.980905,4.810453]]]}},{"type":"Feature","properties":{"h":3.0,"on_route":false},"geometry":{"type":"Polygon","coordinates":[[[6.982696,4.815928],[6.982677,4.816027],[6.98211,4.815918],[6.982129,4.81582],[6.982696,4.815928]]]}},{"type":"Feature","properties":{"h":3.0,"on_route":false},"geometry":{"type":"Polygon","coordinates":[[[6.982022,4.818573],[6.982014,4.818647],[6.981983,4.818644],[6.981991,4.818569],[6.982022,4.818573]]]}},{"type":"Feature","properties":{"h":3.0,"on_route":false},"geometry":{"type":"Polygon","coordinates":[[[6.984015,4.816561],[6.983966,4.816672],[6.983898,4.816642],[6.983947,4.816531],[6.984015,4.816561]]]}},{"type":"Feature","properties":{"h":3.0,"on_route":false},"geometry":{"type":"Polygon","coordinates":[[[6.981533,4.817789],[6.981523,4.817852],[6.981437,4.81784],[6.981447,4.817776],[6.981533,4.817789]]]}},{"type":"Feature","properties":{"h":3.0,"on_route":false},"geometry":{"type":"Polygon","coordinates":[[[6.979236,4.816896],[6.979181,4.817016],[6.979033,4.816949],[6.979088,4.816828],[6.979236,4.816896]]]}},{"type":"Feature","properties":{"h":3.0,"on_route":false},"geometry":{"type":"Polygon","coordinates":[[[6.978688,4.8145],[6.978683,4.814543],[6.978646,4.814538],[6.978651,4.814495],[6.978688,4.8145]]]}},{"type":"Feature","properties":{"h":3.0,"on_route":false},"geometry":{"type":"Polygon","coordinates":[[[6.982053,4.810915],[6.982019,4.810903],[6.982009,4.810931],[6.981964,4.810916],[6.982,4.810811],[6.98208,4.810838],[6.982053,4.810915]]]}},{"type":"Feature","properties":{"h":3.0,"on_route":false},"geometry":{"type":"Polygon","coordinates":[[[6.982889,4.811686],[6.982807,4.811689],[6.982801,4.81152],[6.982883,4.811517],[6.982889,4.811686]]]}},{"type":"Feature","properties":{"h":3.0,"on_route":false},"geometry":{"type":"Polygon","coordinates":[[[6.981678,4.818004],[6.981646,4.818101],[6.981517,4.818057],[6.981549,4.817961],[6.981678,4.818004]]]}},{"type":"Feature","properties":{"h":3.0,"on_route":false},"geometry":{"type":"Polygon","coordinates":[[[6.98313,4.816358],[6.98309,4.816352],[6.98311,4.816226],[6.98315,4.816232],[6.98313,4.816358]]]}},{"type":"Feature","properties":{"h":3.0,"on_route":false},"geometry":{"type":"Polygon","coordinates":[[[6.982383,4.816104],[6.982325,4.816245],[6.982221,4.816202],[6.982279,4.81606],[6.982383,4.816104]]]}},{"type":"Feature","properties":{"h":3.0,"on_route":false},"geometry":{"type":"Polygon","coordinates":[[[6.980964,4.814178],[6.980952,4.814298],[6.980794,4.814282],[6.980805,4.814162],[6.980964,4.814178]]]}},{"type":"Feature","properties":{"h":3.0,"on_route":false},"geometry":{"type":"Polygon","coordinates":[[[6.982039,4.811726],[6.982012,4.81191],[6.981855,4.811887],[6.981882,4.811703],[6.982039,4.811726]]]}},{"type":"Feature","properties":{"h":3.0,"on_route":false},"geometry":{"type":"Polygon","coordinates":[[[6.98203,4.813224],[6.982007,4.813278],[6.981934,4.813247],[6.981956,4.813193],[6.98203,4.813224]]]}},{"type":"Feature","properties":{"h":3.0,"on_route":false},"geometry":{"type":"Polygon","coordinates":[[[6.980167,4.817579],[6.980146,4.817645],[6.980301,4.817695],[6.980285,4.817742],[6.980264,4.817735],[6.980241,4.817808],[6.979979,4.817724],[6.980038,4.817538],[6.980167,4.817579]]]}},{"type":"Feature","properties":{"h":3.0,"on_route":false},"geometry":{"type":"Polygon","coordinates":[[[6.984496,4.816706],[6.984459,4.816803],[6.984232,4.816718],[6.984269,4.81662],[6.984496,4.816706]]]}},{"type":"Feature","properties":{"h":3.0,"on_route":false},"geometry":{"type":"Polygon","coordinates":[[[6.98116,4.817495],[6.981143,4.817618],[6.981032,4.817602],[6.98105,4.817479],[6.98116,4.817495]]]}},{"type":"Feature","properties":{"h":3.0,"on_route":false},"geometry":{"type":"Polygon","coordinates":[[[6.981062,4.816861],[6.981051,4.817004],[6.980952,4.816996],[6.980963,4.816853],[6.981062,4.816861]]]}},{"type":"Feature","properties":{"h":3.0,"on_route":false},"geometry":{"type":"Polygon","coordinates":[[[6.981958,4.813807],[6.981929,4.813904],[6.981865,4.813885],[6.981893,4.813788],[6.981958,4.813807]]]}},{"type":"Feature","properties":{"h":3.0,"on_route":false},"geometry":{"type":"Polygon","coordinates":[[[6.983947,4.811084],[6.983942,4.811127],[6.983909,4.811123],[6.983914,4.811079],[6.983947,4.811084]]]}},{"type":"Feature","properties":{"h":3.0,"on_route":false},"geometry":{"type":"Polygon","coordinates":[[[6.981067,4.812386],[6.981043,4.812366],[6.981029,4.812383],[6.980948,4.812315],[6.980962,4.812298],[6.980918,4.812261],[6.981056,4.812096],[6.981205,4.812221],[6.981067,4.812386]]]}},{"type":"Feature","properties":{"h":3.0,"on_route":false},"geometry":{"type":"Polygon","coordinates":[[[6.982503,4.817599],[6.98247,4.817711],[6.982394,4.817688],[6.982428,4.817576],[6.982503,4.817599]]]}},{"type":"Feature","properties":{"h":3.0,"on_route":false},"geometry":{"type":"Polygon","coordinates":[[[6.981035,4.813289],[6.981019,4.813443],[6.980907,4.813431],[6.980924,4.813277],[6.981035,4.813289]]]}},{"type":"Feature","properties":{"h":3.0,"on_route":false},"geometry":{"type":"Polygon","coordinates":[[[6.985148,4.81092],[6.985095,4.811151],[6.984992,4.811127],[6.985045,4.810896],[6.985148,4.81092]]]}},{"type":"Feature","properties":{"h":3.0,"on_route":false},"geometry":{"type":"Polygon","coordinates":[[[6.983957,4.812804],[6.983888,4.813026],[6.983776,4.812991],[6.983846,4.812769],[6.983957,4.812804]]]}},{"type":"Feature","properties":{"h":3.0,"on_route":false},"geometry":{"type":"Polygon","coordinates":[[[6.981178,4.817801],[6.981154,4.817959],[6.981095,4.81795],[6.981119,4.817792],[6.981178,4.817801]]]}},{"type":"Feature","properties":{"h":3.0,"on_route":false},"geometry":{"type":"Polygon","coordinates":[[[6.980296,4.815029],[6.980295,4.815057],[6.980242,4.815055],[6.980243,4.815027],[6.980296,4.815029]]]}},{"type":"Feature","properties":{"h":3.0,"on_route":false},"geometry":{"type":"Polygon","coordinates":[[[6.98059,4.817083],[6.980594,4.817022],[6.980798,4.817034],[6.980792,4.817133],[6.980559,4.81712],[6.980562,4.817081],[6.98059,4.817083]]]}},{"type":"Feature","properties":{"h":3.0,"on_route":false},"geometry":{"type":"Polygon","coordinates":[[[6.982259,4.817554],[6.982231,4.817643],[6.982188,4.817629],[6.982217,4.81754],[6.982259,4.817554]]]}},{"type":"Feature","properties":{"h":3.0,"on_route":false},"geometry":{"type":"Polygon","coordinates":[[[6.983516,4.817893],[6.9835,4.817973],[6.983454,4.817963],[6.98347,4.817884],[6.983516,4.817893]]]}},{"type":"Feature","properties":{"h":3.0,"on_route":false},"geometry":{"type":"Polygon","coordinates":[[[6.981273,4.818246],[6.981258,4.81834],[6.981164,4.818324],[6.98118,4.81823],[6.981273,4.818246]]]}},{"type":"Feature","properties":{"h":3.0,"on_route":false},"geometry":{"type":"Polygon","coordinates":[[[6.981063,4.812694],[6.980999,4.812846],[6.980795,4.812759],[6.980858,4.812608],[6.981063,4.812694]]]}},{"type":"Feature","properties":{"h":3.0,"on_route":true},"geometry":{"type":"Polygon","coordinates":[[[6.984278,4.814532],[6.984287,4.814485],[6.984847,4.814592],[6.984813,4.814776],[6.98478,4.81477],[6.984775,4.814797],[6.984247,4.814696],[6.984273,4.814559],[6.98423,4.814551],[6.984235,4.814524],[6.984278,4.814532]]]}},{"type":"Feature","properties":{"h":3.0,"on_route":false},"geometry":{"type":"Polygon","coordinates":[[[6.98029,4.816615],[6.980282,4.816739],[6.980609,4.816758],[6.980601,4.816891],[6.980215,4.816869],[6.98023,4.816612],[6.98029,4.816615]]]}},{"type":"Feature","properties":{"h":3.0,"on_route":false},"geometry":{"type":"Polygon","coordinates":[[[6.981719,4.817818],[6.981695,4.817972],[6.981565,4.817952],[6.981589,4.817798],[6.981719,4.817818]]]}},{"type":"Feature","properties":{"h":3.0,"on_route":false},"geometry":{"type":"Polygon","coordinates":[[[6.980855,4.818121],[6.980836,4.818249],[6.980722,4.818232],[6.980741,4.818104],[6.980855,4.818121]]]}},{"type":"Feature","properties":{"h":3.0,"on_route":false},"geometry":{"type":"Polygon","coordinates":[[[6.980546,4.813449],[6.980541,4.813507],[6.980352,4.813491],[6.980357,4.813433],[6.980546,4.813449]]]}},{"type":"Feature","properties":{"h":3.0,"on_route":false},"geometry":{"type":"Polygon","coordinates":[[[6.986042,4.813286],[6.986036,4.813368],[6.985866,4.813357],[6.985871,4.813275],[6.986042,4.813286]]]}},{"type":"Feature","properties":{"h":3.0,"on_route":false},"geometry":{"type":"Polygon","coordinates":[[[6.979971,4.812275],[6.979962,4.812383],[6.979778,4.812366],[6.979787,4.812259],[6.979971,4.812275]]]}},{"type":"Feature","properties":{"h":3.0,"on_route":false},"geometry":{"type":"Polygon","coordinates":[[[6.979861,4.81202],[6.979857,4.8121],[6.979802,4.812097],[6.979807,4.812017],[6.979861,4.81202]]]}},{"type":"Feature","properties":{"h":3.0,"on_route":false},"geometry":{"type":"Polygon","coordinates":[[[6.9832,4.811073],[6.983188,4.811145],[6.983084,4.811126],[6.983097,4.811054],[6.9832,4.811073]]]}},{"type":"Feature","properties":{"h":3.0,"on_route":false},"geometry":{"type":"Polygon","coordinates":[[[6.982225,4.813303],[6.982101,4.813233],[6.98209,4.813252],[6.982147,4.813284],[6.982115,4.81334],[6.982012,4.813282],[6.982107,4.813113],[6.982277,4.813209],[6.982225,4.813303]]]}},{"type":"Feature","properties":{"h":3.0,"on_route":false},"geometry":{"type":"Polygon","coordinates":[[[6.979447,4.813348],[6.979313,4.813342],[6.979318,4.813221],[6.979452,4.813227],[6.979447,4.813348]]]}},{"type":"Feature","properties":{"h":3.0,"on_route":false},"geometry":{"type":"Polygon","coordinates":[[[6.982371,4.812521],[6.982278,4.812678],[6.982141,4.812596],[6.982234,4.812439],[6.982371,4.812521]]]}},{"type":"Feature","properties":{"h":3.0,"on_route":false},"geometry":{"type":"Polygon","coordinates":[[[6.982482,4.811204],[6.982473,4.811255],[6.982403,4.811242],[6.982412,4.811192],[6.982482,4.811204]]]}},{"type":"Feature","properties":{"h":3.0,"on_route":false},"geometry":{"type":"Polygon","coordinates":[[[6.982388,4.817748],[6.982381,4.817789],[6.982444,4.817799],[6.982424,4.817929],[6.982316,4.817912],[6.982336,4.817781],[6.982313,4.817778],[6.982319,4.817737],[6.982388,4.817748]]]}},{"type":"Feature","properties":{"h":3.0,"on_route":false},"geometry":{"type":"Polygon","coordinates":[[[6.982357,4.817385],[6.982328,4.817472],[6.982289,4.817459],[6.982276,4.817497],[6.98224,4.817485],[6.982282,4.81736],[6.982357,4.817385]]]}},{"type":"Feature","properties":{"h":3.0,"on_route":false},"geometry":{"type":"Polygon","coordinates":[[[6.983294,4.811188],[6.98327,4.811308],[6.98319,4.811292],[6.983214,4.811172],[6.983294,4.811188]]]}},{"type":"Feature","properties":{"h":3.0,"on_route":false},"geometry":{"type":"Polygon","coordinates":[[[6.981183,4.81618],[6.981181,4.816222],[6.981141,4.81622],[6.981143,4.816178],[6.981183,4.81618]]]}},{"type":"Feature","properties":{"h":3.0,"on_route":false},"geometry":{"type":"Polygon","coordinates":[[[6.979469,4.814147],[6.979447,4.814149],[6.979455,4.814243],[6.979397,4.814248],[6.9794,4.814279],[6.979347,4.814283],[6.979332,4.814108],[6.979465,4.814097],[6.979469,4.814147]]]}},{"type":"Feature","properties":{"h":3.0,"on_route":false},"geometry":{"type":"Polygon","coordinates":[[[6.979515,4.81323],[6.979507,4.813401],[6.979445,4.813398],[6.979452,4.813227],[6.979515,4.81323]]]}},{"type":"Feature","properties":{"h":3.0,"on_route":false},"geometry":{"type":"Polygon","coordinates":[[[6.985081,4.816369],[6.985078,4.816401],[6.985017,4.816395],[6.985021,4.816363],[6.985081,4.816369]]]}},{"type":"Feature","properties":{"h":3.0,"on_route":false},"geometry":{"type":"Polygon","coordinates":[[[6.985305,4.816536],[6.985282,4.816643],[6.985185,4.816623],[6.985207,4.816515],[6.985305,4.816536]]]}},{"type":"Feature","properties":{"h":3.0,"on_route":false},"geometry":{"type":"Polygon","coordinates":[[[6.979919,4.81782],[6.979914,4.817894],[6.979868,4.817891],[6.979873,4.817816],[6.979919,4.81782]]]}},{"type":"Feature","properties":{"h":3.0,"on_route":false},"geometry":{"type":"Polygon","coordinates":[[[6.982505,4.81038],[6.982477,4.810373],[6.982488,4.810323],[6.982517,4.81033],[6.982505,4.81038]]]}},{"type":"Feature","properties":{"h":3.0,"on_route":false},"geometry":{"type":"Polygon","coordinates":[[[6.979736,4.816662],[6.979609,4.816889],[6.979504,4.81683],[6.979631,4.816603],[6.979736,4.816662]]]}},{"type":"Feature","properties":{"h":3.0,"on_route":false},"geometry":{"type":"Polygon","coordinates":[[[6.980838,4.813745],[6.980652,4.813725],[6.980658,4.813666],[6.980684,4.813669],[6.980689,4.813627],[6.980735,4.813632],[6.980738,4.813601],[6.980852,4.813613],[6.980838,4.813745]]]}},{"type":"Feature","properties":{"h":3.0,"on_route":false},"geometry":{"type":"Polygon","coordinates":[[[6.983537,4.810829],[6.983507,4.810957],[6.983371,4.810925],[6.983401,4.810796],[6.983537,4.810829]]]}},{"type":"Feature","properties":{"h":3.0,"on_route":false},"geometry":{"type":"Polygon","coordinates":[[[6.981891,4.813539],[6.981873,4.813598],[6.981808,4.813578],[6.981825,4.813519],[6.981891,4.813539]]]}},{"type":"Feature","properties":{"h":3.0,"on_route":false},"geometry":{"type":"Polygon","coordinates":[[[6.98058,4.814702],[6.980574,4.814757],[6.980533,4.814752],[6.98054,4.814697],[6.98058,4.814702]]]}},{"type":"Feature","properties":{"h":3.0,"on_route":false},"geometry":{"type":"Polygon","coordinates":[[[6.981243,4.813552],[6.981235,4.813594],[6.981198,4.813587],[6.981207,4.813545],[6.981243,4.813552]]]}},{"type":"Feature","properties":{"h":3.0,"on_route":false},"geometry":{"type":"Polygon","coordinates":[[[6.981288,4.817275],[6.981292,4.817365],[6.981211,4.817368],[6.98121,4.817349],[6.981163,4.817351],[6.98116,4.81728],[6.981288,4.817275]]]}},{"type":"Feature","properties":{"h":3.0,"on_route":false},"geometry":{"type":"Polygon","coordinates":[[[6.980016,4.817872],[6.980014,4.817878],[6.980293,4.817949],[6.980253,4.818106],[6.979903,4.818017],[6.979944,4.817854],[6.980016,4.817872]]]}},{"type":"Feature","properties":{"h":3.0,"on_route":false},"geometry":{"type":"Polygon","coordinates":[[[6.982181,4.818267],[6.982173,4.818309],[6.982096,4.818295],[6.982104,4.818253],[6.982181,4.818267]]]}},{"type":"Feature","properties":{"h":3.0,"on_route":false},"geometry":{"type":"Polygon","coordinates":[[[6.981025,4.812097],[6.980992,4.812069],[6.981066,4.81198],[6.981099,4.812008],[6.981025,4.812097]]]}},{"type":"Feature","properties":{"h":3.0,"on_route":false},"geometry":{"type":"Polygon","coordinates":[[[6.980221,4.811937],[6.980191,4.812047],[6.980131,4.81203],[6.980162,4.81192],[6.980221,4.811937]]]}},{"type":"Feature","properties":{"h":3.0,"on_route":false},"geometry":{"type":"Polygon","coordinates":[[[6.984927,4.815094],[6.984895,4.81509],[6.984909,4.814995],[6.984941,4.815],[6.984927,4.815094]]]}},{"type":"Feature","properties":{"h":3.0,"on_route":false},"geometry":{"type":"Polygon","coordinates":[[[6.983863,4.8172],[6.983824,4.817321],[6.983655,4.817267],[6.983693,4.817146],[6.983863,4.8172]]]}},{"type":"Feature","properties":{"h":3.0,"on_route":false},"geometry":{"type":"Polygon","coordinates":[[[6.980523,4.816352],[6.980488,4.816357],[6.980493,4.816392],[6.980433,4.816401],[6.980408,4.816244],[6.980503,4.816228],[6.980523,4.816352]]]}},{"type":"Feature","properties":{"h":3.0,"on_route":false},"geometry":{"type":"Polygon","coordinates":[[[6.978742,4.814823],[6.978667,4.814841],[6.978659,4.814809],[6.978734,4.81479],[6.978742,4.814823]]]}},{"type":"Feature","properties":{"h":3.0,"on_route":false},"geometry":{"type":"Polygon","coordinates":[[[6.979982,4.812582],[6.979977,4.81264],[6.980021,4.812644],[6.980017,4.812692],[6.979935,4.812685],[6.979944,4.812579],[6.979982,4.812582]]]}},{"type":"Feature","properties":{"h":3.0,"on_route":false},"geometry":{"type":"Polygon","coordinates":[[[6.981807,4.811982],[6.981791,4.81203],[6.981722,4.812006],[6.981738,4.811959],[6.981807,4.811982]]]}},{"type":"Feature","properties":{"h":3.0,"on_route":false},"geometry":{"type":"Polygon","coordinates":[[[6.984213,4.810712],[6.984175,4.810816],[6.98413,4.8108],[6.984139,4.810773],[6.984083,4.810752],[6.984111,4.810675],[6.984213,4.810712]]]}},{"type":"Feature","properties":{"h":3.0,"on_route":false},"geometry":{"type":"Polygon","coordinates":[[[6.984999,4.812578],[6.984947,4.812782],[6.985095,4.81282],[6.985148,4.812616],[6.985245,4.812641],[6.985122,4.813123],[6.985024,4.813098],[6.985073,4.812908],[6.984925,4.81287],[6.984876,4.81306],[6.984766,4.813032],[6.98489,4.81255],[6.984999,4.812578]]]}},{"type":"Feature","properties":{"h":3.0,"on_route":false},"geometry":{"type":"Polygon","coordinates":[[[6.982632,4.818247],[6.982616,4.818353],[6.982528,4.818339],[6.982545,4.818233],[6.982632,4.818247]]]}},{"type":"Feature","properties":{"h":3.0,"on_route":false},"geometry":{"type":"Polygon","coordinates":[[[6.980919,4.814594],[6.98091,4.814709],[6.98076,4.814697],[6.980769,4.814582],[6.980919,4.814594]]]}},{"type":"Feature","properties":{"h":3.0,"on_route":false},"geometry":{"type":"Polygon","coordinates":[[[6.982909,4.813025],[6.982893,4.813049],[6.982817,4.812997],[6.982833,4.812974],[6.982909,4.813025]]]}},{"type":"Feature","properties":{"h":3.0,"on_route":false},"geometry":{"type":"Polygon","coordinates":[[[6.98056,4.817033],[6.980554,4.817137],[6.980381,4.817127],[6.980387,4.817023],[6.98056,4.817033]]]}},{"type":"Feature","properties":{"h":3.0,"on_route":false},"geometry":{"type":"Polygon","coordinates":[[[6.978339,4.814281],[6.978328,4.814438],[6.978216,4.81443],[6.978223,4.814333],[6.978245,4.814335],[6.97825,4.814275],[6.978339,4.814281]]]}},{"type":"Feature","properties":{"h":3.0,"on_route":false},"geometry":{"type":"Polygon","coordinates":[[[6.98105,4.817213],[6.98088,4.817223],[6.980873,4.817116],[6.981044,4.817106],[6.98105,4.817213]]]}},{"type":"Feature","properties":{"h":3.0,"on_route":false},"geometry":{"type":"Polygon","coordinates":[[[6.980418,4.818108],[6.980411,4.818149],[6.980359,4.818141],[6.980365,4.8181],[6.980418,4.818108]]]}},{"type":"Feature","properties":{"h":3.0,"on_route":false},"geometry":{"type":"Polygon","coordinates":[[[6.978938,4.816651],[6.978925,4.816687],[6.978866,4.816665],[6.97888,4.816629],[6.978938,4.816651]]]}},{"type":"Feature","properties":{"h":3.0,"on_route":false},"geometry":{"type":"Polygon","coordinates":[[[6.980502,4.813661],[6.980491,4.813767],[6.980329,4.81375],[6.980341,4.813644],[6.980502,4.813661]]]}},{"type":"Feature","properties":{"h":3.0,"on_route":false},"geometry":{"type":"Polygon","coordinates":[[[6.983982,4.8153],[6.983978,4.815344],[6.983941,4.81534],[6.983945,4.815297],[6.983982,4.8153]]]}},{"type":"Feature","properties":{"h":3.0,"on_route":false},"geometry":{"type":"Polygon","coordinates":[[[6.983466,4.811543],[6.983461,4.811587],[6.983361,4.811575],[6.983366,4.811531],[6.983466,4.811543]]]}},{"type":"Feature","properties":{"h":3.0,"on_route":false},"geometry":{"type":"Polygon","coordinates":[[[6.978642,4.815205],[6.978521,4.815234],[6.978468,4.815007],[6.978589,4.814979],[6.978642,4.815205]]]}},{"type":"Feature","properties":{"h":3.0,"on_route":false},"geometry":{"type":"Polygon","coordinates":[[[6.97949,4.81549],[6.979372,4.815704],[6.979256,4.815639],[6.979375,4.815426],[6.97949,4.81549]]]}},{"type":"Feature","properties":{"h":3.0,"on_route":false},"geometry":{"type":"Polygon","coordinates":[[[6.982399,4.810589],[6.982351,4.810729],[6.982301,4.810712],[6.982314,4.810674],[6.982106,4.810603],[6.982141,4.810501],[6.982399,4.810589]]]}},{"type":"Feature","properties":{"h":3.0,"on_route":false},"geometry":{"type":"Polygon","coordinates":[[[6.983935,4.811451],[6.983923,4.811541],[6.983831,4.811529],[6.983843,4.811439],[6.983935,4.811451]]]}},{"type":"Feature","properties":{"h":3.0,"on_route":false},"geometry":{"type":"Polygon","coordinates":[[[6.978464,4.815414],[6.978708,4.815421],[6.978707,4.815474],[6.978676,4.815473],[6.978674,4.815546],[6.978461,4.815541],[6.978464,4.815414]]]}},{"type":"Feature","properties":{"h":3.0,"on_route":false},"geometry":{"type":"Polygon","coordinates":[[[6.981851,4.810615],[6.981825,4.810703],[6.981732,4.810676],[6.981758,4.810587],[6.981851,4.810615]]]}},{"type":"Feature","properties":{"h":3.0,"on_route":false},"geometry":{"type":"Polygon","coordinates":[[[6.982505,4.811253],[6.982497,4.811293],[6.982399,4.811276],[6.982406,4.811235],[6.982505,4.811253]]]}},{"type":"Feature","properties":{"h":3.0,"on_route":false},"geometry":{"type":"Polygon","coordinates":[[[6.979619,4.812926],[6.979626,4.813054],[6.979489,4.813061],[6.979482,4.812933],[6.979619,4.812926]]]}},{"type":"Feature","properties":{"h":3.0,"on_route":false},"geometry":{"type":"Polygon","coordinates":[[[6.981878,4.81266],[6.981738,4.812917],[6.981776,4.812939],[6.981738,4.813009],[6.981594,4.81293],[6.981774,4.812603],[6.981878,4.81266]]]}},{"type":"Feature","properties":{"h":3.0,"on_route":false},"geometry":{"type":"Polygon","coordinates":[[[6.980447,4.816085],[6.980446,4.816128],[6.980343,4.816124],[6.980345,4.816081],[6.980447,4.816085]]]}},{"type":"Feature","properties":{"h":3.0,"on_route":false},"geometry":{"type":"Polygon","coordinates":[[[6.982029,4.817867],[6.982021,4.81792],[6.98193,4.817905],[6.981938,4.817853],[6.982029,4.817867]]]}},{"type":"Feature","properties":{"h":3.0,"on_route":false},"geometry":{"type":"Polygon","coordinates":[[[6.982026,4.81819],[6.981991,4.81829],[6.981905,4.81826],[6.98194,4.81816],[6.982026,4.81819]]]}},{"type":"Feature","properties":{"h":3.0,"on_route":false},"geometry":{"type":"Polygon","coordinates":[[[6.984486,4.810496],[6.984472,4.810536],[6.984418,4.810517],[6.984432,4.810477],[6.984486,4.810496]]]}},{"type":"Feature","properties":{"h":3.0,"on_route":false},"geometry":{"type":"Polygon","coordinates":[[[6.984199,4.81042],[6.98415,4.810559],[6.984055,4.810526],[6.984104,4.810387],[6.984199,4.81042]]]}},{"type":"Feature","properties":{"h":3.0,"on_route":false},"geometry":{"type":"Polygon","coordinates":[[[6.982197,4.812011],[6.982175,4.812096],[6.982089,4.812074],[6.98211,4.811989],[6.982197,4.812011]]]}},{"type":"Feature","properties":{"h":3.0,"on_route":false},"geometry":{"type":"Polygon","coordinates":[[[6.980191,4.812047],[6.980148,4.812197],[6.980089,4.81218],[6.980131,4.81203],[6.980191,4.812047]]]}},{"type":"Feature","properties":{"h":3.0,"on_route":false},"geometry":{"type":"Polygon","coordinates":[[[6.981695,4.810807],[6.981656,4.810923],[6.981602,4.810905],[6.98159,4.810942],[6.981616,4.810951],[6.981604,4.810987],[6.981479,4.810946],[6.981504,4.810872],[6.981441,4.810851],[6.981479,4.810735],[6.981695,4.810807]]]}},{"type":"Feature","properties":{"h":3.0,"on_route":false},"geometry":{"type":"Polygon","coordinates":[[[6.982333,4.815483],[6.982314,4.815566],[6.98205,4.815504],[6.98207,4.815421],[6.982333,4.815483]]]}},{"type":"Feature","properties":{"h":3.0,"on_route":false},"geometry":{"type":"Polygon","coordinates":[[[6.983834,4.81314],[6.983817,4.813204],[6.983729,4.81318],[6.983746,4.813117],[6.983834,4.81314]]]}},{"type":"Feature","properties":{"h":3.0,"on_route":false},"geometry":{"type":"Polygon","coordinates":[[[6.982476,4.816393],[6.982469,4.816441],[6.98239,4.81643],[6.982397,4.816382],[6.982476,4.816393]]]}},{"type":"Feature","properties":{"h":3.0,"on_route":false},"geometry":{"type":"Polygon","coordinates":[[[6.982916,4.810502],[6.982896,4.810624],[6.982781,4.810605],[6.9828,4.810483],[6.982916,4.810502]]]}},{"type":"Feature","properties":{"h":3.0,"on_route":false},"geometry":{"type":"Polygon","coordinates":[[[6.983094,4.812053],[6.983075,4.812167],[6.982854,4.81213],[6.982874,4.812016],[6.983094,4.812053]]]}},{"type":"Feature","properties":{"h":3.0,"on_route":false},"geometry":{"type":"Polygon","coordinates":[[[6.979853,4.812215],[6.979738,4.812216],[6.979737,4.81213],[6.979829,4.812129],[6.979829,4.812158],[6.979853,4.812158],[6.979853,4.812215]]]}},{"type":"Feature","properties":{"h":3.0,"on_route":false},"geometry":{"type":"Polygon","coordinates":[[[6.980483,4.813829],[6.980478,4.813905],[6.980438,4.813903],[6.980443,4.813826],[6.980483,4.813829]]]}},{"type":"Feature","properties":{"h":3.0,"on_route":false},"geometry":{"type":"Polygon","coordinates":[[[6.982415,4.812328],[6.98241,4.81236],[6.982372,4.812355],[6.982377,4.812322],[6.982415,4.812328]]]}},{"type":"Feature","properties":{"h":3.0,"on_route":false},"geometry":{"type":"Polygon","coordinates":[[[6.981615,4.813674],[6.981609,4.813709],[6.981545,4.813699],[6.98155,4.813665],[6.981615,4.813674]]]}},{"type":"Feature","properties":{"h":3.0,"on_route":false},"geometry":{"type":"Polygon","coordinates":[[[6.979937,4.812658],[6.979926,4.81279],[6.979863,4.812784],[6.979875,4.812652],[6.979937,4.812658]]]}},{"type":"Feature","properties":{"h":3.0,"on_route":false},"geometry":{"type":"Polygon","coordinates":[[[6.981855,4.811887],[6.981845,4.81196],[6.981798,4.811953],[6.981809,4.81188],[6.981855,4.811887]]]}},{"type":"Feature","properties":{"h":3.0,"on_route":false},"geometry":{"type":"Polygon","coordinates":[[[6.979983,4.816477],[6.980012,4.816646],[6.979954,4.816656],[6.979924,4.816487],[6.979983,4.816477]]]}},{"type":"Feature","properties":{"h":3.0,"on_route":false},"geometry":{"type":"Polygon","coordinates":[[[6.983442,4.81264],[6.983415,4.812722],[6.983355,4.812702],[6.983382,4.81262],[6.983442,4.81264]]]}},{"type":"Feature","properties":{"h":3.0,"on_route":false},"geometry":{"type":"Polygon","coordinates":[[[6.980028,4.814776],[6.980034,4.814831],[6.979916,4.814843],[6.979911,4.814787],[6.980028,4.814776]]]}},{"type":"Feature","properties":{"h":3.0,"on_route":false},"geometry":{"type":"Polygon","coordinates":[[[6.981185,4.818328],[6.981181,4.818353],[6.981254,4.818365],[6.981238,4.818458],[6.981166,4.818445],[6.981167,4.818435],[6.980865,4.818384],[6.980883,4.818277],[6.981185,4.818328]]]}},{"type":"Feature","properties":{"h":3.0,"on_route":false},"geometry":{"type":"Polygon","coordinates":[[[6.984939,4.816497],[6.984949,4.816461],[6.985056,4.816491],[6.985033,4.816574],[6.984904,4.816538],[6.984917,4.816491],[6.984939,4.816497]]]}},{"type":"Feature","properties":{"h":3.0,"on_route":false},"geometry":{"type":"Polygon","coordinates":[[[6.983589,4.810313],[6.983569,4.81037],[6.983471,4.810334],[6.983492,4.810277],[6.983589,4.810313]]]}},{"type":"Feature","properties":{"h":3.0,"on_route":false},"geometry":{"type":"Polygon","coordinates":[[[6.983255,4.812198],[6.983206,4.81219],[6.983223,4.812092],[6.983271,4.812101],[6.983255,4.812198]]]}},{"type":"Feature","properties":{"h":3.0,"on_route":false},"geometry":{"type":"Polygon","coordinates":[[[6.982667,4.81747],[6.98264,4.81756],[6.982573,4.817539],[6.982599,4.81745],[6.982667,4.81747]]]}},{"type":"Feature","properties":{"h":3.0,"on_route":false},"geometry":{"type":"Polygon","coordinates":[[[6.984213,4.811114],[6.984123,4.811085],[6.984145,4.811016],[6.984182,4.811027],[6.984198,4.810976],[6.98425,4.810992],[6.984213,4.811114]]]}},{"type":"Feature","properties":{"h":3.0,"on_route":false},"geometry":{"type":"Polygon","coordinates":[[[6.985114,4.816152],[6.985104,4.816237],[6.985062,4.816232],[6.985065,4.81621],[6.985037,4.816207],[6.985045,4.816144],[6.985114,4.816152]]]}},{"type":"Feature","properties":{"h":3.0,"on_route":false},"geometry":{"type":"Polygon","coordinates":[[[6.982475,4.818222],[6.982459,4.818329],[6.982364,4.818314],[6.982372,4.818262],[6.982345,4.818258],[6.982353,4.818203],[6.982475,4.818222]]]}},{"type":"Feature","properties":{"h":3.0,"on_route":false},"geometry":{"type":"Polygon","coordinates":[[[6.978669,4.814539],[6.978687,4.814623],[6.978541,4.814654],[6.978524,4.81457],[6.978669,4.814539]]]}},{"type":"Feature","properties":{"h":3.0,"on_route":false},"geometry":{"type":"Polygon","coordinates":[[[6.981876,4.817058],[6.981862,4.817101],[6.981688,4.817043],[6.981702,4.817001],[6.981876,4.817058]]]}},{"type":"Feature","properties":{"h":3.0,"on_route":false},"geometry":{"type":"Polygon","coordinates":[[[6.980451,4.813763],[6.98044,4.813865],[6.980318,4.813852],[6.980329,4.81375],[6.980451,4.813763]]]}},{"type":"Feature","properties":{"h":3.0,"on_route":false},"geometry":{"type":"Polygon","coordinates":[[[6.984407,4.810549],[6.984388,4.810603],[6.984263,4.810559],[6.984281,4.810505],[6.984407,4.810549]]]}},{"type":"Feature","properties":{"h":3.0,"on_route":false},"geometry":{"type":"Polygon","coordinates":[[[6.982074,4.810776],[6.982069,4.810809],[6.982034,4.810804],[6.982039,4.810771],[6.982074,4.810776]]]}},{"type":"Feature","properties":{"h":3.0,"on_route":false},"geometry":{"type":"Polygon","coordinates":[[[6.982714,4.817588],[6.982698,4.817637],[6.982692,4.817635],[6.982655,4.817748],[6.982584,4.817725],[6.982636,4.817563],[6.982714,4.817588]]]}},{"type":"Feature","properties":{"h":3.0,"on_route":false},"geometry":{"type":"Polygon","coordinates":[[[6.97975,4.813294],[6.979729,4.813376],[6.979532,4.813326],[6.979553,4.813244],[6.97975,4.813294]]]}},{"type":"Feature","properties":{"h":3.0,"on_route":false},"geometry":{"type":"Polygon","coordinates":[[[6.983624,4.81138],[6.983637,4.811318],[6.983741,4.811339],[6.983726,4.811412],[6.983763,4.811419],[6.983747,4.8115],[6.983504,4.81145],[6.983523,4.81136],[6.983624,4.81138]]]}},{"type":"Feature","properties":{"h":3.0,"on_route":false},"geometry":{"type":"Polygon","coordinates":[[[6.98163,4.818209],[6.981624,4.818269],[6.981522,4.818258],[6.981528,4.818199],[6.98163,4.818209]]]}},{"type":"Feature","properties":{"h":3.0,"on_route":false},"geometry":{"type":"Polygon","coordinates":[[[6.980881,4.816826],[6.980708,4.81683],[6.980707,4.816791],[6.98088,4.816787],[6.980881,4.816826]]]}},{"type":"Feature","properties":{"h":3.0,"on_route":false},"geometry":{"type":"Polygon","coordinates":[[[6.980308,4.813809],[6.980304,4.81385],[6.980258,4.813845],[6.980262,4.813804],[6.980308,4.813809]]]}},{"type":"Feature","properties":{"h":3.0,"on_route":false},"geometry":{"type":"Polygon","coordinates":[[[6.982178,4.81217],[6.982147,4.812325],[6.98203,4.812302],[6.982061,4.812146],[6.982178,4.81217]]]}},{"type":"Feature","properties":{"h":3.0,"on_route":false},"geometry":{"type":"Polygon","coordinates":[[[6.98239,4.810442],[6.982355,4.810549],[6.982131,4.810475],[6.982166,4.810369],[6.98239,4.810442]]]}},{"type":"Feature","properties":{"h":3.0,"on_route":false},"geometry":{"type":"Polygon","coordinates":[[[6.980422,4.814375],[6.980415,4.814448],[6.980352,4.814443],[6.980359,4.814369],[6.980422,4.814375]]]}},{"type":"Feature","properties":{"h":3.0,"on_route":false},"geometry":{"type":"Polygon","coordinates":[[[6.980625,4.815897],[6.98061,4.815997],[6.980497,4.815979],[6.980512,4.815879],[6.980625,4.815897]]]}},{"type":"Feature","properties":{"h":3.0,"on_route":false},"geometry":{"type":"Polygon","coordinates":[[[6.982527,4.810169],[6.982509,4.8103],[6.982457,4.810293],[6.982475,4.810162],[6.982527,4.810169]]]}},{"type":"Feature","properties":{"h":3.0,"on_route":false},"geometry":{"type":"Polygon","coordinates":[[[6.981549,4.813631],[6.981522,4.813677],[6.981452,4.813636],[6.981479,4.81359],[6.981549,4.813631]]]}},{"type":"Feature","properties":{"h":3.0,"on_route":false},"geometry":{"type":"Polygon","coordinates":[[[6.983523,4.81136],[6.983502,4.811465],[6.983409,4.811446],[6.983424,4.811374],[6.983439,4.811377],[6.983446,4.811344],[6.983523,4.81136]]]}},{"type":"Feature","properties":{"h":3.0,"on_route":false},"geometry":{"type":"Polygon","coordinates":[[[6.978565,4.813003],[6.978516,4.812992],[6.97854,4.812882],[6.978589,4.812892],[6.978565,4.813003]]]}},{"type":"Feature","properties":{"h":3.0,"on_route":false},"geometry":{"type":"Polygon","coordinates":[[[6.982751,4.810851],[6.982738,4.81089],[6.98269,4.810875],[6.982703,4.810836],[6.982751,4.810851]]]}},{"type":"Feature","properties":{"h":3.0,"on_route":false},"geometry":{"type":"Polygon","coordinates":[[[6.983112,4.810124],[6.983087,4.810193],[6.983022,4.810169],[6.983047,4.8101],[6.983112,4.810124]]]}},{"type":"Feature","properties":{"h":3.0,"on_route":false},"geometry":{"type":"Polygon","coordinates":[[[6.98556,4.816597],[6.985518,4.816749],[6.985438,4.816726],[6.98548,4.816575],[6.98556,4.816597]]]}},{"type":"Feature","properties":{"h":3.0,"on_route":false},"geometry":{"type":"Polygon","coordinates":[[[6.978311,4.814061],[6.978188,4.814074],[6.978172,4.813922],[6.978295,4.813909],[6.978311,4.814061]]]}},{"type":"Feature","properties":{"h":3.0,"on_route":false},"geometry":{"type":"Polygon","coordinates":[[[6.98044,4.815454],[6.980441,4.815499],[6.980383,4.815501],[6.980382,4.815456],[6.98044,4.815454]]]}},{"type":"Feature","properties":{"h":3.0,"on_route":false},"geometry":{"type":"Polygon","coordinates":[[[6.981835,4.814198],[6.981809,4.814292],[6.981755,4.814276],[6.981781,4.814183],[6.981835,4.814198]]]}},{"type":"Feature","properties":{"h":3.0,"on_route":false},"geometry":{"type":"Polygon","coordinates":[[[6.980929,4.812942],[6.980906,4.813073],[6.980668,4.813032],[6.98069,4.812901],[6.980929,4.812942]]]}},{"type":"Feature","properties":{"h":3.0,"on_route":false},"geometry":{"type":"Polygon","coordinates":[[[6.979195,4.814267],[6.979203,4.814459],[6.979046,4.814466],[6.979037,4.814274],[6.979195,4.814267]]]}},{"type":"Feature","properties":{"h":3.0,"on_route":false},"geometry":{"type":"Polygon","coordinates":[[[6.979516,4.816808],[6.979417,4.816752],[6.979531,4.816547],[6.979631,4.816603],[6.979516,4.816808]]]}},{"type":"Feature","properties":{"h":3.0,"on_route":false},"geometry":{"type":"Polygon","coordinates":[[[6.985024,4.816857],[6.984946,4.817068],[6.984903,4.817052],[6.984945,4.81694],[6.984821,4.816893],[6.984858,4.816794],[6.985024,4.816857]]]}},{"type":"Feature","properties":{"h":3.0,"on_route":false},"geometry":{"type":"Polygon","coordinates":[[[6.984796,4.813523],[6.984778,4.813608],[6.984681,4.813587],[6.984699,4.813502],[6.984796,4.813523]]]}},{"type":"Feature","properties":{"h":3.0,"on_route":false},"geometry":{"type":"Polygon","coordinates":[[[6.981933,4.810006],[6.981952,4.810013],[6.981826,4.810358],[6.981739,4.810326],[6.981765,4.810255],[6.981799,4.810268],[6.981904,4.809981],[6.981938,4.809993],[6.981933,4.810006]]]}},{"type":"Feature","properties":{"h":3.0,"on_route":false},"geometry":{"type":"Polygon","coordinates":[[[6.981322,4.816576],[6.981243,4.816542],[6.981339,4.816317],[6.981417,4.816351],[6.981322,4.816576]]]}},{"type":"Feature","properties":{"h":3.0,"on_route":false},"geometry":{"type":"Polygon","coordinates":[[[6.981883,4.818173],[6.981838,4.818312],[6.981775,4.818291],[6.98182,4.818152],[6.981883,4.818173]]]}},{"type":"Feature","properties":{"h":3.0,"on_route":false},"geometry":{"type":"Polygon","coordinates":[[[6.981266,4.8169],[6.98125,4.816996],[6.981178,4.816984],[6.981194,4.816888],[6.981266,4.8169]]]}},{"type":"Feature","properties":{"h":3.0,"on_route":false},"geometry":{"type":"Polygon","coordinates":[[[6.983743,4.810508],[6.983727,4.810553],[6.983685,4.810538],[6.983701,4.810493],[6.983743,4.810508]]]}},{"type":"Feature","properties":{"h":3.0,"on_route":false},"geometry":{"type":"Polygon","coordinates":[[[6.97898,4.815673],[6.97899,4.815651],[6.979087,4.815699],[6.979076,4.815721],[6.979052,4.815709],[6.979032,4.81575],[6.979157,4.815811],[6.979095,4.815939],[6.978864,4.815826],[6.978946,4.815657],[6.97898,4.815673]]]}},{"type":"Feature","properties":{"h":3.0,"on_route":false},"geometry":{"type":"Polygon","coordinates":[[[6.98023,4.816403],[6.980231,4.816352],[6.98038,4.816355],[6.980378,4.816463],[6.98019,4.816458],[6.980191,4.816402],[6.98023,4.816403]]]}},{"type":"Feature","properties":{"h":3.0,"on_route":false},"geometry":{"type":"Polygon","coordinates":[[[6.980094,4.814108],[6.980082,4.814262],[6.97997,4.814253],[6.979982,4.814099],[6.980094,4.814108]]]}},{"type":"Feature","properties":{"h":3.0,"on_route":false},"geometry":{"type":"Polygon","coordinates":[[[6.978594,4.812795],[6.978597,4.812821],[6.978567,4.812825],[6.978564,4.812798],[6.978594,4.812795]]]}},{"type":"Feature","properties":{"h":3.0,"on_route":false},"geometry":{"type":"Polygon","coordinates":[[[6.984332,4.811503],[6.984325,4.811553],[6.984137,4.811528],[6.984143,4.811478],[6.984332,4.811503]]]}},{"type":"Feature","properties":{"h":3.0,"on_route":false},"geometry":{"type":"Polygon","coordinates":[[[6.983625,4.810215],[6.983604,4.810273],[6.983534,4.810247],[6.983555,4.810189],[6.983625,4.810215]]]}},{"type":"Feature","properties":{"h":3.0,"on_route":false},"geometry":{"type":"Polygon","coordinates":[[[6.982316,4.816304],[6.982307,4.816368],[6.982158,4.816348],[6.982167,4.816284],[6.982316,4.816304]]]}},{"type":"Feature","properties":{"h":3.0,"on_route":false},"geometry":{"type":"Polygon","coordinates":[[[6.981348,4.817807],[6.981326,4.817958],[6.981228,4.817943],[6.98125,4.817793],[6.981348,4.817807]]]}},{"type":"Feature","properties":{"h":3.0,"on_route":true},"geometry":{"type":"Polygon","coordinates":[[[6.986316,4.815014],[6.98631,4.81506],[6.98627,4.815055],[6.986254,4.81516],[6.986059,4.815132],[6.986062,4.81511],[6.98603,4.815105],[6.986049,4.814974],[6.986316,4.815014]]]}},{"type":"Feature","properties":{"h":3.0,"on_route":false},"geometry":{"type":"Polygon","coordinates":[[[6.982595,4.818063],[6.982568,4.818237],[6.982318,4.818197],[6.982327,4.818139],[6.982258,4.818128],[6.982264,4.818089],[6.982274,4.818091],[6.982279,4.818064],[6.982211,4.818053],[6.982219,4.818003],[6.982595,4.818063]]]}},{"type":"Feature","properties":{"h":3.0,"on_route":false},"geometry":{"type":"Polygon","coordinates":[[[6.978858,4.812021],[6.978866,4.812143],[6.978799,4.812147],[6.978791,4.812025],[6.978858,4.812021]]]}},{"type":"Feature","properties":{"h":3.0,"on_route":false},"geometry":{"type":"Polygon","coordinates":[[[6.982446,4.817043],[6.982429,4.8171],[6.982331,4.817071],[6.982347,4.817014],[6.982446,4.817043]]]}},{"type":"Feature","properties":{"h":3.0,"on_route":false},"geometry":{"type":"Polygon","coordinates":[[[6.978803,4.812353],[6.978813,4.812493],[6.978725,4.812499],[6.978716,4.812359],[6.978803,4.812353]]]}},{"type":"Feature","properties":{"h":3.0,"on_route":false},"geometry":{"type":"Polygon","coordinates":[[[6.981928,4.817498],[6.981918,4.817541],[6.981814,4.817518],[6.981824,4.817475],[6.981928,4.817498]]]}},{"type":"Feature","properties":{"h":3.0,"on_route":false},"geometry":{"type":"Polygon","coordinates":[[[6.980804,4.816841],[6.980789,4.81704],[6.980728,4.817036],[6.980743,4.816837],[6.980804,4.816841]]]}},{"type":"Feature","properties":{"h":3.0,"on_route":false},"geometry":{"type":"Polygon","coordinates":[[[6.980638,4.816481],[6.980567,4.816495],[6.980557,4.816448],[6.980628,4.816433],[6.980638,4.816481]]]}},{"type":"Feature","properties":{"h":3.0,"on_route":false},"geometry":{"type":"Polygon","coordinates":[[[6.981476,4.818132],[6.98147,4.818215],[6.981349,4.818207],[6.981354,4.818123],[6.981476,4.818132]]]}},{"type":"Feature","properties":{"h":3.0,"on_route":false},"geometry":{"type":"Polygon","coordinates":[[[6.980027,4.817162],[6.980009,4.817216],[6.979961,4.8172],[6.97998,4.817145],[6.980027,4.817162]]]}},{"type":"Feature","properties":{"h":3.0,"on_route":false},"geometry":{"type":"Polygon","coordinates":[[[6.985061,4.811409],[6.985029,4.811401],[6.985046,4.811332],[6.985078,4.81134],[6.985061,4.811409]]]}},{"type":"Feature","properties":{"h":3.0,"on_route":false},"geometry":{"type":"Polygon","coordinates":[[[6.982789,4.816666],[6.982753,4.816763],[6.982692,4.81674],[6.982728,4.816643],[6.982789,4.816666]]]}},{"type":"Feature","properties":{"h":3.0,"on_route":false},"geometry":{"type":"Polygon","coordinates":[[[6.982964,4.812195],[6.982918,4.812326],[6.982884,4.812314],[6.982877,4.812334],[6.982769,4.812296],[6.9828,4.812208],[6.982822,4.812216],[6.982844,4.812153],[6.982964,4.812195]]]}},{"type":"Feature","properties":{"h":3.0,"on_route":false},"geometry":{"type":"Polygon","coordinates":[[[6.981292,4.81277],[6.981264,4.812827],[6.981219,4.812805],[6.981247,4.812748],[6.981292,4.81277]]]}},{"type":"Feature","properties":{"h":3.0,"on_route":false},"geometry":{"type":"Polygon","coordinates":[[[6.98147,4.816032],[6.981463,4.816154],[6.981378,4.816148],[6.981386,4.816027],[6.98147,4.816032]]]}},{"type":"Feature","properties":{"h":3.0,"on_route":false},"geometry":{"type":"Polygon","coordinates":[[[6.982763,4.816527],[6.982754,4.816591],[6.982642,4.816575],[6.982651,4.816511],[6.982763,4.816527]]]}},{"type":"Feature","properties":{"h":3.0,"on_route":false},"geometry":{"type":"Polygon","coordinates":[[[6.982764,4.812884],[6.982713,4.812953],[6.982825,4.813035],[6.982739,4.813155],[6.982656,4.813094],[6.982592,4.813048],[6.982615,4.813016],[6.982507,4.812938],[6.982621,4.81278],[6.982764,4.812884]]]}},{"type":"Feature","properties":{"h":3.0,"on_route":false},"geometry":{"type":"Polygon","coordinates":[[[6.982357,4.81677],[6.982402,4.816779],[6.982412,4.816728],[6.982583,4.816761],[6.982564,4.816862],[6.982347,4.816821],[6.982357,4.81677]]]}},{"type":"Feature","properties":{"h":3.0,"on_route":false},"geometry":{"type":"Polygon","coordinates":[[[6.980293,4.812189],[6.980238,4.812174],[6.980299,4.811954],[6.980354,4.811969],[6.980293,4.812189]]]}},{"type":"Feature","properties":{"h":3.0,"on_route":false},"geometry":{"type":"Polygon","coordinates":[[[6.985332,4.816194],[6.985327,4.816225],[6.985397,4.816236],[6.985402,4.816205],[6.985478,4.816217],[6.985467,4.816285],[6.985391,4.816273],[6.985384,4.816316],[6.985224,4.81629],[6.985242,4.816179],[6.985332,4.816194]]]}},{"type":"Feature","properties":{"h":3.0,"on_route":false},"geometry":{"type":"Polygon","coordinates":[[[6.981003,4.816322],[6.981008,4.816286],[6.981141,4.816304],[6.981136,4.81634],[6.981219,4.816352],[6.981198,4.816508],[6.981007,4.816481],[6.981015,4.816426],[6.980888,4.816409],[6.980902,4.816308],[6.981003,4.816322]]]}},{"type":"Feature","properties":{"h":3.0,"on_route":false},"geometry":{"type":"Polygon","coordinates":[[[6.980929,4.813075],[6.98092,4.813167],[6.980821,4.813157],[6.980829,4.813065],[6.980929,4.813075]]]}},{"type":"Feature","properties":{"h":3.0,"on_route":false},"geometry":{"type":"Polygon","coordinates":[[[6.982147,4.81741],[6.982093,4.817392],[6.982034,4.817567],[6.981978,4.817549],[6.982058,4.817314],[6.982167,4.817351],[6.982147,4.81741]]]}},{"type":"Feature","properties":{"h":3.0,"on_route":false},"geometry":{"type":"Polygon","coordinates":[[[6.981656,4.813732],[6.981632,4.813883],[6.98143,4.813851],[6.981454,4.8137],[6.981656,4.813732]]]}},{"type":"Feature","properties":{"h":3.0,"on_route":false},"geometry":{"type":"Polygon","coordinates":[[[6.978946,4.815076],[6.978899,4.815048],[6.979004,4.814872],[6.979051,4.8149],[6.978946,4.815076]]]}},{"type":"Feature","properties":{"h":3.0,"on_route":false},"geometry":{"type":"Polygon","coordinates":[[[6.979639,4.812121],[6.979638,4.812144],[6.979723,4.812148],[6.979716,4.812276],[6.979536,4.812267],[6.979543,4.812117],[6.979639,4.812121]]]}},{"type":"Feature","properties":{"h":3.0,"on_route":false},"geometry":{"type":"Polygon","coordinates":[[[6.983842,4.810441],[6.983787,4.810597],[6.98372,4.810573],[6.983775,4.810417],[6.983842,4.810441]]]}},{"type":"Feature","properties":{"h":3.0,"on_route":false},"geometry":{"type":"Polygon","coordinates":[[[6.981721,4.811553],[6.98174,4.811487],[6.981848,4.811518],[6.981829,4.811584],[6.98185,4.81159],[6.98184,4.811626],[6.981683,4.811581],[6.981693,4.811545],[6.981721,4.811553]]]}},{"type":"Feature","properties":{"h":3.0,"on_route":false},"geometry":{"type":"Polygon","coordinates":[[[6.98452,4.810721],[6.984444,4.810709],[6.984462,4.810603],[6.984538,4.810616],[6.98452,4.810721]]]}},{"type":"Feature","properties":{"h":3.0,"on_route":false},"geometry":{"type":"Polygon","coordinates":[[[6.979462,4.813912],[6.979459,4.814],[6.979405,4.813999],[6.979408,4.81391],[6.979462,4.813912]]]}},{"type":"Feature","properties":{"h":3.0,"on_route":false},"geometry":{"type":"Polygon","coordinates":[[[6.982173,4.813392],[6.982063,4.813585],[6.98197,4.813531],[6.98208,4.813339],[6.982173,4.813392]]]}},{"type":"Feature","properties":{"h":3.0,"on_route":false},"geometry":{"type":"Polygon","coordinates":[[[6.978949,4.816729],[6.978916,4.816809],[6.978939,4.816819],[6.978921,4.816862],[6.978898,4.816852],[6.97888,4.816897],[6.978806,4.816867],[6.978824,4.816822],[6.978781,4.816804],[6.978799,4.816761],[6.97873,4.816733],[6.978763,4.816652],[6.978949,4.816729]]]}},{"type":"Feature","properties":{"h":3.0,"on_route":false},"geometry":{"type":"Polygon","coordinates":[[[6.979923,4.816366],[6.979912,4.816396],[6.979862,4.816377],[6.979873,4.816347],[6.979923,4.816366]]]}},{"type":"Feature","properties":{"h":3.0,"on_route":false},"geometry":{"type":"Polygon","coordinates":[[[6.979066,4.812292],[6.978873,4.812304],[6.978865,4.812184],[6.979058,4.812172],[6.979066,4.812292]]]}},{"type":"Feature","properties":{"h":3.0,"on_route":false},"geometry":{"type":"Polygon","coordinates":[[[6.979102,4.813018],[6.979098,4.812966],[6.978973,4.812975],[6.978968,4.812906],[6.97921,4.812888],[6.979219,4.813009],[6.979102,4.813018]]]}},{"type":"Feature","properties":{"h":3.0,"on_route":false},"geometry":{"type":"Polygon","coordinates":[[[6.97989,4.816482],[6.979886,4.816549],[6.979824,4.816545],[6.979828,4.816479],[6.97989,4.816482]]]}},{"type":"Feature","properties":{"h":3.0,"on_route":false},"geometry":{"type":"Polygon","coordinates":[[[6.981903,4.810911],[6.981877,4.811019],[6.981678,4.810971],[6.981704,4.810862],[6.981903,4.810911]]]}},{"type":"Feature","properties":{"h":3.0,"on_route":false},"geometry":{"type":"Polygon","coordinates":[[[6.98297,4.810714],[6.982992,4.810716],[6.982989,4.810765],[6.982889,4.810758],[6.982895,4.810659],[6.982973,4.810664],[6.98297,4.810714]]]}},{"type":"Feature","properties":{"h":3.0,"on_route":false},"geometry":{"type":"Polygon","coordinates":[[[6.979712,4.812316],[6.979704,4.812454],[6.979598,4.812448],[6.979603,4.812359],[6.979557,4.812356],[6.97956,4.812307],[6.979712,4.812316]]]}},{"type":"Feature","properties":{"h":3.0,"on_route":false},"geometry":{"type":"Polygon","coordinates":[[[6.979027,4.814414],[6.979036,4.814492],[6.97898,4.814498],[6.978972,4.81442],[6.979027,4.814414]]]}},{"type":"Feature","properties":{"h":3.0,"on_route":false},"geometry":{"type":"Polygon","coordinates":[[[6.979778,4.813035],[6.979771,4.813106],[6.97971,4.813099],[6.979717,4.813028],[6.979778,4.813035]]]}},{"type":"Feature","properties":{"h":3.0,"on_route":false},"geometry":{"type":"Polygon","coordinates":[[[6.983538,4.812851],[6.983547,4.812822],[6.983602,4.812839],[6.983593,4.812868],[6.983633,4.81288],[6.983615,4.81294],[6.983637,4.812947],[6.983614,4.813021],[6.983569,4.813007],[6.983576,4.812982],[6.983534,4.812969],[6.983526,4.812994],[6.983467,4.812976],[6.983508,4.812842],[6.983538,4.812851]]]}},{"type":"Feature","properties":{"h":3.0,"on_route":false},"geometry":{"type":"Polygon","coordinates":[[[6.982225,4.813303],[6.982182,4.813378],[6.982115,4.81334],[6.982157,4.813265],[6.982225,4.813303]]]}},{"type":"Feature","properties":{"h":3.0,"on_route":false},"geometry":{"type":"Polygon","coordinates":[[[6.983059,4.810613],[6.983049,4.810769],[6.982989,4.810765],[6.982999,4.810609],[6.983059,4.810613]]]}},{"type":"Feature","properties":{"h":3.0,"on_route":false},"geometry":{"type":"Polygon","coordinates":[[[6.979033,4.816949],[6.97898,4.816924],[6.979034,4.816804],[6.979088,4.816828],[6.979033,4.816949]]]}},{"type":"Feature","properties":{"h":3.0,"on_route":false},"geometry":{"type":"Polygon","coordinates":[[[6.978519,4.81388],[6.97844,4.813884],[6.978432,4.813737],[6.97851,4.813732],[6.978519,4.81388]]]}},{"type":"Feature","properties":{"h":3.0,"on_route":false},"geometry":{"type":"Polygon","coordinates":[[[6.981397,4.818281],[6.981393,4.818305],[6.98136,4.818475],[6.981263,4.818457],[6.9813,4.818262],[6.981397,4.818281]]]}},{"type":"Feature","properties":{"h":3.0,"on_route":false},"geometry":{"type":"Polygon","coordinates":[[[6.980661,4.814848],[6.980646,4.814959],[6.980426,4.814928],[6.980441,4.814817],[6.980661,4.814848]]]}},{"type":"Feature","properties":{"h":3.0,"on_route":true},"geometry":{"type":"Polygon","coordinates":[[[6.985435,4.814618],[6.985372,4.814989],[6.985319,4.81498],[6.985324,4.814951],[6.985204,4.81493],[6.985206,4.814913],[6.985165,4.814906],[6.985169,4.814884],[6.985061,4.814865],[6.985057,4.814887],[6.984882,4.814858],[6.9849,4.814753],[6.984949,4.814761],[6.984964,4.81467],[6.984916,4.814661],[6.984924,4.814609],[6.984887,4.814602],[6.984892,4.814571],[6.984743,4.814546],[6.984751,4.814502],[6.985435,4.814618]]]}},{"type":"Feature","properties":{"h":3.0,"on_route":false},"geometry":{"type":"Polygon","coordinates":[[[6.980106,4.811009],[6.980029,4.811084],[6.979877,4.810927],[6.979955,4.810852],[6.980106,4.811009]]]}},{"type":"Feature","properties":{"h":3.0,"on_route":false},"geometry":{"type":"Polygon","coordinates":[[[6.982039,4.811339],[6.9822,4.811399],[6.982145,4.811549],[6.981984,4.811489],[6.982039,4.811339]]]}},{"type":"Feature","properties":{"h":3.0,"on_route":false},"geometry":{"type":"Polygon","coordinates":[[[6.979581,4.812372],[6.979578,4.812447],[6.979489,4.812444],[6.979491,4.812369],[6.979581,4.812372]]]}},{"type":"Feature","properties":{"h":3.0,"on_route":false},"geometry":{"type":"Polygon","coordinates":[[[6.979979,4.816474],[6.979897,4.816494],[6.979888,4.816454],[6.979971,4.816435],[6.979979,4.816474]]]}},{"type":"Feature","properties":{"h":3.0,"on_route":false},"geometry":{"type":"Polygon","coordinates":[[[6.982812,4.812015],[6.982733,4.812284],[6.982606,4.812247],[6.982685,4.811978],[6.982812,4.812015]]]}},{"type":"Feature","properties":{"h":3.0,"on_route":false},"geometry":{"type":"Polygon","coordinates":[[[6.981264,4.8172],[6.9811,4.81721],[6.981093,4.817103],[6.981257,4.817093],[6.981264,4.8172]]]}},{"type":"Feature","properties":{"h":3.0,"on_route":false},"geometry":{"type":"Polygon","coordinates":[[[6.982918,4.812842],[6.982818,4.812978],[6.98274,4.81292],[6.982781,4.812864],[6.982716,4.812815],[6.982774,4.812736],[6.982918,4.812842]]]}},{"type":"Feature","properties":{"h":3.0,"on_route":false},"geometry":{"type":"Polygon","coordinates":[[[6.98249,4.817219],[6.982462,4.8173],[6.982319,4.817251],[6.982335,4.817203],[6.982269,4.81718],[6.98228,4.817148],[6.98249,4.817219]]]}},{"type":"Feature","properties":{"h":3.0,"on_route":false},"geometry":{"type":"Polygon","coordinates":[[[6.979948,4.812534],[6.979939,4.812637],[6.979755,4.81262],[6.979764,4.812517],[6.979948,4.812534]]]}},{"type":"Feature","properties":{"h":3.0,"on_route":false},"geometry":{"type":"Polygon","coordinates":[[[6.979927,4.814239],[6.979924,4.814352],[6.979805,4.814348],[6.979808,4.814259],[6.979777,4.814258],[6.979777,4.814234],[6.979927,4.814239]]]}},{"type":"Feature","properties":{"h":3.0,"on_route":false},"geometry":{"type":"Polygon","coordinates":[[[6.978793,4.812328],[6.97872,4.812333],[6.978712,4.812199],[6.978785,4.812195],[6.978793,4.812328]]]}},{"type":"Feature","properties":{"h":3.0,"on_route":false},"geometry":{"type":"Polygon","coordinates":[[[6.981554,4.816978],[6.981508,4.817199],[6.981413,4.817179],[6.98146,4.816958],[6.981554,4.816978]]]}},{"type":"Feature","properties":{"h":3.0,"on_route":false},"geometry":{"type":"Polygon","coordinates":[[[6.979932,4.815669],[6.979881,4.815681],[6.97987,4.815635],[6.979922,4.815623],[6.979932,4.815669]]]}},{"type":"Feature","properties":{"h":3.0,"on_route":false},"geometry":{"type":"Polygon","coordinates":[[[6.98497,4.810765],[6.984958,4.810839],[6.984846,4.810821],[6.984858,4.810747],[6.98497,4.810765]]]}}]}