{"type":"FeatureCollection","features":[{"type":"Feature","properties":{"h":3.0,"on_route":false},"geometry":{"type":"Polygon","coordinates":[[[6.942881,4.889516],[6.942886,4.889552],[6.942847,4.889558],[6.942842,4.889522],[6.942881,4.889516]]]}},{"type":"Feature","properties":{"h":3.0,"on_route":false},"geometry":{"type":"Polygon","coordinates":[[[6.941831,4.889865],[6.941841,4.889863],[6.941861,4.889974],[6.941767,4.889991],[6.941722,4.889743],[6.941806,4.889727],[6.941831,4.889865]]]}},{"type":"Feature","properties":{"h":3.0,"on_route":false},"geometry":{"type":"Polygon","coordinates":[[[6.943217,4.886911],[6.943096,4.88691],[6.943096,4.886816],[6.943157,4.886816],[6.943157,4.886723],[6.943218,4.886723],[6.943217,4.886911]]]}},{"type":"Feature","properties":{"h":3.0,"on_route":true},"geometry":{"type":"Polygon","coordinates":[[[6.94493,4.894037],[6.944924,4.894148],[6.944787,4.89414],[6.944793,4.89403],[6.94493,4.894037]]]}},{"type":"Feature","properties":{"h":3.0,"on_route":false},"geometry":{"type":"Polygon","coordinates":[[[6.945761,4.887268],[6.945732,4.887525],[6.945621,4.887512],[6.945651,4.887255],[6.945761,4.887268]]]}},{"type":"Feature","properties":{"h":3.0,"on_route":false},"geometry":{"type":"Polygon","coordinates":[[[6.941185,4.889592],[6.941133,4.88961],[6.941112,4.889548],[6.941164,4.88953],[6.941185,4.889592]]]}},{"type":"Feature","properties":{"h":3.0,"on_route":false},"geometry":{"type":"Polygon","coordinates":[[[6.944772,4.887667],[6.944768,4.887785],[6.944674,4.887782],[6.944677,4.887665],[6.944772,4.887667]]]}},{"type":"Feature","properties":{"h":3.0,"on_route":false},"geometry":{"type":"Polygon","coordinates":[[[6.94521,4.890124],[6.944915,4.890141],[6.94491,4.890051],[6.945205,4.890034],[6.94521,4.890124]]]}},{"type":"Feature","properties":{"h":3.0,"on_route":false},"geometry":{"type":"Polygon","coordinates":[[[6.941854,4.893239],[6.941872,4.893281],[6.941849,4.893291],[6.941831,4.893249],[6.941854,4.893239]]]}},{"type":"Feature","properties":{"h":3.0,"on_route":false},"geometry":{"type":"Polygon","coordinates":[[[6.9401,4.891356],[6.94011,4.891408],[6.940077,4.891415],[6.940067,4.891363],[6.9401,4.891356]]]}},{"type":"Feature","properties":{"h":3.0,"on_route":false},"geometry":{"type":"Polygon","coordinates":[[[6.941617,4.887081],[6.941561,4.887091],[6.941544,4.886998],[6.941599,4.886987],[6.941617,4.887081]]]}},{"type":"Feature","properties":{"h":3.0,"on_route":false},"geometry":{"type":"Polygon","coordinates":[[[6.940579,4.888053],[6.940497,4.888162],[6.940446,4.888123],[6.940527,4.888014],[6.940579,4.888053]]]}},{"type":"Feature","properties":{"h":3.0,"on_route":false},"geometry":{"type":"Polygon","coordinates":[[[6.941218,4.887512],[6.941198,4.887669],[6.941111,4.887658],[6.941123,4.887563],[6.941146,4.887566],[6.941154,4.887504],[6.941218,4.887512]]]}},{"type":"Feature","properties":{"h":3.0,"on_route":false},"geometry":{"type":"Polygon","coordinates":[[[6.940438,4.89032],[6.940401,4.890335],[6.940373,4.890265],[6.94041,4.89025],[6.940438,4.89032]]]}},{"type":"Feature","properties":{"h":3.0,"on_route":false},"geometry":{"type":"Polygon","coordinates":[[[6.941234,4.888172],[6.941144,4.888147],[6.941179,4.888021],[6.941269,4.888046],[6.941234,4.888172]]]}},{"type":"Feature","properties":{"h":3.0,"on_route":false},"geometry":{"type":"Polygon","coordinates":[[[6.943717,4.888878],[6.943715,4.888922],[6.943576,4.888916],[6.943578,4.888873],[6.943717,4.888878]]]}},{"type":"Feature","properties":{"h":3.0,"on_route":false},"geometry":{"type":"Polygon","coordinates":[[[6.940862,4.891973],[6.940684,4.892041],[6.940651,4.891953],[6.940829,4.891885],[6.940862,4.891973]]]}},{"type":"Feature","properties":{"h":3.0,"on_route":false},"geometry":{"type":"Polygon","coordinates":[[[6.940212,4.891108],[6.940042,4.891161],[6.940024,4.891104],[6.940194,4.891052],[6.940212,4.891108]]]}},{"type":"Feature","properties":{"h":3.0,"on_route":false},"geometry":{"type":"Polygon","coordinates":[[[6.943805,4.889806],[6.943821,4.889969],[6.943742,4.889977],[6.943744,4.890002],[6.943715,4.890005],[6.943697,4.889817],[6.943805,4.889806]]]}},{"type":"Feature","properties":{"h":3.0,"on_route":false},"geometry":{"type":"Polygon","coordinates":[[[6.940876,4.891509],[6.940693,4.891611],[6.940648,4.891531],[6.940832,4.891429],[6.940876,4.891509]]]}},{"type":"Feature","properties":{"h":3.0,"on_route":false},"geometry":{"type":"Polygon","coordinates":[[[6.942579,4.890552],[6.942526,4.890562],[6.942498,4.890415],[6.942551,4.890405],[6.942579,4.890552]]]}},{"type":"Feature","properties":{"h":3.0,"on_route":true},"geometry":{"type":"Polygon","coordinates":[[[6.944975,4.891564],[6.944834,4.891616],[6.944831,4.891609],[6.944778,4.891629],[6.944724,4.891484],[6.944918,4.891412],[6.944975,4.891564]]]}},{"type":"Feature","properties":{"h":3.0,"on_route":false},"geometry":{"type":"Polygon","coordinates":[[[6.941843,4.890397],[6.941761,4.89041],[6.941754,4.890365],[6.941725,4.89037],[6.941716,4.890313],[6.941744,4.890308],[6.941738,4.890271],[6.94182,4.890257],[6.941843,4.890397]]]}},{"type":"Feature","properties":{"h":3.0,"on_route":false},"geometry":{"type":"Polygon","coordinates":[[[6.940878,4.890079],[6.940844,4.890088],[6.940849,4.890106],[6.940786,4.890123],[6.940781,4.890105],[6.940742,4.890115],[6.940709,4.889989],[6.940846,4.889953],[6.940878,4.890079]]]}},{"type":"Feature","properties":{"h":3.0,"on_route":false},"geometry":{"type":"Polygon","coordinates":[[[6.94174,4.889356],[6.941737,4.889497],[6.941666,4.889495],[6.94167,4.889355],[6.94174,4.889356]]]}},{"type":"Feature","properties":{"h":3.0,"on_route":false},"geometry":{"type":"Polygon","coordinates":[[[6.942012,4.890894],[6.941805,4.890928],[6.941794,4.890867],[6.942002,4.890833],[6.942012,4.890894]]]}},{"type":"Feature","properties":{"h":3.0,"on_route":false},"geometry":{"type":"Polygon","coordinates":[[[6.941914,4.892746],[6.941839,4.892792],[6.941784,4.892701],[6.941859,4.892655],[6.941914,4.892746]]]}},{"type":"Feature","properties":{"h":3.0,"on_route":false},"geometry":{"type":"Polygon","coordinates":[[[6.944806,4.889504],[6.944811,4.889554],[6.944778,4.889557],[6.944773,4.889507],[6.944806,4.889504]]]}},{"type":"Feature","properties":{"h":3.0,"on_route":false},"geometry":{"type":"Polygon","coordinates":[[[6.942437,4.891707],[6.942411,4.891715],[6.94242,4.891748],[6.942403,4.891753],[6.942393,4.891721],[6.942373,4.891727],[6.942347,4.891641],[6.942412,4.891622],[6.942437,4.891707]]]}},{"type":"Feature","properties":{"h":3.0,"on_route":false},"geometry":{"type":"Polygon","coordinates":[[[6.942981,4.889455],[6.942935,4.889466],[6.942925,4.889423],[6.942971,4.889412],[6.942981,4.889455]]]}},{"type":"Feature","properties":{"h":3.0,"on_route":false},"geometry":{"type":"Polygon","coordinates":[[[6.944403,4.893554],[6.944362,4.893561],[6.944365,4.893581],[6.944312,4.893589],[6.944298,4.893494],[6.944393,4.89348],[6.944403,4.893554]]]}},{"type":"Feature","properties":{"h":3.0,"on_route":false},"geometry":{"type":"Polygon","coordinates":[[[6.941409,4.892373],[6.941446,4.892469],[6.941387,4.892491],[6.941351,4.892396],[6.941409,4.892373]]]}},{"type":"Feature","properties":{"h":3.0,"on_route":false},"geometry":{"type":"Polygon","coordinates":[[[6.945434,4.893478],[6.945484,4.893746],[6.945422,4.893758],[6.945372,4.893489],[6.945434,4.893478]]]}},{"type":"Feature","properties":{"h":3.0,"on_route":false},"geometry":{"type":"Polygon","coordinates":[[[6.944422,4.893602],[6.944372,4.893615],[6.94436,4.893568],[6.944411,4.893556],[6.944422,4.893602]]]}},{"type":"Feature","properties":{"h":3.0,"on_route":true},"geometry":{"type":"Polygon","coordinates":[[[6.94509,4.891716],[6.945138,4.892057],[6.945082,4.892065],[6.945034,4.891724],[6.94509,4.891716]]]}},{"type":"Feature","properties":{"h":3.0,"on_route":false},"geometry":{"type":"Polygon","coordinates":[[[6.941009,4.889329],[6.940891,4.889338],[6.940882,4.889218],[6.940899,4.889217],[6.940896,4.889181],[6.940997,4.889174],[6.941009,4.889329]]]}},{"type":"Feature","properties":{"h":3.0,"on_route":false},"geometry":{"type":"Polygon","coordinates":[[[6.942967,4.889822],[6.942981,4.890069],[6.94292,4.890072],[6.942906,4.889826],[6.942967,4.889822]]]}},{"type":"Feature","properties":{"h":3.0,"on_route":true},"geometry":{"type":"Polygon","coordinates":[[[6.944989,4.893618],[6.944901,4.893627],[6.944877,4.893404],[6.944965,4.893395],[6.944989,4.893618]]]}},{"type":"Feature","properties":{"h":3.0,"on_route":false},"geometry":{"type":"Polygon","coordinates":[[[6.942699,4.889882],[6.942708,4.890035],[6.94264,4.890039],[6.942631,4.889886],[6.942699,4.889882]]]}},{"type":"Feature","properties":{"h":3.0,"on_route":false},"geometry":{"type":"Polygon","coordinates":[[[6.9419,4.889072],[6.941884,4.889127],[6.941696,4.889073],[6.941712,4.889018],[6.9419,4.889072]]]}},{"type":"Feature","properties":{"h":3.0,"on_route":false},"geometry":{"type":"Polygon","coordinates":[[[6.944157,4.888523],[6.944155,4.88859],[6.94413,4.888589],[6.944125,4.88871],[6.944065,4.888707],[6.944073,4.88852],[6.944157,4.888523]]]}},{"type":"Feature","properties":{"h":3.0,"on_route":false},"geometry":{"type":"Polygon","coordinates":[[[6.946418,4.889116],[6.946412,4.889191],[6.94634,4.889186],[6.946345,4.889111],[6.946418,4.889116]]]}},{"type":"Feature","properties":{"h":3.0,"on_route":false},"geometry":{"type":"Polygon","coordinates":[[[6.94232,4.890438],[6.942342,4.890572],[6.942295,4.89058],[6.942273,4.890446],[6.94232,4.890438]]]}},{"type":"Feature","properties":{"h":3.0,"on_route":false},"geometry":{"type":"Polygon","coordinates":[[[6.943753,4.889095],[6.94375,4.889152],[6.943562,4.889143],[6.943564,4.889087],[6.943753,4.889095]]]}},{"type":"Feature","properties":{"h":3.0,"on_route":false},"geometry":{"type":"Polygon","coordinates":[[[6.945088,4.889794],[6.944869,4.889819],[6.944858,4.889718],[6.945077,4.889693],[6.945088,4.889794]]]}},{"type":"Feature","properties":{"h":3.0,"on_route":false},"geometry":{"type":"Polygon","coordinates":[[[6.941361,4.888812],[6.941355,4.888739],[6.941416,4.888733],[6.941423,4.888807],[6.941534,4.888797],[6.941538,4.888854],[6.941294,4.888876],[6.941289,4.888819],[6.941361,4.888812]]]}},{"type":"Feature","properties":{"h":3.0,"on_route":false},"geometry":{"type":"Polygon","coordinates":[[[6.940799,4.892574],[6.940709,4.892607],[6.940674,4.892509],[6.940765,4.892476],[6.940799,4.892574]]]}},{"type":"Feature","properties":{"h":3.0,"on_route":false},"geometry":{"type":"Polygon","coordinates":[[[6.94071,4.891843],[6.940604,4.891894],[6.940578,4.891841],[6.940684,4.89179],[6.94071,4.891843]]]}},{"type":"Feature","properties":{"h":3.0,"on_route":false},"geometry":{"type":"Polygon","coordinates":[[[6.941628,4.889846],[6.94142,4.88988],[6.941406,4.889794],[6.941614,4.889759],[6.941628,4.889846]]]}},{"type":"Feature","properties":{"h":3.0,"on_route":false},"geometry":{"type":"Polygon","coordinates":[[[6.943911,4.888759],[6.943898,4.889106],[6.943847,4.889104],[6.94386,4.888757],[6.943911,4.888759]]]}},{"type":"Feature","properties":{"h":3.0,"on_route":false},"geometry":{"type":"Polygon","coordinates":[[[6.942719,4.892119],[6.942663,4.892138],[6.94261,4.891984],[6.942666,4.891965],[6.942719,4.892119]]]}},{"type":"Feature","properties":{"h":3.0,"on_route":false},"geometry":{"type":"Polygon","coordinates":[[[6.940828,4.889746],[6.940771,4.889765],[6.940749,4.889699],[6.940806,4.889679],[6.940828,4.889746]]]}},{"type":"Feature","properties":{"h":3.0,"on_route":false},"geometry":{"type":"Polygon","coordinates":[[[6.940201,4.889486],[6.94007,4.889476],[6.940075,4.889394],[6.940143,4.889399],[6.940142,4.889421],[6.940161,4.889422],[6.940163,4.889387],[6.940208,4.88939],[6.940201,4.889486]]]}},{"type":"Feature","properties":{"h":3.0,"on_route":false},"geometry":{"type":"Polygon","coordinates":[[[6.945401,4.887913],[6.945408,4.888018],[6.945386,4.888019],[6.945387,4.88804],[6.945344,4.888043],[6.945335,4.887917],[6.945401,4.887913]]]}},{"type":"Feature","properties":{"h":3.0,"on_route":false},"geometry":{"type":"Polygon","coordinates":[[[6.940339,4.888971],[6.940332,4.889066],[6.940269,4.889061],[6.940276,4.888966],[6.940339,4.888971]]]}},{"type":"Feature","properties":{"h":3.0,"on_route":false},"geometry":{"type":"Polygon","coordinates":[[[6.940674,4.889972],[6.940609,4.889994],[6.940594,4.889949],[6.940572,4.889957],[6.940559,4.889919],[6.940646,4.88989],[6.940674,4.889972]]]}},{"type":"Feature","properties":{"h":3.0,"on_route":false},"geometry":{"type":"Polygon","coordinates":[[[6.942777,4.891846],[6.942633,4.89188],[6.942614,4.891798],[6.942757,4.891764],[6.942777,4.891846]]]}},{"type":"Feature","properties":{"h":3.0,"on_route":false},"geometry":{"type":"Polygon","coordinates":[[[6.944346,4.892035],[6.944286,4.892041],[6.944282,4.892004],[6.944342,4.891997],[6.944346,4.892035]]]}},{"type":"Feature","properties":{"h":3.0,"on_route":false},"geometry":{"type":"Polygon","coordinates":[[[6.939997,4.891363],[6.940016,4.891357],[6.940034,4.891414],[6.939916,4.891451],[6.939875,4.891322],[6.939974,4.891291],[6.939997,4.891363]]]}},{"type":"Feature","properties":{"h":3.0,"on_route":false},"geometry":{"type":"Polygon","coordinates":[[[6.94329,4.888044],[6.943279,4.888198],[6.943189,4.888192],[6.9432,4.888038],[6.94329,4.888044]]]}},{"type":"Feature","properties":{"h":3.0,"on_route":false},"geometry":{"type":"Polygon","coordinates":[[[6.944797,4.887493],[6.944783,4.887545],[6.944715,4.887526],[6.944729,4.887474],[6.944797,4.887493]]]}},{"type":"Feature","properties":{"h":3.0,"on_route":false},"geometry":{"type":"Polygon","coordinates":[[[6.943058,4.891395],[6.942967,4.891425],[6.942872,4.891146],[6.942963,4.891115],[6.943058,4.891395]]]}},{"type":"Feature","properties":{"h":3.0,"on_route":false},"geometry":{"type":"Polygon","coordinates":[[[6.944123,4.887478],[6.944096,4.887609],[6.944036,4.887597],[6.944063,4.887466],[6.944123,4.887478]]]}},{"type":"Feature","properties":{"h":3.0,"on_route":false},"geometry":{"type":"Polygon","coordinates":[[[6.945847,4.890387],[6.945778,4.890391],[6.945775,4.890332],[6.945844,4.890328],[6.945847,4.890387]]]}},{"type":"Feature","properties":{"h":3.0,"on_route":false},"geometry":{"type":"Polygon","coordinates":[[[6.943108,4.888806],[6.943094,4.888861],[6.942953,4.888827],[6.942966,4.888771],[6.943108,4.888806]]]}},{"type":"Feature","properties":{"h":3.0,"on_route":false},"geometry":{"type":"Polygon","coordinates":[[[6.941393,4.891718],[6.941359,4.891722],[6.941355,4.89169],[6.941388,4.891685],[6.941393,4.891718]]]}},{"type":"Feature","properties":{"h":3.0,"on_route":false},"geometry":{"type":"Polygon","coordinates":[[[6.941307,4.890727],[6.941272,4.890737],[6.941244,4.890635],[6.94128,4.890626],[6.941307,4.890727]]]}},{"type":"Feature","properties":{"h":3.0,"on_route":false},"geometry":{"type":"Polygon","coordinates":[[[6.942025,4.892927],[6.941956,4.892963],[6.941919,4.892891],[6.941987,4.892855],[6.942025,4.892927]]]}},{"type":"Feature","properties":{"h":3.0,"on_route":false},"geometry":{"type":"Polygon","coordinates":[[[6.940009,4.889287],[6.939989,4.889332],[6.939962,4.88932],[6.939928,4.889396],[6.939815,4.889345],[6.93983,4.889311],[6.939848,4.889319],[6.939887,4.889232],[6.940009,4.889287]]]}},{"type":"Feature","properties":{"h":3.0,"on_route":false},"geometry":{"type":"Polygon","coordinates":[[[6.942108,4.892256],[6.942125,4.892322],[6.942072,4.892336],[6.942054,4.89227],[6.942108,4.892256]]]}},{"type":"Feature","properties":{"h":3.0,"on_route":false},"geometry":{"type":"Polygon","coordinates":[[[6.944274,4.887688],[6.944265,4.887783],[6.94412,4.887769],[6.94413,4.887674],[6.944274,4.887688]]]}},{"type":"Feature","properties":{"h":3.0,"on_route":false},"geometry":{"type":"Polygon","coordinates":[[[6.94355,4.89373],[6.9435,4.89374],[6.94349,4.893686],[6.94354,4.893676],[6.94355,4.89373]]]}},{"type":"Feature","properties":{"h":3.0,"on_route":false},"geometry":{"type":"Polygon","coordinates":[[[6.941751,4.88925],[6.941759,4.889313],[6.941707,4.889319],[6.9417,4.889256],[6.941751,4.88925]]]}},{"type":"Feature","properties":{"h":3.0,"on_route":false},"geometry":{"type":"Polygon","coordinates":[[[6.941815,4.889479],[6.941819,4.889577],[6.941773,4.889579],[6.941769,4.889481],[6.941815,4.889479]]]}},{"type":"Feature","properties":{"h":3.0,"on_route":false},"geometry":{"type":"Polygon","coordinates":[[[6.942447,4.888468],[6.942446,4.888501],[6.942392,4.888499],[6.942394,4.888466],[6.942447,4.888468]]]}},{"type":"Feature","properties":{"h":3.0,"on_route":false},"geometry":{"type":"Polygon","coordinates":[[[6.944012,4.887491],[6.943988,4.88757],[6.943935,4.887554],[6.943959,4.887475],[6.944012,4.887491]]]}},{"type":"Feature","properties":{"h":3.0,"on_route":false},"geometry":{"type":"Polygon","coordinates":[[[6.940676,4.892086],[6.940549,4.89213],[6.940528,4.892071],[6.940655,4.892026],[6.940676,4.892086]]]}},{"type":"Feature","properties":{"h":3.0,"on_route":false},"geometry":{"type":"Polygon","coordinates":[[[6.941164,4.893004],[6.941051,4.89306],[6.941032,4.893021],[6.941055,4.893009],[6.941021,4.892939],[6.94111,4.892895],[6.941164,4.893004]]]}},{"type":"Feature","properties":{"h":3.0,"on_route":false},"geometry":{"type":"Polygon","coordinates":[[[6.94374,4.890859],[6.943749,4.890912],[6.943673,4.890926],[6.943664,4.890873],[6.94374,4.890859]]]}},{"type":"Feature","properties":{"h":3.0,"on_route":false},"geometry":{"type":"Polygon","coordinates":[[[6.94116,4.88969],[6.941187,4.889681],[6.941207,4.88974],[6.94118,4.889749],[6.941201,4.889811],[6.941075,4.889854],[6.941001,4.889637],[6.941128,4.889594],[6.94116,4.88969]]]}},{"type":"Feature","properties":{"h":3.0,"on_route":false},"geometry":{"type":"Polygon","coordinates":[[[6.942115,4.887917],[6.942111,4.887974],[6.942064,4.887972],[6.942068,4.887915],[6.942115,4.887917]]]}},{"type":"Feature","properties":{"h":3.0,"on_route":false},"geometry":{"type":"Polygon","coordinates":[[[6.94149,4.891876],[6.941428,4.891884],[6.941422,4.891842],[6.941485,4.891834],[6.94149,4.891876]]]}},{"type":"Feature","properties":{"h":3.0,"on_route":false},"geometry":{"type":"Polygon","coordinates":[[[6.941409,4.890479],[6.941309,4.890497],[6.941293,4.890405],[6.941393,4.890389],[6.941409,4.890479]]]}},{"type":"Feature","properties":{"h":3.0,"on_route":false},"geometry":{"type":"Polygon","coordinates":[[[6.9415,4.888107],[6.941488,4.888153],[6.941362,4.888119],[6.941374,4.888073],[6.9415,4.888107]]]}},{"type":"Feature","properties":{"h":3.0,"on_route":false},"geometry":{"type":"Polygon","coordinates":[[[6.943661,4.890882],[6.943681,4.891012],[6.943609,4.891024],[6.943588,4.890893],[6.943661,4.890882]]]}},{"type":"Feature","properties":{"h":3.0,"on_route":false},"geometry":{"type":"Polygon","coordinates":[[[6.944178,4.891742],[6.944107,4.891761],[6.944125,4.89183],[6.943946,4.891878],[6.943934,4.891834],[6.944024,4.89181],[6.944018,4.891785],[6.943971,4.891798],[6.943955,4.891737],[6.944043,4.891714],[6.944037,4.891694],[6.944157,4.891662],[6.944178,4.891742]]]}},{"type":"Feature","properties":{"h":3.0,"on_route":false},"geometry":{"type":"Polygon","coordinates":[[[6.942831,4.890629],[6.942739,4.890645],[6.94273,4.890594],[6.942822,4.890578],[6.942831,4.890629]]]}},{"type":"Feature","properties":{"h":3.0,"on_route":false},"geometry":{"type":"Polygon","coordinates":[[[6.94291,4.894151],[6.942856,4.894171],[6.942814,4.894058],[6.942868,4.894037],[6.94291,4.894151]]]}},{"type":"Feature","properties":{"h":3.0,"on_route":false},"geometry":{"type":"Polygon","coordinates":[[[6.940701,4.892135],[6.940591,4.892173],[6.940573,4.89212],[6.940683,4.892082],[6.940701,4.892135]]]}},{"type":"Feature","properties":{"h":3.0,"on_route":false},"geometry":{"type":"Polygon","coordinates":[[[6.940565,4.89022],[6.940501,4.890244],[6.940418,4.890021],[6.940482,4.889997],[6.940565,4.89022]]]}},{"type":"Feature","properties":{"h":3.0,"on_route":false},"geometry":{"type":"Polygon","coordinates":[[[6.943026,4.892717],[6.942852,4.892794],[6.942825,4.892734],[6.942999,4.892657],[6.943026,4.892717]]]}},{"type":"Feature","properties":{"h":3.0,"on_route":false},"geometry":{"type":"Polygon","coordinates":[[[6.945902,4.888379],[6.945792,4.8884],[6.945767,4.888271],[6.945877,4.88825],[6.945902,4.888379]]]}},{"type":"Feature","properties":{"h":3.0,"on_route":false},"geometry":{"type":"Polygon","coordinates":[[[6.941996,4.887282],[6.941896,4.887315],[6.941879,4.887264],[6.941979,4.88723],[6.941996,4.887282]]]}},{"type":"Feature","properties":{"h":3.0,"on_route":false},"geometry":{"type":"Polygon","coordinates":[[[6.942102,4.890751],[6.942107,4.89079],[6.94203,4.890801],[6.942025,4.890761],[6.942102,4.890751]]]}},{"type":"Feature","properties":{"h":3.0,"on_route":false},"geometry":{"type":"Polygon","coordinates":[[[6.941561,4.887091],[6.941482,4.887106],[6.941465,4.887013],[6.941544,4.886998],[6.941561,4.887091]]]}},{"type":"Feature","properties":{"h":3.0,"on_route":false},"geometry":{"type":"Polygon","coordinates":[[[6.944249,4.889309],[6.944238,4.889492],[6.944164,4.889487],[6.944171,4.889368],[6.944027,4.889359],[6.944031,4.889296],[6.944249,4.889309]]]}},{"type":"Feature","properties":{"h":3.0,"on_route":false},"geometry":{"type":"Polygon","coordinates":[[[6.942449,4.889066],[6.942428,4.889193],[6.942352,4.889181],[6.942365,4.889098],[6.942319,4.889091],[6.942326,4.889046],[6.942449,4.889066]]]}},{"type":"Feature","properties":{"h":3.0,"on_route":false},"geometry":{"type":"Polygon","coordinates":[[[6.945819,4.887654],[6.945817,4.887889],[6.945759,4.887888],[6.94576,4.887653],[6.945819,4.887654]]]}},{"type":"Feature","properties":{"h":3.0,"on_route":false},"geometry":{"type":"Polygon","coordinates":[[[6.946784,4.887678],[6.946815,4.887835],[6.946731,4.887851],[6.9467,4.887695],[6.946784,4.887678]]]}},{"type":"Feature","properties":{"h":3.0,"on_route":false},"geometry":{"type":"Polygon","coordinates":[[[6.945271,4.887824],[6.94527,4.8879],[6.945148,4.887899],[6.945149,4.887822],[6.945271,4.887824]]]}},{"type":"Feature","properties":{"h":3.0,"on_route":false},"geometry":{"type":"Polygon","coordinates":[[[6.944279,4.891053],[6.944178,4.891074],[6.944165,4.891012],[6.944266,4.890992],[6.944279,4.891053]]]}},{"type":"Feature","properties":{"h":3.0,"on_route":false},"geometry":{"type":"Polygon","coordinates":[[[6.943007,4.891086],[6.943011,4.891137],[6.942971,4.89114],[6.942967,4.89109],[6.943007,4.891086]]]}},{"type":"Feature","properties":{"h":3.0,"on_route":false},"geometry":{"type":"Polygon","coordinates":[[[6.941554,4.890695],[6.941605,4.890844],[6.941552,4.890862],[6.941501,4.890713],[6.941554,4.890695]]]}},{"type":"Feature","properties":{"h":3.0,"on_route":false},"geometry":{"type":"Polygon","coordinates":[[[6.940254,4.891244],[6.940141,4.89128],[6.940122,4.891219],[6.940235,4.891183],[6.940254,4.891244]]]}},{"type":"Feature","properties":{"h":3.0,"on_route":true},"geometry":{"type":"Polygon","coordinates":[[[6.945487,4.89267],[6.945484,4.892769],[6.94534,4.892765],[6.945343,4.892666],[6.945487,4.89267]]]}},{"type":"Feature","properties":{"h":3.0,"on_route":false},"geometry":{"type":"Polygon","coordinates":[[[6.941586,4.888736],[6.941593,4.888819],[6.941536,4.888823],[6.94153,4.888741],[6.941586,4.888736]]]}},{"type":"Feature","properties":{"h":3.0,"on_route":false},"geometry":{"type":"Polygon","coordinates":[[[6.940515,4.888862],[6.940514,4.888877],[6.940463,4.888873],[6.940464,4.888859],[6.940515,4.888862]]]}},{"type":"Feature","properties":{"h":3.0,"on_route":false},"geometry":{"type":"Polygon","coordinates":[[[6.940254,4.888928],[6.940248,4.888959],[6.940281,4.888965],[6.940264,4.889065],[6.940136,4.889044],[6.940158,4.888913],[6.940254,4.888928]]]}},{"type":"Feature","properties":{"h":3.0,"on_route":false},"geometry":{"type":"Polygon","coordinates":[[[6.942595,4.887311],[6.94246,4.887327],[6.94244,4.887162],[6.942575,4.887146],[6.942595,4.887311]]]}},{"type":"Feature","properties":{"h":3.0,"on_route":false},"geometry":{"type":"Polygon","coordinates":[[[6.94208,4.887973],[6.942066,4.888212],[6.941962,4.888206],[6.941976,4.887967],[6.94208,4.887973]]]}},{"type":"Feature","properties":{"h":3.0,"on_route":false},"geometry":{"type":"Polygon","coordinates":[[[6.940176,4.889477],[6.940193,4.889584],[6.940118,4.889595],[6.940108,4.889528],[6.94007,4.889534],[6.940064,4.889494],[6.940176,4.889477]]]}},{"type":"Feature","properties":{"h":3.0,"on_route":false},"geometry":{"type":"Polygon","coordinates":[[[6.940682,4.887779],[6.940688,4.88783],[6.940645,4.887835],[6.940639,4.887783],[6.940682,4.887779]]]}},{"type":"Feature","properties":{"h":3.0,"on_route":false},"geometry":{"type":"Polygon","coordinates":[[[6.942176,4.890208],[6.942229,4.89048],[6.942161,4.890494],[6.942108,4.890222],[6.942176,4.890208]]]}},{"type":"Feature","properties":{"h":3.0,"on_route":false},"geometry":{"type":"Polygon","coordinates":[[[6.944788,4.893634],[6.944674,4.89365],[6.944659,4.893543],[6.944773,4.893527],[6.944788,4.893634]]]}},{"type":"Feature","properties":{"h":3.0,"on_route":false},"geometry":{"type":"Polygon","coordinates":[[[6.940772,4.890598],[6.940715,4.890629],[6.940604,4.890427],[6.940661,4.890396],[6.940772,4.890598]]]}},{"type":"Feature","properties":{"h":3.0,"on_route":false},"geometry":{"type":"Polygon","coordinates":[[[6.941144,4.892177],[6.940903,4.892274],[6.94088,4.892216],[6.941121,4.89212],[6.941144,4.892177]]]}},{"type":"Feature","properties":{"h":3.0,"on_route":false},"geometry":{"type":"Polygon","coordinates":[[[6.944251,4.889756],[6.944097,4.889767],[6.944091,4.889686],[6.944245,4.889674],[6.944251,4.889756]]]}},{"type":"Feature","properties":{"h":3.0,"on_route":false},"geometry":{"type":"Polygon","coordinates":[[[6.943493,4.892931],[6.94325,4.893005],[6.94323,4.892936],[6.943473,4.892862],[6.943493,4.892931]]]}},{"type":"Feature","properties":{"h":3.0,"on_route":true},"geometry":{"type":"Polygon","coordinates":[[[6.945024,4.891099],[6.944925,4.891139],[6.944893,4.89106],[6.944992,4.89102],[6.945024,4.891099]]]}},{"type":"Feature","properties":{"h":3.0,"on_route":false},"geometry":{"type":"Polygon","coordinates":[[[6.9417,4.889256],[6.941707,4.889319],[6.941676,4.889323],[6.941668,4.88926],[6.9417,4.889256]]]}},{"type":"Feature","properties":{"h":3.0,"on_route":true},"geometry":{"type":"Polygon","coordinates":[[[6.945345,4.890993],[6.945283,4.891018],[6.945243,4.890919],[6.945305,4.890893],[6.945345,4.890993]]]}},{"type":"Feature","properties":{"h":3.0,"on_route":false},"geometry":{"type":"Polygon","coordinates":[[[6.943628,4.888533],[6.943627,4.88856],[6.943584,4.888558],[6.943585,4.888531],[6.943628,4.888533]]]}},{"type":"Feature","properties":{"h":3.0,"on_route":false},"geometry":{"type":"Polygon","coordinates":[[[6.942078,4.890039],[6.942005,4.890047],[6.941996,4.889963],[6.942068,4.889955],[6.942078,4.890039]]]}},{"type":"Feature","properties":{"h":3.0,"on_route":false},"geometry":{"type":"Polygon","coordinates":[[[6.943791,4.894221],[6.94382,4.894507],[6.943753,4.894514],[6.943734,4.894326],[6.943718,4.894328],[6.943708,4.894229],[6.943791,4.894221]]]}},{"type":"Feature","properties":{"h":3.0,"on_route":false},"geometry":{"type":"Polygon","coordinates":[[[6.942555,4.889525],[6.942487,4.889547],[6.942443,4.889407],[6.942511,4.889385],[6.942555,4.889525]]]}},{"type":"Feature","properties":{"h":3.0,"on_route":false},"geometry":{"type":"Polygon","coordinates":[[[6.943571,4.893785],[6.943568,4.893761],[6.943611,4.893757],[6.943614,4.893781],[6.943571,4.893785]]]}},{"type":"Feature","properties":{"h":3.0,"on_route":false},"geometry":{"type":"Polygon","coordinates":[[[6.942103,4.891704],[6.941922,4.89176],[6.941897,4.89168],[6.942078,4.891623],[6.942103,4.891704]]]}},{"type":"Feature","properties":{"h":3.0,"on_route":false},"geometry":{"type":"Polygon","coordinates":[[[6.941592,4.887386],[6.941451,4.887413],[6.941431,4.887307],[6.941547,4.887284],[6.941552,4.88731],[6.941577,4.887305],[6.941592,4.887386]]]}},{"type":"Feature","properties":{"h":3.0,"on_route":false},"geometry":{"type":"Polygon","coordinates":[[[6.94293,4.888301],[6.942928,4.888334],[6.942897,4.888333],[6.942899,4.888299],[6.94293,4.888301]]]}},{"type":"Feature","properties":{"h":3.0,"on_route":false},"geometry":{"type":"Polygon","coordinates":[[[6.94084,4.888094],[6.940824,4.888154],[6.940734,4.888129],[6.94075,4.888069],[6.94084,4.888094]]]}},{"type":"Feature","properties":{"h":3.0,"on_route":false},"geometry":{"type":"Polygon","coordinates":[[[6.945576,4.888009],[6.945479,4.888016],[6.945471,4.887908],[6.945568,4.887901],[6.945576,4.888009]]]}},{"type":"Feature","properties":{"h":3.0,"on_route":false},"geometry":{"type":"Polygon","coordinates":[[[6.944179,4.892434],[6.943961,4.892481],[6.943937,4.892367],[6.944154,4.892319],[6.944179,4.892434]]]}},{"type":"Feature","properties":{"h":3.0,"on_route":false},"geometry":{"type":"Polygon","coordinates":[[[6.942112,4.889329],[6.942152,4.889725],[6.9421,4.88973],[6.942094,4.889668],[6.941947,4.889683],[6.941938,4.889591],[6.942084,4.889576],[6.94206,4.889334],[6.942112,4.889329]]]}},{"type":"Feature","properties":{"h":3.0,"on_route":false},"geometry":{"type":"Polygon","coordinates":[[[6.941839,4.893377],[6.941764,4.893423],[6.941709,4.893332],[6.941784,4.893286],[6.941839,4.893377]]]}},{"type":"Feature","properties":{"h":3.0,"on_route":false},"geometry":{"type":"Polygon","coordinates":[[[6.943106,4.886543],[6.94292,4.886557],[6.942916,4.886505],[6.943102,4.886491],[6.943106,4.886543]]]}},{"type":"Feature","properties":{"h":3.0,"on_route":false},"geometry":{"type":"Polygon","coordinates":[[[6.940911,4.891571],[6.9408,4.891632],[6.940766,4.891571],[6.940876,4.891509],[6.940911,4.891571]]]}},{"type":"Feature","properties":{"h":3.0,"on_route":false},"geometry":{"type":"Polygon","coordinates":[[[6.941301,4.890413],[6.941338,4.890624],[6.941267,4.890637],[6.94123,4.890426],[6.941301,4.890413]]]}},{"type":"Feature","properties":{"h":3.0,"on_route":false},"geometry":{"type":"Polygon","coordinates":[[[6.942006,4.887846],[6.941974,4.887842],[6.941984,4.887756],[6.942016,4.88776],[6.942006,4.887846]]]}},{"type":"Feature","properties":{"h":3.0,"on_route":false},"geometry":{"type":"Polygon","coordinates":[[[6.944613,4.891733],[6.944575,4.89174],[6.944577,4.891755],[6.944539,4.891762],[6.944517,4.891639],[6.944594,4.891625],[6.944613,4.891733]]]}},{"type":"Feature","properties":{"h":3.0,"on_route":false},"geometry":{"type":"Polygon","coordinates":[[[6.942622,4.889786],[6.942641,4.890075],[6.942575,4.890079],[6.942559,4.889831],[6.94254,4.889832],[6.942538,4.889792],[6.942622,4.889786]]]}},{"type":"Feature","properties":{"h":3.0,"on_route":false},"geometry":{"type":"Polygon","coordinates":[[[6.941439,4.887655],[6.941433,4.88771],[6.941387,4.887706],[6.941393,4.887651],[6.941439,4.887655]]]}},{"type":"Feature","properties":{"h":3.0,"on_route":false},"geometry":{"type":"Polygon","coordinates":[[[6.940763,4.888506],[6.940745,4.888551],[6.940588,4.888487],[6.940607,4.888442],[6.940763,4.888506]]]}},{"type":"Feature","properties":{"h":3.0,"on_route":false},"geometry":{"type":"Polygon","coordinates":[[[6.945445,4.890333],[6.945206,4.890343],[6.945203,4.890261],[6.945442,4.890251],[6.945445,4.890333]]]}},{"type":"Feature","properties":{"h":3.0,"on_route":false},"geometry":{"type":"Polygon","coordinates":[[[6.94374,4.893431],[6.943571,4.893454],[6.943562,4.893391],[6.943731,4.893368],[6.94374,4.893431]]]}},{"type":"Feature","properties":{"h":3.0,"on_route":false},"geometry":{"type":"Polygon","coordinates":[[[6.940665,4.888532],[6.940637,4.888603],[6.940558,4.888572],[6.940587,4.8885],[6.940665,4.888532]]]}},{"type":"Feature","properties":{"h":3.0,"on_route":false},"geometry":{"type":"Polygon","coordinates":[[[6.943069,4.886727],[6.943014,4.886731],[6.94301,4.886682],[6.943065,4.886677],[6.943069,4.886727]]]}},{"type":"Feature","properties":{"h":3.0,"on_route":false},"geometry":{"type":"Polygon","coordinates":[[[6.941828,4.890472],[6.9418,4.890477],[6.941811,4.890543],[6.941755,4.890552],[6.941735,4.89043],[6.941819,4.890416],[6.941828,4.890472]]]}},{"type":"Feature","properties":{"h":3.0,"on_route":false},"geometry":{"type":"Polygon","coordinates":[[[6.941219,4.893033],[6.941033,4.893128],[6.941009,4.893082],[6.941195,4.892986],[6.941219,4.893033]]]}},{"type":"Feature","properties":{"h":3.0,"on_route":false},"geometry":{"type":"Polygon","coordinates":[[[6.943542,4.890028],[6.943481,4.890031],[6.943475,4.889918],[6.943536,4.889915],[6.943542,4.890028]]]}},{"type":"Feature","properties":{"h":3.0,"on_route":false},"geometry":{"type":"Polygon","coordinates":[[[6.944567,4.887763],[6.944535,4.887752],[6.944555,4.887689],[6.944588,4.887699],[6.944567,4.887763]]]}},{"type":"Feature","properties":{"h":3.0,"on_route":false},"geometry":{"type":"Polygon","coordinates":[[[6.942087,4.887768],[6.942078,4.887854],[6.942033,4.887849],[6.942043,4.887763],[6.942087,4.887768]]]}},{"type":"Feature","properties":{"h":3.0,"on_route":false},"geometry":{"type":"Polygon","coordinates":[[[6.942697,4.888275],[6.942689,4.888445],[6.942632,4.888442],[6.942639,4.888273],[6.942697,4.888275]]]}},{"type":"Feature","properties":{"h":3.0,"on_route":false},"geometry":{"type":"Polygon","coordinates":[[[6.9466,4.889023],[6.946601,4.889063],[6.946515,4.889065],[6.946515,4.889024],[6.9466,4.889023]]]}},{"type":"Feature","properties":{"h":3.0,"on_route":false},"geometry":{"type":"Polygon","coordinates":[[[6.944624,4.892829],[6.944607,4.892831],[6.944616,4.892922],[6.944502,4.892933],[6.944496,4.892869],[6.944479,4.892871],[6.944472,4.892803],[6.94462,4.892789],[6.944624,4.892829]]]}},{"type":"Feature","properties":{"h":3.0,"on_route":false},"geometry":{"type":"Polygon","coordinates":[[[6.941391,4.890386],[6.94129,4.890402],[6.941263,4.890233],[6.941364,4.890217],[6.941391,4.890386]]]}},{"type":"Feature","properties":{"h":3.0,"on_route":false},"geometry":{"type":"Polygon","coordinates":[[[6.943023,4.889506],[6.942903,4.889552],[6.942881,4.889494],[6.943,4.889448],[6.943023,4.889506]]]}},{"type":"Feature","properties":{"h":3.0,"on_route":false},"geometry":{"type":"Polygon","coordinates":[[[6.94148,4.889225],[6.94115,4.889279],[6.941139,4.889217],[6.94147,4.889163],[6.94148,4.889225]]]}},{"type":"Feature","properties":{"h":3.0,"on_route":false},"geometry":{"type":"Polygon","coordinates":[[[6.945809,4.887389],[6.945791,4.887566],[6.945728,4.887559],[6.945747,4.887382],[6.945809,4.887389]]]}},{"type":"Feature","properties":{"h":3.0,"on_route":true},"geometry":{"type":"Polygon","coordinates":[[[6.945343,4.892831],[6.945337,4.892891],[6.945286,4.892886],[6.945292,4.892826],[6.945343,4.892831]]]}},{"type":"Feature","properties":{"h":3.0,"on_route":false},"geometry":{"type":"Polygon","coordinates":[[[6.941859,4.886703],[6.941825,4.886713],[6.941813,4.886676],[6.941848,4.886665],[6.941859,4.886703]]]}},{"type":"Feature","properties":{"h":3.0,"on_route":false},"geometry":{"type":"Polygon","coordinates":[[[6.941595,4.890681],[6.941646,4.890829],[6.941605,4.890844],[6.941554,4.890695],[6.941595,4.890681]]]}},{"type":"Feature","properties":{"h":3.0,"on_route":false},"geometry":{"type":"Polygon","coordinates":[[[6.946416,4.892133],[6.9463,4.892138],[6.946293,4.89199],[6.946409,4.891985],[6.946416,4.892133]]]}},{"type":"Feature","properties":{"h":3.0,"on_route":false},"geometry":{"type":"Polygon","coordinates":[[[6.943894,4.891313],[6.94377,4.891347],[6.943747,4.891261],[6.94387,4.891227],[6.943894,4.891313]]]}},{"type":"Feature","properties":{"h":3.0,"on_route":false},"geometry":{"type":"Polygon","coordinates":[[[6.945748,4.887883],[6.945622,4.887891],[6.945614,4.887774],[6.94574,4.887765],[6.945748,4.887883]]]}},{"type":"Feature","properties":{"h":3.0,"on_route":false},"geometry":{"type":"Polygon","coordinates":[[[6.940939,4.890961],[6.940993,4.891049],[6.940967,4.891064],[6.940914,4.890977],[6.940939,4.890961]]]}},{"type":"Feature","properties":{"h":3.0,"on_route":false},"geometry":{"type":"Polygon","coordinates":[[[6.94044,4.890168],[6.940381,4.890195],[6.940314,4.890048],[6.940373,4.890021],[6.94044,4.890168]]]}},{"type":"Feature","properties":{"h":3.0,"on_route":false},"geometry":{"type":"Polygon","coordinates":[[[6.943391,4.89144],[6.943243,4.891505],[6.943199,4.891402],[6.943286,4.891364],[6.943296,4.891386],[6.943357,4.89136],[6.943391,4.89144]]]}},{"type":"Feature","properties":{"h":3.0,"on_route":false},"geometry":{"type":"Polygon","coordinates":[[[6.943957,4.886031],[6.943905,4.886075],[6.943869,4.886031],[6.943921,4.885988],[6.943957,4.886031]]]}},{"type":"Feature","properties":{"h":3.0,"on_route":false},"geometry":{"type":"Polygon","coordinates":[[[6.940871,4.892208],[6.940801,4.892232],[6.940782,4.892179],[6.940853,4.892155],[6.940871,4.892208]]]}},{"type":"Feature","properties":{"h":3.0,"on_route":false},"geometry":{"type":"Polygon","coordinates":[[[6.946332,4.892945],[6.946209,4.892956],[6.946201,4.892869],[6.946325,4.892859],[6.946332,4.892945]]]}},{"type":"Feature","properties":{"h":3.0,"on_route":false},"geometry":{"type":"Polygon","coordinates":[[[6.941448,4.887111],[6.941473,4.887255],[6.941406,4.887267],[6.94138,4.887122],[6.941448,4.887111]]]}},{"type":"Feature","properties":{"h":3.0,"on_route":false},"geometry":{"type":"Polygon","coordinates":[[[6.94474,4.893328],[6.944598,4.893341],[6.94459,4.89325],[6.944732,4.893237],[6.94474,4.893328]]]}},{"type":"Feature","properties":{"h":3.0,"on_route":false},"geometry":{"type":"Polygon","coordinates":[[[6.942237,4.889159],[6.942245,4.889111],[6.942303,4.889121],[6.942295,4.889169],[6.942338,4.889176],[6.94232,4.889282],[6.94215,4.889252],[6.942168,4.889147],[6.942237,4.889159]]]}},{"type":"Feature","properties":{"h":3.0,"on_route":false},"geometry":{"type":"Polygon","coordinates":[[[6.942825,4.892734],[6.942792,4.892748],[6.94274,4.89263],[6.942773,4.892615],[6.942825,4.892734]]]}},{"type":"Feature","properties":{"h":3.0,"on_route":false},"geometry":{"type":"Polygon","coordinates":[[[6.941321,4.891741],[6.941227,4.891766],[6.941215,4.891719],[6.941309,4.891695],[6.941321,4.891741]]]}},{"type":"Feature","properties":{"h":3.0,"on_route":false},"geometry":{"type":"Polygon","coordinates":[[[6.941049,4.888734],[6.941053,4.888778],[6.940992,4.888784],[6.940988,4.88874],[6.941049,4.888734]]]}},{"type":"Feature","properties":{"h":3.0,"on_route":false},"geometry":{"type":"Polygon","coordinates":[[[6.940413,4.888021],[6.940394,4.888106],[6.940225,4.888068],[6.940245,4.887982],[6.940413,4.888021]]]}},{"type":"Feature","properties":{"h":3.0,"on_route":false},"geometry":{"type":"Polygon","coordinates":[[[6.943268,4.886219],[6.943266,4.886197],[6.943332,4.886191],[6.943334,4.886214],[6.94338,4.88621],[6.943391,4.886338],[6.943279,4.886348],[6.943276,4.886308],[6.943248,4.886311],[6.94324,4.886222],[6.943268,4.886219]]]}},{"type":"Feature","properties":{"h":3.0,"on_route":false},"geometry":{"type":"Polygon","coordinates":[[[6.945752,4.88694],[6.945702,4.887069],[6.945602,4.887029],[6.945652,4.8869],[6.945752,4.88694]]]}},{"type":"Feature","properties":{"h":3.0,"on_route":false},"geometry":{"type":"Polygon","coordinates":[[[6.943668,4.886243],[6.943679,4.886388],[6.943607,4.886393],[6.943596,4.886249],[6.943668,4.886243]]]}},{"type":"Feature","properties":{"h":3.0,"on_route":false},"geometry":{"type":"Polygon","coordinates":[[[6.9419,4.887559],[6.941898,4.887667],[6.941854,4.887666],[6.941853,4.887696],[6.941797,4.887695],[6.9418,4.887557],[6.9419,4.887559]]]}},{"type":"Feature","properties":{"h":3.0,"on_route":true},"geometry":{"type":"Polygon","coordinates":[[[6.944986,4.891005],[6.944887,4.891045],[6.944849,4.89095],[6.944948,4.89091],[6.944986,4.891005]]]}},{"type":"Feature","properties":{"h":3.0,"on_route":false},"geometry":{"type":"Polygon","coordinates":[[[6.943235,4.891696],[6.943129,4.891736],[6.943098,4.891653],[6.943204,4.891613],[6.943235,4.891696]]]}},{"type":"Feature","properties":{"h":3.0,"on_route":false},"geometry":{"type":"Polygon","coordinates":[[[6.940058,4.890487],[6.939974,4.890524],[6.939946,4.890461],[6.94003,4.890424],[6.940058,4.890487]]]}},{"type":"Feature","properties":{"h":3.0,"on_route":false},"geometry":{"type":"Polygon","coordinates":[[[6.944732,4.887198],[6.944716,4.887255],[6.944743,4.887262],[6.944728,4.887317],[6.944591,4.88728],[6.944621,4.887168],[6.944732,4.887198]]]}},{"type":"Feature","properties":{"h":3.0,"on_route":false},"geometry":{"type":"Polygon","coordinates":[[[6.945741,4.888581],[6.94566,4.888595],[6.945646,4.888515],[6.945727,4.888501],[6.945741,4.888581]]]}},{"type":"Feature","properties":{"h":3.0,"on_route":false},"geometry":{"type":"Polygon","coordinates":[[[6.94588,4.889883],[6.945807,4.889902],[6.945765,4.889737],[6.945838,4.889718],[6.94588,4.889883]]]}},{"type":"Feature","properties":{"h":3.0,"on_route":false},"geometry":{"type":"Polygon","coordinates":[[[6.940284,4.890137],[6.940306,4.890187],[6.940332,4.890175],[6.940374,4.89027],[6.940302,4.890303],[6.940237,4.890158],[6.940284,4.890137]]]}},{"type":"Feature","properties":{"h":3.0,"on_route":false},"geometry":{"type":"Polygon","coordinates":[[[6.943695,4.889793],[6.943715,4.890005],[6.94367,4.890009],[6.943664,4.889952],[6.943619,4.889957],[6.943604,4.889802],[6.943695,4.889793]]]}},{"type":"Feature","properties":{"h":3.0,"on_route":false},"geometry":{"type":"Polygon","coordinates":[[[6.943398,4.89087],[6.943341,4.890889],[6.94335,4.890916],[6.943206,4.890964],[6.943197,4.890938],[6.943219,4.89093],[6.943195,4.890858],[6.943374,4.890798],[6.943398,4.89087]]]}},{"type":"Feature","properties":{"h":3.0,"on_route":true},"geometry":{"type":"Polygon","coordinates":[[[6.945232,4.892687],[6.945231,4.892735],[6.945197,4.892734],[6.945198,4.892686],[6.945232,4.892687]]]}},{"type":"Feature","properties":{"h":3.0,"on_route":false},"geometry":{"type":"Polygon","coordinates":[[[6.941238,4.887215],[6.941263,4.887367],[6.94119,4.887379],[6.941183,4.887335],[6.941205,4.887331],[6.941187,4.887223],[6.941238,4.887215]]]}},{"type":"Feature","properties":{"h":3.0,"on_route":false},"geometry":{"type":"Polygon","coordinates":[[[6.942897,4.893052],[6.942832,4.893069],[6.942808,4.892976],[6.942873,4.892959],[6.942897,4.893052]]]}},{"type":"Feature","properties":{"h":3.0,"on_route":false},"geometry":{"type":"Polygon","coordinates":[[[6.94263,4.891882],[6.942552,4.891899],[6.942531,4.891803],[6.942609,4.891786],[6.94263,4.891882]]]}},{"type":"Feature","properties":{"h":3.0,"on_route":false},"geometry":{"type":"Polygon","coordinates":[[[6.94147,4.891404],[6.941492,4.891487],[6.941424,4.891505],[6.941402,4.891422],[6.94147,4.891404]]]}},{"type":"Feature","properties":{"h":3.0,"on_route":false},"geometry":{"type":"Polygon","coordinates":[[[6.942692,4.889358],[6.942742,4.889489],[6.942682,4.889512],[6.942632,4.889382],[6.942692,4.889358]]]}},{"type":"Feature","properties":{"h":3.0,"on_route":false},"geometry":{"type":"Polygon","coordinates":[[[6.946211,4.887689],[6.945996,4.887715],[6.945983,4.887604],[6.946198,4.887578],[6.946211,4.887689]]]}},{"type":"Feature","properties":{"h":3.0,"on_route":false},"geometry":{"type":"Polygon","coordinates":[[[6.943663,4.886223],[6.943587,4.886241],[6.943561,4.886129],[6.943637,4.886112],[6.943663,4.886223]]]}},{"type":"Feature","properties":{"h":3.0,"on_route":false},"geometry":{"type":"Polygon","coordinates":[[[6.943202,4.891824],[6.943081,4.891869],[6.943043,4.891768],[6.943164,4.891722],[6.943202,4.891824]]]}},{"type":"Feature","properties":{"h":3.0,"on_route":false},"geometry":{"type":"Polygon","coordinates":[[[6.942333,4.88793],[6.942327,4.88803],[6.942273,4.888027],[6.942279,4.887927],[6.942333,4.88793]]]}},{"type":"Feature","properties":{"h":3.0,"on_route":false},"geometry":{"type":"Polygon","coordinates":[[[6.941021,4.888316],[6.941003,4.888379],[6.940859,4.888338],[6.940876,4.888276],[6.941021,4.888316]]]}},{"type":"Feature","properties":{"h":3.0,"on_route":false},"geometry":{"type":"Polygon","coordinates":[[[6.941616,4.888884],[6.941554,4.888893],[6.941545,4.888829],[6.941607,4.88882],[6.941616,4.888884]]]}},{"type":"Feature","properties":{"h":3.0,"on_route":false},"geometry":{"type":"Polygon","coordinates":[[[6.939911,4.889409],[6.939878,4.88949],[6.939775,4.889449],[6.939808,4.889368],[6.939911,4.889409]]]}},{"type":"Feature","properties":{"h":3.0,"on_route":false},"geometry":{"type":"Polygon","coordinates":[[[6.940751,4.888305],[6.940728,4.888376],[6.940641,4.888348],[6.940664,4.888277],[6.940751,4.888305]]]}},{"type":"Feature","properties":{"h":3.0,"on_route":false},"geometry":{"type":"Polygon","coordinates":[[[6.945618,4.88932],[6.945616,4.889356],[6.945581,4.889354],[6.945583,4.889318],[6.945618,4.88932]]]}},{"type":"Feature","properties":{"h":3.0,"on_route":false},"geometry":{"type":"Polygon","coordinates":[[[6.941401,4.890824],[6.94136,4.890833],[6.941369,4.890875],[6.94141,4.890866],[6.941419,4.89091],[6.941317,4.890932],[6.941275,4.890738],[6.941378,4.890715],[6.941401,4.890824]]]}},{"type":"Feature","properties":{"h":3.0,"on_route":false},"geometry":{"type":"Polygon","coordinates":[[[6.943918,4.889607],[6.943888,4.889774],[6.9438,4.889758],[6.94383,4.889591],[6.943918,4.889607]]]}},{"type":"Feature","properties":{"h":3.0,"on_route":false},"geometry":{"type":"Polygon","coordinates":[[[6.940296,4.89219],[6.940333,4.8923],[6.940291,4.892315],[6.940253,4.892205],[6.940296,4.89219]]]}},{"type":"Feature","properties":{"h":3.0,"on_route":false},"geometry":{"type":"Polygon","coordinates":[[[6.941543,4.888865],[6.941541,4.888896],[6.941478,4.888892],[6.94148,4.888861],[6.941543,4.888865]]]}},{"type":"Feature","properties":{"h":3.0,"on_route":false},"geometry":{"type":"Polygon","coordinates":[[[6.94122,4.887142],[6.941183,4.887152],[6.941161,4.88707],[6.941199,4.88706],[6.94122,4.887142]]]}},{"type":"Feature","properties":{"h":3.0,"on_route":false},"geometry":{"type":"Polygon","coordinates":[[[6.945129,4.887939],[6.94514,4.888096],[6.945079,4.888101],[6.945068,4.887943],[6.945129,4.887939]]]}},{"type":"Feature","properties":{"h":3.0,"on_route":false},"geometry":{"type":"Polygon","coordinates":[[[6.942679,4.886655],[6.942584,4.886684],[6.942537,4.886525],[6.942574,4.886514],[6.942559,4.886461],[6.942617,4.886444],[6.942679,4.886655]]]}},{"type":"Feature","properties":{"h":3.0,"on_route":false},"geometry":{"type":"Polygon","coordinates":[[[6.944393,4.892832],[6.944332,4.892847],[6.944313,4.892772],[6.944375,4.892757],[6.944393,4.892832]]]}},{"type":"Feature","properties":{"h":3.0,"on_route":false},"geometry":{"type":"Polygon","coordinates":[[[6.94038,4.890501],[6.940306,4.890524],[6.940291,4.890475],[6.940365,4.890452],[6.94038,4.890501]]]}},{"type":"Feature","properties":{"h":3.0,"on_route":false},"geometry":{"type":"Polygon","coordinates":[[[6.941675,4.889566],[6.941589,4.889581],[6.94158,4.889532],[6.941667,4.889517],[6.941675,4.889566]]]}},{"type":"Feature","properties":{"h":3.0,"on_route":false},"geometry":{"type":"Polygon","coordinates":[[[6.940296,4.89219],[6.940225,4.892215],[6.940204,4.892154],[6.940275,4.892129],[6.940296,4.89219]]]}},{"type":"Feature","properties":{"h":3.0,"on_route":false},"geometry":{"type":"Polygon","coordinates":[[[6.940503,4.889828],[6.94042,4.889857],[6.940398,4.889794],[6.940481,4.889765],[6.940503,4.889828]]]}},{"type":"Feature","properties":{"h":3.0,"on_route":false},"geometry":{"type":"Polygon","coordinates":[[[6.940573,4.889215],[6.94057,4.889322],[6.94044,4.889319],[6.940443,4.889212],[6.940573,4.889215]]]}},{"type":"Feature","properties":{"h":3.0,"on_route":false},"geometry":{"type":"Polygon","coordinates":[[[6.942021,4.890574],[6.941766,4.890616],[6.941757,4.890563],[6.942013,4.890521],[6.942021,4.890574]]]}},{"type":"Feature","properties":{"h":3.0,"on_route":false},"geometry":{"type":"Polygon","coordinates":[[[6.942258,4.886717],[6.942176,4.886742],[6.942164,4.886701],[6.942246,4.886676],[6.942258,4.886717]]]}},{"type":"Feature","properties":{"h":3.0,"on_route":false},"geometry":{"type":"Polygon","coordinates":[[[6.940227,4.889274],[6.940202,4.889392],[6.940139,4.889379],[6.940164,4.88926],[6.940227,4.889274]]]}},{"type":"Feature","properties":{"h":3.0,"on_route":false},"geometry":{"type":"Polygon","coordinates":[[[6.941884,4.886989],[6.941635,4.887066],[6.941611,4.886988],[6.941861,4.886913],[6.941884,4.886989]]]}},{"type":"Feature","properties":{"h":3.0,"on_route":false},"geometry":{"type":"Polygon","coordinates":[[[6.94161,4.88897],[6.941604,4.889054],[6.941557,4.88905],[6.941562,4.888967],[6.94161,4.88897]]]}},{"type":"Feature","properties":{"h":3.0,"on_route":true},"geometry":{"type":"Polygon","coordinates":[[[6.945122,4.89289],[6.94504,4.892896],[6.945035,4.89283],[6.945116,4.892824],[6.945122,4.89289]]]}},{"type":"Feature","properties":{"h":3.0,"on_route":false},"geometry":{"type":"Polygon","coordinates":[[[6.942482,4.889532],[6.942533,4.889693],[6.942469,4.889713],[6.942418,4.889552],[6.942482,4.889532]]]}},{"type":"Feature","properties":{"h":3.0,"on_route":false},"geometry":{"type":"Polygon","coordinates":[[[6.944773,4.887115],[6.944764,4.887158],[6.944723,4.887149],[6.944718,4.887172],[6.944635,4.887154],[6.94465,4.887088],[6.944773,4.887115]]]}},{"type":"Feature","properties":{"h":3.0,"on_route":false},"geometry":{"type":"Polygon","coordinates":[[[6.941291,4.888581],[6.941289,4.888616],[6.941251,4.888613],[6.941254,4.888578],[6.941291,4.888581]]]}},{"type":"Feature","properties":{"h":3.0,"on_route":false},"geometry":{"type":"Polygon","coordinates":[[[6.939997,4.890635],[6.939997,4.890674],[6.939935,4.890674],[6.939935,4.890635],[6.939997,4.890635]]]}},{"type":"Feature","properties":{"h":3.0,"on_route":false},"geometry":{"type":"Polygon","coordinates":[[[6.940139,4.891475],[6.94006,4.8915],[6.940039,4.89143],[6.940117,4.891406],[6.940139,4.891475]]]}},{"type":"Feature","properties":{"h":3.0,"on_route":false},"geometry":{"type":"Polygon","coordinates":[[[6.940853,4.88995],[6.940747,4.889966],[6.940739,4.889912],[6.940845,4.889896],[6.940853,4.88995]]]}},{"type":"Feature","properties":{"h":3.0,"on_route":false},"geometry":{"type":"Polygon","coordinates":[[[6.944939,4.88792],[6.944793,4.887925],[6.944792,4.887871],[6.944937,4.887866],[6.944939,4.88792]]]}},{"type":"Feature","properties":{"h":3.0,"on_route":false},"geometry":{"type":"Polygon","coordinates":[[[6.941451,4.892236],[6.941395,4.892253],[6.94134,4.892074],[6.941397,4.892057],[6.941451,4.892236]]]}},{"type":"Feature","properties":{"h":3.0,"on_route":false},"geometry":{"type":"Polygon","coordinates":[[[6.941875,4.888635],[6.941873,4.888664],[6.941987,4.888672],[6.941982,4.888732],[6.94183,4.888721],[6.941837,4.888632],[6.941875,4.888635]]]}},{"type":"Feature","properties":{"h":3.0,"on_route":false},"geometry":{"type":"Polygon","coordinates":[[[6.942755,4.889778],[6.942768,4.88998],[6.942706,4.889984],[6.942693,4.889782],[6.942755,4.889778]]]}},{"type":"Feature","properties":{"h":3.0,"on_route":false},"geometry":{"type":"Polygon","coordinates":[[[6.944196,4.888456],[6.944194,4.88851],[6.94388,4.888496],[6.943882,4.888443],[6.944196,4.888456]]]}},{"type":"Feature","properties":{"h":3.0,"on_route":false},"geometry":{"type":"Polygon","coordinates":[[[6.939917,4.890848],[6.939745,4.890872],[6.939736,4.890807],[6.939908,4.890783],[6.939917,4.890848]]]}},{"type":"Feature","properties":{"h":3.0,"on_route":false},"geometry":{"type":"Polygon","coordinates":[[[6.941908,4.888498],[6.941832,4.88851],[6.941818,4.888422],[6.941895,4.888411],[6.941908,4.888498]]]}},{"type":"Feature","properties":{"h":3.0,"on_route":false},"geometry":{"type":"Polygon","coordinates":[[[6.940535,4.891028],[6.940413,4.891082],[6.940374,4.890991],[6.940495,4.890938],[6.940535,4.891028]]]}},{"type":"Feature","properties":{"h":3.0,"on_route":false},"geometry":{"type":"Polygon","coordinates":[[[6.942827,4.891141],[6.942898,4.891377],[6.94283,4.891398],[6.94276,4.891161],[6.942827,4.891141]]]}},{"type":"Feature","properties":{"h":3.0,"on_route":false},"geometry":{"type":"Polygon","coordinates":[[[6.940442,4.891524],[6.940383,4.89155],[6.940363,4.891503],[6.940422,4.891477],[6.940442,4.891524]]]}},{"type":"Feature","properties":{"h":3.0,"on_route":false},"geometry":{"type":"Polygon","coordinates":[[[6.940313,4.889331],[6.940301,4.88947],[6.940224,4.889463],[6.940236,4.889324],[6.940313,4.889331]]]}},{"type":"Feature","properties":{"h":3.0,"on_route":false},"geometry":{"type":"Polygon","coordinates":[[[6.946525,4.890417],[6.946522,4.890538],[6.946423,4.890536],[6.946426,4.890415],[6.946525,4.890417]]]}},{"type":"Feature","properties":{"h":3.0,"on_route":false},"geometry":{"type":"Polygon","coordinates":[[[6.944026,4.892106],[6.944038,4.892143],[6.944014,4.892152],[6.944001,4.892114],[6.944026,4.892106]]]}},{"type":"Feature","properties":{"h":3.0,"on_route":false},"geometry":{"type":"Polygon","coordinates":[[[6.945944,4.893587],[6.945963,4.893726],[6.945896,4.893735],[6.945876,4.893596],[6.945944,4.893587]]]}},{"type":"Feature","properties":{"h":3.0,"on_route":false},"geometry":{"type":"Polygon","coordinates":[[[6.942936,4.886682],[6.942934,4.886811],[6.942877,4.88681],[6.942878,4.886752],[6.942851,4.886751],[6.942852,4.886681],[6.942936,4.886682]]]}},{"type":"Feature","properties":{"h":3.0,"on_route":false},"geometry":{"type":"Polygon","coordinates":[[[6.942173,4.888249],[6.942171,4.888283],[6.942093,4.888278],[6.942095,4.888245],[6.942173,4.888249]]]}},{"type":"Feature","properties":{"h":3.0,"on_route":false},"geometry":{"type":"Polygon","coordinates":[[[6.944715,4.892487],[6.944815,4.8925],[6.944799,4.892618],[6.944829,4.892622],[6.944822,4.892672],[6.944692,4.892655],[6.944715,4.892487]]]}},{"type":"Feature","properties":{"h":3.0,"on_route":false},"geometry":{"type":"Polygon","coordinates":[[[6.945758,4.889593],[6.945761,4.889645],[6.945674,4.889649],[6.945672,4.889598],[6.945758,4.889593]]]}},{"type":"Feature","properties":{"h":3.0,"on_route":false},"geometry":{"type":"Polygon","coordinates":[[[6.943205,4.889476],[6.9433,4.889724],[6.943245,4.889745],[6.94315,4.889498],[6.943205,4.889476]]]}},{"type":"Feature","properties":{"h":3.0,"on_route":false},"geometry":{"type":"Polygon","coordinates":[[[6.940329,4.889151],[6.940313,4.889331],[6.940258,4.889326],[6.940274,4.889146],[6.940329,4.889151]]]}},{"type":"Feature","properties":{"h":3.0,"on_route":false},"geometry":{"type":"Polygon","coordinates":[[[6.941755,4.888033],[6.941753,4.888108],[6.941695,4.888106],[6.941697,4.888031],[6.941755,4.888033]]]}},{"type":"Feature","properties":{"h":3.0,"on_route":false},"geometry":{"type":"Polygon","coordinates":[[[6.941973,4.886916],[6.94192,4.886938],[6.941862,4.886797],[6.941915,4.886775],[6.941973,4.886916]]]}},{"type":"Feature","properties":{"h":3.0,"on_route":false},"geometry":{"type":"Polygon","coordinates":[[[6.943236,4.888475],[6.943225,4.888609],[6.943129,4.888602],[6.943131,4.888577],[6.943057,4.888571],[6.943065,4.888461],[6.943236,4.888475]]]}},{"type":"Feature","properties":{"h":3.0,"on_route":false},"geometry":{"type":"Polygon","coordinates":[[[6.944881,4.888731],[6.944789,4.888738],[6.944781,4.888622],[6.944873,4.888616],[6.944881,4.888731]]]}},{"type":"Feature","properties":{"h":3.0,"on_route":false},"geometry":{"type":"Polygon","coordinates":[[[6.943243,4.891247],[6.943285,4.891367],[6.943232,4.891386],[6.94319,4.891266],[6.943243,4.891247]]]}},{"type":"Feature","properties":{"h":3.0,"on_route":false},"geometry":{"type":"Polygon","coordinates":[[[6.944305,4.891208],[6.944161,4.891226],[6.944155,4.891176],[6.944299,4.891158],[6.944305,4.891208]]]}},{"type":"Feature","properties":{"h":3.0,"on_route":false},"geometry":{"type":"Polygon","coordinates":[[[6.943497,4.892929],[6.94356,4.893134],[6.943506,4.893151],[6.943443,4.892946],[6.943497,4.892929]]]}},{"type":"Feature","properties":{"h":3.0,"on_route":false},"geometry":{"type":"Polygon","coordinates":[[[6.945925,4.887322],[6.94589,4.887486],[6.945832,4.887474],[6.945854,4.88737],[6.945751,4.887348],[6.945764,4.887287],[6.945925,4.887322]]]}},{"type":"Feature","properties":{"h":3.0,"on_route":true},"geometry":{"type":"Polygon","coordinates":[[[6.945197,4.890924],[6.94516,4.890931],[6.945154,4.8909],[6.945191,4.890893],[6.945197,4.890924]]]}},{"type":"Feature","properties":{"h":3.0,"on_route":false},"geometry":{"type":"Polygon","coordinates":[[[6.941811,4.887365],[6.941944,4.887342],[6.941962,4.887442],[6.941828,4.887465],[6.941811,4.887365]]]}},{"type":"Feature","properties":{"h":3.0,"on_route":false},"geometry":{"type":"Polygon","coordinates":[[[6.944784,4.891431],[6.944632,4.891485],[6.944614,4.891434],[6.944651,4.89142],[6.944642,4.891394],[6.944756,4.891353],[6.944784,4.891431]]]}},{"type":"Feature","properties":{"h":3.0,"on_route":false},"geometry":{"type":"Polygon","coordinates":[[[6.940997,4.888022],[6.940984,4.888067],[6.940947,4.888057],[6.940959,4.888011],[6.940997,4.888022]]]}},{"type":"Feature","properties":{"h":3.0,"on_route":false},"geometry":{"type":"Polygon","coordinates":[[[6.941039,4.893005],[6.940823,4.893108],[6.940796,4.89305],[6.941012,4.892947],[6.941039,4.893005]]]}},{"type":"Feature","properties":{"h":3.0,"on_route":false},"geometry":{"type":"Polygon","coordinates":[[[6.944813,4.889034],[6.944739,4.889052],[6.944724,4.888987],[6.944798,4.88897],[6.944813,4.889034]]]}},{"type":"Feature","properties":{"h":3.0,"on_route":false},"geometry":{"type":"Polygon","coordinates":[[[6.942318,4.888722],[6.942265,4.88871],[6.94228,4.888645],[6.942333,4.888658],[6.942318,4.888722]]]}},{"type":"Feature","properties":{"h":3.0,"on_route":false},"geometry":{"type":"Polygon","coordinates":[[[6.942154,4.890486],[6.942052,4.890503],[6.942024,4.890333],[6.942126,4.890316],[6.942154,4.890486]]]}},{"type":"Feature","properties":{"h":3.0,"on_route":false},"geometry":{"type":"Polygon","coordinates":[[[6.942199,4.889547],[6.9422,4.889642],[6.942148,4.889643],[6.942146,4.889548],[6.942199,4.889547]]]}},{"type":"Feature","properties":{"h":3.0,"on_route":false},"geometry":{"type":"Polygon","coordinates":[[[6.941164,4.893307],[6.941007,4.893399],[6.940972,4.893338],[6.941129,4.893246],[6.941164,4.893307]]]}},{"type":"Feature","properties":{"h":3.0,"on_route":false},"geometry":{"type":"Polygon","coordinates":[[[6.94324,4.888738],[6.943236,4.888789],[6.94312,4.888779],[6.943125,4.888728],[6.94324,4.888738]]]}},{"type":"Feature","properties":{"h":3.0,"on_route":false},"geometry":{"type":"Polygon","coordinates":[[[6.942526,4.890594],[6.942539,4.890706],[6.942478,4.890713],[6.942465,4.890601],[6.942526,4.890594]]]}},{"type":"Feature","properties":{"h":3.0,"on_route":false},"geometry":{"type":"Polygon","coordinates":[[[6.94057,4.89169],[6.940588,4.891732],[6.940549,4.891749],[6.940531,4.891707],[6.94057,4.89169]]]}},{"type":"Feature","properties":{"h":3.0,"on_route":false},"geometry":{"type":"Polygon","coordinates":[[[6.940468,4.888],[6.940442,4.888117],[6.940394,4.888106],[6.94042,4.887989],[6.940468,4.888]]]}},{"type":"Feature","properties":{"h":3.0,"on_route":false},"geometry":{"type":"Polygon","coordinates":[[[6.942421,4.887681],[6.942425,4.887819],[6.942375,4.88782],[6.942371,4.887682],[6.942421,4.887681]]]}},{"type":"Feature","properties":{"h":3.0,"on_route":false},"geometry":{"type":"Polygon","coordinates":[[[6.943192,4.887],[6.942949,4.886991],[6.94295,4.886947],[6.943106,4.886953],[6.943107,4.886927],[6.943195,4.886931],[6.943192,4.887]]]}},{"type":"Feature","properties":{"h":3.0,"on_route":false},"geometry":{"type":"Polygon","coordinates":[[[6.942347,4.891641],[6.942383,4.891759],[6.94233,4.891775],[6.942294,4.891657],[6.942347,4.891641]]]}},{"type":"Feature","properties":{"h":3.0,"on_route":false},"geometry":{"type":"Polygon","coordinates":[[[6.943909,4.887545],[6.943893,4.887583],[6.943863,4.88757],[6.943879,4.887532],[6.943909,4.887545]]]}},{"type":"Feature","properties":{"h":3.0,"on_route":false},"geometry":{"type":"Polygon","coordinates":[[[6.941219,4.889128],[6.941237,4.889125],[6.94125,4.8892],[6.94115,4.889217],[6.941132,4.889118],[6.941215,4.889103],[6.941219,4.889128]]]}},{"type":"Feature","properties":{"h":3.0,"on_route":false},"geometry":{"type":"Polygon","coordinates":[[[6.944175,4.886834],[6.944162,4.886891],[6.944117,4.88688],[6.944131,4.886823],[6.944175,4.886834]]]}},{"type":"Feature","properties":{"h":3.0,"on_route":false},"geometry":{"type":"Polygon","coordinates":[[[6.942183,4.892768],[6.942021,4.89289],[6.941977,4.892831],[6.942139,4.892709],[6.942183,4.892768]]]}},{"type":"Feature","properties":{"h":3.0,"on_route":false},"geometry":{"type":"Polygon","coordinates":[[[6.943717,4.887984],[6.943689,4.887982],[6.943694,4.887919],[6.943722,4.887922],[6.943717,4.887984]]]}},{"type":"Feature","properties":{"h":3.0,"on_route":false},"geometry":{"type":"Polygon","coordinates":[[[6.945814,4.893235],[6.945754,4.893242],[6.945747,4.893186],[6.945807,4.893179],[6.945814,4.893235]]]}},{"type":"Feature","properties":{"h":3.0,"on_route":false},"geometry":{"type":"Polygon","coordinates":[[[6.940422,4.88937],[6.940303,4.889376],[6.9403,4.889304],[6.940418,4.889298],[6.940422,4.88937]]]}},{"type":"Feature","properties":{"h":3.0,"on_route":false},"geometry":{"type":"Polygon","coordinates":[[[6.941535,4.888532],[6.941539,4.888613],[6.941442,4.888617],[6.941438,4.888537],[6.941535,4.888532]]]}},{"type":"Feature","properties":{"h":3.0,"on_route":false},"geometry":{"type":"Polygon","coordinates":[[[6.941544,4.889994],[6.941398,4.890016],[6.941389,4.889957],[6.941535,4.889935],[6.941544,4.889994]]]}},{"type":"Feature","properties":{"h":3.0,"on_route":false},"geometry":{"type":"Polygon","coordinates":[[[6.940222,4.890698],[6.940141,4.890714],[6.940126,4.890635],[6.940207,4.890619],[6.940222,4.890698]]]}},{"type":"Feature","properties":{"h":3.0,"on_route":false},"geometry":{"type":"Polygon","coordinates":[[[6.942554,4.889225],[6.942548,4.889261],[6.942513,4.889255],[6.942505,4.889304],[6.942539,4.88931],[6.942532,4.889353],[6.942405,4.889331],[6.942426,4.889204],[6.942554,4.889225]]]}},{"type":"Feature","properties":{"h":3.0,"on_route":false},"geometry":{"type":"Polygon","coordinates":[[[6.944075,4.886779],[6.944068,4.886835],[6.943926,4.886815],[6.943934,4.886759],[6.944075,4.886779]]]}},{"type":"Feature","properties":{"h":3.0,"on_route":false},"geometry":{"type":"Polygon","coordinates":[[[6.940752,4.892306],[6.940624,4.89235],[6.940606,4.892297],[6.940733,4.892253],[6.940752,4.892306]]]}},{"type":"Feature","properties":{"h":3.0,"on_route":false},"geometry":{"type":"Polygon","coordinates":[[[6.94598,4.888672],[6.945748,4.888716],[6.945723,4.888588],[6.945955,4.888543],[6.94598,4.888672]]]}},{"type":"Feature","properties":{"h":3.0,"on_route":false},"geometry":{"type":"Polygon","coordinates":[[[6.94261,4.888899],[6.942596,4.888972],[6.942527,4.888959],[6.942541,4.888886],[6.94261,4.888899]]]}},{"type":"Feature","properties":{"h":3.0,"on_route":false},"geometry":{"type":"Polygon","coordinates":[[[6.942647,4.891962],[6.942529,4.891988],[6.942512,4.891908],[6.94263,4.891882],[6.942647,4.891962]]]}},{"type":"Feature","properties":{"h":3.0,"on_route":true},"geometry":{"type":"Polygon","coordinates":[[[6.945235,4.893346],[6.945214,4.893349],[6.945222,4.893397],[6.945179,4.893404],[6.945208,4.893582],[6.945156,4.893591],[6.945113,4.893327],[6.945229,4.893308],[6.945235,4.893346]]]}},{"type":"Feature","properties":{"h":3.0,"on_route":false},"geometry":{"type":"Polygon","coordinates":[[[6.945772,4.893452],[6.945771,4.893483],[6.945749,4.893482],[6.945751,4.893451],[6.945772,4.893452]]]}},{"type":"Feature","properties":{"h":3.0,"on_route":false},"geometry":{"type":"Polygon","coordinates":[[[6.946932,4.887898],[6.946855,4.887915],[6.946813,4.887718],[6.946891,4.887701],[6.946932,4.887898]]]}},{"type":"Feature","properties":{"h":3.0,"on_route":false},"geometry":{"type":"Polygon","coordinates":[[[6.941282,4.888821],[6.941207,4.888835],[6.941185,4.888721],[6.94126,4.888706],[6.941282,4.888821]]]}},{"type":"Feature","properties":{"h":3.0,"on_route":false},"geometry":{"type":"Polygon","coordinates":[[[6.940394,4.891572],[6.940446,4.891664],[6.940399,4.891691],[6.940375,4.891648],[6.940329,4.891674],[6.940301,4.891625],[6.940394,4.891572]]]}},{"type":"Feature","properties":{"h":3.0,"on_route":false},"geometry":{"type":"Polygon","coordinates":[[[6.943869,4.892814],[6.943741,4.892854],[6.943717,4.892779],[6.943845,4.892739],[6.943869,4.892814]]]}},{"type":"Feature","properties":{"h":3.0,"on_route":false},"geometry":{"type":"Polygon","coordinates":[[[6.942414,4.893641],[6.942309,4.893665],[6.942271,4.893502],[6.942376,4.893478],[6.942414,4.893641]]]}},{"type":"Feature","properties":{"h":3.0,"on_route":false},"geometry":{"type":"Polygon","coordinates":[[[6.946758,4.888992],[6.946751,4.889095],[6.946608,4.889085],[6.946615,4.888982],[6.946758,4.888992]]]}},{"type":"Feature","properties":{"h":3.0,"on_route":false},"geometry":{"type":"Polygon","coordinates":[[[6.944624,4.886858],[6.944605,4.88691],[6.944524,4.886881],[6.944542,4.886829],[6.944624,4.886858]]]}},{"type":"Feature","properties":{"h":3.0,"on_route":false},"geometry":{"type":"Polygon","coordinates":[[[6.941378,4.887792],[6.941369,4.887845],[6.941294,4.887833],[6.941303,4.88778],[6.941378,4.887792]]]}},{"type":"Feature","properties":{"h":3.0,"on_route":false},"geometry":{"type":"Polygon","coordinates":[[[6.943314,4.886555],[6.943313,4.886608],[6.943225,4.886606],[6.943227,4.886552],[6.943314,4.886555]]]}},{"type":"Feature","properties":{"h":3.0,"on_route":false},"geometry":{"type":"Polygon","coordinates":[[[6.941931,4.889464],[6.941917,4.889694],[6.941832,4.889689],[6.941845,4.889459],[6.941931,4.889464]]]}},{"type":"Feature","properties":{"h":3.0,"on_route":false},"geometry":{"type":"Polygon","coordinates":[[[6.941878,4.887526],[6.941798,4.88755],[6.941783,4.887499],[6.941863,4.887475],[6.941878,4.887526]]]}},{"type":"Feature","properties":{"h":3.0,"on_route":false},"geometry":{"type":"Polygon","coordinates":[[[6.943402,4.890625],[6.943321,4.890654],[6.9433,4.890594],[6.94338,4.890565],[6.943402,4.890625]]]}},{"type":"Feature","properties":{"h":3.0,"on_route":true},"geometry":{"type":"Polygon","coordinates":[[[6.94519,4.893824],[6.945084,4.893835],[6.945069,4.893679],[6.945175,4.893669],[6.94519,4.893824]]]}},{"type":"Feature","properties":{"h":3.0,"on_route":false},"geometry":{"type":"Polygon","coordinates":[[[6.942227,4.888328],[6.942179,4.88853],[6.94204,4.888497],[6.942087,4.888296],[6.942227,4.888328]]]}},{"type":"Feature","properties":{"h":3.0,"on_route":false},"geometry":{"type":"Polygon","coordinates":[[[6.942665,4.888186],[6.942662,4.888247],[6.94264,4.888246],[6.942639,4.888273],[6.942424,4.888263],[6.942428,4.888175],[6.942665,4.888186]]]}},{"type":"Feature","properties":{"h":3.0,"on_route":false},"geometry":{"type":"Polygon","coordinates":[[[6.940505,4.888894],[6.9405,4.888926],[6.940461,4.88892],[6.940466,4.888888],[6.940505,4.888894]]]}},{"type":"Feature","properties":{"h":3.0,"on_route":false},"geometry":{"type":"Polygon","coordinates":[[[6.94167,4.889082],[6.941618,4.889065],[6.941671,4.888907],[6.941723,4.888924],[6.94167,4.889082]]]}},{"type":"Feature","properties":{"h":3.0,"on_route":false},"geometry":{"type":"Polygon","coordinates":[[[6.943088,4.890217],[6.943017,4.890225],[6.943008,4.890149],[6.943079,4.89014],[6.943088,4.890217]]]}},{"type":"Feature","properties":{"h":3.0,"on_route":false},"geometry":{"type":"Polygon","coordinates":[[[6.942174,4.891845],[6.941986,4.891886],[6.941961,4.891774],[6.94215,4.891733],[6.942174,4.891845]]]}},{"type":"Feature","properties":{"h":3.0,"on_route":false},"geometry":{"type":"Polygon","coordinates":[[[6.94176,4.887535],[6.941698,4.887535],[6.941698,4.887484],[6.941761,4.887484],[6.94176,4.887535]]]}},{"type":"Feature","properties":{"h":3.0,"on_route":false},"geometry":{"type":"Polygon","coordinates":[[[6.940589,4.890077],[6.940517,4.890103],[6.940494,4.890036],[6.940566,4.890011],[6.940589,4.890077]]]}},{"type":"Feature","properties":{"h":3.0,"on_route":false},"geometry":{"type":"Polygon","coordinates":[[[6.94074,4.88869],[6.94073,4.888833],[6.940681,4.88883],[6.940692,4.888687],[6.94074,4.88869]]]}},{"type":"Feature","properties":{"h":3.0,"on_route":false},"geometry":{"type":"Polygon","coordinates":[[[6.94374,4.893431],[6.943751,4.893511],[6.943662,4.893523],[6.943651,4.893443],[6.94374,4.893431]]]}},{"type":"Feature","properties":{"h":3.0,"on_route":false},"geometry":{"type":"Polygon","coordinates":[[[6.944719,4.891367],[6.944604,4.891407],[6.94457,4.891309],[6.944685,4.891269],[6.944719,4.891367]]]}},{"type":"Feature","properties":{"h":3.0,"on_route":false},"geometry":{"type":"Polygon","coordinates":[[[6.943179,4.891306],[6.943077,4.891342],[6.943023,4.891188],[6.94307,4.891171],[6.943055,4.891129],[6.94311,4.89111],[6.943179,4.891306]]]}},{"type":"Feature","properties":{"h":3.0,"on_route":false},"geometry":{"type":"Polygon","coordinates":[[[6.942058,4.8913],[6.942062,4.891329],[6.942032,4.891334],[6.942027,4.891304],[6.942058,4.8913]]]}},{"type":"Feature","properties":{"h":3.0,"on_route":false},"geometry":{"type":"Polygon","coordinates":[[[6.943265,4.887943],[6.943256,4.888028],[6.943099,4.88801],[6.943108,4.887926],[6.943265,4.887943]]]}},{"type":"Feature","properties":{"h":3.0,"on_route":false},"geometry":{"type":"Polygon","coordinates":[[[6.942451,4.893253],[6.942477,4.893355],[6.942421,4.893369],[6.942396,4.893268],[6.942451,4.893253]]]}},{"type":"Feature","properties":{"h":3.0,"on_route":false},"geometry":{"type":"Polygon","coordinates":[[[6.940806,4.889048],[6.940804,4.889101],[6.940773,4.8891],[6.940775,4.889047],[6.940806,4.889048]]]}},{"type":"Feature","properties":{"h":3.0,"on_route":false},"geometry":{"type":"Polygon","coordinates":[[[6.941398,4.887255],[6.941402,4.887307],[6.941365,4.88731],[6.941361,4.887258],[6.941398,4.887255]]]}},{"type":"Feature","properties":{"h":3.0,"on_route":false},"geometry":{"type":"Polygon","coordinates":[[[6.942917,4.887811],[6.942786,4.887808],[6.942787,4.887754],[6.942855,4.887756],[6.942855,4.887706],[6.942919,4.887707],[6.942917,4.887811]]]}},{"type":"Feature","properties":{"h":3.0,"on_route":false},"geometry":{"type":"Polygon","coordinates":[[[6.943038,4.890433],[6.942976,4.890448],[6.942936,4.890287],[6.942998,4.890272],[6.943038,4.890433]]]}},{"type":"Feature","properties":{"h":3.0,"on_route":false},"geometry":{"type":"Polygon","coordinates":[[[6.944444,4.886774],[6.944429,4.886834],[6.944276,4.886796],[6.94429,4.886736],[6.944444,4.886774]]]}},{"type":"Feature","properties":{"h":3.0,"on_route":false},"geometry":{"type":"Polygon","coordinates":[[[6.943611,4.88641],[6.943616,4.886513],[6.943499,4.886519],[6.943493,4.886417],[6.943611,4.88641]]]}},{"type":"Feature","properties":{"h":3.0,"on_route":false},"geometry":{"type":"Polygon","coordinates":[[[6.946547,4.890707],[6.946541,4.890803],[6.94634,4.89079],[6.946346,4.890694],[6.946547,4.890707]]]}},{"type":"Feature","properties":{"h":3.0,"on_route":false},"geometry":{"type":"Polygon","coordinates":[[[6.94316,4.891517],[6.942983,4.891577],[6.942952,4.891485],[6.943129,4.891425],[6.94316,4.891517]]]}},{"type":"Feature","properties":{"h":3.0,"on_route":false},"geometry":{"type":"Polygon","coordinates":[[[6.944599,4.891875],[6.944521,4.891889],[6.944512,4.891838],[6.94459,4.891823],[6.944599,4.891875]]]}},{"type":"Feature","properties":{"h":3.0,"on_route":false},"geometry":{"type":"Polygon","coordinates":[[[6.942675,4.890174],[6.942692,4.890263],[6.942633,4.890274],[6.942616,4.890185],[6.942675,4.890174]]]}},{"type":"Feature","properties":{"h":3.0,"on_route":false},"geometry":{"type":"Polygon","coordinates":[[[6.941865,4.890086],[6.941771,4.890103],[6.941751,4.889994],[6.941845,4.889977],[6.941865,4.890086]]]}},{"type":"Feature","properties":{"h":3.0,"on_route":false},"geometry":{"type":"Polygon","coordinates":[[[6.943527,4.887045],[6.943503,4.887149],[6.94345,4.887137],[6.943474,4.887032],[6.943527,4.887045]]]}},{"type":"Feature","properties":{"h":3.0,"on_route":false},"geometry":{"type":"Polygon","coordinates":[[[6.943774,4.8922],[6.943656,4.892245],[6.943618,4.892143],[6.943736,4.892098],[6.943774,4.8922]]]}},{"type":"Feature","properties":{"h":3.0,"on_route":false},"geometry":{"type":"Polygon","coordinates":[[[6.945469,4.890958],[6.94543,4.890974],[6.945391,4.890877],[6.94543,4.890862],[6.945469,4.890958]]]}},{"type":"Feature","properties":{"h":3.0,"on_route":false},"geometry":{"type":"Polygon","coordinates":[[[6.942505,4.890164],[6.94253,4.890293],[6.942477,4.890304],[6.942452,4.890174],[6.942505,4.890164]]]}},{"type":"Feature","properties":{"h":3.0,"on_route":false},"geometry":{"type":"Polygon","coordinates":[[[6.939796,4.890277],[6.93981,4.890357],[6.939775,4.890363],[6.939761,4.890283],[6.939796,4.890277]]]}},{"type":"Feature","properties":{"h":3.0,"on_route":false},"geometry":{"type":"Polygon","coordinates":[[[6.94586,4.888009],[6.945762,4.888014],[6.945756,4.887897],[6.945854,4.887891],[6.94586,4.888009]]]}},{"type":"Feature","properties":{"h":3.0,"on_route":false},"geometry":{"type":"Polygon","coordinates":[[[6.943991,4.890909],[6.943989,4.890965],[6.943878,4.890961],[6.94388,4.890905],[6.943991,4.890909]]]}},{"type":"Feature","properties":{"h":3.0,"on_route":false},"geometry":{"type":"Polygon","coordinates":[[[6.945564,4.890752],[6.945562,4.890816],[6.945472,4.890813],[6.945474,4.89075],[6.945564,4.890752]]]}},{"type":"Feature","properties":{"h":3.0,"on_route":false},"geometry":{"type":"Polygon","coordinates":[[[6.94476,4.889561],[6.944765,4.889635],[6.944788,4.889633],[6.944804,4.889867],[6.944843,4.889864],[6.944847,4.889927],[6.944725,4.889936],[6.944714,4.88977],[6.944694,4.889771],[6.944686,4.889658],[6.944517,4.889669],[6.944511,4.889578],[6.94476,4.889561]]]}},{"type":"Feature","properties":{"h":3.0,"on_route":false},"geometry":{"type":"Polygon","coordinates":[[[6.941426,4.891592],[6.94137,4.891606],[6.941349,4.891524],[6.941405,4.89151],[6.941426,4.891592]]]}},{"type":"Feature","properties":{"h":3.0,"on_route":false},"geometry":{"type":"Polygon","coordinates":[[[6.945832,4.889962],[6.945831,4.890007],[6.94579,4.890006],[6.945792,4.889961],[6.945832,4.889962]]]}},{"type":"Feature","properties":{"h":3.0,"on_route":false},"geometry":{"type":"Polygon","coordinates":[[[6.943978,4.891989],[6.943891,4.892008],[6.943866,4.891893],[6.943954,4.891875],[6.943978,4.891989]]]}},{"type":"Feature","properties":{"h":3.0,"on_route":false},"geometry":{"type":"Polygon","coordinates":[[[6.944865,4.892517],[6.944861,4.89254],[6.944899,4.892546],[6.944879,4.89267],[6.944816,4.89266],[6.944839,4.892513],[6.944865,4.892517]]]}},{"type":"Feature","properties":{"h":3.0,"on_route":false},"geometry":{"type":"Polygon","coordinates":[[[6.941088,4.890776],[6.941015,4.890806],[6.940972,4.890699],[6.941045,4.890669],[6.941088,4.890776]]]}},{"type":"Feature","properties":{"h":3.0,"on_route":false},"geometry":{"type":"Polygon","coordinates":[[[6.944491,4.886849],[6.944468,4.886944],[6.944347,4.886914],[6.94437,4.886819],[6.944491,4.886849]]]}},{"type":"Feature","properties":{"h":3.0,"on_route":false},"geometry":{"type":"Polygon","coordinates":[[[6.941115,4.892661],[6.941046,4.892694],[6.940995,4.892587],[6.941064,4.892554],[6.941115,4.892661]]]}},{"type":"Feature","properties":{"h":3.0,"on_route":false},"geometry":{"type":"Polygon","coordinates":[[[6.941949,4.886664],[6.94186,4.886699],[6.941832,4.88663],[6.941922,4.886594],[6.941949,4.886664]]]}},{"type":"Feature","properties":{"h":3.0,"on_route":false},"geometry":{"type":"Polygon","coordinates":[[[6.942785,4.886472],[6.942774,4.886475],[6.942794,4.886551],[6.942705,4.886574],[6.942666,4.886427],[6.942766,4.886401],[6.942785,4.886472]]]}},{"type":"Feature","properties":{"h":3.0,"on_route":false},"geometry":{"type":"Polygon","coordinates":[[[6.941506,4.889942],[6.941378,4.889963],[6.94137,4.889909],[6.941497,4.889888],[6.941506,4.889942]]]}},{"type":"Feature","properties":{"h":3.0,"on_route":false},"geometry":{"type":"Polygon","coordinates":[[[6.941515,4.888731],[6.941519,4.888787],[6.941416,4.888794],[6.941413,4.888737],[6.941515,4.888731]]]}},{"type":"Feature","properties":{"h":3.0,"on_route":true},"geometry":{"type":"Polygon","coordinates":[[[6.945483,4.891363],[6.945476,4.891483],[6.945427,4.89148],[6.945427,4.891494],[6.945335,4.891488],[6.945343,4.891354],[6.945483,4.891363]]]}},{"type":"Feature","properties":{"h":3.0,"on_route":false},"geometry":{"type":"Polygon","coordinates":[[[6.941137,4.888784],[6.941152,4.88886],[6.941072,4.888877],[6.941057,4.8888],[6.941137,4.888784]]]}},{"type":"Feature","properties":{"h":3.0,"on_route":false},"geometry":{"type":"Polygon","coordinates":[[[6.943195,4.887584],[6.943202,4.887719],[6.943118,4.887724],[6.943111,4.887588],[6.943195,4.887584]]]}},{"type":"Feature","properties":{"h":3.0,"on_route":false},"geometry":{"type":"Polygon","coordinates":[[[6.947348,4.891307],[6.947222,4.891321],[6.947211,4.891216],[6.947337,4.891202],[6.947348,4.891307]]]}},{"type":"Feature","properties":{"h":3.0,"on_route":false},"geometry":{"type":"Polygon","coordinates":[[[6.944149,4.887043],[6.944115,4.88719],[6.94403,4.88717],[6.944064,4.887023],[6.944149,4.887043]]]}},{"type":"Feature","properties":{"h":3.0,"on_route":false},"geometry":{"type":"Polygon","coordinates":[[[6.940446,4.888134],[6.940433,4.888188],[6.940409,4.888183],[6.940414,4.888162],[6.940376,4.888153],[6.940384,4.888119],[6.940446,4.888134]]]}},{"type":"Feature","properties":{"h":3.0,"on_route":false},"geometry":{"type":"Polygon","coordinates":[[[6.940242,4.89041],[6.940178,4.890435],[6.940111,4.890265],[6.940176,4.89024],[6.940242,4.89041]]]}},{"type":"Feature","properties":{"h":3.0,"on_route":false},"geometry":{"type":"Polygon","coordinates":[[[6.941015,4.890274],[6.941031,4.890367],[6.940969,4.890377],[6.940954,4.890284],[6.941015,4.890274]]]}},{"type":"Feature","properties":{"h":3.0,"on_route":false},"geometry":{"type":"Polygon","coordinates":[[[6.946204,4.887179],[6.946186,4.887228],[6.946211,4.887236],[6.94619,4.887295],[6.946043,4.887242],[6.946081,4.887135],[6.946204,4.887179]]]}},{"type":"Feature","properties":{"h":3.0,"on_route":false},"geometry":{"type":"Polygon","coordinates":[[[6.945155,4.889842],[6.945163,4.889911],[6.945119,4.889916],[6.945111,4.889847],[6.945155,4.889842]]]}},{"type":"Feature","properties":{"h":3.0,"on_route":false},"geometry":{"type":"Polygon","coordinates":[[[6.941726,4.887948],[6.941718,4.888002],[6.941482,4.887967],[6.941489,4.887914],[6.941726,4.887948]]]}},{"type":"Feature","properties":{"h":3.0,"on_route":false},"geometry":{"type":"Polygon","coordinates":[[[6.942177,4.893446],[6.942093,4.893486],[6.942033,4.893358],[6.942064,4.893343],[6.941984,4.893172],[6.942037,4.893147],[6.942177,4.893446]]]}},{"type":"Feature","properties":{"h":3.0,"on_route":false},"geometry":{"type":"Polygon","coordinates":[[[6.943948,4.889313],[6.943941,4.889457],[6.943879,4.889454],[6.943886,4.88931],[6.943948,4.889313]]]}},{"type":"Feature","properties":{"h":3.0,"on_route":false},"geometry":{"type":"Polygon","coordinates":[[[6.94194,4.88913],[6.941932,4.889252],[6.941888,4.889249],[6.941896,4.889127],[6.94194,4.88913]]]}},{"type":"Feature","properties":{"h":3.0,"on_route":false},"geometry":{"type":"Polygon","coordinates":[[[6.943731,4.893368],[6.943499,4.8934],[6.943491,4.893339],[6.943723,4.893307],[6.943731,4.893368]]]}},{"type":"Feature","properties":{"h":3.0,"on_route":true},"geometry":{"type":"Polygon","coordinates":[[[6.945113,4.893327],[6.94499,4.893347],[6.944975,4.893258],[6.945034,4.893249],[6.945027,4.893207],[6.945092,4.893196],[6.945113,4.893327]]]}},{"type":"Feature","properties":{"h":3.0,"on_route":false},"geometry":{"type":"Polygon","coordinates":[[[6.942672,4.888583],[6.942544,4.888578],[6.942549,4.888476],[6.94263,4.888479],[6.942632,4.888442],[6.942678,4.888444],[6.942672,4.888583]]]}},{"type":"Feature","properties":{"h":3.0,"on_route":false},"geometry":{"type":"Polygon","coordinates":[[[6.943457,4.889361],[6.94345,4.889444],[6.943371,4.889438],[6.943378,4.889354],[6.943457,4.889361]]]}},{"type":"Feature","properties":{"h":3.0,"on_route":false},"geometry":{"type":"Polygon","coordinates":[[[6.941362,4.888119],[6.941349,4.888167],[6.941243,4.888138],[6.941255,4.888091],[6.941362,4.888119]]]}},{"type":"Feature","properties":{"h":3.0,"on_route":false},"geometry":{"type":"Polygon","coordinates":[[[6.945335,4.887911],[6.945348,4.888101],[6.945283,4.888106],[6.94527,4.887915],[6.945335,4.887911]]]}},{"type":"Feature","properties":{"h":3.0,"on_route":false},"geometry":{"type":"Polygon","coordinates":[[[6.941027,4.88821],[6.941017,4.888244],[6.940956,4.888227],[6.940965,4.888193],[6.941027,4.88821]]]}},{"type":"Feature","properties":{"h":3.0,"on_route":false},"geometry":{"type":"Polygon","coordinates":[[[6.943593,4.8929],[6.943497,4.892929],[6.94345,4.892775],[6.943545,4.892746],[6.943593,4.8929]]]}},{"type":"Feature","properties":{"h":3.0,"on_route":false},"geometry":{"type":"Polygon","coordinates":[[[6.945336,4.889289],[6.945342,4.88936],[6.945289,4.889364],[6.945283,4.889293],[6.945336,4.889289]]]}},{"type":"Feature","properties":{"h":3.0,"on_route":false},"geometry":{"type":"Polygon","coordinates":[[[6.943974,4.89181],[6.943858,4.891846],[6.94383,4.891755],[6.943946,4.891719],[6.943974,4.89181]]]}},{"type":"Feature","properties":{"h":3.0,"on_route":false},"geometry":{"type":"Polygon","coordinates":[[[6.940077,4.890044],[6.939948,4.890073],[6.939933,4.890007],[6.940001,4.889991],[6.939996,4.889971],[6.940057,4.889958],[6.940077,4.890044]]]}},{"type":"Feature","properties":{"h":3.0,"on_route":false},"geometry":{"type":"Polygon","coordinates":[[[6.941943,4.890951],[6.941945,4.89098],[6.941891,4.890984],[6.941889,4.890956],[6.941943,4.890951]]]}},{"type":"Feature","properties":{"h":3.0,"on_route":false},"geometry":{"type":"Polygon","coordinates":[[[6.941344,4.888883],[6.94134,4.888952],[6.941278,4.888948],[6.941283,4.888879],[6.941344,4.888883]]]}},{"type":"Feature","properties":{"h":3.0,"on_route":false},"geometry":{"type":"Polygon","coordinates":[[[6.945884,4.887683],[6.945883,4.887889],[6.945817,4.887889],[6.945818,4.887683],[6.945884,4.887683]]]}},{"type":"Feature","properties":{"h":3.0,"on_route":false},"geometry":{"type":"Polygon","coordinates":[[[6.941601,4.887531],[6.941597,4.887608],[6.941617,4.88761],[6.941615,4.887634],[6.941537,4.88763],[6.941541,4.887573],[6.941426,4.887567],[6.941428,4.887521],[6.941601,4.887531]]]}},{"type":"Feature","properties":{"h":3.0,"on_route":false},"geometry":{"type":"Polygon","coordinates":[[[6.943559,4.893925],[6.943431,4.893938],[6.943418,4.893817],[6.943547,4.893804],[6.943559,4.893925]]]}},{"type":"Feature","properties":{"h":3.0,"on_route":false},"geometry":{"type":"Polygon","coordinates":[[[6.942965,4.890132],[6.942999,4.890272],[6.942936,4.890288],[6.942902,4.890147],[6.942965,4.890132]]]}},{"type":"Feature","properties":{"h":3.0,"on_route":false},"geometry":{"type":"Polygon","coordinates":[[[6.941333,4.887897],[6.941313,4.888037],[6.941256,4.888029],[6.941276,4.887889],[6.941333,4.887897]]]}},{"type":"Feature","properties":{"h":3.0,"on_route":false},"geometry":{"type":"Polygon","coordinates":[[[6.941149,4.88716],[6.941049,4.887188],[6.941027,4.887107],[6.941127,4.887079],[6.941149,4.88716]]]}},{"type":"Feature","properties":{"h":3.0,"on_route":false},"geometry":{"type":"Polygon","coordinates":[[[6.945363,4.890028],[6.945363,4.890089],[6.945277,4.890089],[6.945277,4.890027],[6.945363,4.890028]]]}},{"type":"Feature","properties":{"h":3.0,"on_route":false},"geometry":{"type":"Polygon","coordinates":[[[6.943034,4.892634],[6.942845,4.892715],[6.942797,4.892604],[6.942948,4.892538],[6.942966,4.89258],[6.943003,4.892563],[6.943034,4.892634]]]}},{"type":"Feature","properties":{"h":3.0,"on_route":true},"geometry":{"type":"Polygon","coordinates":[[[6.944738,4.89012],[6.944722,4.890242],[6.944259,4.890184],[6.944274,4.890063],[6.944738,4.89012]]]}},{"type":"Feature","properties":{"h":3.0,"on_route":false},"geometry":{"type":"Polygon","coordinates":[[[6.943008,4.887424],[6.94297,4.887426],[6.942967,4.887383],[6.943005,4.887381],[6.943008,4.887424]]]}},{"type":"Feature","properties":{"h":3.0,"on_route":false},"geometry":{"type":"Polygon","coordinates":[[[6.942032,4.886901],[6.942057,4.886981],[6.942016,4.886994],[6.941991,4.886914],[6.942032,4.886901]]]}},{"type":"Feature","properties":{"h":3.0,"on_route":false},"geometry":{"type":"Polygon","coordinates":[[[6.946769,4.893076],[6.946668,4.893084],[6.946655,4.892927],[6.946757,4.892919],[6.946769,4.893076]]]}},{"type":"Feature","properties":{"h":3.0,"on_route":false},"geometry":{"type":"Polygon","coordinates":[[[6.944151,4.889431],[6.944155,4.889482],[6.944119,4.889485],[6.944115,4.889433],[6.944151,4.889431]]]}},{"type":"Feature","properties":{"h":3.0,"on_route":false},"geometry":{"type":"Polygon","coordinates":[[[6.943845,4.892739],[6.943717,4.892779],[6.943699,4.892717],[6.943827,4.892678],[6.943845,4.892739]]]}},{"type":"Feature","properties":{"h":3.0,"on_route":false},"geometry":{"type":"Polygon","coordinates":[[[6.941677,4.886946],[6.941573,4.886969],[6.941562,4.886915],[6.941666,4.886893],[6.941677,4.886946]]]}},{"type":"Feature","properties":{"h":3.0,"on_route":false},"geometry":{"type":"Polygon","coordinates":[[[6.940479,4.888823],[6.940464,4.888889],[6.940419,4.888879],[6.940434,4.888813],[6.940479,4.888823]]]}},{"type":"Feature","properties":{"h":3.0,"on_route":false},"geometry":{"type":"Polygon","coordinates":[[[6.941609,4.889715],[6.941551,4.889722],[6.941552,4.889736],[6.941386,4.889755],[6.941384,4.889741],[6.941315,4.889748],[6.941308,4.88969],[6.941602,4.889657],[6.941609,4.889715]]]}},{"type":"Feature","properties":{"h":3.0,"on_route":false},"geometry":{"type":"Polygon","coordinates":[[[6.942856,4.888282],[6.942853,4.888365],[6.942746,4.888361],[6.942749,4.888277],[6.942856,4.888282]]]}},{"type":"Feature","properties":{"h":3.0,"on_route":false},"geometry":{"type":"Polygon","coordinates":[[[6.943314,4.886367],[6.943325,4.886504],[6.943252,4.88651],[6.943242,4.886372],[6.943314,4.886367]]]}},{"type":"Feature","properties":{"h":3.0,"on_route":false},"geometry":{"type":"Polygon","coordinates":[[[6.940609,4.89062],[6.940556,4.890643],[6.940463,4.890418],[6.940516,4.890396],[6.940609,4.89062]]]}},{"type":"Feature","properties":{"h":3.0,"on_route":false},"geometry":{"type":"Polygon","coordinates":[[[6.945106,4.887106],[6.945085,4.88717],[6.944895,4.887106],[6.944917,4.887043],[6.945106,4.887106]]]}},{"type":"Feature","properties":{"h":3.0,"on_route":false},"geometry":{"type":"Polygon","coordinates":[[[6.94423,4.891375],[6.944224,4.891324],[6.944149,4.891333],[6.944143,4.891283],[6.944312,4.891262],[6.944325,4.891363],[6.94423,4.891375]]]}},{"type":"Feature","properties":{"h":3.0,"on_route":false},"geometry":{"type":"Polygon","coordinates":[[[6.943037,4.893474],[6.943041,4.893503],[6.943012,4.893507],[6.943007,4.893478],[6.943037,4.893474]]]}},{"type":"Feature","properties":{"h":3.0,"on_route":false},"geometry":{"type":"Polygon","coordinates":[[[6.939999,4.889183],[6.939972,4.889257],[6.939871,4.88922],[6.939898,4.889146],[6.939999,4.889183]]]}},{"type":"Feature","properties":{"h":3.0,"on_route":false},"geometry":{"type":"Polygon","coordinates":[[[6.940657,4.892529],[6.940511,4.892595],[6.940481,4.892529],[6.940573,4.892487],[6.940519,4.892368],[6.940573,4.892343],[6.940657,4.892529]]]}},{"type":"Feature","properties":{"h":3.0,"on_route":false},"geometry":{"type":"Polygon","coordinates":[[[6.942715,4.89357],[6.94245,4.893632],[6.942435,4.89357],[6.9427,4.893507],[6.942715,4.89357]]]}},{"type":"Feature","properties":{"h":3.0,"on_route":false},"geometry":{"type":"Polygon","coordinates":[[[6.94,4.889355],[6.93999,4.889399],[6.939942,4.889389],[6.939952,4.889344],[6.94,4.889355]]]}},{"type":"Feature","properties":{"h":3.0,"on_route":false},"geometry":{"type":"Polygon","coordinates":[[[6.941896,4.886875],[6.941917,4.886925],[6.941889,4.886936],[6.941869,4.886887],[6.941896,4.886875]]]}},{"type":"Feature","properties":{"h":3.0,"on_route":false},"geometry":{"type":"Polygon","coordinates":[[[6.941673,4.889456],[6.941489,4.889488],[6.941475,4.889402],[6.941658,4.88937],[6.941673,4.889456]]]}},{"type":"Feature","properties":{"h":3.0,"on_route":false},"geometry":{"type":"Polygon","coordinates":[[[6.942725,4.887004],[6.942554,4.887052],[6.942536,4.886989],[6.942707,4.88694],[6.942725,4.887004]]]}},{"type":"Feature","properties":{"h":3.0,"on_route":false},"geometry":{"type":"Polygon","coordinates":[[[6.942791,4.891931],[6.942665,4.891958],[6.942647,4.891879],[6.942774,4.891851],[6.942791,4.891931]]]}},{"type":"Feature","properties":{"h":3.0,"on_route":false},"geometry":{"type":"Polygon","coordinates":[[[6.940581,4.892202],[6.94033,4.892289],[6.940294,4.892184],[6.940449,4.89213],[6.940459,4.89216],[6.940555,4.892126],[6.940581,4.892202]]]}},{"type":"Feature","properties":{"h":3.0,"on_route":false},"geometry":{"type":"Polygon","coordinates":[[[6.946849,4.892181],[6.94673,4.892193],[6.946723,4.892122],[6.946842,4.89211],[6.946849,4.892181]]]}},{"type":"Feature","properties":{"h":3.0,"on_route":false},"geometry":{"type":"Polygon","coordinates":[[[6.941274,4.887747],[6.94126,4.887842],[6.941219,4.887836],[6.941233,4.887741],[6.941274,4.887747]]]}},{"type":"Feature","properties":{"h":3.0,"on_route":false},"geometry":{"type":"Polygon","coordinates":[[[6.944757,4.892825],[6.944868,4.892813],[6.944879,4.892906],[6.944768,4.892919],[6.944757,4.892825]]]}},{"type":"Feature","properties":{"h":3.0,"on_route":false},"geometry":{"type":"Polygon","coordinates":[[[6.945095,4.889915],[6.945099,4.889943],[6.945055,4.88995],[6.945051,4.889922],[6.945095,4.889915]]]}},{"type":"Feature","properties":{"h":3.0,"on_route":false},"geometry":{"type":"Polygon","coordinates":[[[6.940982,4.890509],[6.940911,4.890538],[6.940865,4.890427],[6.940936,4.890398],[6.940982,4.890509]]]}},{"type":"Feature","properties":{"h":3.0,"on_route":false},"geometry":{"type":"Polygon","coordinates":[[[6.944225,4.893486],[6.944102,4.893498],[6.944082,4.893294],[6.944206,4.893282],[6.944225,4.893486]]]}},{"type":"Feature","properties":{"h":3.0,"on_route":false},"geometry":{"type":"Polygon","coordinates":[[[6.945507,4.892924],[6.945497,4.893026],[6.945373,4.893014],[6.945383,4.892911],[6.945507,4.892924]]]}},{"type":"Feature","properties":{"h":3.0,"on_route":false},"geometry":{"type":"Polygon","coordinates":[[[6.944463,4.891542],[6.944204,4.891594],[6.944192,4.891535],[6.944451,4.891483],[6.944463,4.891542]]]}},{"type":"Feature","properties":{"h":3.0,"on_route":false},"geometry":{"type":"Polygon","coordinates":[[[6.942276,4.889481],[6.942291,4.889628],[6.942233,4.889634],[6.942224,4.889541],[6.942157,4.889548],[6.942152,4.889494],[6.942276,4.889481]]]}},{"type":"Feature","properties":{"h":3.0,"on_route":false},"geometry":{"type":"Polygon","coordinates":[[[6.940995,4.891722],[6.94093,4.891759],[6.940886,4.89168],[6.940951,4.891643],[6.940995,4.891722]]]}},{"type":"Feature","properties":{"h":3.0,"on_route":false},"geometry":{"type":"Polygon","coordinates":[[[6.945465,4.887637],[6.945464,4.887894],[6.945412,4.887894],[6.945413,4.887636],[6.945465,4.887637]]]}},{"type":"Feature","properties":{"h":3.0,"on_route":false},"geometry":{"type":"Polygon","coordinates":[[[6.941132,4.890268],[6.94106,4.890271],[6.941058,4.89021],[6.941129,4.890207],[6.941132,4.890268]]]}},{"type":"Feature","properties":{"h":3.0,"on_route":false},"geometry":{"type":"Polygon","coordinates":[[[6.944168,4.889145],[6.944169,4.889124],[6.944219,4.889125],[6.944219,4.889146],[6.94425,4.889147],[6.944248,4.889226],[6.944139,4.889225],[6.944141,4.889145],[6.944168,4.889145]]]}},{"type":"Feature","properties":{"h":3.0,"on_route":false},"geometry":{"type":"Polygon","coordinates":[[[6.943285,4.894266],[6.943194,4.89429],[6.943171,4.894201],[6.943261,4.894177],[6.943285,4.894266]]]}},{"type":"Feature","properties":{"h":3.0,"on_route":false},"geometry":{"type":"Polygon","coordinates":[[[6.943061,4.886436],[6.942977,4.886447],[6.942974,4.886427],[6.942876,4.88644],[6.942867,4.886367],[6.943049,4.886342],[6.943061,4.886436]]]}},{"type":"Feature","properties":{"h":3.0,"on_route":false},"geometry":{"type":"Polygon","coordinates":[[[6.945643,4.892465],[6.945577,4.89246],[6.94559,4.892294],[6.945656,4.892299],[6.945643,4.892465]]]}},{"type":"Feature","properties":{"h":3.0,"on_route":false},"geometry":{"type":"Polygon","coordinates":[[[6.942584,4.894273],[6.942509,4.894302],[6.94249,4.894251],[6.942513,4.894243],[6.94247,4.89413],[6.942523,4.89411],[6.942584,4.894273]]]}},{"type":"Feature","properties":{"h":3.0,"on_route":false},"geometry":{"type":"Polygon","coordinates":[[[6.940842,4.888027],[6.940824,4.88809],[6.94075,4.888069],[6.940767,4.888007],[6.940842,4.888027]]]}},{"type":"Feature","properties":{"h":3.0,"on_route":false},"geometry":{"type":"Polygon","coordinates":[[[6.945318,4.889608],[6.9452,4.889627],[6.945185,4.889536],[6.945303,4.889517],[6.945318,4.889608]]]}},{"type":"Feature","properties":{"h":3.0,"on_route":false},"geometry":{"type":"Polygon","coordinates":[[[6.943825,4.893759],[6.943766,4.893767],[6.943753,4.893673],[6.943735,4.893676],[6.943747,4.893769],[6.943696,4.893776],[6.943675,4.893622],[6.943804,4.893605],[6.943825,4.893759]]]}},{"type":"Feature","properties":{"h":3.0,"on_route":false},"geometry":{"type":"Polygon","coordinates":[[[6.943676,4.89363],[6.943688,4.89375],[6.943611,4.893757],[6.9436,4.893638],[6.943676,4.89363]]]}},{"type":"Feature","properties":{"h":3.0,"on_route":false},"geometry":{"type":"Polygon","coordinates":[[[6.9421,4.88758],[6.942106,4.88768],[6.942044,4.887684],[6.942037,4.887584],[6.9421,4.88758]]]}},{"type":"Feature","properties":{"h":3.0,"on_route":false},"geometry":{"type":"Polygon","coordinates":[[[6.945926,4.890205],[6.945949,4.890387],[6.945877,4.890396],[6.945863,4.890288],[6.945795,4.890297],[6.945785,4.890223],[6.945926,4.890205]]]}},{"type":"Feature","properties":{"h":3.0,"on_route":false},"geometry":{"type":"Polygon","coordinates":[[[6.941218,4.890573],[6.941233,4.890671],[6.941178,4.89068],[6.941163,4.890581],[6.941218,4.890573]]]}},{"type":"Feature","properties":{"h":3.0,"on_route":false},"geometry":{"type":"Polygon","coordinates":[[[6.943199,4.894106],[6.943123,4.894135],[6.943084,4.894029],[6.94316,4.894],[6.943199,4.894106]]]}},{"type":"Feature","properties":{"h":3.0,"on_route":false},"geometry":{"type":"Polygon","coordinates":[[[6.941748,4.892337],[6.941667,4.892369],[6.941604,4.892209],[6.941685,4.892177],[6.941748,4.892337]]]}},{"type":"Feature","properties":{"h":3.0,"on_route":false},"geometry":{"type":"Polygon","coordinates":[[[6.946271,4.892124],[6.946159,4.892131],[6.946149,4.891971],[6.946261,4.891964],[6.946271,4.892124]]]}},{"type":"Feature","properties":{"h":3.0,"on_route":false},"geometry":{"type":"Polygon","coordinates":[[[6.940686,4.888757],[6.940681,4.88883],[6.940619,4.888825],[6.940624,4.888753],[6.940686,4.888757]]]}},{"type":"Feature","properties":{"h":3.0,"on_route":false},"geometry":{"type":"Polygon","coordinates":[[[6.941779,4.888518],[6.941579,4.888531],[6.941575,4.888468],[6.941775,4.888455],[6.941779,4.888518]]]}},{"type":"Feature","properties":{"h":3.0,"on_route":false},"geometry":{"type":"Polygon","coordinates":[[[6.94154,4.890208],[6.941549,4.89028],[6.941474,4.890289],[6.941465,4.890217],[6.94154,4.890208]]]}},{"type":"Feature","properties":{"h":3.0,"on_route":false},"geometry":{"type":"Polygon","coordinates":[[[6.944517,4.886899],[6.944725,4.886972],[6.944708,4.887021],[6.944623,4.886992],[6.944604,4.887047],[6.944481,4.887004],[6.944517,4.886899]]]}},{"type":"Feature","properties":{"h":3.0,"on_route":false},"geometry":{"type":"Polygon","coordinates":[[[6.945586,4.888409],[6.945615,4.888562],[6.945508,4.888583],[6.945479,4.888429],[6.945586,4.888409]]]}},{"type":"Feature","properties":{"h":3.0,"on_route":false},"geometry":{"type":"Polygon","coordinates":[[[6.942173,4.887563],[6.942015,4.887575],[6.942008,4.887494],[6.942167,4.887482],[6.942173,4.887563]]]}},{"type":"Feature","properties":{"h":3.0,"on_route":false},"geometry":{"type":"Polygon","coordinates":[[[6.940758,4.890707],[6.940714,4.890731],[6.940639,4.890595],[6.940683,4.890571],[6.940758,4.890707]]]}},{"type":"Feature","properties":{"h":3.0,"on_route":false},"geometry":{"type":"Polygon","coordinates":[[[6.94175,4.889632],[6.941769,4.889734],[6.941722,4.889743],[6.941703,4.889641],[6.94175,4.889632]]]}},{"type":"Feature","properties":{"h":3.0,"on_route":false},"geometry":{"type":"Polygon","coordinates":[[[6.941186,4.887353],[6.941041,4.887381],[6.941025,4.887293],[6.941169,4.887266],[6.941186,4.887353]]]}},{"type":"Feature","properties":{"h":3.0,"on_route":false},"geometry":{"type":"Polygon","coordinates":[[[6.940723,4.892199],[6.940596,4.892244],[6.940573,4.89218],[6.940701,4.892135],[6.940723,4.892199]]]}},{"type":"Feature","properties":{"h":3.0,"on_route":false},"geometry":{"type":"Polygon","coordinates":[[[6.942708,4.890793],[6.942605,4.890816],[6.942592,4.890753],[6.942694,4.89073],[6.942708,4.890793]]]}},{"type":"Feature","properties":{"h":3.0,"on_route":false},"geometry":{"type":"Polygon","coordinates":[[[6.941561,4.888721],[6.941459,4.888728],[6.941455,4.888672],[6.941558,4.888666],[6.941561,4.888721]]]}},{"type":"Feature","properties":{"h":3.0,"on_route":false},"geometry":{"type":"Polygon","coordinates":[[[6.94431,4.889228],[6.944309,4.889285],[6.944247,4.889284],[6.944248,4.889226],[6.94431,4.889228]]]}},{"type":"Feature","properties":{"h":3.0,"on_route":false},"geometry":{"type":"Polygon","coordinates":[[[6.943534,4.887508],[6.943502,4.887823],[6.943308,4.887803],[6.94334,4.887488],[6.943534,4.887508]]]}},{"type":"Feature","properties":{"h":3.0,"on_route":false},"geometry":{"type":"Polygon","coordinates":[[[6.943436,4.893013],[6.943268,4.893064],[6.94325,4.893005],[6.943419,4.892954],[6.943436,4.893013]]]}},{"type":"Feature","properties":{"h":3.0,"on_route":false},"geometry":{"type":"Polygon","coordinates":[[[6.945847,4.890012],[6.945842,4.890206],[6.945782,4.890204],[6.945787,4.890011],[6.945847,4.890012]]]}},{"type":"Feature","properties":{"h":3.0,"on_route":false},"geometry":{"type":"Polygon","coordinates":[[[6.943347,4.887353],[6.943341,4.887404],[6.943304,4.8874],[6.943309,4.887349],[6.943347,4.887353]]]}},{"type":"Feature","properties":{"h":3.0,"on_route":false},"geometry":{"type":"Polygon","coordinates":[[[6.940554,4.889967],[6.940486,4.889993],[6.940442,4.889878],[6.94051,4.889852],[6.940554,4.889967]]]}},{"type":"Feature","properties":{"h":3.0,"on_route":false},"geometry":{"type":"Polygon","coordinates":[[[6.943473,4.890676],[6.943438,4.890692],[6.943412,4.890636],[6.943447,4.89062],[6.943473,4.890676]]]}},{"type":"Feature","properties":{"h":3.0,"on_route":false},"geometry":{"type":"Polygon","coordinates":[[[6.941586,4.888523],[6.941513,4.888529],[6.941509,4.888474],[6.941581,4.888467],[6.941586,4.888523]]]}},{"type":"Feature","properties":{"h":3.0,"on_route":false},"geometry":{"type":"Polygon","coordinates":[[[6.943118,4.893763],[6.942948,4.893811],[6.942913,4.893688],[6.943083,4.89364],[6.943118,4.893763]]]}},{"type":"Feature","properties":{"h":3.0,"on_route":false},"geometry":{"type":"Polygon","coordinates":[[[6.942482,4.889532],[6.942418,4.889552],[6.942373,4.88941],[6.942437,4.889389],[6.942482,4.889532]]]}},{"type":"Feature","properties":{"h":3.0,"on_route":false},"geometry":{"type":"Polygon","coordinates":[[[6.941288,4.887591],[6.941249,4.887585],[6.94126,4.887518],[6.941298,4.887524],[6.941288,4.887591]]]}},{"type":"Feature","properties":{"h":3.0,"on_route":false},"geometry":{"type":"Polygon","coordinates":[[[6.943858,4.888687],[6.943856,4.888741],[6.943626,4.888732],[6.943628,4.888678],[6.943858,4.888687]]]}},{"type":"Feature","properties":{"h":3.0,"on_route":false},"geometry":{"type":"Polygon","coordinates":[[[6.942326,4.886447],[6.942252,4.886464],[6.942197,4.886233],[6.942271,4.886216],[6.942326,4.886447]]]}},{"type":"Feature","properties":{"h":3.0,"on_route":false},"geometry":{"type":"Polygon","coordinates":[[[6.940461,4.8889],[6.940459,4.888924],[6.94042,4.888921],[6.940421,4.888897],[6.940461,4.8889]]]}},{"type":"Feature","properties":{"h":3.0,"on_route":false},"geometry":{"type":"Polygon","coordinates":[[[6.940586,4.888984],[6.940582,4.889037],[6.940503,4.889031],[6.940507,4.888978],[6.940586,4.888984]]]}},{"type":"Feature","properties":{"h":3.0,"on_route":true},"geometry":{"type":"Polygon","coordinates":[[[6.944964,4.891884],[6.944967,4.891908],[6.945024,4.891901],[6.945039,4.892039],[6.944894,4.892055],[6.944875,4.891894],[6.944964,4.891884]]]}},{"type":"Feature","properties":{"h":3.0,"on_route":false},"geometry":{"type":"Polygon","coordinates":[[[6.94128,4.888841],[6.941286,4.888891],[6.941211,4.8889],[6.941205,4.88885],[6.94128,4.888841]]]}},{"type":"Feature","properties":{"h":3.0,"on_route":false},"geometry":{"type":"Polygon","coordinates":[[[6.941599,4.887644],[6.94159,4.887684],[6.941627,4.887692],[6.941613,4.887755],[6.941457,4.887721],[6.94148,4.887618],[6.941599,4.887644]]]}},{"type":"Feature","properties":{"h":3.0,"on_route":false},"geometry":{"type":"Polygon","coordinates":[[[6.943967,4.88833],[6.943958,4.888417],[6.94386,4.888407],[6.943869,4.88832],[6.943967,4.88833]]]}},{"type":"Feature","properties":{"h":3.0,"on_route":false},"geometry":{"type":"Polygon","coordinates":[[[6.941236,4.89124],[6.941175,4.891268],[6.941128,4.891165],[6.941189,4.891137],[6.941236,4.89124]]]}},{"type":"Feature","properties":{"h":3.0,"on_route":false},"geometry":{"type":"Polygon","coordinates":[[[6.942799,4.892531],[6.942757,4.892558],[6.942676,4.892428],[6.942717,4.892402],[6.942799,4.892531]]]}},{"type":"Feature","properties":{"h":3.0,"on_route":false},"geometry":{"type":"Polygon","coordinates":[[[6.942936,4.888484],[6.942935,4.888572],[6.942721,4.88857],[6.942722,4.888482],[6.942936,4.888484]]]}},{"type":"Feature","properties":{"h":3.0,"on_route":false},"geometry":{"type":"Polygon","coordinates":[[[6.940853,4.890701],[6.940893,4.890768],[6.940832,4.890804],[6.940793,4.890737],[6.940853,4.890701]]]}},{"type":"Feature","properties":{"h":3.0,"on_route":false},"geometry":{"type":"Polygon","coordinates":[[[6.944171,4.89307],[6.944069,4.893096],[6.944053,4.893032],[6.944155,4.893006],[6.944171,4.89307]]]}},{"type":"Feature","properties":{"h":3.0,"on_route":false},"geometry":{"type":"Polygon","coordinates":[[[6.94168,4.890126],[6.941601,4.890135],[6.941593,4.890067],[6.941621,4.890064],[6.94161,4.889974],[6.941662,4.889967],[6.94168,4.890126]]]}},{"type":"Feature","properties":{"h":3.0,"on_route":false},"geometry":{"type":"Polygon","coordinates":[[[6.940422,4.8918],[6.940312,4.891839],[6.940291,4.891781],[6.940401,4.891742],[6.940422,4.8918]]]}},{"type":"Feature","properties":{"h":3.0,"on_route":false},"geometry":{"type":"Polygon","coordinates":[[[6.941485,4.889106],[6.941403,4.889119],[6.941396,4.889076],[6.941478,4.889062],[6.941485,4.889106]]]}},{"type":"Feature","properties":{"h":3.0,"on_route":false},"geometry":{"type":"Polygon","coordinates":[[[6.942588,4.887647],[6.942458,4.887653],[6.942454,4.887568],[6.942584,4.887562],[6.942588,4.887647]]]}},{"type":"Feature","properties":{"h":3.0,"on_route":false},"geometry":{"type":"Polygon","coordinates":[[[6.942675,4.892293],[6.942736,4.89239],[6.942676,4.892428],[6.942615,4.892332],[6.942675,4.892293]]]}},{"type":"Feature","properties":{"h":3.0,"on_route":false},"geometry":{"type":"Polygon","coordinates":[[[6.94393,4.891883],[6.943899,4.891886],[6.943896,4.891862],[6.943927,4.891859],[6.94393,4.891883]]]}},{"type":"Feature","properties":{"h":3.0,"on_route":false},"geometry":{"type":"Polygon","coordinates":[[[6.945821,4.893248],[6.94584,4.893313],[6.945872,4.893303],[6.9459,4.893399],[6.9458,4.893428],[6.945753,4.893268],[6.945821,4.893248]]]}},{"type":"Feature","properties":{"h":3.0,"on_route":false},"geometry":{"type":"Polygon","coordinates":[[[6.941646,4.890419],[6.941645,4.890559],[6.941548,4.890558],[6.941549,4.890418],[6.941646,4.890419]]]}},{"type":"Feature","properties":{"h":3.0,"on_route":false},"geometry":{"type":"Polygon","coordinates":[[[6.940074,4.891734],[6.939985,4.891764],[6.939952,4.891663],[6.940041,4.891633],[6.940074,4.891734]]]}},{"type":"Feature","properties":{"h":3.0,"on_route":false},"geometry":{"type":"Polygon","coordinates":[[[6.94008,4.889887],[6.93985,4.8899],[6.939846,4.889824],[6.940075,4.889811],[6.94008,4.889887]]]}},{"type":"Feature","properties":{"h":3.0,"on_route":false},"geometry":{"type":"Polygon","coordinates":[[[6.9437,4.894072],[6.943713,4.894211],[6.943609,4.894221],[6.943596,4.894082],[6.9437,4.894072]]]}},{"type":"Feature","properties":{"h":3.0,"on_route":false},"geometry":{"type":"Polygon","coordinates":[[[6.945027,4.888998],[6.944809,4.88903],[6.944801,4.888975],[6.945019,4.888943],[6.945027,4.888998]]]}},{"type":"Feature","properties":{"h":3.0,"on_route":false},"geometry":{"type":"Polygon","coordinates":[[[6.940781,4.889329],[6.940782,4.889347],[6.940848,4.889341],[6.940853,4.889399],[6.94074,4.889407],[6.940735,4.889333],[6.940781,4.889329]]]}},{"type":"Feature","properties":{"h":3.0,"on_route":false},"geometry":{"type":"Polygon","coordinates":[[[6.941825,4.891613],[6.941648,4.891649],[6.941636,4.89159],[6.941693,4.891578],[6.941684,4.891534],[6.941804,4.891509],[6.941825,4.891613]]]}},{"type":"Feature","properties":{"h":3.0,"on_route":false},"geometry":{"type":"Polygon","coordinates":[[[6.944254,4.887786],[6.944238,4.887905],[6.944175,4.887897],[6.944183,4.887834],[6.944045,4.887816],[6.944052,4.88776],[6.944254,4.887786]]]}},{"type":"Feature","properties":{"h":3.0,"on_route":false},"geometry":{"type":"Polygon","coordinates":[[[6.942794,4.890303],[6.942815,4.890407],[6.942722,4.890426],[6.942701,4.890322],[6.942794,4.890303]]]}},{"type":"Feature","properties":{"h":3.0,"on_route":false},"geometry":{"type":"Polygon","coordinates":[[[6.940831,4.887883],[6.940983,4.887926],[6.940965,4.88799],[6.940906,4.887974],[6.940888,4.88804],[6.940794,4.888014],[6.940831,4.887883]]]}},{"type":"Feature","properties":{"h":3.0,"on_route":true},"geometry":{"type":"Polygon","coordinates":[[[6.945048,4.893748],[6.944982,4.893759],[6.944972,4.893695],[6.945038,4.893685],[6.945048,4.893748]]]}},{"type":"Feature","properties":{"h":3.0,"on_route":false},"geometry":{"type":"Polygon","coordinates":[[[6.94279,4.891057],[6.942736,4.891069],[6.942731,4.891049],[6.942667,4.891063],[6.942648,4.890973],[6.942766,4.890947],[6.94279,4.891057]]]}},{"type":"Feature","properties":{"h":3.0,"on_route":false},"geometry":{"type":"Polygon","coordinates":[[[6.944058,4.888759],[6.944047,4.889045],[6.943991,4.889043],[6.944003,4.888757],[6.944058,4.888759]]]}},{"type":"Feature","properties":{"h":3.0,"on_route":false},"geometry":{"type":"Polygon","coordinates":[[[6.941235,4.890867],[6.941151,4.890903],[6.941063,4.890696],[6.941147,4.89066],[6.941235,4.890867]]]}},{"type":"Feature","properties":{"h":3.0,"on_route":false},"geometry":{"type":"Polygon","coordinates":[[[6.943375,4.893846],[6.94338,4.893938],[6.943252,4.893946],[6.943247,4.893854],[6.943375,4.893846]]]}},{"type":"Feature","properties":{"h":3.0,"on_route":false},"geometry":{"type":"Polygon","coordinates":[[[6.945665,4.888712],[6.945595,4.888718],[6.945593,4.888693],[6.945555,4.888696],[6.945546,4.888592],[6.945654,4.888583],[6.945665,4.888712]]]}},{"type":"Feature","properties":{"h":3.0,"on_route":false},"geometry":{"type":"Polygon","coordinates":[[[6.942681,4.891688],[6.942576,4.891722],[6.942547,4.89163],[6.942652,4.891597],[6.942681,4.891688]]]}},{"type":"Feature","properties":{"h":3.0,"on_route":false},"geometry":{"type":"Polygon","coordinates":[[[6.943965,4.887113],[6.943955,4.887156],[6.943908,4.887145],[6.943919,4.887102],[6.943965,4.887113]]]}},{"type":"Feature","properties":{"h":3.0,"on_route":false},"geometry":{"type":"Polygon","coordinates":[[[6.941043,4.893147],[6.940988,4.893174],[6.940955,4.893107],[6.94101,4.89308],[6.941043,4.893147]]]}},{"type":"Feature","properties":{"h":3.0,"on_route":false},"geometry":{"type":"Polygon","coordinates":[[[6.943832,4.886607],[6.94383,4.886669],[6.943799,4.886667],[6.943802,4.886605],[6.943832,4.886607]]]}},{"type":"Feature","properties":{"h":3.0,"on_route":true},"geometry":{"type":"Polygon","coordinates":[[[6.945472,4.891052],[6.945316,4.891088],[6.945303,4.891031],[6.945459,4.890995],[6.945472,4.891052]]]}},{"type":"Feature","properties":{"h":3.0,"on_route":false},"geometry":{"type":"Polygon","coordinates":[[[6.94175,4.888576],[6.941553,4.888588],[6.94155,4.888534],[6.941745,4.88852],[6.94175,4.888576]]]}},{"type":"Feature","properties":{"h":3.0,"on_route":false},"geometry":{"type":"Polygon","coordinates":[[[6.940505,4.891449],[6.940479,4.891424],[6.940494,4.891409],[6.940421,4.891339],[6.940479,4.891278],[6.940516,4.891313],[6.940491,4.891339],[6.940511,4.891358],[6.940549,4.891319],[6.940497,4.89127],[6.940576,4.891188],[6.940627,4.891237],[6.94065,4.891212],[6.940692,4.891253],[6.940505,4.891449]]]}},{"type":"Feature","properties":{"h":3.0,"on_route":false},"geometry":{"type":"Polygon","coordinates":[[[6.944166,4.889563],[6.944168,4.889588],[6.944201,4.889586],[6.944208,4.889677],[6.944091,4.889686],[6.944082,4.889569],[6.944166,4.889563]]]}},{"type":"Feature","properties":{"h":3.0,"on_route":false},"geometry":{"type":"Polygon","coordinates":[[[6.945997,4.891845],[6.946009,4.892193],[6.94593,4.892196],[6.945917,4.891848],[6.945997,4.891845]]]}},{"type":"Feature","properties":{"h":3.0,"on_route":false},"geometry":{"type":"Polygon","coordinates":[[[6.942567,4.893983],[6.942458,4.89402],[6.942382,4.893791],[6.942491,4.893754],[6.942567,4.893983]]]}},{"type":"Feature","properties":{"h":3.0,"on_route":false},"geometry":{"type":"Polygon","coordinates":[[[6.944429,4.889687],[6.944432,4.889711],[6.944379,4.889717],[6.944376,4.889693],[6.944429,4.889687]]]}},{"type":"Feature","properties":{"h":3.0,"on_route":false},"geometry":{"type":"Polygon","coordinates":[[[6.941749,4.887543],[6.941741,4.887652],[6.941697,4.887649],[6.941704,4.88754],[6.941749,4.887543]]]}},{"type":"Feature","properties":{"h":3.0,"on_route":false},"geometry":{"type":"Polygon","coordinates":[[[6.943271,4.887178],[6.943273,4.887231],[6.943221,4.887233],[6.943218,4.88718],[6.943271,4.887178]]]}},{"type":"Feature","properties":{"h":3.0,"on_route":false},"geometry":{"type":"Polygon","coordinates":[[[6.946331,4.891007],[6.946349,4.891168],[6.946238,4.89118],[6.946219,4.89102],[6.946331,4.891007]]]}},{"type":"Feature","properties":{"h":3.0,"on_route":false},"geometry":{"type":"Polygon","coordinates":[[[6.940729,4.887724],[6.940485,4.88774],[6.940481,4.887679],[6.940725,4.887663],[6.940729,4.887724]]]}},{"type":"Feature","properties":{"h":3.0,"on_route":false},"geometry":{"type":"Polygon","coordinates":[[[6.941237,4.890204],[6.94124,4.890316],[6.941126,4.890319],[6.941124,4.890206],[6.941237,4.890204]]]}},{"type":"Feature","properties":{"h":3.0,"on_route":false},"geometry":{"type":"Polygon","coordinates":[[[6.943675,4.893622],[6.94357,4.893637],[6.943558,4.893549],[6.943663,4.893535],[6.943675,4.893622]]]}},{"type":"Feature","properties":{"h":3.0,"on_route":false},"geometry":{"type":"Polygon","coordinates":[[[6.941982,4.888732],[6.941976,4.88882],[6.941824,4.888809],[6.94183,4.888721],[6.941982,4.888732]]]}},{"type":"Feature","properties":{"h":3.0,"on_route":false},"geometry":{"type":"Polygon","coordinates":[[[6.944215,4.888526],[6.944207,4.888713],[6.944149,4.888711],[6.944157,4.888523],[6.944215,4.888526]]]}},{"type":"Feature","properties":{"h":3.0,"on_route":false},"geometry":{"type":"Polygon","coordinates":[[[6.939825,4.889795],[6.939753,4.889795],[6.939753,4.889686],[6.939825,4.889686],[6.939825,4.889795]]]}},{"type":"Feature","properties":{"h":3.0,"on_route":false},"geometry":{"type":"Polygon","coordinates":[[[6.943382,4.889047],[6.943378,4.889097],[6.943327,4.889094],[6.94333,4.889043],[6.943382,4.889047]]]}},{"type":"Feature","properties":{"h":3.0,"on_route":false},"geometry":{"type":"Polygon","coordinates":[[[6.942882,4.888195],[6.942879,4.888257],[6.942698,4.888249],[6.9427,4.888187],[6.942882,4.888195]]]}},{"type":"Feature","properties":{"h":3.0,"on_route":false},"geometry":{"type":"Polygon","coordinates":[[[6.942885,4.890685],[6.942627,4.890741],[6.942615,4.890682],[6.942872,4.890626],[6.942885,4.890685]]]}},{"type":"Feature","properties":{"h":3.0,"on_route":false},"geometry":{"type":"Polygon","coordinates":[[[6.941409,4.890617],[6.941354,4.890632],[6.941327,4.890538],[6.941382,4.890522],[6.941409,4.890617]]]}},{"type":"Feature","properties":{"h":3.0,"on_route":false},"geometry":{"type":"Polygon","coordinates":[[[6.944608,4.891109],[6.944436,4.891129],[6.944422,4.891012],[6.944594,4.890992],[6.944608,4.891109]]]}},{"type":"Feature","properties":{"h":3.0,"on_route":false},"geometry":{"type":"Polygon","coordinates":[[[6.940442,4.888749],[6.940399,4.888953],[6.940347,4.888942],[6.940389,4.888738],[6.940442,4.888749]]]}},{"type":"Feature","properties":{"h":3.0,"on_route":false},"geometry":{"type":"Polygon","coordinates":[[[6.944474,4.888558],[6.944506,4.88855],[6.944521,4.888611],[6.944388,4.888645],[6.944359,4.888532],[6.944462,4.888507],[6.944474,4.888558]]]}},{"type":"Feature","properties":{"h":3.0,"on_route":false},"geometry":{"type":"Polygon","coordinates":[[[6.942308,4.889772],[6.942292,4.889773],[6.942296,4.889812],[6.942162,4.889826],[6.942155,4.889755],[6.942304,4.889739],[6.942308,4.889772]]]}},{"type":"Feature","properties":{"h":3.0,"on_route":false},"geometry":{"type":"Polygon","coordinates":[[[6.941659,4.886693],[6.94168,4.886837],[6.941619,4.886846],[6.941597,4.886703],[6.941659,4.886693]]]}},{"type":"Feature","properties":{"h":3.0,"on_route":false},"geometry":{"type":"Polygon","coordinates":[[[6.940117,4.891597],[6.940092,4.891603],[6.940085,4.891571],[6.940109,4.891566],[6.940117,4.891597]]]}},{"type":"Feature","properties":{"h":3.0,"on_route":false},"geometry":{"type":"Polygon","coordinates":[[[6.940042,4.888833],[6.940172,4.888885],[6.94015,4.888938],[6.940021,4.888886],[6.940042,4.888833]]]}},{"type":"Feature","properties":{"h":3.0,"on_route":false},"geometry":{"type":"Polygon","coordinates":[[[6.940627,4.892634],[6.940531,4.892677],[6.940497,4.892601],[6.940594,4.892558],[6.940627,4.892634]]]}},{"type":"Feature","properties":{"h":3.0,"on_route":false},"geometry":{"type":"Polygon","coordinates":[[[6.946295,4.892215],[6.946105,4.892227],[6.946101,4.892176],[6.946292,4.892163],[6.946295,4.892215]]]}},{"type":"Feature","properties":{"h":3.0,"on_route":false},"geometry":{"type":"Polygon","coordinates":[[[6.943734,4.891982],[6.943688,4.892006],[6.943614,4.891864],[6.94366,4.89184],[6.943734,4.891982]]]}},{"type":"Feature","properties":{"h":3.0,"on_route":false},"geometry":{"type":"Polygon","coordinates":[[[6.941765,4.891272],[6.941564,4.891351],[6.941542,4.891295],[6.941744,4.891216],[6.941765,4.891272]]]}},{"type":"Feature","properties":{"h":3.0,"on_route":false},"geometry":{"type":"Polygon","coordinates":[[[6.943264,4.89045],[6.943114,4.890493],[6.943086,4.890394],[6.943236,4.890351],[6.943264,4.89045]]]}},{"type":"Feature","properties":{"h":3.0,"on_route":false},"geometry":{"type":"Polygon","coordinates":[[[6.941566,4.891875],[6.94158,4.891929],[6.941606,4.891922],[6.941618,4.891967],[6.941531,4.89199],[6.941505,4.891891],[6.941566,4.891875]]]}},{"type":"Feature","properties":{"h":3.0,"on_route":false},"geometry":{"type":"Polygon","coordinates":[[[6.94174,4.887854],[6.941726,4.887948],[6.941698,4.887944],[6.941706,4.887892],[6.941674,4.887887],[6.94168,4.887845],[6.94174,4.887854]]]}},{"type":"Feature","properties":{"h":3.0,"on_route":false},"geometry":{"type":"Polygon","coordinates":[[[6.942291,4.893619],[6.942183,4.893657],[6.942165,4.893607],[6.942274,4.893569],[6.942291,4.893619]]]}},{"type":"Feature","properties":{"h":3.0,"on_route":false},"geometry":{"type":"Polygon","coordinates":[[[6.941057,4.888799],[6.941054,4.888838],[6.94103,4.888836],[6.941033,4.888798],[6.941057,4.888799]]]}},{"type":"Feature","properties":{"h":3.0,"on_route":false},"geometry":{"type":"Polygon","coordinates":[[[6.941187,4.890017],[6.941185,4.890099],[6.941135,4.890097],[6.941137,4.890016],[6.941187,4.890017]]]}},{"type":"Feature","properties":{"h":3.0,"on_route":false},"geometry":{"type":"Polygon","coordinates":[[[6.943098,4.891653],[6.94308,4.89166],[6.943111,4.891742],[6.943043,4.891768],[6.942993,4.891632],[6.943078,4.8916],[6.943098,4.891653]]]}},{"type":"Feature","properties":{"h":3.0,"on_route":false},"geometry":{"type":"Polygon","coordinates":[[[6.944465,4.893168],[6.944212,4.893232],[6.944195,4.893165],[6.944448,4.893101],[6.944465,4.893168]]]}},{"type":"Feature","properties":{"h":3.0,"on_route":false},"geometry":{"type":"Polygon","coordinates":[[[6.945675,4.891265],[6.945667,4.891366],[6.945607,4.891361],[6.945614,4.89126],[6.945675,4.891265]]]}},{"type":"Feature","properties":{"h":3.0,"on_route":false},"geometry":{"type":"Polygon","coordinates":[[[6.940099,4.891143],[6.940174,4.891388],[6.940117,4.891406],[6.940057,4.891213],[6.939959,4.891243],[6.939943,4.891192],[6.940099,4.891143]]]}},{"type":"Feature","properties":{"h":3.0,"on_route":false},"geometry":{"type":"Polygon","coordinates":[[[6.942821,4.889704],[6.942762,4.889727],[6.942697,4.889557],[6.942756,4.889534],[6.942821,4.889704]]]}},{"type":"Feature","properties":{"h":3.0,"on_route":false},"geometry":{"type":"Polygon","coordinates":[[[6.943029,4.893458],[6.942916,4.893477],[6.942907,4.893426],[6.943021,4.893407],[6.943029,4.893458]]]}},{"type":"Feature","properties":{"h":3.0,"on_route":false},"geometry":{"type":"Polygon","coordinates":[[[6.94151,4.888437],[6.941507,4.888481],[6.941274,4.888468],[6.941277,4.888425],[6.94151,4.888437]]]}},{"type":"Feature","properties":{"h":3.0,"on_route":false},"geometry":{"type":"Polygon","coordinates":[[[6.9437,4.894072],[6.943596,4.894082],[6.943586,4.893967],[6.943689,4.893957],[6.9437,4.894072]]]}},{"type":"Feature","properties":{"h":3.0,"on_route":false},"geometry":{"type":"Polygon","coordinates":[[[6.94107,4.890494],[6.94112,4.890606],[6.941153,4.890591],[6.941178,4.890647],[6.941064,4.890698],[6.940989,4.89053],[6.94107,4.890494]]]}},{"type":"Feature","properties":{"h":3.0,"on_route":false},"geometry":{"type":"Polygon","coordinates":[[[6.943469,4.893957],[6.943471,4.893978],[6.943562,4.893969],[6.943573,4.894084],[6.943443,4.894096],[6.94343,4.893961],[6.943469,4.893957]]]}},{"type":"Feature","properties":{"h":3.0,"on_route":false},"geometry":{"type":"Polygon","coordinates":[[[6.943612,4.891416],[6.943641,4.891409],[6.943664,4.891503],[6.943541,4.891533],[6.943512,4.891411],[6.943605,4.891388],[6.943612,4.891416]]]}},{"type":"Feature","properties":{"h":3.0,"on_route":false},"geometry":{"type":"Polygon","coordinates":[[[6.940624,4.890657],[6.940571,4.890679],[6.940556,4.890643],[6.940609,4.89062],[6.940624,4.890657]]]}},{"type":"Feature","properties":{"h":3.0,"on_route":false},"geometry":{"type":"Polygon","coordinates":[[[6.944269,4.891676],[6.944223,4.891681],[6.944218,4.891633],[6.944264,4.891628],[6.944269,4.891676]]]}},{"type":"Feature","properties":{"h":3.0,"on_route":true},"geometry":{"type":"Polygon","coordinates":[[[6.945145,4.891118],[6.945141,4.891165],[6.945072,4.89116],[6.945076,4.891113],[6.945145,4.891118]]]}},{"type":"Feature","properties":{"h":3.0,"on_route":false},"geometry":{"type":"Polygon","coordinates":[[[6.943854,4.888812],[6.943851,4.888883],[6.943717,4.888878],[6.943719,4.888807],[6.943854,4.888812]]]}},{"type":"Feature","properties":{"h":3.0,"on_route":false},"geometry":{"type":"Polygon","coordinates":[[[6.940582,4.889037],[6.940579,4.889074],[6.9405,4.889068],[6.940503,4.889031],[6.940582,4.889037]]]}},{"type":"Feature","properties":{"h":3.0,"on_route":false},"geometry":{"type":"Polygon","coordinates":[[[6.941388,4.891674],[6.941327,4.89169],[6.941312,4.891631],[6.941373,4.891615],[6.941388,4.891674]]]}},{"type":"Feature","properties":{"h":3.0,"on_route":false},"geometry":{"type":"Polygon","coordinates":[[[6.943231,4.889984],[6.943231,4.890048],[6.943082,4.890046],[6.943083,4.889981],[6.943231,4.889984]]]}},{"type":"Feature","properties":{"h":3.0,"on_route":false},"geometry":{"type":"Polygon","coordinates":[[[6.941658,4.88892],[6.941655,4.888973],[6.941562,4.888967],[6.941566,4.888914],[6.941658,4.88892]]]}},{"type":"Feature","properties":{"h":3.0,"on_route":false},"geometry":{"type":"Polygon","coordinates":[[[6.94507,4.887942],[6.945075,4.888036],[6.944968,4.888042],[6.944962,4.887948],[6.94507,4.887942]]]}},{"type":"Feature","properties":{"h":3.0,"on_route":false},"geometry":{"type":"Polygon","coordinates":[[[6.942755,4.887572],[6.942773,4.88782],[6.942715,4.887824],[6.942697,4.887576],[6.942755,4.887572]]]}},{"type":"Feature","properties":{"h":3.0,"on_route":false},"geometry":{"type":"Polygon","coordinates":[[[6.942147,4.889838],[6.942019,4.88985],[6.942017,4.889824],[6.941988,4.889827],[6.941982,4.889755],[6.942138,4.889741],[6.942147,4.889838]]]}},{"type":"Feature","properties":{"h":3.0,"on_route":false},"geometry":{"type":"Polygon","coordinates":[[[6.94124,4.888415],[6.941233,4.88846],[6.941298,4.888471],[6.94129,4.888521],[6.94112,4.888494],[6.941135,4.888398],[6.94124,4.888415]]]}},{"type":"Feature","properties":{"h":3.0,"on_route":true},"geometry":{"type":"Polygon","coordinates":[[[6.945193,4.893223],[6.945133,4.893232],[6.945126,4.893191],[6.945187,4.893181],[6.945193,4.893223]]]}},{"type":"Feature","properties":{"h":3.0,"on_route":false},"geometry":{"type":"Polygon","coordinates":[[[6.943733,4.891802],[6.9438,4.891933],[6.94375,4.891959],[6.943682,4.891828],[6.943733,4.891802]]]}},{"type":"Feature","properties":{"h":3.0,"on_route":false},"geometry":{"type":"Polygon","coordinates":[[[6.944271,4.888572],[6.944279,4.888681],[6.944228,4.888685],[6.94422,4.888576],[6.944271,4.888572]]]}},{"type":"Feature","properties":{"h":3.0,"on_route":false},"geometry":{"type":"Polygon","coordinates":[[[6.941668,4.892049],[6.941632,4.892059],[6.941648,4.892119],[6.941568,4.89214],[6.941532,4.892],[6.941648,4.891969],[6.941668,4.892049]]]}},{"type":"Feature","properties":{"h":3.0,"on_route":true},"geometry":{"type":"Polygon","coordinates":[[[6.945191,4.893953],[6.945187,4.894055],[6.945058,4.89405],[6.945063,4.893948],[6.945191,4.893953]]]}},{"type":"Feature","properties":{"h":3.0,"on_route":false},"geometry":{"type":"Polygon","coordinates":[[[6.941048,4.892712],[6.940963,4.89276],[6.940893,4.892635],[6.940979,4.892587],[6.941048,4.892712]]]}},{"type":"Feature","properties":{"h":3.0,"on_route":false},"geometry":{"type":"Polygon","coordinates":[[[6.939849,4.890981],[6.939865,4.891089],[6.939827,4.891095],[6.93981,4.890987],[6.939849,4.890981]]]}},{"type":"Feature","properties":{"h":3.0,"on_route":false},"geometry":{"type":"Polygon","coordinates":[[[6.941156,4.891444],[6.941088,4.891474],[6.941026,4.891335],[6.941093,4.891305],[6.941156,4.891444]]]}},{"type":"Feature","properties":{"h":3.0,"on_route":false},"geometry":{"type":"Polygon","coordinates":[[[6.945748,4.888015],[6.945689,4.888019],[6.94569,4.888034],[6.945647,4.888038],[6.945644,4.888004],[6.945613,4.888006],[6.945606,4.887899],[6.945739,4.887889],[6.945748,4.888015]]]}},{"type":"Feature","properties":{"h":3.0,"on_route":false},"geometry":{"type":"Polygon","coordinates":[[[6.945976,4.88924],[6.945974,4.889269],[6.945946,4.889267],[6.945947,4.889238],[6.945976,4.88924]]]}},{"type":"Feature","properties":{"h":3.0,"on_route":false},"geometry":{"type":"Polygon","coordinates":[[[6.943349,4.892039],[6.943374,4.892026],[6.943408,4.892089],[6.943383,4.892102],[6.943402,4.892138],[6.943318,4.892182],[6.943234,4.892026],[6.943318,4.891981],[6.943349,4.892039]]]}},{"type":"Feature","properties":{"h":3.0,"on_route":false},"geometry":{"type":"Polygon","coordinates":[[[6.945773,4.892318],[6.945761,4.892474],[6.945715,4.892471],[6.945727,4.892315],[6.945773,4.892318]]]}},{"type":"Feature","properties":{"h":3.0,"on_route":false},"geometry":{"type":"Polygon","coordinates":[[[6.944706,4.886689],[6.944621,4.886648],[6.944694,4.886498],[6.944778,4.886539],[6.944706,4.886689]]]}},{"type":"Feature","properties":{"h":3.0,"on_route":false},"geometry":{"type":"Polygon","coordinates":[[[6.941041,4.887372],[6.940961,4.887385],[6.940935,4.887219],[6.941014,4.887206],[6.941041,4.887372]]]}},{"type":"Feature","properties":{"h":3.0,"on_route":false},"geometry":{"type":"Polygon","coordinates":[[[6.9429,4.890751],[6.942772,4.890779],[6.942758,4.890716],[6.942886,4.890688],[6.9429,4.890751]]]}},{"type":"Feature","properties":{"h":3.0,"on_route":false},"geometry":{"type":"Polygon","coordinates":[[[6.94113,4.888771],[6.941053,4.888778],[6.941049,4.888734],[6.941126,4.888727],[6.94113,4.888771]]]}},{"type":"Feature","properties":{"h":3.0,"on_route":false},"geometry":{"type":"Polygon","coordinates":[[[6.943311,4.891168],[6.943225,4.891184],[6.943205,4.891083],[6.943239,4.891077],[6.943235,4.891059],[6.943288,4.891049],[6.943311,4.891168]]]}},{"type":"Feature","properties":{"h":3.0,"on_route":false},"geometry":{"type":"Polygon","coordinates":[[[6.944238,4.894063],[6.944134,4.894074],[6.944115,4.893897],[6.944218,4.893886],[6.944238,4.894063]]]}},{"type":"Feature","properties":{"h":3.0,"on_route":false},"geometry":{"type":"Polygon","coordinates":[[[6.942159,4.892628],[6.942104,4.892659],[6.942039,4.892541],[6.942095,4.89251],[6.942159,4.892628]]]}},{"type":"Feature","properties":{"h":3.0,"on_route":false},"geometry":{"type":"Polygon","coordinates":[[[6.94055,4.890017],[6.940497,4.890037],[6.940482,4.889997],[6.940535,4.889977],[6.94055,4.890017]]]}},{"type":"Feature","properties":{"h":3.0,"on_route":false},"geometry":{"type":"Polygon","coordinates":[[[6.940657,4.887982],[6.940624,4.888043],[6.940572,4.888015],[6.940605,4.887954],[6.940657,4.887982]]]}},{"type":"Feature","properties":{"h":3.0,"on_route":false},"geometry":{"type":"Polygon","coordinates":[[[6.940429,4.890748],[6.940355,4.890762],[6.940343,4.890701],[6.940417,4.890687],[6.940429,4.890748]]]}},{"type":"Feature","properties":{"h":3.0,"on_route":false},"geometry":{"type":"Polygon","coordinates":[[[6.941994,4.890184],[6.941998,4.89021],[6.942093,4.890194],[6.942099,4.890224],[6.942079,4.890227],[6.942087,4.890276],[6.941915,4.890305],[6.941911,4.890279],[6.941861,4.890288],[6.941848,4.890209],[6.941994,4.890184]]]}},{"type":"Feature","properties":{"h":3.0,"on_route":false},"geometry":{"type":"Polygon","coordinates":[[[6.941593,4.89354],[6.941539,4.893569],[6.941517,4.893528],[6.941571,4.893499],[6.941593,4.89354]]]}},{"type":"Feature","properties":{"h":3.0,"on_route":false},"geometry":{"type":"Polygon","coordinates":[[[6.941492,4.886812],[6.941519,4.886983],[6.941484,4.886989],[6.941456,4.886818],[6.941492,4.886812]]]}},{"type":"Feature","properties":{"h":3.0,"on_route":false},"geometry":{"type":"Polygon","coordinates":[[[6.940537,4.890775],[6.940431,4.890791],[6.940415,4.890677],[6.94052,4.890662],[6.940537,4.890775]]]}},{"type":"Feature","properties":{"h":3.0,"on_route":false},"geometry":{"type":"Polygon","coordinates":[[[6.942475,4.886984],[6.942377,4.887],[6.942364,4.88692],[6.942462,4.886904],[6.942475,4.886984]]]}},{"type":"Feature","properties":{"h":3.0,"on_route":false},"geometry":{"type":"Polygon","coordinates":[[[6.943695,4.891735],[6.943625,4.891762],[6.943558,4.891588],[6.943628,4.891561],[6.943695,4.891735]]]}},{"type":"Feature","properties":{"h":3.0,"on_route":false},"geometry":{"type":"Polygon","coordinates":[[[6.943324,4.889493],[6.943349,4.889484],[6.943435,4.889708],[6.94338,4.889729],[6.943284,4.889481],[6.943315,4.889469],[6.943324,4.889493]]]}},{"type":"Feature","properties":{"h":3.0,"on_route":false},"geometry":{"type":"Polygon","coordinates":[[[6.942792,4.886932],[6.94267,4.886963],[6.942606,4.886711],[6.942729,4.88668],[6.942792,4.886932]]]}},{"type":"Feature","properties":{"h":3.0,"on_route":false},"geometry":{"type":"Polygon","coordinates":[[[6.940338,4.888746],[6.940305,4.888802],[6.940143,4.888707],[6.940176,4.888651],[6.940338,4.888746]]]}},{"type":"Feature","properties":{"h":3.0,"on_route":false},"geometry":{"type":"Polygon","coordinates":[[[6.942752,4.892163],[6.942796,4.892249],[6.942759,4.892268],[6.942716,4.892181],[6.942752,4.892163]]]}},{"type":"Feature","properties":{"h":3.0,"on_route":false},"geometry":{"type":"Polygon","coordinates":[[[6.94426,4.890068],[6.944253,4.890182],[6.944164,4.890176],[6.944172,4.890062],[6.94426,4.890068]]]}},{"type":"Feature","properties":{"h":3.0,"on_route":false},"geometry":{"type":"Polygon","coordinates":[[[6.944056,4.894174],[6.943946,4.894186],[6.94392,4.893951],[6.94403,4.893939],[6.944056,4.894174]]]}},{"type":"Feature","properties":{"h":3.0,"on_route":false},"geometry":{"type":"Polygon","coordinates":[[[6.943427,4.887987],[6.943419,4.888105],[6.943317,4.888098],[6.943325,4.88798],[6.943427,4.887987]]]}},{"type":"Feature","properties":{"h":3.0,"on_route":false},"geometry":{"type":"Polygon","coordinates":[[[6.941202,4.891741],[6.941208,4.891778],[6.941163,4.891785],[6.941157,4.891747],[6.941202,4.891741]]]}},{"type":"Feature","properties":{"h":3.0,"on_route":false},"geometry":{"type":"Polygon","coordinates":[[[6.942529,4.88916],[6.942534,4.889126],[6.94268,4.88915],[6.942666,4.889232],[6.942472,4.8892],[6.94248,4.889152],[6.942529,4.88916]]]}},{"type":"Feature","properties":{"h":3.0,"on_route":false},"geometry":{"type":"Polygon","coordinates":[[[6.942345,4.8941],[6.942285,4.894122],[6.942201,4.893886],[6.942261,4.893865],[6.942345,4.8941]]]}},{"type":"Feature","properties":{"h":3.0,"on_route":false},"geometry":{"type":"Polygon","coordinates":[[[6.942275,4.886616],[6.942161,4.886666],[6.942115,4.886559],[6.942229,4.88651],[6.942275,4.886616]]]}},{"type":"Feature","properties":{"h":3.0,"on_route":false},"geometry":{"type":"Polygon","coordinates":[[[6.941734,4.887737],[6.941843,4.887754],[6.941836,4.8878],[6.941727,4.887784],[6.941734,4.887737]]]}},{"type":"Feature","properties":{"h":3.0,"on_route":false},"geometry":{"type":"Polygon","coordinates":[[[6.941446,4.888577],[6.941379,4.888579],[6.941378,4.888542],[6.941445,4.888541],[6.941446,4.888577]]]}},{"type":"Feature","properties":{"h":3.0,"on_route":true},"geometry":{"type":"Polygon","coordinates":[[[6.945407,4.891208],[6.945397,4.891342],[6.94534,4.891338],[6.945351,4.891204],[6.945407,4.891208]]]}},{"type":"Feature","properties":{"h":3.0,"on_route":false},"geometry":{"type":"Polygon","coordinates":[[[6.942375,4.890754],[6.942396,4.890861],[6.942342,4.890871],[6.942321,4.890764],[6.942375,4.890754]]]}},{"type":"Feature","properties":{"h":3.0,"on_route":false},"geometry":{"type":"Polygon","coordinates":[[[6.940641,4.887775],[6.940639,4.887829],[6.940538,4.887825],[6.94054,4.887771],[6.940641,4.887775]]]}},{"type":"Feature","properties":{"h":3.0,"on_route":false},"geometry":{"type":"Polygon","coordinates":[[[6.943087,4.885996],[6.94309,4.886151],[6.943034,4.886152],[6.943033,4.886123],[6.942973,4.886124],[6.942972,4.886052],[6.942757,4.886056],[6.942756,4.886002],[6.943087,4.885996]]]}},{"type":"Feature","properties":{"h":3.0,"on_route":false},"geometry":{"type":"Polygon","coordinates":[[[6.945376,4.887695],[6.945277,4.887702],[6.945274,4.887651],[6.945373,4.887644],[6.945376,4.887695]]]}},{"type":"Feature","properties":{"h":3.0,"on_route":false},"geometry":{"type":"Polygon","coordinates":[[[6.946073,4.890992],[6.946088,4.891172],[6.946037,4.891176],[6.946034,4.891147],[6.946005,4.891149],[6.946001,4.891102],[6.946031,4.8911],[6.946027,4.891063],[6.945998,4.891065],[6.945992,4.890999],[6.946073,4.890992]]]}},{"type":"Feature","properties":{"h":3.0,"on_route":false},"geometry":{"type":"Polygon","coordinates":[[[6.94572,4.888227],[6.945773,4.888445],[6.945707,4.888461],[6.945654,4.888243],[6.94572,4.888227]]]}},{"type":"Feature","properties":{"h":3.0,"on_route":false},"geometry":{"type":"Polygon","coordinates":[[[6.944466,4.889546],[6.944465,4.889647],[6.944425,4.889646],[6.944425,4.889663],[6.944383,4.889663],[6.944383,4.889646],[6.944368,4.889646],[6.944368,4.889605],[6.944384,4.889606],[6.944384,4.889545],[6.944466,4.889546]]]}},{"type":"Feature","properties":{"h":3.0,"on_route":false},"geometry":{"type":"Polygon","coordinates":[[[6.941848,4.886665],[6.941788,4.886683],[6.941775,4.88664],[6.941835,4.886622],[6.941848,4.886665]]]}},{"type":"Feature","properties":{"h":3.0,"on_route":false},"geometry":{"type":"Polygon","coordinates":[[[6.943932,4.894306],[6.943801,4.89432],[6.943791,4.894221],[6.943921,4.894207],[6.943932,4.894306]]]}},{"type":"Feature","properties":{"h":3.0,"on_route":false},"geometry":{"type":"Polygon","coordinates":[[[6.944489,4.891537],[6.944512,4.89165],[6.944453,4.891662],[6.944448,4.891632],[6.944397,4.891642],[6.944385,4.891585],[6.944393,4.891584],[6.944388,4.891557],[6.944489,4.891537]]]}},{"type":"Feature","properties":{"h":3.0,"on_route":false},"geometry":{"type":"Polygon","coordinates":[[[6.941616,4.891915],[6.941582,4.891915],[6.941582,4.891886],[6.941616,4.891886],[6.941616,4.891915]]]}},{"type":"Feature","properties":{"h":3.0,"on_route":false},"geometry":{"type":"Polygon","coordinates":[[[6.94226,4.891272],[6.942382,4.891638],[6.942321,4.891658],[6.942266,4.891491],[6.942231,4.891503],[6.942165,4.891304],[6.94226,4.891272]]]}},{"type":"Feature","properties":{"h":3.0,"on_route":false},"geometry":{"type":"Polygon","coordinates":[[[6.94527,4.887915],[6.945283,4.888106],[6.945213,4.888111],[6.9452,4.88792],[6.94527,4.887915]]]}},{"type":"Feature","properties":{"h":3.0,"on_route":false},"geometry":{"type":"Polygon","coordinates":[[[6.941743,4.893763],[6.941645,4.89379],[6.941624,4.893713],[6.941723,4.893687],[6.941743,4.893763]]]}},{"type":"Feature","properties":{"h":3.0,"on_route":false},"geometry":{"type":"Polygon","coordinates":[[[6.941446,4.888693],[6.941314,4.8887],[6.941309,4.888592],[6.941441,4.888586],[6.941446,4.888693]]]}},{"type":"Feature","properties":{"h":3.0,"on_route":false},"geometry":{"type":"Polygon","coordinates":[[[6.941032,4.891349],[6.941088,4.891474],[6.941036,4.891497],[6.94098,4.891372],[6.941032,4.891349]]]}},{"type":"Feature","properties":{"h":3.0,"on_route":false},"geometry":{"type":"Polygon","coordinates":[[[6.941328,4.889464],[6.941252,4.889487],[6.941231,4.889417],[6.941307,4.889393],[6.941328,4.889464]]]}},{"type":"Feature","properties":{"h":3.0,"on_route":false},"geometry":{"type":"Polygon","coordinates":[[[6.942753,4.890005],[6.942758,4.890067],[6.942717,4.890071],[6.942712,4.890008],[6.942753,4.890005]]]}},{"type":"Feature","properties":{"h":3.0,"on_route":false},"geometry":{"type":"Polygon","coordinates":[[[6.941137,4.891279],[6.941166,4.891344],[6.941201,4.891329],[6.941236,4.891407],[6.941155,4.891443],[6.94109,4.8913],[6.941137,4.891279]]]}},{"type":"Feature","properties":{"h":3.0,"on_route":false},"geometry":{"type":"Polygon","coordinates":[[[6.94401,4.894487],[6.943951,4.894494],[6.943932,4.894306],[6.943991,4.8943],[6.94401,4.894487]]]}},{"type":"Feature","properties":{"h":3.0,"on_route":false},"geometry":{"type":"Polygon","coordinates":[[[6.940288,4.890088],[6.940215,4.890113],[6.940201,4.890069],[6.940273,4.890045],[6.940288,4.890088]]]}},{"type":"Feature","properties":{"h":3.0,"on_route":false},"geometry":{"type":"Polygon","coordinates":[[[6.943185,4.890939],[6.943094,4.890958],[6.943065,4.890816],[6.943156,4.890797],[6.943185,4.890939]]]}},{"type":"Feature","properties":{"h":3.0,"on_route":false},"geometry":{"type":"Polygon","coordinates":[[[6.94206,4.888211],[6.942051,4.888373],[6.941953,4.888367],[6.941962,4.888206],[6.94206,4.888211]]]}},{"type":"Feature","properties":{"h":3.0,"on_route":false},"geometry":{"type":"Polygon","coordinates":[[[6.944406,4.887715],[6.944314,4.887696],[6.944341,4.887566],[6.944373,4.887573],[6.944385,4.887515],[6.944444,4.887527],[6.944406,4.887715]]]}},{"type":"Feature","properties":{"h":3.0,"on_route":false},"geometry":{"type":"Polygon","coordinates":[[[6.942182,4.892015],[6.942024,4.892076],[6.941988,4.89198],[6.942146,4.89192],[6.942182,4.892015]]]}},{"type":"Feature","properties":{"h":3.0,"on_route":false},"geometry":{"type":"Polygon","coordinates":[[[6.943971,4.886722],[6.943966,4.886763],[6.94391,4.886756],[6.943916,4.886714],[6.943971,4.886722]]]}},{"type":"Feature","properties":{"h":3.0,"on_route":false},"geometry":{"type":"Polygon","coordinates":[[[6.945612,4.888007],[6.945622,4.888144],[6.945546,4.888149],[6.945537,4.888012],[6.945612,4.888007]]]}},{"type":"Feature","properties":{"h":3.0,"on_route":false},"geometry":{"type":"Polygon","coordinates":[[[6.941358,4.887521],[6.941363,4.887602],[6.941301,4.887606],[6.941297,4.887524],[6.941358,4.887521]]]}},{"type":"Feature","properties":{"h":3.0,"on_route":false},"geometry":{"type":"Polygon","coordinates":[[[6.942834,4.889773],[6.942838,4.889839],[6.94277,4.889844],[6.942766,4.889777],[6.942834,4.889773]]]}},{"type":"Feature","properties":{"h":3.0,"on_route":false},"geometry":{"type":"Polygon","coordinates":[[[6.944875,4.887668],[6.944873,4.887714],[6.944792,4.887711],[6.944794,4.887665],[6.944875,4.887668]]]}},{"type":"Feature","properties":{"h":3.0,"on_route":false},"geometry":{"type":"Polygon","coordinates":[[[6.94081,4.891211],[6.940785,4.891165],[6.940989,4.891053],[6.941014,4.891098],[6.94081,4.891211]]]}},{"type":"Feature","properties":{"h":3.0,"on_route":false},"geometry":{"type":"Polygon","coordinates":[[[6.944715,4.889132],[6.944738,4.889128],[6.944747,4.889181],[6.944724,4.889185],[6.944733,4.889237],[6.944542,4.88927],[6.944515,4.889113],[6.944706,4.88908],[6.944715,4.889132]]]}},{"type":"Feature","properties":{"h":3.0,"on_route":false},"geometry":{"type":"Polygon","coordinates":[[[6.941734,4.891081],[6.941629,4.891107],[6.941621,4.891075],[6.941603,4.891079],[6.941559,4.890897],[6.941682,4.890867],[6.941734,4.891081]]]}},{"type":"Feature","properties":{"h":3.0,"on_route":false},"geometry":{"type":"Polygon","coordinates":[[[6.943169,4.893918],[6.943111,4.893939],[6.943081,4.893858],[6.943138,4.893837],[6.943169,4.893918]]]}},{"type":"Feature","properties":{"h":3.0,"on_route":false},"geometry":{"type":"Polygon","coordinates":[[[6.945686,4.892013],[6.945666,4.892015],[6.945669,4.892042],[6.945629,4.892046],[6.945618,4.891942],[6.945678,4.891936],[6.945686,4.892013]]]}},{"type":"Feature","properties":{"h":3.0,"on_route":false},"geometry":{"type":"Polygon","coordinates":[[[6.944461,4.893714],[6.944331,4.893749],[6.944304,4.893648],[6.944368,4.893631],[6.944374,4.893652],[6.944439,4.893634],[6.944461,4.893714]]]}},{"type":"Feature","properties":{"h":3.0,"on_route":false},"geometry":{"type":"Polygon","coordinates":[[[6.944376,4.891808],[6.944374,4.891833],[6.944347,4.891831],[6.94435,4.891805],[6.944376,4.891808]]]}},{"type":"Feature","properties":{"h":3.0,"on_route":false},"geometry":{"type":"Polygon","coordinates":[[[6.940969,4.890359],[6.94091,4.890371],[6.940894,4.890292],[6.940953,4.89028],[6.940969,4.890359]]]}},{"type":"Feature","properties":{"h":3.0,"on_route":false},"geometry":{"type":"Polygon","coordinates":[[[6.944791,4.88877],[6.944725,4.888775],[6.944719,4.888687],[6.944659,4.888691],[6.944665,4.888779],[6.944601,4.888783],[6.944591,4.888636],[6.944781,4.888622],[6.944791,4.88877]]]}},{"type":"Feature","properties":{"h":3.0,"on_route":false},"geometry":{"type":"Polygon","coordinates":[[[6.942121,4.888523],[6.942092,4.888651],[6.942026,4.888637],[6.942054,4.888508],[6.942121,4.888523]]]}},{"type":"Feature","properties":{"h":3.0,"on_route":false},"geometry":{"type":"Polygon","coordinates":[[[6.940205,4.888738],[6.940198,4.888765],[6.940293,4.888792],[6.940277,4.88885],[6.940251,4.888843],[6.940235,4.888898],[6.940117,4.888863],[6.940132,4.888809],[6.940088,4.888796],[6.940113,4.888712],[6.940205,4.888738]]]}},{"type":"Feature","properties":{"h":3.0,"on_route":false},"geometry":{"type":"Polygon","coordinates":[[[6.940179,4.889652],[6.940134,4.889658],[6.940126,4.889596],[6.940171,4.88959],[6.940179,4.889652]]]}},{"type":"Feature","properties":{"h":3.0,"on_route":false},"geometry":{"type":"Polygon","coordinates":[[[6.945613,4.887217],[6.945603,4.88738],[6.945518,4.887375],[6.945521,4.887325],[6.945481,4.887323],[6.945488,4.887209],[6.945613,4.887217]]]}},{"type":"Feature","properties":{"h":3.0,"on_route":false},"geometry":{"type":"Polygon","coordinates":[[[6.941426,4.887356],[6.941431,4.887458],[6.941355,4.887462],[6.94135,4.88736],[6.941426,4.887356]]]}},{"type":"Feature","properties":{"h":3.0,"on_route":false},"geometry":{"type":"Polygon","coordinates":[[[6.941722,4.890792],[6.941636,4.890803],[6.941624,4.890712],[6.94171,4.890701],[6.941722,4.890792]]]}},{"type":"Feature","properties":{"h":3.0,"on_route":false},"geometry":{"type":"Polygon","coordinates":[[[6.940141,4.890929],[6.939847,4.89097],[6.93984,4.890915],[6.939898,4.890907],[6.940133,4.890875],[6.940141,4.890929]]]}},{"type":"Feature","properties":{"h":3.0,"on_route":false},"geometry":{"type":"Polygon","coordinates":[[[6.940139,4.88935],[6.940129,4.889385],[6.940077,4.889371],[6.940086,4.889336],[6.940139,4.88935]]]}},{"type":"Feature","properties":{"h":3.0,"on_route":false},"geometry":{"type":"Polygon","coordinates":[[[6.942455,4.887285],[6.942297,4.887304],[6.942282,4.887181],[6.94244,4.887162],[6.942455,4.887285]]]}},{"type":"Feature","properties":{"h":3.0,"on_route":false},"geometry":{"type":"Polygon","coordinates":[[[6.943761,4.894117],[6.943769,4.894206],[6.943713,4.894211],[6.943704,4.894122],[6.943761,4.894117]]]}},{"type":"Feature","properties":{"h":3.0,"on_route":false},"geometry":{"type":"Polygon","coordinates":[[[6.939907,4.88998],[6.939697,4.890014],[6.939687,4.889948],[6.939725,4.889942],[6.939722,4.889924],[6.939778,4.889915],[6.939775,4.889894],[6.939822,4.889887],[6.939828,4.889926],[6.939896,4.889915],[6.939907,4.88998]]]}},{"type":"Feature","properties":{"h":3.0,"on_route":false},"geometry":{"type":"Polygon","coordinates":[[[6.943721,4.888759],[6.943719,4.888807],[6.94358,4.888802],[6.943582,4.888753],[6.943721,4.888759]]]}},{"type":"Feature","properties":{"h":3.0,"on_route":false},"geometry":{"type":"Polygon","coordinates":[[[6.943556,4.889304],[6.943538,4.889486],[6.943477,4.88948],[6.943489,4.889355],[6.943407,4.889347],[6.943412,4.88929],[6.943556,4.889304]]]}},{"type":"Feature","properties":{"h":3.0,"on_route":false},"geometry":{"type":"Polygon","coordinates":[[[6.941276,4.887673],[6.941219,4.887664],[6.941224,4.887629],[6.941243,4.887632],[6.941249,4.887585],[6.941288,4.887591],[6.941276,4.887673]]]}},{"type":"Feature","properties":{"h":3.0,"on_route":false},"geometry":{"type":"Polygon","coordinates":[[[6.940817,4.888422],[6.940824,4.888401],[6.940794,4.888391],[6.94081,4.888342],[6.940887,4.888368],[6.940838,4.888515],[6.94068,4.888463],[6.940687,4.888442],[6.940663,4.888434],[6.940682,4.888377],[6.940817,4.888422]]]}},{"type":"Feature","properties":{"h":3.0,"on_route":false},"geometry":{"type":"Polygon","coordinates":[[[6.943783,4.888107],[6.943777,4.888258],[6.943648,4.888252],[6.943655,4.888102],[6.943783,4.888107]]]}},{"type":"Feature","properties":{"h":3.0,"on_route":false},"geometry":{"type":"Polygon","coordinates":[[[6.943362,4.888226],[6.943349,4.888304],[6.943528,4.888335],[6.943517,4.8884],[6.943276,4.888359],[6.94328,4.888335],[6.943155,4.888313],[6.943176,4.888194],[6.943362,4.888226]]]}},{"type":"Feature","properties":{"h":3.0,"on_route":false},"geometry":{"type":"Polygon","coordinates":[[[6.943903,4.889823],[6.943911,4.889974],[6.943843,4.889978],[6.943835,4.889826],[6.943903,4.889823]]]}},{"type":"Feature","properties":{"h":3.0,"on_route":false},"geometry":{"type":"Polygon","coordinates":[[[6.945478,4.888806],[6.94548,4.888839],[6.945556,4.888834],[6.945562,4.888921],[6.945434,4.888929],[6.945426,4.888809],[6.945478,4.888806]]]}},{"type":"Feature","properties":{"h":3.0,"on_route":false},"geometry":{"type":"Polygon","coordinates":[[[6.940889,4.892422],[6.940774,4.892487],[6.940745,4.892436],[6.940807,4.892401],[6.940726,4.892257],[6.94078,4.892227],[6.940889,4.892422]]]}},{"type":"Feature","properties":{"h":3.0,"on_route":false},"geometry":{"type":"Polygon","coordinates":[[[6.942723,4.890421],[6.942755,4.890589],[6.942695,4.890601],[6.942663,4.890432],[6.942723,4.890421]]]}},{"type":"Feature","properties":{"h":3.0,"on_route":false},"geometry":{"type":"Polygon","coordinates":[[[6.944585,4.891468],[6.9445,4.891489],[6.944441,4.89125],[6.944526,4.891229],[6.944585,4.891468]]]}},{"type":"Feature","properties":{"h":3.0,"on_route":false},"geometry":{"type":"Polygon","coordinates":[[[6.943581,4.886393],[6.943466,4.886404],[6.943449,4.886223],[6.943506,4.886217],[6.943501,4.886163],[6.943558,4.886158],[6.943581,4.886393]]]}},{"type":"Feature","properties":{"h":3.0,"on_route":false},"geometry":{"type":"Polygon","coordinates":[[[6.943826,4.886873],[6.943827,4.886847],[6.943904,4.886849],[6.9439,4.886995],[6.943775,4.886992],[6.943778,4.886871],[6.943826,4.886873]]]}},{"type":"Feature","properties":{"h":3.0,"on_route":false},"geometry":{"type":"Polygon","coordinates":[[[6.945716,4.890423],[6.945706,4.890748],[6.945636,4.890746],[6.945643,4.890534],[6.945646,4.890421],[6.945716,4.890423]]]}},{"type":"Feature","properties":{"h":3.0,"on_route":false},"geometry":{"type":"Polygon","coordinates":[[[6.943354,4.89312],[6.943359,4.893141],[6.94341,4.893128],[6.943435,4.893229],[6.943329,4.893255],[6.943299,4.893134],[6.943354,4.89312]]]}},{"type":"Feature","properties":{"h":3.0,"on_route":false},"geometry":{"type":"Polygon","coordinates":[[[6.943711,4.892679],[6.943632,4.892703],[6.943605,4.892613],[6.943683,4.892589],[6.943711,4.892679]]]}},{"type":"Feature","properties":{"h":3.0,"on_route":false},"geometry":{"type":"Polygon","coordinates":[[[6.94469,4.88933],[6.944594,4.889322],[6.94458,4.889495],[6.944525,4.889491],[6.944544,4.88926],[6.944695,4.889273],[6.94469,4.88933]]]}},{"type":"Feature","properties":{"h":3.0,"on_route":false},"geometry":{"type":"Polygon","coordinates":[[[6.94132,4.891428],[6.941153,4.891504],[6.941131,4.891454],[6.941298,4.891379],[6.94132,4.891428]]]}},{"type":"Feature","properties":{"h":3.0,"on_route":false},"geometry":{"type":"Polygon","coordinates":[[[6.945842,4.893584],[6.945876,4.89376],[6.945816,4.893771],[6.945783,4.893595],[6.945842,4.893584]]]}},{"type":"Feature","properties":{"h":3.0,"on_route":false},"geometry":{"type":"Polygon","coordinates":[[[6.940761,4.889135],[6.940708,4.889131],[6.940714,4.889046],[6.940767,4.88905],[6.940761,4.889135]]]}},{"type":"Feature","properties":{"h":3.0,"on_route":false},"geometry":{"type":"Polygon","coordinates":[[[6.940383,4.892091],[6.940263,4.892132],[6.940246,4.892083],[6.940366,4.892041],[6.940383,4.892091]]]}},{"type":"Feature","properties":{"h":3.0,"on_route":false},"geometry":{"type":"Polygon","coordinates":[[[6.941645,4.892378],[6.94158,4.892407],[6.941513,4.892257],[6.941578,4.892227],[6.941645,4.892378]]]}},{"type":"Feature","properties":{"h":3.0,"on_route":false},"geometry":{"type":"Polygon","coordinates":[[[6.943065,4.888461],[6.943055,4.888596],[6.942988,4.88859],[6.942998,4.888456],[6.943065,4.888461]]]}},{"type":"Feature","properties":{"h":3.0,"on_route":false},"geometry":{"type":"Polygon","coordinates":[[[6.945921,4.893398],[6.945927,4.893452],[6.945876,4.893458],[6.945869,4.893405],[6.945921,4.893398]]]}},{"type":"Feature","properties":{"h":3.0,"on_route":false},"geometry":{"type":"Polygon","coordinates":[[[6.940424,4.88924],[6.940428,4.889293],[6.9404,4.889295],[6.940396,4.889241],[6.940424,4.88924]]]}},{"type":"Feature","properties":{"h":3.0,"on_route":false},"geometry":{"type":"Polygon","coordinates":[[[6.944286,4.89174],[6.944231,4.891746],[6.944224,4.891685],[6.944279,4.891679],[6.944286,4.89174]]]}},{"type":"Feature","properties":{"h":3.0,"on_route":false},"geometry":{"type":"Polygon","coordinates":[[[6.946118,4.891881],[6.946126,4.891995],[6.946052,4.892],[6.946045,4.891886],[6.946118,4.891881]]]}},{"type":"Feature","properties":{"h":3.0,"on_route":false},"geometry":{"type":"Polygon","coordinates":[[[6.942225,4.892916],[6.942112,4.892997],[6.942031,4.892883],[6.942144,4.892801],[6.942225,4.892916]]]}},{"type":"Feature","properties":{"h":3.0,"on_route":false},"geometry":{"type":"Polygon","coordinates":[[[6.946104,4.8903],[6.946115,4.890447],[6.946004,4.890456],[6.945993,4.890308],[6.946104,4.8903]]]}},{"type":"Feature","properties":{"h":3.0,"on_route":false},"geometry":{"type":"Polygon","coordinates":[[[6.939981,4.889513],[6.939985,4.889553],[6.940111,4.889542],[6.940116,4.8896],[6.93986,4.889623],[6.939851,4.889525],[6.939981,4.889513]]]}},{"type":"Feature","properties":{"h":3.0,"on_route":false},"geometry":{"type":"Polygon","coordinates":[[[6.94222,4.88649],[6.942154,4.886499],[6.94215,4.886474],[6.942217,4.886464],[6.94222,4.88649]]]}},{"type":"Feature","properties":{"h":3.0,"on_route":false},"geometry":{"type":"Polygon","coordinates":[[[6.939923,4.89108],[6.939865,4.891089],[6.939849,4.890981],[6.939907,4.890972],[6.939923,4.89108]]]}},{"type":"Feature","properties":{"h":3.0,"on_route":false},"geometry":{"type":"Polygon","coordinates":[[[6.940883,4.892029],[6.940705,4.892097],[6.940684,4.892041],[6.940862,4.891973],[6.940883,4.892029]]]}},{"type":"Feature","properties":{"h":3.0,"on_route":false},"geometry":{"type":"Polygon","coordinates":[[[6.943081,4.886322],[6.9429,4.886338],[6.942893,4.886262],[6.943075,4.886246],[6.943081,4.886322]]]}},{"type":"Feature","properties":{"h":3.0,"on_route":false},"geometry":{"type":"Polygon","coordinates":[[[6.943074,4.891443],[6.943058,4.891395],[6.94307,4.89139],[6.943062,4.891365],[6.943207,4.891316],[6.943232,4.89139],[6.943074,4.891443]]]}},{"type":"Feature","properties":{"h":3.0,"on_route":false},"geometry":{"type":"Polygon","coordinates":[[[6.942237,4.893572],[6.942153,4.893612],[6.942119,4.89354],[6.942203,4.893501],[6.942237,4.893572]]]}},{"type":"Feature","properties":{"h":3.0,"on_route":false},"geometry":{"type":"Polygon","coordinates":[[[6.940333,4.891088],[6.940245,4.891132],[6.940218,4.891078],[6.940236,4.891069],[6.940199,4.890996],[6.940269,4.890961],[6.940333,4.891088]]]}},{"type":"Feature","properties":{"h":3.0,"on_route":false},"geometry":{"type":"Polygon","coordinates":[[[6.941374,4.891849],[6.94137,4.89183],[6.941319,4.891842],[6.941314,4.891822],[6.941119,4.891869],[6.941107,4.891818],[6.941461,4.891733],[6.941482,4.891823],[6.941374,4.891849]]]}},{"type":"Feature","properties":{"h":3.0,"on_route":false},"geometry":{"type":"Polygon","coordinates":[[[6.944885,4.890195],[6.944875,4.890412],[6.944754,4.890406],[6.944765,4.890189],[6.944885,4.890195]]]}},{"type":"Feature","properties":{"h":3.0,"on_route":false},"geometry":{"type":"Polygon","coordinates":[[[6.940341,4.888891],[6.940336,4.888947],[6.940257,4.888942],[6.940261,4.888885],[6.940341,4.888891]]]}},{"type":"Feature","properties":{"h":3.0,"on_route":false},"geometry":{"type":"Polygon","coordinates":[[[6.944344,4.892722],[6.944303,4.892734],[6.944292,4.892698],[6.944333,4.892686],[6.944344,4.892722]]]}},{"type":"Feature","properties":{"h":3.0,"on_route":false},"geometry":{"type":"Polygon","coordinates":[[[6.944524,4.888269],[6.944391,4.888276],[6.944387,4.888218],[6.944521,4.888211],[6.944524,4.888269]]]}},{"type":"Feature","properties":{"h":3.0,"on_route":false},"geometry":{"type":"Polygon","coordinates":[[[6.941205,4.888853],[6.941156,4.888862],[6.941143,4.888789],[6.941192,4.88878],[6.941205,4.888853]]]}},{"type":"Feature","properties":{"h":3.0,"on_route":false},"geometry":{"type":"Polygon","coordinates":[[[6.942332,4.892908],[6.942188,4.893011],[6.942156,4.892965],[6.942299,4.892862],[6.942332,4.892908]]]}},{"type":"Feature","properties":{"h":3.0,"on_route":false},"geometry":{"type":"Polygon","coordinates":[[[6.945237,4.887655],[6.945235,4.887795],[6.945137,4.887793],[6.945139,4.887653],[6.945237,4.887655]]]}},{"type":"Feature","properties":{"h":3.0,"on_route":false},"geometry":{"type":"Polygon","coordinates":[[[6.940581,4.887907],[6.940555,4.88802],[6.940453,4.887996],[6.940479,4.887883],[6.940581,4.887907]]]}},{"type":"Feature","properties":{"h":3.0,"on_route":false},"geometry":{"type":"Polygon","coordinates":[[[6.941862,4.890289],[6.941866,4.890312],[6.94183,4.890318],[6.941826,4.890295],[6.941862,4.890289]]]}},{"type":"Feature","properties":{"h":3.0,"on_route":false},"geometry":{"type":"Polygon","coordinates":[[[6.945989,4.88923],[6.945986,4.889262],[6.945968,4.88926],[6.945971,4.889229],[6.945989,4.88923]]]}},{"type":"Feature","properties":{"h":3.0,"on_route":false},"geometry":{"type":"Polygon","coordinates":[[[6.943721,4.894345],[6.943522,4.894367],[6.943516,4.894308],[6.943715,4.894286],[6.943721,4.894345]]]}},{"type":"Feature","properties":{"h":3.0,"on_route":false},"geometry":{"type":"Polygon","coordinates":[[[6.940686,4.887743],[6.940766,4.887737],[6.940769,4.887788],[6.94069,4.887793],[6.940686,4.887743]]]}},{"type":"Feature","properties":{"h":3.0,"on_route":false},"geometry":{"type":"Polygon","coordinates":[[[6.940874,4.888909],[6.940865,4.889047],[6.940746,4.889039],[6.940754,4.888902],[6.940874,4.888909]]]}},{"type":"Feature","properties":{"h":3.0,"on_route":false},"geometry":{"type":"Polygon","coordinates":[[[6.94474,4.892773],[6.944652,4.89278],[6.944646,4.892707],[6.944735,4.8927],[6.94474,4.892773]]]}},{"type":"Feature","properties":{"h":3.0,"on_route":false},"geometry":{"type":"Polygon","coordinates":[[[6.941319,4.888962],[6.941332,4.889072],[6.941267,4.889079],[6.941254,4.888969],[6.941319,4.888962]]]}},{"type":"Feature","properties":{"h":3.0,"on_route":false},"geometry":{"type":"Polygon","coordinates":[[[6.945027,4.889926],[6.944883,4.889942],[6.944869,4.889819],[6.945013,4.889802],[6.945027,4.889926]]]}},{"type":"Feature","properties":{"h":3.0,"on_route":false},"geometry":{"type":"Polygon","coordinates":[[[6.942029,4.888568],[6.942026,4.888624],[6.941923,4.888618],[6.941927,4.888561],[6.942029,4.888568]]]}},{"type":"Feature","properties":{"h":3.0,"on_route":false},"geometry":{"type":"Polygon","coordinates":[[[6.945355,4.889383],[6.945363,4.889444],[6.945316,4.88945],[6.945308,4.889389],[6.945355,4.889383]]]}},{"type":"Feature","properties":{"h":3.0,"on_route":false},"geometry":{"type":"Polygon","coordinates":[[[6.942874,4.886608],[6.942845,4.886616],[6.942851,4.88664],[6.942746,4.886666],[6.942726,4.886584],[6.94283,4.886558],[6.942827,4.886544],[6.942856,4.886537],[6.942874,4.886608]]]}},{"type":"Feature","properties":{"h":3.0,"on_route":false},"geometry":{"type":"Polygon","coordinates":[[[6.94493,4.889668],[6.944822,4.889677],[6.944811,4.889554],[6.944918,4.889544],[6.94493,4.889668]]]}},{"type":"Feature","properties":{"h":3.0,"on_route":false},"geometry":{"type":"Polygon","coordinates":[[[6.942262,4.889345],[6.942276,4.889481],[6.942186,4.88949],[6.942183,4.889455],[6.942148,4.889459],[6.942142,4.889395],[6.942176,4.889392],[6.942172,4.889354],[6.942262,4.889345]]]}},{"type":"Feature","properties":{"h":3.0,"on_route":false},"geometry":{"type":"Polygon","coordinates":[[[6.944345,4.887147],[6.944292,4.88733],[6.944205,4.887304],[6.944259,4.887121],[6.944345,4.887147]]]}},{"type":"Feature","properties":{"h":3.0,"on_route":false},"geometry":{"type":"Polygon","coordinates":[[[6.940429,4.889077],[6.940413,4.88924],[6.940363,4.889235],[6.940369,4.889172],[6.940325,4.889168],[6.940335,4.889068],[6.940429,4.889077]]]}},{"type":"Feature","properties":{"h":3.0,"on_route":false},"geometry":{"type":"Polygon","coordinates":[[[6.944315,4.893607],[6.944223,4.89362],[6.944207,4.893507],[6.944298,4.893494],[6.944315,4.893607]]]}},{"type":"Feature","properties":{"h":3.0,"on_route":false},"geometry":{"type":"Polygon","coordinates":[[[6.940557,4.889071],[6.940562,4.889107],[6.94052,4.889113],[6.940514,4.889077],[6.940557,4.889071]]]}},{"type":"Feature","properties":{"h":3.0,"on_route":false},"geometry":{"type":"Polygon","coordinates":[[[6.942801,4.889377],[6.942693,4.889353],[6.942711,4.889273],[6.942776,4.889287],[6.942781,4.889262],[6.942824,4.889272],[6.942801,4.889377]]]}},{"type":"Feature","properties":{"h":3.0,"on_route":false},"geometry":{"type":"Polygon","coordinates":[[[6.942391,4.887947],[6.94238,4.888119],[6.942321,4.888116],[6.942332,4.887944],[6.942391,4.887947]]]}},{"type":"Feature","properties":{"h":3.0,"on_route":false},"geometry":{"type":"Polygon","coordinates":[[[6.941232,4.892317],[6.9412,4.892326],[6.941179,4.892253],[6.941211,4.892244],[6.941232,4.892317]]]}},{"type":"Feature","properties":{"h":3.0,"on_route":false},"geometry":{"type":"Polygon","coordinates":[[[6.940069,4.888363],[6.940234,4.88842],[6.940212,4.888483],[6.940047,4.888426],[6.940069,4.888363]]]}},{"type":"Feature","properties":{"h":3.0,"on_route":false},"geometry":{"type":"Polygon","coordinates":[[[6.943769,4.886633],[6.943698,4.886638],[6.943682,4.88643],[6.943753,4.886425],[6.943769,4.886633]]]}},{"type":"Feature","properties":{"h":3.0,"on_route":false},"geometry":{"type":"Polygon","coordinates":[[[6.940438,4.891106],[6.940272,4.891196],[6.940244,4.891143],[6.940409,4.891053],[6.940438,4.891106]]]}},{"type":"Feature","properties":{"h":3.0,"on_route":false},"geometry":{"type":"Polygon","coordinates":[[[6.943003,4.892801],[6.942846,4.89287],[6.942819,4.892809],[6.942976,4.89274],[6.943003,4.892801]]]}},{"type":"Feature","properties":{"h":3.0,"on_route":false},"geometry":{"type":"Polygon","coordinates":[[[6.9453,4.889099],[6.945172,4.889109],[6.945163,4.889001],[6.945201,4.888998],[6.945198,4.888967],[6.945289,4.888959],[6.9453,4.889099]]]}},{"type":"Feature","properties":{"h":3.0,"on_route":false},"geometry":{"type":"Polygon","coordinates":[[[6.942632,4.893355],[6.942646,4.893414],[6.942539,4.893439],[6.942525,4.89338],[6.942632,4.893355]]]}},{"type":"Feature","properties":{"h":3.0,"on_route":false},"geometry":{"type":"Polygon","coordinates":[[[6.942889,4.893488],[6.942773,4.893511],[6.942762,4.893456],[6.942878,4.893434],[6.942889,4.893488]]]}},{"type":"Feature","properties":{"h":3.0,"on_route":false},"geometry":{"type":"Polygon","coordinates":[[[6.945863,4.891153],[6.945752,4.891173],[6.945721,4.891002],[6.945832,4.890981],[6.945863,4.891153]]]}},{"type":"Feature","properties":{"h":3.0,"on_route":false},"geometry":{"type":"Polygon","coordinates":[[[6.944728,4.887317],[6.944694,4.887441],[6.944585,4.887411],[6.944608,4.887326],[6.94458,4.887318],[6.944591,4.88728],[6.944728,4.887317]]]}},{"type":"Feature","properties":{"h":3.0,"on_route":false},"geometry":{"type":"Polygon","coordinates":[[[6.943195,4.891028],[6.943217,4.891184],[6.943157,4.891192],[6.943135,4.891037],[6.943195,4.891028]]]}},{"type":"Feature","properties":{"h":3.0,"on_route":false},"geometry":{"type":"Polygon","coordinates":[[[6.943091,4.893637],[6.942957,4.893675],[6.942939,4.89361],[6.942972,4.8936],[6.942953,4.893534],[6.943054,4.893506],[6.943091,4.893637]]]}},{"type":"Feature","properties":{"h":3.0,"on_route":false},"geometry":{"type":"Polygon","coordinates":[[[6.943409,4.888394],[6.943395,4.888438],[6.943523,4.888477],[6.9435,4.888552],[6.943272,4.888481],[6.943308,4.888363],[6.943409,4.888394]]]}},{"type":"Feature","properties":{"h":3.0,"on_route":false},"geometry":{"type":"Polygon","coordinates":[[[6.940512,4.8926],[6.940355,4.89267],[6.940324,4.892599],[6.94048,4.892529],[6.940512,4.8926]]]}},{"type":"Feature","properties":{"h":3.0,"on_route":false},"geometry":{"type":"Polygon","coordinates":[[[6.942302,4.889713],[6.942244,4.889719],[6.942235,4.889633],[6.942293,4.889627],[6.942302,4.889713]]]}},{"type":"Feature","properties":{"h":3.0,"on_route":false},"geometry":{"type":"Polygon","coordinates":[[[6.941054,4.889792],[6.94112,4.889989],[6.941101,4.889996],[6.941108,4.890016],[6.941078,4.890026],[6.941004,4.889809],[6.941054,4.889792]]]}},{"type":"Feature","properties":{"h":3.0,"on_route":false},"geometry":{"type":"Polygon","coordinates":[[[6.9426,4.886967],[6.942544,4.886987],[6.942425,4.886638],[6.94248,4.886619],[6.9426,4.886967]]]}},{"type":"Feature","properties":{"h":3.0,"on_route":false},"geometry":{"type":"Polygon","coordinates":[[[6.942576,4.888989],[6.942565,4.889042],[6.94247,4.889022],[6.942481,4.888969],[6.942576,4.888989]]]}},{"type":"Feature","properties":{"h":3.0,"on_route":false},"geometry":{"type":"Polygon","coordinates":[[[6.946023,4.889964],[6.946038,4.890177],[6.945972,4.890181],[6.945957,4.889969],[6.946023,4.889964]]]}},{"type":"Feature","properties":{"h":3.0,"on_route":false},"geometry":{"type":"Polygon","coordinates":[[[6.945744,4.892102],[6.945737,4.892182],[6.945511,4.892162],[6.945518,4.892083],[6.945744,4.892102]]]}},{"type":"Feature","properties":{"h":3.0,"on_route":false},"geometry":{"type":"Polygon","coordinates":[[[6.940782,4.890262],[6.9408,4.890305],[6.940758,4.890322],[6.94074,4.89028],[6.940782,4.890262]]]}},{"type":"Feature","properties":{"h":3.0,"on_route":false},"geometry":{"type":"Polygon","coordinates":[[[6.942468,4.891441],[6.942341,4.891479],[6.942312,4.891379],[6.942438,4.891342],[6.942468,4.891441]]]}},{"type":"Feature","properties":{"h":3.0,"on_route":false},"geometry":{"type":"Polygon","coordinates":[[[6.941226,4.890879],[6.941265,4.890971],[6.941184,4.891006],[6.941145,4.890913],[6.941226,4.890879]]]}},{"type":"Feature","properties":{"h":3.0,"on_route":false},"geometry":{"type":"Polygon","coordinates":[[[6.944696,4.886677],[6.944669,4.886734],[6.944543,4.886673],[6.944571,4.886616],[6.944696,4.886677]]]}},{"type":"Feature","properties":{"h":3.0,"on_route":false},"geometry":{"type":"Polygon","coordinates":[[[6.940803,4.888593],[6.940785,4.88865],[6.940726,4.888632],[6.940744,4.888574],[6.940803,4.888593]]]}},{"type":"Feature","properties":{"h":3.0,"on_route":false},"geometry":{"type":"Polygon","coordinates":[[[6.940007,4.890138],[6.939883,4.890174],[6.939866,4.890118],[6.93999,4.890081],[6.940007,4.890138]]]}},{"type":"Feature","properties":{"h":3.0,"on_route":false},"geometry":{"type":"Polygon","coordinates":[[[6.94109,4.891861],[6.940854,4.891952],[6.940817,4.891854],[6.940996,4.891786],[6.941015,4.891835],[6.941071,4.891813],[6.94109,4.891861]]]}},{"type":"Feature","properties":{"h":3.0,"on_route":false},"geometry":{"type":"Polygon","coordinates":[[[6.941077,4.887952],[6.941059,4.888016],[6.941003,4.888001],[6.941021,4.887936],[6.941077,4.887952]]]}},{"type":"Feature","properties":{"h":3.0,"on_route":false},"geometry":{"type":"Polygon","coordinates":[[[6.946591,4.890678],[6.946417,4.890672],[6.946422,4.890546],[6.946595,4.890553],[6.946591,4.890678]]]}},{"type":"Feature","properties":{"h":3.0,"on_route":false},"geometry":{"type":"Polygon","coordinates":[[[6.943802,4.889296],[6.943788,4.889478],[6.943713,4.889472],[6.943727,4.889291],[6.943802,4.889296]]]}},{"type":"Feature","properties":{"h":3.0,"on_route":false},"geometry":{"type":"Polygon","coordinates":[[[6.939983,4.890368],[6.939918,4.890397],[6.939885,4.890323],[6.93995,4.890294],[6.939983,4.890368]]]}},{"type":"Feature","properties":{"h":3.0,"on_route":false},"geometry":{"type":"Polygon","coordinates":[[[6.943887,4.886609],[6.943884,4.886652],[6.943835,4.886649],[6.943838,4.886606],[6.943887,4.886609]]]}},{"type":"Feature","properties":{"h":3.0,"on_route":false},"geometry":{"type":"Polygon","coordinates":[[[6.945855,4.891509],[6.945853,4.891566],[6.945758,4.891562],[6.94576,4.891505],[6.945855,4.891509]]]}},{"type":"Feature","properties":{"h":3.0,"on_route":false},"geometry":{"type":"Polygon","coordinates":[[[6.943217,4.888908],[6.943111,4.888894],[6.943117,4.888849],[6.943171,4.888856],[6.943179,4.888793],[6.943231,4.888799],[6.943217,4.888908]]]}},{"type":"Feature","properties":{"h":3.0,"on_route":true},"geometry":{"type":"Polygon","coordinates":[[[6.945078,4.892414],[6.945074,4.892453],[6.945094,4.892455],[6.945086,4.892523],[6.944983,4.892511],[6.944995,4.892404],[6.945078,4.892414]]]}},{"type":"Feature","properties":{"h":3.0,"on_route":false},"geometry":{"type":"Polygon","coordinates":[[[6.942366,4.893797],[6.942386,4.893858],[6.942339,4.893874],[6.942318,4.893812],[6.942366,4.893797]]]}},{"type":"Feature","properties":{"h":3.0,"on_route":false},"geometry":{"type":"Polygon","coordinates":[[[6.941282,4.887845],[6.941267,4.887954],[6.941204,4.887945],[6.941219,4.887836],[6.941282,4.887845]]]}},{"type":"Feature","properties":{"h":3.0,"on_route":false},"geometry":{"type":"Polygon","coordinates":[[[6.946057,4.892262],[6.946033,4.89249],[6.945969,4.892483],[6.945974,4.89243],[6.945937,4.892426],[6.945955,4.892251],[6.946057,4.892262]]]}},{"type":"Feature","properties":{"h":3.0,"on_route":false},"geometry":{"type":"Polygon","coordinates":[[[6.940987,4.890888],[6.940918,4.890932],[6.940843,4.890817],[6.940911,4.890772],[6.940987,4.890888]]]}},{"type":"Feature","properties":{"h":3.0,"on_route":false},"geometry":{"type":"Polygon","coordinates":[[[6.942072,4.886836],[6.94196,4.886882],[6.941915,4.886775],[6.942027,4.886728],[6.942072,4.886836]]]}},{"type":"Feature","properties":{"h":3.0,"on_route":false},"geometry":{"type":"Polygon","coordinates":[[[6.942981,4.893527],[6.94282,4.893572],[6.942808,4.893532],[6.942969,4.893486],[6.942981,4.893527]]]}},{"type":"Feature","properties":{"h":3.0,"on_route":false},"geometry":{"type":"Polygon","coordinates":[[[6.940131,4.890308],[6.940035,4.890344],[6.939994,4.890237],[6.94009,4.890201],[6.940131,4.890308]]]}},{"type":"Feature","properties":{"h":3.0,"on_route":false},"geometry":{"type":"Polygon","coordinates":[[[6.943525,4.888257],[6.943519,4.888315],[6.94347,4.88831],[6.943476,4.888252],[6.943525,4.888257]]]}},{"type":"Feature","properties":{"h":3.0,"on_route":false},"geometry":{"type":"Polygon","coordinates":[[[6.944367,4.886829],[6.944341,4.886935],[6.944284,4.886921],[6.944309,4.886815],[6.944367,4.886829]]]}},{"type":"Feature","properties":{"h":3.0,"on_route":false},"geometry":{"type":"Polygon","coordinates":[[[6.941547,4.887271],[6.941478,4.887284],[6.941448,4.887111],[6.941517,4.887098],[6.941547,4.887271]]]}},{"type":"Feature","properties":{"h":3.0,"on_route":false},"geometry":{"type":"Polygon","coordinates":[[[6.943847,4.888978],[6.943843,4.889081],[6.943754,4.889077],[6.943758,4.888975],[6.943847,4.888978]]]}},{"type":"Feature","properties":{"h":3.0,"on_route":false},"geometry":{"type":"Polygon","coordinates":[[[6.942583,4.88766],[6.942582,4.887782],[6.942481,4.887781],[6.942481,4.887751],[6.942463,4.88775],[6.942463,4.88769],[6.942482,4.88769],[6.942482,4.887659],[6.942583,4.88766]]]}},{"type":"Feature","properties":{"h":3.0,"on_route":false},"geometry":{"type":"Polygon","coordinates":[[[6.941734,4.887666],[6.941719,4.887794],[6.941632,4.887784],[6.941646,4.887657],[6.941734,4.887666]]]}},{"type":"Feature","properties":{"h":3.0,"on_route":false},"geometry":{"type":"Polygon","coordinates":[[[6.946494,4.8914],[6.946494,4.891369],[6.94656,4.89137],[6.94656,4.891401],[6.946603,4.891402],[6.946601,4.891513],[6.946463,4.891511],[6.946465,4.8914],[6.946494,4.8914]]]}},{"type":"Feature","properties":{"h":3.0,"on_route":false},"geometry":{"type":"Polygon","coordinates":[[[6.945793,4.886831],[6.945756,4.886918],[6.945652,4.886874],[6.945688,4.886787],[6.945793,4.886831]]]}},{"type":"Feature","properties":{"h":3.0,"on_route":false},"geometry":{"type":"Polygon","coordinates":[[[6.941832,4.888031],[6.941835,4.88808],[6.941887,4.888077],[6.941891,4.888131],[6.941773,4.88814],[6.941766,4.888036],[6.941832,4.888031]]]}},{"type":"Feature","properties":{"h":3.0,"on_route":false},"geometry":{"type":"Polygon","coordinates":[[[6.940304,4.890658],[6.940242,4.890663],[6.940228,4.890489],[6.940291,4.890484],[6.940304,4.890658]]]}},{"type":"Feature","properties":{"h":3.0,"on_route":false},"geometry":{"type":"Polygon","coordinates":[[[6.941587,4.891193],[6.941567,4.891195],[6.941571,4.891226],[6.941513,4.891233],[6.9415,4.891127],[6.941578,4.891118],[6.941587,4.891193]]]}},{"type":"Feature","properties":{"h":3.0,"on_route":false},"geometry":{"type":"Polygon","coordinates":[[[6.943578,4.890986],[6.943606,4.890981],[6.943615,4.891029],[6.943587,4.891034],[6.943596,4.891084],[6.943491,4.891103],[6.943466,4.890964],[6.94357,4.890945],[6.943578,4.890986]]]}},{"type":"Feature","properties":{"h":3.0,"on_route":false},"geometry":{"type":"Polygon","coordinates":[[[6.940173,4.88967],[6.940182,4.889787],[6.940055,4.889795],[6.940047,4.889679],[6.940173,4.88967]]]}},{"type":"Feature","properties":{"h":3.0,"on_route":false},"geometry":{"type":"Polygon","coordinates":[[[6.94451,4.894051],[6.944399,4.894068],[6.944375,4.893905],[6.944486,4.893888],[6.94451,4.894051]]]}},{"type":"Feature","properties":{"h":3.0,"on_route":false},"geometry":{"type":"Polygon","coordinates":[[[6.939919,4.890697],[6.939732,4.890726],[6.939751,4.890845],[6.939673,4.890857],[6.939665,4.890809],[6.939639,4.890813],[6.93962,4.890687],[6.939911,4.890642],[6.939919,4.890697]]]}},{"type":"Feature","properties":{"h":3.0,"on_route":false},"geometry":{"type":"Polygon","coordinates":[[[6.941517,4.89251],[6.941612,4.892673],[6.94158,4.892692],[6.941596,4.892719],[6.94158,4.892728],[6.941564,4.892702],[6.941528,4.892723],[6.941432,4.89256],[6.941517,4.89251]]]}},{"type":"Feature","properties":{"h":3.0,"on_route":false},"geometry":{"type":"Polygon","coordinates":[[[6.946621,4.893327],[6.946542,4.893332],[6.946539,4.893289],[6.946496,4.893291],[6.946489,4.893181],[6.946612,4.893174],[6.946621,4.893327]]]}},{"type":"Feature","properties":{"h":3.0,"on_route":false},"geometry":{"type":"Polygon","coordinates":[[[6.944187,4.889848],[6.944104,4.889854],[6.944097,4.889767],[6.944181,4.889761],[6.944187,4.889848]]]}},{"type":"Feature","properties":{"h":3.0,"on_route":false},"geometry":{"type":"Polygon","coordinates":[[[6.94238,4.888119],[6.94237,4.888294],[6.942311,4.88829],[6.942321,4.888116],[6.94238,4.888119]]]}},{"type":"Feature","properties":{"h":3.0,"on_route":false},"geometry":{"type":"Polygon","coordinates":[[[6.941981,4.887785],[6.941974,4.887842],[6.941904,4.887834],[6.941911,4.887777],[6.941981,4.887785]]]}},{"type":"Feature","properties":{"h":3.0,"on_route":false},"geometry":{"type":"Polygon","coordinates":[[[6.944386,4.89166],[6.944407,4.891789],[6.944327,4.891802],[6.944306,4.891673],[6.944386,4.89166]]]}},{"type":"Feature","properties":{"h":3.0,"on_route":false},"geometry":{"type":"Polygon","coordinates":[[[6.942227,4.89349],[6.942101,4.893549],[6.942075,4.893494],[6.942201,4.893435],[6.942227,4.89349]]]}},{"type":"Feature","properties":{"h":3.0,"on_route":false},"geometry":{"type":"Polygon","coordinates":[[[6.943211,4.892166],[6.943103,4.892233],[6.94305,4.892147],[6.943158,4.89208],[6.943211,4.892166]]]}},{"type":"Feature","properties":{"h":3.0,"on_route":false},"geometry":{"type":"Polygon","coordinates":[[[6.941203,4.888527],[6.941202,4.888569],[6.941115,4.888566],[6.941116,4.888524],[6.941203,4.888527]]]}},{"type":"Feature","properties":{"h":3.0,"on_route":false},"geometry":{"type":"Polygon","coordinates":[[[6.942452,4.890174],[6.942487,4.890359],[6.942414,4.890373],[6.942403,4.890318],[6.942404,4.890317],[6.94238,4.890188],[6.942452,4.890174]]]}},{"type":"Feature","properties":{"h":3.0,"on_route":false},"geometry":{"type":"Polygon","coordinates":[[[6.946031,4.890887],[6.946032,4.890904],[6.946062,4.890902],[6.946068,4.890974],[6.945983,4.890981],[6.945976,4.890891],[6.946031,4.890887]]]}},{"type":"Feature","properties":{"h":3.0,"on_route":false},"geometry":{"type":"Polygon","coordinates":[[[6.944539,4.891762],[6.944482,4.891773],[6.944468,4.891695],[6.944525,4.891685],[6.944539,4.891762]]]}},{"type":"Feature","properties":{"h":3.0,"on_route":true},"geometry":{"type":"Polygon","coordinates":[[[6.94506,4.893913],[6.944995,4.893918],[6.944984,4.89376],[6.945049,4.893755],[6.94506,4.893913]]]}},{"type":"Feature","properties":{"h":3.0,"on_route":false},"geometry":{"type":"Polygon","coordinates":[[[6.9427,4.893507],[6.942401,4.893578],[6.942386,4.893512],[6.94242,4.893504],[6.942412,4.893469],[6.942462,4.893457],[6.94247,4.893492],[6.942685,4.893441],[6.9427,4.893507]]]}},{"type":"Feature","properties":{"h":3.0,"on_route":false},"geometry":{"type":"Polygon","coordinates":[[[6.942482,4.886798],[6.942362,4.886833],[6.94234,4.886756],[6.94246,4.886722],[6.942482,4.886798]]]}},{"type":"Feature","properties":{"h":3.0,"on_route":false},"geometry":{"type":"Polygon","coordinates":[[[6.941155,4.889001],[6.941081,4.889007],[6.941077,4.888961],[6.941151,4.888955],[6.941155,4.889001]]]}},{"type":"Feature","properties":{"h":3.0,"on_route":false},"geometry":{"type":"Polygon","coordinates":[[[6.940681,4.889974],[6.94076,4.890155],[6.940699,4.890181],[6.940621,4.890001],[6.940681,4.889974]]]}},{"type":"Feature","properties":{"h":3.0,"on_route":false},"geometry":{"type":"Polygon","coordinates":[[[6.945965,4.892453],[6.945962,4.89249],[6.945917,4.892486],[6.945921,4.892449],[6.945965,4.892453]]]}},{"type":"Feature","properties":{"h":3.0,"on_route":false},"geometry":{"type":"Polygon","coordinates":[[[6.940895,4.890662],[6.940782,4.890725],[6.940727,4.890623],[6.940839,4.890561],[6.940895,4.890662]]]}},{"type":"Feature","properties":{"h":3.0,"on_route":false},"geometry":{"type":"Polygon","coordinates":[[[6.943157,4.889699],[6.943099,4.889712],[6.943075,4.889601],[6.943133,4.889589],[6.943157,4.889699]]]}},{"type":"Feature","properties":{"h":3.0,"on_route":false},"geometry":{"type":"Polygon","coordinates":[[[6.941692,4.893118],[6.941613,4.893161],[6.941551,4.893047],[6.94163,4.893004],[6.941692,4.893118]]]}},{"type":"Feature","properties":{"h":3.0,"on_route":false},"geometry":{"type":"Polygon","coordinates":[[[6.941036,4.889206],[6.941,4.889209],[6.940997,4.889174],[6.941033,4.889171],[6.941036,4.889206]]]}},{"type":"Feature","properties":{"h":3.0,"on_route":false},"geometry":{"type":"Polygon","coordinates":[[[6.944073,4.891325],[6.943996,4.891346],[6.943975,4.891269],[6.944052,4.891248],[6.944073,4.891325]]]}},{"type":"Feature","properties":{"h":3.0,"on_route":false},"geometry":{"type":"Polygon","coordinates":[[[6.941289,4.88704],[6.941297,4.887083],[6.941319,4.887079],[6.941328,4.887132],[6.94124,4.887147],[6.941224,4.887051],[6.941289,4.88704]]]}},{"type":"Feature","properties":{"h":3.0,"on_route":false},"geometry":{"type":"Polygon","coordinates":[[[6.943253,4.890641],[6.943292,4.890785],[6.943227,4.890802],[6.943221,4.890779],[6.943188,4.890788],[6.943156,4.890667],[6.943253,4.890641]]]}},{"type":"Feature","properties":{"h":3.0,"on_route":false},"geometry":{"type":"Polygon","coordinates":[[[6.943918,4.891213],[6.943747,4.891261],[6.943729,4.891196],[6.943901,4.891148],[6.943918,4.891213]]]}},{"type":"Feature","properties":{"h":3.0,"on_route":false},"geometry":{"type":"Polygon","coordinates":[[[6.94444,4.891345],[6.944361,4.891359],[6.944335,4.891207],[6.944414,4.891193],[6.94444,4.891345]]]}},{"type":"Feature","properties":{"h":3.0,"on_route":false},"geometry":{"type":"Polygon","coordinates":[[[6.942931,4.894044],[6.942957,4.894113],[6.942903,4.894133],[6.942877,4.894064],[6.942931,4.894044]]]}},{"type":"Feature","properties":{"h":3.0,"on_route":false},"geometry":{"type":"Polygon","coordinates":[[[6.940951,4.891643],[6.940831,4.89171],[6.940813,4.891677],[6.940822,4.891672],[6.9408,4.891633],[6.940911,4.891571],[6.940951,4.891643]]]}},{"type":"Feature","properties":{"h":3.0,"on_route":false},"geometry":{"type":"Polygon","coordinates":[[[6.943214,4.887088],[6.943212,4.887135],[6.943187,4.887134],[6.943184,4.887211],[6.943062,4.887207],[6.943067,4.887082],[6.943214,4.887088]]]}},{"type":"Feature","properties":{"h":3.0,"on_route":false},"geometry":{"type":"Polygon","coordinates":[[[6.940487,4.888604],[6.940397,4.888727],[6.940361,4.8887],[6.940451,4.888577],[6.940487,4.888604]]]}},{"type":"Feature","properties":{"h":3.0,"on_route":false},"geometry":{"type":"Polygon","coordinates":[[[6.94091,4.890412],[6.940862,4.890439],[6.940797,4.890321],[6.940845,4.890294],[6.94091,4.890412]]]}},{"type":"Feature","properties":{"h":3.0,"on_route":true},"geometry":{"type":"Polygon","coordinates":[[[6.945252,4.892156],[6.945257,4.892067],[6.945511,4.892084],[6.945505,4.892173],[6.945252,4.892156]]]}},{"type":"Feature","properties":{"h":3.0,"on_route":false},"geometry":{"type":"Polygon","coordinates":[[[6.945935,4.89001],[6.945947,4.890183],[6.945875,4.890188],[6.945863,4.890015],[6.945935,4.89001]]]}},{"type":"Feature","properties":{"h":3.0,"on_route":false},"geometry":{"type":"Polygon","coordinates":[[[6.946161,4.892869],[6.94616,4.892982],[6.946058,4.892981],[6.946058,4.892868],[6.946161,4.892869]]]}},{"type":"Feature","properties":{"h":3.0,"on_route":false},"geometry":{"type":"Polygon","coordinates":[[[6.942459,4.8869],[6.94236,4.886916],[6.942347,4.886837],[6.942446,4.886821],[6.942459,4.8869]]]}},{"type":"Feature","properties":{"h":3.0,"on_route":false},"geometry":{"type":"Polygon","coordinates":[[[6.94632,4.890515],[6.946277,4.890526],[6.946267,4.890484],[6.94631,4.890474],[6.94632,4.890515]]]}},{"type":"Feature","properties":{"h":3.0,"on_route":false},"geometry":{"type":"Polygon","coordinates":[[[6.940179,4.891917],[6.940069,4.891955],[6.940054,4.89191],[6.940164,4.891872],[6.940179,4.891917]]]}},{"type":"Feature","properties":{"h":3.0,"on_route":false},"geometry":{"type":"Polygon","coordinates":[[[6.942928,4.890256],[6.942819,4.890283],[6.942793,4.890174],[6.942902,4.890147],[6.942928,4.890256]]]}},{"type":"Feature","properties":{"h":3.0,"on_route":false},"geometry":{"type":"Polygon","coordinates":[[[6.943584,4.889512],[6.94359,4.889603],[6.943511,4.889608],[6.943505,4.889517],[6.943584,4.889512]]]}},{"type":"Feature","properties":{"h":3.0,"on_route":false},"geometry":{"type":"Polygon","coordinates":[[[6.94386,4.887578],[6.943843,4.887775],[6.943784,4.88777],[6.943801,4.887573],[6.94386,4.887578]]]}},{"type":"Feature","properties":{"h":3.0,"on_route":false},"geometry":{"type":"Polygon","coordinates":[[[6.940867,4.889138],[6.940866,4.889191],[6.940723,4.889188],[6.940724,4.889135],[6.940867,4.889138]]]}},{"type":"Feature","properties":{"h":3.0,"on_route":false},"geometry":{"type":"Polygon","coordinates":[[[6.94438,4.894074],[6.944282,4.894085],[6.944259,4.893881],[6.944358,4.89387],[6.94438,4.894074]]]}},{"type":"Feature","properties":{"h":3.0,"on_route":false},"geometry":{"type":"Polygon","coordinates":[[[6.942067,4.892447],[6.942007,4.892478],[6.941929,4.892326],[6.941989,4.892295],[6.942067,4.892447]]]}},{"type":"Feature","properties":{"h":3.0,"on_route":false},"geometry":{"type":"Polygon","coordinates":[[[6.941043,4.890653],[6.940971,4.890685],[6.940918,4.890564],[6.94099,4.890532],[6.941043,4.890653]]]}},{"type":"Feature","properties":{"h":3.0,"on_route":false},"geometry":{"type":"Polygon","coordinates":[[[6.946216,4.891326],[6.946232,4.891503],[6.946136,4.891512],[6.94612,4.891335],[6.946216,4.891326]]]}},{"type":"Feature","properties":{"h":3.0,"on_route":false},"geometry":{"type":"Polygon","coordinates":[[[6.940955,4.888991],[6.940959,4.889045],[6.940875,4.889051],[6.940871,4.888997],[6.940955,4.888991]]]}},{"type":"Feature","properties":{"h":3.0,"on_route":false},"geometry":{"type":"Polygon","coordinates":[[[6.943132,4.88599],[6.943164,4.886133],[6.943113,4.886145],[6.943081,4.886001],[6.943132,4.88599]]]}},{"type":"Feature","properties":{"h":3.0,"on_route":false},"geometry":{"type":"Polygon","coordinates":[[[6.942026,4.890821],[6.941894,4.890836],[6.941882,4.890732],[6.942014,4.890716],[6.942026,4.890821]]]}},{"type":"Feature","properties":{"h":3.0,"on_route":false},"geometry":{"type":"Polygon","coordinates":[[[6.943401,4.888668],[6.943362,4.888796],[6.943266,4.888767],[6.943288,4.888697],[6.943268,4.888691],[6.943286,4.888632],[6.943401,4.888668]]]}},{"type":"Feature","properties":{"h":3.0,"on_route":false},"geometry":{"type":"Polygon","coordinates":[[[6.945582,4.89149],[6.945578,4.891677],[6.945457,4.891674],[6.945462,4.891487],[6.945582,4.89149]]]}},{"type":"Feature","properties":{"h":3.0,"on_route":false},"geometry":{"type":"Polygon","coordinates":[[[6.94366,4.889411],[6.943661,4.889465],[6.943595,4.889467],[6.943593,4.889413],[6.94366,4.889411]]]}},{"type":"Feature","properties":{"h":3.0,"on_route":true},"geometry":{"type":"Polygon","coordinates":[[[6.945205,4.892708],[6.945204,4.892749],[6.945174,4.892748],[6.945175,4.892707],[6.945205,4.892708]]]}},{"type":"Feature","properties":{"h":3.0,"on_route":false},"geometry":{"type":"Polygon","coordinates":[[[6.941,4.888402],[6.940958,4.888563],[6.94091,4.888551],[6.940914,4.888533],[6.940848,4.888516],[6.940885,4.888372],[6.941,4.888402]]]}},{"type":"Feature","properties":{"h":3.0,"on_route":false},"geometry":{"type":"Polygon","coordinates":[[[6.942426,4.891321],[6.942305,4.891358],[6.942279,4.891273],[6.942401,4.891237],[6.942426,4.891321]]]}},{"type":"Feature","properties":{"h":3.0,"on_route":false},"geometry":{"type":"Polygon","coordinates":[[[6.943791,4.887687],[6.943742,4.887683],[6.943749,4.887599],[6.943798,4.887603],[6.943791,4.887687]]]}},{"type":"Feature","properties":{"h":3.0,"on_route":false},"geometry":{"type":"Polygon","coordinates":[[[6.94313,4.888381],[6.943143,4.888326],[6.94324,4.888349],[6.943227,4.888403],[6.94313,4.888381]]]}},{"type":"Feature","properties":{"h":3.0,"on_route":false},"geometry":{"type":"Polygon","coordinates":[[[6.942591,4.893273],[6.942538,4.893284],[6.942517,4.893183],[6.94257,4.893172],[6.942591,4.893273]]]}},{"type":"Feature","properties":{"h":3.0,"on_route":false},"geometry":{"type":"Polygon","coordinates":[[[6.943693,4.889306],[6.943687,4.88941],[6.943566,4.889403],[6.943571,4.889299],[6.943693,4.889306]]]}},{"type":"Feature","properties":{"h":3.0,"on_route":false},"geometry":{"type":"Polygon","coordinates":[[[6.941582,4.886736],[6.941605,4.886879],[6.941553,4.886887],[6.94153,4.886745],[6.941582,4.886736]]]}},{"type":"Feature","properties":{"h":3.0,"on_route":false},"geometry":{"type":"Polygon","coordinates":[[[6.941757,4.887332],[6.941606,4.887359],[6.941577,4.88719],[6.94164,4.887179],[6.941653,4.887253],[6.94168,4.887248],[6.94165,4.887075],[6.941711,4.887065],[6.941757,4.887332]]]}},{"type":"Feature","properties":{"h":3.0,"on_route":false},"geometry":{"type":"Polygon","coordinates":[[[6.942364,4.887021],[6.942248,4.887052],[6.942218,4.886936],[6.942333,4.886905],[6.942364,4.887021]]]}},{"type":"Feature","properties":{"h":3.0,"on_route":false},"geometry":{"type":"Polygon","coordinates":[[[6.943473,4.892862],[6.94323,4.892936],[6.943209,4.892867],[6.943452,4.892793],[6.943473,4.892862]]]}},{"type":"Feature","properties":{"h":3.0,"on_route":false},"geometry":{"type":"Polygon","coordinates":[[[6.943196,4.888073],[6.943188,4.888176],[6.943076,4.888167],[6.943084,4.888065],[6.943196,4.888073]]]}},{"type":"Feature","properties":{"h":3.0,"on_route":false},"geometry":{"type":"Polygon","coordinates":[[[6.943806,4.891717],[6.943751,4.891734],[6.943684,4.891516],[6.943739,4.891499],[6.943806,4.891717]]]}},{"type":"Feature","properties":{"h":3.0,"on_route":false},"geometry":{"type":"Polygon","coordinates":[[[6.940058,4.89158],[6.939909,4.891629],[6.939896,4.891587],[6.939958,4.891567],[6.939943,4.891523],[6.94003,4.891494],[6.940058,4.89158]]]}},{"type":"Feature","properties":{"h":3.0,"on_route":false},"geometry":{"type":"Polygon","coordinates":[[[6.941397,4.889366],[6.941231,4.889417],[6.941212,4.889358],[6.941378,4.889306],[6.941397,4.889366]]]}},{"type":"Feature","properties":{"h":3.0,"on_route":false},"geometry":{"type":"Polygon","coordinates":[[[6.943172,4.8902],[6.943199,4.890295],[6.943218,4.89029],[6.943236,4.890351],[6.94317,4.89037],[6.943125,4.890214],[6.943172,4.8902]]]}},{"type":"Feature","properties":{"h":3.0,"on_route":false},"geometry":{"type":"Polygon","coordinates":[[[6.942605,4.890221],[6.942562,4.890229],[6.942567,4.890254],[6.942525,4.890262],[6.942511,4.890188],[6.942596,4.890172],[6.942605,4.890221]]]}},{"type":"Feature","properties":{"h":3.0,"on_route":false},"geometry":{"type":"Polygon","coordinates":[[[6.944857,4.893317],[6.94474,4.893328],[6.944734,4.893259],[6.944761,4.893257],[6.944759,4.893235],[6.944732,4.893237],[6.944728,4.893195],[6.944845,4.893184],[6.944857,4.893317]]]}},{"type":"Feature","properties":{"h":3.0,"on_route":false},"geometry":{"type":"Polygon","coordinates":[[[6.940602,4.890997],[6.940532,4.891019],[6.940506,4.890934],[6.940575,4.890912],[6.940602,4.890997]]]}},{"type":"Feature","properties":{"h":3.0,"on_route":false},"geometry":{"type":"Polygon","coordinates":[[[6.941872,4.890346],[6.941879,4.890391],[6.941843,4.890397],[6.941835,4.890351],[6.941872,4.890346]]]}},{"type":"Feature","properties":{"h":3.0,"on_route":false},"geometry":{"type":"Polygon","coordinates":[[[6.942184,4.892679],[6.942149,4.892686],[6.942144,4.892659],[6.942178,4.892651],[6.942184,4.892679]]]}},{"type":"Feature","properties":{"h":3.0,"on_route":false},"geometry":{"type":"Polygon","coordinates":[[[6.945445,4.889147],[6.94538,4.889152],[6.945376,4.889106],[6.945441,4.889101],[6.945445,4.889147]]]}},{"type":"Feature","properties":{"h":3.0,"on_route":false},"geometry":{"type":"Polygon","coordinates":[[[6.940481,4.891454],[6.940376,4.891491],[6.940301,4.891275],[6.940406,4.891238],[6.940481,4.891454]]]}},{"type":"Feature","properties":{"h":3.0,"on_route":false},"geometry":{"type":"Polygon","coordinates":[[[6.941028,4.890114],[6.940974,4.890126],[6.94096,4.890058],[6.941015,4.890047],[6.941028,4.890114]]]}},{"type":"Feature","properties":{"h":3.0,"on_route":false},"geometry":{"type":"Polygon","coordinates":[[[6.941133,4.888189],[6.94112,4.888236],[6.941071,4.888222],[6.941084,4.888176],[6.941133,4.888189]]]}},{"type":"Feature","properties":{"h":3.0,"on_route":false},"geometry":{"type":"Polygon","coordinates":[[[6.945013,4.887314],[6.944998,4.887369],[6.944791,4.887311],[6.944806,4.887257],[6.945013,4.887314]]]}},{"type":"Feature","properties":{"h":3.0,"on_route":false},"geometry":{"type":"Polygon","coordinates":[[[6.940079,4.891299],[6.940005,4.891322],[6.939986,4.891261],[6.940042,4.891243],[6.940051,4.891273],[6.940069,4.891268],[6.940079,4.891299]]]}},{"type":"Feature","properties":{"h":3.0,"on_route":false},"geometry":{"type":"Polygon","coordinates":[[[6.941488,4.891325],[6.941315,4.89137],[6.9413,4.891314],[6.941473,4.891269],[6.941488,4.891325]]]}},{"type":"Feature","properties":{"h":3.0,"on_route":false},"geometry":{"type":"Polygon","coordinates":[[[6.942987,4.887763],[6.942985,4.88773],[6.943202,4.887719],[6.943206,4.887792],[6.943027,4.887801],[6.943028,4.887818],[6.942969,4.887821],[6.942966,4.887764],[6.942987,4.887763]]]}},{"type":"Feature","properties":{"h":3.0,"on_route":false},"geometry":{"type":"Polygon","coordinates":[[[6.943007,4.894249],[6.9429,4.894289],[6.942877,4.894227],[6.942984,4.894186],[6.943007,4.894249]]]}},{"type":"Feature","properties":{"h":3.0,"on_route":false},"geometry":{"type":"Polygon","coordinates":[[[6.944195,4.893165],[6.944093,4.893191],[6.944069,4.893096],[6.944171,4.89307],[6.944195,4.893165]]]}},{"type":"Feature","properties":{"h":3.0,"on_route":false},"geometry":{"type":"Polygon","coordinates":[[[6.942372,4.890092],[6.94223,4.890123],[6.942215,4.890053],[6.942299,4.890034],[6.94225,4.889813],[6.942308,4.8898],[6.942372,4.890092]]]}},{"type":"Feature","properties":{"h":3.0,"on_route":false},"geometry":{"type":"Polygon","coordinates":[[[6.941329,4.892391],[6.941324,4.892448],[6.941292,4.892445],[6.941297,4.892388],[6.941329,4.892391]]]}},{"type":"Feature","properties":{"h":3.0,"on_route":true},"geometry":{"type":"Polygon","coordinates":[[[6.945309,4.89157],[6.945318,4.891671],[6.945245,4.891677],[6.945237,4.891576],[6.945309,4.89157]]]}},{"type":"Feature","properties":{"h":3.0,"on_route":false},"geometry":{"type":"Polygon","coordinates":[[[6.94387,4.889301],[6.943858,4.889454],[6.943791,4.889448],[6.943802,4.889296],[6.94387,4.889301]]]}},{"type":"Feature","properties":{"h":3.0,"on_route":false},"geometry":{"type":"Polygon","coordinates":[[[6.942705,4.888083],[6.942701,4.888172],[6.9426,4.888168],[6.942604,4.888078],[6.942705,4.888083]]]}},{"type":"Feature","properties":{"h":3.0,"on_route":false},"geometry":{"type":"Polygon","coordinates":[[[6.943636,4.886511],[6.943643,4.886634],[6.943581,4.886638],[6.943574,4.886515],[6.943636,4.886511]]]}},{"type":"Feature","properties":{"h":3.0,"on_route":false},"geometry":{"type":"Polygon","coordinates":[[[6.941756,4.890378],[6.941761,4.89041],[6.941721,4.890417],[6.941715,4.890384],[6.941756,4.890378]]]}},{"type":"Feature","properties":{"h":3.0,"on_route":false},"geometry":{"type":"Polygon","coordinates":[[[6.941195,4.887958],[6.941195,4.887981],[6.941164,4.88798],[6.941164,4.887958],[6.941195,4.887958]]]}},{"type":"Feature","properties":{"h":3.0,"on_route":false},"geometry":{"type":"Polygon","coordinates":[[[6.941616,4.893297],[6.941578,4.893321],[6.941533,4.89325],[6.941571,4.893226],[6.941616,4.893297]]]}},{"type":"Feature","properties":{"h":3.0,"on_route":false},"geometry":{"type":"Polygon","coordinates":[[[6.940866,4.89269],[6.94076,4.892746],[6.940732,4.892694],[6.940839,4.892638],[6.940866,4.89269]]]}},{"type":"Feature","properties":{"h":3.0,"on_route":false},"geometry":{"type":"Polygon","coordinates":[[[6.945104,4.888821],[6.945119,4.888928],[6.945019,4.888943],[6.945004,4.888836],[6.945104,4.888821]]]}},{"type":"Feature","properties":{"h":3.0,"on_route":false},"geometry":{"type":"Polygon","coordinates":[[[6.941702,4.887545],[6.941689,4.887645],[6.941638,4.887639],[6.941651,4.887538],[6.941702,4.887545]]]}},{"type":"Feature","properties":{"h":3.0,"on_route":false},"geometry":{"type":"Polygon","coordinates":[[[6.942325,4.88668],[6.94226,4.886706],[6.942246,4.88667],[6.942311,4.886644],[6.942325,4.88668]]]}},{"type":"Feature","properties":{"h":3.0,"on_route":false},"geometry":{"type":"Polygon","coordinates":[[[6.945491,4.889513],[6.945407,4.88952],[6.9454,4.889436],[6.945484,4.889429],[6.945491,4.889513]]]}},{"type":"Feature","properties":{"h":3.0,"on_route":false},"geometry":{"type":"Polygon","coordinates":[[[6.944517,4.886604],[6.944496,4.886664],[6.944233,4.886571],[6.944255,4.88651],[6.944517,4.886604]]]}},{"type":"Feature","properties":{"h":3.0,"on_route":false},"geometry":{"type":"Polygon","coordinates":[[[6.945144,4.889407],[6.945161,4.88956],[6.945109,4.889566],[6.945091,4.889413],[6.945144,4.889407]]]}},{"type":"Feature","properties":{"h":3.0,"on_route":false},"geometry":{"type":"Polygon","coordinates":[[[6.941988,4.887719],[6.941981,4.887785],[6.941911,4.887777],[6.941918,4.887711],[6.941988,4.887719]]]}},{"type":"Feature","properties":{"h":3.0,"on_route":false},"geometry":{"type":"Polygon","coordinates":[[[6.941838,4.890707],[6.941854,4.890805],[6.941798,4.890814],[6.941793,4.89078],[6.941781,4.890782],[6.941776,4.890752],[6.941788,4.89075],[6.941782,4.890716],[6.941838,4.890707]]]}},{"type":"Feature","properties":{"h":3.0,"on_route":false},"geometry":{"type":"Polygon","coordinates":[[[6.94503,4.889103],[6.944795,4.889142],[6.944784,4.889079],[6.94502,4.88904],[6.94503,4.889103]]]}},{"type":"Feature","properties":{"h":3.0,"on_route":false},"geometry":{"type":"Polygon","coordinates":[[[6.943313,4.889781],[6.94331,4.890046],[6.94324,4.890045],[6.943242,4.889851],[6.943247,4.889851],[6.943247,4.889781],[6.943313,4.889781]]]}},{"type":"Feature","properties":{"h":3.0,"on_route":false},"geometry":{"type":"Polygon","coordinates":[[[6.945478,4.889363],[6.945484,4.889429],[6.9454,4.889436],[6.945394,4.88937],[6.945478,4.889363]]]}},{"type":"Feature","properties":{"h":3.0,"on_route":false},"geometry":{"type":"Polygon","coordinates":[[[6.944073,4.887347],[6.944043,4.88744],[6.943926,4.887403],[6.943956,4.88731],[6.944073,4.887347]]]}},{"type":"Feature","properties":{"h":3.0,"on_route":false},"geometry":{"type":"Polygon","coordinates":[[[6.946323,4.890878],[6.946444,4.890862],[6.94646,4.890985],[6.94634,4.891001],[6.946323,4.890878]]]}},{"type":"Feature","properties":{"h":3.0,"on_route":false},"geometry":{"type":"Polygon","coordinates":[[[6.942841,4.88939],[6.942881,4.889494],[6.942815,4.889519],[6.942775,4.889415],[6.942841,4.88939]]]}},{"type":"Feature","properties":{"h":3.0,"on_route":false},"geometry":{"type":"Polygon","coordinates":[[[6.944448,4.893101],[6.944195,4.893165],[6.944179,4.893102],[6.944433,4.893038],[6.944448,4.893101]]]}},{"type":"Feature","properties":{"h":3.0,"on_route":false},"geometry":{"type":"Polygon","coordinates":[[[6.945003,4.888407],[6.944939,4.888417],[6.944929,4.888355],[6.944994,4.888345],[6.945003,4.888407]]]}},{"type":"Feature","properties":{"h":3.0,"on_route":false},"geometry":{"type":"Polygon","coordinates":[[[6.946925,4.892157],[6.94687,4.892163],[6.946855,4.892018],[6.94691,4.892013],[6.946925,4.892157]]]}},{"type":"Feature","properties":{"h":3.0,"on_route":true},"geometry":{"type":"Polygon","coordinates":[[[6.944728,4.890336],[6.944717,4.890435],[6.944243,4.89038],[6.944254,4.890281],[6.944728,4.890336]]]}},{"type":"Feature","properties":{"h":3.0,"on_route":false},"geometry":{"type":"Polygon","coordinates":[[[6.940726,4.890789],[6.940632,4.890827],[6.940603,4.890758],[6.940697,4.890719],[6.940726,4.890789]]]}},{"type":"Feature","properties":{"h":3.0,"on_route":true},"geometry":{"type":"Polygon","coordinates":[[[6.945076,4.891044],[6.945012,4.89107],[6.944949,4.890913],[6.945013,4.890887],[6.945076,4.891044]]]}},{"type":"Feature","properties":{"h":3.0,"on_route":false},"geometry":{"type":"Polygon","coordinates":[[[6.943881,4.888114],[6.943876,4.888169],[6.943902,4.888172],[6.943906,4.888116],[6.943977,4.888122],[6.943965,4.888268],[6.943802,4.888255],[6.943814,4.888108],[6.943881,4.888114]]]}},{"type":"Feature","properties":{"h":3.0,"on_route":false},"geometry":{"type":"Polygon","coordinates":[[[6.945534,4.893919],[6.945541,4.894091],[6.945486,4.894094],[6.945479,4.893921],[6.945534,4.893919]]]}},{"type":"Feature","properties":{"h":3.0,"on_route":false},"geometry":{"type":"Polygon","coordinates":[[[6.943515,4.889023],[6.943513,4.889057],[6.943481,4.889055],[6.943484,4.889021],[6.943515,4.889023]]]}},{"type":"Feature","properties":{"h":3.0,"on_route":false},"geometry":{"type":"Polygon","coordinates":[[[6.941851,4.889357],[6.941848,4.889404],[6.94181,4.889402],[6.941806,4.889475],[6.941748,4.889472],[6.941754,4.889352],[6.941851,4.889357]]]}},{"type":"Feature","properties":{"h":3.0,"on_route":false},"geometry":{"type":"Polygon","coordinates":[[[6.946534,4.891953],[6.946561,4.892155],[6.946503,4.892163],[6.946477,4.891961],[6.946534,4.891953]]]}},{"type":"Feature","properties":{"h":3.0,"on_route":false},"geometry":{"type":"Polygon","coordinates":[[[6.9427,4.887919],[6.942697,4.888063],[6.942587,4.88806],[6.94259,4.887916],[6.9427,4.887919]]]}},{"type":"Feature","properties":{"h":3.0,"on_route":false},"geometry":{"type":"Polygon","coordinates":[[[6.940037,4.889669],[6.939829,4.889688],[6.939824,4.889631],[6.940031,4.889612],[6.940037,4.889669]]]}},{"type":"Feature","properties":{"h":3.0,"on_route":false},"geometry":{"type":"Polygon","coordinates":[[[6.943988,4.891106],[6.943912,4.89112],[6.943889,4.890994],[6.943965,4.89098],[6.943988,4.891106]]]}},{"type":"Feature","properties":{"h":3.0,"on_route":false},"geometry":{"type":"Polygon","coordinates":[[[6.942072,4.88656],[6.942086,4.886626],[6.942027,4.886638],[6.942013,4.886573],[6.942072,4.88656]]]}},{"type":"Feature","properties":{"h":3.0,"on_route":false},"geometry":{"type":"Polygon","coordinates":[[[6.942408,4.892447],[6.942308,4.892488],[6.942253,4.892356],[6.942353,4.892314],[6.942408,4.892447]]]}},{"type":"Feature","properties":{"h":3.0,"on_route":false},"geometry":{"type":"Polygon","coordinates":[[[6.942271,4.887804],[6.942273,4.887857],[6.942226,4.887858],[6.942225,4.887805],[6.942271,4.887804]]]}},{"type":"Feature","properties":{"h":3.0,"on_route":false},"geometry":{"type":"Polygon","coordinates":[[[6.940149,4.890987],[6.940031,4.891003],[6.940023,4.890945],[6.940136,4.89093],[6.940138,4.890946],[6.940143,4.890945],[6.940149,4.890987]]]}},{"type":"Feature","properties":{"h":3.0,"on_route":false},"geometry":{"type":"Polygon","coordinates":[[[6.946419,4.889118],[6.946652,4.889136],[6.946647,4.889193],[6.946415,4.889175],[6.946419,4.889118]]]}},{"type":"Feature","properties":{"h":3.0,"on_route":false},"geometry":{"type":"Polygon","coordinates":[[[6.942825,4.890567],[6.942753,4.890581],[6.942722,4.890426],[6.942794,4.890412],[6.942825,4.890567]]]}},{"type":"Feature","properties":{"h":3.0,"on_route":false},"geometry":{"type":"Polygon","coordinates":[[[6.942242,4.887946],[6.942222,4.88831],[6.942171,4.888307],[6.94219,4.887943],[6.942242,4.887946]]]}},{"type":"Feature","properties":{"h":3.0,"on_route":false},"geometry":{"type":"Polygon","coordinates":[[[6.941947,4.893248],[6.941903,4.893267],[6.941885,4.893226],[6.941929,4.893207],[6.941947,4.893248]]]}},{"type":"Feature","properties":{"h":3.0,"on_route":false},"geometry":{"type":"Polygon","coordinates":[[[6.943362,4.889346],[6.943349,4.889474],[6.94326,4.889465],[6.943272,4.889337],[6.943362,4.889346]]]}},{"type":"Feature","properties":{"h":3.0,"on_route":false},"geometry":{"type":"Polygon","coordinates":[[[6.940979,4.889808],[6.940806,4.889835],[6.940797,4.889776],[6.94097,4.889749],[6.940979,4.889808]]]}},{"type":"Feature","properties":{"h":3.0,"on_route":false},"geometry":{"type":"Polygon","coordinates":[[[6.94051,4.891598],[6.940447,4.891641],[6.940391,4.891558],[6.940454,4.891515],[6.94051,4.891598]]]}},{"type":"Feature","properties":{"h":3.0,"on_route":false},"geometry":{"type":"Polygon","coordinates":[[[6.942547,4.88836],[6.94254,4.88844],[6.942402,4.888428],[6.94241,4.888348],[6.942547,4.88836]]]}},{"type":"Feature","properties":{"h":3.0,"on_route":false},"geometry":{"type":"Polygon","coordinates":[[[6.945203,4.887934],[6.945213,4.888112],[6.945142,4.888116],[6.945132,4.887938],[6.945203,4.887934]]]}},{"type":"Feature","properties":{"h":3.0,"on_route":false},"geometry":{"type":"Polygon","coordinates":[[[6.944002,4.892827],[6.94397,4.892835],[6.943958,4.892791],[6.943991,4.892782],[6.944002,4.892827]]]}},{"type":"Feature","properties":{"h":3.0,"on_route":false},"geometry":{"type":"Polygon","coordinates":[[[6.945016,4.890392],[6.944961,4.890386],[6.944981,4.890178],[6.945036,4.890183],[6.945016,4.890392]]]}},{"type":"Feature","properties":{"h":3.0,"on_route":false},"geometry":{"type":"Polygon","coordinates":[[[6.942533,4.887901],[6.94253,4.887954],[6.942501,4.887953],[6.942498,4.887998],[6.942438,4.887994],[6.942443,4.887896],[6.942533,4.887901]]]}},{"type":"Feature","properties":{"h":3.0,"on_route":false},"geometry":{"type":"Polygon","coordinates":[[[6.940999,4.892046],[6.940845,4.892112],[6.940825,4.892065],[6.94098,4.892],[6.940999,4.892046]]]}},{"type":"Feature","properties":{"h":3.0,"on_route":false},"geometry":{"type":"Polygon","coordinates":[[[6.942504,4.886454],[6.942564,4.886667],[6.942513,4.886681],[6.942471,4.886533],[6.942447,4.88654],[6.942429,4.886475],[6.942504,4.886454]]]}},{"type":"Feature","properties":{"h":3.0,"on_route":false},"geometry":{"type":"Polygon","coordinates":[[[6.945027,4.887377],[6.945006,4.887452],[6.944896,4.887421],[6.944917,4.887346],[6.945027,4.887377]]]}},{"type":"Feature","properties":{"h":3.0,"on_route":false},"geometry":{"type":"Polygon","coordinates":[[[6.945887,4.892329],[6.945875,4.89244],[6.945787,4.892431],[6.945799,4.892319],[6.945887,4.892329]]]}},{"type":"Feature","properties":{"h":3.0,"on_route":false},"geometry":{"type":"Polygon","coordinates":[[[6.940348,4.88869],[6.940299,4.888654],[6.940356,4.888578],[6.940404,4.888614],[6.940348,4.88869]]]}},{"type":"Feature","properties":{"h":3.0,"on_route":false},"geometry":{"type":"Polygon","coordinates":[[[6.946592,4.891946],[6.946618,4.892147],[6.946566,4.892154],[6.946539,4.891952],[6.946592,4.891946]]]}},{"type":"Feature","properties":{"h":3.0,"on_route":false},"geometry":{"type":"Polygon","coordinates":[[[6.944218,4.892092],[6.944166,4.8921],[6.944161,4.892065],[6.944127,4.892071],[6.944109,4.891951],[6.944195,4.891938],[6.944218,4.892092]]]}},{"type":"Feature","properties":{"h":3.0,"on_route":false},"geometry":{"type":"Polygon","coordinates":[[[6.94673,4.892824],[6.946738,4.8929],[6.94663,4.892912],[6.946622,4.892836],[6.94673,4.892824]]]}},{"type":"Feature","properties":{"h":3.0,"on_route":false},"geometry":{"type":"Polygon","coordinates":[[[6.944584,4.888531],[6.944612,4.888524],[6.944627,4.888585],[6.944522,4.888611],[6.944494,4.888497],[6.944571,4.888478],[6.944584,4.888531]]]}},{"type":"Feature","properties":{"h":3.0,"on_route":false},"geometry":{"type":"Polygon","coordinates":[[[6.94337,4.89401],[6.943254,4.894038],[6.943238,4.89397],[6.943353,4.893942],[6.94337,4.89401]]]}},{"type":"Feature","properties":{"h":3.0,"on_route":false},"geometry":{"type":"Polygon","coordinates":[[[6.942889,4.893366],[6.942725,4.893382],[6.94272,4.893325],[6.942884,4.893309],[6.942889,4.893366]]]}},{"type":"Feature","properties":{"h":3.0,"on_route":false},"geometry":{"type":"Polygon","coordinates":[[[6.945487,4.886377],[6.945446,4.886499],[6.945351,4.886467],[6.945392,4.886345],[6.945487,4.886377]]]}},{"type":"Feature","properties":{"h":3.0,"on_route":false},"geometry":{"type":"Polygon","coordinates":[[[6.944074,4.889687],[6.94408,4.889769],[6.944019,4.889773],[6.944013,4.889691],[6.944074,4.889687]]]}},{"type":"Feature","properties":{"h":3.0,"on_route":false},"geometry":{"type":"Polygon","coordinates":[[[6.943199,4.888684],[6.943107,4.888676],[6.943111,4.888636],[6.943166,4.888641],[6.943168,4.88862],[6.943204,4.888623],[6.943199,4.888684]]]}},{"type":"Feature","properties":{"h":3.0,"on_route":false},"geometry":{"type":"Polygon","coordinates":[[[6.945075,4.888036],[6.945081,4.888146],[6.94501,4.88815],[6.945004,4.88804],[6.945075,4.888036]]]}},{"type":"Feature","properties":{"h":3.0,"on_route":false},"geometry":{"type":"Polygon","coordinates":[[[6.945667,4.892175],[6.945658,4.892281],[6.945611,4.892276],[6.94562,4.892171],[6.945667,4.892175]]]}},{"type":"Feature","properties":{"h":3.0,"on_route":false},"geometry":{"type":"Polygon","coordinates":[[[6.942878,4.889683],[6.942825,4.889704],[6.942771,4.889564],[6.942825,4.889544],[6.942878,4.889683]]]}},{"type":"Feature","properties":{"h":3.0,"on_route":false},"geometry":{"type":"Polygon","coordinates":[[[6.945071,4.889193],[6.945049,4.8892],[6.945057,4.889222],[6.945,4.889242],[6.944959,4.889125],[6.945038,4.889098],[6.945071,4.889193]]]}},{"type":"Feature","properties":{"h":3.0,"on_route":false},"geometry":{"type":"Polygon","coordinates":[[[6.940507,4.888978],[6.940503,4.889031],[6.940431,4.889026],[6.940428,4.889063],[6.940349,4.889057],[6.940356,4.888967],[6.940507,4.888978]]]}},{"type":"Feature","properties":{"h":3.0,"on_route":false},"geometry":{"type":"Polygon","coordinates":[[[6.941036,4.889206],[6.941039,4.889251],[6.941003,4.889254],[6.941,4.889209],[6.941036,4.889206]]]}},{"type":"Feature","properties":{"h":3.0,"on_route":false},"geometry":{"type":"Polygon","coordinates":[[[6.942574,4.887509],[6.94245,4.887515],[6.942446,4.887426],[6.94257,4.887419],[6.942574,4.887509]]]}},{"type":"Feature","properties":{"h":3.0,"on_route":false},"geometry":{"type":"Polygon","coordinates":[[[6.945324,4.887375],[6.9453,4.887472],[6.945167,4.887439],[6.945191,4.887342],[6.945324,4.887375]]]}},{"type":"Feature","properties":{"h":3.0,"on_route":false},"geometry":{"type":"Polygon","coordinates":[[[6.944147,4.888138],[6.944138,4.888325],[6.944081,4.888322],[6.944087,4.888193],[6.944011,4.888189],[6.944014,4.888131],[6.944147,4.888138]]]}},{"type":"Feature","properties":{"h":3.0,"on_route":false},"geometry":{"type":"Polygon","coordinates":[[[6.940674,4.890214],[6.940568,4.890251],[6.940536,4.890159],[6.940643,4.890122],[6.940674,4.890214]]]}},{"type":"Feature","properties":{"h":3.0,"on_route":false},"geometry":{"type":"Polygon","coordinates":[[[6.941672,4.889965],[6.941559,4.889986],[6.941536,4.889863],[6.94165,4.889842],[6.941672,4.889965]]]}},{"type":"Feature","properties":{"h":3.0,"on_route":false},"geometry":{"type":"Polygon","coordinates":[[[6.941233,4.891236],[6.941297,4.891379],[6.94126,4.891396],[6.941239,4.891348],[6.941214,4.891359],[6.941171,4.891263],[6.941233,4.891236]]]}},{"type":"Feature","properties":{"h":3.0,"on_route":false},"geometry":{"type":"Polygon","coordinates":[[[6.941562,4.888014],[6.94155,4.888103],[6.94147,4.888091],[6.941482,4.888003],[6.941562,4.888014]]]}},{"type":"Feature","properties":{"h":3.0,"on_route":false},"geometry":{"type":"Polygon","coordinates":[[[6.944515,4.891889],[6.944379,4.891917],[6.944369,4.891865],[6.944447,4.891849],[6.944433,4.891783],[6.944492,4.891771],[6.944515,4.891889]]]}},{"type":"Feature","properties":{"h":3.0,"on_route":false},"geometry":{"type":"Polygon","coordinates":[[[6.946353,4.893446],[6.946224,4.893462],[6.946214,4.893379],[6.946343,4.893363],[6.946353,4.893446]]]}},{"type":"Feature","properties":{"h":3.0,"on_route":false},"geometry":{"type":"Polygon","coordinates":[[[6.942904,4.892465],[6.942818,4.892519],[6.942705,4.892341],[6.942791,4.892286],[6.942904,4.892465]]]}},{"type":"Feature","properties":{"h":3.0,"on_route":true},"geometry":{"type":"Polygon","coordinates":[[[6.944953,4.893719],[6.944956,4.89375],[6.944972,4.893749],[6.944992,4.893988],[6.944933,4.893993],[6.944912,4.893723],[6.944953,4.893719]]]}},{"type":"Feature","properties":{"h":3.0,"on_route":false},"geometry":{"type":"Polygon","coordinates":[[[6.941365,4.887648],[6.941359,4.887703],[6.941321,4.887699],[6.941327,4.887644],[6.941365,4.887648]]]}},{"type":"Feature","properties":{"h":3.0,"on_route":false},"geometry":{"type":"Polygon","coordinates":[[[6.942328,4.890796],[6.942259,4.89081],[6.942253,4.890778],[6.942321,4.890764],[6.942328,4.890796]]]}},{"type":"Feature","properties":{"h":3.0,"on_route":false},"geometry":{"type":"Polygon","coordinates":[[[6.941429,4.889895],[6.941381,4.889903],[6.941365,4.889797],[6.941413,4.88979],[6.941429,4.889895]]]}},{"type":"Feature","properties":{"h":3.0,"on_route":false},"geometry":{"type":"Polygon","coordinates":[[[6.941007,4.890771],[6.940952,4.890794],[6.940909,4.89069],[6.940964,4.890667],[6.941007,4.890771]]]}},{"type":"Feature","properties":{"h":3.0,"on_route":false},"geometry":{"type":"Polygon","coordinates":[[[6.942746,4.888361],[6.942693,4.888358],[6.942698,4.888249],[6.942751,4.888251],[6.942746,4.888361]]]}},{"type":"Feature","properties":{"h":3.0,"on_route":false},"geometry":{"type":"Polygon","coordinates":[[[6.943456,4.886539],[6.943348,4.886547],[6.943339,4.886417],[6.943447,4.88641],[6.943456,4.886539]]]}},{"type":"Feature","properties":{"h":3.0,"on_route":false},"geometry":{"type":"Polygon","coordinates":[[[6.944831,4.887949],[6.944792,4.888138],[6.944728,4.888125],[6.944767,4.887936],[6.944831,4.887949]]]}},{"type":"Feature","properties":{"h":3.0,"on_route":false},"geometry":{"type":"Polygon","coordinates":[[[6.941092,4.893201],[6.941033,4.893237],[6.941008,4.893196],[6.941067,4.89316],[6.941092,4.893201]]]}},{"type":"Feature","properties":{"h":3.0,"on_route":false},"geometry":{"type":"Polygon","coordinates":[[[6.940884,4.889247],[6.940888,4.889294],[6.940779,4.889303],[6.940775,4.889256],[6.940884,4.889247]]]}},{"type":"Feature","properties":{"h":3.0,"on_route":false},"geometry":{"type":"Polygon","coordinates":[[[6.944654,4.888944],[6.94465,4.88892],[6.944617,4.888924],[6.944607,4.888857],[6.94478,4.888832],[6.944793,4.888924],[6.944654,4.888944]]]}},{"type":"Feature","properties":{"h":3.0,"on_route":false},"geometry":{"type":"Polygon","coordinates":[[[6.945553,4.890897],[6.945608,4.891156],[6.945535,4.891171],[6.945524,4.891121],[6.945505,4.891125],[6.945498,4.891089],[6.945516,4.891085],[6.94548,4.890912],[6.945553,4.890897]]]}},{"type":"Feature","properties":{"h":3.0,"on_route":false},"geometry":{"type":"Polygon","coordinates":[[[6.945964,4.890505],[6.945787,4.890528],[6.945778,4.890462],[6.945884,4.890449],[6.945877,4.890396],[6.945949,4.890387],[6.945964,4.890505]]]}},{"type":"Feature","properties":{"h":3.0,"on_route":false},"geometry":{"type":"Polygon","coordinates":[[[6.945988,4.886962],[6.945968,4.887028],[6.945908,4.887009],[6.945927,4.886944],[6.945988,4.886962]]]}},{"type":"Feature","properties":{"h":3.0,"on_route":false},"geometry":{"type":"Polygon","coordinates":[[[6.944826,4.886929],[6.944808,4.886981],[6.944787,4.886973],[6.944764,4.887041],[6.944708,4.887021],[6.944749,4.886902],[6.944826,4.886929]]]}},{"type":"Feature","properties":{"h":3.0,"on_route":false},"geometry":{"type":"Polygon","coordinates":[[[6.944351,4.888018],[6.944323,4.888136],[6.944266,4.888122],[6.944294,4.888005],[6.944351,4.888018]]]}},{"type":"Feature","properties":{"h":3.0,"on_route":true},"geometry":{"type":"Polygon","coordinates":[[[6.945126,4.894098],[6.945123,4.894151],[6.945162,4.894153],[6.945159,4.894212],[6.945052,4.894208],[6.945056,4.894095],[6.945126,4.894098]]]}},{"type":"Feature","properties":{"h":3.0,"on_route":false},"geometry":{"type":"Polygon","coordinates":[[[6.942501,4.889999],[6.942344,4.890013],[6.942324,4.889781],[6.942481,4.889767],[6.942501,4.889999]]]}},{"type":"Feature","properties":{"h":3.0,"on_route":false},"geometry":{"type":"Polygon","coordinates":[[[6.941286,4.888653],[6.941308,4.888652],[6.941311,4.888698],[6.941226,4.888704],[6.941221,4.888624],[6.941284,4.88862],[6.941286,4.888653]]]}},{"type":"Feature","properties":{"h":3.0,"on_route":false},"geometry":{"type":"Polygon","coordinates":[[[6.943679,4.886388],[6.94369,4.886537],[6.943633,4.886541],[6.943622,4.886392],[6.943679,4.886388]]]}},{"type":"Feature","properties":{"h":3.0,"on_route":false},"geometry":{"type":"Polygon","coordinates":[[[6.943952,4.887146],[6.943938,4.887199],[6.943895,4.887188],[6.943908,4.887136],[6.943952,4.887146]]]}},{"type":"Feature","properties":{"h":3.0,"on_route":false},"geometry":{"type":"Polygon","coordinates":[[[6.943368,4.891855],[6.943356,4.891859],[6.943364,4.891881],[6.943315,4.891898],[6.94324,4.891686],[6.9433,4.891665],[6.943368,4.891855]]]}},{"type":"Feature","properties":{"h":3.0,"on_route":false},"geometry":{"type":"Polygon","coordinates":[[[6.941749,4.888843],[6.941777,4.888848],[6.941781,4.888826],[6.941949,4.888855],[6.941938,4.888917],[6.941743,4.888884],[6.941749,4.888843]]]}},{"type":"Feature","properties":{"h":3.0,"on_route":false},"geometry":{"type":"Polygon","coordinates":[[[6.943706,4.889557],[6.943706,4.889555],[6.943739,4.889564],[6.943688,4.889757],[6.943608,4.889735],[6.943659,4.889544],[6.943706,4.889557]]]}},{"type":"Feature","properties":{"h":3.0,"on_route":false},"geometry":{"type":"Polygon","coordinates":[[[6.945737,4.892196],[6.945728,4.892305],[6.945696,4.892302],[6.945695,4.892312],[6.945656,4.892309],[6.945665,4.892191],[6.945737,4.892196]]]}},{"type":"Feature","properties":{"h":3.0,"on_route":false},"geometry":{"type":"Polygon","coordinates":[[[6.94353,4.892513],[6.94348,4.892528],[6.943436,4.892382],[6.943486,4.892366],[6.94353,4.892513]]]}},{"type":"Feature","properties":{"h":3.0,"on_route":false},"geometry":{"type":"Polygon","coordinates":[[[6.940613,4.88758],[6.940602,4.887526],[6.940711,4.887505],[6.940707,4.887487],[6.94078,4.887472],[6.940794,4.887545],[6.940613,4.88758]]]}},{"type":"Feature","properties":{"h":3.0,"on_route":true},"geometry":{"type":"Polygon","coordinates":[[[6.945006,4.892337],[6.944888,4.892342],[6.944882,4.892207],[6.945,4.892201],[6.945006,4.892337]]]}},{"type":"Feature","properties":{"h":3.0,"on_route":false},"geometry":{"type":"Polygon","coordinates":[[[6.945517,4.886708],[6.945476,4.886798],[6.94532,4.886727],[6.94536,4.886637],[6.945517,4.886708]]]}},{"type":"Feature","properties":{"h":3.0,"on_route":false},"geometry":{"type":"Polygon","coordinates":[[[6.946262,4.892813],[6.946267,4.892864],[6.946201,4.892869],[6.946197,4.892818],[6.946262,4.892813]]]}},{"type":"Feature","properties":{"h":3.0,"on_route":false},"geometry":{"type":"Polygon","coordinates":[[[6.945581,4.889798],[6.945584,4.88982],[6.94555,4.889824],[6.945542,4.889749],[6.945534,4.88975],[6.94553,4.889715],[6.94573,4.889694],[6.94574,4.889781],[6.945581,4.889798]]]}},{"type":"Feature","properties":{"h":3.0,"on_route":false},"geometry":{"type":"Polygon","coordinates":[[[6.941554,4.892908],[6.941475,4.892958],[6.94136,4.892774],[6.941439,4.892725],[6.941554,4.892908]]]}},{"type":"Feature","properties":{"h":3.0,"on_route":false},"geometry":{"type":"Polygon","coordinates":[[[6.944989,4.88766],[6.944996,4.887863],[6.944937,4.887866],[6.94493,4.887662],[6.944989,4.88766]]]}},{"type":"Feature","properties":{"h":3.0,"on_route":false},"geometry":{"type":"Polygon","coordinates":[[[6.944703,4.887971],[6.944678,4.888098],[6.944554,4.888074],[6.944579,4.887946],[6.944703,4.887971]]]}},{"type":"Feature","properties":{"h":3.0,"on_route":false},"geometry":{"type":"Polygon","coordinates":[[[6.94259,4.893013],[6.942487,4.893048],[6.942421,4.892853],[6.942525,4.892818],[6.94259,4.893013]]]}},{"type":"Feature","properties":{"h":3.0,"on_route":false},"geometry":{"type":"Polygon","coordinates":[[[6.941861,4.887075],[6.941793,4.887087],[6.941782,4.887024],[6.94185,4.887012],[6.941861,4.887075]]]}},{"type":"Feature","properties":{"h":3.0,"on_route":false},"geometry":{"type":"Polygon","coordinates":[[[6.944257,4.892786],[6.944126,4.892819],[6.944109,4.892752],[6.94424,4.892719],[6.944257,4.892786]]]}},{"type":"Feature","properties":{"h":3.0,"on_route":false},"geometry":{"type":"Polygon","coordinates":[[[6.944027,4.889359],[6.944017,4.889504],[6.943938,4.889499],[6.943947,4.889354],[6.944027,4.889359]]]}},{"type":"Feature","properties":{"h":3.0,"on_route":false},"geometry":{"type":"Polygon","coordinates":[[[6.942483,4.89097],[6.94243,4.89098],[6.942463,4.891148],[6.942399,4.89116],[6.942342,4.890871],[6.942459,4.890848],[6.942483,4.89097]]]}},{"type":"Feature","properties":{"h":3.0,"on_route":false},"geometry":{"type":"Polygon","coordinates":[[[6.943827,4.889547],[6.943814,4.889592],[6.943734,4.88957],[6.943746,4.889524],[6.943827,4.889547]]]}},{"type":"Feature","properties":{"h":3.0,"on_route":false},"geometry":{"type":"Polygon","coordinates":[[[6.945111,4.889847],[6.945058,4.889853],[6.945052,4.889798],[6.945105,4.889792],[6.945111,4.889847]]]}},{"type":"Feature","properties":{"h":3.0,"on_route":false},"geometry":{"type":"Polygon","coordinates":[[[6.942932,4.891035],[6.942825,4.891056],[6.942811,4.890982],[6.942823,4.89098],[6.942817,4.890947],[6.942912,4.890929],[6.942932,4.891035]]]}},{"type":"Feature","properties":{"h":3.0,"on_route":false},"geometry":{"type":"Polygon","coordinates":[[[6.944357,4.889311],[6.944335,4.88952],[6.944275,4.889513],[6.944298,4.889305],[6.944357,4.889311]]]}},{"type":"Feature","properties":{"h":3.0,"on_route":false},"geometry":{"type":"Polygon","coordinates":[[[6.941838,4.886728],[6.941856,4.886785],[6.941826,4.886794],[6.941808,4.886737],[6.941838,4.886728]]]}},{"type":"Feature","properties":{"h":3.0,"on_route":false},"geometry":{"type":"Polygon","coordinates":[[[6.940176,4.890438],[6.9401,4.890468],[6.940052,4.890341],[6.940128,4.890312],[6.940176,4.890438]]]}},{"type":"Feature","properties":{"h":3.0,"on_route":false},"geometry":{"type":"Polygon","coordinates":[[[6.943124,4.88636],[6.943144,4.886416],[6.943203,4.886394],[6.943243,4.886506],[6.943129,4.886548],[6.943068,4.88638],[6.943124,4.88636]]]}},{"type":"Feature","properties":{"h":3.0,"on_route":false},"geometry":{"type":"Polygon","coordinates":[[[6.944265,4.886669],[6.944262,4.886694],[6.944236,4.88669],[6.944239,4.886665],[6.944265,4.886669]]]}},{"type":"Feature","properties":{"h":3.0,"on_route":false},"geometry":{"type":"Polygon","coordinates":[[[6.941992,4.888434],[6.941989,4.888468],[6.94195,4.888465],[6.941954,4.88843],[6.941992,4.888434]]]}},{"type":"Feature","properties":{"h":3.0,"on_route":false},"geometry":{"type":"Polygon","coordinates":[[[6.941324,4.889605],[6.94129,4.889616],[6.941269,4.889553],[6.941303,4.889541],[6.941324,4.889605]]]}},{"type":"Feature","properties":{"h":3.0,"on_route":false},"geometry":{"type":"Polygon","coordinates":[[[6.943135,4.888347],[6.943004,4.888328],[6.943011,4.888281],[6.943092,4.888293],[6.9431,4.888242],[6.943125,4.888246],[6.943129,4.88822],[6.943152,4.888223],[6.943135,4.888347]]]}},{"type":"Feature","properties":{"h":3.0,"on_route":false},"geometry":{"type":"Polygon","coordinates":[[[6.942951,4.894199],[6.942877,4.894227],[6.942856,4.894171],[6.942931,4.894143],[6.942951,4.894199]]]}},{"type":"Feature","properties":{"h":3.0,"on_route":false},"geometry":{"type":"Polygon","coordinates":[[[6.942336,4.892238],[6.942229,4.892277],[6.942185,4.892156],[6.942292,4.892117],[6.942336,4.892238]]]}},{"type":"Feature","properties":{"h":3.0,"on_route":false},"geometry":{"type":"Polygon","coordinates":[[[6.941048,4.891333],[6.940969,4.891382],[6.940956,4.891362],[6.940938,4.891373],[6.940859,4.891246],[6.940957,4.891184],[6.941048,4.891333]]]}},{"type":"Feature","properties":{"h":3.0,"on_route":false},"geometry":{"type":"Polygon","coordinates":[[[6.942853,4.890061],[6.942784,4.890065],[6.942782,4.890025],[6.94285,4.89002],[6.942853,4.890061]]]}},{"type":"Feature","properties":{"h":3.0,"on_route":false},"geometry":{"type":"Polygon","coordinates":[[[6.945102,4.888748],[6.945003,4.888755],[6.944993,4.888607],[6.945092,4.8886],[6.945102,4.888748]]]}},{"type":"Feature","properties":{"h":3.0,"on_route":false},"geometry":{"type":"Polygon","coordinates":[[[6.941631,4.88907],[6.941641,4.889134],[6.941519,4.889154],[6.941508,4.88909],[6.941631,4.88907]]]}},{"type":"Feature","properties":{"h":3.0,"on_route":false},"geometry":{"type":"Polygon","coordinates":[[[6.942982,4.889089],[6.942894,4.889399],[6.942812,4.889375],[6.942901,4.889065],[6.942982,4.889089]]]}},{"type":"Feature","properties":{"h":3.0,"on_route":false},"geometry":{"type":"Polygon","coordinates":[[[6.940529,4.88878],[6.940508,4.888855],[6.940469,4.888844],[6.940474,4.888826],[6.940424,4.888812],[6.94044,4.888755],[6.940529,4.88878]]]}},{"type":"Feature","properties":{"h":3.0,"on_route":false},"geometry":{"type":"Polygon","coordinates":[[[6.944409,4.887093],[6.944398,4.887149],[6.944296,4.887131],[6.944306,4.887075],[6.944409,4.887093]]]}},{"type":"Feature","properties":{"h":3.0,"on_route":false},"geometry":{"type":"Polygon","coordinates":[[[6.941033,4.891486],[6.940979,4.891519],[6.940915,4.891415],[6.940969,4.891382],[6.941033,4.891486]]]}},{"type":"Feature","properties":{"h":3.0,"on_route":false},"geometry":{"type":"Polygon","coordinates":[[[6.944195,4.891938],[6.944109,4.891951],[6.944093,4.891843],[6.944179,4.89183],[6.944195,4.891938]]]}},{"type":"Feature","properties":{"h":3.0,"on_route":false},"geometry":{"type":"Polygon","coordinates":[[[6.941489,4.887914],[6.941478,4.887991],[6.941358,4.887974],[6.941369,4.887896],[6.941489,4.887914]]]}},{"type":"Feature","properties":{"h":3.0,"on_route":false},"geometry":{"type":"Polygon","coordinates":[[[6.944437,4.889744],[6.944432,4.889916],[6.944374,4.889914],[6.944379,4.889742],[6.944437,4.889744]]]}},{"type":"Feature","properties":{"h":3.0,"on_route":false},"geometry":{"type":"Polygon","coordinates":[[[6.941308,4.888698],[6.941319,4.88876],[6.941287,4.888766],[6.941275,4.888705],[6.941308,4.888698]]]}},{"type":"Feature","properties":{"h":3.0,"on_route":true},"geometry":{"type":"Polygon","coordinates":[[[6.945288,4.892707],[6.945289,4.892678],[6.945347,4.89268],[6.945343,4.89278],[6.945231,4.892775],[6.945234,4.892705],[6.945288,4.892707]]]}},{"type":"Feature","properties":{"h":3.0,"on_route":false},"geometry":{"type":"Polygon","coordinates":[[[6.942416,4.893374],[6.942423,4.893404],[6.942525,4.89338],[6.942539,4.893439],[6.942378,4.893477],[6.942357,4.893388],[6.942416,4.893374]]]}},{"type":"Feature","properties":{"h":3.0,"on_route":false},"geometry":{"type":"Polygon","coordinates":[[[6.942926,4.88843],[6.9427,4.888437],[6.942698,4.888383],[6.942924,4.888375],[6.942926,4.88843]]]}},{"type":"Feature","properties":{"h":3.0,"on_route":false},"geometry":{"type":"Polygon","coordinates":[[[6.944844,4.89399],[6.944729,4.894003],[6.944724,4.893966],[6.944704,4.893969],[6.944696,4.893905],[6.944717,4.893903],[6.944704,4.893785],[6.944819,4.893772],[6.944844,4.89399]]]}},{"type":"Feature","properties":{"h":3.0,"on_route":false},"geometry":{"type":"Polygon","coordinates":[[[6.946844,4.890015],[6.946834,4.890073],[6.94679,4.890066],[6.9468,4.890007],[6.946844,4.890015]]]}},{"type":"Feature","properties":{"h":3.0,"on_route":false},"geometry":{"type":"Polygon","coordinates":[[[6.939792,4.890134],[6.939832,4.890236],[6.939793,4.890251],[6.939753,4.890149],[6.939792,4.890134]]]}},{"type":"Feature","properties":{"h":3.0,"on_route":false},"geometry":{"type":"Polygon","coordinates":[[[6.944211,4.893536],[6.944223,4.89362],[6.944091,4.89364],[6.944079,4.893555],[6.944211,4.893536]]]}},{"type":"Feature","properties":{"h":3.0,"on_route":false},"geometry":{"type":"Polygon","coordinates":[[[6.941253,4.893137],[6.941159,4.893178],[6.941125,4.8931],[6.94122,4.893059],[6.941253,4.893137]]]}},{"type":"Feature","properties":{"h":3.0,"on_route":false},"geometry":{"type":"Polygon","coordinates":[[[6.940276,4.890314],[6.940302,4.890303],[6.94033,4.890366],[6.940249,4.890403],[6.940195,4.890283],[6.940251,4.890258],[6.940276,4.890314]]]}},{"type":"Feature","properties":{"h":3.0,"on_route":false},"geometry":{"type":"Polygon","coordinates":[[[6.942544,4.892649],[6.942424,4.892725],[6.942411,4.892704],[6.942344,4.892747],[6.942295,4.89267],[6.942378,4.892617],[6.942394,4.892642],[6.942498,4.892577],[6.942544,4.892649]]]}},{"type":"Feature","properties":{"h":3.0,"on_route":false},"geometry":{"type":"Polygon","coordinates":[[[6.941324,4.892307],[6.941235,4.892335],[6.941187,4.892174],[6.941275,4.892147],[6.941324,4.892307]]]}},{"type":"Feature","properties":{"h":3.0,"on_route":false},"geometry":{"type":"Polygon","coordinates":[[[6.940494,4.888158],[6.940471,4.888212],[6.94043,4.888193],[6.940454,4.88814],[6.940494,4.888158]]]}},{"type":"Feature","properties":{"h":3.0,"on_route":false},"geometry":{"type":"Polygon","coordinates":[[[6.941896,4.887932],[6.941891,4.88806],[6.941849,4.888059],[6.941851,4.888014],[6.94182,4.888012],[6.941823,4.887929],[6.941896,4.887932]]]}},{"type":"Feature","properties":{"h":3.0,"on_route":false},"geometry":{"type":"Polygon","coordinates":[[[6.939946,4.890284],[6.939887,4.890311],[6.939859,4.890251],[6.939918,4.890223],[6.939946,4.890284]]]}},{"type":"Feature","properties":{"h":3.0,"on_route":false},"geometry":{"type":"Polygon","coordinates":[[[6.940799,4.892846],[6.940744,4.892862],[6.940715,4.892765],[6.94077,4.892749],[6.940799,4.892846]]]}},{"type":"Feature","properties":{"h":3.0,"on_route":false},"geometry":{"type":"Polygon","coordinates":[[[6.942198,4.886861],[6.942107,4.886888],[6.94209,4.88683],[6.942182,4.886803],[6.942198,4.886861]]]}},{"type":"Feature","properties":{"h":3.0,"on_route":false},"geometry":{"type":"Polygon","coordinates":[[[6.942065,4.886831],[6.942175,4.88707],[6.942121,4.887095],[6.942011,4.886857],[6.942065,4.886831]]]}},{"type":"Feature","properties":{"h":3.0,"on_route":false},"geometry":{"type":"Polygon","coordinates":[[[6.94186,4.890848],[6.941805,4.890852],[6.941803,4.890818],[6.941857,4.890814],[6.94186,4.890848]]]}},{"type":"Feature","properties":{"h":3.0,"on_route":false},"geometry":{"type":"Polygon","coordinates":[[[6.9442,4.893807],[6.944104,4.893821],[6.944097,4.893772],[6.944158,4.893764],[6.944154,4.893738],[6.94419,4.893734],[6.9442,4.893807]]]}},{"type":"Feature","properties":{"h":3.0,"on_route":false},"geometry":{"type":"Polygon","coordinates":[[[6.942153,4.890654],[6.942038,4.890673],[6.942013,4.890521],[6.942128,4.890502],[6.942153,4.890654]]]}},{"type":"Feature","properties":{"h":3.0,"on_route":false},"geometry":{"type":"Polygon","coordinates":[[[6.943295,4.886966],[6.943294,4.887042],[6.943243,4.887042],[6.943244,4.886965],[6.943295,4.886966]]]}},{"type":"Feature","properties":{"h":3.0,"on_route":false},"geometry":{"type":"Polygon","coordinates":[[[6.939902,4.890223],[6.939837,4.890246],[6.939799,4.890133],[6.939865,4.890111],[6.939902,4.890223]]]}},{"type":"Feature","properties":{"h":3.0,"on_route":false},"geometry":{"type":"Polygon","coordinates":[[[6.941339,4.887424],[6.941332,4.887488],[6.941229,4.887476],[6.941237,4.887412],[6.941339,4.887424]]]}},{"type":"Feature","properties":{"h":3.0,"on_route":false},"geometry":{"type":"Polygon","coordinates":[[[6.942683,4.887796],[6.942627,4.887803],[6.94262,4.887747],[6.942676,4.88774],[6.942683,4.887796]]]}},{"type":"Feature","properties":{"h":3.0,"on_route":false},"geometry":{"type":"Polygon","coordinates":[[[6.945574,4.889355],[6.945478,4.889363],[6.945474,4.889305],[6.945569,4.889297],[6.945574,4.889355]]]}},{"type":"Feature","properties":{"h":3.0,"on_route":false},"geometry":{"type":"Polygon","coordinates":[[[6.942268,4.887696],[6.942271,4.887804],[6.942225,4.887805],[6.942222,4.887697],[6.942268,4.887696]]]}},{"type":"Feature","properties":{"h":3.0,"on_route":false},"geometry":{"type":"Polygon","coordinates":[[[6.940382,4.890198],[6.940349,4.890212],[6.940272,4.890039],[6.940305,4.890024],[6.940382,4.890198]]]}},{"type":"Feature","properties":{"h":3.0,"on_route":false},"geometry":{"type":"Polygon","coordinates":[[[6.94164,4.889521],[6.941499,4.889545],[6.94149,4.889488],[6.94163,4.889464],[6.94164,4.889521]]]}},{"type":"Feature","properties":{"h":3.0,"on_route":false},"geometry":{"type":"Polygon","coordinates":[[[6.94189,4.893697],[6.941814,4.893752],[6.941756,4.893672],[6.941832,4.893616],[6.94189,4.893697]]]}},{"type":"Feature","properties":{"h":3.0,"on_route":false},"geometry":{"type":"Polygon","coordinates":[[[6.944609,4.887667],[6.944572,4.887663],[6.944579,4.887608],[6.944615,4.887613],[6.944609,4.887667]]]}},{"type":"Feature","properties":{"h":3.0,"on_route":false},"geometry":{"type":"Polygon","coordinates":[[[6.946353,4.892717],[6.946365,4.892855],[6.946325,4.892859],[6.946314,4.89272],[6.946353,4.892717]]]}},{"type":"Feature","properties":{"h":3.0,"on_route":false},"geometry":{"type":"Polygon","coordinates":[[[6.94385,4.892029],[6.943732,4.892091],[6.943688,4.892006],[6.943806,4.891945],[6.94385,4.892029]]]}},{"type":"Feature","properties":{"h":3.0,"on_route":false},"geometry":{"type":"Polygon","coordinates":[[[6.94182,4.891497],[6.941676,4.891535],[6.941658,4.89147],[6.941745,4.891447],[6.941717,4.891339],[6.941774,4.891324],[6.94182,4.891497]]]}},{"type":"Feature","properties":{"h":3.0,"on_route":false},"geometry":{"type":"Polygon","coordinates":[[[6.943399,4.893259],[6.94342,4.89341],[6.943359,4.893418],[6.943339,4.893267],[6.943399,4.893259]]]}},{"type":"Feature","properties":{"h":3.0,"on_route":false},"geometry":{"type":"Polygon","coordinates":[[[6.941543,4.890039],[6.941395,4.890064],[6.941388,4.89002],[6.941536,4.889996],[6.941543,4.890039]]]}},{"type":"Feature","properties":{"h":3.0,"on_route":false},"geometry":{"type":"Polygon","coordinates":[[[6.946657,4.889075],[6.946652,4.889136],[6.946419,4.889118],[6.946424,4.889057],[6.946657,4.889075]]]}},{"type":"Feature","properties":{"h":3.0,"on_route":false},"geometry":{"type":"Polygon","coordinates":[[[6.94341,4.888602],[6.943391,4.888664],[6.943286,4.888632],[6.943305,4.88857],[6.94341,4.888602]]]}},{"type":"Feature","properties":{"h":3.0,"on_route":false},"geometry":{"type":"Polygon","coordinates":[[[6.940619,4.891087],[6.940486,4.891154],[6.940461,4.891105],[6.940595,4.891038],[6.940619,4.891087]]]}},{"type":"Feature","properties":{"h":3.0,"on_route":false},"geometry":{"type":"Polygon","coordinates":[[[6.941177,4.888024],[6.94115,4.888149],[6.941098,4.888137],[6.941111,4.888076],[6.941092,4.888072],[6.941106,4.888009],[6.941177,4.888024]]]}},{"type":"Feature","properties":{"h":3.0,"on_route":false},"geometry":{"type":"Polygon","coordinates":[[[6.943261,4.894089],[6.943206,4.894102],[6.943188,4.894025],[6.943243,4.894012],[6.943261,4.894089]]]}},{"type":"Feature","properties":{"h":3.0,"on_route":false},"geometry":{"type":"Polygon","coordinates":[[[6.941767,4.889991],[6.94168,4.890007],[6.94165,4.889842],[6.941737,4.889826],[6.941767,4.889991]]]}},{"type":"Feature","properties":{"h":3.0,"on_route":false},"geometry":{"type":"Polygon","coordinates":[[[6.941856,4.887878],[6.941854,4.887931],[6.941803,4.887929],[6.941805,4.887876],[6.941856,4.887878]]]}},{"type":"Feature","properties":{"h":3.0,"on_route":false},"geometry":{"type":"Polygon","coordinates":[[[6.941277,4.892451],[6.941231,4.892471],[6.941187,4.892374],[6.941233,4.892353],[6.941277,4.892451]]]}},{"type":"Feature","properties":{"h":3.0,"on_route":false},"geometry":{"type":"Polygon","coordinates":[[[6.941543,4.892326],[6.941573,4.892416],[6.94152,4.892433],[6.941491,4.892343],[6.941543,4.892326]]]}},{"type":"Feature","properties":{"h":3.0,"on_route":true},"geometry":{"type":"Polygon","coordinates":[[[6.945093,4.892547],[6.945092,4.892604],[6.945037,4.892603],[6.945038,4.892546],[6.945093,4.892547]]]}},{"type":"Feature","properties":{"h":3.0,"on_route":false},"geometry":{"type":"Polygon","coordinates":[[[6.940495,4.888927],[6.940493,4.888959],[6.940417,4.888953],[6.94042,4.888921],[6.940495,4.888927]]]}},{"type":"Feature","properties":{"h":3.0,"on_route":false},"geometry":{"type":"Polygon","coordinates":[[[6.945911,4.887561],[6.945861,4.887561],[6.945862,4.887501],[6.945911,4.887501],[6.945911,4.887561]]]}},{"type":"Feature","properties":{"h":3.0,"on_route":false},"geometry":{"type":"Polygon","coordinates":[[[6.940862,4.890462],[6.940895,4.890544],[6.940855,4.890561],[6.940821,4.890479],[6.940862,4.890462]]]}},{"type":"Feature","properties":{"h":3.0,"on_route":false},"geometry":{"type":"Polygon","coordinates":[[[6.942881,4.887907],[6.942881,4.887958],[6.942731,4.887958],[6.942731,4.887907],[6.942881,4.887907]]]}},{"type":"Feature","properties":{"h":3.0,"on_route":false},"geometry":{"type":"Polygon","coordinates":[[[6.942376,4.887853],[6.942309,4.887855],[6.942301,4.887562],[6.942368,4.887561],[6.942376,4.887853]]]}},{"type":"Feature","properties":{"h":3.0,"on_route":false},"geometry":{"type":"Polygon","coordinates":[[[6.940796,4.887657],[6.940621,4.887651],[6.940624,4.887562],[6.940799,4.887569],[6.940796,4.887657]]]}},{"type":"Feature","properties":{"h":3.0,"on_route":false},"geometry":{"type":"Polygon","coordinates":[[[6.943938,4.887199],[6.943926,4.887251],[6.943785,4.887215],[6.943798,4.887164],[6.943938,4.887199]]]}},{"type":"Feature","properties":{"h":3.0,"on_route":false},"geometry":{"type":"Polygon","coordinates":[[[6.940665,4.891632],[6.940493,4.891734],[6.940445,4.891652],[6.940598,4.89156],[6.940608,4.891576],[6.940626,4.891566],[6.940665,4.891632]]]}},{"type":"Feature","properties":{"h":3.0,"on_route":false},"geometry":{"type":"Polygon","coordinates":[[[6.942889,4.89403],[6.942801,4.894063],[6.942763,4.893962],[6.942851,4.89393],[6.942889,4.89403]]]}},{"type":"Feature","properties":{"h":3.0,"on_route":false},"geometry":{"type":"Polygon","coordinates":[[[6.94631,4.890972],[6.946069,4.890992],[6.946061,4.890893],[6.946268,4.890875],[6.946269,4.890884],[6.946302,4.890881],[6.94631,4.890972]]]}},{"type":"Feature","properties":{"h":3.0,"on_route":false},"geometry":{"type":"Polygon","coordinates":[[[6.942659,4.892402],[6.942545,4.892475],[6.942492,4.89239],[6.942606,4.892318],[6.942659,4.892402]]]}},{"type":"Feature","properties":{"h":3.0,"on_route":false},"geometry":{"type":"Polygon","coordinates":[[[6.943447,4.892777],[6.943301,4.892821],[6.943278,4.892747],[6.943424,4.892702],[6.943447,4.892777]]]}},{"type":"Feature","properties":{"h":3.0,"on_route":false},"geometry":{"type":"Polygon","coordinates":[[[6.945173,4.886325],[6.945184,4.886304],[6.945254,4.886343],[6.945191,4.886457],[6.945062,4.886385],[6.945114,4.886291],[6.945173,4.886325]]]}},{"type":"Feature","properties":{"h":3.0,"on_route":false},"geometry":{"type":"Polygon","coordinates":[[[6.940132,4.889647],[6.94003,4.889662],[6.940023,4.889611],[6.940125,4.889597],[6.940132,4.889647]]]}},{"type":"Feature","properties":{"h":3.0,"on_route":false},"geometry":{"type":"Polygon","coordinates":[[[6.940724,4.889627],[6.940574,4.889678],[6.940555,4.889622],[6.940705,4.88957],[6.940724,4.889627]]]}},{"type":"Feature","properties":{"h":3.0,"on_route":false},"geometry":{"type":"Polygon","coordinates":[[[6.94048,4.890262],[6.940419,4.890288],[6.940379,4.890192],[6.940439,4.890166],[6.94048,4.890262]]]}},{"type":"Feature","properties":{"h":3.0,"on_route":false},"geometry":{"type":"Polygon","coordinates":[[[6.942937,4.886639],[6.942936,4.886682],[6.942852,4.886681],[6.942852,4.886638],[6.942937,4.886639]]]}},{"type":"Feature","properties":{"h":3.0,"on_route":false},"geometry":{"type":"Polygon","coordinates":[[[6.944813,4.892021],[6.94472,4.892026],[6.944706,4.891795],[6.944799,4.891789],[6.944813,4.892021]]]}},{"type":"Feature","properties":{"h":3.0,"on_route":false},"geometry":{"type":"Polygon","coordinates":[[[6.940075,4.889323],[6.940058,4.889368],[6.939987,4.88934],[6.940004,4.889295],[6.940075,4.889323]]]}},{"type":"Feature","properties":{"h":3.0,"on_route":false},"geometry":{"type":"Polygon","coordinates":[[[6.940175,4.89002],[6.940203,4.890117],[6.940167,4.890127],[6.940139,4.89003],[6.940175,4.89002]]]}},{"type":"Feature","properties":{"h":3.0,"on_route":false},"geometry":{"type":"Polygon","coordinates":[[[6.945944,4.893587],[6.945876,4.893595],[6.945864,4.893496],[6.945932,4.893488],[6.945944,4.893587]]]}},{"type":"Feature","properties":{"h":3.0,"on_route":false},"geometry":{"type":"Polygon","coordinates":[[[6.944562,4.892174],[6.944356,4.892198],[6.944352,4.892163],[6.944311,4.892168],[6.944305,4.892123],[6.944346,4.892118],[6.944343,4.892093],[6.944549,4.892068],[6.944562,4.892174]]]}},{"type":"Feature","properties":{"h":3.0,"on_route":false},"geometry":{"type":"Polygon","coordinates":[[[6.941487,4.887104],[6.941344,4.887129],[6.941328,4.887033],[6.94147,4.887008],[6.941487,4.887104]]]}},{"type":"Feature","properties":{"h":3.0,"on_route":false},"geometry":{"type":"Polygon","coordinates":[[[6.940898,4.89056],[6.940941,4.890637],[6.940895,4.890662],[6.940853,4.890585],[6.940898,4.89056]]]}},{"type":"Feature","properties":{"h":3.0,"on_route":false},"geometry":{"type":"Polygon","coordinates":[[[6.943187,4.893417],[6.943063,4.893438],[6.94304,4.893303],[6.943163,4.893281],[6.943187,4.893417]]]}},{"type":"Feature","properties":{"h":3.0,"on_route":false},"geometry":{"type":"Polygon","coordinates":[[[6.945955,4.889946],[6.94596,4.890009],[6.945884,4.890014],[6.945879,4.889952],[6.945955,4.889946]]]}},{"type":"Feature","properties":{"h":3.0,"on_route":false},"geometry":{"type":"Polygon","coordinates":[[[6.941741,4.889828],[6.941659,4.889842],[6.941647,4.889771],[6.941729,4.889757],[6.941741,4.889828]]]}},{"type":"Feature","properties":{"h":3.0,"on_route":false},"geometry":{"type":"Polygon","coordinates":[[[6.946652,4.892143],[6.946659,4.892194],[6.946572,4.892206],[6.946566,4.892154],[6.946652,4.892143]]]}},{"type":"Feature","properties":{"h":3.0,"on_route":false},"geometry":{"type":"Polygon","coordinates":[[[6.943108,4.888364],[6.943104,4.888387],[6.943254,4.888409],[6.943246,4.888464],[6.94299,4.888427],[6.943001,4.888349],[6.943108,4.888364]]]}},{"type":"Feature","properties":{"h":3.0,"on_route":false},"geometry":{"type":"Polygon","coordinates":[[[6.942695,4.892552],[6.942623,4.892598],[6.942545,4.892475],[6.942618,4.892429],[6.942695,4.892552]]]}},{"type":"Feature","properties":{"h":3.0,"on_route":false},"geometry":{"type":"Polygon","coordinates":[[[6.942469,4.886616],[6.942411,4.886632],[6.942371,4.886492],[6.942429,4.886475],[6.942469,4.886616]]]}},{"type":"Feature","properties":{"h":3.0,"on_route":false},"geometry":{"type":"Polygon","coordinates":[[[6.943358,4.892475],[6.94336,4.892494],[6.943324,4.892499],[6.943321,4.892479],[6.943358,4.892475]]]}},{"type":"Feature","properties":{"h":3.0,"on_route":false},"geometry":{"type":"Polygon","coordinates":[[[6.941528,4.889327],[6.941416,4.889346],[6.941412,4.889326],[6.94139,4.88933],[6.941377,4.889252],[6.941512,4.889229],[6.941528,4.889327]]]}},{"type":"Feature","properties":{"h":3.0,"on_route":false},"geometry":{"type":"Polygon","coordinates":[[[6.941104,4.888029],[6.941077,4.888128],[6.940989,4.888104],[6.941017,4.888005],[6.941104,4.888029]]]}},{"type":"Feature","properties":{"h":3.0,"on_route":false},"geometry":{"type":"Polygon","coordinates":[[[6.941356,4.891561],[6.94136,4.891609],[6.94132,4.891613],[6.941316,4.891565],[6.941356,4.891561]]]}},{"type":"Feature","properties":{"h":3.0,"on_route":false},"geometry":{"type":"Polygon","coordinates":[[[6.940997,4.887424],[6.940996,4.887558],[6.941092,4.887558],[6.941092,4.887662],[6.940911,4.887661],[6.940913,4.887424],[6.940997,4.887424]]]}},{"type":"Feature","properties":{"h":3.0,"on_route":false},"geometry":{"type":"Polygon","coordinates":[[[6.944499,4.894289],[6.94444,4.894295],[6.944424,4.894123],[6.944483,4.894118],[6.944499,4.894289]]]}},{"type":"Feature","properties":{"h":3.0,"on_route":false},"geometry":{"type":"Polygon","coordinates":[[[6.941523,4.892095],[6.941476,4.89211],[6.941509,4.892218],[6.941451,4.892236],[6.941397,4.892057],[6.941501,4.892025],[6.941523,4.892095]]]}},{"type":"Feature","properties":{"h":3.0,"on_route":false},"geometry":{"type":"Polygon","coordinates":[[[6.944796,4.893033],[6.94463,4.893056],[6.944618,4.892972],[6.944784,4.892949],[6.944796,4.893033]]]}},{"type":"Feature","properties":{"h":3.0,"on_route":false},"geometry":{"type":"Polygon","coordinates":[[[6.941491,4.890949],[6.941496,4.89098],[6.941444,4.890988],[6.941439,4.890957],[6.941491,4.890949]]]}},{"type":"Feature","properties":{"h":3.0,"on_route":false},"geometry":{"type":"Polygon","coordinates":[[[6.944278,4.886946],[6.944254,4.88705],[6.944139,4.887024],[6.944162,4.88692],[6.944278,4.886946]]]}},{"type":"Feature","properties":{"h":3.0,"on_route":false},"geometry":{"type":"Polygon","coordinates":[[[6.943044,4.88989],[6.943054,4.890065],[6.942981,4.890069],[6.942971,4.889894],[6.943044,4.88989]]]}},{"type":"Feature","properties":{"h":3.0,"on_route":false},"geometry":{"type":"Polygon","coordinates":[[[6.941919,4.892013],[6.941836,4.892035],[6.941829,4.892009],[6.941716,4.892039],[6.941695,4.891957],[6.941891,4.891905],[6.941919,4.892013]]]}},{"type":"Feature","properties":{"h":3.0,"on_route":false},"geometry":{"type":"Polygon","coordinates":[[[6.9426,4.888168],[6.942429,4.88816],[6.942433,4.888071],[6.942604,4.888078],[6.9426,4.888168]]]}},{"type":"Feature","properties":{"h":3.0,"on_route":false},"geometry":{"type":"Polygon","coordinates":[[[6.939919,4.889744],[6.939915,4.889685],[6.940039,4.889677],[6.940043,4.889735],[6.939919,4.889744]]]}},{"type":"Feature","properties":{"h":3.0,"on_route":false},"geometry":{"type":"Polygon","coordinates":[[[6.946312,4.892702],[6.946254,4.892706],[6.946244,4.892589],[6.946302,4.892584],[6.946312,4.892702]]]}},{"type":"Feature","properties":{"h":3.0,"on_route":false},"geometry":{"type":"Polygon","coordinates":[[[6.943146,4.89421],[6.943061,4.894243],[6.943038,4.894182],[6.943014,4.894192],[6.942991,4.894133],[6.943101,4.894091],[6.943146,4.89421]]]}},{"type":"Feature","properties":{"h":3.0,"on_route":false},"geometry":{"type":"Polygon","coordinates":[[[6.944381,4.88606],[6.944299,4.886233],[6.944244,4.886207],[6.944326,4.886034],[6.944381,4.88606]]]}},{"type":"Feature","properties":{"h":3.0,"on_route":false},"geometry":{"type":"Polygon","coordinates":[[[6.94407,4.889796],[6.944078,4.889925],[6.943989,4.889931],[6.943981,4.889802],[6.94407,4.889796]]]}},{"type":"Feature","properties":{"h":3.0,"on_route":false},"geometry":{"type":"Polygon","coordinates":[[[6.943023,4.893865],[6.94304,4.893912],[6.943031,4.893915],[6.943014,4.893869],[6.943023,4.893865]]]}},{"type":"Feature","properties":{"h":3.0,"on_route":false},"geometry":{"type":"Polygon","coordinates":[[[6.940438,4.889432],[6.940309,4.88944],[6.940305,4.889376],[6.940433,4.889368],[6.940438,4.889432]]]}},{"type":"Feature","properties":{"h":3.0,"on_route":false},"geometry":{"type":"Polygon","coordinates":[[[6.941644,4.889286],[6.941541,4.889304],[6.941528,4.889226],[6.941631,4.889209],[6.941644,4.889286]]]}},{"type":"Feature","properties":{"h":3.0,"on_route":false},"geometry":{"type":"Polygon","coordinates":[[[6.940694,4.888681],[6.940679,4.88875],[6.940587,4.88873],[6.940602,4.888661],[6.940694,4.888681]]]}},{"type":"Feature","properties":{"h":3.0,"on_route":false},"geometry":{"type":"Polygon","coordinates":[[[6.943294,4.891646],[6.943233,4.891668],[6.94321,4.891601],[6.94327,4.89158],[6.943294,4.891646]]]}},{"type":"Feature","properties":{"h":3.0,"on_route":false},"geometry":{"type":"Polygon","coordinates":[[[6.943456,4.889805],[6.943454,4.890004],[6.943387,4.890003],[6.943389,4.889804],[6.943456,4.889805]]]}},{"type":"Feature","properties":{"h":3.0,"on_route":false},"geometry":{"type":"Polygon","coordinates":[[[6.943997,4.887998],[6.944174,4.888018],[6.944168,4.888073],[6.944105,4.888066],[6.944103,4.888082],[6.94406,4.888077],[6.944062,4.888061],[6.943991,4.888053],[6.943997,4.887998]]]}},{"type":"Feature","properties":{"h":3.0,"on_route":false},"geometry":{"type":"Polygon","coordinates":[[[6.942512,4.889077],[6.942499,4.889155],[6.942436,4.889145],[6.942449,4.889066],[6.942512,4.889077]]]}},{"type":"Feature","properties":{"h":3.0,"on_route":false},"geometry":{"type":"Polygon","coordinates":[[[6.942165,4.890124],[6.942041,4.890138],[6.942039,4.89012],[6.941926,4.890133],[6.941917,4.890057],[6.942154,4.89003],[6.942165,4.890124]]]}},{"type":"Feature","properties":{"h":3.0,"on_route":false},"geometry":{"type":"Polygon","coordinates":[[[6.944251,4.886657],[6.94425,4.886679],[6.944229,4.886679],[6.94423,4.886656],[6.944251,4.886657]]]}},{"type":"Feature","properties":{"h":3.0,"on_route":false},"geometry":{"type":"Polygon","coordinates":[[[6.940368,4.891468],[6.940247,4.891505],[6.940228,4.891441],[6.940204,4.891365],[6.940325,4.891328],[6.940368,4.891468]]]}},{"type":"Feature","properties":{"h":3.0,"on_route":false},"geometry":{"type":"Polygon","coordinates":[[[6.943372,4.888811],[6.943351,4.888895],[6.94334,4.888892],[6.943328,4.888941],[6.943253,4.888923],[6.943286,4.88879],[6.943372,4.888811]]]}},{"type":"Feature","properties":{"h":3.0,"on_route":false},"geometry":{"type":"Polygon","coordinates":[[[6.942198,4.888996],[6.942194,4.889032],[6.942129,4.889024],[6.942134,4.888988],[6.942198,4.888996]]]}},{"type":"Feature","properties":{"h":3.0,"on_route":false},"geometry":{"type":"Polygon","coordinates":[[[6.941046,4.887446],[6.941047,4.887399],[6.941095,4.887401],[6.941092,4.887498],[6.941002,4.887496],[6.941004,4.887445],[6.941046,4.887446]]]}},{"type":"Feature","properties":{"h":3.0,"on_route":false},"geometry":{"type":"Polygon","coordinates":[[[6.943428,4.890699],[6.943329,4.890734],[6.943303,4.890661],[6.943402,4.890625],[6.943428,4.890699]]]}},{"type":"Feature","properties":{"h":3.0,"on_route":false},"geometry":{"type":"Polygon","coordinates":[[[6.941644,4.888596],[6.941648,4.888655],[6.941788,4.888646],[6.941792,4.888713],[6.941558,4.888728],[6.94155,4.888602],[6.941644,4.888596]]]}},{"type":"Feature","properties":{"h":3.0,"on_route":false},"geometry":{"type":"Polygon","coordinates":[[[6.944526,4.886733],[6.944498,4.886851],[6.94446,4.886842],[6.944469,4.886806],[6.944438,4.886798],[6.944444,4.886774],[6.94429,4.886736],[6.944305,4.886679],[6.944526,4.886733]]]}},{"type":"Feature","properties":{"h":3.0,"on_route":false},"geometry":{"type":"Polygon","coordinates":[[[6.943485,4.888992],[6.943472,4.889056],[6.943315,4.889023],[6.943328,4.888959],[6.943485,4.888992]]]}},{"type":"Feature","properties":{"h":3.0,"on_route":false},"geometry":{"type":"Polygon","coordinates":[[[6.942935,4.891932],[6.942953,4.892061],[6.942855,4.892074],[6.942837,4.891946],[6.942935,4.891932]]]}},{"type":"Feature","properties":{"h":3.0,"on_route":false},"geometry":{"type":"Polygon","coordinates":[[[6.941123,4.890862],[6.941049,4.890892],[6.941015,4.890806],[6.941088,4.890776],[6.941123,4.890862]]]}},{"type":"Feature","properties":{"h":3.0,"on_route":false},"geometry":{"type":"Polygon","coordinates":[[[6.943843,4.891131],[6.943759,4.891145],[6.943737,4.891016],[6.943822,4.891002],[6.943843,4.891131]]]}},{"type":"Feature","properties":{"h":3.0,"on_route":false},"geometry":{"type":"Polygon","coordinates":[[[6.942724,4.890868],[6.942622,4.89089],[6.942605,4.890816],[6.942708,4.890793],[6.942724,4.890868]]]}},{"type":"Feature","properties":{"h":3.0,"on_route":false},"geometry":{"type":"Polygon","coordinates":[[[6.941991,4.892259],[6.941914,4.892285],[6.941889,4.89221],[6.941965,4.892184],[6.941991,4.892259]]]}},{"type":"Feature","properties":{"h":3.0,"on_route":false},"geometry":{"type":"Polygon","coordinates":[[[6.942922,4.889392],[6.942921,4.889427],[6.94289,4.889426],[6.942892,4.889391],[6.942922,4.889392]]]}},{"type":"Feature","properties":{"h":3.0,"on_route":false},"geometry":{"type":"Polygon","coordinates":[[[6.941571,4.889586],[6.941308,4.889669],[6.941294,4.889625],[6.941557,4.889541],[6.941571,4.889586]]]}},{"type":"Feature","properties":{"h":3.0,"on_route":false},"geometry":{"type":"Polygon","coordinates":[[[6.943132,4.892281],[6.943023,4.892348],[6.942941,4.892215],[6.94305,4.892147],[6.943132,4.892281]]]}},{"type":"Feature","properties":{"h":3.0,"on_route":false},"geometry":{"type":"Polygon","coordinates":[[[6.943238,4.89326],[6.94311,4.893274],[6.9431,4.893182],[6.943228,4.893168],[6.943238,4.89326]]]}},{"type":"Feature","properties":{"h":3.0,"on_route":false},"geometry":{"type":"Polygon","coordinates":[[[6.944757,4.892825],[6.944768,4.892919],[6.944663,4.89293],[6.944653,4.892837],[6.944757,4.892825]]]}},{"type":"Feature","properties":{"h":3.0,"on_route":false},"geometry":{"type":"Polygon","coordinates":[[[6.944237,4.887405],[6.944184,4.887644],[6.944095,4.887624],[6.944106,4.887572],[6.944132,4.887577],[6.944173,4.887391],[6.944237,4.887405]]]}},{"type":"Feature","properties":{"h":3.0,"on_route":false},"geometry":{"type":"Polygon","coordinates":[[[6.945559,4.892521],[6.945556,4.892576],[6.945493,4.892572],[6.945497,4.892517],[6.945559,4.892521]]]}},{"type":"Feature","properties":{"h":3.0,"on_route":false},"geometry":{"type":"Polygon","coordinates":[[[6.946009,4.886557],[6.945919,4.886743],[6.945896,4.886731],[6.945871,4.886782],[6.945791,4.886743],[6.945905,4.886507],[6.946009,4.886557]]]}},{"type":"Feature","properties":{"h":3.0,"on_route":false},"geometry":{"type":"Polygon","coordinates":[[[6.941412,4.888279],[6.941409,4.888333],[6.941418,4.888334],[6.941417,4.888358],[6.941495,4.888363],[6.941496,4.888339],[6.941577,4.888345],[6.941571,4.888431],[6.941314,4.888413],[6.941323,4.888273],[6.941412,4.888279]]]}},{"type":"Feature","properties":{"h":3.0,"on_route":false},"geometry":{"type":"Polygon","coordinates":[[[6.939909,4.890377],[6.939856,4.890401],[6.939795,4.890265],[6.939849,4.890241],[6.939909,4.890377]]]}},{"type":"Feature","properties":{"h":3.0,"on_route":false},"geometry":{"type":"Polygon","coordinates":[[[6.93995,4.890082],[6.939863,4.890102],[6.939845,4.890021],[6.939932,4.890002],[6.93995,4.890082]]]}},{"type":"Feature","properties":{"h":3.0,"on_route":false},"geometry":{"type":"Polygon","coordinates":[[[6.944312,4.891262],[6.944194,4.891277],[6.944187,4.891223],[6.944305,4.891208],[6.944312,4.891262]]]}},{"type":"Feature","properties":{"h":3.0,"on_route":false},"geometry":{"type":"Polygon","coordinates":[[[6.945492,4.889648],[6.945388,4.889657],[6.945376,4.889523],[6.94548,4.889514],[6.945492,4.889648]]]}},{"type":"Feature","properties":{"h":3.0,"on_route":false},"geometry":{"type":"Polygon","coordinates":[[[6.940672,4.890658],[6.940631,4.890675],[6.940618,4.890642],[6.940658,4.890625],[6.940672,4.890658]]]}},{"type":"Feature","properties":{"h":3.0,"on_route":false},"geometry":{"type":"Polygon","coordinates":[[[6.940573,4.890871],[6.940429,4.890915],[6.940413,4.890861],[6.940557,4.890818],[6.940573,4.890871]]]}},{"type":"Feature","properties":{"h":3.0,"on_route":false},"geometry":{"type":"Polygon","coordinates":[[[6.943529,4.888639],[6.94351,4.888701],[6.943401,4.888668],[6.94342,4.888606],[6.943529,4.888639]]]}},{"type":"Feature","properties":{"h":3.0,"on_route":false},"geometry":{"type":"Polygon","coordinates":[[[6.941287,4.89154],[6.941168,4.891602],[6.941135,4.891539],[6.941255,4.891477],[6.941287,4.89154]]]}},{"type":"Feature","properties":{"h":3.0,"on_route":false},"geometry":{"type":"Polygon","coordinates":[[[6.941974,4.88675],[6.941862,4.886797],[6.941834,4.88673],[6.941947,4.886683],[6.941974,4.88675]]]}},{"type":"Feature","properties":{"h":3.0,"on_route":false},"geometry":{"type":"Polygon","coordinates":[[[6.94447,4.887385],[6.944412,4.887367],[6.944468,4.887178],[6.944526,4.887195],[6.94447,4.887385]]]}},{"type":"Feature","properties":{"h":3.0,"on_route":false},"geometry":{"type":"Polygon","coordinates":[[[6.941046,4.888317],[6.940939,4.888287],[6.940956,4.888227],[6.941017,4.888244],[6.941027,4.88821],[6.941071,4.888222],[6.941046,4.888317]]]}},{"type":"Feature","properties":{"h":3.0,"on_route":false},"geometry":{"type":"Polygon","coordinates":[[[6.943805,4.891474],[6.943811,4.891512],[6.943777,4.891517],[6.943771,4.891478],[6.943805,4.891474]]]}},{"type":"Feature","properties":{"h":3.0,"on_route":false},"geometry":{"type":"Polygon","coordinates":[[[6.942897,4.893052],[6.94291,4.893104],[6.942871,4.893115],[6.942858,4.893062],[6.942897,4.893052]]]}},{"type":"Feature","properties":{"h":3.0,"on_route":false},"geometry":{"type":"Polygon","coordinates":[[[6.941108,4.890151],[6.941046,4.890159],[6.941032,4.890049],[6.941094,4.890041],[6.941108,4.890151]]]}},{"type":"Feature","properties":{"h":3.0,"on_route":false},"geometry":{"type":"Polygon","coordinates":[[[6.943719,4.893276],[6.943462,4.893311],[6.943454,4.893252],[6.943711,4.893217],[6.943719,4.893276]]]}},{"type":"Feature","properties":{"h":3.0,"on_route":false},"geometry":{"type":"Polygon","coordinates":[[[6.94383,4.887372],[6.943814,4.887444],[6.943724,4.887424],[6.94374,4.887352],[6.94383,4.887372]]]}},{"type":"Feature","properties":{"h":3.0,"on_route":false},"geometry":{"type":"Polygon","coordinates":[[[6.943191,4.887502],[6.942974,4.887513],[6.94297,4.887426],[6.943028,4.887423],[6.943029,4.887444],[6.943133,4.887438],[6.943131,4.887397],[6.943186,4.887394],[6.943191,4.887502]]]}},{"type":"Feature","properties":{"h":3.0,"on_route":false},"geometry":{"type":"Polygon","coordinates":[[[6.940458,4.890646],[6.940341,4.890664],[6.940324,4.890551],[6.940442,4.890534],[6.940458,4.890646]]]}},{"type":"Feature","properties":{"h":3.0,"on_route":false},"geometry":{"type":"Polygon","coordinates":[[[6.940924,4.889573],[6.940786,4.88962],[6.940806,4.889679],[6.940749,4.889699],[6.940717,4.889604],[6.940822,4.889568],[6.94081,4.889535],[6.940901,4.889504],[6.940924,4.889573]]]}},{"type":"Feature","properties":{"h":3.0,"on_route":false},"geometry":{"type":"Polygon","coordinates":[[[6.941645,4.889374],[6.941442,4.889414],[6.941429,4.889347],[6.941632,4.889307],[6.941645,4.889374]]]}},{"type":"Feature","properties":{"h":3.0,"on_route":false},"geometry":{"type":"Polygon","coordinates":[[[6.944412,4.887367],[6.944367,4.887354],[6.944439,4.887108],[6.944485,4.887121],[6.944412,4.887367]]]}},{"type":"Feature","properties":{"h":3.0,"on_route":false},"geometry":{"type":"Polygon","coordinates":[[[6.945578,4.891677],[6.945576,4.891724],[6.945524,4.891723],[6.945525,4.891675],[6.945578,4.891677]]]}},{"type":"Feature","properties":{"h":3.0,"on_route":false},"geometry":{"type":"Polygon","coordinates":[[[6.942555,4.889525],[6.942613,4.889711],[6.942545,4.889732],[6.942487,4.889547],[6.942555,4.889525]]]}},{"type":"Feature","properties":{"h":3.0,"on_route":true},"geometry":{"type":"Polygon","coordinates":[[[6.94527,4.893912],[6.945199,4.893919],[6.945175,4.893669],[6.945246,4.893662],[6.94527,4.893912]]]}},{"type":"Feature","properties":{"h":3.0,"on_route":false},"geometry":{"type":"Polygon","coordinates":[[[6.946208,4.88809],[6.946094,4.888098],[6.946091,4.888049],[6.946205,4.88804],[6.946208,4.88809]]]}},{"type":"Feature","properties":{"h":3.0,"on_route":false},"geometry":{"type":"Polygon","coordinates":[[[6.941808,4.891927],[6.941621,4.891977],[6.941606,4.891922],[6.941642,4.891913],[6.941634,4.891881],[6.941785,4.891841],[6.941808,4.891927]]]}},{"type":"Feature","properties":{"h":3.0,"on_route":false},"geometry":{"type":"Polygon","coordinates":[[[6.946673,4.892552],[6.946703,4.892827],[6.946622,4.892836],[6.946592,4.892561],[6.946673,4.892552]]]}},{"type":"Feature","properties":{"h":3.0,"on_route":false},"geometry":{"type":"Polygon","coordinates":[[[6.945566,4.891234],[6.945556,4.891392],[6.945581,4.891394],[6.945576,4.891489],[6.945476,4.891483],[6.945491,4.891229],[6.945566,4.891234]]]}},{"type":"Feature","properties":{"h":3.0,"on_route":false},"geometry":{"type":"Polygon","coordinates":[[[6.94191,4.888585],[6.941841,4.888597],[6.941828,4.888517],[6.941897,4.888506],[6.94191,4.888585]]]}},{"type":"Feature","properties":{"h":3.0,"on_route":false},"geometry":{"type":"Polygon","coordinates":[[[6.94633,4.887017],[6.946262,4.887181],[6.946204,4.887157],[6.946272,4.886993],[6.94633,4.887017]]]}},{"type":"Feature","properties":{"h":3.0,"on_route":true},"geometry":{"type":"Polygon","coordinates":[[[6.945126,4.892432],[6.94512,4.892474],[6.945087,4.89247],[6.945092,4.892428],[6.945126,4.892432]]]}},{"type":"Feature","properties":{"h":3.0,"on_route":false},"geometry":{"type":"Polygon","coordinates":[[[6.943456,4.89326],[6.943488,4.893411],[6.943428,4.893424],[6.943397,4.893272],[6.943456,4.89326]]]}},{"type":"Feature","properties":{"h":3.0,"on_route":false},"geometry":{"type":"Polygon","coordinates":[[[6.941618,4.887505],[6.941462,4.887517],[6.941458,4.887463],[6.941502,4.88746],[6.941499,4.887416],[6.94161,4.887407],[6.941618,4.887505]]]}},{"type":"Feature","properties":{"h":3.0,"on_route":false},"geometry":{"type":"Polygon","coordinates":[[[6.940266,4.889069],[6.940253,4.889141],[6.940156,4.889123],[6.940169,4.889051],[6.940266,4.889069]]]}},{"type":"Feature","properties":{"h":3.0,"on_route":false},"geometry":{"type":"Polygon","coordinates":[[[6.941216,4.88938],[6.941222,4.889415],[6.941184,4.889422],[6.941178,4.889387],[6.941216,4.88938]]]}},{"type":"Feature","properties":{"h":3.0,"on_route":false},"geometry":{"type":"Polygon","coordinates":[[[6.941345,4.888176],[6.94134,4.888226],[6.941248,4.888215],[6.941254,4.888166],[6.941345,4.888176]]]}},{"type":"Feature","properties":{"h":3.0,"on_route":false},"geometry":{"type":"Polygon","coordinates":[[[6.941129,4.893246],[6.940954,4.893349],[6.940923,4.893297],[6.941098,4.893194],[6.941129,4.893246]]]}},{"type":"Feature","properties":{"h":3.0,"on_route":false},"geometry":{"type":"Polygon","coordinates":[[[6.942999,4.890541],[6.94289,4.890568],[6.942861,4.890454],[6.94297,4.890426],[6.942999,4.890541]]]}},{"type":"Feature","properties":{"h":3.0,"on_route":false},"geometry":{"type":"Polygon","coordinates":[[[6.939895,4.890553],[6.939816,4.890575],[6.939788,4.890468],[6.939867,4.890447],[6.939895,4.890553]]]}},{"type":"Feature","properties":{"h":3.0,"on_route":false},"geometry":{"type":"Polygon","coordinates":[[[6.940877,4.890456],[6.940822,4.890478],[6.94081,4.89045],[6.940865,4.890427],[6.940877,4.890456]]]}},{"type":"Feature","properties":{"h":3.0,"on_route":false},"geometry":{"type":"Polygon","coordinates":[[[6.941295,4.888528],[6.941291,4.888581],[6.941233,4.888577],[6.941237,4.888524],[6.941295,4.888528]]]}},{"type":"Feature","properties":{"h":3.0,"on_route":true},"geometry":{"type":"Polygon","coordinates":[[[6.945323,4.891117],[6.945248,4.891147],[6.945163,4.890935],[6.945237,4.890905],[6.945323,4.891117]]]}},{"type":"Feature","properties":{"h":3.0,"on_route":false},"geometry":{"type":"Polygon","coordinates":[[[6.94239,4.890417],[6.942323,4.890431],[6.942277,4.890201],[6.942344,4.890187],[6.94239,4.890417]]]}},{"type":"Feature","properties":{"h":3.0,"on_route":false},"geometry":{"type":"Polygon","coordinates":[[[6.944456,4.888043],[6.944442,4.888102],[6.944337,4.888077],[6.944351,4.888018],[6.944456,4.888043]]]}},{"type":"Feature","properties":{"h":3.0,"on_route":false},"geometry":{"type":"Polygon","coordinates":[[[6.943999,4.891357],[6.943804,4.891411],[6.943786,4.891343],[6.94398,4.891289],[6.943999,4.891357]]]}},{"type":"Feature","properties":{"h":3.0,"on_route":false},"geometry":{"type":"Polygon","coordinates":[[[6.940778,4.89138],[6.940615,4.891498],[6.94056,4.891421],[6.940724,4.891303],[6.940778,4.89138]]]}},{"type":"Feature","properties":{"h":3.0,"on_route":false},"geometry":{"type":"Polygon","coordinates":[[[6.940997,4.889598],[6.940939,4.889617],[6.94092,4.889557],[6.940978,4.889539],[6.940997,4.889598]]]}},{"type":"Feature","properties":{"h":3.0,"on_route":false},"geometry":{"type":"Polygon","coordinates":[[[6.94152,4.892451],[6.941468,4.892471],[6.941429,4.892369],[6.941383,4.892387],[6.941354,4.89231],[6.941451,4.892272],[6.94152,4.892451]]]}},{"type":"Feature","properties":{"h":3.0,"on_route":false},"geometry":{"type":"Polygon","coordinates":[[[6.941174,4.891247],[6.941044,4.891327],[6.941017,4.891282],[6.941147,4.891203],[6.941174,4.891247]]]}},{"type":"Feature","properties":{"h":3.0,"on_route":false},"geometry":{"type":"Polygon","coordinates":[[[6.943525,4.886572],[6.94353,4.886626],[6.9435,4.886628],[6.943495,4.886574],[6.943525,4.886572]]]}},{"type":"Feature","properties":{"h":3.0,"on_route":false},"geometry":{"type":"Polygon","coordinates":[[[6.945383,4.887825],[6.945382,4.887901],[6.94527,4.8879],[6.945271,4.887824],[6.945383,4.887825]]]}},{"type":"Feature","properties":{"h":3.0,"on_route":false},"geometry":{"type":"Polygon","coordinates":[[[6.940293,4.891663],[6.940191,4.891697],[6.940175,4.89165],[6.940277,4.891616],[6.940293,4.891663]]]}},{"type":"Feature","properties":{"h":3.0,"on_route":false},"geometry":{"type":"Polygon","coordinates":[[[6.942042,4.889955],[6.941977,4.889961],[6.941967,4.889838],[6.942032,4.889832],[6.942042,4.889955]]]}},{"type":"Feature","properties":{"h":3.0,"on_route":false},"geometry":{"type":"Polygon","coordinates":[[[6.940734,4.889027],[6.940682,4.889029],[6.940676,4.888885],[6.940727,4.888883],[6.940734,4.889027]]]}},{"type":"Feature","properties":{"h":3.0,"on_route":false},"geometry":{"type":"Polygon","coordinates":[[[6.940582,4.889317],[6.940588,4.889388],[6.940534,4.889393],[6.940528,4.889322],[6.940582,4.889317]]]}},{"type":"Feature","properties":{"h":3.0,"on_route":false},"geometry":{"type":"Polygon","coordinates":[[[6.940363,4.889235],[6.940358,4.889294],[6.940314,4.88929],[6.940319,4.889231],[6.940363,4.889235]]]}},{"type":"Feature","properties":{"h":3.0,"on_route":false},"geometry":{"type":"Polygon","coordinates":[[[6.941213,4.887738],[6.941195,4.887861],[6.941216,4.887864],[6.941204,4.887945],[6.941027,4.88792],[6.941046,4.887784],[6.941035,4.887782],[6.941045,4.887714],[6.941213,4.887738]]]}},{"type":"Feature","properties":{"h":3.0,"on_route":false},"geometry":{"type":"Polygon","coordinates":[[[6.94562,4.892041],[6.945526,4.892048],[6.945515,4.891896],[6.945609,4.89189],[6.94562,4.892041]]]}},{"type":"Feature","properties":{"h":3.0,"on_route":false},"geometry":{"type":"Polygon","coordinates":[[[6.942306,4.890639],[6.942166,4.890663],[6.942146,4.890545],[6.942286,4.890521],[6.942306,4.890639]]]}},{"type":"Feature","properties":{"h":3.0,"on_route":false},"geometry":{"type":"Polygon","coordinates":[[[6.940652,4.889574],[6.940474,4.889635],[6.940436,4.889524],[6.940614,4.889462],[6.940652,4.889574]]]}},{"type":"Feature","properties":{"h":3.0,"on_route":false},"geometry":{"type":"Polygon","coordinates":[[[6.941771,4.887075],[6.941729,4.887077],[6.941727,4.887035],[6.941768,4.887033],[6.941771,4.887075]]]}},{"type":"Feature","properties":{"h":3.0,"on_route":false},"geometry":{"type":"Polygon","coordinates":[[[6.943071,4.894083],[6.942985,4.894116],[6.942974,4.894087],[6.942955,4.894094],[6.942938,4.894049],[6.942982,4.894033],[6.942951,4.893953],[6.942908,4.893969],[6.942892,4.893925],[6.942996,4.893885],[6.943071,4.894083]]]}},{"type":"Feature","properties":{"h":3.0,"on_route":false},"geometry":{"type":"Polygon","coordinates":[[[6.941498,4.890512],[6.941435,4.890521],[6.941393,4.890214],[6.941457,4.890205],[6.941498,4.890512]]]}},{"type":"Feature","properties":{"h":3.0,"on_route":false},"geometry":{"type":"Polygon","coordinates":[[[6.939933,4.891185],[6.939855,4.891199],[6.939841,4.891117],[6.939918,4.891102],[6.939933,4.891185]]]}},{"type":"Feature","properties":{"h":3.0,"on_route":false},"geometry":{"type":"Polygon","coordinates":[[[6.943471,4.889125],[6.943473,4.889105],[6.943509,4.889108],[6.943503,4.889187],[6.943264,4.889169],[6.943269,4.88911],[6.943471,4.889125]]]}},{"type":"Feature","properties":{"h":3.0,"on_route":false},"geometry":{"type":"Polygon","coordinates":[[[6.942417,4.887108],[6.942347,4.887118],[6.942339,4.887067],[6.942409,4.887057],[6.942417,4.887108]]]}},{"type":"Feature","properties":{"h":3.0,"on_route":true},"geometry":{"type":"Polygon","coordinates":[[[6.945387,4.89291],[6.945374,4.893029],[6.945275,4.893018],[6.945288,4.8929],[6.945387,4.89291]]]}},{"type":"Feature","properties":{"h":3.0,"on_route":false},"geometry":{"type":"Polygon","coordinates":[[[6.944398,4.887721],[6.944384,4.887771],[6.944546,4.887817],[6.944518,4.887915],[6.944276,4.887846],[6.944318,4.887698],[6.944398,4.887721]]]}},{"type":"Feature","properties":{"h":3.0,"on_route":false},"geometry":{"type":"Polygon","coordinates":[[[6.945419,4.88895],[6.94543,4.889091],[6.945328,4.889099],[6.945316,4.888958],[6.945419,4.88895]]]}},{"type":"Feature","properties":{"h":3.0,"on_route":false},"geometry":{"type":"Polygon","coordinates":[[[6.940854,4.888162],[6.940828,4.888257],[6.940708,4.888223],[6.940734,4.888129],[6.940854,4.888162]]]}},{"type":"Feature","properties":{"h":3.0,"on_route":false},"geometry":{"type":"Polygon","coordinates":[[[6.943428,4.893567],[6.943455,4.893761],[6.943406,4.893767],[6.94338,4.893573],[6.943428,4.893567]]]}},{"type":"Feature","properties":{"h":3.0,"on_route":false},"geometry":{"type":"Polygon","coordinates":[[[6.942697,4.889782],[6.942693,4.889847],[6.942631,4.889844],[6.942634,4.889778],[6.942697,4.889782]]]}},{"type":"Feature","properties":{"h":3.0,"on_route":false},"geometry":{"type":"Polygon","coordinates":[[[6.943043,4.889863],[6.94297,4.889867],[6.942965,4.889785],[6.943038,4.889781],[6.943043,4.889863]]]}},{"type":"Feature","properties":{"h":3.0,"on_route":false},"geometry":{"type":"Polygon","coordinates":[[[6.940885,4.891784],[6.940736,4.891867],[6.940692,4.891788],[6.940841,4.891705],[6.940885,4.891784]]]}},{"type":"Feature","properties":{"h":3.0,"on_route":false},"geometry":{"type":"Polygon","coordinates":[[[6.940893,4.891106],[6.940785,4.891165],[6.940722,4.89105],[6.94083,4.89099],[6.940893,4.891106]]]}},{"type":"Feature","properties":{"h":3.0,"on_route":false},"geometry":{"type":"Polygon","coordinates":[[[6.94648,4.893302],[6.946495,4.893429],[6.946419,4.893438],[6.946403,4.893311],[6.94648,4.893302]]]}},{"type":"Feature","properties":{"h":3.0,"on_route":false},"geometry":{"type":"Polygon","coordinates":[[[6.942178,4.888578],[6.942184,4.888548],[6.942286,4.888572],[6.942257,4.888695],[6.942117,4.888661],[6.942139,4.888569],[6.942178,4.888578]]]}},{"type":"Feature","properties":{"h":3.0,"on_route":false},"geometry":{"type":"Polygon","coordinates":[[[6.944321,4.88922],[6.944291,4.889225],[6.944287,4.889198],[6.944317,4.889193],[6.944321,4.88922]]]}},{"type":"Feature","properties":{"h":3.0,"on_route":false},"geometry":{"type":"Polygon","coordinates":[[[6.943371,4.889273],[6.943369,4.889322],[6.943273,4.889317],[6.943275,4.889268],[6.943371,4.889273]]]}},{"type":"Feature","properties":{"h":3.0,"on_route":false},"geometry":{"type":"Polygon","coordinates":[[[6.944714,4.892684],[6.944714,4.89271],[6.944674,4.89271],[6.944674,4.892684],[6.944714,4.892684]]]}},{"type":"Feature","properties":{"h":3.0,"on_route":false},"geometry":{"type":"Polygon","coordinates":[[[6.944714,4.892108],[6.944736,4.892338],[6.944697,4.892342],[6.944674,4.892112],[6.944714,4.892108]]]}},{"type":"Feature","properties":{"h":3.0,"on_route":false},"geometry":{"type":"Polygon","coordinates":[[[6.946567,4.892176],[6.94657,4.8922],[6.946521,4.892206],[6.946518,4.892181],[6.946567,4.892176]]]}},{"type":"Feature","properties":{"h":3.0,"on_route":false},"geometry":{"type":"Polygon","coordinates":[[[6.940107,4.890466],[6.940061,4.890486],[6.940008,4.890366],[6.940053,4.890346],[6.940107,4.890466]]]}},{"type":"Feature","properties":{"h":3.0,"on_route":false},"geometry":{"type":"Polygon","coordinates":[[[6.940482,4.889997],[6.940404,4.890026],[6.940382,4.889966],[6.940459,4.889937],[6.940482,4.889997]]]}},{"type":"Feature","properties":{"h":3.0,"on_route":false},"geometry":{"type":"Polygon","coordinates":[[[6.941839,4.892536],[6.941814,4.892548],[6.941858,4.89264],[6.941769,4.892682],[6.941692,4.89252],[6.941806,4.892467],[6.941839,4.892536]]]}},{"type":"Feature","properties":{"h":3.0,"on_route":false},"geometry":{"type":"Polygon","coordinates":[[[6.941473,4.890526],[6.941486,4.890564],[6.941547,4.890542],[6.94159,4.890667],[6.941488,4.890702],[6.941432,4.89054],[6.941473,4.890526]]]}},{"type":"Feature","properties":{"h":3.0,"on_route":false},"geometry":{"type":"Polygon","coordinates":[[[6.943468,4.887278],[6.943439,4.887424],[6.94339,4.887415],[6.943418,4.887268],[6.943468,4.887278]]]}},{"type":"Feature","properties":{"h":3.0,"on_route":false},"geometry":{"type":"Polygon","coordinates":[[[6.945856,4.888896],[6.945724,4.888908],[6.945714,4.888794],[6.945847,4.888783],[6.945856,4.888896]]]}},{"type":"Feature","properties":{"h":3.0,"on_route":false},"geometry":{"type":"Polygon","coordinates":[[[6.946387,4.892854],[6.946394,4.89294],[6.946332,4.892945],[6.946325,4.892859],[6.946387,4.892854]]]}},{"type":"Feature","properties":{"h":3.0,"on_route":false},"geometry":{"type":"Polygon","coordinates":[[[6.94307,4.886995],[6.943192,4.887],[6.943189,4.887074],[6.943067,4.88707],[6.94307,4.886995]]]}},{"type":"Feature","properties":{"h":3.0,"on_route":false},"geometry":{"type":"Polygon","coordinates":[[[6.941639,4.891657],[6.941579,4.891673],[6.941543,4.891534],[6.941602,4.891518],[6.941639,4.891657]]]}},{"type":"Feature","properties":{"h":3.0,"on_route":false},"geometry":{"type":"Polygon","coordinates":[[[6.942301,4.88928],[6.9423,4.889301],[6.942266,4.889298],[6.942267,4.889277],[6.942301,4.88928]]]}},{"type":"Feature","properties":{"h":3.0,"on_route":false},"geometry":{"type":"Polygon","coordinates":[[[6.942287,4.88825],[6.942283,4.888301],[6.942239,4.888298],[6.942242,4.888247],[6.942287,4.88825]]]}},{"type":"Feature","properties":{"h":3.0,"on_route":false},"geometry":{"type":"Polygon","coordinates":[[[6.943687,4.888806],[6.943684,4.888877],[6.943639,4.888875],[6.943642,4.888804],[6.943687,4.888806]]]}},{"type":"Feature","properties":{"h":3.0,"on_route":false},"geometry":{"type":"Polygon","coordinates":[[[6.943488,4.893408],[6.943522,4.893535],[6.943467,4.89355],[6.943448,4.893479],[6.943373,4.893499],[6.943358,4.893444],[6.943488,4.893408]]]}},{"type":"Feature","properties":{"h":3.0,"on_route":true},"geometry":{"type":"Polygon","coordinates":[[[6.944926,4.893352],[6.944861,4.893358],[6.944853,4.893269],[6.944918,4.893263],[6.944926,4.893352]]]}},{"type":"Feature","properties":{"h":3.0,"on_route":false},"geometry":{"type":"Polygon","coordinates":[[[6.943753,4.887546],[6.943719,4.887698],[6.943665,4.887685],[6.943699,4.887534],[6.943753,4.887546]]]}},{"type":"Feature","properties":{"h":3.0,"on_route":false},"geometry":{"type":"Polygon","coordinates":[[[6.944789,4.887043],[6.944773,4.887115],[6.94465,4.887088],[6.944665,4.887015],[6.944789,4.887043]]]}},{"type":"Feature","properties":{"h":3.0,"on_route":false},"geometry":{"type":"Polygon","coordinates":[[[6.943546,4.892282],[6.943485,4.892295],[6.943477,4.892257],[6.943538,4.892243],[6.943546,4.892282]]]}},{"type":"Feature","properties":{"h":3.0,"on_route":false},"geometry":{"type":"Polygon","coordinates":[[[6.941003,4.889928],[6.940929,4.889941],[6.940922,4.889897],[6.940995,4.889884],[6.941003,4.889928]]]}},{"type":"Feature","properties":{"h":3.0,"on_route":false},"geometry":{"type":"Polygon","coordinates":[[[6.943835,4.887866],[6.94383,4.887931],[6.943694,4.887919],[6.9437,4.887854],[6.943835,4.887866]]]}},{"type":"Feature","properties":{"h":3.0,"on_route":false},"geometry":{"type":"Polygon","coordinates":[[[6.940387,4.891579],[6.940316,4.891601],[6.940284,4.891494],[6.940354,4.891472],[6.940387,4.891579]]]}},{"type":"Feature","properties":{"h":3.0,"on_route":false},"geometry":{"type":"Polygon","coordinates":[[[6.941331,4.887199],[6.941187,4.887223],[6.941178,4.887162],[6.941322,4.887139],[6.941331,4.887199]]]}},{"type":"Feature","properties":{"h":3.0,"on_route":false},"geometry":{"type":"Polygon","coordinates":[[[6.940761,4.890329],[6.940664,4.890369],[6.940642,4.890317],[6.940739,4.890277],[6.940761,4.890329]]]}},{"type":"Feature","properties":{"h":3.0,"on_route":false},"geometry":{"type":"Polygon","coordinates":[[[6.945478,4.889363],[6.945394,4.88937],[6.945389,4.889312],[6.945474,4.889305],[6.945478,4.889363]]]}},{"type":"Feature","properties":{"h":3.0,"on_route":false},"geometry":{"type":"Polygon","coordinates":[[[6.94276,4.890248],[6.942719,4.89026],[6.94271,4.890228],[6.942751,4.890216],[6.94276,4.890248]]]}},{"type":"Feature","properties":{"h":3.0,"on_route":false},"geometry":{"type":"Polygon","coordinates":[[[6.941174,4.889955],[6.941116,4.889974],[6.941081,4.889864],[6.941139,4.889846],[6.941174,4.889955]]]}},{"type":"Feature","properties":{"h":3.0,"on_route":false},"geometry":{"type":"Polygon","coordinates":[[[6.946276,4.887821],[6.946224,4.887819],[6.946228,4.887709],[6.94628,4.887711],[6.946276,4.887821]]]}},{"type":"Feature","properties":{"h":3.0,"on_route":false},"geometry":{"type":"Polygon","coordinates":[[[6.941502,4.888534],[6.941361,4.888541],[6.941359,4.88849],[6.941499,4.888483],[6.941502,4.888534]]]}},{"type":"Feature","properties":{"h":3.0,"on_route":false},"geometry":{"type":"Polygon","coordinates":[[[6.94633,4.889095],[6.946324,4.889166],[6.946202,4.889154],[6.946209,4.889084],[6.94633,4.889095]]]}},{"type":"Feature","properties":{"h":3.0,"on_route":false},"geometry":{"type":"Polygon","coordinates":[[[6.944358,4.889743],[6.94436,4.889928],[6.944301,4.889929],[6.9443,4.889743],[6.944358,4.889743]]]}},{"type":"Feature","properties":{"h":3.0,"on_route":false},"geometry":{"type":"Polygon","coordinates":[[[6.943264,4.888791],[6.94326,4.888841],[6.943232,4.888838],[6.943236,4.888789],[6.943264,4.888791]]]}},{"type":"Feature","properties":{"h":3.0,"on_route":false},"geometry":{"type":"Polygon","coordinates":[[[6.946803,4.892389],[6.946702,4.892402],[6.946677,4.892199],[6.946777,4.892186],[6.946803,4.892389]]]}},{"type":"Feature","properties":{"h":3.0,"on_route":false},"geometry":{"type":"Polygon","coordinates":[[[6.94317,4.89037],[6.943106,4.890388],[6.943062,4.890232],[6.943125,4.890214],[6.94317,4.89037]]]}},{"type":"Feature","properties":{"h":3.0,"on_route":false},"geometry":{"type":"Polygon","coordinates":[[[6.945608,4.892678],[6.945604,4.892783],[6.945503,4.892779],[6.945507,4.892674],[6.945608,4.892678]]]}},{"type":"Feature","properties":{"h":3.0,"on_route":false},"geometry":{"type":"Polygon","coordinates":[[[6.945743,4.889981],[6.945734,4.890191],[6.945657,4.890187],[6.945666,4.889977],[6.945743,4.889981]]]}},{"type":"Feature","properties":{"h":3.0,"on_route":false},"geometry":{"type":"Polygon","coordinates":[[[6.943288,4.890522],[6.94314,4.890558],[6.943125,4.890494],[6.943272,4.890458],[6.943288,4.890522]]]}},{"type":"Feature","properties":{"h":3.0,"on_route":false},"geometry":{"type":"Polygon","coordinates":[[[6.941015,4.892352],[6.940917,4.892392],[6.940875,4.892285],[6.940973,4.892246],[6.941015,4.892352]]]}},{"type":"Feature","properties":{"h":3.0,"on_route":false},"geometry":{"type":"Polygon","coordinates":[[[6.942914,4.888038],[6.942912,4.888072],[6.94288,4.888069],[6.942882,4.888036],[6.942914,4.888038]]]}},{"type":"Feature","properties":{"h":3.0,"on_route":false},"geometry":{"type":"Polygon","coordinates":[[[6.946714,4.892115],[6.946666,4.892119],[6.94665,4.891935],[6.946699,4.891931],[6.946714,4.892115]]]}},{"type":"Feature","properties":{"h":3.0,"on_route":false},"geometry":{"type":"Polygon","coordinates":[[[6.940969,4.890897],[6.941069,4.891066],[6.941026,4.891091],[6.940927,4.890922],[6.940969,4.890897]]]}},{"type":"Feature","properties":{"h":3.0,"on_route":false},"geometry":{"type":"Polygon","coordinates":[[[6.940106,4.889928],[6.940119,4.89002],[6.940082,4.890025],[6.940069,4.889934],[6.940106,4.889928]]]}},{"type":"Feature","properties":{"h":3.0,"on_route":false},"geometry":{"type":"Polygon","coordinates":[[[6.941769,4.890136],[6.941691,4.890142],[6.941682,4.890013],[6.94176,4.890008],[6.941769,4.890136]]]}},{"type":"Feature","properties":{"h":3.0,"on_route":false},"geometry":{"type":"Polygon","coordinates":[[[6.94044,4.89185],[6.940236,4.891924],[6.940218,4.891873],[6.94041,4.891804],[6.94042,4.891832],[6.940432,4.891827],[6.94044,4.89185]]]}},{"type":"Feature","properties":{"h":3.0,"on_route":false},"geometry":{"type":"Polygon","coordinates":[[[6.942825,4.889544],[6.942771,4.889564],[6.942722,4.889436],[6.942775,4.889415],[6.942825,4.889544]]]}},{"type":"Feature","properties":{"h":3.0,"on_route":true},"geometry":{"type":"Polygon","coordinates":[[[6.945336,4.892527],[6.945325,4.892682],[6.945235,4.892676],[6.945246,4.892521],[6.945336,4.892527]]]}},{"type":"Feature","properties":{"h":3.0,"on_route":false},"geometry":{"type":"Polygon","coordinates":[[[6.944872,4.888582],[6.944812,4.888599],[6.944759,4.888412],[6.944818,4.888395],[6.944872,4.888582]]]}},{"type":"Feature","properties":{"h":3.0,"on_route":false},"geometry":{"type":"Polygon","coordinates":[[[6.943501,4.893556],[6.943523,4.89368],[6.943447,4.893693],[6.943425,4.89357],[6.943501,4.893556]]]}},{"type":"Feature","properties":{"h":3.0,"on_route":false},"geometry":{"type":"Polygon","coordinates":[[[6.94453,4.887479],[6.944519,4.887529],[6.944538,4.887533],[6.944515,4.88764],[6.944421,4.887619],[6.944454,4.887463],[6.94453,4.887479]]]}},{"type":"Feature","properties":{"h":3.0,"on_route":false},"geometry":{"type":"Polygon","coordinates":[[[6.943896,4.891501],[6.943829,4.891519],[6.9438,4.891412],[6.943866,4.891393],[6.943896,4.891501]]]}},{"type":"Feature","properties":{"h":3.0,"on_route":false},"geometry":{"type":"Polygon","coordinates":[[[6.94491,4.890049],[6.944909,4.890076],[6.944839,4.890071],[6.944841,4.890045],[6.94491,4.890049]]]}},{"type":"Feature","properties":{"h":3.0,"on_route":false},"geometry":{"type":"Polygon","coordinates":[[[6.94413,4.894031],[6.944141,4.894154],[6.944054,4.894163],[6.944042,4.89404],[6.94413,4.894031]]]}},{"type":"Feature","properties":{"h":3.0,"on_route":false},"geometry":{"type":"Polygon","coordinates":[[[6.943856,4.888556],[6.943853,4.888663],[6.943657,4.888657],[6.94366,4.88855],[6.943856,4.888556]]]}},{"type":"Feature","properties":{"h":3.0,"on_route":false},"geometry":{"type":"Polygon","coordinates":[[[6.942628,4.889379],[6.942697,4.889557],[6.942637,4.889581],[6.942569,4.889402],[6.942628,4.889379]]]}},{"type":"Feature","properties":{"h":3.0,"on_route":false},"geometry":{"type":"Polygon","coordinates":[[[6.94126,4.889079],[6.941085,4.889093],[6.941082,4.889054],[6.941161,4.889048],[6.941154,4.888953],[6.941249,4.888945],[6.94126,4.889079]]]}},{"type":"Feature","properties":{"h":3.0,"on_route":false},"geometry":{"type":"Polygon","coordinates":[[[6.940979,4.892914],[6.94092,4.892943],[6.940938,4.89298],[6.940779,4.893058],[6.940712,4.892919],[6.940929,4.892812],[6.940979,4.892914]]]}},{"type":"Feature","properties":{"h":3.0,"on_route":false},"geometry":{"type":"Polygon","coordinates":[[[6.943376,4.894242],[6.943285,4.894266],[6.943254,4.894152],[6.943346,4.894127],[6.943376,4.894242]]]}},{"type":"Feature","properties":{"h":3.0,"on_route":false},"geometry":{"type":"Polygon","coordinates":[[[6.945708,4.890751],[6.945707,4.890815],[6.945616,4.890813],[6.945618,4.890749],[6.945708,4.890751]]]}},{"type":"Feature","properties":{"h":3.0,"on_route":false},"geometry":{"type":"Polygon","coordinates":[[[6.942831,4.887975],[6.942829,4.888118],[6.942728,4.888116],[6.942731,4.887973],[6.942831,4.887975]]]}},{"type":"Feature","properties":{"h":3.0,"on_route":false},"geometry":{"type":"Polygon","coordinates":[[[6.945531,4.888931],[6.945542,4.889048],[6.945428,4.889059],[6.945416,4.888943],[6.945531,4.888931]]]}},{"type":"Feature","properties":{"h":3.0,"on_route":false},"geometry":{"type":"Polygon","coordinates":[[[6.946295,4.890611],[6.946056,4.890644],[6.946048,4.890586],[6.946287,4.890553],[6.946295,4.890611]]]}},{"type":"Feature","properties":{"h":3.0,"on_route":false},"geometry":{"type":"Polygon","coordinates":[[[6.941759,4.888156],[6.941751,4.888246],[6.941654,4.888237],[6.941663,4.888147],[6.941759,4.888156]]]}},{"type":"Feature","properties":{"h":3.0,"on_route":true},"geometry":{"type":"Polygon","coordinates":[[[6.945177,4.893259],[6.945131,4.893266],[6.945127,4.893241],[6.945173,4.893233],[6.945177,4.893259]]]}},{"type":"Feature","properties":{"h":3.0,"on_route":false},"geometry":{"type":"Polygon","coordinates":[[[6.943087,4.887899],[6.943072,4.88801],[6.943042,4.888006],[6.943057,4.887895],[6.943087,4.887899]]]}},{"type":"Feature","properties":{"h":3.0,"on_route":false},"geometry":{"type":"Polygon","coordinates":[[[6.94217,4.888247],[6.942064,4.888241],[6.942076,4.888036],[6.942182,4.888042],[6.94217,4.888247]]]}},{"type":"Feature","properties":{"h":3.0,"on_route":false},"geometry":{"type":"Polygon","coordinates":[[[6.941372,4.889054],[6.941368,4.889022],[6.941323,4.889028],[6.941316,4.88897],[6.941455,4.888951],[6.941467,4.889041],[6.941372,4.889054]]]}},{"type":"Feature","properties":{"h":3.0,"on_route":false},"geometry":{"type":"Polygon","coordinates":[[[6.941215,4.888689],[6.941186,4.888691],[6.941187,4.888709],[6.941097,4.888716],[6.941089,4.888608],[6.941158,4.888603],[6.941156,4.888569],[6.941206,4.888565],[6.941215,4.888689]]]}},{"type":"Feature","properties":{"h":3.0,"on_route":true},"geometry":{"type":"Polygon","coordinates":[[[6.945352,4.891773],[6.945368,4.892024],[6.945245,4.892032],[6.945229,4.891781],[6.945352,4.891773]]]}},{"type":"Feature","properties":{"h":3.0,"on_route":false},"geometry":{"type":"Polygon","coordinates":[[[6.943653,4.89277],[6.943584,4.892791],[6.943536,4.892634],[6.943605,4.892613],[6.943653,4.89277]]]}},{"type":"Feature","properties":{"h":3.0,"on_route":false},"geometry":{"type":"Polygon","coordinates":[[[6.941858,4.890929],[6.941862,4.890988],[6.941803,4.890993],[6.941799,4.890934],[6.941858,4.890929]]]}},{"type":"Feature","properties":{"h":3.0,"on_route":false},"geometry":{"type":"Polygon","coordinates":[[[6.94291,4.893104],[6.942925,4.893161],[6.942886,4.893171],[6.942871,4.893115],[6.94291,4.893104]]]}},{"type":"Feature","properties":{"h":3.0,"on_route":false},"geometry":{"type":"Polygon","coordinates":[[[6.944274,4.889026],[6.944173,4.889028],[6.94417,4.888904],[6.944235,4.888902],[6.944234,4.888876],[6.94427,4.888876],[6.944274,4.889026]]]}},{"type":"Feature","properties":{"h":3.0,"on_route":false},"geometry":{"type":"Polygon","coordinates":[[[6.941194,4.887263],[6.941024,4.887291],[6.941008,4.88719],[6.941178,4.887162],[6.941194,4.887263]]]}},{"type":"Feature","properties":{"h":3.0,"on_route":false},"geometry":{"type":"Polygon","coordinates":[[[6.945882,4.889324],[6.94575,4.889335],[6.945737,4.889187],[6.94587,4.889176],[6.945882,4.889324]]]}},{"type":"Feature","properties":{"h":3.0,"on_route":false},"geometry":{"type":"Polygon","coordinates":[[[6.94314,4.890558],[6.943074,4.890574],[6.943058,4.890511],[6.943125,4.890494],[6.94314,4.890558]]]}},{"type":"Feature","properties":{"h":3.0,"on_route":false},"geometry":{"type":"Polygon","coordinates":[[[6.941905,4.88989],[6.941911,4.889955],[6.941862,4.889959],[6.941856,4.889894],[6.941905,4.88989]]]}},{"type":"Feature","properties":{"h":3.0,"on_route":false},"geometry":{"type":"Polygon","coordinates":[[[6.943247,4.889781],[6.943247,4.889867],[6.943064,4.889865],[6.943065,4.889779],[6.943247,4.889781]]]}},{"type":"Feature","properties":{"h":3.0,"on_route":false},"geometry":{"type":"Polygon","coordinates":[[[6.940126,4.889043],[6.940121,4.889073],[6.940131,4.889075],[6.940119,4.889151],[6.940078,4.889144],[6.940075,4.889166],[6.939991,4.889152],[6.940007,4.889054],[6.940036,4.889059],[6.940041,4.889029],[6.940126,4.889043]]]}},{"type":"Feature","properties":{"h":3.0,"on_route":false},"geometry":{"type":"Polygon","coordinates":[[[6.944207,4.89325],[6.944061,4.893267],[6.944055,4.893217],[6.944201,4.8932],[6.944207,4.89325]]]}},{"type":"Feature","properties":{"h":3.0,"on_route":false},"geometry":{"type":"Polygon","coordinates":[[[6.941121,4.888401],[6.941108,4.888498],[6.941001,4.888484],[6.941014,4.888387],[6.941121,4.888401]]]}},{"type":"Feature","properties":{"h":3.0,"on_route":false},"geometry":{"type":"Polygon","coordinates":[[[6.942591,4.886685],[6.942662,4.886934],[6.942591,4.886955],[6.94252,4.886705],[6.942591,4.886685]]]}},{"type":"Feature","properties":{"h":3.0,"on_route":false},"geometry":{"type":"Polygon","coordinates":[[[6.94324,4.891572],[6.943134,4.891621],[6.943111,4.891571],[6.943218,4.891523],[6.94324,4.891572]]]}},{"type":"Feature","properties":{"h":3.0,"on_route":false},"geometry":{"type":"Polygon","coordinates":[[[6.943352,4.889782],[6.943352,4.889808],[6.943387,4.889808],[6.943385,4.890046],[6.94331,4.890046],[6.943313,4.889781],[6.943352,4.889782]]]}},{"type":"Feature","properties":{"h":3.0,"on_route":false},"geometry":{"type":"Polygon","coordinates":[[[6.942961,4.888179],[6.942904,4.888175],[6.942924,4.887896],[6.942981,4.8879],[6.942961,4.888179]]]}},{"type":"Feature","properties":{"h":3.0,"on_route":false},"geometry":{"type":"Polygon","coordinates":[[[6.944778,4.887807],[6.944767,4.887896],[6.94462,4.887878],[6.944631,4.887789],[6.944778,4.887807]]]}},{"type":"Feature","properties":{"h":3.0,"on_route":false},"geometry":{"type":"Polygon","coordinates":[[[6.94326,4.889262],[6.94326,4.889298],[6.943238,4.889298],[6.943238,4.889262],[6.94326,4.889262]]]}},{"type":"Feature","properties":{"h":3.0,"on_route":false},"geometry":{"type":"Polygon","coordinates":[[[6.942371,4.893455],[6.942265,4.893478],[6.942251,4.893413],[6.942357,4.89339],[6.942371,4.893455]]]}},{"type":"Feature","properties":{"h":3.0,"on_route":false},"geometry":{"type":"Polygon","coordinates":[[[6.941859,4.88933],[6.941858,4.889353],[6.941823,4.889353],[6.941823,4.889329],[6.941859,4.88933]]]}},{"type":"Feature","properties":{"h":3.0,"on_route":false},"geometry":{"type":"Polygon","coordinates":[[[6.940814,4.88989],[6.940723,4.889921],[6.940671,4.889768],[6.940762,4.889737],[6.940814,4.88989]]]}},{"type":"Feature","properties":{"h":3.0,"on_route":false},"geometry":{"type":"Polygon","coordinates":[[[6.940017,4.890676],[6.940022,4.890828],[6.939963,4.89083],[6.939962,4.890797],[6.93993,4.890798],[6.939926,4.890679],[6.940017,4.890676]]]}},{"type":"Feature","properties":{"h":3.0,"on_route":false},"geometry":{"type":"Polygon","coordinates":[[[6.940595,4.888689],[6.940564,4.88879],[6.940451,4.888755],[6.940482,4.888653],[6.940595,4.888689]]]}},{"type":"Feature","properties":{"h":3.0,"on_route":false},"geometry":{"type":"Polygon","coordinates":[[[6.941091,4.891178],[6.940992,4.891222],[6.940973,4.891178],[6.941072,4.891134],[6.941091,4.891178]]]}},{"type":"Feature","properties":{"h":3.0,"on_route":false},"geometry":{"type":"Polygon","coordinates":[[[6.945737,4.892002],[6.945736,4.891974],[6.945785,4.891972],[6.945786,4.892001],[6.945843,4.891999],[6.945846,4.8921],[6.94571,4.892105],[6.945706,4.892003],[6.945737,4.892002]]]}},{"type":"Feature","properties":{"h":3.0,"on_route":false},"geometry":{"type":"Polygon","coordinates":[[[6.94167,4.88785],[6.941655,4.887946],[6.941537,4.887928],[6.941551,4.887832],[6.94167,4.88785]]]}},{"type":"Feature","properties":{"h":3.0,"on_route":false},"geometry":{"type":"Polygon","coordinates":[[[6.94205,4.893882],[6.941996,4.893898],[6.941937,4.893686],[6.941992,4.893671],[6.94205,4.893882]]]}},{"type":"Feature","properties":{"h":3.0,"on_route":false},"geometry":{"type":"Polygon","coordinates":[[[6.942327,4.88803],[6.94232,4.888148],[6.942224,4.888142],[6.942231,4.888025],[6.942327,4.88803]]]}},{"type":"Feature","properties":{"h":3.0,"on_route":false},"geometry":{"type":"Polygon","coordinates":[[[6.940901,4.889509],[6.940757,4.889561],[6.94073,4.889485],[6.940874,4.889433],[6.940901,4.889509]]]}},{"type":"Feature","properties":{"h":3.0,"on_route":false},"geometry":{"type":"Polygon","coordinates":[[[6.941814,4.886814],[6.941707,4.88685],[6.94169,4.8868],[6.941722,4.886789],[6.941696,4.88671],[6.94177,4.886685],[6.941814,4.886814]]]}},{"type":"Feature","properties":{"h":3.0,"on_route":false},"geometry":{"type":"Polygon","coordinates":[[[6.942196,4.887413],[6.94212,4.88743],[6.942096,4.887323],[6.942172,4.887306],[6.942196,4.887413]]]}},{"type":"Feature","properties":{"h":3.0,"on_route":false},"geometry":{"type":"Polygon","coordinates":[[[6.940762,4.890992],[6.940709,4.891014],[6.940632,4.890828],[6.940685,4.890805],[6.940762,4.890992]]]}},{"type":"Feature","properties":{"h":3.0,"on_route":false},"geometry":{"type":"Polygon","coordinates":[[[6.940565,4.89036],[6.940661,4.890525],[6.940617,4.89055],[6.940521,4.890385],[6.940565,4.89036]]]}},{"type":"Feature","properties":{"h":3.0,"on_route":false},"geometry":{"type":"Polygon","coordinates":[[[6.9445,4.893533],[6.944416,4.893553],[6.944397,4.893469],[6.944481,4.893449],[6.9445,4.893533]]]}},{"type":"Feature","properties":{"h":3.0,"on_route":false},"geometry":{"type":"Polygon","coordinates":[[[6.943195,4.887584],[6.942978,4.887595],[6.942974,4.887513],[6.943191,4.887502],[6.943195,4.887584]]]}},{"type":"Feature","properties":{"h":3.0,"on_route":false},"geometry":{"type":"Polygon","coordinates":[[[6.942676,4.892428],[6.942738,4.892527],[6.942696,4.892554],[6.942633,4.892455],[6.942676,4.892428]]]}},{"type":"Feature","properties":{"h":3.0,"on_route":false},"geometry":{"type":"Polygon","coordinates":[[[6.940968,4.889813],[6.940979,4.889872],[6.940836,4.889901],[6.940824,4.889842],[6.940968,4.889813]]]}},{"type":"Feature","properties":{"h":3.0,"on_route":false},"geometry":{"type":"Polygon","coordinates":[[[6.946005,4.891149],[6.945934,4.891155],[6.945936,4.891184],[6.945885,4.891189],[6.945872,4.89103],[6.945994,4.89102],[6.946005,4.891149]]]}},{"type":"Feature","properties":{"h":3.0,"on_route":false},"geometry":{"type":"Polygon","coordinates":[[[6.944687,4.891832],[6.944711,4.89208],[6.944645,4.892086],[6.94462,4.891838],[6.944687,4.891832]]]}},{"type":"Feature","properties":{"h":3.0,"on_route":false},"geometry":{"type":"Polygon","coordinates":[[[6.944409,4.891161],[6.944302,4.891178],[6.944282,4.891058],[6.94439,4.891041],[6.944409,4.891161]]]}},{"type":"Feature","properties":{"h":3.0,"on_route":false},"geometry":{"type":"Polygon","coordinates":[[[6.94478,4.889518],[6.944785,4.889567],[6.944755,4.88957],[6.94475,4.889521],[6.94478,4.889518]]]}},{"type":"Feature","properties":{"h":3.0,"on_route":false},"geometry":{"type":"Polygon","coordinates":[[[6.942327,4.890794],[6.942399,4.89116],[6.94233,4.891174],[6.942258,4.890808],[6.942327,4.890794]]]}},{"type":"Feature","properties":{"h":3.0,"on_route":false},"geometry":{"type":"Polygon","coordinates":[[[6.94056,4.891545],[6.940508,4.891581],[6.94045,4.891498],[6.940501,4.891462],[6.94056,4.891545]]]}},{"type":"Feature","properties":{"h":3.0,"on_route":false},"geometry":{"type":"Polygon","coordinates":[[[6.94336,4.894071],[6.943269,4.894097],[6.943255,4.894046],[6.943345,4.89402],[6.94336,4.894071]]]}},{"type":"Feature","properties":{"h":3.0,"on_route":false},"geometry":{"type":"Polygon","coordinates":[[[6.942224,4.887589],[6.942234,4.887873],[6.942126,4.887876],[6.942124,4.887799],[6.942172,4.887797],[6.942165,4.887591],[6.942224,4.887589]]]}},{"type":"Feature","properties":{"h":3.0,"on_route":false},"geometry":{"type":"Polygon","coordinates":[[[6.940057,4.890214],[6.940016,4.890228],[6.940002,4.890188],[6.940043,4.890174],[6.940057,4.890214]]]}},{"type":"Feature","properties":{"h":3.0,"on_route":false},"geometry":{"type":"Polygon","coordinates":[[[6.940809,4.888839],[6.940806,4.888883],[6.940678,4.888874],[6.940681,4.88883],[6.940809,4.888839]]]}},{"type":"Feature","properties":{"h":3.0,"on_route":false},"geometry":{"type":"Polygon","coordinates":[[[6.942671,4.887728],[6.942617,4.887727],[6.942618,4.887581],[6.942672,4.887581],[6.942671,4.887728]]]}},{"type":"Feature","properties":{"h":3.0,"on_route":false},"geometry":{"type":"Polygon","coordinates":[[[6.944192,4.892964],[6.944216,4.893059],[6.944188,4.893066],[6.944164,4.892971],[6.944192,4.892964]]]}},{"type":"Feature","properties":{"h":3.0,"on_route":false},"geometry":{"type":"Polygon","coordinates":[[[6.944533,4.891576],[6.944502,4.891575],[6.944502,4.891547],[6.944533,4.891547],[6.944533,4.891576]]]}},{"type":"Feature","properties":{"h":3.0,"on_route":false},"geometry":{"type":"Polygon","coordinates":[[[6.940321,4.889536],[6.940295,4.889484],[6.940426,4.88942],[6.940451,4.889472],[6.940321,4.889536]]]}},{"type":"Feature","properties":{"h":3.0,"on_route":false},"geometry":{"type":"Polygon","coordinates":[[[6.94533,4.889686],[6.945143,4.889716],[6.94513,4.889639],[6.945318,4.889608],[6.94533,4.889686]]]}},{"type":"Feature","properties":{"h":3.0,"on_route":false},"geometry":{"type":"Polygon","coordinates":[[[6.944644,4.886586],[6.944596,4.886563],[6.944646,4.886459],[6.944695,4.886482],[6.944644,4.886586]]]}},{"type":"Feature","properties":{"h":3.0,"on_route":true},"geometry":{"type":"Polygon","coordinates":[[[6.944703,4.890622],[6.944691,4.890729],[6.944492,4.890706],[6.944505,4.890599],[6.944703,4.890622]]]}},{"type":"Feature","properties":{"h":3.0,"on_route":false},"geometry":{"type":"Polygon","coordinates":[[[6.945799,4.892202],[6.94579,4.892305],[6.945727,4.892299],[6.945736,4.892196],[6.945799,4.892202]]]}},{"type":"Feature","properties":{"h":3.0,"on_route":false},"geometry":{"type":"Polygon","coordinates":[[[6.941659,4.887993],[6.941633,4.888176],[6.941575,4.888168],[6.941601,4.887985],[6.941659,4.887993]]]}},{"type":"Feature","properties":{"h":3.0,"on_route":false},"geometry":{"type":"Polygon","coordinates":[[[6.944248,4.889226],[6.944247,4.889284],[6.944138,4.889282],[6.944139,4.889225],[6.944248,4.889226]]]}},{"type":"Feature","properties":{"h":3.0,"on_route":false},"geometry":{"type":"Polygon","coordinates":[[[6.939962,4.889741],[6.939965,4.889786],[6.939922,4.889788],[6.939919,4.889744],[6.939962,4.889741]]]}},{"type":"Feature","properties":{"h":3.0,"on_route":false},"geometry":{"type":"Polygon","coordinates":[[[6.942908,4.889665],[6.942917,4.88971],[6.942869,4.88972],[6.94286,4.889674],[6.942908,4.889665]]]}},{"type":"Feature","properties":{"h":3.0,"on_route":false},"geometry":{"type":"Polygon","coordinates":[[[6.943907,4.886716],[6.943902,4.886829],[6.943834,4.886826],[6.943839,4.886713],[6.943907,4.886716]]]}},{"type":"Feature","properties":{"h":3.0,"on_route":false},"geometry":{"type":"Polygon","coordinates":[[[6.943988,4.88757],[6.943976,4.887612],[6.943898,4.887588],[6.943911,4.887546],[6.943988,4.88757]]]}},{"type":"Feature","properties":{"h":3.0,"on_route":false},"geometry":{"type":"Polygon","coordinates":[[[6.943333,4.891335],[6.943281,4.891346],[6.94327,4.891295],[6.943322,4.891284],[6.943333,4.891335]]]}},{"type":"Feature","properties":{"h":3.0,"on_route":false},"geometry":{"type":"Polygon","coordinates":[[[6.943079,4.888125],[6.943076,4.888167],[6.94302,4.888163],[6.943023,4.888121],[6.943079,4.888125]]]}},{"type":"Feature","properties":{"h":3.0,"on_route":false},"geometry":{"type":"Polygon","coordinates":[[[6.94569,4.890318],[6.945683,4.890374],[6.945516,4.890354],[6.945522,4.890297],[6.94569,4.890318]]]}},{"type":"Feature","properties":{"h":3.0,"on_route":false},"geometry":{"type":"Polygon","coordinates":[[[6.946399,4.890407],[6.946397,4.89058],[6.946343,4.890579],[6.946345,4.890406],[6.946399,4.890407]]]}},{"type":"Feature","properties":{"h":3.0,"on_route":false},"geometry":{"type":"Polygon","coordinates":[[[6.94082,4.891393],[6.940774,4.891407],[6.940762,4.891368],[6.940808,4.891354],[6.94082,4.891393]]]}},{"type":"Feature","properties":{"h":3.0,"on_route":false},"geometry":{"type":"Polygon","coordinates":[[[6.945104,4.887756],[6.945138,4.887757],[6.945136,4.887907],[6.945008,4.887906],[6.94501,4.887755],[6.945053,4.887756],[6.945054,4.887733],[6.945104,4.887733],[6.945104,4.887756]]]}},{"type":"Feature","properties":{"h":3.0,"on_route":false},"geometry":{"type":"Polygon","coordinates":[[[6.940353,4.88989],[6.940279,4.889918],[6.940199,4.889704],[6.940273,4.889676],[6.940353,4.88989]]]}},{"type":"Feature","properties":{"h":3.0,"on_route":false},"geometry":{"type":"Polygon","coordinates":[[[6.940127,4.890626],[6.940055,4.890647],[6.940048,4.89062],[6.940026,4.890626],[6.940011,4.890576],[6.940105,4.890549],[6.940127,4.890626]]]}},{"type":"Feature","properties":{"h":3.0,"on_route":false},"geometry":{"type":"Polygon","coordinates":[[[6.942391,4.886598],[6.942283,4.886643],[6.942272,4.886617],[6.942312,4.886601],[6.94227,4.886499],[6.942339,4.88647],[6.942391,4.886598]]]}},{"type":"Feature","properties":{"h":3.0,"on_route":false},"geometry":{"type":"Polygon","coordinates":[[[6.940116,4.889186],[6.940092,4.889306],[6.940036,4.889295],[6.94006,4.889175],[6.940116,4.889186]]]}},{"type":"Feature","properties":{"h":3.0,"on_route":false},"geometry":{"type":"Polygon","coordinates":[[[6.941247,4.892601],[6.94116,4.892638],[6.941117,4.892538],[6.941203,4.892501],[6.941247,4.892601]]]}},{"type":"Feature","properties":{"h":3.0,"on_route":false},"geometry":{"type":"Polygon","coordinates":[[[6.940794,4.887721],[6.940731,4.887718],[6.940733,4.887655],[6.940796,4.887657],[6.940794,4.887721]]]}},{"type":"Feature","properties":{"h":3.0,"on_route":false},"geometry":{"type":"Polygon","coordinates":[[[6.94383,4.887931],[6.943824,4.887993],[6.943786,4.88799],[6.943785,4.888007],[6.943715,4.888001],[6.943722,4.887922],[6.94383,4.887931]]]}},{"type":"Feature","properties":{"h":3.0,"on_route":false},"geometry":{"type":"Polygon","coordinates":[[[6.945493,4.891215],[6.945489,4.891255],[6.94543,4.89125],[6.945433,4.89121],[6.945493,4.891215]]]}},{"type":"Feature","properties":{"h":3.0,"on_route":false},"geometry":{"type":"Polygon","coordinates":[[[6.94324,4.891506],[6.943181,4.891526],[6.943144,4.891419],[6.943204,4.891399],[6.94324,4.891506]]]}},{"type":"Feature","properties":{"h":3.0,"on_route":false},"geometry":{"type":"Polygon","coordinates":[[[6.944818,4.891294],[6.944721,4.89132],[6.94469,4.891203],[6.944787,4.891177],[6.944818,4.891294]]]}},{"type":"Feature","properties":{"h":3.0,"on_route":false},"geometry":{"type":"Polygon","coordinates":[[[6.94085,4.888727],[6.94084,4.888844],[6.940775,4.888839],[6.940778,4.888793],[6.94075,4.88879],[6.940755,4.888719],[6.94085,4.888727]]]}},{"type":"Feature","properties":{"h":3.0,"on_route":false},"geometry":{"type":"Polygon","coordinates":[[[6.94359,4.889603],[6.943597,4.88972],[6.943518,4.889725],[6.943511,4.889608],[6.94359,4.889603]]]}},{"type":"Feature","properties":{"h":3.0,"on_route":false},"geometry":{"type":"Polygon","coordinates":[[[6.940599,4.888869],[6.940591,4.88897],[6.940494,4.888963],[6.940502,4.888861],[6.940599,4.888869]]]}},{"type":"Feature","properties":{"h":3.0,"on_route":false},"geometry":{"type":"Polygon","coordinates":[[[6.94285,4.89002],[6.942782,4.890025],[6.94277,4.889844],[6.942838,4.889839],[6.94285,4.89002]]]}},{"type":"Feature","properties":{"h":3.0,"on_route":false},"geometry":{"type":"Polygon","coordinates":[[[6.944575,4.888442],[6.944473,4.888482],[6.944422,4.888351],[6.944525,4.888311],[6.944575,4.888442]]]}},{"type":"Feature","properties":{"h":3.0,"on_route":false},"geometry":{"type":"Polygon","coordinates":[[[6.941227,4.887416],[6.941223,4.887498],[6.941132,4.887494],[6.941135,4.887412],[6.941227,4.887416]]]}},{"type":"Feature","properties":{"h":3.0,"on_route":false},"geometry":{"type":"Polygon","coordinates":[[[6.941654,4.889205],[6.941483,4.889234],[6.94147,4.889161],[6.941641,4.889132],[6.941654,4.889205]]]}},{"type":"Feature","properties":{"h":3.0,"on_route":false},"geometry":{"type":"Polygon","coordinates":[[[6.94456,4.892037],[6.944474,4.89205],[6.944463,4.89197],[6.944549,4.891958],[6.94456,4.892037]]]}},{"type":"Feature","properties":{"h":3.0,"on_route":false},"geometry":{"type":"Polygon","coordinates":[[[6.940859,4.88966],[6.94083,4.889666],[6.940824,4.889634],[6.940853,4.889628],[6.940859,4.88966]]]}},{"type":"Feature","properties":{"h":3.0,"on_route":false},"geometry":{"type":"Polygon","coordinates":[[[6.943604,4.889802],[6.943625,4.890013],[6.943566,4.890019],[6.943545,4.889808],[6.943604,4.889802]]]}},{"type":"Feature","properties":{"h":3.0,"on_route":false},"geometry":{"type":"Polygon","coordinates":[[[6.942267,4.887344],[6.942185,4.88736],[6.94216,4.887236],[6.942242,4.887219],[6.942267,4.887344]]]}},{"type":"Feature","properties":{"h":3.0,"on_route":false},"geometry":{"type":"Polygon","coordinates":[[[6.943347,4.886966],[6.94329,4.886964],[6.943298,4.886753],[6.943299,4.886714],[6.943356,4.886716],[6.943347,4.886966]]]}},{"type":"Feature","properties":{"h":3.0,"on_route":false},"geometry":{"type":"Polygon","coordinates":[[[6.94028,4.891342],[6.940172,4.891376],[6.940141,4.891281],[6.94025,4.891246],[6.94028,4.891342]]]}},{"type":"Feature","properties":{"h":3.0,"on_route":true},"geometry":{"type":"Polygon","coordinates":[[[6.945063,4.89395],[6.944998,4.893955],[6.944995,4.893918],[6.94506,4.893913],[6.945063,4.89395]]]}},{"type":"Feature","properties":{"h":3.0,"on_route":false},"geometry":{"type":"Polygon","coordinates":[[[6.942755,4.890219],[6.942686,4.890232],[6.942675,4.890174],[6.942744,4.890161],[6.942755,4.890219]]]}},{"type":"Feature","properties":{"h":3.0,"on_route":false},"geometry":{"type":"Polygon","coordinates":[[[6.941188,4.891134],[6.941091,4.891178],[6.941072,4.891134],[6.941168,4.89109],[6.941188,4.891134]]]}},{"type":"Feature","properties":{"h":3.0,"on_route":false},"geometry":{"type":"Polygon","coordinates":[[[6.944332,4.888325],[6.944348,4.888417],[6.944251,4.888434],[6.944235,4.888343],[6.944332,4.888325]]]}},{"type":"Feature","properties":{"h":3.0,"on_route":false},"geometry":{"type":"Polygon","coordinates":[[[6.944073,4.88967],[6.943943,4.88968],[6.943935,4.88958],[6.944065,4.88957],[6.944073,4.88967]]]}},{"type":"Feature","properties":{"h":3.0,"on_route":false},"geometry":{"type":"Polygon","coordinates":[[[6.944309,4.886815],[6.944284,4.886921],[6.944171,4.886893],[6.944197,4.886787],[6.944309,4.886815]]]}},{"type":"Feature","properties":{"h":3.0,"on_route":false},"geometry":{"type":"Polygon","coordinates":[[[6.940274,4.888671],[6.94022,4.888625],[6.940299,4.888529],[6.940354,4.888574],[6.940274,4.888671]]]}},{"type":"Feature","properties":{"h":3.0,"on_route":false},"geometry":{"type":"Polygon","coordinates":[[[6.94147,4.888954],[6.941346,4.888962],[6.941342,4.888899],[6.941466,4.888891],[6.94147,4.888954]]]}},{"type":"Feature","properties":{"h":3.0,"on_route":false},"geometry":{"type":"Polygon","coordinates":[[[6.941207,4.889298],[6.941212,4.889324],[6.941155,4.889333],[6.94115,4.889307],[6.941207,4.889298]]]}},{"type":"Feature","properties":{"h":3.0,"on_route":false},"geometry":{"type":"Polygon","coordinates":[[[6.939923,4.889817],[6.93983,4.889822],[6.939822,4.889696],[6.939915,4.88969],[6.939923,4.889817]]]}},{"type":"Feature","properties":{"h":3.0,"on_route":false},"geometry":{"type":"Polygon","coordinates":[[[6.941801,4.887527],[6.941798,4.887665],[6.94175,4.887665],[6.941752,4.887526],[6.941801,4.887527]]]}},{"type":"Feature","properties":{"h":3.0,"on_route":false},"geometry":{"type":"Polygon","coordinates":[[[6.945326,4.886949],[6.945294,4.88702],[6.945169,4.886964],[6.9452,4.886893],[6.945326,4.886949]]]}},{"type":"Feature","properties":{"h":3.0,"on_route":false},"geometry":{"type":"Polygon","coordinates":[[[6.939979,4.890854],[6.939985,4.890895],[6.939897,4.890909],[6.939891,4.890867],[6.939979,4.890854]]]}},{"type":"Feature","properties":{"h":3.0,"on_route":true},"geometry":{"type":"Polygon","coordinates":[[[6.945015,4.892624],[6.94501,4.892689],[6.944952,4.892685],[6.944956,4.89262],[6.945015,4.892624]]]}},{"type":"Feature","properties":{"h":3.0,"on_route":false},"geometry":{"type":"Polygon","coordinates":[[[6.944139,4.892943],[6.944037,4.892969],[6.944021,4.892905],[6.944123,4.892879],[6.944139,4.892943]]]}},{"type":"Feature","properties":{"h":3.0,"on_route":false},"geometry":{"type":"Polygon","coordinates":[[[6.94094,4.889055],[6.940945,4.889179],[6.940868,4.889182],[6.940862,4.889059],[6.94094,4.889055]]]}},{"type":"Feature","properties":{"h":3.0,"on_route":false},"geometry":{"type":"Polygon","coordinates":[[[6.94395,4.89307],[6.943765,4.893123],[6.943736,4.893022],[6.943921,4.892968],[6.94395,4.89307]]]}},{"type":"Feature","properties":{"h":3.0,"on_route":false},"geometry":{"type":"Polygon","coordinates":[[[6.944855,4.892182],[6.944722,4.892195],[6.944709,4.892063],[6.944842,4.89205],[6.944855,4.892182]]]}},{"type":"Feature","properties":{"h":3.0,"on_route":false},"geometry":{"type":"Polygon","coordinates":[[[6.939969,4.890527],[6.939904,4.890547],[6.939889,4.890497],[6.939953,4.890477],[6.939969,4.890527]]]}},{"type":"Feature","properties":{"h":3.0,"on_route":false},"geometry":{"type":"Polygon","coordinates":[[[6.941239,4.890683],[6.941298,4.890888],[6.941239,4.890905],[6.94118,4.890701],[6.941239,4.890683]]]}},{"type":"Feature","properties":{"h":3.0,"on_route":false},"geometry":{"type":"Polygon","coordinates":[[[6.942656,4.891736],[6.94258,4.891752],[6.942574,4.891722],[6.94265,4.891707],[6.942656,4.891736]]]}},{"type":"Feature","properties":{"h":3.0,"on_route":false},"geometry":{"type":"Polygon","coordinates":[[[6.942518,4.888606],[6.942378,4.88859],[6.942385,4.88853],[6.942459,4.888539],[6.942467,4.888472],[6.942533,4.888479],[6.942518,4.888606]]]}},{"type":"Feature","properties":{"h":3.0,"on_route":false},"geometry":{"type":"Polygon","coordinates":[[[6.945767,4.8935],[6.945816,4.893768],[6.945772,4.893776],[6.945769,4.893756],[6.945719,4.893765],[6.945687,4.893591],[6.945611,4.893605],[6.945597,4.893531],[6.945767,4.8935]]]}},{"type":"Feature","properties":{"h":3.0,"on_route":false},"geometry":{"type":"Polygon","coordinates":[[[6.943999,4.886912],[6.943996,4.886984],[6.943894,4.886979],[6.943897,4.886907],[6.943999,4.886912]]]}},{"type":"Feature","properties":{"h":3.0,"on_route":false},"geometry":{"type":"Polygon","coordinates":[[[6.942489,4.89037],[6.942433,4.890381],[6.942431,4.890369],[6.942487,4.890359],[6.942489,4.89037]]]}},{"type":"Feature","properties":{"h":3.0,"on_route":false},"geometry":{"type":"Polygon","coordinates":[[[6.940751,4.889742],[6.940602,4.889794],[6.940569,4.889697],[6.940718,4.889645],[6.940751,4.889742]]]}},{"type":"Feature","properties":{"h":3.0,"on_route":false},"geometry":{"type":"Polygon","coordinates":[[[6.943883,4.886079],[6.943752,4.886121],[6.943723,4.886031],[6.943734,4.886027],[6.943725,4.885998],[6.943845,4.88596],[6.943883,4.886079]]]}},{"type":"Feature","properties":{"h":3.0,"on_route":false},"geometry":{"type":"Polygon","coordinates":[[[6.943985,4.887009],[6.943979,4.887066],[6.943835,4.887051],[6.943841,4.886994],[6.943985,4.887009]]]}},{"type":"Feature","properties":{"h":3.0,"on_route":false},"geometry":{"type":"Polygon","coordinates":[[[6.942582,4.887782],[6.942616,4.887782],[6.942616,4.887813],[6.942582,4.887813],[6.942582,4.887782]]]}},{"type":"Feature","properties":{"h":3.0,"on_route":false},"geometry":{"type":"Polygon","coordinates":[[[6.946803,4.891951],[6.946745,4.891957],[6.946734,4.891855],[6.946793,4.891849],[6.946803,4.891951]]]}},{"type":"Feature","properties":{"h":3.0,"on_route":false},"geometry":{"type":"Polygon","coordinates":[[[6.940849,4.892638],[6.940778,4.89267],[6.940758,4.892627],[6.940829,4.892594],[6.940849,4.892638]]]}},{"type":"Feature","properties":{"h":3.0,"on_route":false},"geometry":{"type":"Polygon","coordinates":[[[6.945694,4.891824],[6.945698,4.891912],[6.945627,4.891915],[6.945623,4.891827],[6.945694,4.891824]]]}},{"type":"Feature","properties":{"h":3.0,"on_route":false},"geometry":{"type":"Polygon","coordinates":[[[6.943907,4.887389],[6.943868,4.887543],[6.943812,4.887529],[6.943852,4.887375],[6.943907,4.887389]]]}},{"type":"Feature","properties":{"h":3.0,"on_route":false},"geometry":{"type":"Polygon","coordinates":[[[6.942178,4.888538],[6.942174,4.888564],[6.942121,4.888556],[6.942125,4.88853],[6.942178,4.888538]]]}},{"type":"Feature","properties":{"h":3.0,"on_route":false},"geometry":{"type":"Polygon","coordinates":[[[6.943818,4.889608],[6.943772,4.889779],[6.943688,4.889757],[6.943733,4.889585],[6.943818,4.889608]]]}},{"type":"Feature","properties":{"h":3.0,"on_route":false},"geometry":{"type":"Polygon","coordinates":[[[6.943494,4.886776],[6.943487,4.887003],[6.943388,4.887],[6.943391,4.886914],[6.943411,4.886915],[6.943415,4.886773],[6.943494,4.886776]]]}},{"type":"Feature","properties":{"h":3.0,"on_route":false},"geometry":{"type":"Polygon","coordinates":[[[6.942211,4.888818],[6.942182,4.889001],[6.942062,4.888982],[6.942092,4.888798],[6.942211,4.888818]]]}},{"type":"Feature","properties":{"h":3.0,"on_route":false},"geometry":{"type":"Polygon","coordinates":[[[6.941884,4.893151],[6.941827,4.89318],[6.941731,4.892996],[6.9417,4.893012],[6.941674,4.89296],[6.941762,4.892915],[6.941884,4.893151]]]}},{"type":"Feature","properties":{"h":3.0,"on_route":false},"geometry":{"type":"Polygon","coordinates":[[[6.941546,4.891384],[6.941407,4.89142],[6.941389,4.891351],[6.941528,4.891315],[6.941546,4.891384]]]}},{"type":"Feature","properties":{"h":3.0,"on_route":false},"geometry":{"type":"Polygon","coordinates":[[[6.941936,4.891482],[6.941941,4.891517],[6.941879,4.891526],[6.941874,4.891491],[6.941936,4.891482]]]}},{"type":"Feature","properties":{"h":3.0,"on_route":false},"geometry":{"type":"Polygon","coordinates":[[[6.94313,4.887375],[6.943132,4.887418],[6.943028,4.887423],[6.943026,4.88738],[6.94313,4.887375]]]}},{"type":"Feature","properties":{"h":3.0,"on_route":false},"geometry":{"type":"Polygon","coordinates":[[[6.942742,4.888881],[6.942723,4.889014],[6.942668,4.889006],[6.942661,4.889053],[6.942608,4.889045],[6.942635,4.888865],[6.942742,4.888881]]]}},{"type":"Feature","properties":{"h":3.0,"on_route":false},"geometry":{"type":"Polygon","coordinates":[[[6.943601,4.888544],[6.943601,4.888567],[6.943569,4.888566],[6.943569,4.888544],[6.943601,4.888544]]]}},{"type":"Feature","properties":{"h":3.0,"on_route":false},"geometry":{"type":"Polygon","coordinates":[[[6.944041,4.892095],[6.943922,4.892138],[6.94389,4.892048],[6.94401,4.892005],[6.944041,4.892095]]]}},{"type":"Feature","properties":{"h":3.0,"on_route":false},"geometry":{"type":"Polygon","coordinates":[[[6.944867,4.886808],[6.944832,4.886909],[6.944787,4.886893],[6.944804,4.886844],[6.944689,4.886803],[6.944707,4.886751],[6.944867,4.886808]]]}},{"type":"Feature","properties":{"h":3.0,"on_route":false},"geometry":{"type":"Polygon","coordinates":[[[6.940165,4.888233],[6.940157,4.888265],[6.94028,4.888295],[6.940255,4.888398],[6.940073,4.888355],[6.940106,4.888218],[6.940165,4.888233]]]}},{"type":"Feature","properties":{"h":3.0,"on_route":false},"geometry":{"type":"Polygon","coordinates":[[[6.943483,4.886574],[6.943481,4.886632],[6.943426,4.88663],[6.943428,4.886572],[6.943483,4.886574]]]}},{"type":"Feature","properties":{"h":3.0,"on_route":false},"geometry":{"type":"Polygon","coordinates":[[[6.942322,4.886865],[6.942223,4.886896],[6.942208,4.886847],[6.942307,4.886817],[6.942322,4.886865]]]}},{"type":"Feature","properties":{"h":3.0,"on_route":false},"geometry":{"type":"Polygon","coordinates":[[[6.944538,4.888945],[6.944401,4.888972],[6.944391,4.88892],[6.944528,4.888893],[6.944538,4.888945]]]}},{"type":"Feature","properties":{"h":3.0,"on_route":false},"geometry":{"type":"Polygon","coordinates":[[[6.942311,4.890379],[6.942225,4.890395],[6.942189,4.890202],[6.942275,4.890186],[6.942311,4.890379]]]}},{"type":"Feature","properties":{"h":3.0,"on_route":false},"geometry":{"type":"Polygon","coordinates":[[[6.940452,4.892083],[6.940391,4.892095],[6.94038,4.892038],[6.940441,4.892026],[6.940452,4.892083]]]}},{"type":"Feature","properties":{"h":3.0,"on_route":false},"geometry":{"type":"Polygon","coordinates":[[[6.940001,4.889049],[6.939971,4.889169],[6.939906,4.889153],[6.939935,4.889032],[6.940001,4.889049]]]}},{"type":"Feature","properties":{"h":3.0,"on_route":false},"geometry":{"type":"Polygon","coordinates":[[[6.946509,4.892216],[6.9465,4.892322],[6.946416,4.892315],[6.946426,4.892209],[6.946509,4.892216]]]}},{"type":"Feature","properties":{"h":3.0,"on_route":false},"geometry":{"type":"Polygon","coordinates":[[[6.940593,4.888438],[6.940553,4.888539],[6.940412,4.888483],[6.940452,4.888383],[6.940593,4.888438]]]}},{"type":"Feature","properties":{"h":3.0,"on_route":false},"geometry":{"type":"Polygon","coordinates":[[[6.941048,4.890493],[6.940984,4.890502],[6.940967,4.890376],[6.941032,4.890368],[6.941048,4.890493]]]}},{"type":"Feature","properties":{"h":3.0,"on_route":false},"geometry":{"type":"Polygon","coordinates":[[[6.943748,4.893976],[6.943756,4.894067],[6.9437,4.894072],[6.943691,4.893981],[6.943748,4.893976]]]}},{"type":"Feature","properties":{"h":3.0,"on_route":false},"geometry":{"type":"Polygon","coordinates":[[[6.941886,4.888396],[6.941775,4.888407],[6.941764,4.8883],[6.941875,4.888289],[6.941886,4.888396]]]}},{"type":"Feature","properties":{"h":3.0,"on_route":false},"geometry":{"type":"Polygon","coordinates":[[[6.941804,4.888631],[6.941652,4.888641],[6.941649,4.888582],[6.9418,4.888573],[6.941804,4.888631]]]}},{"type":"Feature","properties":{"h":3.0,"on_route":false},"geometry":{"type":"Polygon","coordinates":[[[6.942438,4.886728],[6.942193,4.886798],[6.942177,4.886741],[6.942421,4.886671],[6.942438,4.886728]]]}},{"type":"Feature","properties":{"h":3.0,"on_route":false},"geometry":{"type":"Polygon","coordinates":[[[6.943804,4.893605],[6.943745,4.893613],[6.943732,4.893513],[6.943791,4.893505],[6.943804,4.893605]]]}},{"type":"Feature","properties":{"h":3.0,"on_route":false},"geometry":{"type":"Polygon","coordinates":[[[6.944315,4.888196],[6.944314,4.88822],[6.944377,4.888222],[6.944376,4.888277],[6.944201,4.888272],[6.944204,4.888193],[6.944315,4.888196]]]}},{"type":"Feature","properties":{"h":3.0,"on_route":false},"geometry":{"type":"Polygon","coordinates":[[[6.943548,4.894227],[6.943456,4.894235],[6.943447,4.894146],[6.943539,4.894137],[6.943548,4.894227]]]}},{"type":"Feature","properties":{"h":3.0,"on_route":false},"geometry":{"type":"Polygon","coordinates":[[[6.942245,4.889746],[6.942155,4.889755],[6.942146,4.889663],[6.942235,4.889654],[6.942245,4.889746]]]}},{"type":"Feature","properties":{"h":3.0,"on_route":false},"geometry":{"type":"Polygon","coordinates":[[[6.945603,4.887889],[6.94548,4.887893],[6.945476,4.887764],[6.945599,4.88776],[6.945603,4.887889]]]}},{"type":"Feature","properties":{"h":3.0,"on_route":true},"geometry":{"type":"Polygon","coordinates":[[[6.945197,4.893247],[6.945208,4.893311],[6.945165,4.893318],[6.945155,4.893254],[6.945197,4.893247]]]}},{"type":"Feature","properties":{"h":3.0,"on_route":false},"geometry":{"type":"Polygon","coordinates":[[[6.943295,4.889007],[6.943293,4.88904],[6.94333,4.889043],[6.943325,4.889114],[6.943267,4.88911],[6.943275,4.889005],[6.943295,4.889007]]]}},{"type":"Feature","properties":{"h":3.0,"on_route":false},"geometry":{"type":"Polygon","coordinates":[[[6.941315,4.892067],[6.941375,4.892275],[6.941318,4.892292],[6.941272,4.892132],[6.941246,4.89214],[6.941232,4.892092],[6.941315,4.892067]]]}},{"type":"Feature","properties":{"h":3.0,"on_route":false},"geometry":{"type":"Polygon","coordinates":[[[6.941453,4.887585],[6.941443,4.887663],[6.941379,4.887655],[6.941389,4.887577],[6.941453,4.887585]]]}},{"type":"Feature","properties":{"h":3.0,"on_route":false},"geometry":{"type":"Polygon","coordinates":[[[6.945977,4.890909],[6.945916,4.890914],[6.945912,4.890871],[6.945974,4.890866],[6.945977,4.890909]]]}},{"type":"Feature","properties":{"h":3.0,"on_route":false},"geometry":{"type":"Polygon","coordinates":[[[6.940062,4.889505],[6.939884,4.889516],[6.939882,4.889487],[6.939902,4.889486],[6.939901,4.889458],[6.940058,4.889448],[6.940062,4.889505]]]}},{"type":"Feature","properties":{"h":3.0,"on_route":false},"geometry":{"type":"Polygon","coordinates":[[[6.942291,4.892116],[6.942181,4.892158],[6.942135,4.892033],[6.942244,4.891992],[6.942291,4.892116]]]}},{"type":"Feature","properties":{"h":3.0,"on_route":false},"geometry":{"type":"Polygon","coordinates":[[[6.941849,4.888902],[6.941833,4.889],[6.941726,4.888983],[6.941742,4.888884],[6.941849,4.888902]]]}},{"type":"Feature","properties":{"h":3.0,"on_route":false},"geometry":{"type":"Polygon","coordinates":[[[6.944454,4.887463],[6.944444,4.887512],[6.944384,4.8875],[6.944395,4.88745],[6.944454,4.887463]]]}},{"type":"Feature","properties":{"h":3.0,"on_route":false},"geometry":{"type":"Polygon","coordinates":[[[6.940773,4.891249],[6.94074,4.891269],[6.940728,4.89125],[6.940711,4.891261],[6.940633,4.891136],[6.940683,4.891105],[6.940773,4.891249]]]}},{"type":"Feature","properties":{"h":3.0,"on_route":false},"geometry":{"type":"Polygon","coordinates":[[[6.94025,4.889138],[6.940244,4.889194],[6.940171,4.889187],[6.940176,4.889131],[6.94025,4.889138]]]}},{"type":"Feature","properties":{"h":3.0,"on_route":false},"geometry":{"type":"Polygon","coordinates":[[[6.94609,4.893685],[6.946002,4.893696],[6.945994,4.893628],[6.945965,4.893631],[6.945949,4.893499],[6.946067,4.893485],[6.94609,4.893685]]]}},{"type":"Feature","properties":{"h":3.0,"on_route":false},"geometry":{"type":"Polygon","coordinates":[[[6.943923,4.889536],[6.94392,4.889583],[6.943876,4.88958],[6.943879,4.889534],[6.943923,4.889536]]]}},{"type":"Feature","properties":{"h":3.0,"on_route":false},"geometry":{"type":"Polygon","coordinates":[[[6.943752,4.886121],[6.943666,4.886148],[6.943648,4.886093],[6.943734,4.886066],[6.943752,4.886121]]]}},{"type":"Feature","properties":{"h":3.0,"on_route":false},"geometry":{"type":"Polygon","coordinates":[[[6.941234,4.892472],[6.941119,4.892529],[6.94108,4.892449],[6.941195,4.892393],[6.941234,4.892472]]]}},{"type":"Feature","properties":{"h":3.0,"on_route":false},"geometry":{"type":"Polygon","coordinates":[[[6.939857,4.890104],[6.93977,4.890131],[6.939762,4.890105],[6.939689,4.890128],[6.939669,4.890066],[6.939829,4.890016],[6.939857,4.890104]]]}},{"type":"Feature","properties":{"h":3.0,"on_route":false},"geometry":{"type":"Polygon","coordinates":[[[6.941096,4.889414],[6.940924,4.889473],[6.940905,4.889416],[6.941077,4.889358],[6.941096,4.889414]]]}},{"type":"Feature","properties":{"h":3.0,"on_route":false},"geometry":{"type":"Polygon","coordinates":[[[6.941021,4.889036],[6.941032,4.8891],[6.940975,4.88911],[6.940965,4.889046],[6.941021,4.889036]]]}},{"type":"Feature","properties":{"h":3.0,"on_route":false},"geometry":{"type":"Polygon","coordinates":[[[6.941677,4.889634],[6.94169,4.889728],[6.941606,4.88974],[6.941593,4.889646],[6.941677,4.889634]]]}},{"type":"Feature","properties":{"h":3.0,"on_route":false},"geometry":{"type":"Polygon","coordinates":[[[6.941023,4.889701],[6.940973,4.889718],[6.940957,4.88967],[6.941006,4.889653],[6.941023,4.889701]]]}},{"type":"Feature","properties":{"h":3.0,"on_route":false},"geometry":{"type":"Polygon","coordinates":[[[6.940661,4.890393],[6.940603,4.890425],[6.940565,4.89036],[6.940624,4.890327],[6.940661,4.890393]]]}},{"type":"Feature","properties":{"h":3.0,"on_route":false},"geometry":{"type":"Polygon","coordinates":[[[6.944174,4.894291],[6.944192,4.894442],[6.944136,4.894449],[6.944139,4.894481],[6.944091,4.894487],[6.944059,4.894201],[6.944163,4.894189],[6.944174,4.894291]]]}},{"type":"Feature","properties":{"h":3.0,"on_route":false},"geometry":{"type":"Polygon","coordinates":[[[6.941469,4.887995],[6.94146,4.888055],[6.941338,4.888037],[6.941346,4.887977],[6.941469,4.887995]]]}},{"type":"Feature","properties":{"h":3.0,"on_route":false},"geometry":{"type":"Polygon","coordinates":[[[6.945702,4.890226],[6.94569,4.890318],[6.945522,4.890297],[6.945534,4.890205],[6.945702,4.890226]]]}},{"type":"Feature","properties":{"h":3.0,"on_route":false},"geometry":{"type":"Polygon","coordinates":[[[6.942026,4.888472],[6.942018,4.888552],[6.941943,4.888545],[6.94195,4.888465],[6.942026,4.888472]]]}},{"type":"Feature","properties":{"h":3.0,"on_route":false},"geometry":{"type":"Polygon","coordinates":[[[6.945377,4.886388],[6.945332,4.886525],[6.945289,4.88651],[6.945295,4.886492],[6.945228,4.886469],[6.945267,4.886352],[6.945377,4.886388]]]}},{"type":"Feature","properties":{"h":3.0,"on_route":false},"geometry":{"type":"Polygon","coordinates":[[[6.94174,4.8888],[6.941732,4.888909],[6.94164,4.888903],[6.941648,4.888794],[6.94174,4.8888]]]}},{"type":"Feature","properties":{"h":3.0,"on_route":false},"geometry":{"type":"Polygon","coordinates":[[[6.941411,4.889171],[6.941249,4.889199],[6.94124,4.889147],[6.941403,4.889119],[6.941411,4.889171]]]}},{"type":"Feature","properties":{"h":3.0,"on_route":false},"geometry":{"type":"Polygon","coordinates":[[[6.943997,4.887998],[6.943991,4.888053],[6.943918,4.888045],[6.943924,4.88799],[6.943997,4.887998]]]}},{"type":"Feature","properties":{"h":3.0,"on_route":false},"geometry":{"type":"Polygon","coordinates":[[[6.944271,4.8871],[6.944211,4.887316],[6.944127,4.887293],[6.944187,4.887077],[6.944271,4.8871]]]}},{"type":"Feature","properties":{"h":3.0,"on_route":false},"geometry":{"type":"Polygon","coordinates":[[[6.940858,4.89042],[6.940738,4.890486],[6.940683,4.890383],[6.940803,4.890318],[6.940858,4.89042]]]}},{"type":"Feature","properties":{"h":3.0,"on_route":false},"geometry":{"type":"Polygon","coordinates":[[[6.943642,4.891243],[6.943524,4.891279],[6.943498,4.891195],[6.943616,4.891159],[6.943642,4.891243]]]}},{"type":"Feature","properties":{"h":3.0,"on_route":false},"geometry":{"type":"Polygon","coordinates":[[[6.944268,4.888859],[6.944169,4.888863],[6.944165,4.888753],[6.944264,4.88875],[6.944268,4.888859]]]}},{"type":"Feature","properties":{"h":3.0,"on_route":false},"geometry":{"type":"Polygon","coordinates":[[[6.940503,4.889031],[6.940497,4.889116],[6.940425,4.889111],[6.940427,4.889079],[6.940448,4.889081],[6.940452,4.889027],[6.940503,4.889031]]]}},{"type":"Feature","properties":{"h":3.0,"on_route":true},"geometry":{"type":"Polygon","coordinates":[[[6.944713,4.890458],[6.944701,4.890558],[6.944227,4.890502],[6.944239,4.890402],[6.944713,4.890458]]]}},{"type":"Feature","properties":{"h":3.0,"on_route":false},"geometry":{"type":"Polygon","coordinates":[[[6.942933,4.891494],[6.942801,4.891534],[6.942766,4.891417],[6.942898,4.891377],[6.942933,4.891494]]]}},{"type":"Feature","properties":{"h":3.0,"on_route":false},"geometry":{"type":"Polygon","coordinates":[[[6.942624,4.892599],[6.942556,4.892643],[6.942397,4.892392],[6.942465,4.892348],[6.942624,4.892599]]]}},{"type":"Feature","properties":{"h":3.0,"on_route":false},"geometry":{"type":"Polygon","coordinates":[[[6.941325,4.892564],[6.941245,4.892597],[6.941215,4.892523],[6.941295,4.89249],[6.941325,4.892564]]]}},{"type":"Feature","properties":{"h":3.0,"on_route":false},"geometry":{"type":"Polygon","coordinates":[[[6.940866,4.889057],[6.940862,4.889111],[6.94083,4.889108],[6.940834,4.889055],[6.940866,4.889057]]]}},{"type":"Feature","properties":{"h":3.0,"on_route":true},"geometry":{"type":"Polygon","coordinates":[[[6.945278,4.891474],[6.945276,4.891552],[6.945146,4.891549],[6.945147,4.891505],[6.945115,4.891505],[6.945115,4.891471],[6.945278,4.891474]]]}},{"type":"Feature","properties":{"h":3.0,"on_route":false},"geometry":{"type":"Polygon","coordinates":[[[6.943527,4.889795],[6.943534,4.8899],[6.943472,4.889904],[6.943465,4.889799],[6.943527,4.889795]]]}},{"type":"Feature","properties":{"h":3.0,"on_route":false},"geometry":{"type":"Polygon","coordinates":[[[6.942936,4.886089],[6.94295,4.886186],[6.942807,4.886207],[6.942793,4.88611],[6.942936,4.886089]]]}},{"type":"Feature","properties":{"h":3.0,"on_route":false},"geometry":{"type":"Polygon","coordinates":[[[6.940349,4.888691],[6.940325,4.888734],[6.940265,4.888701],[6.940289,4.888658],[6.940349,4.888691]]]}},{"type":"Feature","properties":{"h":3.0,"on_route":false},"geometry":{"type":"Polygon","coordinates":[[[6.945504,4.887394],[6.945477,4.88757],[6.945415,4.88756],[6.945442,4.887385],[6.945504,4.887394]]]}},{"type":"Feature","properties":{"h":3.0,"on_route":false},"geometry":{"type":"Polygon","coordinates":[[[6.940176,4.890136],[6.940076,4.890173],[6.940036,4.890062],[6.940136,4.890025],[6.940176,4.890136]]]}},{"type":"Feature","properties":{"h":3.0,"on_route":false},"geometry":{"type":"Polygon","coordinates":[[[6.944059,4.888327],[6.944057,4.888354],[6.944134,4.88836],[6.944129,4.888416],[6.943958,4.888403],[6.943964,4.88832],[6.944059,4.888327]]]}},{"type":"Feature","properties":{"h":3.0,"on_route":false},"geometry":{"type":"Polygon","coordinates":[[[6.943996,4.886085],[6.943951,4.886113],[6.943925,4.88607],[6.94397,4.886043],[6.943996,4.886085]]]}},{"type":"Feature","properties":{"h":3.0,"on_route":false},"geometry":{"type":"Polygon","coordinates":[[[6.940931,4.890743],[6.940886,4.890761],[6.940864,4.890708],[6.940909,4.89069],[6.940931,4.890743]]]}},{"type":"Feature","properties":{"h":3.0,"on_route":false},"geometry":{"type":"Polygon","coordinates":[[[6.941851,4.887705],[6.941845,4.887753],[6.941788,4.887746],[6.941795,4.887697],[6.941851,4.887705]]]}},{"type":"Feature","properties":{"h":3.0,"on_route":false},"geometry":{"type":"Polygon","coordinates":[[[6.940593,4.889144],[6.940587,4.889211],[6.940521,4.889204],[6.940527,4.889138],[6.940593,4.889144]]]}},{"type":"Feature","properties":{"h":3.0,"on_route":false},"geometry":{"type":"Polygon","coordinates":[[[6.943246,4.887786],[6.943247,4.887762],[6.943279,4.887763],[6.943278,4.887788],[6.943302,4.887789],[6.9433,4.887828],[6.943215,4.887824],[6.943216,4.887785],[6.943246,4.887786]]]}},{"type":"Feature","properties":{"h":3.0,"on_route":false},"geometry":{"type":"Polygon","coordinates":[[[6.942666,4.890362],[6.942532,4.890405],[6.9425,4.890305],[6.942634,4.890262],[6.942666,4.890362]]]}},{"type":"Feature","properties":{"h":3.0,"on_route":false},"geometry":{"type":"Polygon","coordinates":[[[6.943568,4.892739],[6.943444,4.892777],[6.943412,4.892673],[6.943536,4.892634],[6.943568,4.892739]]]}},{"type":"Feature","properties":{"h":3.0,"on_route":false},"geometry":{"type":"Polygon","coordinates":[[[6.942759,4.891176],[6.94282,4.891374],[6.942755,4.891394],[6.942694,4.891196],[6.942759,4.891176]]]}},{"type":"Feature","properties":{"h":3.0,"on_route":false},"geometry":{"type":"Polygon","coordinates":[[[6.944789,4.889283],[6.944779,4.889427],[6.94469,4.889421],[6.9447,4.889277],[6.944789,4.889283]]]}},{"type":"Feature","properties":{"h":3.0,"on_route":false},"geometry":{"type":"Polygon","coordinates":[[[6.942278,4.890477],[6.942283,4.890509],[6.942161,4.89053],[6.942156,4.890497],[6.942278,4.890477]]]}},{"type":"Feature","properties":{"h":3.0,"on_route":false},"geometry":{"type":"Polygon","coordinates":[[[6.942439,4.889363],[6.942438,4.889395],[6.942377,4.889394],[6.942377,4.889363],[6.942439,4.889363]]]}},{"type":"Feature","properties":{"h":3.0,"on_route":false},"geometry":{"type":"Polygon","coordinates":[[[6.94146,4.886864],[6.941398,4.886876],[6.941414,4.886956],[6.941475,4.886944],[6.941484,4.886991],[6.941321,4.887022],[6.941289,4.886849],[6.941451,4.886818],[6.94146,4.886864]]]}},{"type":"Feature","properties":{"h":3.0,"on_route":false},"geometry":{"type":"Polygon","coordinates":[[[6.943557,4.890792],[6.943528,4.890806],[6.943536,4.890825],[6.943444,4.89087],[6.943387,4.890752],[6.94348,4.890707],[6.943497,4.890741],[6.943526,4.890727],[6.943557,4.890792]]]}},{"type":"Feature","properties":{"h":3.0,"on_route":false},"geometry":{"type":"Polygon","coordinates":[[[6.941283,4.890336],[6.941287,4.890387],[6.941242,4.890391],[6.941238,4.890341],[6.941283,4.890336]]]}},{"type":"Feature","properties":{"h":3.0,"on_route":false},"geometry":{"type":"Polygon","coordinates":[[[6.944997,4.888667],[6.944878,4.888675],[6.944873,4.888616],[6.944993,4.888607],[6.944997,4.888667]]]}},{"type":"Feature","properties":{"h":3.0,"on_route":false},"geometry":{"type":"Polygon","coordinates":[[[6.939867,4.890432],[6.939815,4.890455],[6.939778,4.89037],[6.93983,4.890347],[6.939867,4.890432]]]}},{"type":"Feature","properties":{"h":3.0,"on_route":false},"geometry":{"type":"Polygon","coordinates":[[[6.94325,4.889443],[6.943345,4.88969],[6.943297,4.889709],[6.943202,4.889461],[6.94325,4.889443]]]}},{"type":"Feature","properties":{"h":3.0,"on_route":false},"geometry":{"type":"Polygon","coordinates":[[[6.943732,4.887797],[6.943735,4.887766],[6.943843,4.887775],[6.943835,4.887866],[6.9437,4.887854],[6.943705,4.887795],[6.943732,4.887797]]]}},{"type":"Feature","properties":{"h":3.0,"on_route":false},"geometry":{"type":"Polygon","coordinates":[[[6.946307,4.892721],[6.946318,4.892852],[6.946267,4.892856],[6.946256,4.892725],[6.946307,4.892721]]]}},{"type":"Feature","properties":{"h":3.0,"on_route":false},"geometry":{"type":"Polygon","coordinates":[[[6.943814,4.887444],[6.943794,4.887533],[6.943758,4.887525],[6.943753,4.887546],[6.943699,4.887534],[6.943724,4.887424],[6.943814,4.887444]]]}},{"type":"Feature","properties":{"h":3.0,"on_route":false},"geometry":{"type":"Polygon","coordinates":[[[6.946582,4.892953],[6.946478,4.892965],[6.946466,4.892864],[6.94657,4.892852],[6.946582,4.892953]]]}},{"type":"Feature","properties":{"h":3.0,"on_route":false},"geometry":{"type":"Polygon","coordinates":[[[6.942776,4.886343],[6.942501,4.886395],[6.942481,4.886292],[6.942757,4.886239],[6.942776,4.886343]]]}},{"type":"Feature","properties":{"h":3.0,"on_route":false},"geometry":{"type":"Polygon","coordinates":[[[6.942712,4.893324],[6.942712,4.893346],[6.942689,4.893346],[6.942689,4.893324],[6.942712,4.893324]]]}},{"type":"Feature","properties":{"h":3.0,"on_route":false},"geometry":{"type":"Polygon","coordinates":[[[6.944296,4.893787],[6.944241,4.893794],[6.944223,4.893645],[6.944277,4.893638],[6.944296,4.893787]]]}},{"type":"Feature","properties":{"h":3.0,"on_route":false},"geometry":{"type":"Polygon","coordinates":[[[6.941234,4.890566],[6.941095,4.890588],[6.941085,4.890526],[6.94111,4.890522],[6.941103,4.890476],[6.941131,4.890471],[6.941138,4.890518],[6.941163,4.890514],[6.941151,4.890434],[6.941213,4.890424],[6.941234,4.890566]]]}},{"type":"Feature","properties":{"h":3.0,"on_route":false},"geometry":{"type":"Polygon","coordinates":[[[6.944002,4.891185],[6.943926,4.891199],[6.943912,4.89112],[6.943988,4.891106],[6.944002,4.891185]]]}},{"type":"Feature","properties":{"h":3.0,"on_route":false},"geometry":{"type":"Polygon","coordinates":[[[6.940191,4.891715],[6.94017,4.891722],[6.940196,4.891803],[6.940217,4.891796],[6.940232,4.891841],[6.940125,4.891876],[6.940066,4.891695],[6.940173,4.89166],[6.940191,4.891715]]]}},{"type":"Feature","properties":{"h":3.0,"on_route":false},"geometry":{"type":"Polygon","coordinates":[[[6.940332,4.889066],[6.940326,4.889145],[6.940263,4.88914],[6.940269,4.889061],[6.940332,4.889066]]]}},{"type":"Feature","properties":{"h":3.0,"on_route":false},"geometry":{"type":"Polygon","coordinates":[[[6.942759,4.892268],[6.942674,4.892312],[6.942629,4.892225],[6.942716,4.892181],[6.942759,4.892268]]]}},{"type":"Feature","properties":{"h":3.0,"on_route":false},"geometry":{"type":"Polygon","coordinates":[[[6.941749,4.893224],[6.941725,4.893238],[6.941738,4.893262],[6.941683,4.893291],[6.941613,4.893161],[6.941692,4.893118],[6.941749,4.893224]]]}},{"type":"Feature","properties":{"h":3.0,"on_route":false},"geometry":{"type":"Polygon","coordinates":[[[6.942222,4.889896],[6.94211,4.889906],[6.942104,4.889844],[6.942217,4.889834],[6.942222,4.889896]]]}},{"type":"Feature","properties":{"h":3.0,"on_route":false},"geometry":{"type":"Polygon","coordinates":[[[6.944002,4.889188],[6.943997,4.889294],[6.94383,4.889286],[6.943834,4.889181],[6.944002,4.889188]]]}},{"type":"Feature","properties":{"h":3.0,"on_route":false},"geometry":{"type":"Polygon","coordinates":[[[6.943703,4.894269],[6.943461,4.894291],[6.943456,4.894235],[6.943698,4.894213],[6.943703,4.894269]]]}},{"type":"Feature","properties":{"h":3.0,"on_route":false},"geometry":{"type":"Polygon","coordinates":[[[6.942916,4.888787],[6.942669,4.888795],[6.942667,4.888727],[6.942914,4.888719],[6.942916,4.888787]]]}},{"type":"Feature","properties":{"h":3.0,"on_route":false},"geometry":{"type":"Polygon","coordinates":[[[6.94094,4.888776],[6.940932,4.888893],[6.940878,4.888889],[6.940881,4.888844],[6.940849,4.888842],[6.940854,4.88877],[6.94094,4.888776]]]}},{"type":"Feature","properties":{"h":3.0,"on_route":false},"geometry":{"type":"Polygon","coordinates":[[[6.94302,4.893486],[6.943023,4.893513],[6.942992,4.893516],[6.942989,4.89349],[6.94302,4.893486]]]}},{"type":"Feature","properties":{"h":3.0,"on_route":false},"geometry":{"type":"Polygon","coordinates":[[[6.942875,4.893246],[6.942775,4.893269],[6.942757,4.89319],[6.942751,4.893191],[6.94271,4.893014],[6.942816,4.892989],[6.942875,4.893246]]]}},{"type":"Feature","properties":{"h":3.0,"on_route":false},"geometry":{"type":"Polygon","coordinates":[[[6.940722,4.889561],[6.940657,4.889571],[6.94065,4.889525],[6.940715,4.889515],[6.940722,4.889561]]]}},{"type":"Feature","properties":{"h":3.0,"on_route":false},"geometry":{"type":"Polygon","coordinates":[[[6.944148,4.88722],[6.94413,4.887282],[6.944047,4.887258],[6.944065,4.887196],[6.944148,4.88722]]]}},{"type":"Feature","properties":{"h":3.0,"on_route":false},"geometry":{"type":"Polygon","coordinates":[[[6.945923,4.886903],[6.94589,4.886991],[6.94583,4.886969],[6.945863,4.88688],[6.945923,4.886903]]]}},{"type":"Feature","properties":{"h":3.0,"on_route":false},"geometry":{"type":"Polygon","coordinates":[[[6.946511,4.892188],[6.94642,4.892198],[6.946404,4.892048],[6.946495,4.892038],[6.946511,4.892188]]]}},{"type":"Feature","properties":{"h":3.0,"on_route":false},"geometry":{"type":"Polygon","coordinates":[[[6.941929,4.887046],[6.941865,4.887067],[6.941846,4.887009],[6.94191,4.886988],[6.941929,4.887046]]]}},{"type":"Feature","properties":{"h":3.0,"on_route":false},"geometry":{"type":"Polygon","coordinates":[[[6.945668,4.889379],[6.945662,4.889554],[6.945545,4.88955],[6.945551,4.889375],[6.945668,4.889379]]]}},{"type":"Feature","properties":{"h":3.0,"on_route":false},"geometry":{"type":"Polygon","coordinates":[[[6.945147,4.887351],[6.945123,4.88744],[6.945075,4.887426],[6.945063,4.887467],[6.945091,4.887475],[6.945073,4.887543],[6.944988,4.88752],[6.945042,4.887322],[6.945147,4.887351]]]}},{"type":"Feature","properties":{"h":3.0,"on_route":false},"geometry":{"type":"Polygon","coordinates":[[[6.940481,4.889765],[6.940409,4.88979],[6.940368,4.889672],[6.940441,4.889647],[6.940481,4.889765]]]}},{"type":"Feature","properties":{"h":3.0,"on_route":false},"geometry":{"type":"Polygon","coordinates":[[[6.940215,4.892438],[6.940195,4.89238],[6.940715,4.892199],[6.940735,4.892257],[6.940215,4.892438]]]}},{"type":"Feature","properties":{"h":3.0,"on_route":false},"geometry":{"type":"Polygon","coordinates":[[[6.941153,4.891504],[6.941015,4.891566],[6.940993,4.891517],[6.941131,4.891455],[6.941153,4.891504]]]}},{"type":"Feature","properties":{"h":3.0,"on_route":false},"geometry":{"type":"Polygon","coordinates":[[[6.941772,4.89117],[6.941531,4.891293],[6.941506,4.891244],[6.941747,4.89112],[6.941772,4.89117]]]}},{"type":"Feature","properties":{"h":3.0,"on_route":false},"geometry":{"type":"Polygon","coordinates":[[[6.945728,4.893183],[6.945794,4.89341],[6.945741,4.893425],[6.945675,4.893199],[6.945728,4.893183]]]}},{"type":"Feature","properties":{"h":3.0,"on_route":false},"geometry":{"type":"Polygon","coordinates":[[[6.941104,4.891029],[6.941049,4.891051],[6.940979,4.890878],[6.941035,4.890856],[6.941104,4.891029]]]}},{"type":"Feature","properties":{"h":3.0,"on_route":false},"geometry":{"type":"Polygon","coordinates":[[[6.944665,4.889874],[6.944663,4.889923],[6.944431,4.889916],[6.944432,4.889867],[6.944665,4.889874]]]}},{"type":"Feature","properties":{"h":3.0,"on_route":false},"geometry":{"type":"Polygon","coordinates":[[[6.945209,4.887466],[6.94518,4.887577],[6.94511,4.887558],[6.945139,4.887448],[6.945209,4.887466]]]}},{"type":"Feature","properties":{"h":3.0,"on_route":false},"geometry":{"type":"Polygon","coordinates":[[[6.945526,4.893491],[6.94553,4.893512],[6.94559,4.893501],[6.945635,4.893742],[6.945515,4.893765],[6.945503,4.893698],[6.945476,4.893703],[6.945439,4.893507],[6.945526,4.893491]]]}},{"type":"Feature","properties":{"h":3.0,"on_route":false},"geometry":{"type":"Polygon","coordinates":[[[6.945767,4.891475],[6.945677,4.891474],[6.945677,4.891407],[6.945678,4.891352],[6.945711,4.891352],[6.945712,4.891285],[6.945769,4.891286],[6.945767,4.891475]]]}},{"type":"Feature","properties":{"h":3.0,"on_route":false},"geometry":{"type":"Polygon","coordinates":[[[6.94177,4.889605],[6.941695,4.889611],[6.941687,4.889502],[6.941762,4.889497],[6.94177,4.889605]]]}},{"type":"Feature","properties":{"h":3.0,"on_route":false},"geometry":{"type":"Polygon","coordinates":[[[6.945473,4.887935],[6.945482,4.888072],[6.945412,4.888077],[6.945403,4.88794],[6.945473,4.887935]]]}},{"type":"Feature","properties":{"h":3.0,"on_route":false},"geometry":{"type":"Polygon","coordinates":[[[6.942033,4.892941],[6.942095,4.89306],[6.942025,4.893096],[6.941963,4.892978],[6.942033,4.892941]]]}},{"type":"Feature","properties":{"h":3.0,"on_route":false},"geometry":{"type":"Polygon","coordinates":[[[6.941664,4.88873],[6.941669,4.888784],[6.941591,4.888792],[6.941586,4.888736],[6.941664,4.88873]]]}},{"type":"Feature","properties":{"h":3.0,"on_route":false},"geometry":{"type":"Polygon","coordinates":[[[6.944384,4.892948],[6.944362,4.892954],[6.944374,4.892998],[6.944211,4.893039],[6.944184,4.892932],[6.944369,4.892885],[6.944384,4.892948]]]}},{"type":"Feature","properties":{"h":3.0,"on_route":false},"geometry":{"type":"Polygon","coordinates":[[[6.945757,4.891572],[6.945758,4.891562],[6.945853,4.891566],[6.94585,4.891658],[6.945754,4.891654],[6.945756,4.891619],[6.945736,4.891618],[6.945737,4.891571],[6.945757,4.891572]]]}},{"type":"Feature","properties":{"h":3.0,"on_route":false},"geometry":{"type":"Polygon","coordinates":[[[6.940376,4.890694],[6.940227,4.890723],[6.940218,4.890679],[6.940367,4.89065],[6.940376,4.890694]]]}},{"type":"Feature","properties":{"h":3.0,"on_route":false},"geometry":{"type":"Polygon","coordinates":[[[6.944913,4.889277],[6.944906,4.889365],[6.944799,4.889357],[6.944806,4.889268],[6.944913,4.889277]]]}},{"type":"Feature","properties":{"h":3.0,"on_route":false},"geometry":{"type":"Polygon","coordinates":[[[6.941952,4.889028],[6.941941,4.889091],[6.941888,4.889082],[6.941899,4.889019],[6.941952,4.889028]]]}},{"type":"Feature","properties":{"h":3.0,"on_route":false},"geometry":{"type":"Polygon","coordinates":[[[6.944775,4.891315],[6.944794,4.89137],[6.944889,4.891337],[6.944907,4.891388],[6.944783,4.891432],[6.944746,4.891326],[6.944775,4.891315]]]}},{"type":"Feature","properties":{"h":3.0,"on_route":false},"geometry":{"type":"Polygon","coordinates":[[[6.9435,4.888552],[6.943478,4.888623],[6.94325,4.888553],[6.943272,4.888481],[6.9435,4.888552]]]}},{"type":"Feature","properties":{"h":3.0,"on_route":false},"geometry":{"type":"Polygon","coordinates":[[[6.943033,4.88892],[6.943004,4.889031],[6.94303,4.889038],[6.943022,4.889067],[6.942996,4.88906],[6.94299,4.889082],[6.942907,4.88906],[6.94295,4.888898],[6.943033,4.88892]]]}},{"type":"Feature","properties":{"h":3.0,"on_route":false},"geometry":{"type":"Polygon","coordinates":[[[6.945276,4.887234],[6.945262,4.887299],[6.945062,4.887255],[6.945077,4.88719],[6.945276,4.887234]]]}},{"type":"Feature","properties":{"h":3.0,"on_route":false},"geometry":{"type":"Polygon","coordinates":[[[6.942038,4.89148],[6.941936,4.891495],[6.941917,4.891364],[6.942019,4.891349],[6.942038,4.89148]]]}},{"type":"Feature","properties":{"h":3.0,"on_route":false},"geometry":{"type":"Polygon","coordinates":[[[6.942296,4.887488],[6.942214,4.887505],[6.942185,4.88736],[6.942267,4.887344],[6.942296,4.887488]]]}},{"type":"Feature","properties":{"h":3.0,"on_route":false},"geometry":{"type":"Polygon","coordinates":[[[6.942317,4.89165],[6.94227,4.891664],[6.942233,4.89154],[6.94228,4.891526],[6.942317,4.89165]]]}},{"type":"Feature","properties":{"h":3.0,"on_route":false},"geometry":{"type":"Polygon","coordinates":[[[6.941748,4.888733],[6.941748,4.888778],[6.941689,4.888777],[6.941689,4.888733],[6.941748,4.888733]]]}},{"type":"Feature","properties":{"h":3.0,"on_route":false},"geometry":{"type":"Polygon","coordinates":[[[6.943836,4.88874],[6.943833,4.888812],[6.943719,4.888807],[6.943722,4.888736],[6.943836,4.88874]]]}},{"type":"Feature","properties":{"h":3.0,"on_route":false},"geometry":{"type":"Polygon","coordinates":[[[6.9434,4.889052],[6.943505,4.889071],[6.943497,4.889115],[6.943392,4.889096],[6.9434,4.889052]]]}},{"type":"Feature","properties":{"h":3.0,"on_route":false},"geometry":{"type":"Polygon","coordinates":[[[6.942904,4.889788],[6.94292,4.890072],[6.94288,4.890074],[6.942876,4.889992],[6.942849,4.889993],[6.942838,4.889792],[6.942904,4.889788]]]}},{"type":"Feature","properties":{"h":3.0,"on_route":false},"geometry":{"type":"Polygon","coordinates":[[[6.946634,4.88752],[6.946615,4.887628],[6.946502,4.887608],[6.946521,4.8875],[6.946634,4.88752]]]}},{"type":"Feature","properties":{"h":3.0,"on_route":false},"geometry":{"type":"Polygon","coordinates":[[[6.943523,4.888841],[6.943517,4.888885],[6.943451,4.888876],[6.943457,4.888833],[6.943523,4.888841]]]}},{"type":"Feature","properties":{"h":3.0,"on_route":false},"geometry":{"type":"Polygon","coordinates":[[[6.94025,4.890255],[6.940195,4.890279],[6.940156,4.890189],[6.940211,4.890165],[6.94025,4.890255]]]}},{"type":"Feature","properties":{"h":3.0,"on_route":false},"geometry":{"type":"Polygon","coordinates":[[[6.942069,4.887282],[6.942084,4.887426],[6.942174,4.887416],[6.942179,4.887471],[6.94202,4.887488],[6.941999,4.88729],[6.942069,4.887282]]]}},{"type":"Feature","properties":{"h":3.0,"on_route":false},"geometry":{"type":"Polygon","coordinates":[[[6.940494,4.889322],[6.940504,4.889422],[6.940449,4.889428],[6.940439,4.889328],[6.940494,4.889322]]]}},{"type":"Feature","properties":{"h":3.0,"on_route":false},"geometry":{"type":"Polygon","coordinates":[[[6.941559,4.891616],[6.941538,4.891619],[6.941549,4.891696],[6.941393,4.891718],[6.941377,4.891604],[6.941423,4.891598],[6.941428,4.891635],[6.941473,4.891629],[6.941468,4.891591],[6.941553,4.891579],[6.941559,4.891616]]]}},{"type":"Feature","properties":{"h":3.0,"on_route":false},"geometry":{"type":"Polygon","coordinates":[[[6.945015,4.88848],[6.945036,4.888584],[6.94498,4.888595],[6.944959,4.888492],[6.945015,4.88848]]]}},{"type":"Feature","properties":{"h":3.0,"on_route":false},"geometry":{"type":"Polygon","coordinates":[[[6.946439,4.89139],[6.946361,4.891396],[6.946352,4.891279],[6.946429,4.891273],[6.946439,4.89139]]]}},{"type":"Feature","properties":{"h":3.0,"on_route":false},"geometry":{"type":"Polygon","coordinates":[[[6.941102,4.888696],[6.941,4.888704],[6.940993,4.888614],[6.941049,4.88861],[6.941046,4.888577],[6.941092,4.888573],[6.941102,4.888696]]]}},{"type":"Feature","properties":{"h":3.0,"on_route":false},"geometry":{"type":"Polygon","coordinates":[[[6.942667,4.888605],[6.942662,4.888661],[6.942525,4.888647],[6.942531,4.888591],[6.942667,4.888605]]]}},{"type":"Feature","properties":{"h":3.0,"on_route":false},"geometry":{"type":"Polygon","coordinates":[[[6.94492,4.887428],[6.944894,4.88752],[6.944745,4.887479],[6.94477,4.887386],[6.94492,4.887428]]]}},{"type":"Feature","properties":{"h":3.0,"on_route":false},"geometry":{"type":"Polygon","coordinates":[[[6.944295,4.891442],[6.944225,4.891454],[6.944217,4.891404],[6.944287,4.891392],[6.944295,4.891442]]]}},{"type":"Feature","properties":{"h":3.0,"on_route":false},"geometry":{"type":"Polygon","coordinates":[[[6.943199,4.889296],[6.943198,4.889307],[6.943236,4.889313],[6.94323,4.889357],[6.943262,4.889362],[6.943252,4.889424],[6.943063,4.889393],[6.943082,4.889277],[6.943199,4.889296]]]}},{"type":"Feature","properties":{"h":3.0,"on_route":false},"geometry":{"type":"Polygon","coordinates":[[[6.944476,4.893396],[6.944445,4.893404],[6.944453,4.893436],[6.944264,4.89348],[6.94424,4.893378],[6.94446,4.893326],[6.944476,4.893396]]]}},{"type":"Feature","properties":{"h":3.0,"on_route":false},"geometry":{"type":"Polygon","coordinates":[[[6.942522,4.888675],[6.942525,4.888647],[6.942597,4.888655],[6.942586,4.888759],[6.94244,4.888744],[6.942448,4.888667],[6.942522,4.888675]]]}},{"type":"Feature","properties":{"h":3.0,"on_route":false},"geometry":{"type":"Polygon","coordinates":[[[6.94553,4.890005],[6.94553,4.890028],[6.945502,4.890028],[6.945503,4.890005],[6.94553,4.890005]]]}},{"type":"Feature","properties":{"h":3.0,"on_route":false},"geometry":{"type":"Polygon","coordinates":[[[6.943831,4.891844],[6.943771,4.891876],[6.943733,4.891802],[6.943793,4.891771],[6.943831,4.891844]]]}},{"type":"Feature","properties":{"h":3.0,"on_route":false},"geometry":{"type":"Polygon","coordinates":[[[6.940681,4.88883],[6.940673,4.88894],[6.940611,4.888935],[6.940619,4.888825],[6.940681,4.88883]]]}},{"type":"Feature","properties":{"h":3.0,"on_route":false},"geometry":{"type":"Polygon","coordinates":[[[6.943185,4.88959],[6.943235,4.889719],[6.943182,4.88974],[6.943131,4.889611],[6.943185,4.88959]]]}},{"type":"Feature","properties":{"h":3.0,"on_route":false},"geometry":{"type":"Polygon","coordinates":[[[6.942015,4.890288],[6.942052,4.890505],[6.941971,4.890519],[6.941934,4.890302],[6.942015,4.890288]]]}},{"type":"Feature","properties":{"h":3.0,"on_route":false},"geometry":{"type":"Polygon","coordinates":[[[6.940791,4.890517],[6.940755,4.890519],[6.940753,4.890487],[6.940789,4.890484],[6.940791,4.890517]]]}},{"type":"Feature","properties":{"h":3.0,"on_route":false},"geometry":{"type":"Polygon","coordinates":[[[6.941074,4.89291],[6.941009,4.892941],[6.940993,4.892907],[6.941057,4.892876],[6.941074,4.89291]]]}},{"type":"Feature","properties":{"h":3.0,"on_route":false},"geometry":{"type":"Polygon","coordinates":[[[6.942993,4.890651],[6.942943,4.890662],[6.942946,4.890675],[6.942996,4.890664],[6.943009,4.890727],[6.9429,4.890751],[6.942872,4.890626],[6.942982,4.890602],[6.942993,4.890651]]]}},{"type":"Feature","properties":{"h":3.0,"on_route":false},"geometry":{"type":"Polygon","coordinates":[[[6.943302,4.891903],[6.94325,4.891921],[6.943209,4.891806],[6.943261,4.891788],[6.943302,4.891903]]]}},{"type":"Feature","properties":{"h":3.0,"on_route":false},"geometry":{"type":"Polygon","coordinates":[[[6.939959,4.891296],[6.939877,4.891315],[6.939853,4.891206],[6.939935,4.891188],[6.939959,4.891296]]]}},{"type":"Feature","properties":{"h":3.0,"on_route":false},"geometry":{"type":"Polygon","coordinates":[[[6.942954,4.890362],[6.942845,4.890389],[6.942819,4.890283],[6.942928,4.890256],[6.942954,4.890362]]]}},{"type":"Feature","properties":{"h":3.0,"on_route":false},"geometry":{"type":"Polygon","coordinates":[[[6.941997,4.893365],[6.941922,4.893397],[6.941872,4.893281],[6.941947,4.893248],[6.941997,4.893365]]]}},{"type":"Feature","properties":{"h":3.0,"on_route":false},"geometry":{"type":"Polygon","coordinates":[[[6.943117,4.889402],[6.94318,4.889566],[6.943132,4.889585],[6.943117,4.889546],[6.943097,4.889554],[6.943054,4.889443],[6.943075,4.889436],[6.943069,4.889421],[6.943117,4.889402]]]}},{"type":"Feature","properties":{"h":3.0,"on_route":false},"geometry":{"type":"Polygon","coordinates":[[[6.940775,4.892669],[6.94068,4.892725],[6.94064,4.892655],[6.940711,4.892614],[6.940728,4.892643],[6.940752,4.892629],[6.940775,4.892669]]]}},{"type":"Feature","properties":{"h":3.0,"on_route":false},"geometry":{"type":"Polygon","coordinates":[[[6.945652,4.886874],[6.945598,4.887004],[6.945504,4.886964],[6.945558,4.886835],[6.945652,4.886874]]]}},{"type":"Feature","properties":{"h":3.0,"on_route":false},"geometry":{"type":"Polygon","coordinates":[[[6.944743,4.894038],[6.944753,4.894239],[6.944664,4.894243],[6.944657,4.894107],[6.944622,4.894109],[6.944619,4.894045],[6.944743,4.894038]]]}},{"type":"Feature","properties":{"h":3.0,"on_route":false},"geometry":{"type":"Polygon","coordinates":[[[6.943381,4.892464],[6.943381,4.892512],[6.943349,4.892512],[6.94335,4.892464],[6.943381,4.892464]]]}},{"type":"Feature","properties":{"h":3.0,"on_route":false},"geometry":{"type":"Polygon","coordinates":[[[6.941913,4.893919],[6.941864,4.893949],[6.941759,4.89378],[6.941807,4.89375],[6.941913,4.893919]]]}},{"type":"Feature","properties":{"h":3.0,"on_route":false},"geometry":{"type":"Polygon","coordinates":[[[6.941851,4.890265],[6.941673,4.890278],[6.941667,4.890192],[6.941845,4.89018],[6.941851,4.890265]]]}},{"type":"Feature","properties":{"h":3.0,"on_route":false},"geometry":{"type":"Polygon","coordinates":[[[6.944326,4.891805],[6.944249,4.89182],[6.944237,4.89176],[6.944314,4.891745],[6.944326,4.891805]]]}},{"type":"Feature","properties":{"h":3.0,"on_route":false},"geometry":{"type":"Polygon","coordinates":[[[6.941399,4.890967],[6.941404,4.890997],[6.941438,4.890991],[6.941457,4.891115],[6.941337,4.891134],[6.941317,4.89101],[6.941339,4.891007],[6.941334,4.890977],[6.941399,4.890967]]]}},{"type":"Feature","properties":{"h":3.0,"on_route":false},"geometry":{"type":"Polygon","coordinates":[[[6.943416,4.89441],[6.943264,4.894453],[6.943232,4.894337],[6.943341,4.894306],[6.943348,4.894329],[6.94339,4.894317],[6.943416,4.89441]]]}},{"type":"Feature","properties":{"h":3.0,"on_route":false},"geometry":{"type":"Polygon","coordinates":[[[6.943883,4.889557],[6.943876,4.889603],[6.94383,4.889595],[6.943837,4.88955],[6.943883,4.889557]]]}},{"type":"Feature","properties":{"h":3.0,"on_route":false},"geometry":{"type":"Polygon","coordinates":[[[6.942577,4.893602],[6.942601,4.893705],[6.942499,4.893729],[6.942475,4.893626],[6.942577,4.893602]]]}},{"type":"Feature","properties":{"h":3.0,"on_route":false},"geometry":{"type":"Polygon","coordinates":[[[6.944734,4.892701],[6.944695,4.892694],[6.944701,4.892662],[6.944739,4.89267],[6.944734,4.892701]]]}},{"type":"Feature","properties":{"h":3.0,"on_route":false},"geometry":{"type":"Polygon","coordinates":[[[6.94165,4.887075],[6.941667,4.887174],[6.941577,4.88719],[6.941559,4.887091],[6.94165,4.887075]]]}},{"type":"Feature","properties":{"h":3.0,"on_route":false},"geometry":{"type":"Polygon","coordinates":[[[6.941582,4.891523],[6.941505,4.891543],[6.941477,4.891432],[6.941553,4.891412],[6.941582,4.891523]]]}},{"type":"Feature","properties":{"h":3.0,"on_route":false},"geometry":{"type":"Polygon","coordinates":[[[6.945886,4.889532],[6.945848,4.889641],[6.945798,4.889623],[6.945836,4.889514],[6.945886,4.889532]]]}},{"type":"Feature","properties":{"h":3.0,"on_route":false},"geometry":{"type":"Polygon","coordinates":[[[6.944155,4.893006],[6.944035,4.893036],[6.944019,4.892973],[6.944139,4.892943],[6.944155,4.893006]]]}},{"type":"Feature","properties":{"h":3.0,"on_route":false},"geometry":{"type":"Polygon","coordinates":[[[6.942182,4.886803],[6.94209,4.88683],[6.942061,4.886728],[6.942152,4.886701],[6.942182,4.886803]]]}},{"type":"Feature","properties":{"h":3.0,"on_route":false},"geometry":{"type":"Polygon","coordinates":[[[6.940308,4.88961],[6.940232,4.889634],[6.9402,4.88953],[6.940276,4.889507],[6.940308,4.88961]]]}},{"type":"Feature","properties":{"h":3.0,"on_route":true},"geometry":{"type":"Polygon","coordinates":[[[6.945061,4.894024],[6.945053,4.894173],[6.944923,4.894166],[6.944931,4.894017],[6.945061,4.894024]]]}},{"type":"Feature","properties":{"h":3.0,"on_route":false},"geometry":{"type":"Polygon","coordinates":[[[6.942404,4.894079],[6.942345,4.8941],[6.942261,4.893865],[6.942319,4.893844],[6.942404,4.894079]]]}},{"type":"Feature","properties":{"h":3.0,"on_route":false},"geometry":{"type":"Polygon","coordinates":[[[6.94454,4.887084],[6.944525,4.887136],[6.944421,4.887105],[6.944436,4.887053],[6.94454,4.887084]]]}},{"type":"Feature","properties":{"h":3.0,"on_route":false},"geometry":{"type":"Polygon","coordinates":[[[6.941559,4.888343],[6.941457,4.888337],[6.941462,4.888262],[6.941564,4.888269],[6.941559,4.888343]]]}},{"type":"Feature","properties":{"h":3.0,"on_route":false},"geometry":{"type":"Polygon","coordinates":[[[6.945751,4.88989],[6.945554,4.889911],[6.945545,4.889824],[6.945742,4.889803],[6.945751,4.88989]]]}},{"type":"Feature","properties":{"h":3.0,"on_route":false},"geometry":{"type":"Polygon","coordinates":[[[6.944388,4.888958],[6.944388,4.88898],[6.944365,4.88898],[6.944366,4.888958],[6.944388,4.888958]]]}},{"type":"Feature","properties":{"h":3.0,"on_route":false},"geometry":{"type":"Polygon","coordinates":[[[6.945465,4.888084],[6.945465,4.888152],[6.945421,4.888152],[6.945421,4.888084],[6.945465,4.888084]]]}},{"type":"Feature","properties":{"h":3.0,"on_route":false},"geometry":{"type":"Polygon","coordinates":[[[6.940355,4.890762],[6.940118,4.890808],[6.940107,4.890747],[6.940343,4.890701],[6.940355,4.890762]]]}},{"type":"Feature","properties":{"h":3.0,"on_route":false},"geometry":{"type":"Polygon","coordinates":[[[6.946612,4.892751],[6.946622,4.892836],[6.946576,4.892841],[6.946567,4.892756],[6.946612,4.892751]]]}},{"type":"Feature","properties":{"h":3.0,"on_route":false},"geometry":{"type":"Polygon","coordinates":[[[6.943468,4.887975],[6.943467,4.888016],[6.943552,4.888017],[6.94355,4.888124],[6.943423,4.888121],[6.943426,4.887974],[6.943468,4.887975]]]}},{"type":"Feature","properties":{"h":3.0,"on_route":false},"geometry":{"type":"Polygon","coordinates":[[[6.945828,4.892204],[6.94582,4.892294],[6.945791,4.892292],[6.945799,4.892202],[6.945828,4.892204]]]}},{"type":"Feature","properties":{"h":3.0,"on_route":false},"geometry":{"type":"Polygon","coordinates":[[[6.942248,4.892428],[6.942152,4.89246],[6.942145,4.89244],[6.942126,4.892384],[6.942222,4.892352],[6.942248,4.892428]]]}},{"type":"Feature","properties":{"h":3.0,"on_route":false},"geometry":{"type":"Polygon","coordinates":[[[6.944145,4.887372],[6.944123,4.887478],[6.944063,4.887466],[6.944086,4.887359],[6.944145,4.887372]]]}},{"type":"Feature","properties":{"h":3.0,"on_route":false},"geometry":{"type":"Polygon","coordinates":[[[6.945865,4.886553],[6.945808,4.886673],[6.945693,4.886617],[6.94575,4.886497],[6.945865,4.886553]]]}},{"type":"Feature","properties":{"h":3.0,"on_route":false},"geometry":{"type":"Polygon","coordinates":[[[6.944093,4.894021],[6.94404,4.894027],[6.944027,4.893907],[6.94408,4.893901],[6.944093,4.894021]]]}},{"type":"Feature","properties":{"h":3.0,"on_route":false},"geometry":{"type":"Polygon","coordinates":[[[6.944804,4.886844],[6.94478,4.886913],[6.944542,4.886829],[6.944566,4.88676],[6.944804,4.886844]]]}},{"type":"Feature","properties":{"h":3.0,"on_route":false},"geometry":{"type":"Polygon","coordinates":[[[6.941224,4.887051],[6.941231,4.887094],[6.941215,4.887097],[6.941207,4.887054],[6.941224,4.887051]]]}},{"type":"Feature","properties":{"h":3.0,"on_route":false},"geometry":{"type":"Polygon","coordinates":[[[6.941482,4.890897],[6.941419,4.89091],[6.941361,4.890633],[6.941424,4.89062],[6.941482,4.890897]]]}},{"type":"Feature","properties":{"h":3.0,"on_route":false},"geometry":{"type":"Polygon","coordinates":[[[6.944845,4.888822],[6.944858,4.888914],[6.945012,4.888892],[6.945019,4.888943],[6.944801,4.888975],[6.94478,4.888832],[6.944845,4.888822]]]}},{"type":"Feature","properties":{"h":3.0,"on_route":false},"geometry":{"type":"Polygon","coordinates":[[[6.941225,4.890375],[6.941206,4.890378],[6.941212,4.890425],[6.941071,4.890446],[6.941056,4.890341],[6.941217,4.890319],[6.941225,4.890375]]]}},{"type":"Feature","properties":{"h":3.0,"on_route":false},"geometry":{"type":"Polygon","coordinates":[[[6.942518,4.891536],[6.942397,4.891572],[6.942374,4.891497],[6.942495,4.89146],[6.942518,4.891536]]]}},{"type":"Feature","properties":{"h":3.0,"on_route":false},"geometry":{"type":"Polygon","coordinates":[[[6.943093,4.887358],[6.942969,4.887366],[6.942965,4.887303],[6.942944,4.887304],[6.94294,4.887246],[6.943085,4.887237],[6.943093,4.887358]]]}},{"type":"Feature","properties":{"h":3.0,"on_route":false},"geometry":{"type":"Polygon","coordinates":[[[6.940892,4.891684],[6.940901,4.891722],[6.940873,4.891728],[6.940865,4.891691],[6.940892,4.891684]]]}},{"type":"Feature","properties":{"h":3.0,"on_route":false},"geometry":{"type":"Polygon","coordinates":[[[6.94427,4.887998],[6.94424,4.888116],[6.944186,4.888102],[6.944217,4.887984],[6.94427,4.887998]]]}},{"type":"Feature","properties":{"h":3.0,"on_route":false},"geometry":{"type":"Polygon","coordinates":[[[6.944067,4.892811],[6.944072,4.892833],[6.94411,4.892823],[6.944123,4.892879],[6.944021,4.892905],[6.944014,4.892877],[6.943996,4.892881],[6.943984,4.892832],[6.944067,4.892811]]]}},{"type":"Feature","properties":{"h":3.0,"on_route":false},"geometry":{"type":"Polygon","coordinates":[[[6.944544,4.8874],[6.944492,4.887385],[6.944541,4.887207],[6.944593,4.887221],[6.944544,4.8874]]]}},{"type":"Feature","properties":{"h":3.0,"on_route":false},"geometry":{"type":"Polygon","coordinates":[[[6.946131,4.886941],[6.946094,4.887065],[6.945968,4.887028],[6.946006,4.886903],[6.946131,4.886941]]]}},{"type":"Feature","properties":{"h":3.0,"on_route":false},"geometry":{"type":"Polygon","coordinates":[[[6.940233,4.890614],[6.940126,4.890635],[6.940107,4.890534],[6.940213,4.890514],[6.940233,4.890614]]]}},{"type":"Feature","properties":{"h":3.0,"on_route":false},"geometry":{"type":"Polygon","coordinates":[[[6.944611,4.892029],[6.944559,4.892037],[6.944548,4.891958],[6.9446,4.891951],[6.944611,4.892029]]]}},{"type":"Feature","properties":{"h":3.0,"on_route":false},"geometry":{"type":"Polygon","coordinates":[[[6.941346,4.892576],[6.941439,4.892725],[6.941388,4.892757],[6.941362,4.892715],[6.941334,4.892732],[6.941268,4.892626],[6.941346,4.892576]]]}},{"type":"Feature","properties":{"h":3.0,"on_route":false},"geometry":{"type":"Polygon","coordinates":[[[6.940873,4.888844],[6.940869,4.888888],[6.940806,4.888883],[6.940809,4.888839],[6.940873,4.888844]]]}},{"type":"Feature","properties":{"h":3.0,"on_route":false},"geometry":{"type":"Polygon","coordinates":[[[6.943086,4.890589],[6.943016,4.890607],[6.94298,4.890463],[6.94305,4.890445],[6.943086,4.890589]]]}},{"type":"Feature","properties":{"h":3.0,"on_route":false},"geometry":{"type":"Polygon","coordinates":[[[6.941153,4.888367],[6.941038,4.88834],[6.941062,4.888238],[6.941112,4.88825],[6.941122,4.888208],[6.941188,4.888224],[6.941153,4.888367]]]}},{"type":"Feature","properties":{"h":3.0,"on_route":true},"geometry":{"type":"Polygon","coordinates":[[[6.945435,4.890977],[6.945393,4.890995],[6.945354,4.890898],[6.945396,4.890881],[6.945435,4.890977]]]}},{"type":"Feature","properties":{"h":3.0,"on_route":false},"geometry":{"type":"Polygon","coordinates":[[[6.941364,4.887239],[6.941347,4.887242],[6.941365,4.887344],[6.941277,4.88736],[6.941251,4.887209],[6.941355,4.887191],[6.941364,4.887239]]]}},{"type":"Feature","properties":{"h":3.0,"on_route":false},"geometry":{"type":"Polygon","coordinates":[[[6.94036,4.889672],[6.940435,4.889873],[6.940358,4.889902],[6.940283,4.889702],[6.94036,4.889672]]]}},{"type":"Feature","properties":{"h":3.0,"on_route":false},"geometry":{"type":"Polygon","coordinates":[[[6.943578,4.892403],[6.943584,4.892422],[6.943607,4.892415],[6.943661,4.892595],[6.943564,4.892625],[6.943504,4.892426],[6.943578,4.892403]]]}},{"type":"Feature","properties":{"h":3.0,"on_route":false},"geometry":{"type":"Polygon","coordinates":[[[6.940856,4.888613],[6.940864,4.888592],[6.94092,4.888614],[6.94089,4.88869],[6.940789,4.88865],[6.94081,4.888595],[6.940856,4.888613]]]}},{"type":"Feature","properties":{"h":3.0,"on_route":false},"geometry":{"type":"Polygon","coordinates":[[[6.94398,4.886506],[6.943983,4.886537],[6.944033,4.886532],[6.944045,4.88665],[6.943942,4.886661],[6.943927,4.886511],[6.94398,4.886506]]]}},{"type":"Feature","properties":{"h":3.0,"on_route":false},"geometry":{"type":"Polygon","coordinates":[[[6.941201,4.892103],[6.941184,4.892048],[6.941443,4.891971],[6.94146,4.892026],[6.941201,4.892103]]]}},{"type":"Feature","properties":{"h":3.0,"on_route":false},"geometry":{"type":"Polygon","coordinates":[[[6.941383,4.891167],[6.941414,4.891284],[6.9413,4.891314],[6.94127,4.891197],[6.941383,4.891167]]]}},{"type":"Feature","properties":{"h":3.0,"on_route":false},"geometry":{"type":"Polygon","coordinates":[[[6.940235,4.891183],[6.940122,4.891219],[6.940099,4.891143],[6.940212,4.891108],[6.940235,4.891183]]]}},{"type":"Feature","properties":{"h":3.0,"on_route":false},"geometry":{"type":"Polygon","coordinates":[[[6.940908,4.888194],[6.940887,4.888273],[6.940828,4.888256],[6.940849,4.888178],[6.940908,4.888194]]]}},{"type":"Feature","properties":{"h":3.0,"on_route":false},"geometry":{"type":"Polygon","coordinates":[[[6.942047,4.886415],[6.942064,4.886475],[6.942136,4.886454],[6.942153,4.886513],[6.942007,4.886555],[6.941973,4.886437],[6.942047,4.886415]]]}},{"type":"Feature","properties":{"h":3.0,"on_route":false},"geometry":{"type":"Polygon","coordinates":[[[6.943113,4.890631],[6.9431,4.890578],[6.943341,4.890514],[6.943355,4.890567],[6.943113,4.890631]]]}},{"type":"Feature","properties":{"h":3.0,"on_route":false},"geometry":{"type":"Polygon","coordinates":[[[6.940753,4.888547],[6.940718,4.888636],[6.940637,4.888603],[6.940672,4.888515],[6.940753,4.888547]]]}},{"type":"Feature","properties":{"h":3.0,"on_route":false},"geometry":{"type":"Polygon","coordinates":[[[6.942254,4.891669],[6.942126,4.891707],[6.942091,4.891589],[6.942218,4.891551],[6.942254,4.891669]]]}},{"type":"Feature","properties":{"h":3.0,"on_route":false},"geometry":{"type":"Polygon","coordinates":[[[6.941786,4.891738],[6.94172,4.891754],[6.941726,4.89178],[6.94166,4.891796],[6.941654,4.89177],[6.941572,4.89179],[6.941551,4.891702],[6.941764,4.89165],[6.941786,4.891738]]]}},{"type":"Feature","properties":{"h":3.0,"on_route":false},"geometry":{"type":"Polygon","coordinates":[[[6.942925,4.888953],[6.942873,4.889133],[6.942766,4.889102],[6.942818,4.888922],[6.942925,4.888953]]]}},{"type":"Feature","properties":{"h":3.0,"on_route":false},"geometry":{"type":"Polygon","coordinates":[[[6.941936,4.891482],[6.941874,4.891491],[6.941868,4.891452],[6.941931,4.891443],[6.941936,4.891482]]]}},{"type":"Feature","properties":{"h":3.0,"on_route":false},"geometry":{"type":"Polygon","coordinates":[[[6.945923,4.888375],[6.945955,4.888543],[6.945846,4.888564],[6.945814,4.888396],[6.945923,4.888375]]]}},{"type":"Feature","properties":{"h":3.0,"on_route":false},"geometry":{"type":"Polygon","coordinates":[[[6.943039,4.889405],[6.943097,4.889554],[6.943048,4.889572],[6.942991,4.889423],[6.943039,4.889405]]]}},{"type":"Feature","properties":{"h":3.0,"on_route":false},"geometry":{"type":"Polygon","coordinates":[[[6.942459,4.890848],[6.942406,4.890859],[6.942385,4.890752],[6.942438,4.890741],[6.942459,4.890848]]]}},{"type":"Feature","properties":{"h":3.0,"on_route":false},"geometry":{"type":"Polygon","coordinates":[[[6.944671,4.892084],[6.944678,4.892157],[6.944592,4.892166],[6.944585,4.892092],[6.944671,4.892084]]]}},{"type":"Feature","properties":{"h":3.0,"on_route":false},"geometry":{"type":"Polygon","coordinates":[[[6.946479,4.893097],[6.946408,4.893103],[6.946387,4.892854],[6.946459,4.892848],[6.946479,4.893097]]]}},{"type":"Feature","properties":{"h":3.0,"on_route":false},"geometry":{"type":"Polygon","coordinates":[[[6.94545,4.88854],[6.945149,4.888602],[6.945092,4.888322],[6.94517,4.888306],[6.945212,4.888507],[6.945353,4.888478],[6.945312,4.888276],[6.945392,4.88826],[6.94545,4.88854]]]}},{"type":"Feature","properties":{"h":3.0,"on_route":false},"geometry":{"type":"Polygon","coordinates":[[[6.94001,4.890422],[6.939984,4.890432],[6.939991,4.89045],[6.939895,4.890487],[6.939866,4.890412],[6.939989,4.890365],[6.94001,4.890422]]]}},{"type":"Feature","properties":{"h":3.0,"on_route":false},"geometry":{"type":"Polygon","coordinates":[[[6.94132,4.891692],[6.941163,4.891735],[6.941146,4.891669],[6.941302,4.891627],[6.94132,4.891692]]]}},{"type":"Feature","properties":{"h":3.0,"on_route":false},"geometry":{"type":"Polygon","coordinates":[[[6.940432,4.88957],[6.940368,4.889601],[6.940334,4.889531],[6.940399,4.8895],[6.940432,4.88957]]]}},{"type":"Feature","properties":{"h":3.0,"on_route":false},"geometry":{"type":"Polygon","coordinates":[[[6.942785,4.886665],[6.942836,4.886867],[6.942903,4.88685],[6.942916,4.886901],[6.942792,4.886932],[6.942736,4.886707],[6.942755,4.886702],[6.942748,4.886675],[6.942785,4.886665]]]}},{"type":"Feature","properties":{"h":3.0,"on_route":false},"geometry":{"type":"Polygon","coordinates":[[[6.941131,4.887501],[6.941127,4.887559],[6.940997,4.88755],[6.941001,4.887492],[6.941131,4.887501]]]}},{"type":"Feature","properties":{"h":3.0,"on_route":false},"geometry":{"type":"Polygon","coordinates":[[[6.940961,4.888209],[6.940939,4.888287],[6.940887,4.888273],[6.940908,4.888194],[6.940961,4.888209]]]}},{"type":"Feature","properties":{"h":3.0,"on_route":false},"geometry":{"type":"Polygon","coordinates":[[[6.942111,4.8913],[6.942115,4.891341],[6.942087,4.891343],[6.942083,4.891303],[6.942111,4.8913]]]}},{"type":"Feature","properties":{"h":3.0,"on_route":false},"geometry":{"type":"Polygon","coordinates":[[[6.940254,4.89212],[6.940146,4.892147],[6.940132,4.892088],[6.94024,4.892062],[6.940254,4.89212]]]}},{"type":"Feature","properties":{"h":3.0,"on_route":false},"geometry":{"type":"Polygon","coordinates":[[[6.94118,4.888157],[6.941169,4.888199],[6.941084,4.888176],[6.941096,4.888133],[6.94118,4.888157]]]}},{"type":"Feature","properties":{"h":3.0,"on_route":false},"geometry":{"type":"Polygon","coordinates":[[[6.941489,4.889554],[6.941337,4.889609],[6.941307,4.889528],[6.941356,4.88951],[6.941321,4.889411],[6.941425,4.889374],[6.941489,4.889554]]]}},{"type":"Feature","properties":{"h":3.0,"on_route":false},"geometry":{"type":"Polygon","coordinates":[[[6.944284,4.892896],[6.944154,4.892929],[6.94414,4.892875],[6.944123,4.892879],[6.94411,4.892823],[6.944257,4.892786],[6.944284,4.892896]]]}},{"type":"Feature","properties":{"h":3.0,"on_route":false},"geometry":{"type":"Polygon","coordinates":[[[6.940916,4.889893],[6.940922,4.889939],[6.94101,4.889927],[6.941025,4.890035],[6.940877,4.890056],[6.940856,4.889902],[6.940916,4.889893]]]}},{"type":"Feature","properties":{"h":3.0,"on_route":false},"geometry":{"type":"Polygon","coordinates":[[[6.942038,4.890673],[6.941782,4.890716],[6.94177,4.890644],[6.942026,4.890602],[6.942038,4.890673]]]}},{"type":"Feature","properties":{"h":3.0,"on_route":false},"geometry":{"type":"Polygon","coordinates":[[[6.943522,4.892629],[6.943377,4.892673],[6.943348,4.892575],[6.943493,4.89253],[6.943522,4.892629]]]}},{"type":"Feature","properties":{"h":3.0,"on_route":true},"geometry":{"type":"Polygon","coordinates":[[[6.945142,4.890883],[6.945231,4.891104],[6.945167,4.89113],[6.945111,4.890991],[6.945062,4.89101],[6.945029,4.890928],[6.945142,4.890883]]]}},{"type":"Feature","properties":{"h":3.0,"on_route":false},"geometry":{"type":"Polygon","coordinates":[[[6.94371,4.891135],[6.943632,4.891148],[6.943614,4.891041],[6.943692,4.891027],[6.94371,4.891135]]]}},{"type":"Feature","properties":{"h":3.0,"on_route":false},"geometry":{"type":"Polygon","coordinates":[[[6.943802,4.889296],[6.943567,4.889279],[6.94357,4.889234],[6.943762,4.889248],[6.943769,4.889158],[6.943812,4.889161],[6.943802,4.889296]]]}},{"type":"Feature","properties":{"h":3.0,"on_route":false},"geometry":{"type":"Polygon","coordinates":[[[6.940584,4.891879],[6.94061,4.891965],[6.940516,4.891995],[6.94049,4.891908],[6.940584,4.891879]]]}},{"type":"Feature","properties":{"h":3.0,"on_route":false},"geometry":{"type":"Polygon","coordinates":[[[6.944659,4.887535],[6.944619,4.887615],[6.944577,4.887594],[6.944617,4.887514],[6.944659,4.887535]]]}},{"type":"Feature","properties":{"h":3.0,"on_route":false},"geometry":{"type":"Polygon","coordinates":[[[6.94022,4.889816],[6.940226,4.889876],[6.94019,4.88988],[6.940184,4.88982],[6.94022,4.889816]]]}},{"type":"Feature","properties":{"h":3.0,"on_route":false},"geometry":{"type":"Polygon","coordinates":[[[6.941612,4.890201],[6.941651,4.890386],[6.941596,4.890397],[6.941569,4.890271],[6.94155,4.890275],[6.941538,4.890217],[6.941612,4.890201]]]}},{"type":"Feature","properties":{"h":3.0,"on_route":false},"geometry":{"type":"Polygon","coordinates":[[[6.942364,4.889383],[6.942392,4.889714],[6.942319,4.889721],[6.942291,4.889389],[6.942364,4.889383]]]}},{"type":"Feature","properties":{"h":3.0,"on_route":false},"geometry":{"type":"Polygon","coordinates":[[[6.943203,4.889058],[6.943201,4.889084],[6.943269,4.889089],[6.943257,4.889252],[6.943041,4.889236],[6.943046,4.889165],[6.943103,4.889169],[6.943112,4.889051],[6.943203,4.889058]]]}},{"type":"Feature","properties":{"h":3.0,"on_route":false},"geometry":{"type":"Polygon","coordinates":[[[6.945502,4.88643],[6.945517,4.886387],[6.945696,4.886447],[6.945672,4.886518],[6.945463,4.886448],[6.945472,4.88642],[6.945502,4.88643]]]}},{"type":"Feature","properties":{"h":3.0,"on_route":false},"geometry":{"type":"Polygon","coordinates":[[[6.943827,4.892678],[6.94372,4.892711],[6.943683,4.892589],[6.943789,4.892556],[6.943827,4.892678]]]}},{"type":"Feature","properties":{"h":3.0,"on_route":true},"geometry":{"type":"Polygon","coordinates":[[[6.94504,4.892896],[6.944918,4.892906],[6.944912,4.892832],[6.945034,4.892822],[6.94504,4.892896]]]}},{"type":"Feature","properties":{"h":3.0,"on_route":false},"geometry":{"type":"Polygon","coordinates":[[[6.941916,4.889984],[6.941926,4.890047],[6.941876,4.890056],[6.941865,4.889993],[6.941916,4.889984]]]}},{"type":"Feature","properties":{"h":3.0,"on_route":false},"geometry":{"type":"Polygon","coordinates":[[[6.940373,4.888103],[6.940362,4.88815],[6.940216,4.888115],[6.940227,4.888068],[6.940373,4.888103]]]}},{"type":"Feature","properties":{"h":3.0,"on_route":false},"geometry":{"type":"Polygon","coordinates":[[[6.941519,4.889154],[6.941412,4.889172],[6.941403,4.889119],[6.94151,4.889102],[6.941519,4.889154]]]}},{"type":"Feature","properties":{"h":3.0,"on_route":false},"geometry":{"type":"Polygon","coordinates":[[[6.944691,4.889331],[6.944683,4.889435],[6.944617,4.88943],[6.944625,4.889325],[6.944691,4.889331]]]}},{"type":"Feature","properties":{"h":3.0,"on_route":false},"geometry":{"type":"Polygon","coordinates":[[[6.940088,4.888913],[6.94005,4.889008],[6.939983,4.888981],[6.940021,4.888886],[6.940088,4.888913]]]}},{"type":"Feature","properties":{"h":3.0,"on_route":false},"geometry":{"type":"Polygon","coordinates":[[[6.940797,4.891635],[6.940603,4.891744],[6.940568,4.891681],[6.940762,4.891573],[6.940797,4.891635]]]}},{"type":"Feature","properties":{"h":3.0,"on_route":true},"geometry":{"type":"Polygon","coordinates":[[[6.945243,4.893393],[6.945254,4.893458],[6.94522,4.893463],[6.94521,4.893399],[6.945243,4.893393]]]}},{"type":"Feature","properties":{"h":3.0,"on_route":false},"geometry":{"type":"Polygon","coordinates":[[[6.944381,4.887899],[6.94435,4.888019],[6.944241,4.887991],[6.944271,4.887871],[6.944381,4.887899]]]}},{"type":"Feature","properties":{"h":3.0,"on_route":false},"geometry":{"type":"Polygon","coordinates":[[[6.940088,4.891601],[6.940066,4.891609],[6.940057,4.891581],[6.940079,4.891573],[6.940088,4.891601]]]}},{"type":"Feature","properties":{"h":3.0,"on_route":false},"geometry":{"type":"Polygon","coordinates":[[[6.941923,4.892072],[6.941947,4.892139],[6.941904,4.892155],[6.941879,4.892087],[6.941923,4.892072]]]}},{"type":"Feature","properties":{"h":3.0,"on_route":false},"geometry":{"type":"Polygon","coordinates":[[[6.941566,4.891875],[6.941505,4.891891],[6.941462,4.891729],[6.941523,4.891712],[6.941566,4.891875]]]}},{"type":"Feature","properties":{"h":3.0,"on_route":false},"geometry":{"type":"Polygon","coordinates":[[[6.946305,4.893452],[6.94633,4.893661],[6.946225,4.893674],[6.946199,4.893465],[6.946305,4.893452]]]}},{"type":"Feature","properties":{"h":3.0,"on_route":false},"geometry":{"type":"Polygon","coordinates":[[[6.940079,4.890794],[6.940081,4.890828],[6.940044,4.89083],[6.940042,4.890797],[6.940079,4.890794]]]}},{"type":"Feature","properties":{"h":3.0,"on_route":false},"geometry":{"type":"Polygon","coordinates":[[[6.94541,4.888039],[6.945416,4.888133],[6.94535,4.888138],[6.945344,4.888043],[6.94541,4.888039]]]}},{"type":"Feature","properties":{"h":3.0,"on_route":true},"geometry":{"type":"Polygon","coordinates":[[[6.945471,4.891141],[6.945364,4.891152],[6.945359,4.891097],[6.94541,4.891092],[6.945407,4.891068],[6.945463,4.891062],[6.945471,4.891141]]]}},{"type":"Feature","properties":{"h":3.0,"on_route":false},"geometry":{"type":"Polygon","coordinates":[[[6.942598,4.888446],[6.94254,4.88844],[6.942547,4.88836],[6.942605,4.888366],[6.942598,4.888446]]]}},{"type":"Feature","properties":{"h":3.0,"on_route":false},"geometry":{"type":"Polygon","coordinates":[[[6.944391,4.886971],[6.944376,4.887074],[6.94429,4.887061],[6.944299,4.887],[6.944305,4.886959],[6.944391,4.886971]]]}},{"type":"Feature","properties":{"h":3.0,"on_route":false},"geometry":{"type":"Polygon","coordinates":[[[6.941693,4.891148],[6.9416,4.891171],[6.941587,4.891117],[6.94168,4.891094],[6.941693,4.891148]]]}},{"type":"Feature","properties":{"h":3.0,"on_route":false},"geometry":{"type":"Polygon","coordinates":[[[6.942894,4.890839],[6.942912,4.890929],[6.942817,4.890947],[6.9428,4.890858],[6.942894,4.890839]]]}},{"type":"Feature","properties":{"h":3.0,"on_route":false},"geometry":{"type":"Polygon","coordinates":[[[6.943611,4.89374],[6.943614,4.893765],[6.943539,4.893773],[6.943536,4.893749],[6.943611,4.89374]]]}},{"type":"Feature","properties":{"h":3.0,"on_route":false},"geometry":{"type":"Polygon","coordinates":[[[6.942517,4.890481],[6.942455,4.890494],[6.942452,4.89048],[6.942337,4.890503],[6.942323,4.890431],[6.9425,4.890395],[6.942517,4.890481]]]}},{"type":"Feature","properties":{"h":3.0,"on_route":false},"geometry":{"type":"Polygon","coordinates":[[[6.940591,4.889827],[6.940512,4.889854],[6.940448,4.889668],[6.940526,4.88964],[6.940591,4.889827]]]}},{"type":"Feature","properties":{"h":3.0,"on_route":false},"geometry":{"type":"Polygon","coordinates":[[[6.942978,4.886997],[6.943073,4.887009],[6.943069,4.887034],[6.943027,4.887029],[6.943024,4.887058],[6.942971,4.887051],[6.942978,4.886997]]]}},{"type":"Feature","properties":{"h":3.0,"on_route":false},"geometry":{"type":"Polygon","coordinates":[[[6.942906,4.891782],[6.942803,4.891815],[6.942779,4.891741],[6.942882,4.891708],[6.942906,4.891782]]]}},{"type":"Feature","properties":{"h":3.0,"on_route":false},"geometry":{"type":"Polygon","coordinates":[[[6.946118,4.890184],[6.946118,4.890288],[6.945999,4.890287],[6.946,4.890183],[6.946118,4.890184]]]}},{"type":"Feature","properties":{"h":3.0,"on_route":false},"geometry":{"type":"Polygon","coordinates":[[[6.943925,4.893579],[6.943803,4.893596],[6.943791,4.893505],[6.943912,4.893489],[6.943925,4.893579]]]}},{"type":"Feature","properties":{"h":3.0,"on_route":false},"geometry":{"type":"Polygon","coordinates":[[[6.946834,4.89273],[6.94672,4.892742],[6.946704,4.892584],[6.946818,4.892573],[6.946834,4.89273]]]}},{"type":"Feature","properties":{"h":3.0,"on_route":false},"geometry":{"type":"Polygon","coordinates":[[[6.944476,4.891774],[6.944408,4.891788],[6.944396,4.891728],[6.944464,4.891715],[6.944476,4.891774]]]}},{"type":"Feature","properties":{"h":3.0,"on_route":false},"geometry":{"type":"Polygon","coordinates":[[[6.944044,4.888503],[6.944041,4.888587],[6.943963,4.888583],[6.943958,4.888709],[6.943871,4.888706],[6.94388,4.888496],[6.944044,4.888503]]]}},{"type":"Feature","properties":{"h":3.0,"on_route":true},"geometry":{"type":"Polygon","coordinates":[[[6.944907,4.893144],[6.944918,4.893263],[6.944853,4.893269],[6.944842,4.89315],[6.944907,4.893144]]]}},{"type":"Feature","properties":{"h":3.0,"on_route":false},"geometry":{"type":"Polygon","coordinates":[[[6.942483,4.89097],[6.942516,4.891137],[6.942463,4.891148],[6.94243,4.89098],[6.942483,4.89097]]]}},{"type":"Feature","properties":{"h":3.0,"on_route":false},"geometry":{"type":"Polygon","coordinates":[[[6.944574,4.886426],[6.944513,4.886586],[6.944401,4.886543],[6.944462,4.886383],[6.944574,4.886426]]]}},{"type":"Feature","properties":{"h":3.0,"on_route":false},"geometry":{"type":"Polygon","coordinates":[[[6.940656,4.888996],[6.940654,4.889022],[6.940643,4.889021],[6.940645,4.888995],[6.940656,4.888996]]]}},{"type":"Feature","properties":{"h":3.0,"on_route":false},"geometry":{"type":"Polygon","coordinates":[[[6.941816,4.887465],[6.941663,4.887492],[6.941641,4.88737],[6.941795,4.887343],[6.941816,4.887465]]]}},{"type":"Feature","properties":{"h":3.0,"on_route":false},"geometry":{"type":"Polygon","coordinates":[[[6.941355,4.893224],[6.941189,4.893318],[6.941149,4.893248],[6.941288,4.893169],[6.941316,4.893219],[6.941343,4.893203],[6.941355,4.893224]]]}},{"type":"Feature","properties":{"h":3.0,"on_route":false},"geometry":{"type":"Polygon","coordinates":[[[6.945913,4.892126],[6.945917,4.892191],[6.94584,4.892197],[6.945835,4.892131],[6.945913,4.892126]]]}},{"type":"Feature","properties":{"h":3.0,"on_route":false},"geometry":{"type":"Polygon","coordinates":[[[6.946332,4.890461],[6.946271,4.890466],[6.946263,4.890375],[6.946324,4.890369],[6.946332,4.890461]]]}},{"type":"Feature","properties":{"h":3.0,"on_route":false},"geometry":{"type":"Polygon","coordinates":[[[6.94594,4.892222],[6.945928,4.892333],[6.945837,4.892324],[6.945849,4.892212],[6.94594,4.892222]]]}},{"type":"Feature","properties":{"h":3.0,"on_route":false},"geometry":{"type":"Polygon","coordinates":[[[6.940076,4.891777],[6.940082,4.891818],[6.940044,4.891824],[6.940038,4.891783],[6.940076,4.891777]]]}},{"type":"Feature","properties":{"h":3.0,"on_route":false},"geometry":{"type":"Polygon","coordinates":[[[6.944342,4.889184],[6.944341,4.889211],[6.944312,4.88921],[6.944313,4.889183],[6.944342,4.889184]]]}},{"type":"Feature","properties":{"h":3.0,"on_route":false},"geometry":{"type":"Polygon","coordinates":[[[6.941189,4.891013],[6.941119,4.891042],[6.941055,4.890886],[6.941125,4.890857],[6.941189,4.891013]]]}},{"type":"Feature","properties":{"h":3.0,"on_route":false},"geometry":{"type":"Polygon","coordinates":[[[6.941114,4.892519],[6.940991,4.892578],[6.940957,4.892508],[6.94108,4.892448],[6.941114,4.892519]]]}},{"type":"Feature","properties":{"h":3.0,"on_route":false},"geometry":{"type":"Polygon","coordinates":[[[6.943764,4.891413],[6.94373,4.891421],[6.943737,4.89145],[6.943686,4.891463],[6.943679,4.891434],[6.943649,4.891441],[6.943627,4.89135],[6.943742,4.891322],[6.943764,4.891413]]]}}]}