{"type":"FeatureCollection","features":[{"type":"Feature","properties":{"h":3.0,"on_route":false},"geometry":{"type":"Polygon","coordinates":[[[7.029973,4.826256],[7.02997,4.826374],[7.029934,4.826373],[7.029938,4.826255],[7.029973,4.826256]]]}},{"type":"Feature","properties":{"h":3.0,"on_route":false},"geometry":{"type":"Polygon","coordinates":[[[7.03363,4.826655],[7.033629,4.826728],[7.03353,4.826726],[7.033531,4.826654],[7.03363,4.826655]]]}},{"type":"Feature","properties":{"h":3.0,"on_route":false},"geometry":{"type":"Polygon","coordinates":[[[7.026856,4.825288],[7.026856,4.82531],[7.026912,4.825311],[7.026911,4.825411],[7.026854,4.82541],[7.026855,4.825378],[7.026733,4.825376],[7.026735,4.825286],[7.026856,4.825288]]]}},{"type":"Feature","properties":{"h":3.0,"on_route":false},"geometry":{"type":"Polygon","coordinates":[[[7.026737,4.825022],[7.026737,4.825],[7.026812,4.825001],[7.026811,4.825023],[7.026906,4.825025],[7.026905,4.825108],[7.02681,4.825106],[7.02681,4.825087],[7.026714,4.825086],[7.026715,4.825022],[7.026737,4.825022]]]}},{"type":"Feature","properties":{"h":3.0,"on_route":false},"geometry":{"type":"Polygon","coordinates":[[[7.028698,4.823712],[7.0287,4.823732],[7.028637,4.823737],[7.028636,4.823717],[7.028698,4.823712]]]}},{"type":"Feature","properties":{"h":3.0,"on_route":false},"geometry":{"type":"Polygon","coordinates":[[[7.02723,4.824023],[7.027223,4.824125],[7.027083,4.824116],[7.027089,4.824014],[7.02723,4.824023]]]}},{"type":"Feature","properties":{"h":3.0,"on_route":false},"geometry":{"type":"Polygon","coordinates":[[[7.028369,4.822674],[7.028325,4.822753],[7.028213,4.822691],[7.028256,4.822612],[7.028369,4.822674]]]}},{"type":"Feature","properties":{"h":3.0,"on_route":false},"geometry":{"type":"Polygon","coordinates":[[[7.030062,4.826428],[7.030061,4.826508],[7.029947,4.826507],[7.029948,4.826427],[7.030062,4.826428]]]}},{"type":"Feature","properties":{"h":3.0,"on_route":false},"geometry":{"type":"Polygon","coordinates":[[[7.029906,4.824776],[7.029795,4.8248],[7.029775,4.824709],[7.029886,4.824684],[7.029906,4.824776]]]}},{"type":"Feature","properties":{"h":3.0,"on_route":false},"geometry":{"type":"Polygon","coordinates":[[[7.028225,4.826034],[7.028223,4.826153],[7.027907,4.826147],[7.027909,4.826027],[7.028225,4.826034]]]}},{"type":"Feature","properties":{"h":3.0,"on_route":false},"geometry":{"type":"Polygon","coordinates":[[[7.028753,4.827355],[7.028748,4.827656],[7.028636,4.827654],[7.028641,4.827353],[7.028753,4.827355]]]}},{"type":"Feature","properties":{"h":3.0,"on_route":false},"geometry":{"type":"Polygon","coordinates":[[[7.027149,4.826198],[7.027084,4.826228],[7.027053,4.82616],[7.027119,4.826131],[7.027149,4.826198]]]}},{"type":"Feature","properties":{"h":3.0,"on_route":false},"geometry":{"type":"Polygon","coordinates":[[[7.028876,4.826462],[7.028875,4.82652],[7.028821,4.826518],[7.028823,4.826461],[7.028876,4.826462]]]}},{"type":"Feature","properties":{"h":3.0,"on_route":false},"geometry":{"type":"Polygon","coordinates":[[[7.029134,4.821103],[7.02909,4.821081],[7.029132,4.821],[7.029175,4.821022],[7.029134,4.821103]]]}},{"type":"Feature","properties":{"h":3.0,"on_route":false},"geometry":{"type":"Polygon","coordinates":[[[7.029702,4.825767],[7.029678,4.825761],[7.02969,4.825711],[7.029714,4.825716],[7.029702,4.825767]]]}},{"type":"Feature","properties":{"h":3.0,"on_route":false},"geometry":{"type":"Polygon","coordinates":[[[7.027607,4.82504],[7.027605,4.825077],[7.027582,4.825075],[7.027584,4.825039],[7.027607,4.82504]]]}},{"type":"Feature","properties":{"h":3.0,"on_route":false},"geometry":{"type":"Polygon","coordinates":[[[7.029866,4.828003],[7.029865,4.828094],[7.029724,4.828092],[7.029725,4.828002],[7.029866,4.828003]]]}},{"type":"Feature","properties":{"h":3.0,"on_route":false},"geometry":{"type":"Polygon","coordinates":[[[7.027387,4.826042],[7.027322,4.826052],[7.027315,4.826005],[7.02738,4.825995],[7.027387,4.826042]]]}},{"type":"Feature","properties":{"h":3.0,"on_route":false},"geometry":{"type":"Polygon","coordinates":[[[7.03019,4.826338],[7.030188,4.82638],[7.030002,4.826372],[7.030004,4.82633],[7.03019,4.826338]]]}},{"type":"Feature","properties":{"h":3.0,"on_route":false},"geometry":{"type":"Polygon","coordinates":[[[7.033157,4.821348],[7.033126,4.821578],[7.033071,4.821571],[7.033102,4.821341],[7.033157,4.821348]]]}},{"type":"Feature","properties":{"h":3.0,"on_route":false},"geometry":{"type":"Polygon","coordinates":[[[7.026935,4.824267],[7.026935,4.824285],[7.026877,4.824284],[7.026877,4.824266],[7.026935,4.824267]]]}},{"type":"Feature","properties":{"h":3.0,"on_route":false},"geometry":{"type":"Polygon","coordinates":[[[7.030774,4.827159],[7.030772,4.827236],[7.030688,4.827234],[7.03069,4.827157],[7.030774,4.827159]]]}},{"type":"Feature","properties":{"h":3.0,"on_route":false},"geometry":{"type":"Polygon","coordinates":[[[7.034279,4.824125],[7.034265,4.824187],[7.034203,4.824173],[7.034217,4.824111],[7.034279,4.824125]]]}},{"type":"Feature","properties":{"h":3.0,"on_route":false},"geometry":{"type":"Polygon","coordinates":[[[7.028819,4.823319],[7.028818,4.823372],[7.028792,4.823372],[7.028792,4.823319],[7.028819,4.823319]]]}},{"type":"Feature","properties":{"h":3.0,"on_route":false},"geometry":{"type":"Polygon","coordinates":[[[7.027538,4.826325],[7.027538,4.826375],[7.027506,4.826375],[7.027506,4.826325],[7.027538,4.826325]]]}},{"type":"Feature","properties":{"h":3.0,"on_route":false},"geometry":{"type":"Polygon","coordinates":[[[7.027009,4.826046],[7.026957,4.826058],[7.026944,4.826004],[7.026996,4.825992],[7.027009,4.826046]]]}},{"type":"Feature","properties":{"h":3.0,"on_route":false},"geometry":{"type":"Polygon","coordinates":[[[7.027059,4.825594],[7.027053,4.825734],[7.026965,4.82573],[7.026971,4.82559],[7.027059,4.825594]]]}},{"type":"Feature","properties":{"h":3.0,"on_route":false},"geometry":{"type":"Polygon","coordinates":[[[7.028918,4.826461],[7.028915,4.826555],[7.028875,4.826554],[7.028878,4.82646],[7.028918,4.826461]]]}},{"type":"Feature","properties":{"h":3.0,"on_route":false},"geometry":{"type":"Polygon","coordinates":[[[7.033726,4.82225],[7.033686,4.822238],[7.033721,4.82213],[7.033761,4.822143],[7.033726,4.82225]]]}},{"type":"Feature","properties":{"h":3.0,"on_route":false},"geometry":{"type":"Polygon","coordinates":[[[7.027869,4.826591],[7.027868,4.826644],[7.027819,4.826644],[7.02782,4.82659],[7.027869,4.826591]]]}},{"type":"Feature","properties":{"h":3.0,"on_route":false},"geometry":{"type":"Polygon","coordinates":[[[7.027694,4.826727],[7.027187,4.82672],[7.027189,4.826606],[7.027403,4.826609],[7.027404,4.826553],[7.027563,4.826556],[7.027566,4.826332],[7.0277,4.826334],[7.027694,4.826727]]]}},{"type":"Feature","properties":{"h":3.0,"on_route":false},"geometry":{"type":"Polygon","coordinates":[[[7.027748,4.825722],[7.027745,4.825767],[7.027705,4.82574],[7.027707,4.825719],[7.027748,4.825722]]]}},{"type":"Feature","properties":{"h":3.0,"on_route":false},"geometry":{"type":"Polygon","coordinates":[[[7.027196,4.824356],[7.027191,4.82445],[7.02709,4.824445],[7.027095,4.824351],[7.027196,4.824356]]]}},{"type":"Feature","properties":{"h":3.0,"on_route":false},"geometry":{"type":"Polygon","coordinates":[[[7.029943,4.824124],[7.02994,4.82424],[7.029906,4.824238],[7.029909,4.824123],[7.029943,4.824124]]]}},{"type":"Feature","properties":{"h":3.0,"on_route":false},"geometry":{"type":"Polygon","coordinates":[[[7.028323,4.821964],[7.028273,4.822053],[7.028176,4.821999],[7.028227,4.821909],[7.028323,4.821964]]]}},{"type":"Feature","properties":{"h":3.0,"on_route":false},"geometry":{"type":"Polygon","coordinates":[[[7.029599,4.828372],[7.029593,4.828521],[7.029495,4.828517],[7.029494,4.828528],[7.029444,4.828526],[7.02945,4.828367],[7.029599,4.828372]]]}},{"type":"Feature","properties":{"h":3.0,"on_route":false},"geometry":{"type":"Polygon","coordinates":[[[7.028655,4.821388],[7.028601,4.821483],[7.028501,4.821426],[7.028555,4.82133],[7.028655,4.821388]]]}},{"type":"Feature","properties":{"h":3.0,"on_route":false},"geometry":{"type":"Polygon","coordinates":[[[7.027753,4.824079],[7.027748,4.824211],[7.027593,4.824205],[7.027598,4.824073],[7.027753,4.824079]]]}},{"type":"Feature","properties":{"h":3.0,"on_route":false},"geometry":{"type":"Polygon","coordinates":[[[7.028172,4.826152],[7.02817,4.826237],[7.028112,4.826236],[7.028114,4.826151],[7.028172,4.826152]]]}},{"type":"Feature","properties":{"h":3.0,"on_route":false},"geometry":{"type":"Polygon","coordinates":[[[7.027656,4.823994],[7.027655,4.824025],[7.02763,4.824024],[7.027631,4.823993],[7.027656,4.823994]]]}},{"type":"Feature","properties":{"h":3.0,"on_route":false},"geometry":{"type":"Polygon","coordinates":[[[7.027773,4.826023],[7.027773,4.826046],[7.027746,4.826045],[7.027746,4.826023],[7.027773,4.826023]]]}},{"type":"Feature","properties":{"h":3.0,"on_route":false},"geometry":{"type":"Polygon","coordinates":[[[7.029457,4.827967],[7.029457,4.828011],[7.029359,4.828013],[7.029358,4.827968],[7.029457,4.827967]]]}},{"type":"Feature","properties":{"h":3.0,"on_route":false},"geometry":{"type":"Polygon","coordinates":[[[7.030365,4.827546],[7.030076,4.827544],[7.030077,4.827417],[7.030366,4.827419],[7.030365,4.827546]]]}},{"type":"Feature","properties":{"h":3.0,"on_route":false},"geometry":{"type":"Polygon","coordinates":[[[7.028596,4.827314],[7.028596,4.82735],[7.028535,4.827349],[7.028536,4.827313],[7.028596,4.827314]]]}},{"type":"Feature","properties":{"h":3.0,"on_route":false},"geometry":{"type":"Polygon","coordinates":[[[7.027718,4.825904],[7.027657,4.825944],[7.027625,4.825895],[7.027685,4.825855],[7.027718,4.825904]]]}},{"type":"Feature","properties":{"h":3.0,"on_route":false},"geometry":{"type":"Polygon","coordinates":[[[7.027119,4.82478],[7.027117,4.824834],[7.027059,4.824832],[7.027061,4.824778],[7.027119,4.82478]]]}},{"type":"Feature","properties":{"h":3.0,"on_route":false},"geometry":{"type":"Polygon","coordinates":[[[7.028518,4.824222],[7.028516,4.824283],[7.028436,4.824281],[7.028437,4.82422],[7.028518,4.824222]]]}},{"type":"Feature","properties":{"h":3.0,"on_route":false},"geometry":{"type":"Polygon","coordinates":[[[7.026858,4.825207],[7.026856,4.825288],[7.026759,4.825286],[7.026761,4.825205],[7.026858,4.825207]]]}},{"type":"Feature","properties":{"h":3.0,"on_route":false},"geometry":{"type":"Polygon","coordinates":[[[7.030278,4.828981],[7.030277,4.829045],[7.030246,4.829045],[7.030246,4.828981],[7.030278,4.828981]]]}},{"type":"Feature","properties":{"h":3.0,"on_route":false},"geometry":{"type":"Polygon","coordinates":[[[7.027182,4.826511],[7.027149,4.826478],[7.027185,4.826442],[7.027217,4.826474],[7.027182,4.826511]]]}},{"type":"Feature","properties":{"h":3.0,"on_route":false},"geometry":{"type":"Polygon","coordinates":[[[7.031291,4.82371],[7.03129,4.82375],[7.031254,4.823749],[7.031255,4.823709],[7.031291,4.82371]]]}},{"type":"Feature","properties":{"h":3.0,"on_route":false},"geometry":{"type":"Polygon","coordinates":[[[7.027204,4.82465],[7.0272,4.824725],[7.027107,4.82472],[7.027111,4.824645],[7.027204,4.82465]]]}},{"type":"Feature","properties":{"h":3.0,"on_route":false},"geometry":{"type":"Polygon","coordinates":[[[7.027636,4.82387],[7.027634,4.823933],[7.02758,4.823931],[7.027582,4.823868],[7.027636,4.82387]]]}},{"type":"Feature","properties":{"h":3.0,"on_route":false},"geometry":{"type":"Polygon","coordinates":[[[7.027045,4.825942],[7.026787,4.825968],[7.026782,4.825919],[7.02704,4.825892],[7.027045,4.825942]]]}},{"type":"Feature","properties":{"h":3.0,"on_route":false},"geometry":{"type":"Polygon","coordinates":[[[7.027035,4.825994],[7.026862,4.826012],[7.026857,4.825967],[7.02703,4.825949],[7.027035,4.825994]]]}},{"type":"Feature","properties":{"h":3.0,"on_route":false},"geometry":{"type":"Polygon","coordinates":[[[7.02926,4.828846],[7.029259,4.829016],[7.029153,4.829015],[7.029153,4.828919],[7.029201,4.828919],[7.029201,4.828845],[7.02926,4.828846]]]}},{"type":"Feature","properties":{"h":3.0,"on_route":false},"geometry":{"type":"Polygon","coordinates":[[[7.02734,4.82403],[7.027333,4.824133],[7.027223,4.824125],[7.02723,4.824023],[7.02734,4.82403]]]}},{"type":"Feature","properties":{"h":3.0,"on_route":false},"geometry":{"type":"Polygon","coordinates":[[[7.027663,4.823131],[7.027654,4.823223],[7.027434,4.823202],[7.027443,4.82311],[7.027663,4.823131]]]}},{"type":"Feature","properties":{"h":3.0,"on_route":false},"geometry":{"type":"Polygon","coordinates":[[[7.029828,4.826461],[7.029825,4.826539],[7.029753,4.826536],[7.029756,4.826458],[7.029828,4.826461]]]}},{"type":"Feature","properties":{"h":3.0,"on_route":false},"geometry":{"type":"Polygon","coordinates":[[[7.027754,4.824029],[7.027766,4.824029],[7.027764,4.824079],[7.027731,4.824078],[7.027734,4.823997],[7.027755,4.823998],[7.027754,4.824029]]]}},{"type":"Feature","properties":{"h":3.0,"on_route":false},"geometry":{"type":"Polygon","coordinates":[[[7.028029,4.824628],[7.028025,4.824724],[7.027926,4.82472],[7.02793,4.824624],[7.028029,4.824628]]]}},{"type":"Feature","properties":{"h":3.0,"on_route":false},"geometry":{"type":"Polygon","coordinates":[[[7.029568,4.820663],[7.029508,4.820783],[7.029423,4.82074],[7.029483,4.82062],[7.029568,4.820663]]]}},{"type":"Feature","properties":{"h":3.0,"on_route":false},"geometry":{"type":"Polygon","coordinates":[[[7.027555,4.824421],[7.027551,4.824568],[7.027379,4.824563],[7.027383,4.824417],[7.027555,4.824421]]]}},{"type":"Feature","properties":{"h":3.0,"on_route":false},"geometry":{"type":"Polygon","coordinates":[[[7.027628,4.821896],[7.027581,4.821975],[7.02747,4.821908],[7.027517,4.821829],[7.027628,4.821896]]]}},{"type":"Feature","properties":{"h":3.0,"on_route":false},"geometry":{"type":"Polygon","coordinates":[[[7.027245,4.823082],[7.027249,4.823257],[7.027128,4.823259],[7.027124,4.823085],[7.027245,4.823082]]]}},{"type":"Feature","properties":{"h":3.0,"on_route":false},"geometry":{"type":"Polygon","coordinates":[[[7.02747,4.823311],[7.027463,4.823409],[7.027316,4.823399],[7.027322,4.823301],[7.02747,4.823311]]]}},{"type":"Feature","properties":{"h":3.0,"on_route":false},"geometry":{"type":"Polygon","coordinates":[[[7.03223,4.828761],[7.032227,4.828806],[7.032049,4.828795],[7.032051,4.82875],[7.03223,4.828761]]]}},{"type":"Feature","properties":{"h":3.0,"on_route":false},"geometry":{"type":"Polygon","coordinates":[[[7.032444,4.827063],[7.032441,4.827791],[7.032309,4.82779],[7.032313,4.827062],[7.032444,4.827063]]]}},{"type":"Feature","properties":{"h":3.0,"on_route":false},"geometry":{"type":"Polygon","coordinates":[[[7.028378,4.827793],[7.028375,4.828258],[7.028204,4.828257],[7.028206,4.827792],[7.028378,4.827793]]]}},{"type":"Feature","properties":{"h":3.0,"on_route":false},"geometry":{"type":"Polygon","coordinates":[[[7.030238,4.828543],[7.029744,4.828537],[7.029746,4.828311],[7.03024,4.828316],[7.030238,4.828543]]]}},{"type":"Feature","properties":{"h":3.0,"on_route":false},"geometry":{"type":"Polygon","coordinates":[[[7.029025,4.82166],[7.028975,4.821754],[7.028869,4.821696],[7.028919,4.821603],[7.029025,4.82166]]]}},{"type":"Feature","properties":{"h":3.0,"on_route":false},"geometry":{"type":"Polygon","coordinates":[[[7.02782,4.822419],[7.027825,4.822408],[7.027854,4.82242],[7.02786,4.82242],[7.027964,4.822169],[7.02805,4.822205],[7.027882,4.82261],[7.027882,4.822619],[7.027878,4.822619],[7.027874,4.822629],[7.027879,4.822631],[7.027866,4.822665],[7.027775,4.822629],[7.027786,4.822599],[7.027785,4.822598],[7.02781,4.822537],[7.027811,4.822419],[7.02782,4.822419]]]}},{"type":"Feature","properties":{"h":3.0,"on_route":false},"geometry":{"type":"Polygon","coordinates":[[[7.028342,4.82109],[7.028339,4.821127],[7.028156,4.821113],[7.028159,4.821076],[7.028342,4.82109]]]}},{"type":"Feature","properties":{"h":3.0,"on_route":false},"geometry":{"type":"Polygon","coordinates":[[[7.028045,4.8238],[7.028041,4.823895],[7.028006,4.823893],[7.028011,4.823799],[7.028045,4.8238]]]}},{"type":"Feature","properties":{"h":3.0,"on_route":false},"geometry":{"type":"Polygon","coordinates":[[[7.027123,4.824871],[7.027061,4.824877],[7.027057,4.824832],[7.027119,4.824826],[7.027123,4.824871]]]}},{"type":"Feature","properties":{"h":3.0,"on_route":false},"geometry":{"type":"Polygon","coordinates":[[[7.028025,4.824724],[7.028022,4.824816],[7.027922,4.824812],[7.027926,4.82472],[7.028025,4.824724]]]}},{"type":"Feature","properties":{"h":3.0,"on_route":false},"geometry":{"type":"Polygon","coordinates":[[[7.02804,4.826818],[7.028039,4.826853],[7.027926,4.82685],[7.027927,4.826815],[7.02804,4.826818]]]}},{"type":"Feature","properties":{"h":3.0,"on_route":false},"geometry":{"type":"Polygon","coordinates":[[[7.029395,4.820999],[7.029367,4.821052],[7.029337,4.821036],[7.029316,4.821078],[7.029179,4.821006],[7.029228,4.820912],[7.029395,4.820999]]]}},{"type":"Feature","properties":{"h":3.0,"on_route":false},"geometry":{"type":"Polygon","coordinates":[[[7.032465,4.828346],[7.032462,4.828422],[7.032393,4.828419],[7.032397,4.828343],[7.032465,4.828346]]]}},{"type":"Feature","properties":{"h":3.0,"on_route":false},"geometry":{"type":"Polygon","coordinates":[[[7.0274,4.824566],[7.027395,4.82466],[7.027315,4.824656],[7.02732,4.824561],[7.0274,4.824566]]]}},{"type":"Feature","properties":{"h":3.0,"on_route":false},"geometry":{"type":"Polygon","coordinates":[[[7.028143,4.824584],[7.02815,4.824691],[7.028034,4.824698],[7.028028,4.824592],[7.028143,4.824584]]]}},{"type":"Feature","properties":{"h":3.0,"on_route":false},"geometry":{"type":"Polygon","coordinates":[[[7.027487,4.825352],[7.027339,4.825344],[7.027345,4.825219],[7.027494,4.825228],[7.027487,4.825352]]]}},{"type":"Feature","properties":{"h":3.0,"on_route":false},"geometry":{"type":"Polygon","coordinates":[[[7.034855,4.824575],[7.034831,4.824681],[7.034741,4.824661],[7.034765,4.824555],[7.034855,4.824575]]]}},{"type":"Feature","properties":{"h":3.0,"on_route":false},"geometry":{"type":"Polygon","coordinates":[[[7.031146,4.82802],[7.031148,4.828053],[7.031035,4.828059],[7.031034,4.828026],[7.031146,4.82802]]]}},{"type":"Feature","properties":{"h":3.0,"on_route":false},"geometry":{"type":"Polygon","coordinates":[[[7.028004,4.823798],[7.027994,4.823998],[7.02794,4.823995],[7.02795,4.823795],[7.028004,4.823798]]]}},{"type":"Feature","properties":{"h":3.0,"on_route":false},"geometry":{"type":"Polygon","coordinates":[[[7.02873,4.820843],[7.028723,4.820914],[7.028636,4.820905],[7.028643,4.820834],[7.02873,4.820843]]]}},{"type":"Feature","properties":{"h":3.0,"on_route":false},"geometry":{"type":"Polygon","coordinates":[[[7.027773,4.823143],[7.027764,4.823241],[7.027653,4.823231],[7.027662,4.823132],[7.027773,4.823143]]]}},{"type":"Feature","properties":{"h":3.0,"on_route":false},"geometry":{"type":"Polygon","coordinates":[[[7.026836,4.823445],[7.026833,4.823554],[7.026746,4.823552],[7.026749,4.823467],[7.026797,4.823468],[7.026797,4.823444],[7.026836,4.823445]]]}},{"type":"Feature","properties":{"h":3.0,"on_route":false},"geometry":{"type":"Polygon","coordinates":[[[7.028568,4.821464],[7.028516,4.821555],[7.028414,4.821496],[7.028465,4.821406],[7.028568,4.821464]]]}},{"type":"Feature","properties":{"h":3.0,"on_route":false},"geometry":{"type":"Polygon","coordinates":[[[7.032333,4.828767],[7.03233,4.828812],[7.032227,4.828806],[7.03223,4.828761],[7.032333,4.828767]]]}},{"type":"Feature","properties":{"h":3.0,"on_route":false},"geometry":{"type":"Polygon","coordinates":[[[7.027053,4.82671],[7.02701,4.82674],[7.026864,4.826532],[7.026907,4.826502],[7.027053,4.82671]]]}},{"type":"Feature","properties":{"h":3.0,"on_route":false},"geometry":{"type":"Polygon","coordinates":[[[7.028257,4.827106],[7.028256,4.827184],[7.028071,4.827181],[7.028072,4.827103],[7.028257,4.827106]]]}},{"type":"Feature","properties":{"h":3.0,"on_route":false},"geometry":{"type":"Polygon","coordinates":[[[7.030472,4.824761],[7.030471,4.824878],[7.030431,4.824878],[7.030431,4.824761],[7.030472,4.824761]]]}},{"type":"Feature","properties":{"h":3.0,"on_route":false},"geometry":{"type":"Polygon","coordinates":[[[7.03336,4.822729],[7.033362,4.82276],[7.033304,4.822762],[7.033302,4.822731],[7.03336,4.822729]]]}},{"type":"Feature","properties":{"h":3.0,"on_route":false},"geometry":{"type":"Polygon","coordinates":[[[7.031962,4.827067],[7.031961,4.827175],[7.031657,4.827172],[7.031658,4.827063],[7.031962,4.827067]]]}},{"type":"Feature","properties":{"h":3.0,"on_route":false},"geometry":{"type":"Polygon","coordinates":[[[7.033191,4.82175],[7.033181,4.821823],[7.033097,4.821811],[7.033108,4.821738],[7.033191,4.82175]]]}},{"type":"Feature","properties":{"h":3.0,"on_route":false},"geometry":{"type":"Polygon","coordinates":[[[7.029818,4.82795],[7.029821,4.827993],[7.029773,4.827996],[7.02977,4.827954],[7.029818,4.82795]]]}},{"type":"Feature","properties":{"h":3.0,"on_route":false},"geometry":{"type":"Polygon","coordinates":[[[7.027298,4.825217],[7.027295,4.825312],[7.02721,4.825309],[7.027213,4.825214],[7.027298,4.825217]]]}},{"type":"Feature","properties":{"h":3.0,"on_route":false},"geometry":{"type":"Polygon","coordinates":[[[7.028522,4.823755],[7.028523,4.823782],[7.02846,4.823783],[7.02846,4.823757],[7.028522,4.823755]]]}},{"type":"Feature","properties":{"h":3.0,"on_route":false},"geometry":{"type":"Polygon","coordinates":[[[7.029339,4.820698],[7.029314,4.820685],[7.029367,4.82058],[7.029392,4.820592],[7.029339,4.820698]]]}},{"type":"Feature","properties":{"h":3.0,"on_route":false},"geometry":{"type":"Polygon","coordinates":[[[7.028368,4.827112],[7.028368,4.827187],[7.02827,4.827187],[7.02827,4.827112],[7.028368,4.827112]]]}},{"type":"Feature","properties":{"h":3.0,"on_route":false},"geometry":{"type":"Polygon","coordinates":[[[7.02959,4.826576],[7.029589,4.826629],[7.02956,4.826629],[7.029561,4.826575],[7.02959,4.826576]]]}},{"type":"Feature","properties":{"h":3.0,"on_route":false},"geometry":{"type":"Polygon","coordinates":[[[7.02934,4.826502],[7.029339,4.826593],[7.029187,4.826592],[7.029187,4.826502],[7.02934,4.826502]]]}},{"type":"Feature","properties":{"h":3.0,"on_route":false},"geometry":{"type":"Polygon","coordinates":[[[7.030368,4.828147],[7.030365,4.828325],[7.030261,4.828323],[7.030263,4.828145],[7.030368,4.828147]]]}},{"type":"Feature","properties":{"h":3.0,"on_route":false},"geometry":{"type":"Polygon","coordinates":[[[7.027726,4.824261],[7.027719,4.824533],[7.027552,4.824528],[7.027555,4.824394],[7.027665,4.824397],[7.027665,4.824369],[7.02764,4.824368],[7.027643,4.824259],[7.027726,4.824261]]]}},{"type":"Feature","properties":{"h":3.0,"on_route":false},"geometry":{"type":"Polygon","coordinates":[[[7.030021,4.827871],[7.03002,4.827906],[7.02998,4.827905],[7.029981,4.82787],[7.030021,4.827871]]]}},{"type":"Feature","properties":{"h":3.0,"on_route":false},"geometry":{"type":"Polygon","coordinates":[[[7.028288,4.826732],[7.028239,4.826736],[7.028228,4.826631],[7.028278,4.826626],[7.028288,4.826732]]]}},{"type":"Feature","properties":{"h":3.0,"on_route":false},"geometry":{"type":"Polygon","coordinates":[[[7.029288,4.827633],[7.029286,4.827661],[7.029218,4.827656],[7.029221,4.827628],[7.029288,4.827633]]]}},{"type":"Feature","properties":{"h":3.0,"on_route":false},"geometry":{"type":"Polygon","coordinates":[[[7.028863,4.821807],[7.028817,4.821896],[7.028701,4.821836],[7.028747,4.821747],[7.028863,4.821807]]]}},{"type":"Feature","properties":{"h":3.0,"on_route":false},"geometry":{"type":"Polygon","coordinates":[[[7.029517,4.827468],[7.029516,4.827583],[7.029407,4.827582],[7.029408,4.827467],[7.029517,4.827468]]]}},{"type":"Feature","properties":{"h":3.0,"on_route":false},"geometry":{"type":"Polygon","coordinates":[[[7.029195,4.827247],[7.029086,4.827253],[7.029085,4.827217],[7.029193,4.827212],[7.029195,4.827247]]]}},{"type":"Feature","properties":{"h":3.0,"on_route":false},"geometry":{"type":"Polygon","coordinates":[[[7.027538,4.82621],[7.027467,4.826257],[7.027396,4.826149],[7.027466,4.826101],[7.027538,4.82621]]]}},{"type":"Feature","properties":{"h":3.0,"on_route":false},"geometry":{"type":"Polygon","coordinates":[[[7.02822,4.825791],[7.028215,4.825897],[7.028136,4.825893],[7.028141,4.825788],[7.02822,4.825791]]]}},{"type":"Feature","properties":{"h":3.0,"on_route":false},"geometry":{"type":"Polygon","coordinates":[[[7.032194,4.827847],[7.032188,4.828325],[7.032076,4.828324],[7.032081,4.827845],[7.032194,4.827847]]]}},{"type":"Feature","properties":{"h":3.0,"on_route":false},"geometry":{"type":"Polygon","coordinates":[[[7.027705,4.823329],[7.027699,4.823456],[7.027554,4.823449],[7.02756,4.823322],[7.027705,4.823329]]]}},{"type":"Feature","properties":{"h":3.0,"on_route":false},"geometry":{"type":"Polygon","coordinates":[[[7.028347,4.82726],[7.028345,4.82734],[7.028278,4.827339],[7.028279,4.827258],[7.028347,4.82726]]]}},{"type":"Feature","properties":{"h":3.0,"on_route":false},"geometry":{"type":"Polygon","coordinates":[[[7.03062,4.82583],[7.030618,4.825888],[7.030505,4.825887],[7.030506,4.825828],[7.03062,4.82583]]]}},{"type":"Feature","properties":{"h":3.0,"on_route":false},"geometry":{"type":"Polygon","coordinates":[[[7.029859,4.82822],[7.029858,4.828263],[7.029779,4.828261],[7.02978,4.828218],[7.029859,4.82822]]]}},{"type":"Feature","properties":{"h":3.0,"on_route":false},"geometry":{"type":"Polygon","coordinates":[[[7.032624,4.828669],[7.032622,4.828827],[7.032482,4.828825],[7.032484,4.828668],[7.032624,4.828669]]]}},{"type":"Feature","properties":{"h":3.0,"on_route":false},"geometry":{"type":"Polygon","coordinates":[[[7.028578,4.823236],[7.028578,4.823262],[7.028471,4.823263],[7.02847,4.823236],[7.028578,4.823236]]]}},{"type":"Feature","properties":{"h":3.0,"on_route":false},"geometry":{"type":"Polygon","coordinates":[[[7.027603,4.82177],[7.027586,4.821799],[7.027517,4.821756],[7.027534,4.821727],[7.027603,4.82177]]]}},{"type":"Feature","properties":{"h":3.0,"on_route":false},"geometry":{"type":"Polygon","coordinates":[[[7.027294,4.822533],[7.027248,4.822943],[7.027521,4.822973],[7.027511,4.82307],[7.027142,4.82303],[7.027198,4.822523],[7.027294,4.822533]]]}},{"type":"Feature","properties":{"h":3.0,"on_route":false},"geometry":{"type":"Polygon","coordinates":[[[7.029756,4.826309],[7.029754,4.826368],[7.029709,4.826367],[7.029711,4.826307],[7.029756,4.826309]]]}},{"type":"Feature","properties":{"h":3.0,"on_route":false},"geometry":{"type":"Polygon","coordinates":[[[7.03015,4.826621],[7.030151,4.826666],[7.03008,4.826668],[7.030078,4.826623],[7.03015,4.826621]]]}},{"type":"Feature","properties":{"h":3.0,"on_route":false},"geometry":{"type":"Polygon","coordinates":[[[7.029545,4.824828],[7.0295,4.824836],[7.029492,4.824791],[7.029536,4.824783],[7.029545,4.824828]]]}},{"type":"Feature","properties":{"h":3.0,"on_route":true},"geometry":{"type":"Polygon","coordinates":[[[7.031305,4.825062],[7.031304,4.825107],[7.031268,4.825106],[7.031269,4.825061],[7.031305,4.825062]]]}},{"type":"Feature","properties":{"h":3.0,"on_route":false},"geometry":{"type":"Polygon","coordinates":[[[7.027276,4.823817],[7.027273,4.823937],[7.027169,4.823935],[7.027171,4.823815],[7.027276,4.823817]]]}},{"type":"Feature","properties":{"h":3.0,"on_route":false},"geometry":{"type":"Polygon","coordinates":[[[7.027388,4.824235],[7.027363,4.824234],[7.027368,4.824101],[7.027392,4.824102],[7.027388,4.824235]]]}},{"type":"Feature","properties":{"h":3.0,"on_route":false},"geometry":{"type":"Polygon","coordinates":[[[7.03103,4.826804],[7.031025,4.82728],[7.030965,4.82728],[7.030971,4.826803],[7.03103,4.826804]]]}},{"type":"Feature","properties":{"h":3.0,"on_route":false},"geometry":{"type":"Polygon","coordinates":[[[7.027734,4.821888],[7.02771,4.821931],[7.027637,4.82189],[7.02766,4.821848],[7.027734,4.821888]]]}},{"type":"Feature","properties":{"h":3.0,"on_route":false},"geometry":{"type":"Polygon","coordinates":[[[7.029978,4.827079],[7.029977,4.827164],[7.029937,4.827164],[7.029938,4.827078],[7.029978,4.827079]]]}},{"type":"Feature","properties":{"h":3.0,"on_route":false},"geometry":{"type":"Polygon","coordinates":[[[7.029951,4.824056],[7.02995,4.824091],[7.029833,4.824089],[7.029834,4.824054],[7.029951,4.824056]]]}},{"type":"Feature","properties":{"h":3.0,"on_route":false},"geometry":{"type":"Polygon","coordinates":[[[7.032003,4.82812],[7.031878,4.82812],[7.031879,4.828073],[7.032003,4.828073],[7.032003,4.82812]]]}},{"type":"Feature","properties":{"h":3.0,"on_route":false},"geometry":{"type":"Polygon","coordinates":[[[7.028496,4.826697],[7.028495,4.826717],[7.028456,4.826715],[7.028457,4.826695],[7.028496,4.826697]]]}},{"type":"Feature","properties":{"h":3.0,"on_route":false},"geometry":{"type":"Polygon","coordinates":[[[7.028379,4.823914],[7.028378,4.823933],[7.028321,4.823932],[7.028321,4.823913],[7.028379,4.823914]]]}},{"type":"Feature","properties":{"h":3.0,"on_route":false},"geometry":{"type":"Polygon","coordinates":[[[7.027586,4.824607],[7.027557,4.824731],[7.027439,4.824705],[7.027468,4.82458],[7.027586,4.824607]]]}},{"type":"Feature","properties":{"h":3.0,"on_route":false},"geometry":{"type":"Polygon","coordinates":[[[7.031463,4.821452],[7.031484,4.821496],[7.031427,4.821522],[7.031407,4.821478],[7.031463,4.821452]]]}},{"type":"Feature","properties":{"h":3.0,"on_route":false},"geometry":{"type":"Polygon","coordinates":[[[7.031224,4.827352],[7.031223,4.82742],[7.031226,4.82742],[7.031225,4.827478],[7.031442,4.82748],[7.031442,4.827476],[7.031666,4.827477],[7.031667,4.827389],[7.031972,4.827392],[7.03197,4.827795],[7.031967,4.827795],[7.031967,4.827796],[7.031218,4.82779],[7.031218,4.827793],[7.030923,4.827789],[7.030929,4.827347],[7.031212,4.827349],[7.031212,4.827351],[7.031224,4.827352]]]}},{"type":"Feature","properties":{"h":3.0,"on_route":false},"geometry":{"type":"Polygon","coordinates":[[[7.030617,4.826536],[7.030614,4.826664],[7.030578,4.826664],[7.030581,4.826535],[7.030617,4.826536]]]}},{"type":"Feature","properties":{"h":3.0,"on_route":false},"geometry":{"type":"Polygon","coordinates":[[[7.031749,4.827902],[7.031748,4.827936],[7.031831,4.827937],[7.031831,4.827903],[7.031969,4.827905],[7.031967,4.828045],[7.031747,4.828042],[7.031747,4.828071],[7.031279,4.828065],[7.031281,4.827897],[7.031749,4.827902]]]}},{"type":"Feature","properties":{"h":3.0,"on_route":false},"geometry":{"type":"Polygon","coordinates":[[[7.030234,4.826581],[7.030197,4.826598],[7.030161,4.826516],[7.030198,4.8265],[7.030234,4.826581]]]}},{"type":"Feature","properties":{"h":3.0,"on_route":false},"geometry":{"type":"Polygon","coordinates":[[[7.027693,4.821988],[7.027715,4.822001],[7.027692,4.822041],[7.027656,4.82202],[7.027644,4.82204],[7.02762,4.822026],[7.02755,4.822144],[7.027533,4.822134],[7.027548,4.822108],[7.027467,4.822059],[7.027534,4.821947],[7.027581,4.821975],[7.027628,4.821896],[7.027717,4.821949],[7.027693,4.821988]]]}},{"type":"Feature","properties":{"h":3.0,"on_route":false},"geometry":{"type":"Polygon","coordinates":[[[7.027447,4.823068],[7.027441,4.823122],[7.027317,4.823111],[7.027322,4.823056],[7.027447,4.823068]]]}},{"type":"Feature","properties":{"h":3.0,"on_route":false},"geometry":{"type":"Polygon","coordinates":[[[7.027338,4.825603],[7.027335,4.825698],[7.027244,4.825695],[7.027247,4.8256],[7.027338,4.825603]]]}},{"type":"Feature","properties":{"h":3.0,"on_route":false},"geometry":{"type":"Polygon","coordinates":[[[7.030324,4.827546],[7.030323,4.827599],[7.030257,4.827599],[7.030257,4.827545],[7.030324,4.827546]]]}},{"type":"Feature","properties":{"h":3.0,"on_route":false},"geometry":{"type":"Polygon","coordinates":[[[7.027192,4.826006],[7.027191,4.826061],[7.027025,4.826058],[7.027026,4.826002],[7.027192,4.826006]]]}},{"type":"Feature","properties":{"h":3.0,"on_route":false},"geometry":{"type":"Polygon","coordinates":[[[7.027869,4.826712],[7.027868,4.826765],[7.027814,4.826764],[7.027815,4.826711],[7.027869,4.826712]]]}},{"type":"Feature","properties":{"h":3.0,"on_route":false},"geometry":{"type":"Polygon","coordinates":[[[7.030494,4.82595],[7.030493,4.82605],[7.030432,4.826049],[7.030434,4.825949],[7.030494,4.82595]]]}},{"type":"Feature","properties":{"h":3.0,"on_route":false},"geometry":{"type":"Polygon","coordinates":[[[7.03103,4.828911],[7.031033,4.82898],[7.030978,4.828982],[7.030975,4.828914],[7.03103,4.828911]]]}},{"type":"Feature","properties":{"h":3.0,"on_route":false},"geometry":{"type":"Polygon","coordinates":[[[7.030492,4.826151],[7.030489,4.826365],[7.030428,4.826365],[7.030431,4.82615],[7.030492,4.826151]]]}},{"type":"Feature","properties":{"h":3.0,"on_route":false},"geometry":{"type":"Polygon","coordinates":[[[7.02749,4.826278],[7.027361,4.82638],[7.02728,4.826276],[7.027408,4.826174],[7.02749,4.826278]]]}},{"type":"Feature","properties":{"h":3.0,"on_route":false},"geometry":{"type":"Polygon","coordinates":[[[7.032426,4.82865],[7.032424,4.828705],[7.032363,4.828703],[7.032364,4.828649],[7.032426,4.82865]]]}},{"type":"Feature","properties":{"h":3.0,"on_route":false},"geometry":{"type":"Polygon","coordinates":[[[7.027972,4.825303],[7.027939,4.82542],[7.027842,4.825393],[7.027875,4.825275],[7.027972,4.825303]]]}},{"type":"Feature","properties":{"h":3.0,"on_route":false},"geometry":{"type":"Polygon","coordinates":[[[7.029126,4.828372],[7.029127,4.828327],[7.029195,4.828329],[7.029195,4.828373],[7.02931,4.828375],[7.029308,4.828535],[7.029036,4.828531],[7.029038,4.828371],[7.029126,4.828372]]]}},{"type":"Feature","properties":{"h":3.0,"on_route":false},"geometry":{"type":"Polygon","coordinates":[[[7.02865,4.820766],[7.028637,4.820905],[7.028553,4.820897],[7.028566,4.820758],[7.02865,4.820766]]]}},{"type":"Feature","properties":{"h":3.0,"on_route":false},"geometry":{"type":"Polygon","coordinates":[[[7.028742,4.820723],[7.028734,4.820801],[7.028695,4.820797],[7.028698,4.820771],[7.028603,4.820761],[7.028609,4.820709],[7.028742,4.820723]]]}},{"type":"Feature","properties":{"h":3.0,"on_route":false},"geometry":{"type":"Polygon","coordinates":[[[7.026864,4.825897],[7.026781,4.825903],[7.026777,4.82585],[7.026861,4.825844],[7.026864,4.825897]]]}},{"type":"Feature","properties":{"h":3.0,"on_route":false},"geometry":{"type":"Polygon","coordinates":[[[7.030183,4.825646],[7.030178,4.825696],[7.030131,4.825691],[7.030136,4.825641],[7.030183,4.825646]]]}},{"type":"Feature","properties":{"h":3.0,"on_route":false},"geometry":{"type":"Polygon","coordinates":[[[7.029863,4.827113],[7.029864,4.827181],[7.02969,4.827182],[7.029689,4.827114],[7.029863,4.827113]]]}},{"type":"Feature","properties":{"h":3.0,"on_route":false},"geometry":{"type":"Polygon","coordinates":[[[7.028517,4.823408],[7.028515,4.823535],[7.028468,4.823534],[7.028471,4.823407],[7.028517,4.823408]]]}},{"type":"Feature","properties":{"h":3.0,"on_route":false},"geometry":{"type":"Polygon","coordinates":[[[7.031898,4.828725],[7.031897,4.828797],[7.031839,4.828796],[7.031839,4.828724],[7.031898,4.828725]]]}},{"type":"Feature","properties":{"h":3.0,"on_route":false},"geometry":{"type":"Polygon","coordinates":[[[7.032322,4.82088],[7.032302,4.8209],[7.032207,4.820802],[7.032226,4.820783],[7.032322,4.82088]]]}},{"type":"Feature","properties":{"h":3.0,"on_route":false},"geometry":{"type":"Polygon","coordinates":[[[7.027572,4.824738],[7.027561,4.82479],[7.027444,4.824766],[7.027455,4.824714],[7.027572,4.824738]]]}},{"type":"Feature","properties":{"h":3.0,"on_route":false},"geometry":{"type":"Polygon","coordinates":[[[7.027654,4.824035],[7.027653,4.824075],[7.027598,4.824073],[7.027599,4.824033],[7.027654,4.824035]]]}},{"type":"Feature","properties":{"h":3.0,"on_route":false},"geometry":{"type":"Polygon","coordinates":[[[7.027798,4.825701],[7.027762,4.825734],[7.027676,4.82564],[7.027712,4.825606],[7.027798,4.825701]]]}},{"type":"Feature","properties":{"h":3.0,"on_route":false},"geometry":{"type":"Polygon","coordinates":[[[7.027791,4.82585],[7.02773,4.825903],[7.027683,4.825848],[7.027744,4.825796],[7.027791,4.82585]]]}},{"type":"Feature","properties":{"h":3.0,"on_route":false},"geometry":{"type":"Polygon","coordinates":[[[7.031935,4.828535],[7.031934,4.828652],[7.031898,4.828652],[7.031899,4.828535],[7.031935,4.828535]]]}},{"type":"Feature","properties":{"h":3.0,"on_route":false},"geometry":{"type":"Polygon","coordinates":[[[7.029663,4.827927],[7.029601,4.827927],[7.0296,4.827959],[7.029547,4.827958],[7.029548,4.827854],[7.029602,4.827854],[7.029602,4.827818],[7.029665,4.827819],[7.029663,4.827927]]]}},{"type":"Feature","properties":{"h":3.0,"on_route":false},"geometry":{"type":"Polygon","coordinates":[[[7.02681,4.824103],[7.026805,4.824197],[7.026733,4.824193],[7.026738,4.8241],[7.02681,4.824103]]]}},{"type":"Feature","properties":{"h":3.0,"on_route":false},"geometry":{"type":"Polygon","coordinates":[[[7.031028,4.826774],[7.031028,4.826808],[7.030972,4.826807],[7.030972,4.826773],[7.031028,4.826774]]]}},{"type":"Feature","properties":{"h":3.0,"on_route":false},"geometry":{"type":"Polygon","coordinates":[[[7.028886,4.82082],[7.028876,4.82092],[7.028751,4.820907],[7.02876,4.820807],[7.028886,4.82082]]]}},{"type":"Feature","properties":{"h":3.0,"on_route":false},"geometry":{"type":"Polygon","coordinates":[[[7.028495,4.821672],[7.028436,4.821771],[7.028342,4.821715],[7.028401,4.821616],[7.028495,4.821672]]]}},{"type":"Feature","properties":{"h":3.0,"on_route":false},"geometry":{"type":"Polygon","coordinates":[[[7.028684,4.82091],[7.028679,4.820958],[7.028651,4.820955],[7.028645,4.821007],[7.028626,4.821005],[7.028622,4.821037],[7.028538,4.821028],[7.028552,4.820896],[7.028684,4.82091]]]}},{"type":"Feature","properties":{"h":3.0,"on_route":false},"geometry":{"type":"Polygon","coordinates":[[[7.031378,4.820428],[7.031314,4.820465],[7.031249,4.820351],[7.031313,4.820315],[7.031378,4.820428]]]}},{"type":"Feature","properties":{"h":3.0,"on_route":false},"geometry":{"type":"Polygon","coordinates":[[[7.026843,4.824366],[7.026837,4.824454],[7.026739,4.824447],[7.026745,4.824359],[7.026843,4.824366]]]}},{"type":"Feature","properties":{"h":3.0,"on_route":false},"geometry":{"type":"Polygon","coordinates":[[[7.029908,4.826313],[7.029906,4.826373],[7.029842,4.826371],[7.029844,4.826311],[7.029908,4.826313]]]}},{"type":"Feature","properties":{"h":3.0,"on_route":false},"geometry":{"type":"Polygon","coordinates":[[[7.026716,4.825543],[7.026715,4.825586],[7.026769,4.825588],[7.026766,4.825684],[7.026678,4.825682],[7.026683,4.825542],[7.026716,4.825543]]]}},{"type":"Feature","properties":{"h":3.0,"on_route":false},"geometry":{"type":"Polygon","coordinates":[[[7.030469,4.824073],[7.030469,4.824191],[7.030427,4.824191],[7.030427,4.824073],[7.030469,4.824073]]]}},{"type":"Feature","properties":{"h":3.0,"on_route":false},"geometry":{"type":"Polygon","coordinates":[[[7.029316,4.821078],[7.029273,4.82116],[7.029136,4.821088],[7.029179,4.821006],[7.029316,4.821078]]]}},{"type":"Feature","properties":{"h":3.0,"on_route":false},"geometry":{"type":"Polygon","coordinates":[[[7.02742,4.825167],[7.027426,4.825214],[7.02732,4.825226],[7.027314,4.82518],[7.02742,4.825167]]]}},{"type":"Feature","properties":{"h":3.0,"on_route":false},"geometry":{"type":"Polygon","coordinates":[[[7.029791,4.824783],[7.029666,4.824809],[7.029651,4.824735],[7.029776,4.824709],[7.029791,4.824783]]]}},{"type":"Feature","properties":{"h":3.0,"on_route":false},"geometry":{"type":"Polygon","coordinates":[[[7.029241,4.827967],[7.02924,4.828003],[7.029155,4.828003],[7.029155,4.827966],[7.029241,4.827967]]]}},{"type":"Feature","properties":{"h":3.0,"on_route":false},"geometry":{"type":"Polygon","coordinates":[[[7.028601,4.825691],[7.028597,4.825749],[7.02855,4.825745],[7.028554,4.825687],[7.028601,4.825691]]]}},{"type":"Feature","properties":{"h":3.0,"on_route":false},"geometry":{"type":"Polygon","coordinates":[[[7.027346,4.825761],[7.027355,4.825821],[7.027309,4.825827],[7.0273,4.825768],[7.027346,4.825761]]]}},{"type":"Feature","properties":{"h":3.0,"on_route":false},"geometry":{"type":"Polygon","coordinates":[[[7.031188,4.826128],[7.031186,4.826201],[7.031147,4.8262],[7.031149,4.826127],[7.031188,4.826128]]]}},{"type":"Feature","properties":{"h":3.0,"on_route":false},"geometry":{"type":"Polygon","coordinates":[[[7.028263,4.822553],[7.028254,4.82259],[7.028228,4.822584],[7.028238,4.822546],[7.028263,4.822553]]]}},{"type":"Feature","properties":{"h":3.0,"on_route":false},"geometry":{"type":"Polygon","coordinates":[[[7.027472,4.823689],[7.027406,4.823687],[7.027408,4.823642],[7.027474,4.823644],[7.027472,4.823689]]]}},{"type":"Feature","properties":{"h":3.0,"on_route":false},"geometry":{"type":"Polygon","coordinates":[[[7.028156,4.8263],[7.028153,4.826351],[7.028099,4.826347],[7.028103,4.826297],[7.028156,4.8263]]]}},{"type":"Feature","properties":{"h":3.0,"on_route":false},"geometry":{"type":"Polygon","coordinates":[[[7.029951,4.827966],[7.02995,4.828013],[7.030011,4.828013],[7.030011,4.828125],[7.02995,4.828125],[7.02995,4.82807],[7.029876,4.82807],[7.029877,4.827965],[7.029951,4.827966]]]}},{"type":"Feature","properties":{"h":3.0,"on_route":false},"geometry":{"type":"Polygon","coordinates":[[[7.028854,4.821946],[7.028804,4.822042],[7.028703,4.821989],[7.028753,4.821893],[7.028854,4.821946]]]}},{"type":"Feature","properties":{"h":3.0,"on_route":false},"geometry":{"type":"Polygon","coordinates":[[[7.027084,4.826703],[7.027038,4.826658],[7.027232,4.826459],[7.027278,4.826504],[7.027084,4.826703]]]}},{"type":"Feature","properties":{"h":3.0,"on_route":false},"geometry":{"type":"Polygon","coordinates":[[[7.029846,4.826253],[7.029844,4.826311],[7.029809,4.82631],[7.029811,4.826252],[7.029846,4.826253]]]}},{"type":"Feature","properties":{"h":3.0,"on_route":false},"geometry":{"type":"Polygon","coordinates":[[[7.027403,4.8238],[7.027402,4.823868],[7.027346,4.823867],[7.027347,4.823799],[7.027403,4.8238]]]}},{"type":"Feature","properties":{"h":3.0,"on_route":false},"geometry":{"type":"Polygon","coordinates":[[[7.027847,4.826796],[7.027847,4.826855],[7.027825,4.826855],[7.027825,4.826796],[7.027847,4.826796]]]}},{"type":"Feature","properties":{"h":3.0,"on_route":false},"geometry":{"type":"Polygon","coordinates":[[[7.027526,4.82602],[7.027382,4.826045],[7.027372,4.825984],[7.027515,4.825959],[7.027526,4.82602]]]}},{"type":"Feature","properties":{"h":3.0,"on_route":false},"geometry":{"type":"Polygon","coordinates":[[[7.027746,4.825989],[7.027703,4.825944],[7.027803,4.82585],[7.027845,4.825895],[7.027746,4.825989]]]}},{"type":"Feature","properties":{"h":3.0,"on_route":false},"geometry":{"type":"Polygon","coordinates":[[[7.030084,4.828226],[7.030082,4.828264],[7.030019,4.828262],[7.030021,4.828224],[7.030084,4.828226]]]}},{"type":"Feature","properties":{"h":3.0,"on_route":false},"geometry":{"type":"Polygon","coordinates":[[[7.028219,4.823254],[7.028203,4.82335],[7.028106,4.823333],[7.028123,4.823238],[7.028219,4.823254]]]}},{"type":"Feature","properties":{"h":3.0,"on_route":false},"geometry":{"type":"Polygon","coordinates":[[[7.030633,4.826696],[7.030633,4.826741],[7.03057,4.826741],[7.03057,4.826696],[7.030633,4.826696]]]}},{"type":"Feature","properties":{"h":3.0,"on_route":false},"geometry":{"type":"Polygon","coordinates":[[[7.02876,4.82388],[7.02876,4.823902],[7.028801,4.823902],[7.0288,4.824064],[7.028759,4.824064],[7.028758,4.824106],[7.028603,4.824105],[7.028604,4.823901],[7.028633,4.823901],[7.028633,4.82388],[7.02876,4.82388]]]}},{"type":"Feature","properties":{"h":3.0,"on_route":false},"geometry":{"type":"Polygon","coordinates":[[[7.031171,4.825847],[7.031171,4.825906],[7.031149,4.825906],[7.031149,4.825847],[7.031171,4.825847]]]}},{"type":"Feature","properties":{"h":3.0,"on_route":false},"geometry":{"type":"Polygon","coordinates":[[[7.028151,4.8239],[7.02815,4.823919],[7.028177,4.82392],[7.028171,4.82404],[7.028068,4.824035],[7.028075,4.823896],[7.028151,4.8239]]]}},{"type":"Feature","properties":{"h":3.0,"on_route":false},"geometry":{"type":"Polygon","coordinates":[[[7.028186,4.826488],[7.028187,4.826551],[7.028142,4.826551],[7.028141,4.826489],[7.028186,4.826488]]]}},{"type":"Feature","properties":{"h":3.0,"on_route":false},"geometry":{"type":"Polygon","coordinates":[[[7.028663,4.826903],[7.028663,4.826984],[7.028572,4.826984],[7.028573,4.826902],[7.028663,4.826903]]]}},{"type":"Feature","properties":{"h":3.0,"on_route":false},"geometry":{"type":"Polygon","coordinates":[[[7.028413,4.827255],[7.028411,4.827317],[7.028386,4.827317],[7.028387,4.827254],[7.028413,4.827255]]]}},{"type":"Feature","properties":{"h":3.0,"on_route":false},"geometry":{"type":"Polygon","coordinates":[[[7.027937,4.823895],[7.027935,4.823957],[7.027886,4.823956],[7.027888,4.823894],[7.027937,4.823895]]]}},{"type":"Feature","properties":{"h":3.0,"on_route":false},"geometry":{"type":"Polygon","coordinates":[[[7.029796,4.820309],[7.029743,4.820394],[7.029652,4.820338],[7.029706,4.820252],[7.029796,4.820309]]]}},{"type":"Feature","properties":{"h":3.0,"on_route":false},"geometry":{"type":"Polygon","coordinates":[[[7.032333,4.828668],[7.032328,4.828763],[7.032305,4.828762],[7.03231,4.828667],[7.032333,4.828668]]]}},{"type":"Feature","properties":{"h":3.0,"on_route":false},"geometry":{"type":"Polygon","coordinates":[[[7.030144,4.82413],[7.030141,4.824245],[7.030102,4.824244],[7.030106,4.824128],[7.030144,4.82413]]]}},{"type":"Feature","properties":{"h":3.0,"on_route":false},"geometry":{"type":"Polygon","coordinates":[[[7.026872,4.825586],[7.026869,4.825685],[7.02677,4.825681],[7.026774,4.825582],[7.026872,4.825586]]]}},{"type":"Feature","properties":{"h":3.0,"on_route":false},"geometry":{"type":"Polygon","coordinates":[[[7.027277,4.825742],[7.027289,4.82583],[7.027249,4.825836],[7.027237,4.825748],[7.027277,4.825742]]]}},{"type":"Feature","properties":{"h":3.0,"on_route":false},"geometry":{"type":"Polygon","coordinates":[[[7.030223,4.825414],[7.030132,4.825424],[7.030127,4.825372],[7.030218,4.825362],[7.030223,4.825414]]]}},{"type":"Feature","properties":{"h":3.0,"on_route":false},"geometry":{"type":"Polygon","coordinates":[[[7.028065,4.821393],[7.028008,4.821491],[7.02796,4.821463],[7.027905,4.821557],[7.02781,4.821502],[7.027878,4.821386],[7.027806,4.821344],[7.02785,4.821268],[7.028065,4.821393]]]}},{"type":"Feature","properties":{"h":3.0,"on_route":false},"geometry":{"type":"Polygon","coordinates":[[[7.028439,4.827348],[7.028438,4.827372],[7.0284,4.827371],[7.0284,4.827348],[7.028439,4.827348]]]}},{"type":"Feature","properties":{"h":3.0,"on_route":false},"geometry":{"type":"Polygon","coordinates":[[[7.027886,4.827384],[7.027886,4.827416],[7.027859,4.827416],[7.027859,4.827384],[7.027886,4.827384]]]}},{"type":"Feature","properties":{"h":3.0,"on_route":false},"geometry":{"type":"Polygon","coordinates":[[[7.026895,4.823939],[7.026809,4.823938],[7.02681,4.823914],[7.026726,4.823913],[7.026728,4.823825],[7.026837,4.823827],[7.026837,4.82385],[7.026897,4.823851],[7.026895,4.823939]]]}},{"type":"Feature","properties":{"h":3.0,"on_route":false},"geometry":{"type":"Polygon","coordinates":[[[7.030697,4.827152],[7.030694,4.827282],[7.030631,4.82728],[7.030634,4.827151],[7.030697,4.827152]]]}},{"type":"Feature","properties":{"h":3.0,"on_route":false},"geometry":{"type":"Polygon","coordinates":[[[7.032873,4.820832],[7.032846,4.821036],[7.032772,4.821026],[7.032798,4.820823],[7.032873,4.820832]]]}},{"type":"Feature","properties":{"h":3.0,"on_route":false},"geometry":{"type":"Polygon","coordinates":[[[7.030232,4.827866],[7.030228,4.828188],[7.030002,4.828185],[7.030006,4.827905],[7.030041,4.827906],[7.030041,4.827864],[7.030232,4.827866]]]}},{"type":"Feature","properties":{"h":3.0,"on_route":false},"geometry":{"type":"Polygon","coordinates":[[[7.027421,4.825691],[7.027335,4.825687],[7.027339,4.825594],[7.027425,4.825598],[7.027421,4.825691]]]}},{"type":"Feature","properties":{"h":3.0,"on_route":false},"geometry":{"type":"Polygon","coordinates":[[[7.028049,4.824443],[7.028045,4.824536],[7.027927,4.82453],[7.027932,4.824438],[7.028049,4.824443]]]}},{"type":"Feature","properties":{"h":3.0,"on_route":false},"geometry":{"type":"Polygon","coordinates":[[[7.033644,4.822561],[7.033597,4.82275],[7.033375,4.822695],[7.03339,4.822635],[7.033413,4.822641],[7.033445,4.822511],[7.033644,4.822561]]]}},{"type":"Feature","properties":{"h":3.0,"on_route":false},"geometry":{"type":"Polygon","coordinates":[[[7.027351,4.825107],[7.027349,4.825154],[7.027253,4.825148],[7.027256,4.825102],[7.027351,4.825107]]]}},{"type":"Feature","properties":{"h":3.0,"on_route":false},"geometry":{"type":"Polygon","coordinates":[[[7.028772,4.823569],[7.028771,4.823653],[7.028591,4.823651],[7.028592,4.823568],[7.028772,4.823569]]]}},{"type":"Feature","properties":{"h":3.0,"on_route":false},"geometry":{"type":"Polygon","coordinates":[[[7.028581,4.828926],[7.028563,4.828925],[7.028562,4.829127],[7.028459,4.829126],[7.028463,4.828511],[7.028584,4.828511],[7.028581,4.828926]]]}},{"type":"Feature","properties":{"h":3.0,"on_route":false},"geometry":{"type":"Polygon","coordinates":[[[7.027396,4.825038],[7.027387,4.825097],[7.027283,4.825081],[7.027292,4.825022],[7.027396,4.825038]]]}},{"type":"Feature","properties":{"h":3.0,"on_route":false},"geometry":{"type":"Polygon","coordinates":[[[7.027094,4.825002],[7.027097,4.825033],[7.027061,4.825036],[7.027059,4.825005],[7.027094,4.825002]]]}},{"type":"Feature","properties":{"h":3.0,"on_route":false},"geometry":{"type":"Polygon","coordinates":[[[7.03278,4.821466],[7.032759,4.821598],[7.032674,4.821584],[7.032695,4.821453],[7.03278,4.821466]]]}},{"type":"Feature","properties":{"h":3.0,"on_route":false},"geometry":{"type":"Polygon","coordinates":[[[7.028797,4.823321],[7.028794,4.823435],[7.028769,4.823435],[7.028773,4.82332],[7.028797,4.823321]]]}},{"type":"Feature","properties":{"h":3.0,"on_route":false},"geometry":{"type":"Polygon","coordinates":[[[7.030458,4.826506],[7.030457,4.826582],[7.030412,4.826582],[7.030413,4.826505],[7.030458,4.826506]]]}},{"type":"Feature","properties":{"h":3.0,"on_route":false},"geometry":{"type":"Polygon","coordinates":[[[7.027823,4.825678],[7.027798,4.825701],[7.027712,4.825606],[7.027737,4.825584],[7.027823,4.825678]]]}},{"type":"Feature","properties":{"h":3.0,"on_route":false},"geometry":{"type":"Polygon","coordinates":[[[7.028702,4.822097],[7.028652,4.822185],[7.028536,4.82212],[7.028586,4.822031],[7.028702,4.822097]]]}},{"type":"Feature","properties":{"h":3.0,"on_route":false},"geometry":{"type":"Polygon","coordinates":[[[7.027696,4.826215],[7.027694,4.826285],[7.027564,4.82628],[7.027567,4.826209],[7.027696,4.826215]]]}},{"type":"Feature","properties":{"h":3.0,"on_route":false},"geometry":{"type":"Polygon","coordinates":[[[7.03073,4.826879],[7.030726,4.826996],[7.030622,4.826993],[7.030625,4.826876],[7.03073,4.826879]]]}},{"type":"Feature","properties":{"h":3.0,"on_route":false},"geometry":{"type":"Polygon","coordinates":[[[7.02836,4.826625],[7.028359,4.826653],[7.028418,4.826655],[7.028417,4.826693],[7.028301,4.826688],[7.028303,4.826622],[7.02836,4.826625]]]}},{"type":"Feature","properties":{"h":3.0,"on_route":false},"geometry":{"type":"Polygon","coordinates":[[[7.028464,4.827104],[7.028464,4.82718],[7.028364,4.82718],[7.028364,4.827104],[7.028464,4.827104]]]}},{"type":"Feature","properties":{"h":3.0,"on_route":false},"geometry":{"type":"Polygon","coordinates":[[[7.030478,4.825884],[7.030477,4.825928],[7.030423,4.825926],[7.030425,4.825882],[7.030478,4.825884]]]}},{"type":"Feature","properties":{"h":3.0,"on_route":false},"geometry":{"type":"Polygon","coordinates":[[[7.029959,4.828146],[7.029956,4.828244],[7.029906,4.828242],[7.029909,4.828144],[7.029959,4.828146]]]}},{"type":"Feature","properties":{"h":3.0,"on_route":false},"geometry":{"type":"Polygon","coordinates":[[[7.027598,4.824074],[7.027361,4.824065],[7.027366,4.823947],[7.027602,4.823955],[7.027598,4.824074]]]}},{"type":"Feature","properties":{"h":3.0,"on_route":false},"geometry":{"type":"Polygon","coordinates":[[[7.03245,4.826362],[7.032449,4.826412],[7.032417,4.826411],[7.032419,4.826362],[7.03245,4.826362]]]}},{"type":"Feature","properties":{"h":3.0,"on_route":false},"geometry":{"type":"Polygon","coordinates":[[[7.028788,4.822169],[7.028766,4.822209],[7.028669,4.822154],[7.028692,4.822115],[7.028788,4.822169]]]}},{"type":"Feature","properties":{"h":3.0,"on_route":false},"geometry":{"type":"Polygon","coordinates":[[[7.034303,4.822774],[7.034242,4.822997],[7.034117,4.822963],[7.034178,4.82274],[7.034303,4.822774]]]}},{"type":"Feature","properties":{"h":3.0,"on_route":false},"geometry":{"type":"Polygon","coordinates":[[[7.027621,4.822186],[7.027581,4.822287],[7.027467,4.822242],[7.027426,4.822345],[7.027353,4.822316],[7.027382,4.822244],[7.027346,4.82223],[7.027398,4.822098],[7.027621,4.822186]]]}},{"type":"Feature","properties":{"h":3.0,"on_route":false},"geometry":{"type":"Polygon","coordinates":[[[7.02725,4.823383],[7.027245,4.823554],[7.027125,4.823551],[7.027129,4.823406],[7.027109,4.823406],[7.02711,4.823378],[7.02725,4.823383]]]}},{"type":"Feature","properties":{"h":3.0,"on_route":false},"geometry":{"type":"Polygon","coordinates":[[[7.031961,4.827237],[7.031958,4.827346],[7.031656,4.827338],[7.031659,4.827229],[7.031961,4.827237]]]}},{"type":"Feature","properties":{"h":3.0,"on_route":false},"geometry":{"type":"Polygon","coordinates":[[[7.028481,4.826483],[7.028478,4.826537],[7.028435,4.826535],[7.028438,4.826481],[7.028481,4.826483]]]}},{"type":"Feature","properties":{"h":3.0,"on_route":false},"geometry":{"type":"Polygon","coordinates":[[[7.033602,4.827718],[7.033495,4.827724],[7.033492,4.827669],[7.033599,4.827663],[7.033602,4.827718]]]}},{"type":"Feature","properties":{"h":3.0,"on_route":false},"geometry":{"type":"Polygon","coordinates":[[[7.029329,4.823853],[7.029298,4.823831],[7.02933,4.823785],[7.029361,4.823807],[7.029329,4.823853]]]}},{"type":"Feature","properties":{"h":3.0,"on_route":false},"geometry":{"type":"Polygon","coordinates":[[[7.028086,4.82326],[7.02808,4.823353],[7.028066,4.823352],[7.028061,4.823439],[7.027957,4.823432],[7.027962,4.823346],[7.027912,4.823343],[7.027915,4.823294],[7.027965,4.823297],[7.027967,4.823253],[7.028086,4.82326]]]}},{"type":"Feature","properties":{"h":3.0,"on_route":false},"geometry":{"type":"Polygon","coordinates":[[[7.034981,4.825126],[7.034906,4.825172],[7.034976,4.825287],[7.034838,4.825371],[7.034502,4.82482],[7.034715,4.824689],[7.034981,4.825126]]]}},{"type":"Feature","properties":{"h":3.0,"on_route":false},"geometry":{"type":"Polygon","coordinates":[[[7.032174,4.820794],[7.032152,4.820784],[7.032191,4.820704],[7.032212,4.820715],[7.032174,4.820794]]]}},{"type":"Feature","properties":{"h":3.0,"on_route":false},"geometry":{"type":"Polygon","coordinates":[[[7.031538,4.826926],[7.031527,4.827409],[7.031421,4.827407],[7.031432,4.826924],[7.031538,4.826926]]]}},{"type":"Feature","properties":{"h":3.0,"on_route":false},"geometry":{"type":"Polygon","coordinates":[[[7.028706,4.821473],[7.028679,4.82152],[7.028641,4.821498],[7.028667,4.821451],[7.028706,4.821473]]]}},{"type":"Feature","properties":{"h":3.0,"on_route":false},"geometry":{"type":"Polygon","coordinates":[[[7.028114,4.823766],[7.028119,4.823841],[7.028055,4.823845],[7.028051,4.82377],[7.028114,4.823766]]]}},{"type":"Feature","properties":{"h":3.0,"on_route":false},"geometry":{"type":"Polygon","coordinates":[[[7.02721,4.824922],[7.027205,4.825003],[7.027092,4.824997],[7.027096,4.824916],[7.02721,4.824922]]]}},{"type":"Feature","properties":{"h":3.0,"on_route":false},"geometry":{"type":"Polygon","coordinates":[[[7.027931,4.823794],[7.027926,4.823889],[7.027881,4.823886],[7.027886,4.823792],[7.027931,4.823794]]]}},{"type":"Feature","properties":{"h":3.0,"on_route":false},"geometry":{"type":"Polygon","coordinates":[[[7.028896,4.823892],[7.028896,4.823983],[7.028851,4.823983],[7.028852,4.823892],[7.028896,4.823892]]]}},{"type":"Feature","properties":{"h":3.0,"on_route":false},"geometry":{"type":"Polygon","coordinates":[[[7.027292,4.824383],[7.027287,4.824468],[7.027194,4.824463],[7.027199,4.824378],[7.027292,4.824383]]]}},{"type":"Feature","properties":{"h":3.0,"on_route":false},"geometry":{"type":"Polygon","coordinates":[[[7.033386,4.821898],[7.033378,4.821956],[7.033326,4.82195],[7.033334,4.821892],[7.033386,4.821898]]]}},{"type":"Feature","properties":{"h":3.0,"on_route":false},"geometry":{"type":"Polygon","coordinates":[[[7.033699,4.822389],[7.033667,4.822517],[7.03361,4.822502],[7.033642,4.822375],[7.033699,4.822389]]]}},{"type":"Feature","properties":{"h":3.0,"on_route":false},"geometry":{"type":"Polygon","coordinates":[[[7.029137,4.82055],[7.029126,4.820651],[7.029014,4.82064],[7.029024,4.820538],[7.029137,4.82055]]]}},{"type":"Feature","properties":{"h":3.0,"on_route":false},"geometry":{"type":"Polygon","coordinates":[[[7.029854,4.824331],[7.029866,4.824417],[7.029953,4.824405],[7.02996,4.824454],[7.029827,4.824473],[7.029807,4.824338],[7.029854,4.824331]]]}},{"type":"Feature","properties":{"h":3.0,"on_route":false},"geometry":{"type":"Polygon","coordinates":[[[7.032064,4.826456],[7.032064,4.826723],[7.031764,4.826722],[7.031764,4.826455],[7.032064,4.826456]]]}},{"type":"Feature","properties":{"h":3.0,"on_route":false},"geometry":{"type":"Polygon","coordinates":[[[7.028172,4.823495],[7.028167,4.823589],[7.028093,4.823585],[7.028095,4.823537],[7.027995,4.823532],[7.027997,4.823486],[7.028172,4.823495]]]}},{"type":"Feature","properties":{"h":3.0,"on_route":false},"geometry":{"type":"Polygon","coordinates":[[[7.031156,4.826221],[7.031151,4.826375],[7.031083,4.826373],[7.031088,4.826219],[7.031156,4.826221]]]}},{"type":"Feature","properties":{"h":3.0,"on_route":false},"geometry":{"type":"Polygon","coordinates":[[[7.028164,4.824446],[7.028166,4.824481],[7.028121,4.824483],[7.028119,4.824448],[7.028164,4.824446]]]}},{"type":"Feature","properties":{"h":3.0,"on_route":false},"geometry":{"type":"Polygon","coordinates":[[[7.027661,4.822702],[7.027626,4.823058],[7.027533,4.823049],[7.027569,4.822693],[7.027661,4.822702]]]}},{"type":"Feature","properties":{"h":3.0,"on_route":false},"geometry":{"type":"Polygon","coordinates":[[[7.029821,4.828602],[7.02982,4.82872],[7.029716,4.828719],[7.029717,4.828601],[7.029821,4.828602]]]}},{"type":"Feature","properties":{"h":3.0,"on_route":false},"geometry":{"type":"Polygon","coordinates":[[[7.028031,4.82408],[7.028021,4.82427],[7.027928,4.824265],[7.027938,4.824075],[7.028031,4.82408]]]}},{"type":"Feature","properties":{"h":3.0,"on_route":false},"geometry":{"type":"Polygon","coordinates":[[[7.030801,4.826304],[7.0308,4.826378],[7.03057,4.826374],[7.030571,4.826301],[7.030801,4.826304]]]}},{"type":"Feature","properties":{"h":3.0,"on_route":false},"geometry":{"type":"Polygon","coordinates":[[[7.028309,4.826909],[7.028307,4.826987],[7.028211,4.826985],[7.028213,4.826907],[7.028309,4.826909]]]}},{"type":"Feature","properties":{"h":3.0,"on_route":false},"geometry":{"type":"Polygon","coordinates":[[[7.028445,4.8276],[7.028443,4.827645],[7.028322,4.827642],[7.028323,4.827596],[7.028445,4.8276]]]}},{"type":"Feature","properties":{"h":3.0,"on_route":false},"geometry":{"type":"Polygon","coordinates":[[[7.027389,4.823592],[7.027388,4.823642],[7.027292,4.823639],[7.027294,4.823589],[7.027389,4.823592]]]}},{"type":"Feature","properties":{"h":3.0,"on_route":false},"geometry":{"type":"Polygon","coordinates":[[[7.02854,4.827205],[7.02854,4.827254],[7.028432,4.827254],[7.028432,4.827205],[7.02854,4.827205]]]}},{"type":"Feature","properties":{"h":3.0,"on_route":false},"geometry":{"type":"Polygon","coordinates":[[[7.028478,4.828172],[7.02848,4.828217],[7.028421,4.828218],[7.02842,4.828174],[7.028478,4.828172]]]}},{"type":"Feature","properties":{"h":3.0,"on_route":false},"geometry":{"type":"Polygon","coordinates":[[[7.033453,4.821473],[7.033436,4.821536],[7.033398,4.821526],[7.033415,4.821463],[7.033453,4.821473]]]}},{"type":"Feature","properties":{"h":3.0,"on_route":false},"geometry":{"type":"Polygon","coordinates":[[[7.02829,4.821352],[7.028325,4.821291],[7.028424,4.821348],[7.028315,4.821539],[7.028216,4.821482],[7.028239,4.821442],[7.028134,4.821381],[7.028185,4.821292],[7.02829,4.821352]]]}},{"type":"Feature","properties":{"h":3.0,"on_route":false},"geometry":{"type":"Polygon","coordinates":[[[7.028531,4.826984],[7.02841,4.826983],[7.028411,4.8269],[7.028532,4.826901],[7.028531,4.826984]]]}},{"type":"Feature","properties":{"h":3.0,"on_route":false},"geometry":{"type":"Polygon","coordinates":[[[7.02937,4.823977],[7.029344,4.824018],[7.029261,4.823967],[7.029287,4.823925],[7.02937,4.823977]]]}},{"type":"Feature","properties":{"h":3.0,"on_route":false},"geometry":{"type":"Polygon","coordinates":[[[7.029767,4.82791],[7.029764,4.827868],[7.029812,4.827865],[7.029815,4.827907],[7.029882,4.827902],[7.029879,4.827861],[7.029948,4.827856],[7.029953,4.827941],[7.029734,4.827956],[7.029731,4.827912],[7.029767,4.82791]]]}},{"type":"Feature","properties":{"h":3.0,"on_route":false},"geometry":{"type":"Polygon","coordinates":[[[7.029273,4.827736],[7.029273,4.827786],[7.029219,4.827786],[7.029219,4.827736],[7.029273,4.827736]]]}},{"type":"Feature","properties":{"h":3.0,"on_route":false},"geometry":{"type":"Polygon","coordinates":[[[7.028061,4.827829],[7.028059,4.827859],[7.028032,4.827857],[7.028035,4.827827],[7.028061,4.827829]]]}},{"type":"Feature","properties":{"h":3.0,"on_route":false},"geometry":{"type":"Polygon","coordinates":[[[7.029483,4.82062],[7.029423,4.82074],[7.02935,4.820703],[7.02941,4.820583],[7.029483,4.82062]]]}},{"type":"Feature","properties":{"h":3.0,"on_route":false},"geometry":{"type":"Polygon","coordinates":[[[7.027716,4.823094],[7.027712,4.823137],[7.027662,4.823132],[7.027666,4.823089],[7.027716,4.823094]]]}},{"type":"Feature","properties":{"h":3.0,"on_route":false},"geometry":{"type":"Polygon","coordinates":[[[7.030727,4.8275],[7.030723,4.827746],[7.030575,4.827744],[7.030579,4.827498],[7.030727,4.8275]]]}},{"type":"Feature","properties":{"h":3.0,"on_route":false},"geometry":{"type":"Polygon","coordinates":[[[7.02883,4.821691],[7.028819,4.821724],[7.028784,4.821713],[7.028795,4.821679],[7.02883,4.821691]]]}},{"type":"Feature","properties":{"h":3.0,"on_route":false},"geometry":{"type":"Polygon","coordinates":[[[7.028238,4.822034],[7.028189,4.822121],[7.028089,4.822064],[7.028138,4.821977],[7.028238,4.822034]]]}},{"type":"Feature","properties":{"h":3.0,"on_route":false},"geometry":{"type":"Polygon","coordinates":[[[7.028643,4.825694],[7.028639,4.825752],[7.028597,4.825749],[7.028601,4.825691],[7.028643,4.825694]]]}},{"type":"Feature","properties":{"h":3.0,"on_route":false},"geometry":{"type":"Polygon","coordinates":[[[7.027257,4.824469],[7.027252,4.824558],[7.027164,4.824553],[7.027169,4.824464],[7.027257,4.824469]]]}},{"type":"Feature","properties":{"h":3.0,"on_route":false},"geometry":{"type":"Polygon","coordinates":[[[7.028403,4.821752],[7.028352,4.821838],[7.028255,4.82178],[7.028306,4.821694],[7.028403,4.821752]]]}},{"type":"Feature","properties":{"h":3.0,"on_route":false},"geometry":{"type":"Polygon","coordinates":[[[7.027613,4.824962],[7.027599,4.824957],[7.027522,4.825188],[7.027441,4.825161],[7.027461,4.825103],[7.027439,4.825096],[7.02746,4.825032],[7.027508,4.825048],[7.02752,4.825012],[7.027494,4.825004],[7.027527,4.824906],[7.027621,4.824938],[7.027613,4.824962]]]}},{"type":"Feature","properties":{"h":3.0,"on_route":false},"geometry":{"type":"Polygon","coordinates":[[[7.027866,4.825066],[7.027841,4.825151],[7.027748,4.825123],[7.027774,4.825038],[7.027866,4.825066]]]}},{"type":"Feature","properties":{"h":3.0,"on_route":false},"geometry":{"type":"Polygon","coordinates":[[[7.029959,4.825116],[7.029794,4.825152],[7.0298,4.825182],[7.029765,4.82519],[7.029738,4.825068],[7.029804,4.825054],[7.02981,4.825083],[7.029946,4.825053],[7.029959,4.825116]]]}},{"type":"Feature","properties":{"h":3.0,"on_route":false},"geometry":{"type":"Polygon","coordinates":[[[7.02819,4.823363],[7.028181,4.823498],[7.028066,4.82349],[7.028075,4.823355],[7.02819,4.823363]]]}},{"type":"Feature","properties":{"h":3.0,"on_route":false},"geometry":{"type":"Polygon","coordinates":[[[7.027481,4.823448],[7.027477,4.823544],[7.027411,4.823542],[7.027414,4.823445],[7.027481,4.823448]]]}},{"type":"Feature","properties":{"h":3.0,"on_route":false},"geometry":{"type":"Polygon","coordinates":[[[7.027796,4.823101],[7.027792,4.823144],[7.027712,4.823137],[7.027716,4.823094],[7.027796,4.823101]]]}},{"type":"Feature","properties":{"h":3.0,"on_route":false},"geometry":{"type":"Polygon","coordinates":[[[7.028384,4.821035],[7.028381,4.821075],[7.02832,4.821071],[7.028323,4.82103],[7.028384,4.821035]]]}},{"type":"Feature","properties":{"h":3.0,"on_route":false},"geometry":{"type":"Polygon","coordinates":[[[7.030471,4.825299],[7.03047,4.825413],[7.030429,4.825413],[7.03043,4.825298],[7.030471,4.825299]]]}},{"type":"Feature","properties":{"h":3.0,"on_route":false},"geometry":{"type":"Polygon","coordinates":[[[7.026954,4.826067],[7.026881,4.826086],[7.026866,4.826025],[7.026939,4.826007],[7.026954,4.826067]]]}},{"type":"Feature","properties":{"h":3.0,"on_route":false},"geometry":{"type":"Polygon","coordinates":[[[7.030074,4.824128],[7.03007,4.824244],[7.030035,4.824243],[7.03004,4.824126],[7.030074,4.824128]]]}},{"type":"Feature","properties":{"h":3.0,"on_route":false},"geometry":{"type":"Polygon","coordinates":[[[7.028936,4.820708],[7.028924,4.820824],[7.02881,4.820812],[7.028821,4.820696],[7.028936,4.820708]]]}},{"type":"Feature","properties":{"h":3.0,"on_route":false},"geometry":{"type":"Polygon","coordinates":[[[7.029716,4.828],[7.029716,4.828049],[7.029687,4.828049],[7.029687,4.828],[7.029716,4.828]]]}},{"type":"Feature","properties":{"h":3.0,"on_route":false},"geometry":{"type":"Polygon","coordinates":[[[7.027809,4.821601],[7.027794,4.821631],[7.027888,4.82168],[7.027844,4.821766],[7.027788,4.821736],[7.027738,4.821833],[7.027647,4.821786],[7.027708,4.821667],[7.027642,4.821632],[7.02769,4.821539],[7.027809,4.821601]]]}},{"type":"Feature","properties":{"h":3.0,"on_route":false},"geometry":{"type":"Polygon","coordinates":[[[7.02985,4.824861],[7.0298,4.824873],[7.029784,4.82481],[7.029834,4.824797],[7.02985,4.824861]]]}},{"type":"Feature","properties":{"h":3.0,"on_route":false},"geometry":{"type":"Polygon","coordinates":[[[7.03007,4.825625],[7.030066,4.825678],[7.030038,4.825675],[7.030042,4.825622],[7.03007,4.825625]]]}},{"type":"Feature","properties":{"h":3.0,"on_route":false},"geometry":{"type":"Polygon","coordinates":[[[7.027997,4.827851],[7.027988,4.827895],[7.027945,4.827887],[7.027953,4.827843],[7.027997,4.827851]]]}},{"type":"Feature","properties":{"h":3.0,"on_route":false},"geometry":{"type":"Polygon","coordinates":[[[7.030011,4.827584],[7.030044,4.827584],[7.030045,4.827559],[7.030105,4.827559],[7.030105,4.827585],[7.030235,4.827587],[7.030232,4.827866],[7.029751,4.827861],[7.02975,4.827908],[7.029675,4.827907],[7.029675,4.827904],[7.029672,4.827904],[7.029674,4.827801],[7.029581,4.8278],[7.02958,4.827859],[7.0293,4.827856],[7.029303,4.827576],[7.029705,4.82758],[7.029708,4.827362],[7.029799,4.827363],[7.029797,4.827556],[7.030011,4.827558],[7.030011,4.827584]]]}},{"type":"Feature","properties":{"h":3.0,"on_route":false},"geometry":{"type":"Polygon","coordinates":[[[7.03137,4.826812],[7.031365,4.827299],[7.031261,4.827298],[7.031266,4.82681],[7.03137,4.826812]]]}},{"type":"Feature","properties":{"h":3.0,"on_route":false},"geometry":{"type":"Polygon","coordinates":[[[7.030925,4.828221],[7.030732,4.828219],[7.030727,4.829002],[7.030602,4.829001],[7.030607,4.828097],[7.030925,4.828099],[7.030925,4.828221]]]}},{"type":"Feature","properties":{"h":3.0,"on_route":false},"geometry":{"type":"Polygon","coordinates":[[[7.028554,4.825687],[7.02855,4.825745],[7.028507,4.825742],[7.028511,4.825683],[7.028554,4.825687]]]}},{"type":"Feature","properties":{"h":3.0,"on_route":false},"geometry":{"type":"Polygon","coordinates":[[[7.028158,4.824056],[7.028155,4.824085],[7.028125,4.824083],[7.028127,4.824053],[7.028158,4.824056]]]}},{"type":"Feature","properties":{"h":3.0,"on_route":false},"geometry":{"type":"Polygon","coordinates":[[[7.030915,4.82682],[7.030914,4.82686],[7.030808,4.826858],[7.030808,4.826818],[7.030915,4.82682]]]}},{"type":"Feature","properties":{"h":3.0,"on_route":false},"geometry":{"type":"Polygon","coordinates":[[[7.028538,4.82238],[7.028485,4.822471],[7.028381,4.82241],[7.028435,4.822319],[7.028538,4.82238]]]}},{"type":"Feature","properties":{"h":3.0,"on_route":false},"geometry":{"type":"Polygon","coordinates":[[[7.028075,4.823896],[7.028069,4.824008],[7.028001,4.824005],[7.028006,4.823893],[7.028075,4.823896]]]}},{"type":"Feature","properties":{"h":3.0,"on_route":false},"geometry":{"type":"Polygon","coordinates":[[[7.028332,4.82211],[7.028281,4.8222],[7.028177,4.82214],[7.028227,4.82205],[7.028332,4.82211]]]}},{"type":"Feature","properties":{"h":3.0,"on_route":false},"geometry":{"type":"Polygon","coordinates":[[[7.027148,4.825697],[7.027059,4.825693],[7.027063,4.8256],[7.027152,4.825604],[7.027148,4.825697]]]}},{"type":"Feature","properties":{"h":3.0,"on_route":false},"geometry":{"type":"Polygon","coordinates":[[[7.033568,4.822839],[7.033555,4.822889],[7.033507,4.822877],[7.03352,4.822827],[7.033568,4.822839]]]}},{"type":"Feature","properties":{"h":3.0,"on_route":false},"geometry":{"type":"Polygon","coordinates":[[[7.026833,4.823554],[7.026832,4.823574],[7.026893,4.823575],[7.02689,4.823688],[7.026796,4.823685],[7.026797,4.82366],[7.026743,4.823659],[7.026743,4.823652],[7.026719,4.823652],[7.026722,4.823551],[7.026833,4.823554]]]}},{"type":"Feature","properties":{"h":3.0,"on_route":false},"geometry":{"type":"Polygon","coordinates":[[[7.028743,4.827104],[7.028743,4.827179],[7.028595,4.827178],[7.028595,4.827103],[7.028743,4.827104]]]}},{"type":"Feature","properties":{"h":3.0,"on_route":false},"geometry":{"type":"Polygon","coordinates":[[[7.029498,4.820408],[7.029464,4.820475],[7.029428,4.820457],[7.029455,4.820404],[7.02948,4.820417],[7.029487,4.820403],[7.029498,4.820408]]]}},{"type":"Feature","properties":{"h":3.0,"on_route":false},"geometry":{"type":"Polygon","coordinates":[[[7.027823,4.825773],[7.02778,4.825759],[7.027806,4.825679],[7.027849,4.825693],[7.027823,4.825773]]]}},{"type":"Feature","properties":{"h":3.0,"on_route":false},"geometry":{"type":"Polygon","coordinates":[[[7.031962,4.827013],[7.031658,4.82701],[7.03166,4.826899],[7.031964,4.826902],[7.031962,4.827013]]]}},{"type":"Feature","properties":{"h":3.0,"on_route":false},"geometry":{"type":"Polygon","coordinates":[[[7.028076,4.826687],[7.028102,4.826788],[7.028076,4.826795],[7.02805,4.826694],[7.028076,4.826687]]]}},{"type":"Feature","properties":{"h":3.0,"on_route":false},"geometry":{"type":"Polygon","coordinates":[[[7.028919,4.820972],[7.028913,4.821018],[7.028858,4.821011],[7.028864,4.820965],[7.028919,4.820972]]]}},{"type":"Feature","properties":{"h":3.0,"on_route":false},"geometry":{"type":"Polygon","coordinates":[[[7.029946,4.825053],[7.029877,4.825068],[7.02987,4.825039],[7.029939,4.825024],[7.029946,4.825053]]]}},{"type":"Feature","properties":{"h":3.0,"on_route":false},"geometry":{"type":"Polygon","coordinates":[[[7.029698,4.827471],[7.029696,4.827521],[7.029641,4.827519],[7.029643,4.82747],[7.029698,4.827471]]]}},{"type":"Feature","properties":{"h":3.0,"on_route":false},"geometry":{"type":"Polygon","coordinates":[[[7.03457,4.824499],[7.034563,4.824538],[7.034458,4.82452],[7.034465,4.824481],[7.03457,4.824499]]]}},{"type":"Feature","properties":{"h":3.0,"on_route":false},"geometry":{"type":"Polygon","coordinates":[[[7.027287,4.825701],[7.027287,4.825742],[7.027236,4.825742],[7.027236,4.825701],[7.027287,4.825701]]]}},{"type":"Feature","properties":{"h":3.0,"on_route":false},"geometry":{"type":"Polygon","coordinates":[[[7.026935,4.825687],[7.02693,4.825821],[7.026863,4.825818],[7.026863,4.825841],[7.026844,4.82584],[7.026844,4.825817],[7.026789,4.825815],[7.026795,4.825682],[7.026935,4.825687]]]}},{"type":"Feature","properties":{"h":3.0,"on_route":false},"geometry":{"type":"Polygon","coordinates":[[[7.029463,4.827329],[7.029464,4.827374],[7.029374,4.827375],[7.029373,4.82733],[7.029463,4.827329]]]}},{"type":"Feature","properties":{"h":3.0,"on_route":false},"geometry":{"type":"Polygon","coordinates":[[[7.034489,4.822806],[7.034429,4.823023],[7.034298,4.822987],[7.034358,4.82277],[7.034489,4.822806]]]}},{"type":"Feature","properties":{"h":3.0,"on_route":false},"geometry":{"type":"Polygon","coordinates":[[[7.02732,4.824561],[7.027315,4.824656],[7.02728,4.824654],[7.027283,4.824591],[7.027208,4.824587],[7.027209,4.824555],[7.02732,4.824561]]]}},{"type":"Feature","properties":{"h":3.0,"on_route":false},"geometry":{"type":"Polygon","coordinates":[[[7.030618,4.825888],[7.030618,4.825943],[7.030504,4.825941],[7.030505,4.825887],[7.030618,4.825888]]]}},{"type":"Feature","properties":{"h":3.0,"on_route":false},"geometry":{"type":"Polygon","coordinates":[[[7.033667,4.827581],[7.033465,4.827592],[7.033461,4.827511],[7.033663,4.827499],[7.033667,4.827581]]]}},{"type":"Feature","properties":{"h":3.0,"on_route":false},"geometry":{"type":"Polygon","coordinates":[[[7.028493,4.821825],[7.028441,4.821913],[7.028342,4.821854],[7.028394,4.821766],[7.028493,4.821825]]]}},{"type":"Feature","properties":{"h":3.0,"on_route":false},"geometry":{"type":"Polygon","coordinates":[[[7.031093,4.826439],[7.031093,4.826464],[7.031413,4.826469],[7.031409,4.826716],[7.031064,4.82671],[7.031068,4.826439],[7.031093,4.826439]]]}},{"type":"Feature","properties":{"h":3.0,"on_route":false},"geometry":{"type":"Polygon","coordinates":[[[7.029003,4.820852],[7.028993,4.820952],[7.028874,4.82094],[7.028884,4.82084],[7.029003,4.820852]]]}},{"type":"Feature","properties":{"h":3.0,"on_route":false},"geometry":{"type":"Polygon","coordinates":[[[7.029195,4.826935],[7.029194,4.826978],[7.029091,4.826976],[7.029091,4.826934],[7.029195,4.826935]]]}},{"type":"Feature","properties":{"h":3.0,"on_route":false},"geometry":{"type":"Polygon","coordinates":[[[7.033001,4.822285],[7.032956,4.822304],[7.032932,4.822245],[7.032976,4.822227],[7.033001,4.822285]]]}},{"type":"Feature","properties":{"h":3.0,"on_route":false},"geometry":{"type":"Polygon","coordinates":[[[7.028368,4.82087],[7.028361,4.820999],[7.028228,4.820992],[7.028235,4.820862],[7.028368,4.82087]]]}},{"type":"Feature","properties":{"h":3.0,"on_route":false},"geometry":{"type":"Polygon","coordinates":[[[7.028594,4.827104],[7.028594,4.82718],[7.028464,4.82718],[7.028464,4.827104],[7.028594,4.827104]]]}},{"type":"Feature","properties":{"h":3.0,"on_route":false},"geometry":{"type":"Polygon","coordinates":[[[7.029701,4.820367],[7.029641,4.820463],[7.029544,4.820402],[7.029604,4.820306],[7.029701,4.820367]]]}},{"type":"Feature","properties":{"h":3.0,"on_route":false},"geometry":{"type":"Polygon","coordinates":[[[7.028162,4.820962],[7.02815,4.821106],[7.027974,4.821091],[7.027987,4.820947],[7.028162,4.820962]]]}},{"type":"Feature","properties":{"h":3.0,"on_route":false},"geometry":{"type":"Polygon","coordinates":[[[7.031205,4.826802],[7.031197,4.827287],[7.03109,4.827285],[7.031098,4.826801],[7.031205,4.826802]]]}},{"type":"Feature","properties":{"h":3.0,"on_route":false},"geometry":{"type":"Polygon","coordinates":[[[7.030111,4.829095],[7.030109,4.82932],[7.030037,4.82932],[7.030039,4.829095],[7.030111,4.829095]]]}},{"type":"Feature","properties":{"h":3.0,"on_route":false},"geometry":{"type":"Polygon","coordinates":[[[7.031209,4.82634],[7.031208,4.826378],[7.031143,4.826376],[7.031144,4.826339],[7.031209,4.82634]]]}},{"type":"Feature","properties":{"h":3.0,"on_route":false},"geometry":{"type":"Polygon","coordinates":[[[7.028669,4.821537],[7.028615,4.821633],[7.028507,4.821572],[7.028561,4.821476],[7.028669,4.821537]]]}},{"type":"Feature","properties":{"h":3.0,"on_route":false},"geometry":{"type":"Polygon","coordinates":[[[7.033643,4.826823],[7.033638,4.827344],[7.03338,4.827342],[7.03338,4.827277],[7.033473,4.827278],[7.033478,4.826821],[7.033643,4.826823]]]}},{"type":"Feature","properties":{"h":3.0,"on_route":false},"geometry":{"type":"Polygon","coordinates":[[[7.030774,4.827109],[7.030723,4.827108],[7.030727,4.826926],[7.030778,4.826927],[7.030774,4.827109]]]}},{"type":"Feature","properties":{"h":3.0,"on_route":false},"geometry":{"type":"Polygon","coordinates":[[[7.029262,4.8286],[7.029261,4.828709],[7.029084,4.828708],[7.029085,4.828599],[7.029262,4.8286]]]}},{"type":"Feature","properties":{"h":3.0,"on_route":false},"geometry":{"type":"Polygon","coordinates":[[[7.026839,4.824016],[7.026835,4.824104],[7.026738,4.8241],[7.026742,4.824011],[7.026839,4.824016]]]}},{"type":"Feature","properties":{"h":3.0,"on_route":false},"geometry":{"type":"Polygon","coordinates":[[[7.028286,4.822945],[7.028275,4.822976],[7.028235,4.822961],[7.028247,4.82293],[7.028286,4.822945]]]}},{"type":"Feature","properties":{"h":3.0,"on_route":false},"geometry":{"type":"Polygon","coordinates":[[[7.027419,4.824879],[7.027408,4.824953],[7.027323,4.82494],[7.027334,4.824867],[7.027419,4.824879]]]}},{"type":"Feature","properties":{"h":3.0,"on_route":false},"geometry":{"type":"Polygon","coordinates":[[[7.027616,4.82611],[7.027543,4.826183],[7.027489,4.82613],[7.027563,4.826057],[7.027616,4.82611]]]}},{"type":"Feature","properties":{"h":3.0,"on_route":false},"geometry":{"type":"Polygon","coordinates":[[[7.027459,4.824257],[7.027458,4.8243],[7.027414,4.824299],[7.027415,4.824255],[7.027459,4.824257]]]}},{"type":"Feature","properties":{"h":3.0,"on_route":false},"geometry":{"type":"Polygon","coordinates":[[[7.031279,4.826342],[7.031278,4.82638],[7.031208,4.826378],[7.031209,4.82634],[7.031279,4.826342]]]}},{"type":"Feature","properties":{"h":3.0,"on_route":false},"geometry":{"type":"Polygon","coordinates":[[[7.030012,4.824738],[7.029905,4.82476],[7.02989,4.824686],[7.029997,4.824665],[7.030012,4.824738]]]}},{"type":"Feature","properties":{"h":3.0,"on_route":false},"geometry":{"type":"Polygon","coordinates":[[[7.028718,4.827673],[7.028721,4.827705],[7.028654,4.827711],[7.028651,4.827679],[7.028718,4.827673]]]}},{"type":"Feature","properties":{"h":3.0,"on_route":false},"geometry":{"type":"Polygon","coordinates":[[[7.027306,4.822181],[7.027263,4.822158],[7.027331,4.822031],[7.027374,4.822055],[7.027306,4.822181]]]}},{"type":"Feature","properties":{"h":3.0,"on_route":false},"geometry":{"type":"Polygon","coordinates":[[[7.02991,4.826255],[7.029908,4.826313],[7.029874,4.826312],[7.029875,4.826254],[7.02991,4.826255]]]}},{"type":"Feature","properties":{"h":3.0,"on_route":false},"geometry":{"type":"Polygon","coordinates":[[[7.030099,4.825439],[7.030096,4.825546],[7.030072,4.825545],[7.030073,4.825492],[7.029994,4.82549],[7.029995,4.825436],[7.030099,4.825439]]]}},{"type":"Feature","properties":{"h":3.0,"on_route":false},"geometry":{"type":"Polygon","coordinates":[[[7.028754,4.820607],[7.028741,4.820731],[7.028659,4.820723],[7.028672,4.820598],[7.028754,4.820607]]]}},{"type":"Feature","properties":{"h":3.0,"on_route":false},"geometry":{"type":"Polygon","coordinates":[[[7.029417,4.820752],[7.029358,4.820869],[7.029286,4.820832],[7.029344,4.820715],[7.029417,4.820752]]]}},{"type":"Feature","properties":{"h":3.0,"on_route":false},"geometry":{"type":"Polygon","coordinates":[[[7.027435,4.824765],[7.027429,4.824877],[7.027325,4.824871],[7.027326,4.824852],[7.027161,4.824844],[7.027165,4.824751],[7.027435,4.824765]]]}},{"type":"Feature","properties":{"h":3.0,"on_route":false},"geometry":{"type":"Polygon","coordinates":[[[7.027476,4.823544],[7.027475,4.823595],[7.027409,4.823593],[7.027411,4.823542],[7.027476,4.823544]]]}},{"type":"Feature","properties":{"h":3.0,"on_route":false},"geometry":{"type":"Polygon","coordinates":[[[7.030634,4.827961],[7.030634,4.827916],[7.030729,4.827916],[7.030729,4.82795],[7.030913,4.827952],[7.030912,4.82808],[7.03061,4.828078],[7.030611,4.827961],[7.030634,4.827961]]]}},{"type":"Feature","properties":{"h":3.0,"on_route":false},"geometry":{"type":"Polygon","coordinates":[[[7.027774,4.824283],[7.027773,4.824397],[7.027723,4.824397],[7.027724,4.824282],[7.027774,4.824283]]]}},{"type":"Feature","properties":{"h":3.0,"on_route":false},"geometry":{"type":"Polygon","coordinates":[[[7.027053,4.825734],[7.027051,4.825793],[7.026963,4.825789],[7.026965,4.82573],[7.027053,4.825734]]]}},{"type":"Feature","properties":{"h":3.0,"on_route":false},"geometry":{"type":"Polygon","coordinates":[[[7.02727,4.826319],[7.027189,4.826374],[7.027136,4.826296],[7.027217,4.826241],[7.02727,4.826319]]]}},{"type":"Feature","properties":{"h":3.0,"on_route":false},"geometry":{"type":"Polygon","coordinates":[[[7.02916,4.828838],[7.029159,4.828914],[7.029044,4.828913],[7.029045,4.828836],[7.02916,4.828838]]]}},{"type":"Feature","properties":{"h":3.0,"on_route":false},"geometry":{"type":"Polygon","coordinates":[[[7.030699,4.827341],[7.030698,4.827399],[7.030576,4.827398],[7.030577,4.827339],[7.030699,4.827341]]]}},{"type":"Feature","properties":{"h":3.0,"on_route":false},"geometry":{"type":"Polygon","coordinates":[[[7.034721,4.824614],[7.034712,4.824654],[7.034672,4.824645],[7.034681,4.824605],[7.034721,4.824614]]]}},{"type":"Feature","properties":{"h":3.0,"on_route":false},"geometry":{"type":"Polygon","coordinates":[[[7.031778,4.828073],[7.031778,4.828134],[7.031753,4.828134],[7.031754,4.828073],[7.031778,4.828073]]]}},{"type":"Feature","properties":{"h":3.0,"on_route":false},"geometry":{"type":"Polygon","coordinates":[[[7.028009,4.825198],[7.027995,4.825249],[7.027935,4.825233],[7.027949,4.825181],[7.028009,4.825198]]]}},{"type":"Feature","properties":{"h":3.0,"on_route":false},"geometry":{"type":"Polygon","coordinates":[[[7.03004,4.826603],[7.03004,4.826633],[7.030005,4.826632],[7.030006,4.826602],[7.03004,4.826603]]]}},{"type":"Feature","properties":{"h":3.0,"on_route":false},"geometry":{"type":"Polygon","coordinates":[[[7.028638,4.826459],[7.028631,4.826501],[7.028588,4.826493],[7.028595,4.826452],[7.028638,4.826459]]]}},{"type":"Feature","properties":{"h":3.0,"on_route":false},"geometry":{"type":"Polygon","coordinates":[[[7.0273,4.824927],[7.027296,4.825008],[7.027205,4.825003],[7.02721,4.824922],[7.0273,4.824927]]]}},{"type":"Feature","properties":{"h":3.0,"on_route":false},"geometry":{"type":"Polygon","coordinates":[[[7.026897,4.824133],[7.026894,4.824201],[7.026831,4.824198],[7.026829,4.824233],[7.026804,4.824232],[7.026808,4.824129],[7.026897,4.824133]]]}},{"type":"Feature","properties":{"h":3.0,"on_route":false},"geometry":{"type":"Polygon","coordinates":[[[7.030012,4.824127],[7.030009,4.82424],[7.029972,4.824239],[7.029975,4.824126],[7.030012,4.824127]]]}},{"type":"Feature","properties":{"h":3.0,"on_route":false},"geometry":{"type":"Polygon","coordinates":[[[7.029968,4.825436],[7.029967,4.82549],[7.029938,4.825489],[7.029939,4.825435],[7.029968,4.825436]]]}},{"type":"Feature","properties":{"h":3.0,"on_route":false},"geometry":{"type":"Polygon","coordinates":[[[7.028793,4.82646],[7.02879,4.826532],[7.028758,4.826531],[7.02876,4.826487],[7.028761,4.826459],[7.028793,4.82646]]]}},{"type":"Feature","properties":{"h":3.0,"on_route":false},"geometry":{"type":"Polygon","coordinates":[[[7.029029,4.821519],[7.028981,4.821608],[7.028881,4.821554],[7.028929,4.821465],[7.029029,4.821519]]]}},{"type":"Feature","properties":{"h":3.0,"on_route":false},"geometry":{"type":"Polygon","coordinates":[[[7.027213,4.825214],[7.027211,4.825285],[7.027121,4.825282],[7.027123,4.825211],[7.027213,4.825214]]]}},{"type":"Feature","properties":{"h":3.0,"on_route":false},"geometry":{"type":"Polygon","coordinates":[[[7.028065,4.822597],[7.027955,4.822545],[7.028057,4.822328],[7.028167,4.82238],[7.028065,4.822597]]]}},{"type":"Feature","properties":{"h":3.0,"on_route":false},"geometry":{"type":"Polygon","coordinates":[[[7.027575,4.824072],[7.027568,4.824239],[7.027412,4.824233],[7.027418,4.824066],[7.027575,4.824072]]]}},{"type":"Feature","properties":{"h":3.0,"on_route":false},"geometry":{"type":"Polygon","coordinates":[[[7.026949,4.826315],[7.026721,4.82646],[7.026678,4.826391],[7.026906,4.826247],[7.026949,4.826315]]]}},{"type":"Feature","properties":{"h":3.0,"on_route":false},"geometry":{"type":"Polygon","coordinates":[[[7.027584,4.823803],[7.027583,4.823872],[7.027402,4.823868],[7.027403,4.8238],[7.027584,4.823803]]]}},{"type":"Feature","properties":{"h":3.0,"on_route":false},"geometry":{"type":"Polygon","coordinates":[[[7.026844,4.824638],[7.026846,4.824722],[7.02676,4.824724],[7.026757,4.82464],[7.026844,4.824638]]]}},{"type":"Feature","properties":{"h":3.0,"on_route":false},"geometry":{"type":"Polygon","coordinates":[[[7.028297,4.821597],[7.028247,4.821697],[7.02818,4.821663],[7.02823,4.821563],[7.028297,4.821597]]]}},{"type":"Feature","properties":{"h":3.0,"on_route":false},"geometry":{"type":"Polygon","coordinates":[[[7.028624,4.823333],[7.028622,4.823377],[7.028573,4.823375],[7.028575,4.82333],[7.028624,4.823333]]]}},{"type":"Feature","properties":{"h":3.0,"on_route":false},"geometry":{"type":"Polygon","coordinates":[[[7.031079,4.828091],[7.031075,4.828187],[7.031032,4.828186],[7.031037,4.828089],[7.031079,4.828091]]]}},{"type":"Feature","properties":{"h":3.0,"on_route":false},"geometry":{"type":"Polygon","coordinates":[[[7.029651,4.824735],[7.029666,4.824809],[7.029612,4.82482],[7.029597,4.824746],[7.029651,4.824735]]]}},{"type":"Feature","properties":{"h":3.0,"on_route":false},"geometry":{"type":"Polygon","coordinates":[[[7.030278,4.828881],[7.030278,4.828981],[7.030247,4.828981],[7.030247,4.828881],[7.030278,4.828881]]]}},{"type":"Feature","properties":{"h":3.0,"on_route":false},"geometry":{"type":"Polygon","coordinates":[[[7.028688,4.826158],[7.028687,4.826209],[7.028615,4.826208],[7.028616,4.826156],[7.028688,4.826158]]]}},{"type":"Feature","properties":{"h":3.0,"on_route":false},"geometry":{"type":"Polygon","coordinates":[[[7.027774,4.826102],[7.027772,4.826219],[7.027731,4.826218],[7.027733,4.826102],[7.027774,4.826102]]]}},{"type":"Feature","properties":{"h":3.0,"on_route":false},"geometry":{"type":"Polygon","coordinates":[[[7.028693,4.823697],[7.028694,4.823719],[7.028623,4.82372],[7.028623,4.823698],[7.028693,4.823697]]]}},{"type":"Feature","properties":{"h":3.0,"on_route":false},"geometry":{"type":"Polygon","coordinates":[[[7.028641,4.827353],[7.02864,4.827421],[7.02844,4.827417],[7.028441,4.82735],[7.028641,4.827353]]]}},{"type":"Feature","properties":{"h":3.0,"on_route":false},"geometry":{"type":"Polygon","coordinates":[[[7.031055,4.829102],[7.031053,4.829252],[7.030967,4.82925],[7.030969,4.8291],[7.031055,4.829102]]]}},{"type":"Feature","properties":{"h":3.0,"on_route":false},"geometry":{"type":"Polygon","coordinates":[[[7.027647,4.825956],[7.027573,4.825988],[7.027541,4.825915],[7.027615,4.825883],[7.027647,4.825956]]]}},{"type":"Feature","properties":{"h":3.0,"on_route":false},"geometry":{"type":"Polygon","coordinates":[[[7.027331,4.823699],[7.027327,4.823799],[7.027083,4.82379],[7.027087,4.823689],[7.027331,4.823699]]]}},{"type":"Feature","properties":{"h":3.0,"on_route":false},"geometry":{"type":"Polygon","coordinates":[[[7.033783,4.822105],[7.033767,4.822136],[7.03372,4.822112],[7.033736,4.822081],[7.033783,4.822105]]]}},{"type":"Feature","properties":{"h":3.0,"on_route":false},"geometry":{"type":"Polygon","coordinates":[[[7.027739,4.825583],[7.0276,4.825706],[7.027532,4.825628],[7.027671,4.825505],[7.027739,4.825583]]]}},{"type":"Feature","properties":{"h":3.0,"on_route":false},"geometry":{"type":"Polygon","coordinates":[[[7.027904,4.827829],[7.027895,4.827884],[7.027837,4.827875],[7.027846,4.82782],[7.027904,4.827829]]]}},{"type":"Feature","properties":{"h":3.0,"on_route":false},"geometry":{"type":"Polygon","coordinates":[[[7.028165,4.823759],[7.028057,4.823752],[7.028062,4.823664],[7.028086,4.823665],[7.028088,4.823633],[7.028127,4.823635],[7.028128,4.823621],[7.028173,4.823624],[7.028165,4.823759]]]}},{"type":"Feature","properties":{"h":3.0,"on_route":false},"geometry":{"type":"Polygon","coordinates":[[[7.028531,4.827864],[7.028528,4.828017],[7.028446,4.828016],[7.028449,4.827863],[7.028531,4.827864]]]}},{"type":"Feature","properties":{"h":3.0,"on_route":false},"geometry":{"type":"Polygon","coordinates":[[[7.027629,4.822179],[7.027565,4.822143],[7.027624,4.822038],[7.027688,4.822074],[7.027629,4.822179]]]}},{"type":"Feature","properties":{"h":3.0,"on_route":false},"geometry":{"type":"Polygon","coordinates":[[[7.030248,4.825792],[7.030245,4.825883],[7.02974,4.825868],[7.029743,4.825778],[7.030248,4.825792]]]}},{"type":"Feature","properties":{"h":3.0,"on_route":false},"geometry":{"type":"Polygon","coordinates":[[[7.029257,4.828832],[7.030225,4.828837],[7.030223,4.829073],[7.029256,4.829068],[7.029257,4.828832]]]}},{"type":"Feature","properties":{"h":3.0,"on_route":false},"geometry":{"type":"Polygon","coordinates":[[[7.026928,4.823658],[7.026927,4.823689],[7.02689,4.823688],[7.026891,4.823657],[7.026928,4.823658]]]}},{"type":"Feature","properties":{"h":3.0,"on_route":false},"geometry":{"type":"Polygon","coordinates":[[[7.029333,4.82071],[7.029306,4.820764],[7.029274,4.820748],[7.029301,4.820694],[7.029333,4.82071]]]}},{"type":"Feature","properties":{"h":3.0,"on_route":false},"geometry":{"type":"Polygon","coordinates":[[[7.027773,4.823636],[7.027773,4.823659],[7.027769,4.823753],[7.027514,4.823745],[7.027517,4.823628],[7.027773,4.823636]]]}},{"type":"Feature","properties":{"h":3.0,"on_route":false},"geometry":{"type":"Polygon","coordinates":[[[7.029042,4.827961],[7.029043,4.828003],[7.028944,4.828005],[7.028944,4.827962],[7.029042,4.827961]]]}},{"type":"Feature","properties":{"h":3.0,"on_route":false},"geometry":{"type":"Polygon","coordinates":[[[7.030387,4.829005],[7.030388,4.82904],[7.030293,4.829042],[7.030293,4.829006],[7.030387,4.829005]]]}},{"type":"Feature","properties":{"h":3.0,"on_route":false},"geometry":{"type":"Polygon","coordinates":[[[7.02738,4.821998],[7.027374,4.822027],[7.027331,4.822018],[7.027338,4.821989],[7.02738,4.821998]]]}},{"type":"Feature","properties":{"h":3.0,"on_route":false},"geometry":{"type":"Polygon","coordinates":[[[7.026946,4.826078],[7.026993,4.82621],[7.026947,4.826226],[7.0269,4.826094],[7.026946,4.826078]]]}},{"type":"Feature","properties":{"h":3.0,"on_route":false},"geometry":{"type":"Polygon","coordinates":[[[7.031904,4.828168],[7.031913,4.828241],[7.031892,4.828244],[7.031883,4.82817],[7.031904,4.828168]]]}},{"type":"Feature","properties":{"h":3.0,"on_route":false},"geometry":{"type":"Polygon","coordinates":[[[7.03381,4.827865],[7.033809,4.827938],[7.033495,4.827936],[7.033495,4.827862],[7.03381,4.827865]]]}},{"type":"Feature","properties":{"h":3.0,"on_route":false},"geometry":{"type":"Polygon","coordinates":[[[7.032241,4.826927],[7.032227,4.827822],[7.032087,4.82782],[7.0321,4.826925],[7.032241,4.826927]]]}},{"type":"Feature","properties":{"h":3.0,"on_route":false},"geometry":{"type":"Polygon","coordinates":[[[7.027411,4.824233],[7.027381,4.824232],[7.027386,4.824101],[7.027416,4.824102],[7.027411,4.824233]]]}},{"type":"Feature","properties":{"h":3.0,"on_route":false},"geometry":{"type":"Polygon","coordinates":[[[7.031422,4.827422],[7.031421,4.827478],[7.031257,4.827477],[7.031257,4.827421],[7.031422,4.827422]]]}},{"type":"Feature","properties":{"h":3.0,"on_route":false},"geometry":{"type":"Polygon","coordinates":[[[7.028117,4.827552],[7.028116,4.827577],[7.028138,4.827577],[7.028138,4.827602],[7.028084,4.827601],[7.028084,4.827576],[7.028063,4.827576],[7.028063,4.827552],[7.028117,4.827552]]]}},{"type":"Feature","properties":{"h":3.0,"on_route":false},"geometry":{"type":"Polygon","coordinates":[[[7.027205,4.825003],[7.027205,4.825018],[7.02726,4.825021],[7.027256,4.825102],[7.027156,4.825096],[7.027158,4.825052],[7.027182,4.825054],[7.027185,4.825002],[7.027205,4.825003]]]}},{"type":"Feature","properties":{"h":3.0,"on_route":false},"geometry":{"type":"Polygon","coordinates":[[[7.033504,4.8266],[7.033503,4.826758],[7.033348,4.826758],[7.033348,4.8266],[7.033504,4.8266]]]}},{"type":"Feature","properties":{"h":3.0,"on_route":false},"geometry":{"type":"Polygon","coordinates":[[[7.027535,4.82334],[7.027529,4.823444],[7.027471,4.823441],[7.027477,4.823337],[7.027535,4.82334]]]}},{"type":"Feature","properties":{"h":3.0,"on_route":false},"geometry":{"type":"Polygon","coordinates":[[[7.030493,4.82605],[7.030492,4.826151],[7.030431,4.82615],[7.030432,4.826049],[7.030493,4.82605]]]}},{"type":"Feature","properties":{"h":3.0,"on_route":false},"geometry":{"type":"Polygon","coordinates":[[[7.028709,4.823238],[7.028708,4.823265],[7.028623,4.823262],[7.028624,4.823235],[7.028709,4.823238]]]}},{"type":"Feature","properties":{"h":3.0,"on_route":false},"geometry":{"type":"Polygon","coordinates":[[[7.029674,4.820536],[7.029656,4.820564],[7.029634,4.82055],[7.029568,4.820653],[7.02943,4.820565],[7.029514,4.820433],[7.029674,4.820536]]]}},{"type":"Feature","properties":{"h":3.0,"on_route":false},"geometry":{"type":"Polygon","coordinates":[[[7.030897,4.827329],[7.030897,4.827373],[7.030798,4.827373],[7.030798,4.827329],[7.030897,4.827329]]]}},{"type":"Feature","properties":{"h":3.0,"on_route":false},"geometry":{"type":"Polygon","coordinates":[[[7.02772,4.824638],[7.027636,4.824893],[7.027542,4.824861],[7.027627,4.824608],[7.02772,4.824638]]]}},{"type":"Feature","properties":{"h":3.0,"on_route":false},"geometry":{"type":"Polygon","coordinates":[[[7.029274,4.821307],[7.029225,4.821393],[7.029136,4.821342],[7.029185,4.821256],[7.029274,4.821307]]]}},{"type":"Feature","properties":{"h":3.0,"on_route":false},"geometry":{"type":"Polygon","coordinates":[[[7.028162,4.827227],[7.028161,4.82734],[7.028134,4.827339],[7.028135,4.827226],[7.028162,4.827227]]]}},{"type":"Feature","properties":{"h":3.0,"on_route":false},"geometry":{"type":"Polygon","coordinates":[[[7.027796,4.824968],[7.027804,4.824937],[7.02794,4.824974],[7.027926,4.825022],[7.02796,4.825032],[7.027949,4.825074],[7.027756,4.825022],[7.027772,4.824961],[7.027796,4.824968]]]}},{"type":"Feature","properties":{"h":3.0,"on_route":false},"geometry":{"type":"Polygon","coordinates":[[[7.030596,4.825942],[7.030594,4.82605],[7.030553,4.826049],[7.030555,4.825942],[7.030596,4.825942]]]}},{"type":"Feature","properties":{"h":3.0,"on_route":false},"geometry":{"type":"Polygon","coordinates":[[[7.032265,4.821305],[7.032229,4.821322],[7.03221,4.82128],[7.032246,4.821263],[7.032265,4.821305]]]}},{"type":"Feature","properties":{"h":3.0,"on_route":false},"geometry":{"type":"Polygon","coordinates":[[[7.02738,4.82344],[7.027377,4.823503],[7.027293,4.823498],[7.027295,4.823464],[7.027289,4.823464],[7.02729,4.823435],[7.02738,4.82344]]]}},{"type":"Feature","properties":{"h":3.0,"on_route":false},"geometry":{"type":"Polygon","coordinates":[[[7.029513,4.827853],[7.029513,4.8279],[7.0294,4.827899],[7.029401,4.827852],[7.029513,4.827853]]]}},{"type":"Feature","properties":{"h":3.0,"on_route":false},"geometry":{"type":"Polygon","coordinates":[[[7.0283,4.823144],[7.02828,4.823242],[7.027989,4.823182],[7.028009,4.823084],[7.0283,4.823144]]]}},{"type":"Feature","properties":{"h":3.0,"on_route":false},"geometry":{"type":"Polygon","coordinates":[[[7.032286,4.828491],[7.032286,4.828572],[7.032043,4.82857],[7.032044,4.828489],[7.032286,4.828491]]]}},{"type":"Feature","properties":{"h":3.0,"on_route":false},"geometry":{"type":"Polygon","coordinates":[[[7.02791,4.827448],[7.027907,4.827492],[7.027872,4.82749],[7.027875,4.827446],[7.02791,4.827448]]]}},{"type":"Feature","properties":{"h":3.0,"on_route":false},"geometry":{"type":"Polygon","coordinates":[[[7.027447,4.823863],[7.027445,4.823928],[7.027393,4.823927],[7.027395,4.823861],[7.027447,4.823863]]]}},{"type":"Feature","properties":{"h":3.0,"on_route":false},"geometry":{"type":"Polygon","coordinates":[[[7.026846,4.824722],[7.026847,4.824751],[7.026901,4.824749],[7.026903,4.824828],[7.026798,4.82483],[7.026797,4.824812],[7.02673,4.824813],[7.026727,4.824725],[7.026846,4.824722]]]}},{"type":"Feature","properties":{"h":3.0,"on_route":false},"geometry":{"type":"Polygon","coordinates":[[[7.033765,4.821916],[7.03372,4.822085],[7.033456,4.822014],[7.033468,4.821967],[7.033396,4.821948],[7.033429,4.821826],[7.033765,4.821916]]]}},{"type":"Feature","properties":{"h":3.0,"on_route":false},"geometry":{"type":"Polygon","coordinates":[[[7.030061,4.826508],[7.03006,4.826571],[7.029902,4.82657],[7.029902,4.826506],[7.030061,4.826508]]]}},{"type":"Feature","properties":{"h":3.0,"on_route":false},"geometry":{"type":"Polygon","coordinates":[[[7.02891,4.826907],[7.028911,4.826984],[7.028817,4.826986],[7.028815,4.826909],[7.02891,4.826907]]]}},{"type":"Feature","properties":{"h":3.0,"on_route":false},"geometry":{"type":"Polygon","coordinates":[[[7.03024,4.828186],[7.030238,4.828231],[7.030132,4.828228],[7.030133,4.828184],[7.03024,4.828186]]]}},{"type":"Feature","properties":{"h":3.0,"on_route":false},"geometry":{"type":"Polygon","coordinates":[[[7.029202,4.821226],[7.029146,4.821325],[7.029031,4.82126],[7.029087,4.821161],[7.029202,4.821226]]]}},{"type":"Feature","properties":{"h":3.0,"on_route":false},"geometry":{"type":"Polygon","coordinates":[[[7.026851,4.825002],[7.026762,4.825],[7.026763,4.82492],[7.026852,4.824921],[7.026851,4.825002]]]}},{"type":"Feature","properties":{"h":3.0,"on_route":false},"geometry":{"type":"Polygon","coordinates":[[[7.027771,4.823107],[7.02768,4.823054],[7.027905,4.822662],[7.027996,4.822714],[7.027771,4.823107]]]}},{"type":"Feature","properties":{"h":3.0,"on_route":false},"geometry":{"type":"Polygon","coordinates":[[[7.033597,4.82275],[7.033572,4.822849],[7.033409,4.822808],[7.033397,4.822857],[7.033338,4.822843],[7.033375,4.822695],[7.033597,4.82275]]]}},{"type":"Feature","properties":{"h":3.0,"on_route":false},"geometry":{"type":"Polygon","coordinates":[[[7.030235,4.826998],[7.029896,4.826996],[7.029896,4.826902],[7.029688,4.826901],[7.029689,4.826747],[7.029897,4.826748],[7.029897,4.826684],[7.030236,4.826686],[7.030235,4.826998]]]}},{"type":"Feature","properties":{"h":3.0,"on_route":false},"geometry":{"type":"Polygon","coordinates":[[[7.027286,4.824132],[7.027286,4.824245],[7.027166,4.824245],[7.027166,4.824132],[7.027286,4.824132]]]}},{"type":"Feature","properties":{"h":3.0,"on_route":false},"geometry":{"type":"Polygon","coordinates":[[[7.029327,4.823765],[7.029282,4.82382],[7.029228,4.823776],[7.029272,4.823721],[7.029327,4.823765]]]}},{"type":"Feature","properties":{"h":3.0,"on_route":false},"geometry":{"type":"Polygon","coordinates":[[[7.027959,4.825147],[7.027931,4.82514],[7.027949,4.825074],[7.027976,4.825082],[7.027959,4.825147]]]}},{"type":"Feature","properties":{"h":3.0,"on_route":false},"geometry":{"type":"Polygon","coordinates":[[[7.031742,4.826532],[7.031741,4.826699],[7.031647,4.826699],[7.031647,4.826532],[7.031742,4.826532]]]}},{"type":"Feature","properties":{"h":3.0,"on_route":false},"geometry":{"type":"Polygon","coordinates":[[[7.033463,4.821432],[7.033453,4.821473],[7.033415,4.821463],[7.033425,4.821422],[7.033463,4.821432]]]}},{"type":"Feature","properties":{"h":3.0,"on_route":false},"geometry":{"type":"Polygon","coordinates":[[[7.030881,4.827599],[7.030879,4.827749],[7.030724,4.827747],[7.030725,4.827597],[7.030881,4.827599]]]}},{"type":"Feature","properties":{"h":3.0,"on_route":false},"geometry":{"type":"Polygon","coordinates":[[[7.028508,4.827512],[7.028502,4.827584],[7.028385,4.827574],[7.028392,4.827501],[7.028508,4.827512]]]}},{"type":"Feature","properties":{"h":3.0,"on_route":false},"geometry":{"type":"Polygon","coordinates":[[[7.027436,4.825086],[7.027415,4.825178],[7.027359,4.825164],[7.02738,4.825072],[7.027436,4.825086]]]}},{"type":"Feature","properties":{"h":3.0,"on_route":false},"geometry":{"type":"Polygon","coordinates":[[[7.028009,4.823528],[7.028003,4.823628],[7.02805,4.823631],[7.028045,4.823716],[7.02794,4.82371],[7.027951,4.823524],[7.028009,4.823528]]]}},{"type":"Feature","properties":{"h":3.0,"on_route":false},"geometry":{"type":"Polygon","coordinates":[[[7.029026,4.820517],[7.029016,4.820617],[7.028885,4.820603],[7.028895,4.820503],[7.029026,4.820517]]]}},{"type":"Feature","properties":{"h":3.0,"on_route":false},"geometry":{"type":"Polygon","coordinates":[[[7.028164,4.826681],[7.028162,4.826738],[7.028135,4.826737],[7.028136,4.82668],[7.028164,4.826681]]]}},{"type":"Feature","properties":{"h":3.0,"on_route":false},"geometry":{"type":"Polygon","coordinates":[[[7.026678,4.826391],[7.026633,4.82632],[7.026861,4.826175],[7.026906,4.826247],[7.026678,4.826391]]]}},{"type":"Feature","properties":{"h":3.0,"on_route":false},"geometry":{"type":"Polygon","coordinates":[[[7.031522,4.826446],[7.031517,4.826717],[7.031409,4.826716],[7.031413,4.826444],[7.031522,4.826446]]]}},{"type":"Feature","properties":{"h":3.0,"on_route":false},"geometry":{"type":"Polygon","coordinates":[[[7.027476,4.823691],[7.027473,4.82375],[7.027385,4.823746],[7.027388,4.823687],[7.027476,4.823691]]]}},{"type":"Feature","properties":{"h":3.0,"on_route":false},"geometry":{"type":"Polygon","coordinates":[[[7.026839,4.823747],[7.026837,4.823827],[7.026751,4.823826],[7.026753,4.823745],[7.026839,4.823747]]]}},{"type":"Feature","properties":{"h":3.0,"on_route":false},"geometry":{"type":"Polygon","coordinates":[[[7.027553,4.823479],[7.027554,4.823449],[7.027602,4.823452],[7.0276,4.823481],[7.027663,4.823484],[7.027664,4.823455],[7.02769,4.823456],[7.027688,4.823485],[7.027749,4.823488],[7.027744,4.8236],[7.027504,4.823589],[7.02751,4.823477],[7.027553,4.823479]]]}},{"type":"Feature","properties":{"h":3.0,"on_route":false},"geometry":{"type":"Polygon","coordinates":[[[7.033778,4.821754],[7.033772,4.821776],[7.03369,4.821752],[7.033696,4.821731],[7.033778,4.821754]]]}},{"type":"Feature","properties":{"h":3.0,"on_route":false},"geometry":{"type":"Polygon","coordinates":[[[7.027984,4.826287],[7.027983,4.826347],[7.027916,4.826346],[7.027917,4.826285],[7.027984,4.826287]]]}},{"type":"Feature","properties":{"h":3.0,"on_route":false},"geometry":{"type":"Polygon","coordinates":[[[7.03115,4.826106],[7.031147,4.8262],[7.031083,4.826198],[7.031085,4.826104],[7.03115,4.826106]]]}},{"type":"Feature","properties":{"h":3.0,"on_route":false},"geometry":{"type":"Polygon","coordinates":[[[7.027026,4.825847],[7.027024,4.825901],[7.026883,4.825895],[7.026885,4.825841],[7.027026,4.825847]]]}},{"type":"Feature","properties":{"h":3.0,"on_route":false},"geometry":{"type":"Polygon","coordinates":[[[7.029088,4.82163],[7.029061,4.82168],[7.028969,4.82163],[7.028996,4.82158],[7.029088,4.82163]]]}},{"type":"Feature","properties":{"h":3.0,"on_route":false},"geometry":{"type":"Polygon","coordinates":[[[7.029857,4.828133],[7.029854,4.828227],[7.029771,4.828225],[7.029774,4.828131],[7.029857,4.828133]]]}},{"type":"Feature","properties":{"h":3.0,"on_route":false},"geometry":{"type":"Polygon","coordinates":[[[7.029568,4.82717],[7.029527,4.827198],[7.02947,4.827112],[7.029511,4.827085],[7.029568,4.82717]]]}},{"type":"Feature","properties":{"h":3.0,"on_route":false},"geometry":{"type":"Polygon","coordinates":[[[7.031885,4.828048],[7.031884,4.828137],[7.031793,4.828136],[7.031794,4.828047],[7.031885,4.828048]]]}},{"type":"Feature","properties":{"h":3.0,"on_route":false},"geometry":{"type":"Polygon","coordinates":[[[7.027799,4.825281],[7.027773,4.825363],[7.02768,4.825333],[7.027706,4.825252],[7.027799,4.825281]]]}},{"type":"Feature","properties":{"h":3.0,"on_route":false},"geometry":{"type":"Polygon","coordinates":[[[7.033449,4.827042],[7.033447,4.827202],[7.033294,4.8272],[7.033296,4.82704],[7.033449,4.827042]]]}},{"type":"Feature","properties":{"h":3.0,"on_route":false},"geometry":{"type":"Polygon","coordinates":[[[7.032506,4.827841],[7.032503,4.828297],[7.032218,4.828296],[7.03222,4.82784],[7.032506,4.827841]]]}},{"type":"Feature","properties":{"h":3.0,"on_route":false},"geometry":{"type":"Polygon","coordinates":[[[7.027858,4.82642],[7.028185,4.826423],[7.028185,4.826463],[7.028145,4.826463],[7.028144,4.826512],[7.028127,4.826511],[7.028127,4.82655],[7.027857,4.826547],[7.027858,4.82642]]]}},{"type":"Feature","properties":{"h":3.0,"on_route":false},"geometry":{"type":"Polygon","coordinates":[[[7.027523,4.82489],[7.027506,4.824961],[7.027414,4.824938],[7.027431,4.824867],[7.027523,4.82489]]]}},{"type":"Feature","properties":{"h":3.0,"on_route":false},"geometry":{"type":"Polygon","coordinates":[[[7.029187,4.821371],[7.029133,4.821468],[7.02904,4.821415],[7.029094,4.821318],[7.029187,4.821371]]]}},{"type":"Feature","properties":{"h":3.0,"on_route":false},"geometry":{"type":"Polygon","coordinates":[[[7.034483,4.82462],[7.034481,4.82465],[7.034443,4.824647],[7.034445,4.824617],[7.034483,4.82462]]]}},{"type":"Feature","properties":{"h":3.0,"on_route":false},"geometry":{"type":"Polygon","coordinates":[[[7.026892,4.823235],[7.026885,4.823333],[7.026803,4.823326],[7.026804,4.823306],[7.026718,4.823299],[7.026723,4.823223],[7.026892,4.823235]]]}},{"type":"Feature","properties":{"h":3.0,"on_route":false},"geometry":{"type":"Polygon","coordinates":[[[7.028322,4.82673],[7.02832,4.826776],[7.02829,4.826774],[7.028292,4.826729],[7.028322,4.82673]]]}},{"type":"Feature","properties":{"h":3.0,"on_route":false},"geometry":{"type":"Polygon","coordinates":[[[7.029442,4.820954],[7.029423,4.821004],[7.029366,4.820981],[7.029385,4.820932],[7.029442,4.820954]]]}},{"type":"Feature","properties":{"h":3.0,"on_route":false},"geometry":{"type":"Polygon","coordinates":[[[7.026838,4.824451],[7.026837,4.824471],[7.026897,4.824473],[7.026894,4.824548],[7.026735,4.824542],[7.026738,4.824447],[7.026838,4.824451]]]}},{"type":"Feature","properties":{"h":3.0,"on_route":false},"geometry":{"type":"Polygon","coordinates":[[[7.028397,4.826902],[7.028397,4.826983],[7.028302,4.826983],[7.028302,4.826902],[7.028397,4.826902]]]}},{"type":"Feature","properties":{"h":3.0,"on_route":false},"geometry":{"type":"Polygon","coordinates":[[[7.029287,4.827483],[7.029288,4.827537],[7.029231,4.827538],[7.02923,4.827484],[7.029287,4.827483]]]}},{"type":"Feature","properties":{"h":3.0,"on_route":false},"geometry":{"type":"Polygon","coordinates":[[[7.028655,4.823414],[7.028654,4.82353],[7.028585,4.82353],[7.028585,4.823414],[7.028655,4.823414]]]}},{"type":"Feature","properties":{"h":3.0,"on_route":false},"geometry":{"type":"Polygon","coordinates":[[[7.033475,4.822165],[7.033474,4.822198],[7.033426,4.822196],[7.033427,4.822163],[7.033475,4.822165]]]}},{"type":"Feature","properties":{"h":3.0,"on_route":false},"geometry":{"type":"Polygon","coordinates":[[[7.028466,4.822728],[7.028412,4.822826],[7.028315,4.822773],[7.028368,4.822675],[7.028466,4.822728]]]}},{"type":"Feature","properties":{"h":3.0,"on_route":false},"geometry":{"type":"Polygon","coordinates":[[[7.028096,4.824942],[7.027861,4.824878],[7.027877,4.824818],[7.028009,4.824854],[7.02802,4.824813],[7.028124,4.824841],[7.028096,4.824942]]]}},{"type":"Feature","properties":{"h":3.0,"on_route":false},"geometry":{"type":"Polygon","coordinates":[[[7.02875,4.827824],[7.028749,4.828268],[7.028636,4.828268],[7.028638,4.827824],[7.02875,4.827824]]]}},{"type":"Feature","properties":{"h":3.0,"on_route":false},"geometry":{"type":"Polygon","coordinates":[[[7.03329,4.822714],[7.033287,4.822812],[7.033252,4.82281],[7.033256,4.822713],[7.03329,4.822714]]]}},{"type":"Feature","properties":{"h":3.0,"on_route":false},"geometry":{"type":"Polygon","coordinates":[[[7.027737,4.825996],[7.027641,4.826059],[7.027607,4.826008],[7.027702,4.825944],[7.027737,4.825996]]]}},{"type":"Feature","properties":{"h":3.0,"on_route":false},"geometry":{"type":"Polygon","coordinates":[[[7.027736,4.823937],[7.027735,4.823959],[7.027757,4.823959],[7.027755,4.823998],[7.027734,4.823997],[7.027731,4.824078],[7.02768,4.824076],[7.027681,4.824036],[7.027654,4.824035],[7.027658,4.823934],[7.027736,4.823937]]]}},{"type":"Feature","properties":{"h":3.0,"on_route":false},"geometry":{"type":"Polygon","coordinates":[[[7.03368,4.821788],[7.033654,4.821864],[7.033531,4.821822],[7.033557,4.821745],[7.03368,4.821788]]]}},{"type":"Feature","properties":{"h":3.0,"on_route":false},"geometry":{"type":"Polygon","coordinates":[[[7.027149,4.826431],[7.026954,4.826569],[7.026881,4.826465],[7.027076,4.826327],[7.027149,4.826431]]]}},{"type":"Feature","properties":{"h":3.0,"on_route":false},"geometry":{"type":"Polygon","coordinates":[[[7.029261,4.827364],[7.02926,4.827434],[7.029134,4.827432],[7.029135,4.827362],[7.029261,4.827364]]]}},{"type":"Feature","properties":{"h":3.0,"on_route":false},"geometry":{"type":"Polygon","coordinates":[[[7.033359,4.822458],[7.033361,4.822523],[7.033262,4.822525],[7.03326,4.82246],[7.033359,4.822458]]]}},{"type":"Feature","properties":{"h":3.0,"on_route":false},"geometry":{"type":"Polygon","coordinates":[[[7.027309,4.825961],[7.027328,4.825958],[7.027315,4.825873],[7.027362,4.825866],[7.027368,4.825914],[7.027359,4.825915],[7.027371,4.825997],[7.027275,4.826011],[7.027249,4.825836],[7.027289,4.82583],[7.027309,4.825961]]]}},{"type":"Feature","properties":{"h":3.0,"on_route":false},"geometry":{"type":"Polygon","coordinates":[[[7.027362,4.82642],[7.02729,4.82648],[7.027211,4.826385],[7.027282,4.826325],[7.027362,4.82642]]]}},{"type":"Feature","properties":{"h":3.0,"on_route":false},"geometry":{"type":"Polygon","coordinates":[[[7.028325,4.822753],[7.028315,4.822773],[7.02837,4.822804],[7.028316,4.822903],[7.028222,4.822851],[7.028287,4.822732],[7.028325,4.822753]]]}},{"type":"Feature","properties":{"h":3.0,"on_route":false},"geometry":{"type":"Polygon","coordinates":[[[7.027408,4.82496],[7.027395,4.825033],[7.027311,4.825018],[7.027325,4.824945],[7.027408,4.82496]]]}},{"type":"Feature","properties":{"h":3.0,"on_route":false},"geometry":{"type":"Polygon","coordinates":[[[7.028739,4.822256],[7.028693,4.82223],[7.02864,4.822326],[7.028546,4.822273],[7.028609,4.822161],[7.028652,4.822185],[7.02867,4.822154],[7.028766,4.822208],[7.028739,4.822256]]]}},{"type":"Feature","properties":{"h":3.0,"on_route":false},"geometry":{"type":"Polygon","coordinates":[[[7.029896,4.826902],[7.029896,4.826958],[7.029843,4.826957],[7.029844,4.826902],[7.029896,4.826902]]]}},{"type":"Feature","properties":{"h":3.0,"on_route":false},"geometry":{"type":"Polygon","coordinates":[[[7.027607,4.823806],[7.027608,4.823783],[7.027775,4.823789],[7.027772,4.823875],[7.027582,4.823868],[7.027584,4.823806],[7.027607,4.823806]]]}},{"type":"Feature","properties":{"h":3.0,"on_route":false},"geometry":{"type":"Polygon","coordinates":[[[7.027504,4.823589],[7.027501,4.823653],[7.027389,4.823648],[7.027392,4.823584],[7.027504,4.823589]]]}},{"type":"Feature","properties":{"h":3.0,"on_route":false},"geometry":{"type":"Polygon","coordinates":[[[7.029877,4.824122],[7.029874,4.824243],[7.029836,4.824242],[7.02984,4.824121],[7.029877,4.824122]]]}},{"type":"Feature","properties":{"h":3.0,"on_route":false},"geometry":{"type":"Polygon","coordinates":[[[7.034456,4.824618],[7.034423,4.824614],[7.034438,4.824508],[7.034471,4.824513],[7.034456,4.824618]]]}},{"type":"Feature","properties":{"h":3.0,"on_route":false},"geometry":{"type":"Polygon","coordinates":[[[7.028036,4.825098],[7.028009,4.825198],[7.027949,4.825181],[7.027976,4.825082],[7.028036,4.825098]]]}},{"type":"Feature","properties":{"h":3.0,"on_route":false},"geometry":{"type":"Polygon","coordinates":[[[7.028155,4.823839],[7.028153,4.823875],[7.028118,4.823873],[7.02812,4.823837],[7.028155,4.823839]]]}},{"type":"Feature","properties":{"h":3.0,"on_route":false},"geometry":{"type":"Polygon","coordinates":[[[7.027773,4.825363],[7.027743,4.825457],[7.02765,4.825428],[7.02768,4.825333],[7.027773,4.825363]]]}},{"type":"Feature","properties":{"h":3.0,"on_route":false},"geometry":{"type":"Polygon","coordinates":[[[7.027395,4.82466],[7.027389,4.824755],[7.027199,4.824745],[7.027204,4.82465],[7.027395,4.82466]]]}},{"type":"Feature","properties":{"h":3.0,"on_route":false},"geometry":{"type":"Polygon","coordinates":[[[7.02787,4.826906],[7.027869,4.827026],[7.027842,4.827026],[7.027843,4.826905],[7.02787,4.826906]]]}},{"type":"Feature","properties":{"h":3.0,"on_route":false},"geometry":{"type":"Polygon","coordinates":[[[7.029259,4.828758],[7.029258,4.828839],[7.02916,4.828838],[7.029161,4.828757],[7.029259,4.828758]]]}},{"type":"Feature","properties":{"h":3.0,"on_route":false},"geometry":{"type":"Polygon","coordinates":[[[7.02945,4.828367],[7.029444,4.828526],[7.029323,4.828521],[7.029329,4.828363],[7.02945,4.828367]]]}},{"type":"Feature","properties":{"h":3.0,"on_route":false},"geometry":{"type":"Polygon","coordinates":[[[7.027441,4.823122],[7.027434,4.823202],[7.027291,4.823189],[7.027299,4.823109],[7.027441,4.823122]]]}},{"type":"Feature","properties":{"h":3.0,"on_route":false},"geometry":{"type":"Polygon","coordinates":[[[7.028561,4.822551],[7.028522,4.822528],[7.028467,4.822624],[7.028379,4.822573],[7.028441,4.822466],[7.028477,4.822487],[7.028525,4.822402],[7.028616,4.822454],[7.028561,4.822551]]]}},{"type":"Feature","properties":{"h":3.0,"on_route":false},"geometry":{"type":"Polygon","coordinates":[[[7.030392,4.829085],[7.030392,4.829163],[7.030171,4.829163],[7.030171,4.829085],[7.030392,4.829085]]]}},{"type":"Feature","properties":{"h":3.0,"on_route":false},"geometry":{"type":"Polygon","coordinates":[[[7.029497,4.82081],[7.029432,4.820935],[7.029374,4.820905],[7.029382,4.82089],[7.029355,4.820876],[7.029413,4.820766],[7.029497,4.82081]]]}}]}