{"type":"FeatureCollection","features":[{"type":"Feature","properties":{"h":3.0,"on_route":false},"geometry":{"type":"Polygon","coordinates":[[[7.0532,4.86136],[7.053195,4.86159],[7.053048,4.861587],[7.053049,4.861544],[7.053068,4.861545],[7.05307,4.861481],[7.052954,4.861479],[7.052957,4.861354],[7.0532,4.86136]]]}},{"type":"Feature","properties":{"h":3.0,"on_route":false},"geometry":{"type":"Polygon","coordinates":[[[7.053653,4.860574],[7.053644,4.860763],[7.053566,4.860759],[7.053575,4.86057],[7.053653,4.860574]]]}},{"type":"Feature","properties":{"h":3.0,"on_route":false},"geometry":{"type":"Polygon","coordinates":[[[7.057238,4.861031],[7.057234,4.861065],[7.057199,4.861061],[7.057203,4.861027],[7.057238,4.861031]]]}},{"type":"Feature","properties":{"h":3.0,"on_route":false},"geometry":{"type":"Polygon","coordinates":[[[7.054643,4.861078],[7.054643,4.86115],[7.054597,4.86115],[7.054597,4.861077],[7.054643,4.861078]]]}},{"type":"Feature","properties":{"h":3.0,"on_route":false},"geometry":{"type":"Polygon","coordinates":[[[7.053792,4.859705],[7.053897,4.859724],[7.053885,4.859792],[7.05378,4.859772],[7.053792,4.859705]]]}},{"type":"Feature","properties":{"h":3.0,"on_route":false},"geometry":{"type":"Polygon","coordinates":[[[7.057811,4.86034],[7.057771,4.860294],[7.057841,4.860232],[7.057881,4.860279],[7.057811,4.86034]]]}},{"type":"Feature","properties":{"h":3.0,"on_route":false},"geometry":{"type":"Polygon","coordinates":[[[7.05794,4.859896],[7.057832,4.859902],[7.057829,4.859851],[7.057937,4.859844],[7.05794,4.859896]]]}},{"type":"Feature","properties":{"h":3.0,"on_route":false},"geometry":{"type":"Polygon","coordinates":[[[7.055309,4.857967],[7.055302,4.858118],[7.055221,4.858114],[7.055222,4.858082],[7.055201,4.858081],[7.055206,4.857962],[7.055309,4.857967]]]}},{"type":"Feature","properties":{"h":3.0,"on_route":false},"geometry":{"type":"Polygon","coordinates":[[[7.058547,4.857702],[7.058466,4.857882],[7.05837,4.857839],[7.058451,4.857659],[7.058547,4.857702]]]}},{"type":"Feature","properties":{"h":3.0,"on_route":false},"geometry":{"type":"Polygon","coordinates":[[[7.054893,4.859013],[7.054887,4.85906],[7.054817,4.859052],[7.054823,4.859005],[7.054893,4.859013]]]}},{"type":"Feature","properties":{"h":3.0,"on_route":false},"geometry":{"type":"Polygon","coordinates":[[[7.057896,4.858128],[7.057883,4.858195],[7.057819,4.858184],[7.057832,4.858116],[7.057896,4.858128]]]}},{"type":"Feature","properties":{"h":3.0,"on_route":false},"geometry":{"type":"Polygon","coordinates":[[[7.057386,4.85863],[7.057258,4.858639],[7.057254,4.858578],[7.057382,4.85857],[7.057386,4.85863]]]}},{"type":"Feature","properties":{"h":3.0,"on_route":false},"geometry":{"type":"Polygon","coordinates":[[[7.057642,4.862556],[7.05763,4.862693],[7.057532,4.862684],[7.057534,4.862653],[7.057489,4.862649],[7.057498,4.862543],[7.057642,4.862556]]]}},{"type":"Feature","properties":{"h":3.0,"on_route":false},"geometry":{"type":"Polygon","coordinates":[[[7.059967,4.859738],[7.059944,4.859785],[7.059851,4.85974],[7.059874,4.859693],[7.059967,4.859738]]]}},{"type":"Feature","properties":{"h":3.0,"on_route":false},"geometry":{"type":"Polygon","coordinates":[[[7.05806,4.858373],[7.058066,4.858419],[7.057829,4.858449],[7.057823,4.858404],[7.05806,4.858373]]]}},{"type":"Feature","properties":{"h":3.0,"on_route":false},"geometry":{"type":"Polygon","coordinates":[[[7.058584,4.861315],[7.058533,4.861382],[7.058462,4.861327],[7.058514,4.86126],[7.058584,4.861315]]]}},{"type":"Feature","properties":{"h":3.0,"on_route":false},"geometry":{"type":"Polygon","coordinates":[[[7.056197,4.860132],[7.056189,4.860219],[7.056097,4.860211],[7.056105,4.860124],[7.056197,4.860132]]]}},{"type":"Feature","properties":{"h":3.0,"on_route":false},"geometry":{"type":"Polygon","coordinates":[[[7.055958,4.858689],[7.05585,4.858688],[7.05585,4.858618],[7.055958,4.858619],[7.055958,4.858689]]]}},{"type":"Feature","properties":{"h":3.0,"on_route":false},"geometry":{"type":"Polygon","coordinates":[[[7.060302,4.862133],[7.060248,4.862159],[7.060232,4.862126],[7.060286,4.8621],[7.060302,4.862133]]]}},{"type":"Feature","properties":{"h":3.0,"on_route":false},"geometry":{"type":"Polygon","coordinates":[[[7.056292,4.860405],[7.05629,4.860437],[7.056238,4.860433],[7.05624,4.860401],[7.056292,4.860405]]]}},{"type":"Feature","properties":{"h":3.0,"on_route":false},"geometry":{"type":"Polygon","coordinates":[[[7.057886,4.858706],[7.057763,4.858722],[7.05776,4.858702],[7.057688,4.858712],[7.057681,4.858661],[7.057877,4.858636],[7.057886,4.858706]]]}},{"type":"Feature","properties":{"h":3.0,"on_route":true},"geometry":{"type":"Polygon","coordinates":[[[7.057262,4.862689],[7.057257,4.862739],[7.057292,4.862743],[7.057297,4.862692],[7.057326,4.862695],[7.057315,4.862803],[7.057162,4.862788],[7.057173,4.86268],[7.057262,4.862689]]]}},{"type":"Feature","properties":{"h":3.0,"on_route":true},"geometry":{"type":"Polygon","coordinates":[[[7.056374,4.861557],[7.056361,4.861711],[7.056235,4.861701],[7.056248,4.861546],[7.056374,4.861557]]]}},{"type":"Feature","properties":{"h":3.0,"on_route":false},"geometry":{"type":"Polygon","coordinates":[[[7.058788,4.859608],[7.05877,4.859601],[7.058761,4.859624],[7.058779,4.859631],[7.058761,4.859678],[7.058655,4.859637],[7.058673,4.85959],[7.058717,4.859607],[7.058726,4.859584],[7.058682,4.859567],[7.058713,4.859484],[7.058758,4.859501],[7.058789,4.859418],[7.058851,4.859441],[7.058788,4.859608]]]}},{"type":"Feature","properties":{"h":3.0,"on_route":false},"geometry":{"type":"Polygon","coordinates":[[[7.05524,4.860728],[7.054995,4.860773],[7.054985,4.860716],[7.055133,4.860689],[7.055048,4.860223],[7.055144,4.860205],[7.05524,4.860728]]]}},{"type":"Feature","properties":{"h":3.0,"on_route":false},"geometry":{"type":"Polygon","coordinates":[[[7.055477,4.863276],[7.055345,4.863286],[7.055337,4.863179],[7.055469,4.863169],[7.055477,4.863276]]]}},{"type":"Feature","properties":{"h":3.0,"on_route":false},"geometry":{"type":"Polygon","coordinates":[[[7.056879,4.858126],[7.056782,4.858123],[7.056787,4.858002],[7.056883,4.858005],[7.056879,4.858126]]]}},{"type":"Feature","properties":{"h":3.0,"on_route":false},"geometry":{"type":"Polygon","coordinates":[[[7.060548,4.862408],[7.060341,4.862554],[7.060296,4.862492],[7.060444,4.862387],[7.060277,4.862149],[7.060336,4.862107],[7.060548,4.862408]]]}},{"type":"Feature","properties":{"h":3.0,"on_route":false},"geometry":{"type":"Polygon","coordinates":[[[7.057316,4.857284],[7.05721,4.857294],[7.057205,4.857236],[7.057273,4.857231],[7.057271,4.857208],[7.057309,4.857205],[7.057316,4.857284]]]}},{"type":"Feature","properties":{"h":3.0,"on_route":false},"geometry":{"type":"Polygon","coordinates":[[[7.058795,4.863381],[7.058745,4.863472],[7.058722,4.863459],[7.058705,4.863488],[7.058532,4.863392],[7.058598,4.863271],[7.058795,4.863381]]]}},{"type":"Feature","properties":{"h":3.0,"on_route":false},"geometry":{"type":"Polygon","coordinates":[[[7.057526,4.860716],[7.057518,4.860791],[7.057405,4.860778],[7.057413,4.860703],[7.057526,4.860716]]]}},{"type":"Feature","properties":{"h":3.0,"on_route":false},"geometry":{"type":"Polygon","coordinates":[[[7.057716,4.859137],[7.057718,4.859201],[7.057764,4.859199],[7.057766,4.859255],[7.057557,4.859262],[7.057554,4.859141],[7.057716,4.859137]]]}},{"type":"Feature","properties":{"h":3.0,"on_route":false},"geometry":{"type":"Polygon","coordinates":[[[7.054313,4.85955],[7.054284,4.859733],[7.054175,4.859716],[7.054204,4.859533],[7.054313,4.85955]]]}},{"type":"Feature","properties":{"h":3.0,"on_route":false},"geometry":{"type":"Polygon","coordinates":[[[7.053614,4.859784],[7.053644,4.859784],[7.053643,4.859868],[7.053511,4.859867],[7.053512,4.859735],[7.053615,4.859736],[7.053614,4.859784]]]}},{"type":"Feature","properties":{"h":3.0,"on_route":true},"geometry":{"type":"Polygon","coordinates":[[[7.057291,4.862486],[7.057207,4.862495],[7.057197,4.862414],[7.05728,4.862403],[7.057291,4.862486]]]}},{"type":"Feature","properties":{"h":3.0,"on_route":false},"geometry":{"type":"Polygon","coordinates":[[[7.057888,4.861159],[7.057872,4.861229],[7.057759,4.861202],[7.057775,4.861133],[7.057888,4.861159]]]}},{"type":"Feature","properties":{"h":3.0,"on_route":false},"geometry":{"type":"Polygon","coordinates":[[[7.054531,4.861934],[7.054377,4.861946],[7.054368,4.861826],[7.05442,4.861822],[7.054419,4.861801],[7.054484,4.861796],[7.054485,4.861817],[7.054522,4.861814],[7.054531,4.861934]]]}},{"type":"Feature","properties":{"h":3.0,"on_route":false},"geometry":{"type":"Polygon","coordinates":[[[7.056353,4.857207],[7.056347,4.857292],[7.056367,4.857294],[7.056361,4.857377],[7.056341,4.857376],[7.056339,4.857413],[7.05626,4.857407],[7.056275,4.857201],[7.056353,4.857207]]]}},{"type":"Feature","properties":{"h":3.0,"on_route":false},"geometry":{"type":"Polygon","coordinates":[[[7.056508,4.862443],[7.056496,4.862499],[7.056331,4.862463],[7.056343,4.862407],[7.056508,4.862443]]]}},{"type":"Feature","properties":{"h":3.0,"on_route":false},"geometry":{"type":"Polygon","coordinates":[[[7.057489,4.862649],[7.05748,4.862754],[7.057413,4.862748],[7.057422,4.862643],[7.057489,4.862649]]]}},{"type":"Feature","properties":{"h":3.0,"on_route":false},"geometry":{"type":"Polygon","coordinates":[[[7.054358,4.861011],[7.054355,4.861081],[7.054323,4.86108],[7.054325,4.86101],[7.054358,4.861011]]]}},{"type":"Feature","properties":{"h":3.0,"on_route":false},"geometry":{"type":"Polygon","coordinates":[[[7.057887,4.861272],[7.057863,4.861364],[7.057813,4.861351],[7.057837,4.861259],[7.057887,4.861272]]]}},{"type":"Feature","properties":{"h":3.0,"on_route":false},"geometry":{"type":"Polygon","coordinates":[[[7.05554,4.861723],[7.055538,4.861781],[7.055603,4.861783],[7.055599,4.861896],[7.055534,4.861893],[7.055536,4.861822],[7.055459,4.861819],[7.055463,4.86172],[7.05554,4.861723]]]}},{"type":"Feature","properties":{"h":3.0,"on_route":false},"geometry":{"type":"Polygon","coordinates":[[[7.053944,4.859125],[7.053926,4.859204],[7.053814,4.859179],[7.053833,4.8591],[7.053944,4.859125]]]}},{"type":"Feature","properties":{"h":3.0,"on_route":false},"geometry":{"type":"Polygon","coordinates":[[[7.055743,4.864693],[7.055698,4.864715],[7.055686,4.86469],[7.055731,4.864668],[7.055743,4.864693]]]}},{"type":"Feature","properties":{"h":3.0,"on_route":false},"geometry":{"type":"Polygon","coordinates":[[[7.055957,4.864535],[7.05595,4.864617],[7.055856,4.864609],[7.055863,4.864527],[7.055957,4.864535]]]}},{"type":"Feature","properties":{"h":3.0,"on_route":false},"geometry":{"type":"Polygon","coordinates":[[[7.054953,4.861977],[7.054819,4.861988],[7.054812,4.861901],[7.054946,4.861891],[7.054953,4.861977]]]}},{"type":"Feature","properties":{"h":3.0,"on_route":false},"geometry":{"type":"Polygon","coordinates":[[[7.055919,4.86347],[7.055886,4.863571],[7.055787,4.863538],[7.05582,4.863437],[7.055919,4.86347]]]}},{"type":"Feature","properties":{"h":3.0,"on_route":false},"geometry":{"type":"Polygon","coordinates":[[[7.056925,4.86491],[7.056914,4.864953],[7.056848,4.864936],[7.056859,4.864893],[7.056925,4.86491]]]}},{"type":"Feature","properties":{"h":3.0,"on_route":false},"geometry":{"type":"Polygon","coordinates":[[[7.057689,4.858968],[7.057698,4.85906],[7.057627,4.859067],[7.057618,4.858974],[7.057689,4.858968]]]}},{"type":"Feature","properties":{"h":3.0,"on_route":false},"geometry":{"type":"Polygon","coordinates":[[[7.056801,4.860831],[7.056789,4.860972],[7.056682,4.860963],[7.056694,4.860821],[7.056801,4.860831]]]}},{"type":"Feature","properties":{"h":3.0,"on_route":false},"geometry":{"type":"Polygon","coordinates":[[[7.058427,4.857641],[7.058388,4.857712],[7.058303,4.857666],[7.058342,4.857595],[7.058427,4.857641]]]}},{"type":"Feature","properties":{"h":3.0,"on_route":false},"geometry":{"type":"Polygon","coordinates":[[[7.057963,4.858141],[7.057942,4.858214],[7.057886,4.858198],[7.057907,4.858125],[7.057963,4.858141]]]}},{"type":"Feature","properties":{"h":3.0,"on_route":false},"geometry":{"type":"Polygon","coordinates":[[[7.05468,4.861757],[7.054423,4.861777],[7.054419,4.861727],[7.054676,4.861706],[7.05468,4.861757]]]}},{"type":"Feature","properties":{"h":3.0,"on_route":false},"geometry":{"type":"Polygon","coordinates":[[[7.0581,4.858503],[7.058203,4.858509],[7.0582,4.858559],[7.058148,4.858555],[7.058145,4.858596],[7.058008,4.858587],[7.058014,4.858498],[7.0581,4.858503]]]}},{"type":"Feature","properties":{"h":3.0,"on_route":false},"geometry":{"type":"Polygon","coordinates":[[[7.06011,4.862289],[7.060261,4.862476],[7.06022,4.86251],[7.060069,4.862323],[7.06011,4.862289]]]}},{"type":"Feature","properties":{"h":3.0,"on_route":false},"geometry":{"type":"Polygon","coordinates":[[[7.060732,4.860742],[7.060731,4.860821],[7.060686,4.860821],[7.060686,4.860742],[7.060732,4.860742]]]}},{"type":"Feature","properties":{"h":3.0,"on_route":false},"geometry":{"type":"Polygon","coordinates":[[[7.056002,4.863664],[7.055973,4.863753],[7.055775,4.863689],[7.055804,4.8636],[7.056002,4.863664]]]}},{"type":"Feature","properties":{"h":3.0,"on_route":false},"geometry":{"type":"Polygon","coordinates":[[[7.053059,4.860932],[7.05307,4.861117],[7.053011,4.861121],[7.053001,4.860935],[7.053059,4.860932]]]}},{"type":"Feature","properties":{"h":3.0,"on_route":false},"geometry":{"type":"Polygon","coordinates":[[[7.059431,4.859281],[7.059392,4.85937],[7.059257,4.85931],[7.059297,4.859221],[7.059431,4.859281]]]}},{"type":"Feature","properties":{"h":3.0,"on_route":false},"geometry":{"type":"Polygon","coordinates":[[[7.05784,4.85758],[7.057829,4.857636],[7.057721,4.857616],[7.057732,4.85756],[7.05784,4.85758]]]}},{"type":"Feature","properties":{"h":3.0,"on_route":false},"geometry":{"type":"Polygon","coordinates":[[[7.058211,4.857758],[7.058282,4.857795],[7.058257,4.857845],[7.058126,4.857778],[7.058277,4.857483],[7.058336,4.857514],[7.058211,4.857758]]]}},{"type":"Feature","properties":{"h":3.0,"on_route":false},"geometry":{"type":"Polygon","coordinates":[[[7.058105,4.859831],[7.058062,4.859939],[7.058001,4.859914],[7.058044,4.859806],[7.058105,4.859831]]]}},{"type":"Feature","properties":{"h":3.0,"on_route":false},"geometry":{"type":"Polygon","coordinates":[[[7.054188,4.859635],[7.054175,4.859716],[7.054035,4.859694],[7.054048,4.859613],[7.054188,4.859635]]]}},{"type":"Feature","properties":{"h":3.0,"on_route":false},"geometry":{"type":"Polygon","coordinates":[[[7.05572,4.86084],[7.055697,4.860979],[7.055603,4.860964],[7.055625,4.860825],[7.05572,4.86084]]]}},{"type":"Feature","properties":{"h":3.0,"on_route":false},"geometry":{"type":"Polygon","coordinates":[[[7.05744,4.861855],[7.057405,4.861931],[7.057319,4.861891],[7.057355,4.861815],[7.05744,4.861855]]]}},{"type":"Feature","properties":{"h":3.0,"on_route":false},"geometry":{"type":"Polygon","coordinates":[[[7.054704,4.861192],[7.054716,4.86131],[7.05455,4.861328],[7.054539,4.861218],[7.054538,4.86121],[7.054704,4.861192]]]}},{"type":"Feature","properties":{"h":3.0,"on_route":false},"geometry":{"type":"Polygon","coordinates":[[[7.056325,4.860838],[7.056317,4.860923],[7.056242,4.860916],[7.056249,4.860831],[7.056325,4.860838]]]}},{"type":"Feature","properties":{"h":3.0,"on_route":false},"geometry":{"type":"Polygon","coordinates":[[[7.058543,4.859822],[7.058504,4.85992],[7.058422,4.859886],[7.058462,4.859789],[7.058543,4.859822]]]}},{"type":"Feature","properties":{"h":3.0,"on_route":true},"geometry":{"type":"Polygon","coordinates":[[[7.057544,4.862874],[7.057511,4.862998],[7.057429,4.862977],[7.057453,4.862887],[7.057427,4.86288],[7.057436,4.862846],[7.057544,4.862874]]]}},{"type":"Feature","properties":{"h":3.0,"on_route":false},"geometry":{"type":"Polygon","coordinates":[[[7.053776,4.863413],[7.053749,4.863575],[7.053683,4.863564],[7.053696,4.863489],[7.053659,4.863483],[7.053674,4.863396],[7.053776,4.863413]]]}},{"type":"Feature","properties":{"h":3.0,"on_route":false},"geometry":{"type":"Polygon","coordinates":[[[7.056626,4.860516],[7.056618,4.860596],[7.056544,4.860588],[7.056551,4.860509],[7.056626,4.860516]]]}},{"type":"Feature","properties":{"h":3.0,"on_route":false},"geometry":{"type":"Polygon","coordinates":[[[7.056126,4.857042],[7.056036,4.857054],[7.056025,4.856972],[7.056115,4.856959],[7.056126,4.857042]]]}},{"type":"Feature","properties":{"h":3.0,"on_route":false},"geometry":{"type":"Polygon","coordinates":[[[7.05443,4.858638],[7.054422,4.858672],[7.054385,4.858664],[7.054392,4.85863],[7.05443,4.858638]]]}},{"type":"Feature","properties":{"h":3.0,"on_route":false},"geometry":{"type":"Polygon","coordinates":[[[7.057125,4.863373],[7.057103,4.863432],[7.057039,4.863409],[7.05706,4.86335],[7.057125,4.863373]]]}},{"type":"Feature","properties":{"h":3.0,"on_route":false},"geometry":{"type":"Polygon","coordinates":[[[7.054361,4.860621],[7.054304,4.860635],[7.054266,4.860477],[7.054322,4.860463],[7.054361,4.860621]]]}},{"type":"Feature","properties":{"h":3.0,"on_route":false},"geometry":{"type":"Polygon","coordinates":[[[7.055831,4.857484],[7.055707,4.857489],[7.0557,4.857305],[7.055824,4.857301],[7.055831,4.857484]]]}},{"type":"Feature","properties":{"h":3.0,"on_route":false},"geometry":{"type":"Polygon","coordinates":[[[7.054444,4.860816],[7.054358,4.860831],[7.054332,4.860685],[7.054371,4.860678],[7.054368,4.860658],[7.054414,4.86065],[7.054444,4.860816]]]}},{"type":"Feature","properties":{"h":3.0,"on_route":false},"geometry":{"type":"Polygon","coordinates":[[[7.053051,4.862395],[7.05292,4.862387],[7.052928,4.862243],[7.053059,4.862251],[7.053051,4.862395]]]}},{"type":"Feature","properties":{"h":3.0,"on_route":false},"geometry":{"type":"Polygon","coordinates":[[[7.05533,4.864337],[7.055308,4.86431],[7.055362,4.864264],[7.055385,4.864291],[7.05533,4.864337]]]}},{"type":"Feature","properties":{"h":3.0,"on_route":false},"geometry":{"type":"Polygon","coordinates":[[[7.053945,4.863597],[7.053926,4.863703],[7.053862,4.863691],[7.053881,4.863585],[7.053945,4.863597]]]}},{"type":"Feature","properties":{"h":3.0,"on_route":false},"geometry":{"type":"Polygon","coordinates":[[[7.054637,4.862083],[7.054598,4.862086],[7.054552,4.86209],[7.054547,4.862033],[7.054633,4.862026],[7.054637,4.862083]]]}},{"type":"Feature","properties":{"h":3.0,"on_route":false},"geometry":{"type":"Polygon","coordinates":[[[7.057752,4.860014],[7.05764,4.860033],[7.057635,4.859998],[7.057614,4.860002],[7.057604,4.85994],[7.057624,4.859936],[7.057618,4.859897],[7.057729,4.859878],[7.057752,4.860014]]]}},{"type":"Feature","properties":{"h":3.0,"on_route":false},"geometry":{"type":"Polygon","coordinates":[[[7.053592,4.861943],[7.05359,4.862016],[7.053538,4.862015],[7.053539,4.861942],[7.053592,4.861943]]]}},{"type":"Feature","properties":{"h":3.0,"on_route":false},"geometry":{"type":"Polygon","coordinates":[[[7.05807,4.858603],[7.058075,4.858644],[7.058003,4.858653],[7.057998,4.858612],[7.05807,4.858603]]]}},{"type":"Feature","properties":{"h":3.0,"on_route":false},"geometry":{"type":"Polygon","coordinates":[[[7.059042,4.857911],[7.059116,4.85794],[7.059043,4.858129],[7.05892,4.858081],[7.058947,4.858011],[7.058996,4.85803],[7.059042,4.857911]]]}},{"type":"Feature","properties":{"h":3.0,"on_route":false},"geometry":{"type":"Polygon","coordinates":[[[7.055453,4.861538],[7.055446,4.86159],[7.055378,4.861581],[7.055375,4.861603],[7.055286,4.861592],[7.055295,4.861519],[7.055453,4.861538]]]}},{"type":"Feature","properties":{"h":3.0,"on_route":false},"geometry":{"type":"Polygon","coordinates":[[[7.054586,4.863049],[7.054411,4.863039],[7.054417,4.862926],[7.054497,4.86293],[7.054498,4.862912],[7.054593,4.862917],[7.054586,4.863049]]]}},{"type":"Feature","properties":{"h":3.0,"on_route":false},"geometry":{"type":"Polygon","coordinates":[[[7.057911,4.862794],[7.057916,4.862854],[7.057869,4.862858],[7.057864,4.862798],[7.057911,4.862794]]]}},{"type":"Feature","properties":{"h":3.0,"on_route":false},"geometry":{"type":"Polygon","coordinates":[[[7.057578,4.85748],[7.057562,4.857629],[7.057482,4.85762],[7.057497,4.857471],[7.057578,4.85748]]]}},{"type":"Feature","properties":{"h":3.0,"on_route":false},"geometry":{"type":"Polygon","coordinates":[[[7.054354,4.85861],[7.05435,4.858652],[7.05429,4.858647],[7.054293,4.858605],[7.054354,4.85861]]]}},{"type":"Feature","properties":{"h":3.0,"on_route":false},"geometry":{"type":"Polygon","coordinates":[[[7.057713,4.860654],[7.057705,4.860715],[7.057578,4.860698],[7.057586,4.860638],[7.057713,4.860654]]]}},{"type":"Feature","properties":{"h":3.0,"on_route":false},"geometry":{"type":"Polygon","coordinates":[[[7.053667,4.86324],[7.05365,4.863317],[7.053392,4.863259],[7.053409,4.863182],[7.053667,4.86324]]]}},{"type":"Feature","properties":{"h":3.0,"on_route":false},"geometry":{"type":"Polygon","coordinates":[[[7.054377,4.8582],[7.054362,4.858306],[7.054162,4.858279],[7.054176,4.858173],[7.054377,4.8582]]]}},{"type":"Feature","properties":{"h":3.0,"on_route":false},"geometry":{"type":"Polygon","coordinates":[[[7.056493,4.862171],[7.056487,4.862228],[7.056416,4.86222],[7.056422,4.862163],[7.056493,4.862171]]]}},{"type":"Feature","properties":{"h":3.0,"on_route":false},"geometry":{"type":"Polygon","coordinates":[[[7.055792,4.863027],[7.05577,4.863117],[7.055629,4.863083],[7.055651,4.862993],[7.055792,4.863027]]]}},{"type":"Feature","properties":{"h":3.0,"on_route":false},"geometry":{"type":"Polygon","coordinates":[[[7.058146,4.857514],[7.058128,4.857571],[7.058191,4.85759],[7.058137,4.857766],[7.058074,4.857747],[7.058092,4.85769],[7.058071,4.857684],[7.058091,4.857619],[7.058068,4.857612],[7.058103,4.857501],[7.058146,4.857514]]]}},{"type":"Feature","properties":{"h":3.0,"on_route":false},"geometry":{"type":"Polygon","coordinates":[[[7.058637,4.858862],[7.05862,4.859005],[7.058485,4.858988],[7.058504,4.858845],[7.058637,4.858862]]]}},{"type":"Feature","properties":{"h":3.0,"on_route":false},"geometry":{"type":"Polygon","coordinates":[[[7.056343,4.858089],[7.05634,4.858151],[7.056304,4.858149],[7.056306,4.858088],[7.056343,4.858089]]]}},{"type":"Feature","properties":{"h":3.0,"on_route":false},"geometry":{"type":"Polygon","coordinates":[[[7.059159,4.858751],[7.059115,4.858859],[7.059016,4.858819],[7.059027,4.858792],[7.059005,4.858783],[7.059038,4.858702],[7.059159,4.858751]]]}},{"type":"Feature","properties":{"h":3.0,"on_route":false},"geometry":{"type":"Polygon","coordinates":[[[7.059965,4.858588],[7.059943,4.858636],[7.059899,4.858616],[7.059922,4.858568],[7.059965,4.858588]]]}},{"type":"Feature","properties":{"h":3.0,"on_route":false},"geometry":{"type":"Polygon","coordinates":[[[7.053899,4.863286],[7.053886,4.863334],[7.053958,4.863354],[7.053945,4.8634],[7.053751,4.863346],[7.053776,4.863252],[7.053899,4.863286]]]}},{"type":"Feature","properties":{"h":3.0,"on_route":false},"geometry":{"type":"Polygon","coordinates":[[[7.058871,4.8606],[7.058855,4.86065],[7.05869,4.860599],[7.05868,4.86063],[7.05859,4.860602],[7.058615,4.860521],[7.058871,4.8606]]]}},{"type":"Feature","properties":{"h":3.0,"on_route":false},"geometry":{"type":"Polygon","coordinates":[[[7.056759,4.859644],[7.056754,4.859695],[7.056725,4.859692],[7.05673,4.85964],[7.056759,4.859644]]]}},{"type":"Feature","properties":{"h":3.0,"on_route":false},"geometry":{"type":"Polygon","coordinates":[[[7.059283,4.864603],[7.059169,4.864761],[7.059104,4.864714],[7.059148,4.864653],[7.059131,4.86464],[7.059201,4.864543],[7.059283,4.864603]]]}},{"type":"Feature","properties":{"h":3.0,"on_route":false},"geometry":{"type":"Polygon","coordinates":[[[7.056361,4.861298],[7.056359,4.861315],[7.056291,4.861307],[7.056293,4.86129],[7.056361,4.861298]]]}},{"type":"Feature","properties":{"h":3.0,"on_route":false},"geometry":{"type":"Polygon","coordinates":[[[7.056855,4.856998],[7.056788,4.857006],[7.056782,4.856959],[7.056849,4.856951],[7.056855,4.856998]]]}},{"type":"Feature","properties":{"h":3.0,"on_route":false},"geometry":{"type":"Polygon","coordinates":[[[7.058393,4.85794],[7.058379,4.857997],[7.058494,4.858023],[7.058412,4.85837],[7.058351,4.858356],[7.058399,4.858154],[7.058345,4.858141],[7.058314,4.858273],[7.058255,4.858259],[7.058334,4.857926],[7.058393,4.85794]]]}},{"type":"Feature","properties":{"h":3.0,"on_route":false},"geometry":{"type":"Polygon","coordinates":[[[7.053768,4.862719],[7.053758,4.862862],[7.053657,4.862855],[7.053668,4.862712],[7.053768,4.862719]]]}},{"type":"Feature","properties":{"h":3.0,"on_route":false},"geometry":{"type":"Polygon","coordinates":[[[7.055555,4.858372],[7.055462,4.858399],[7.055431,4.858292],[7.055524,4.858265],[7.055555,4.858372]]]}},{"type":"Feature","properties":{"h":3.0,"on_route":false},"geometry":{"type":"Polygon","coordinates":[[[7.058052,4.860853],[7.058044,4.860905],[7.057996,4.860898],[7.058004,4.860846],[7.058052,4.860853]]]}},{"type":"Feature","properties":{"h":3.0,"on_route":false},"geometry":{"type":"Polygon","coordinates":[[[7.05817,4.857315],[7.058139,4.857384],[7.058099,4.857366],[7.05813,4.857297],[7.05817,4.857315]]]}},{"type":"Feature","properties":{"h":3.0,"on_route":false},"geometry":{"type":"Polygon","coordinates":[[[7.053261,4.863777],[7.053263,4.863718],[7.053322,4.863719],[7.053321,4.863754],[7.053404,4.863756],[7.053402,4.863857],[7.053259,4.863853],[7.053258,4.863886],[7.053192,4.863884],[7.053194,4.863775],[7.053261,4.863777]]]}},{"type":"Feature","properties":{"h":3.0,"on_route":false},"geometry":{"type":"Polygon","coordinates":[[[7.055189,4.857814],[7.055147,4.857821],[7.055137,4.857749],[7.055178,4.857742],[7.055189,4.857814]]]}},{"type":"Feature","properties":{"h":3.0,"on_route":false},"geometry":{"type":"Polygon","coordinates":[[[7.053558,4.860195],[7.053371,4.860208],[7.053366,4.860138],[7.053553,4.860124],[7.053558,4.860195]]]}},{"type":"Feature","properties":{"h":3.0,"on_route":false},"geometry":{"type":"Polygon","coordinates":[[[7.055442,4.857227],[7.05535,4.857239],[7.055333,4.8571],[7.055425,4.857088],[7.055442,4.857227]]]}},{"type":"Feature","properties":{"h":3.0,"on_route":false},"geometry":{"type":"Polygon","coordinates":[[[7.056422,4.859709],[7.056422,4.859763],[7.05633,4.859762],[7.05633,4.859709],[7.056422,4.859709]]]}},{"type":"Feature","properties":{"h":3.0,"on_route":false},"geometry":{"type":"Polygon","coordinates":[[[7.058169,4.86237],[7.058148,4.862372],[7.058156,4.862452],[7.058232,4.862445],[7.058238,4.862509],[7.058201,4.862513],[7.058209,4.862581],[7.058121,4.86259],[7.058094,4.862342],[7.058166,4.862335],[7.058169,4.86237]]]}},{"type":"Feature","properties":{"h":3.0,"on_route":false},"geometry":{"type":"Polygon","coordinates":[[[7.057077,4.85686],[7.057088,4.856759],[7.057263,4.856778],[7.057255,4.856855],[7.057194,4.856849],[7.057189,4.856893],[7.057129,4.856886],[7.057131,4.856865],[7.057077,4.85686]]]}},{"type":"Feature","properties":{"h":3.0,"on_route":true},"geometry":{"type":"Polygon","coordinates":[[[7.057657,4.863115],[7.057643,4.863152],[7.057578,4.863127],[7.057592,4.86309],[7.057657,4.863115]]]}},{"type":"Feature","properties":{"h":3.0,"on_route":true},"geometry":{"type":"Polygon","coordinates":[[[7.057155,4.862682],[7.057144,4.86276],[7.057056,4.862748],[7.057067,4.86267],[7.057155,4.862682]]]}},{"type":"Feature","properties":{"h":3.0,"on_route":false},"geometry":{"type":"Polygon","coordinates":[[[7.055337,4.865082],[7.055293,4.865094],[7.055265,4.864989],[7.055309,4.864977],[7.055337,4.865082]]]}},{"type":"Feature","properties":{"h":3.0,"on_route":false},"geometry":{"type":"Polygon","coordinates":[[[7.054051,4.863534],[7.054013,4.863651],[7.05394,4.863628],[7.053978,4.86351],[7.054051,4.863534]]]}},{"type":"Feature","properties":{"h":3.0,"on_route":false},"geometry":{"type":"Polygon","coordinates":[[[7.05545,4.86192],[7.055443,4.862009],[7.055368,4.862004],[7.055374,4.861914],[7.05545,4.86192]]]}},{"type":"Feature","properties":{"h":3.0,"on_route":false},"geometry":{"type":"Polygon","coordinates":[[[7.058205,4.862114],[7.058194,4.862234],[7.058081,4.862224],[7.058091,4.862104],[7.058205,4.862114]]]}},{"type":"Feature","properties":{"h":3.0,"on_route":false},"geometry":{"type":"Polygon","coordinates":[[[7.057667,4.864833],[7.057611,4.865027],[7.057528,4.865003],[7.057584,4.864809],[7.057667,4.864833]]]}},{"type":"Feature","properties":{"h":3.0,"on_route":false},"geometry":{"type":"Polygon","coordinates":[[[7.059775,4.858835],[7.059743,4.858931],[7.059649,4.858899],[7.059682,4.858804],[7.059775,4.858835]]]}},{"type":"Feature","properties":{"h":3.0,"on_route":false},"geometry":{"type":"Polygon","coordinates":[[[7.05483,4.862254],[7.054656,4.862301],[7.054642,4.86225],[7.05477,4.862215],[7.054764,4.862192],[7.054676,4.862215],[7.054671,4.862195],[7.05463,4.862206],[7.054621,4.862173],[7.054796,4.862126],[7.05483,4.862254]]]}},{"type":"Feature","properties":{"h":3.0,"on_route":true},"geometry":{"type":"Polygon","coordinates":[[[7.057172,4.862343],[7.057131,4.862341],[7.057127,4.862417],[7.05698,4.86241],[7.056985,4.862315],[7.057065,4.862319],[7.057068,4.862251],[7.057176,4.862256],[7.057172,4.862343]]]}},{"type":"Feature","properties":{"h":3.0,"on_route":false},"geometry":{"type":"Polygon","coordinates":[[[7.055773,4.858399],[7.055689,4.858408],[7.055673,4.858265],[7.055757,4.858256],[7.055773,4.858399]]]}},{"type":"Feature","properties":{"h":3.0,"on_route":false},"geometry":{"type":"Polygon","coordinates":[[[7.058407,4.857514],[7.058316,4.85749],[7.058379,4.857248],[7.05847,4.857272],[7.058407,4.857514]]]}},{"type":"Feature","properties":{"h":3.0,"on_route":false},"geometry":{"type":"Polygon","coordinates":[[[7.053085,4.863207],[7.052937,4.863198],[7.05294,4.863156],[7.052675,4.863139],[7.052681,4.863041],[7.052894,4.863054],[7.052897,4.863008],[7.053002,4.863015],[7.052996,4.863109],[7.053091,4.863115],[7.053085,4.863207]]]}},{"type":"Feature","properties":{"h":3.0,"on_route":false},"geometry":{"type":"Polygon","coordinates":[[[7.059662,4.857878],[7.059656,4.8579],[7.059725,4.857921],[7.059697,4.858013],[7.059599,4.857983],[7.059633,4.85787],[7.059662,4.857878]]]}},{"type":"Feature","properties":{"h":3.0,"on_route":false},"geometry":{"type":"Polygon","coordinates":[[[7.059889,4.859932],[7.059835,4.860002],[7.059736,4.859925],[7.05979,4.859855],[7.059889,4.859932]]]}},{"type":"Feature","properties":{"h":3.0,"on_route":false},"geometry":{"type":"Polygon","coordinates":[[[7.056659,4.857427],[7.056685,4.857566],[7.056614,4.857579],[7.056588,4.85744],[7.056659,4.857427]]]}},{"type":"Feature","properties":{"h":3.0,"on_route":true},"geometry":{"type":"Polygon","coordinates":[[[7.05728,4.862811],[7.057272,4.862885],[7.057174,4.862876],[7.057182,4.862801],[7.05728,4.862811]]]}},{"type":"Feature","properties":{"h":3.0,"on_route":false},"geometry":{"type":"Polygon","coordinates":[[[7.054918,4.859981],[7.054948,4.860204],[7.054888,4.860212],[7.054859,4.859989],[7.054918,4.859981]]]}},{"type":"Feature","properties":{"h":3.0,"on_route":false},"geometry":{"type":"Polygon","coordinates":[[[7.058309,4.859576],[7.0583,4.859622],[7.058238,4.85961],[7.058247,4.859564],[7.058309,4.859576]]]}},{"type":"Feature","properties":{"h":3.0,"on_route":false},"geometry":{"type":"Polygon","coordinates":[[[7.056853,4.859859],[7.056851,4.859909],[7.056769,4.859905],[7.056771,4.859855],[7.056853,4.859859]]]}},{"type":"Feature","properties":{"h":3.0,"on_route":false},"geometry":{"type":"Polygon","coordinates":[[[7.052825,4.861073],[7.052824,4.861093],[7.052864,4.861094],[7.05286,4.861214],[7.05277,4.861211],[7.052775,4.861071],[7.052825,4.861073]]]}},{"type":"Feature","properties":{"h":3.0,"on_route":false},"geometry":{"type":"Polygon","coordinates":[[[7.059425,4.858464],[7.05936,4.858705],[7.059227,4.858669],[7.059293,4.858428],[7.059425,4.858464]]]}},{"type":"Feature","properties":{"h":3.0,"on_route":false},"geometry":{"type":"Polygon","coordinates":[[[7.055567,4.86341],[7.055552,4.863527],[7.055327,4.863499],[7.055341,4.863381],[7.055567,4.86341]]]}},{"type":"Feature","properties":{"h":3.0,"on_route":false},"geometry":{"type":"Polygon","coordinates":[[[7.057643,4.86008],[7.057662,4.860082],[7.057653,4.860183],[7.057591,4.860178],[7.057602,4.860047],[7.057645,4.860051],[7.057643,4.86008]]]}},{"type":"Feature","properties":{"h":3.0,"on_route":false},"geometry":{"type":"Polygon","coordinates":[[[7.056325,4.858498],[7.056323,4.858559],[7.056278,4.858557],[7.056281,4.858496],[7.056325,4.858498]]]}},{"type":"Feature","properties":{"h":3.0,"on_route":false},"geometry":{"type":"Polygon","coordinates":[[[7.05795,4.858832],[7.057956,4.858875],[7.057885,4.858884],[7.05788,4.858841],[7.05795,4.858832]]]}},{"type":"Feature","properties":{"h":3.0,"on_route":false},"geometry":{"type":"Polygon","coordinates":[[[7.054131,4.858422],[7.054107,4.858571],[7.054001,4.858553],[7.053995,4.858592],[7.053707,4.858544],[7.053717,4.858487],[7.053735,4.85849],[7.053757,4.85836],[7.054131,4.858422]]]}},{"type":"Feature","properties":{"h":3.0,"on_route":false},"geometry":{"type":"Polygon","coordinates":[[[7.058483,4.858641],[7.058444,4.858738],[7.058395,4.858718],[7.058403,4.858699],[7.058357,4.858681],[7.058389,4.858603],[7.058483,4.858641]]]}},{"type":"Feature","properties":{"h":3.0,"on_route":false},"geometry":{"type":"Polygon","coordinates":[[[7.057269,4.860395],[7.057256,4.860539],[7.05723,4.860537],[7.057232,4.860507],[7.057202,4.860505],[7.057207,4.860446],[7.057237,4.860449],[7.057242,4.860392],[7.057269,4.860395]]]}},{"type":"Feature","properties":{"h":3.0,"on_route":false},"geometry":{"type":"Polygon","coordinates":[[[7.055134,4.857806],[7.055007,4.857824],[7.054974,4.857586],[7.055101,4.857569],[7.055134,4.857806]]]}},{"type":"Feature","properties":{"h":3.0,"on_route":false},"geometry":{"type":"Polygon","coordinates":[[[7.055939,4.861705],[7.055927,4.861876],[7.055879,4.861872],[7.055885,4.861792],[7.055865,4.861791],[7.055857,4.861911],[7.055798,4.861907],[7.055813,4.861696],[7.055939,4.861705]]]}},{"type":"Feature","properties":{"h":3.0,"on_route":false},"geometry":{"type":"Polygon","coordinates":[[[7.056622,4.860729],[7.056499,4.860753],[7.056488,4.860696],[7.056611,4.860672],[7.056622,4.860729]]]}},{"type":"Feature","properties":{"h":3.0,"on_route":false},"geometry":{"type":"Polygon","coordinates":[[[7.059823,4.85899],[7.05979,4.859074],[7.059712,4.859044],[7.059744,4.858959],[7.059823,4.85899]]]}},{"type":"Feature","properties":{"h":3.0,"on_route":false},"geometry":{"type":"Polygon","coordinates":[[[7.057377,4.861526],[7.057361,4.861609],[7.057392,4.861615],[7.057383,4.861658],[7.057228,4.861628],[7.057253,4.861501],[7.057377,4.861526]]]}},{"type":"Feature","properties":{"h":3.0,"on_route":false},"geometry":{"type":"Polygon","coordinates":[[[7.060672,4.862166],[7.060531,4.862273],[7.060465,4.862186],[7.060606,4.862079],[7.060672,4.862166]]]}},{"type":"Feature","properties":{"h":3.0,"on_route":false},"geometry":{"type":"Polygon","coordinates":[[[7.054213,4.859908],[7.054254,4.859901],[7.054265,4.859966],[7.054223,4.859973],[7.054228,4.860003],[7.054106,4.860023],[7.054084,4.859881],[7.054205,4.859861],[7.054213,4.859908]]]}},{"type":"Feature","properties":{"h":3.0,"on_route":false},"geometry":{"type":"Polygon","coordinates":[[[7.058546,4.859683],[7.058535,4.859732],[7.058509,4.859725],[7.05852,4.859677],[7.058546,4.859683]]]}},{"type":"Feature","properties":{"h":3.0,"on_route":false},"geometry":{"type":"Polygon","coordinates":[[[7.055555,4.862895],[7.055549,4.862945],[7.055454,4.862934],[7.055459,4.862884],[7.055555,4.862895]]]}},{"type":"Feature","properties":{"h":3.0,"on_route":false},"geometry":{"type":"Polygon","coordinates":[[[7.053656,4.860806],[7.053653,4.860873],[7.053085,4.860846],[7.053088,4.860778],[7.053656,4.860806]]]}},{"type":"Feature","properties":{"h":3.0,"on_route":false},"geometry":{"type":"Polygon","coordinates":[[[7.05721,4.857607],[7.057195,4.857887],[7.057113,4.857882],[7.057118,4.857791],[7.057133,4.857792],[7.057135,4.857751],[7.057102,4.85775],[7.05711,4.857602],[7.05721,4.857607]]]}},{"type":"Feature","properties":{"h":3.0,"on_route":false},"geometry":{"type":"Polygon","coordinates":[[[7.054108,4.864585],[7.054106,4.864616],[7.054073,4.864614],[7.054075,4.864583],[7.054108,4.864585]]]}},{"type":"Feature","properties":{"h":3.0,"on_route":false},"geometry":{"type":"Polygon","coordinates":[[[7.056717,4.857784],[7.056617,4.85779],[7.056606,4.857643],[7.056708,4.857637],[7.056717,4.857784]]]}},{"type":"Feature","properties":{"h":3.0,"on_route":false},"geometry":{"type":"Polygon","coordinates":[[[7.055411,4.862422],[7.055394,4.862475],[7.055305,4.862445],[7.055322,4.862392],[7.055411,4.862422]]]}},{"type":"Feature","properties":{"h":3.0,"on_route":false},"geometry":{"type":"Polygon","coordinates":[[[7.056793,4.864869],[7.056763,4.86496],[7.056601,4.864906],[7.056631,4.864814],[7.056793,4.864869]]]}},{"type":"Feature","properties":{"h":3.0,"on_route":false},"geometry":{"type":"Polygon","coordinates":[[[7.056254,4.860787],[7.056247,4.860857],[7.056202,4.860853],[7.056208,4.860783],[7.056254,4.860787]]]}},{"type":"Feature","properties":{"h":3.0,"on_route":false},"geometry":{"type":"Polygon","coordinates":[[[7.055292,4.861516],[7.05529,4.86165],[7.055142,4.861647],[7.055143,4.861606],[7.055144,4.861514],[7.055292,4.861516]]]}},{"type":"Feature","properties":{"h":3.0,"on_route":false},"geometry":{"type":"Polygon","coordinates":[[[7.055745,4.860258],[7.055644,4.860251],[7.055652,4.860132],[7.055753,4.860139],[7.055745,4.860258]]]}},{"type":"Feature","properties":{"h":3.0,"on_route":false},"geometry":{"type":"Polygon","coordinates":[[[7.058619,4.864879],[7.058542,4.864948],[7.058506,4.864908],[7.058583,4.864839],[7.058619,4.864879]]]}},{"type":"Feature","properties":{"h":3.0,"on_route":false},"geometry":{"type":"Polygon","coordinates":[[[7.057018,4.865375],[7.05699,4.865497],[7.056857,4.865465],[7.056886,4.865344],[7.057018,4.865375]]]}},{"type":"Feature","properties":{"h":3.0,"on_route":false},"geometry":{"type":"Polygon","coordinates":[[[7.059821,4.86167],[7.059846,4.86164],[7.059931,4.861709],[7.059906,4.861739],[7.05992,4.861751],[7.059804,4.861895],[7.059854,4.861936],[7.059795,4.862009],[7.059764,4.861984],[7.059784,4.861959],[7.059591,4.861802],[7.059746,4.861609],[7.059821,4.86167]]]}},{"type":"Feature","properties":{"h":3.0,"on_route":false},"geometry":{"type":"Polygon","coordinates":[[[7.058409,4.860212],[7.058392,4.860257],[7.058184,4.860179],[7.058201,4.860134],[7.058409,4.860212]]]}},{"type":"Feature","properties":{"h":3.0,"on_route":false},"geometry":{"type":"Polygon","coordinates":[[[7.053541,4.860755],[7.053408,4.860746],[7.053412,4.8607],[7.053496,4.860706],[7.053501,4.860646],[7.053549,4.86065],[7.053541,4.860755]]]}},{"type":"Feature","properties":{"h":3.0,"on_route":true},"geometry":{"type":"Polygon","coordinates":[[[7.057138,4.862617],[7.057134,4.862667],[7.057047,4.862659],[7.057052,4.862609],[7.057138,4.862617]]]}},{"type":"Feature","properties":{"h":3.0,"on_route":false},"geometry":{"type":"Polygon","coordinates":[[[7.053781,4.861716],[7.053782,4.862087],[7.053679,4.862087],[7.053678,4.861893],[7.053639,4.861893],[7.053639,4.861717],[7.053781,4.861716]]]}},{"type":"Feature","properties":{"h":3.0,"on_route":false},"geometry":{"type":"Polygon","coordinates":[[[7.060223,4.863446],[7.060186,4.863504],[7.060115,4.863458],[7.060153,4.8634],[7.060223,4.863446]]]}},{"type":"Feature","properties":{"h":3.0,"on_route":true},"geometry":{"type":"Polygon","coordinates":[[[7.056512,4.862],[7.056506,4.862054],[7.056435,4.862046],[7.05644,4.861993],[7.056512,4.862]]]}},{"type":"Feature","properties":{"h":3.0,"on_route":false},"geometry":{"type":"Polygon","coordinates":[[[7.05799,4.857379],[7.057974,4.857433],[7.058096,4.857471],[7.058044,4.85764],[7.057867,4.857585],[7.057936,4.857362],[7.05799,4.857379]]]}},{"type":"Feature","properties":{"h":3.0,"on_route":false},"geometry":{"type":"Polygon","coordinates":[[[7.055062,4.861361],[7.05506,4.861496],[7.054963,4.861495],[7.054965,4.861359],[7.055062,4.861361]]]}},{"type":"Feature","properties":{"h":3.0,"on_route":false},"geometry":{"type":"Polygon","coordinates":[[[7.060039,4.858309],[7.059967,4.858471],[7.05987,4.858428],[7.059943,4.858265],[7.060039,4.858309]]]}},{"type":"Feature","properties":{"h":3.0,"on_route":false},"geometry":{"type":"Polygon","coordinates":[[[7.053309,4.862947],[7.053304,4.863014],[7.053205,4.863006],[7.053209,4.86294],[7.053309,4.862947]]]}},{"type":"Feature","properties":{"h":3.0,"on_route":false},"geometry":{"type":"Polygon","coordinates":[[[7.059595,4.859801],[7.059453,4.859938],[7.059393,4.859875],[7.059536,4.859738],[7.059595,4.859801]]]}},{"type":"Feature","properties":{"h":3.0,"on_route":false},"geometry":{"type":"Polygon","coordinates":[[[7.057679,4.860235],[7.057642,4.860334],[7.057542,4.860298],[7.057559,4.860252],[7.057584,4.860261],[7.057604,4.860207],[7.057679,4.860235]]]}},{"type":"Feature","properties":{"h":3.0,"on_route":false},"geometry":{"type":"Polygon","coordinates":[[[7.060012,4.861733],[7.060051,4.861793],[7.060015,4.861816],[7.059977,4.861755],[7.060012,4.861733]]]}},{"type":"Feature","properties":{"h":3.0,"on_route":false},"geometry":{"type":"Polygon","coordinates":[[[7.058391,4.858436],[7.058357,4.858577],[7.0583,4.858563],[7.058334,4.858422],[7.058391,4.858436]]]}},{"type":"Feature","properties":{"h":3.0,"on_route":false},"geometry":{"type":"Polygon","coordinates":[[[7.05419,4.860133],[7.053886,4.860177],[7.053875,4.860097],[7.054178,4.860053],[7.05419,4.860133]]]}},{"type":"Feature","properties":{"h":3.0,"on_route":false},"geometry":{"type":"Polygon","coordinates":[[[7.05479,4.860811],[7.054869,4.861246],[7.05477,4.861264],[7.05469,4.860829],[7.05479,4.860811]]]}},{"type":"Feature","properties":{"h":3.0,"on_route":false},"geometry":{"type":"Polygon","coordinates":[[[7.054783,4.86335],[7.054731,4.863347],[7.054735,4.863277],[7.054786,4.86328],[7.054783,4.86335]]]}},{"type":"Feature","properties":{"h":3.0,"on_route":false},"geometry":{"type":"Polygon","coordinates":[[[7.059962,4.859185],[7.059913,4.859344],[7.059816,4.859314],[7.059864,4.859155],[7.059962,4.859185]]]}},{"type":"Feature","properties":{"h":3.0,"on_route":false},"geometry":{"type":"Polygon","coordinates":[[[7.057098,4.860971],[7.05709,4.861051],[7.05701,4.861043],[7.057018,4.860963],[7.057098,4.860971]]]}},{"type":"Feature","properties":{"h":3.0,"on_route":false},"geometry":{"type":"Polygon","coordinates":[[[7.0564,4.86049],[7.056394,4.860565],[7.05635,4.860561],[7.056356,4.860486],[7.0564,4.86049]]]}},{"type":"Feature","properties":{"h":3.0,"on_route":false},"geometry":{"type":"Polygon","coordinates":[[[7.053127,4.860216],[7.053121,4.860344],[7.053041,4.86034],[7.053044,4.860275],[7.053012,4.860274],[7.053015,4.860211],[7.053127,4.860216]]]}},{"type":"Feature","properties":{"h":3.0,"on_route":false},"geometry":{"type":"Polygon","coordinates":[[[7.059349,4.864534],[7.0593,4.864604],[7.059246,4.864566],[7.059295,4.864496],[7.059349,4.864534]]]}},{"type":"Feature","properties":{"h":3.0,"on_route":false},"geometry":{"type":"Polygon","coordinates":[[[7.055066,4.858245],[7.055046,4.858327],[7.054997,4.858315],[7.055018,4.858233],[7.055066,4.858245]]]}},{"type":"Feature","properties":{"h":3.0,"on_route":false},"geometry":{"type":"Polygon","coordinates":[[[7.057795,4.861317],[7.057778,4.861441],[7.057657,4.861425],[7.057673,4.861301],[7.057795,4.861317]]]}},{"type":"Feature","properties":{"h":3.0,"on_route":false},"geometry":{"type":"Polygon","coordinates":[[[7.059528,4.858402],[7.059508,4.858457],[7.059465,4.858441],[7.059485,4.858386],[7.059528,4.858402]]]}},{"type":"Feature","properties":{"h":3.0,"on_route":false},"geometry":{"type":"Polygon","coordinates":[[[7.055708,4.86031],[7.055705,4.860346],[7.055756,4.860351],[7.055753,4.860382],[7.055784,4.860385],[7.055781,4.86042],[7.055749,4.860417],[7.055748,4.860435],[7.055811,4.860442],[7.055807,4.860485],[7.055828,4.860487],[7.055825,4.860515],[7.05574,4.860506],[7.055743,4.860478],[7.055614,4.860465],[7.055624,4.860369],[7.055656,4.860372],[7.055663,4.860305],[7.055708,4.86031]]]}},{"type":"Feature","properties":{"h":3.0,"on_route":false},"geometry":{"type":"Polygon","coordinates":[[[7.058224,4.858295],[7.058181,4.858442],[7.058096,4.858417],[7.058139,4.858271],[7.058224,4.858295]]]}},{"type":"Feature","properties":{"h":3.0,"on_route":false},"geometry":{"type":"Polygon","coordinates":[[[7.053036,4.860847],[7.053036,4.860906],[7.052818,4.860906],[7.052818,4.860846],[7.053036,4.860847]]]}},{"type":"Feature","properties":{"h":3.0,"on_route":false},"geometry":{"type":"Polygon","coordinates":[[[7.059153,4.860637],[7.059075,4.860575],[7.059172,4.860451],[7.05925,4.860513],[7.059153,4.860637]]]}},{"type":"Feature","properties":{"h":3.0,"on_route":false},"geometry":{"type":"Polygon","coordinates":[[[7.052884,4.860469],[7.053106,4.860474],[7.053105,4.860526],[7.053089,4.860526],[7.053088,4.860566],[7.053053,4.860565],[7.053054,4.860525],[7.053009,4.860524],[7.053007,4.860611],[7.05288,4.860608],[7.052884,4.860469]]]}},{"type":"Feature","properties":{"h":3.0,"on_route":false},"geometry":{"type":"Polygon","coordinates":[[[7.05993,4.86376],[7.060126,4.863808],[7.060113,4.86386],[7.059918,4.863811],[7.05993,4.86376]]]}},{"type":"Feature","properties":{"h":3.0,"on_route":false},"geometry":{"type":"Polygon","coordinates":[[[7.053951,4.859791],[7.053959,4.859845],[7.054075,4.859827],[7.054113,4.860062],[7.053997,4.86008],[7.053975,4.859945],[7.053897,4.859958],[7.053881,4.859858],[7.053839,4.859864],[7.05383,4.85981],[7.053951,4.859791]]]}},{"type":"Feature","properties":{"h":3.0,"on_route":false},"geometry":{"type":"Polygon","coordinates":[[[7.05505,4.860191],[7.054948,4.860204],[7.054936,4.860112],[7.055038,4.860099],[7.05505,4.860191]]]}},{"type":"Feature","properties":{"h":3.0,"on_route":false},"geometry":{"type":"Polygon","coordinates":[[[7.057446,4.857743],[7.057442,4.857809],[7.057403,4.857807],[7.057406,4.857741],[7.057446,4.857743]]]}},{"type":"Feature","properties":{"h":3.0,"on_route":false},"geometry":{"type":"Polygon","coordinates":[[[7.053529,4.860112],[7.053473,4.860115],[7.053464,4.85997],[7.05352,4.859966],[7.053529,4.860112]]]}},{"type":"Feature","properties":{"h":3.0,"on_route":false},"geometry":{"type":"Polygon","coordinates":[[[7.060361,4.86009],[7.060324,4.860135],[7.060181,4.860018],[7.060218,4.859973],[7.060361,4.86009]]]}},{"type":"Feature","properties":{"h":3.0,"on_route":false},"geometry":{"type":"Polygon","coordinates":[[[7.056444,4.856982],[7.056464,4.857038],[7.056593,4.856991],[7.056624,4.85708],[7.056466,4.857137],[7.056414,4.856993],[7.056444,4.856982]]]}},{"type":"Feature","properties":{"h":3.0,"on_route":false},"geometry":{"type":"Polygon","coordinates":[[[7.055639,4.860148],[7.055632,4.860251],[7.055545,4.860245],[7.055551,4.860143],[7.055639,4.860148]]]}},{"type":"Feature","properties":{"h":3.0,"on_route":false},"geometry":{"type":"Polygon","coordinates":[[[7.053603,4.863013],[7.053467,4.863006],[7.053472,4.862914],[7.053546,4.862918],[7.053547,4.862899],[7.053609,4.862902],[7.053603,4.863013]]]}},{"type":"Feature","properties":{"h":3.0,"on_route":false},"geometry":{"type":"Polygon","coordinates":[[[7.053902,4.860486],[7.053842,4.860492],[7.053838,4.860451],[7.053898,4.860445],[7.053902,4.860486]]]}},{"type":"Feature","properties":{"h":3.0,"on_route":false},"geometry":{"type":"Polygon","coordinates":[[[7.058706,4.86141],[7.058669,4.861457],[7.058548,4.861362],[7.058584,4.861315],[7.058706,4.86141]]]}},{"type":"Feature","properties":{"h":3.0,"on_route":false},"geometry":{"type":"Polygon","coordinates":[[[7.058481,4.860764],[7.058455,4.860828],[7.058279,4.860756],[7.058305,4.860692],[7.058481,4.860764]]]}},{"type":"Feature","properties":{"h":3.0,"on_route":false},"geometry":{"type":"Polygon","coordinates":[[[7.053898,4.862761],[7.053887,4.862905],[7.053755,4.862895],[7.053766,4.862751],[7.053898,4.862761]]]}},{"type":"Feature","properties":{"h":3.0,"on_route":true},"geometry":{"type":"Polygon","coordinates":[[[7.057393,4.862517],[7.057388,4.862573],[7.057403,4.862575],[7.057392,4.86269],[7.057304,4.862682],[7.057319,4.862511],[7.057393,4.862517]]]}},{"type":"Feature","properties":{"h":3.0,"on_route":false},"geometry":{"type":"Polygon","coordinates":[[[7.055603,4.858628],[7.055526,4.858641],[7.055515,4.858578],[7.055593,4.858565],[7.055603,4.858628]]]}},{"type":"Feature","properties":{"h":3.0,"on_route":false},"geometry":{"type":"Polygon","coordinates":[[[7.056083,4.86013],[7.056094,4.860266],[7.056003,4.860274],[7.055992,4.860138],[7.056083,4.86013]]]}},{"type":"Feature","properties":{"h":3.0,"on_route":false},"geometry":{"type":"Polygon","coordinates":[[[7.060117,4.858683],[7.060094,4.85874],[7.06006,4.858727],[7.060082,4.858669],[7.060117,4.858683]]]}},{"type":"Feature","properties":{"h":3.0,"on_route":false},"geometry":{"type":"Polygon","coordinates":[[[7.055462,4.860573],[7.055456,4.860671],[7.055383,4.860666],[7.055389,4.860568],[7.055462,4.860573]]]}},{"type":"Feature","properties":{"h":3.0,"on_route":false},"geometry":{"type":"Polygon","coordinates":[[[7.058354,4.859643],[7.058333,4.859761],[7.058244,4.859745],[7.058265,4.859627],[7.058354,4.859643]]]}},{"type":"Feature","properties":{"h":3.0,"on_route":false},"geometry":{"type":"Polygon","coordinates":[[[7.055506,4.857003],[7.055516,4.857098],[7.055448,4.857105],[7.055437,4.85701],[7.055506,4.857003]]]}},{"type":"Feature","properties":{"h":3.0,"on_route":true},"geometry":{"type":"Polygon","coordinates":[[[7.057264,4.862989],[7.057239,4.863059],[7.057174,4.863035],[7.057199,4.862966],[7.057264,4.862989]]]}},{"type":"Feature","properties":{"h":3.0,"on_route":false},"geometry":{"type":"Polygon","coordinates":[[[7.058407,4.857547],[7.058387,4.8576],[7.058308,4.85757],[7.058329,4.857517],[7.058407,4.857547]]]}},{"type":"Feature","properties":{"h":3.0,"on_route":false},"geometry":{"type":"Polygon","coordinates":[[[7.056174,4.862551],[7.05616,4.862615],[7.056084,4.8626],[7.056097,4.862535],[7.056174,4.862551]]]}},{"type":"Feature","properties":{"h":3.0,"on_route":false},"geometry":{"type":"Polygon","coordinates":[[[7.055031,4.862212],[7.054973,4.862216],[7.054962,4.862072],[7.05502,4.862068],[7.055031,4.862212]]]}},{"type":"Feature","properties":{"h":3.0,"on_route":false},"geometry":{"type":"Polygon","coordinates":[[[7.060634,4.861957],[7.06072,4.862032],[7.060768,4.861977],[7.060829,4.86203],[7.060742,4.862132],[7.060594,4.862004],[7.060634,4.861957]]]}},{"type":"Feature","properties":{"h":3.0,"on_route":false},"geometry":{"type":"Polygon","coordinates":[[[7.055653,4.861687],[7.055658,4.861801],[7.055602,4.861803],[7.055598,4.861689],[7.055653,4.861687]]]}},{"type":"Feature","properties":{"h":3.0,"on_route":false},"geometry":{"type":"Polygon","coordinates":[[[7.057395,4.85765],[7.05738,4.857736],[7.057239,4.857712],[7.057246,4.857674],[7.057222,4.85767],[7.05723,4.857621],[7.057395,4.85765]]]}},{"type":"Feature","properties":{"h":3.0,"on_route":false},"geometry":{"type":"Polygon","coordinates":[[[7.054811,4.857965],[7.054727,4.857972],[7.054716,4.857837],[7.0548,4.85783],[7.054811,4.857965]]]}},{"type":"Feature","properties":{"h":3.0,"on_route":false},"geometry":{"type":"Polygon","coordinates":[[[7.057616,4.85703],[7.057603,4.857067],[7.057562,4.857053],[7.057575,4.857016],[7.057616,4.85703]]]}},{"type":"Feature","properties":{"h":3.0,"on_route":false},"geometry":{"type":"Polygon","coordinates":[[[7.058494,4.863384],[7.05842,4.863337],[7.058442,4.863302],[7.058461,4.863314],[7.058518,4.863223],[7.058574,4.863258],[7.058494,4.863384]]]}},{"type":"Feature","properties":{"h":3.0,"on_route":false},"geometry":{"type":"Polygon","coordinates":[[[7.054227,4.85843],[7.05421,4.858605],[7.054146,4.858599],[7.054164,4.858424],[7.054227,4.85843]]]}},{"type":"Feature","properties":{"h":3.0,"on_route":false},"geometry":{"type":"Polygon","coordinates":[[[7.056692,4.860142],[7.056679,4.860276],[7.056604,4.860269],[7.056617,4.860135],[7.056692,4.860142]]]}},{"type":"Feature","properties":{"h":3.0,"on_route":false},"geometry":{"type":"Polygon","coordinates":[[[7.057251,4.858659],[7.057271,4.858971],[7.057342,4.858967],[7.057337,4.85889],[7.057373,4.858888],[7.057386,4.859086],[7.057167,4.859101],[7.057163,4.859048],[7.057183,4.859047],[7.057179,4.858977],[7.057159,4.858979],[7.057154,4.858902],[7.057174,4.858901],[7.057164,4.858739],[7.057144,4.85874],[7.057141,4.858702],[7.057161,4.858701],[7.057159,4.858665],[7.057251,4.858659]]]}},{"type":"Feature","properties":{"h":3.0,"on_route":false},"geometry":{"type":"Polygon","coordinates":[[[7.056404,4.865206],[7.056382,4.86528],[7.056408,4.865288],[7.056376,4.865396],[7.056251,4.865359],[7.056277,4.86527],[7.056281,4.865271],[7.056308,4.865178],[7.056404,4.865206]]]}},{"type":"Feature","properties":{"h":3.0,"on_route":false},"geometry":{"type":"Polygon","coordinates":[[[7.057379,4.861474],[7.057375,4.861516],[7.057262,4.861503],[7.057267,4.861461],[7.057379,4.861474]]]}},{"type":"Feature","properties":{"h":3.0,"on_route":false},"geometry":{"type":"Polygon","coordinates":[[[7.055302,4.862335],[7.055294,4.862472],[7.055236,4.862468],[7.055241,4.862383],[7.05527,4.862385],[7.055273,4.862333],[7.055302,4.862335]]]}},{"type":"Feature","properties":{"h":3.0,"on_route":false},"geometry":{"type":"Polygon","coordinates":[[[7.05857,4.861083],[7.058553,4.861119],[7.058512,4.861099],[7.05853,4.861063],[7.05857,4.861083]]]}},{"type":"Feature","properties":{"h":3.0,"on_route":false},"geometry":{"type":"Polygon","coordinates":[[[7.057887,4.861513],[7.057776,4.86148],[7.057814,4.861352],[7.057925,4.861386],[7.057887,4.861513]]]}},{"type":"Feature","properties":{"h":3.0,"on_route":false},"geometry":{"type":"Polygon","coordinates":[[[7.058234,4.861833],[7.058209,4.861898],[7.058128,4.861867],[7.058153,4.861802],[7.058234,4.861833]]]}},{"type":"Feature","properties":{"h":3.0,"on_route":false},"geometry":{"type":"Polygon","coordinates":[[[7.057512,4.861555],[7.057508,4.861608],[7.05748,4.861606],[7.057474,4.861679],[7.057386,4.861672],[7.057396,4.861546],[7.057512,4.861555]]]}},{"type":"Feature","properties":{"h":3.0,"on_route":false},"geometry":{"type":"Polygon","coordinates":[[[7.055688,4.858095],[7.055505,4.858111],[7.055495,4.857992],[7.055678,4.857976],[7.055688,4.858095]]]}},{"type":"Feature","properties":{"h":3.0,"on_route":false},"geometry":{"type":"Polygon","coordinates":[[[7.055639,4.860793],[7.055635,4.86083],[7.055596,4.860825],[7.055601,4.860788],[7.055639,4.860793]]]}},{"type":"Feature","properties":{"h":3.0,"on_route":true},"geometry":{"type":"Polygon","coordinates":[[[7.056487,4.862116],[7.056439,4.862104],[7.056421,4.862172],[7.056367,4.862158],[7.056398,4.862038],[7.056501,4.862066],[7.056487,4.862116]]]}},{"type":"Feature","properties":{"h":3.0,"on_route":false},"geometry":{"type":"Polygon","coordinates":[[[7.060853,4.860181],[7.060773,4.86013],[7.060821,4.860054],[7.060855,4.860075],[7.060866,4.860058],[7.060846,4.860045],[7.060856,4.860028],[7.060923,4.86007],[7.060853,4.860181]]]}},{"type":"Feature","properties":{"h":3.0,"on_route":false},"geometry":{"type":"Polygon","coordinates":[[[7.058979,4.857268],[7.058949,4.857395],[7.058847,4.857372],[7.058876,4.857245],[7.058979,4.857268]]]}},{"type":"Feature","properties":{"h":3.0,"on_route":false},"geometry":{"type":"Polygon","coordinates":[[[7.057996,4.862757],[7.057881,4.862748],[7.057889,4.862655],[7.058004,4.862665],[7.057996,4.862757]]]}},{"type":"Feature","properties":{"h":3.0,"on_route":false},"geometry":{"type":"Polygon","coordinates":[[[7.058087,4.859289],[7.058074,4.859353],[7.058007,4.859339],[7.05802,4.859275],[7.058087,4.859289]]]}},{"type":"Feature","properties":{"h":3.0,"on_route":false},"geometry":{"type":"Polygon","coordinates":[[[7.057558,4.861879],[7.057512,4.861857],[7.057579,4.861713],[7.057624,4.861734],[7.057558,4.861879]]]}},{"type":"Feature","properties":{"h":3.0,"on_route":false},"geometry":{"type":"Polygon","coordinates":[[[7.060191,4.860783],[7.060184,4.860806],[7.060155,4.860798],[7.060162,4.860775],[7.060191,4.860783]]]}},{"type":"Feature","properties":{"h":3.0,"on_route":false},"geometry":{"type":"Polygon","coordinates":[[[7.055578,4.86269],[7.055578,4.862721],[7.055546,4.862721],[7.055546,4.86269],[7.055578,4.86269]]]}},{"type":"Feature","properties":{"h":3.0,"on_route":false},"geometry":{"type":"Polygon","coordinates":[[[7.05766,4.862353],[7.057651,4.862455],[7.057526,4.862444],[7.057535,4.862342],[7.05766,4.862353]]]}},{"type":"Feature","properties":{"h":3.0,"on_route":false},"geometry":{"type":"Polygon","coordinates":[[[7.06068,4.859768],[7.060616,4.859848],[7.060498,4.859751],[7.060562,4.859672],[7.06068,4.859768]]]}},{"type":"Feature","properties":{"h":3.0,"on_route":false},"geometry":{"type":"Polygon","coordinates":[[[7.059575,4.85815],[7.059524,4.858267],[7.059371,4.858201],[7.059422,4.858083],[7.059575,4.85815]]]}},{"type":"Feature","properties":{"h":3.0,"on_route":false},"geometry":{"type":"Polygon","coordinates":[[[7.056783,4.856996],[7.056588,4.856985],[7.056594,4.856892],[7.056724,4.856899],[7.056721,4.856954],[7.056785,4.856958],[7.056783,4.856996]]]}},{"type":"Feature","properties":{"h":3.0,"on_route":false},"geometry":{"type":"Polygon","coordinates":[[[7.057484,4.860981],[7.057479,4.861022],[7.057491,4.861024],[7.057483,4.861093],[7.057348,4.861078],[7.057361,4.860967],[7.057484,4.860981]]]}},{"type":"Feature","properties":{"h":3.0,"on_route":false},"geometry":{"type":"Polygon","coordinates":[[[7.056493,4.862903],[7.056473,4.862996],[7.056323,4.862964],[7.056342,4.862871],[7.056493,4.862903]]]}},{"type":"Feature","properties":{"h":3.0,"on_route":false},"geometry":{"type":"Polygon","coordinates":[[[7.054698,4.863688],[7.054668,4.863767],[7.054478,4.863693],[7.054509,4.863614],[7.054698,4.863688]]]}},{"type":"Feature","properties":{"h":3.0,"on_route":false},"geometry":{"type":"Polygon","coordinates":[[[7.058083,4.862423],[7.058068,4.862424],[7.05807,4.862454],[7.057951,4.862461],[7.057947,4.862392],[7.058039,4.862387],[7.058036,4.862348],[7.058079,4.862345],[7.058083,4.862423]]]}},{"type":"Feature","properties":{"h":3.0,"on_route":true},"geometry":{"type":"Polygon","coordinates":[[[7.058113,4.863953],[7.058093,4.864004],[7.058017,4.863975],[7.058037,4.863924],[7.058113,4.863953]]]}},{"type":"Feature","properties":{"h":3.0,"on_route":false},"geometry":{"type":"Polygon","coordinates":[[[7.058404,4.862523],[7.058384,4.86258],[7.058242,4.86253],[7.058261,4.862473],[7.058404,4.862523]]]}},{"type":"Feature","properties":{"h":3.0,"on_route":false},"geometry":{"type":"Polygon","coordinates":[[[7.057395,4.860865],[7.057259,4.86085],[7.057271,4.860744],[7.057347,4.860753],[7.057354,4.860696],[7.057413,4.860703],[7.057395,4.860865]]]}},{"type":"Feature","properties":{"h":3.0,"on_route":false},"geometry":{"type":"Polygon","coordinates":[[[7.055664,4.858367],[7.055677,4.858449],[7.055698,4.858446],[7.055693,4.858412],[7.055771,4.8584],[7.055799,4.858583],[7.055762,4.858589],[7.055757,4.85856],[7.055644,4.858578],[7.055613,4.858375],[7.055664,4.858367]]]}},{"type":"Feature","properties":{"h":3.0,"on_route":false},"geometry":{"type":"Polygon","coordinates":[[[7.058532,4.861383],[7.058457,4.861479],[7.058356,4.8614],[7.05843,4.861303],[7.058532,4.861383]]]}},{"type":"Feature","properties":{"h":3.0,"on_route":false},"geometry":{"type":"Polygon","coordinates":[[[7.060471,4.859961],[7.060394,4.860057],[7.060311,4.85999],[7.060294,4.860011],[7.060234,4.859963],[7.060328,4.859846],[7.060471,4.859961]]]}},{"type":"Feature","properties":{"h":3.0,"on_route":false},"geometry":{"type":"Polygon","coordinates":[[[7.054254,4.864582],[7.054251,4.864647],[7.054158,4.864644],[7.054161,4.864578],[7.054254,4.864582]]]}},{"type":"Feature","properties":{"h":3.0,"on_route":false},"geometry":{"type":"Polygon","coordinates":[[[7.055874,4.861325],[7.055865,4.86138],[7.055759,4.861362],[7.055768,4.861307],[7.055874,4.861325]]]}},{"type":"Feature","properties":{"h":3.0,"on_route":false},"geometry":{"type":"Polygon","coordinates":[[[7.0551,4.862759],[7.055104,4.862817],[7.054979,4.862826],[7.054975,4.862767],[7.0551,4.862759]]]}},{"type":"Feature","properties":{"h":3.0,"on_route":false},"geometry":{"type":"Polygon","coordinates":[[[7.055593,4.858565],[7.055515,4.858578],[7.055501,4.858491],[7.05546,4.858498],[7.055448,4.858431],[7.055567,4.858411],[7.055593,4.858565]]]}},{"type":"Feature","properties":{"h":3.0,"on_route":false},"geometry":{"type":"Polygon","coordinates":[[[7.054737,4.858427],[7.054721,4.858534],[7.054526,4.858505],[7.054542,4.858399],[7.054737,4.858427]]]}},{"type":"Feature","properties":{"h":3.0,"on_route":false},"geometry":{"type":"Polygon","coordinates":[[[7.056892,4.857552],[7.05678,4.857566],[7.056769,4.857481],[7.056795,4.857477],[7.056793,4.857459],[7.056825,4.857455],[7.056803,4.857284],[7.056857,4.857277],[7.056892,4.857552]]]}},{"type":"Feature","properties":{"h":3.0,"on_route":false},"geometry":{"type":"Polygon","coordinates":[[[7.057209,4.86175],[7.057191,4.861793],[7.057159,4.861779],[7.057177,4.861736],[7.057209,4.86175]]]}},{"type":"Feature","properties":{"h":3.0,"on_route":false},"geometry":{"type":"Polygon","coordinates":[[[7.054163,4.862579],[7.054028,4.862615],[7.054005,4.862529],[7.05414,4.862493],[7.054163,4.862579]]]}},{"type":"Feature","properties":{"h":3.0,"on_route":false},"geometry":{"type":"Polygon","coordinates":[[[7.057808,4.86067],[7.057797,4.860768],[7.057704,4.860758],[7.057715,4.86066],[7.057808,4.86067]]]}},{"type":"Feature","properties":{"h":3.0,"on_route":true},"geometry":{"type":"Polygon","coordinates":[[[7.058037,4.863924],[7.058017,4.863975],[7.057968,4.863956],[7.057988,4.863905],[7.058037,4.863924]]]}},{"type":"Feature","properties":{"h":3.0,"on_route":false},"geometry":{"type":"Polygon","coordinates":[[[7.057314,4.863962],[7.057447,4.864051],[7.057501,4.86397],[7.057548,4.864001],[7.057467,4.864121],[7.057289,4.864],[7.057314,4.863962]]]}},{"type":"Feature","properties":{"h":3.0,"on_route":false},"geometry":{"type":"Polygon","coordinates":[[[7.057335,4.861006],[7.057331,4.861042],[7.057352,4.861044],[7.057348,4.861078],[7.057408,4.861084],[7.0574,4.861151],[7.05732,4.861142],[7.057327,4.861075],[7.057294,4.861072],[7.057302,4.861002],[7.057335,4.861006]]]}},{"type":"Feature","properties":{"h":3.0,"on_route":false},"geometry":{"type":"Polygon","coordinates":[[[7.054531,4.863253],[7.054529,4.863295],[7.054597,4.863298],[7.054592,4.863382],[7.054441,4.863374],[7.054444,4.863319],[7.054418,4.863318],[7.054422,4.863247],[7.054531,4.863253]]]}},{"type":"Feature","properties":{"h":3.0,"on_route":false},"geometry":{"type":"Polygon","coordinates":[[[7.059704,4.861576],[7.059659,4.861631],[7.059603,4.861585],[7.059584,4.861608],[7.059436,4.861485],[7.059499,4.861408],[7.059704,4.861576]]]}},{"type":"Feature","properties":{"h":3.0,"on_route":true},"geometry":{"type":"Polygon","coordinates":[[[7.057867,4.863624],[7.057861,4.863651],[7.057909,4.863662],[7.057895,4.863725],[7.057726,4.863687],[7.057745,4.863597],[7.057867,4.863624]]]}},{"type":"Feature","properties":{"h":3.0,"on_route":false},"geometry":{"type":"Polygon","coordinates":[[[7.059137,4.859417],[7.059064,4.859531],[7.058982,4.859478],[7.059054,4.859364],[7.059137,4.859417]]]}},{"type":"Feature","properties":{"h":3.0,"on_route":true},"geometry":{"type":"Polygon","coordinates":[[[7.057168,4.861986],[7.05716,4.862072],[7.057101,4.862067],[7.057108,4.861981],[7.057168,4.861986]]]}},{"type":"Feature","properties":{"h":3.0,"on_route":false},"geometry":{"type":"Polygon","coordinates":[[[7.054458,4.858775],[7.054442,4.858851],[7.054059,4.858769],[7.054075,4.858693],[7.054458,4.858775]]]}},{"type":"Feature","properties":{"h":3.0,"on_route":false},"geometry":{"type":"Polygon","coordinates":[[[7.057486,4.860416],[7.057455,4.86051],[7.057373,4.860482],[7.057405,4.860388],[7.057486,4.860416]]]}},{"type":"Feature","properties":{"h":3.0,"on_route":false},"geometry":{"type":"Polygon","coordinates":[[[7.058254,4.862781],[7.058244,4.862836],[7.058197,4.862827],[7.058207,4.862772],[7.058254,4.862781]]]}},{"type":"Feature","properties":{"h":3.0,"on_route":false},"geometry":{"type":"Polygon","coordinates":[[[7.057016,4.86325],[7.057004,4.863283],[7.056987,4.863277],[7.056962,4.863345],[7.056903,4.863324],[7.05694,4.863222],[7.057016,4.86325]]]}},{"type":"Feature","properties":{"h":3.0,"on_route":false},"geometry":{"type":"Polygon","coordinates":[[[7.058687,4.857173],[7.058662,4.857293],[7.058604,4.85728],[7.058629,4.85716],[7.058687,4.857173]]]}},{"type":"Feature","properties":{"h":3.0,"on_route":false},"geometry":{"type":"Polygon","coordinates":[[[7.05756,4.862705],[7.057555,4.862761],[7.05748,4.862754],[7.057485,4.862698],[7.05756,4.862705]]]}},{"type":"Feature","properties":{"h":3.0,"on_route":false},"geometry":{"type":"Polygon","coordinates":[[[7.055666,4.858824],[7.055556,4.858878],[7.055522,4.858809],[7.055632,4.858755],[7.055666,4.858824]]]}},{"type":"Feature","properties":{"h":3.0,"on_route":false},"geometry":{"type":"Polygon","coordinates":[[[7.05949,4.859331],[7.059437,4.859449],[7.05937,4.859419],[7.059423,4.859301],[7.05949,4.859331]]]}},{"type":"Feature","properties":{"h":3.0,"on_route":false},"geometry":{"type":"Polygon","coordinates":[[[7.058991,4.858766],[7.058969,4.858827],[7.058847,4.858782],[7.05887,4.858721],[7.058991,4.858766]]]}},{"type":"Feature","properties":{"h":3.0,"on_route":false},"geometry":{"type":"Polygon","coordinates":[[[7.056984,4.863387],[7.056952,4.863369],[7.056999,4.863282],[7.057031,4.8633],[7.056984,4.863387]]]}},{"type":"Feature","properties":{"h":3.0,"on_route":false},"geometry":{"type":"Polygon","coordinates":[[[7.0579,4.859085],[7.057898,4.859156],[7.057825,4.859153],[7.057827,4.859083],[7.0579,4.859085]]]}},{"type":"Feature","properties":{"h":3.0,"on_route":false},"geometry":{"type":"Polygon","coordinates":[[[7.059391,4.860539],[7.05935,4.860591],[7.059265,4.860524],[7.059306,4.860471],[7.059391,4.860539]]]}},{"type":"Feature","properties":{"h":3.0,"on_route":false},"geometry":{"type":"Polygon","coordinates":[[[7.054857,4.862338],[7.054863,4.862401],[7.054827,4.862404],[7.054821,4.862341],[7.054857,4.862338]]]}},{"type":"Feature","properties":{"h":3.0,"on_route":false},"geometry":{"type":"Polygon","coordinates":[[[7.058969,4.861464],[7.058918,4.861409],[7.059019,4.861315],[7.05907,4.861371],[7.058969,4.861464]]]}},{"type":"Feature","properties":{"h":3.0,"on_route":false},"geometry":{"type":"Polygon","coordinates":[[[7.059231,4.857652],[7.059135,4.857868],[7.059044,4.857828],[7.05914,4.857612],[7.059231,4.857652]]]}},{"type":"Feature","properties":{"h":3.0,"on_route":false},"geometry":{"type":"Polygon","coordinates":[[[7.058342,4.857418],[7.058324,4.857472],[7.058266,4.857453],[7.058285,4.857399],[7.058342,4.857418]]]}},{"type":"Feature","properties":{"h":3.0,"on_route":false},"geometry":{"type":"Polygon","coordinates":[[[7.053991,4.86275],[7.05399,4.86277],[7.054021,4.862772],[7.054022,4.862752],[7.054089,4.862755],[7.054085,4.862835],[7.053933,4.862828],[7.053937,4.862747],[7.053991,4.86275]]]}},{"type":"Feature","properties":{"h":3.0,"on_route":false},"geometry":{"type":"Polygon","coordinates":[[[7.056475,4.858497],[7.056473,4.858564],[7.056327,4.858559],[7.056329,4.858492],[7.056475,4.858497]]]}},{"type":"Feature","properties":{"h":3.0,"on_route":false},"geometry":{"type":"Polygon","coordinates":[[[7.059103,4.861407],[7.059065,4.861442],[7.059032,4.861407],[7.05907,4.861371],[7.059103,4.861407]]]}},{"type":"Feature","properties":{"h":3.0,"on_route":false},"geometry":{"type":"Polygon","coordinates":[[[7.055322,4.864891],[7.055276,4.864902],[7.055259,4.864828],[7.055304,4.864817],[7.055322,4.864891]]]}},{"type":"Feature","properties":{"h":3.0,"on_route":false},"geometry":{"type":"Polygon","coordinates":[[[7.060257,4.862491],[7.060333,4.862586],[7.060298,4.862615],[7.060222,4.86252],[7.060257,4.862491]]]}},{"type":"Feature","properties":{"h":3.0,"on_route":false},"geometry":{"type":"Polygon","coordinates":[[[7.058231,4.859877],[7.058226,4.859909],[7.058179,4.859902],[7.058185,4.859869],[7.058231,4.859877]]]}},{"type":"Feature","properties":{"h":3.0,"on_route":false},"geometry":{"type":"Polygon","coordinates":[[[7.053896,4.858886],[7.053888,4.858928],[7.053835,4.858917],[7.053843,4.858876],[7.053896,4.858886]]]}},{"type":"Feature","properties":{"h":3.0,"on_route":false},"geometry":{"type":"Polygon","coordinates":[[[7.057782,4.860358],[7.057777,4.860378],[7.057765,4.860375],[7.057759,4.860401],[7.057825,4.860417],[7.057805,4.860498],[7.057687,4.860469],[7.057718,4.860342],[7.057782,4.860358]]]}},{"type":"Feature","properties":{"h":3.0,"on_route":true},"geometry":{"type":"Polygon","coordinates":[[[7.057111,4.863073],[7.057086,4.863141],[7.056966,4.863097],[7.056991,4.863029],[7.057111,4.863073]]]}},{"type":"Feature","properties":{"h":3.0,"on_route":false},"geometry":{"type":"Polygon","coordinates":[[[7.05692,4.858862],[7.056753,4.858857],[7.056755,4.858748],[7.056923,4.858752],[7.05692,4.858862]]]}},{"type":"Feature","properties":{"h":3.0,"on_route":false},"geometry":{"type":"Polygon","coordinates":[[[7.054658,4.864034],[7.054571,4.863983],[7.054697,4.863767],[7.054784,4.863818],[7.054658,4.864034]]]}},{"type":"Feature","properties":{"h":3.0,"on_route":false},"geometry":{"type":"Polygon","coordinates":[[[7.057644,4.862158],[7.057634,4.862271],[7.05758,4.862266],[7.05759,4.862154],[7.057644,4.862158]]]}},{"type":"Feature","properties":{"h":3.0,"on_route":false},"geometry":{"type":"Polygon","coordinates":[[[7.057265,4.861998],[7.057257,4.862087],[7.057179,4.862079],[7.057188,4.86199],[7.057265,4.861998]]]}},{"type":"Feature","properties":{"h":3.0,"on_route":false},"geometry":{"type":"Polygon","coordinates":[[[7.057994,4.858255],[7.057986,4.858378],[7.057926,4.858374],[7.057934,4.858251],[7.057994,4.858255]]]}},{"type":"Feature","properties":{"h":3.0,"on_route":false},"geometry":{"type":"Polygon","coordinates":[[[7.058914,4.859742],[7.058889,4.859798],[7.058766,4.859743],[7.058791,4.859687],[7.058914,4.859742]]]}},{"type":"Feature","properties":{"h":3.0,"on_route":false},"geometry":{"type":"Polygon","coordinates":[[[7.055522,4.859888],[7.055835,4.859901],[7.055832,4.859975],[7.055797,4.859973],[7.055796,4.860003],[7.055682,4.859998],[7.055683,4.859969],[7.055636,4.859967],[7.055635,4.859996],[7.055517,4.859991],[7.055522,4.859888]]]}},{"type":"Feature","properties":{"h":3.0,"on_route":false},"geometry":{"type":"Polygon","coordinates":[[[7.060036,4.86186],[7.059995,4.861895],[7.05991,4.861796],[7.059952,4.86176],[7.060036,4.86186]]]}},{"type":"Feature","properties":{"h":3.0,"on_route":false},"geometry":{"type":"Polygon","coordinates":[[[7.055826,4.858391],[7.05585,4.858546],[7.055794,4.858554],[7.055771,4.8584],[7.055826,4.858391]]]}},{"type":"Feature","properties":{"h":3.0,"on_route":false},"geometry":{"type":"Polygon","coordinates":[[[7.057192,4.857961],[7.057184,4.858098],[7.057117,4.858095],[7.057124,4.857957],[7.057192,4.857961]]]}},{"type":"Feature","properties":{"h":3.0,"on_route":false},"geometry":{"type":"Polygon","coordinates":[[[7.06048,4.860411],[7.060448,4.86047],[7.060367,4.860426],[7.060399,4.860367],[7.06048,4.860411]]]}},{"type":"Feature","properties":{"h":3.0,"on_route":false},"geometry":{"type":"Polygon","coordinates":[[[7.053983,4.859335],[7.053952,4.859453],[7.053757,4.859401],[7.053788,4.859284],[7.053983,4.859335]]]}},{"type":"Feature","properties":{"h":3.0,"on_route":false},"geometry":{"type":"Polygon","coordinates":[[[7.05574,4.862669],[7.055737,4.862706],[7.055681,4.862702],[7.055684,4.862665],[7.05574,4.862669]]]}},{"type":"Feature","properties":{"h":3.0,"on_route":false},"geometry":{"type":"Polygon","coordinates":[[[7.058148,4.85867],[7.058273,4.858664],[7.058277,4.858758],[7.058301,4.858757],[7.058303,4.858809],[7.058154,4.858815],[7.058148,4.85867]]]}},{"type":"Feature","properties":{"h":3.0,"on_route":false},"geometry":{"type":"Polygon","coordinates":[[[7.060133,4.860121],[7.060117,4.860143],[7.060147,4.860164],[7.060072,4.860269],[7.059909,4.86015],[7.059968,4.860067],[7.059897,4.860015],[7.059928,4.859973],[7.060133,4.860121]]]}},{"type":"Feature","properties":{"h":3.0,"on_route":false},"geometry":{"type":"Polygon","coordinates":[[[7.05581,4.863538],[7.055764,4.86368],[7.055708,4.863661],[7.055754,4.863519],[7.05581,4.863538]]]}},{"type":"Feature","properties":{"h":3.0,"on_route":false},"geometry":{"type":"Polygon","coordinates":[[[7.058669,4.861457],[7.058552,4.861609],[7.058506,4.861573],[7.058598,4.861454],[7.058579,4.86144],[7.058605,4.861407],[7.058669,4.861457]]]}},{"type":"Feature","properties":{"h":3.0,"on_route":false},"geometry":{"type":"Polygon","coordinates":[[[7.054111,4.861471],[7.054109,4.861543],[7.054007,4.86154],[7.054009,4.861469],[7.054111,4.861471]]]}},{"type":"Feature","properties":{"h":3.0,"on_route":false},"geometry":{"type":"Polygon","coordinates":[[[7.056117,4.863059],[7.056102,4.86312],[7.05612,4.863125],[7.056109,4.863171],[7.056091,4.863167],[7.056077,4.863222],[7.055956,4.863192],[7.055995,4.86303],[7.056117,4.863059]]]}},{"type":"Feature","properties":{"h":3.0,"on_route":false},"geometry":{"type":"Polygon","coordinates":[[[7.057373,4.860863],[7.057358,4.86099],[7.057275,4.86098],[7.057289,4.860853],[7.057373,4.860863]]]}},{"type":"Feature","properties":{"h":3.0,"on_route":false},"geometry":{"type":"Polygon","coordinates":[[[7.055135,4.861363],[7.055132,4.861542],[7.055011,4.86154],[7.055012,4.861495],[7.05506,4.861496],[7.055062,4.861362],[7.055135,4.861363]]]}},{"type":"Feature","properties":{"h":3.0,"on_route":false},"geometry":{"type":"Polygon","coordinates":[[[7.058914,4.85792],[7.05888,4.858027],[7.058802,4.858003],[7.058835,4.857894],[7.058914,4.85792]]]}},{"type":"Feature","properties":{"h":3.0,"on_route":false},"geometry":{"type":"Polygon","coordinates":[[[7.053437,4.861671],[7.053267,4.861662],[7.053271,4.861579],[7.05339,4.861585],[7.053391,4.861562],[7.053442,4.861564],[7.053437,4.861671]]]}},{"type":"Feature","properties":{"h":3.0,"on_route":false},"geometry":{"type":"Polygon","coordinates":[[[7.058189,4.85939],[7.058198,4.859582],[7.058083,4.859587],[7.058074,4.859395],[7.058189,4.85939]]]}},{"type":"Feature","properties":{"h":3.0,"on_route":false},"geometry":{"type":"Polygon","coordinates":[[[7.05406,4.860858],[7.053833,4.860869],[7.053827,4.860751],[7.054054,4.86074],[7.05406,4.860858]]]}},{"type":"Feature","properties":{"h":3.0,"on_route":false},"geometry":{"type":"Polygon","coordinates":[[[7.053803,4.860886],[7.053802,4.860932],[7.053771,4.860932],[7.053772,4.860885],[7.053803,4.860886]]]}},{"type":"Feature","properties":{"h":3.0,"on_route":false},"geometry":{"type":"Polygon","coordinates":[[[7.058248,4.858288],[7.058046,4.858239],[7.058067,4.858151],[7.058208,4.858185],[7.058234,4.858076],[7.058295,4.85809],[7.058248,4.858288]]]}},{"type":"Feature","properties":{"h":3.0,"on_route":false},"geometry":{"type":"Polygon","coordinates":[[[7.058818,4.863139],[7.058697,4.86323],[7.058646,4.863161],[7.058766,4.86307],[7.058818,4.863139]]]}},{"type":"Feature","properties":{"h":3.0,"on_route":false},"geometry":{"type":"Polygon","coordinates":[[[7.057641,4.857],[7.057568,4.856995],[7.057564,4.857046],[7.057391,4.857034],[7.057398,4.856941],[7.057513,4.856949],[7.057519,4.856858],[7.057592,4.856863],[7.05759,4.856887],[7.057648,4.856891],[7.057641,4.857]]]}},{"type":"Feature","properties":{"h":3.0,"on_route":false},"geometry":{"type":"Polygon","coordinates":[[[7.055084,4.858628],[7.055064,4.858762],[7.055002,4.858753],[7.055022,4.858619],[7.055084,4.858628]]]}},{"type":"Feature","properties":{"h":3.0,"on_route":false},"geometry":{"type":"Polygon","coordinates":[[[7.05345,4.860894],[7.053445,4.860983],[7.053275,4.860974],[7.05328,4.860885],[7.05345,4.860894]]]}},{"type":"Feature","properties":{"h":3.0,"on_route":false},"geometry":{"type":"Polygon","coordinates":[[[7.056037,4.862602],[7.056012,4.862777],[7.055992,4.862774],[7.055982,4.862847],[7.055804,4.862821],[7.055815,4.862748],[7.055852,4.862754],[7.055877,4.862579],[7.056037,4.862602]]]}},{"type":"Feature","properties":{"h":3.0,"on_route":false},"geometry":{"type":"Polygon","coordinates":[[[7.056441,4.861435],[7.056427,4.861519],[7.056299,4.861496],[7.056314,4.861413],[7.056441,4.861435]]]}},{"type":"Feature","properties":{"h":3.0,"on_route":false},"geometry":{"type":"Polygon","coordinates":[[[7.056777,4.858334],[7.056775,4.858413],[7.056659,4.858409],[7.056661,4.85833],[7.056777,4.858334]]]}},{"type":"Feature","properties":{"h":3.0,"on_route":true},"geometry":{"type":"Polygon","coordinates":[[[7.057984,4.864146],[7.057965,4.864186],[7.057852,4.864132],[7.057871,4.864092],[7.057984,4.864146]]]}},{"type":"Feature","properties":{"h":3.0,"on_route":false},"geometry":{"type":"Polygon","coordinates":[[[7.057272,4.860687],[7.057265,4.860744],[7.057217,4.860738],[7.057224,4.860681],[7.057272,4.860687]]]}},{"type":"Feature","properties":{"h":3.0,"on_route":false},"geometry":{"type":"Polygon","coordinates":[[[7.054279,4.864621],[7.054279,4.864652],[7.054256,4.864652],[7.054256,4.864621],[7.054279,4.864621]]]}},{"type":"Feature","properties":{"h":3.0,"on_route":false},"geometry":{"type":"Polygon","coordinates":[[[7.055614,4.862192],[7.05561,4.862249],[7.055507,4.862242],[7.055511,4.862185],[7.055614,4.862192]]]}},{"type":"Feature","properties":{"h":3.0,"on_route":false},"geometry":{"type":"Polygon","coordinates":[[[7.056163,4.861993],[7.056158,4.86206],[7.056097,4.862055],[7.056102,4.861989],[7.056163,4.861993]]]}},{"type":"Feature","properties":{"h":3.0,"on_route":true},"geometry":{"type":"Polygon","coordinates":[[[7.057143,4.862898],[7.057108,4.862995],[7.056967,4.862944],[7.056987,4.862889],[7.05701,4.862897],[7.057017,4.86288],[7.056993,4.862872],[7.057003,4.862846],[7.057143,4.862898]]]}},{"type":"Feature","properties":{"h":3.0,"on_route":false},"geometry":{"type":"Polygon","coordinates":[[[7.058311,4.863504],[7.058314,4.863497],[7.058355,4.863512],[7.058311,4.863631],[7.05827,4.863616],[7.058277,4.863596],[7.058187,4.863562],[7.05818,4.863582],[7.058139,4.863567],[7.058181,4.863455],[7.058311,4.863504]]]}},{"type":"Feature","properties":{"h":3.0,"on_route":false},"geometry":{"type":"Polygon","coordinates":[[[7.055211,4.862081],[7.055103,4.862088],[7.0551,4.862048],[7.054956,4.862058],[7.05495,4.861979],[7.055203,4.861961],[7.055211,4.862081]]]}},{"type":"Feature","properties":{"h":3.0,"on_route":false},"geometry":{"type":"Polygon","coordinates":[[[7.060301,4.860322],[7.060284,4.860368],[7.060252,4.860355],[7.060269,4.86031],[7.060301,4.860322]]]}},{"type":"Feature","properties":{"h":3.0,"on_route":false},"geometry":{"type":"Polygon","coordinates":[[[7.058541,4.861663],[7.058504,4.861789],[7.058431,4.861767],[7.058468,4.861641],[7.058541,4.861663]]]}},{"type":"Feature","properties":{"h":3.0,"on_route":false},"geometry":{"type":"Polygon","coordinates":[[[7.057981,4.860317],[7.057966,4.86036],[7.057922,4.860345],[7.057936,4.860302],[7.057981,4.860317]]]}},{"type":"Feature","properties":{"h":3.0,"on_route":false},"geometry":{"type":"Polygon","coordinates":[[[7.060091,4.859627],[7.060065,4.859611],[7.060092,4.859568],[7.060118,4.859585],[7.060091,4.859627]]]}},{"type":"Feature","properties":{"h":3.0,"on_route":false},"geometry":{"type":"Polygon","coordinates":[[[7.059822,4.859541],[7.05971,4.8597],[7.059665,4.859668],[7.059742,4.859558],[7.059723,4.859544],[7.059653,4.859643],[7.0596,4.859605],[7.059705,4.859458],[7.059822,4.859541]]]}},{"type":"Feature","properties":{"h":3.0,"on_route":false},"geometry":{"type":"Polygon","coordinates":[[[7.056229,4.858388],[7.056118,4.858416],[7.056092,4.858311],[7.056203,4.858283],[7.056229,4.858388]]]}},{"type":"Feature","properties":{"h":3.0,"on_route":false},"geometry":{"type":"Polygon","coordinates":[[[7.057993,4.859794],[7.057989,4.85972],[7.058085,4.859715],[7.058089,4.859789],[7.057993,4.859794]]]}},{"type":"Feature","properties":{"h":3.0,"on_route":false},"geometry":{"type":"Polygon","coordinates":[[[7.060245,4.859941],[7.060164,4.859874],[7.060248,4.859771],[7.060329,4.859837],[7.060245,4.859941]]]}},{"type":"Feature","properties":{"h":3.0,"on_route":false},"geometry":{"type":"Polygon","coordinates":[[[7.055467,4.858798],[7.055494,4.85889],[7.055449,4.858903],[7.055422,4.858811],[7.055467,4.858798]]]}},{"type":"Feature","properties":{"h":3.0,"on_route":false},"geometry":{"type":"Polygon","coordinates":[[[7.05715,4.856911],[7.057141,4.857034],[7.057078,4.857029],[7.057084,4.856949],[7.057062,4.856947],[7.057065,4.856905],[7.05715,4.856911]]]}},{"type":"Feature","properties":{"h":3.0,"on_route":false},"geometry":{"type":"Polygon","coordinates":[[[7.056633,4.864556],[7.056628,4.864603],[7.056575,4.864597],[7.056579,4.86455],[7.056633,4.864556]]]}},{"type":"Feature","properties":{"h":3.0,"on_route":false},"geometry":{"type":"Polygon","coordinates":[[[7.058984,4.858409],[7.058939,4.858518],[7.058873,4.858491],[7.058918,4.858382],[7.058984,4.858409]]]}},{"type":"Feature","properties":{"h":3.0,"on_route":false},"geometry":{"type":"Polygon","coordinates":[[[7.057771,4.862283],[7.057758,4.862423],[7.057654,4.862413],[7.057667,4.862274],[7.057771,4.862283]]]}},{"type":"Feature","properties":{"h":3.0,"on_route":false},"geometry":{"type":"Polygon","coordinates":[[[7.060729,4.860166],[7.060657,4.860254],[7.060497,4.860122],[7.06057,4.860034],[7.060729,4.860166]]]}},{"type":"Feature","properties":{"h":3.0,"on_route":false},"geometry":{"type":"Polygon","coordinates":[[[7.058776,4.858421],[7.058722,4.858551],[7.058609,4.858504],[7.058662,4.858374],[7.058776,4.858421]]]}},{"type":"Feature","properties":{"h":3.0,"on_route":false},"geometry":{"type":"Polygon","coordinates":[[[7.054572,4.862568],[7.054525,4.862574],[7.054521,4.862544],[7.05446,4.862552],[7.054451,4.862486],[7.054512,4.862478],[7.05451,4.862461],[7.054557,4.862455],[7.054572,4.862568]]]}},{"type":"Feature","properties":{"h":3.0,"on_route":false},"geometry":{"type":"Polygon","coordinates":[[[7.058566,4.857607],[7.058546,4.857661],[7.05845,4.857624],[7.05847,4.857571],[7.058566,4.857607]]]}},{"type":"Feature","properties":{"h":3.0,"on_route":false},"geometry":{"type":"Polygon","coordinates":[[[7.058877,4.861821],[7.058846,4.861878],[7.058772,4.861837],[7.058804,4.86178],[7.058877,4.861821]]]}},{"type":"Feature","properties":{"h":3.0,"on_route":false},"geometry":{"type":"Polygon","coordinates":[[[7.056379,4.859888],[7.056374,4.859994],[7.056278,4.859989],[7.056283,4.859883],[7.056379,4.859888]]]}},{"type":"Feature","properties":{"h":3.0,"on_route":false},"geometry":{"type":"Polygon","coordinates":[[[7.055648,4.862456],[7.055645,4.862511],[7.055579,4.862507],[7.055583,4.862452],[7.055648,4.862456]]]}},{"type":"Feature","properties":{"h":3.0,"on_route":false},"geometry":{"type":"Polygon","coordinates":[[[7.056057,4.858416],[7.056122,4.858413],[7.056124,4.858459],[7.056188,4.858456],[7.05619,4.858504],[7.056062,4.858511],[7.056057,4.858416]]]}},{"type":"Feature","properties":{"h":3.0,"on_route":false},"geometry":{"type":"Polygon","coordinates":[[[7.055806,4.857971],[7.055818,4.858083],[7.055707,4.858095],[7.055695,4.857984],[7.055806,4.857971]]]}},{"type":"Feature","properties":{"h":3.0,"on_route":false},"geometry":{"type":"Polygon","coordinates":[[[7.058753,4.858194],[7.058738,4.858253],[7.058684,4.858239],[7.058699,4.85818],[7.058753,4.858194]]]}},{"type":"Feature","properties":{"h":3.0,"on_route":false},"geometry":{"type":"Polygon","coordinates":[[[7.060389,4.859575],[7.060355,4.859617],[7.060242,4.859525],[7.060275,4.859483],[7.060389,4.859575]]]}},{"type":"Feature","properties":{"h":3.0,"on_route":false},"geometry":{"type":"Polygon","coordinates":[[[7.057282,4.861183],[7.057275,4.861238],[7.05721,4.861231],[7.057216,4.861175],[7.057282,4.861183]]]}},{"type":"Feature","properties":{"h":3.0,"on_route":false},"geometry":{"type":"Polygon","coordinates":[[[7.05932,4.860425],[7.059292,4.86046],[7.059214,4.860399],[7.059242,4.860363],[7.05932,4.860425]]]}},{"type":"Feature","properties":{"h":3.0,"on_route":false},"geometry":{"type":"Polygon","coordinates":[[[7.053373,4.86049],[7.05337,4.860535],[7.053226,4.860525],[7.053229,4.86048],[7.053373,4.86049]]]}},{"type":"Feature","properties":{"h":3.0,"on_route":false},"geometry":{"type":"Polygon","coordinates":[[[7.058819,4.860453],[7.058787,4.860556],[7.05871,4.860532],[7.058742,4.860429],[7.058819,4.860453]]]}},{"type":"Feature","properties":{"h":3.0,"on_route":false},"geometry":{"type":"Polygon","coordinates":[[[7.060097,4.862291],[7.060018,4.862343],[7.059991,4.862302],[7.060069,4.862249],[7.060097,4.862291]]]}},{"type":"Feature","properties":{"h":3.0,"on_route":false},"geometry":{"type":"Polygon","coordinates":[[[7.05412,4.863203],[7.054118,4.863225],[7.05416,4.863229],[7.054147,4.863361],[7.054051,4.863351],[7.054049,4.863377],[7.053967,4.863369],[7.053977,4.863276],[7.054022,4.86328],[7.054031,4.863194],[7.05412,4.863203]]]}},{"type":"Feature","properties":{"h":3.0,"on_route":false},"geometry":{"type":"Polygon","coordinates":[[[7.054036,4.86374],[7.053978,4.86371],[7.054065,4.863548],[7.054122,4.863579],[7.054036,4.86374]]]}},{"type":"Feature","properties":{"h":3.0,"on_route":false},"geometry":{"type":"Polygon","coordinates":[[[7.055545,4.860396],[7.055534,4.860497],[7.055414,4.860484],[7.055424,4.860383],[7.055545,4.860396]]]}},{"type":"Feature","properties":{"h":3.0,"on_route":false},"geometry":{"type":"Polygon","coordinates":[[[7.056656,4.859783],[7.056647,4.85997],[7.056515,4.859964],[7.056524,4.859776],[7.056656,4.859783]]]}},{"type":"Feature","properties":{"h":3.0,"on_route":false},"geometry":{"type":"Polygon","coordinates":[[[7.059722,4.860892],[7.059673,4.860963],[7.05954,4.86087],[7.05959,4.8608],[7.059722,4.860892]]]}},{"type":"Feature","properties":{"h":3.0,"on_route":false},"geometry":{"type":"Polygon","coordinates":[[[7.058756,4.85999],[7.058749,4.860015],[7.058717,4.860007],[7.058723,4.859981],[7.058756,4.85999]]]}},{"type":"Feature","properties":{"h":3.0,"on_route":false},"geometry":{"type":"Polygon","coordinates":[[[7.055108,4.864429],[7.055026,4.864485],[7.054986,4.864427],[7.055068,4.86437],[7.055108,4.864429]]]}},{"type":"Feature","properties":{"h":3.0,"on_route":false},"geometry":{"type":"Polygon","coordinates":[[[7.056304,4.862512],[7.056284,4.862604],[7.056232,4.862593],[7.056239,4.862562],[7.056144,4.862541],[7.056157,4.862479],[7.056304,4.862512]]]}},{"type":"Feature","properties":{"h":3.0,"on_route":false},"geometry":{"type":"Polygon","coordinates":[[[7.055908,4.857994],[7.055935,4.858249],[7.055837,4.858259],[7.05581,4.858005],[7.055908,4.857994]]]}},{"type":"Feature","properties":{"h":3.0,"on_route":false},"geometry":{"type":"Polygon","coordinates":[[[7.05452,4.862365],[7.054338,4.862389],[7.054331,4.862336],[7.054513,4.862312],[7.05452,4.862365]]]}},{"type":"Feature","properties":{"h":3.0,"on_route":false},"geometry":{"type":"Polygon","coordinates":[[[7.05421,4.864116],[7.054173,4.864196],[7.054145,4.864182],[7.05413,4.864213],[7.053946,4.864125],[7.053999,4.864015],[7.05421,4.864116]]]}},{"type":"Feature","properties":{"h":3.0,"on_route":false},"geometry":{"type":"Polygon","coordinates":[[[7.053734,4.85914],[7.053672,4.859378],[7.053517,4.859337],[7.053536,4.859265],[7.053555,4.85927],[7.053598,4.859105],[7.053734,4.85914]]]}},{"type":"Feature","properties":{"h":3.0,"on_route":false},"geometry":{"type":"Polygon","coordinates":[[[7.056176,4.862278],[7.056168,4.862333],[7.056128,4.862328],[7.056136,4.862272],[7.056176,4.862278]]]}},{"type":"Feature","properties":{"h":3.0,"on_route":false},"geometry":{"type":"Polygon","coordinates":[[[7.057846,4.857995],[7.05784,4.858108],[7.057778,4.858105],[7.057783,4.857992],[7.057846,4.857995]]]}},{"type":"Feature","properties":{"h":3.0,"on_route":false},"geometry":{"type":"Polygon","coordinates":[[[7.058148,4.863336],[7.058143,4.863457],[7.058014,4.863451],[7.058019,4.86333],[7.058148,4.863336]]]}},{"type":"Feature","properties":{"h":3.0,"on_route":false},"geometry":{"type":"Polygon","coordinates":[[[7.05403,4.859538],[7.054035,4.859504],[7.054194,4.859529],[7.054177,4.859641],[7.053983,4.859611],[7.053996,4.859533],[7.05403,4.859538]]]}},{"type":"Feature","properties":{"h":3.0,"on_route":false},"geometry":{"type":"Polygon","coordinates":[[[7.058259,4.862337],[7.058261,4.862366],[7.058174,4.862371],[7.058172,4.862343],[7.058259,4.862337]]]}},{"type":"Feature","properties":{"h":3.0,"on_route":false},"geometry":{"type":"Polygon","coordinates":[[[7.060213,4.862235],[7.060118,4.862291],[7.060088,4.862241],[7.060183,4.862185],[7.060213,4.862235]]]}},{"type":"Feature","properties":{"h":3.0,"on_route":false},"geometry":{"type":"Polygon","coordinates":[[[7.057389,4.864836],[7.057349,4.864974],[7.057259,4.864947],[7.057251,4.864976],[7.057198,4.86496],[7.057247,4.864794],[7.057389,4.864836]]]}},{"type":"Feature","properties":{"h":3.0,"on_route":false},"geometry":{"type":"Polygon","coordinates":[[[7.058456,4.860579],[7.058443,4.860628],[7.058376,4.86061],[7.058389,4.860561],[7.058456,4.860579]]]}},{"type":"Feature","properties":{"h":3.0,"on_route":false},"geometry":{"type":"Polygon","coordinates":[[[7.06012,4.859505],[7.060087,4.859567],[7.05992,4.859476],[7.059954,4.859414],[7.06012,4.859505]]]}},{"type":"Feature","properties":{"h":3.0,"on_route":false},"geometry":{"type":"Polygon","coordinates":[[[7.053891,4.860655],[7.053887,4.860742],[7.053824,4.860739],[7.053828,4.860652],[7.053891,4.860655]]]}},{"type":"Feature","properties":{"h":3.0,"on_route":false},"geometry":{"type":"Polygon","coordinates":[[[7.060801,4.859696],[7.06076,4.859747],[7.060605,4.85962],[7.060646,4.859569],[7.060801,4.859696]]]}},{"type":"Feature","properties":{"h":3.0,"on_route":false},"geometry":{"type":"Polygon","coordinates":[[[7.058852,4.862299],[7.058865,4.862281],[7.058991,4.862371],[7.058907,4.862489],[7.058789,4.862404],[7.058807,4.862379],[7.058686,4.862292],[7.058739,4.862217],[7.058852,4.862299]]]}},{"type":"Feature","properties":{"h":3.0,"on_route":false},"geometry":{"type":"Polygon","coordinates":[[[7.057683,4.861305],[7.057636,4.861294],[7.057657,4.8612],[7.057704,4.861211],[7.057683,4.861305]]]}},{"type":"Feature","properties":{"h":3.0,"on_route":false},"geometry":{"type":"Polygon","coordinates":[[[7.053324,4.861355],[7.053323,4.861396],[7.053265,4.861395],[7.053265,4.861354],[7.053324,4.861355]]]}},{"type":"Feature","properties":{"h":3.0,"on_route":false},"geometry":{"type":"Polygon","coordinates":[[[7.058798,4.861661],[7.058766,4.86171],[7.058706,4.861672],[7.058738,4.861622],[7.058798,4.861661]]]}},{"type":"Feature","properties":{"h":3.0,"on_route":true},"geometry":{"type":"Polygon","coordinates":[[[7.0575,4.863043],[7.057484,4.863102],[7.057527,4.863113],[7.057499,4.86322],[7.057402,4.863194],[7.057446,4.863028],[7.0575,4.863043]]]}},{"type":"Feature","properties":{"h":3.0,"on_route":false},"geometry":{"type":"Polygon","coordinates":[[[7.053054,4.861695],[7.05305,4.861742],[7.052938,4.861732],[7.052942,4.861685],[7.053054,4.861695]]]}},{"type":"Feature","properties":{"h":3.0,"on_route":false},"geometry":{"type":"Polygon","coordinates":[[[7.055094,4.857205],[7.055109,4.857338],[7.055056,4.857344],[7.055053,4.85732],[7.055014,4.857325],[7.055001,4.857215],[7.055094,4.857205]]]}},{"type":"Feature","properties":{"h":3.0,"on_route":false},"geometry":{"type":"Polygon","coordinates":[[[7.059166,4.858178],[7.059117,4.858156],[7.059201,4.857971],[7.05925,4.857994],[7.059166,4.858178]]]}},{"type":"Feature","properties":{"h":3.0,"on_route":true},"geometry":{"type":"Polygon","coordinates":[[[7.057688,4.86377],[7.057655,4.86384],[7.057612,4.863819],[7.057645,4.86375],[7.057688,4.86377]]]}},{"type":"Feature","properties":{"h":3.0,"on_route":false},"geometry":{"type":"Polygon","coordinates":[[[7.055873,4.861318],[7.055742,4.861298],[7.05574,4.861309],[7.055759,4.861312],[7.055753,4.861354],[7.055643,4.861336],[7.055662,4.861217],[7.055753,4.861232],[7.055762,4.861169],[7.055834,4.86118],[7.055844,4.861119],[7.055903,4.861128],[7.055873,4.861318]]]}},{"type":"Feature","properties":{"h":3.0,"on_route":false},"geometry":{"type":"Polygon","coordinates":[[[7.05811,4.86098],[7.058057,4.861142],[7.057994,4.861121],[7.058047,4.860959],[7.05811,4.86098]]]}},{"type":"Feature","properties":{"h":3.0,"on_route":false},"geometry":{"type":"Polygon","coordinates":[[[7.059258,4.860209],[7.059203,4.860169],[7.059264,4.860087],[7.059318,4.860127],[7.059258,4.860209]]]}},{"type":"Feature","properties":{"h":3.0,"on_route":false},"geometry":{"type":"Polygon","coordinates":[[[7.059271,4.858286],[7.059237,4.85837],[7.05918,4.858347],[7.059214,4.858263],[7.059271,4.858286]]]}},{"type":"Feature","properties":{"h":3.0,"on_route":false},"geometry":{"type":"Polygon","coordinates":[[[7.058753,4.859892],[7.058721,4.85998],[7.058676,4.859963],[7.058708,4.859876],[7.058753,4.859892]]]}},{"type":"Feature","properties":{"h":3.0,"on_route":false},"geometry":{"type":"Polygon","coordinates":[[[7.057645,4.861193],[7.057631,4.861245],[7.057606,4.861337],[7.057487,4.861305],[7.057526,4.861161],[7.057645,4.861193]]]}},{"type":"Feature","properties":{"h":3.0,"on_route":false},"geometry":{"type":"Polygon","coordinates":[[[7.05939,4.859386],[7.059362,4.859441],[7.059253,4.859386],[7.05928,4.85933],[7.05939,4.859386]]]}},{"type":"Feature","properties":{"h":3.0,"on_route":false},"geometry":{"type":"Polygon","coordinates":[[[7.059499,4.861407],[7.059403,4.861525],[7.059355,4.861486],[7.059451,4.861368],[7.059499,4.861407]]]}},{"type":"Feature","properties":{"h":3.0,"on_route":false},"geometry":{"type":"Polygon","coordinates":[[[7.055487,4.862247],[7.055251,4.862265],[7.055246,4.862196],[7.055481,4.862178],[7.055487,4.862247]]]}},{"type":"Feature","properties":{"h":3.0,"on_route":false},"geometry":{"type":"Polygon","coordinates":[[[7.057684,4.86023],[7.057639,4.860213],[7.057689,4.860081],[7.057733,4.860097],[7.057684,4.86023]]]}},{"type":"Feature","properties":{"h":3.0,"on_route":false},"geometry":{"type":"Polygon","coordinates":[[[7.053337,4.859639],[7.053333,4.859686],[7.053295,4.859683],[7.0533,4.859635],[7.053337,4.859639]]]}},{"type":"Feature","properties":{"h":3.0,"on_route":false},"geometry":{"type":"Polygon","coordinates":[[[7.056134,4.857149],[7.056048,4.857156],[7.056043,4.857096],[7.056129,4.85709],[7.056134,4.857149]]]}},{"type":"Feature","properties":{"h":3.0,"on_route":false},"geometry":{"type":"Polygon","coordinates":[[[7.05348,4.862521],[7.053477,4.862568],[7.053428,4.862564],[7.053432,4.862517],[7.05348,4.862521]]]}},{"type":"Feature","properties":{"h":3.0,"on_route":false},"geometry":{"type":"Polygon","coordinates":[[[7.059744,4.86037],[7.059727,4.860405],[7.05967,4.860378],[7.059687,4.860343],[7.059744,4.86037]]]}},{"type":"Feature","properties":{"h":3.0,"on_route":false},"geometry":{"type":"Polygon","coordinates":[[[7.058112,4.860458],[7.058105,4.860494],[7.058034,4.86048],[7.058041,4.860444],[7.058112,4.860458]]]}},{"type":"Feature","properties":{"h":3.0,"on_route":false},"geometry":{"type":"Polygon","coordinates":[[[7.059318,4.857873],[7.059289,4.857937],[7.059167,4.857882],[7.059195,4.857818],[7.059318,4.857873]]]}},{"type":"Feature","properties":{"h":3.0,"on_route":false},"geometry":{"type":"Polygon","coordinates":[[[7.055516,4.861372],[7.05547,4.861504],[7.055349,4.861462],[7.055395,4.86133],[7.055516,4.861372]]]}},{"type":"Feature","properties":{"h":3.0,"on_route":false},"geometry":{"type":"Polygon","coordinates":[[[7.056687,4.860682],[7.05651,4.860666],[7.056506,4.860706],[7.056301,4.860688],[7.056307,4.860618],[7.056547,4.860639],[7.056551,4.860588],[7.056588,4.860592],[7.056586,4.860618],[7.05661,4.86062],[7.056613,4.860585],[7.056695,4.860592],[7.056687,4.860682]]]}},{"type":"Feature","properties":{"h":3.0,"on_route":false},"geometry":{"type":"Polygon","coordinates":[[[7.056633,4.86118],[7.056626,4.861264],[7.0563,4.861233],[7.056308,4.861149],[7.056633,4.86118]]]}},{"type":"Feature","properties":{"h":3.0,"on_route":false},"geometry":{"type":"Polygon","coordinates":[[[7.059542,4.860796],[7.059433,4.860934],[7.059345,4.860863],[7.059454,4.860726],[7.059542,4.860796]]]}},{"type":"Feature","properties":{"h":3.0,"on_route":false},"geometry":{"type":"Polygon","coordinates":[[[7.053284,4.860529],[7.053277,4.86063],[7.053218,4.860626],[7.053226,4.860525],[7.053284,4.860529]]]}},{"type":"Feature","properties":{"h":3.0,"on_route":false},"geometry":{"type":"Polygon","coordinates":[[[7.058014,4.861985],[7.05801,4.862037],[7.057874,4.862025],[7.057879,4.861973],[7.058014,4.861985]]]}},{"type":"Feature","properties":{"h":3.0,"on_route":false},"geometry":{"type":"Polygon","coordinates":[[[7.057216,4.864127],[7.057208,4.864176],[7.057157,4.864167],[7.057165,4.864119],[7.057216,4.864127]]]}},{"type":"Feature","properties":{"h":3.0,"on_route":false},"geometry":{"type":"Polygon","coordinates":[[[7.057883,4.861744],[7.057881,4.861775],[7.057826,4.861771],[7.057829,4.86174],[7.057883,4.861744]]]}},{"type":"Feature","properties":{"h":3.0,"on_route":false},"geometry":{"type":"Polygon","coordinates":[[[7.054211,4.86028],[7.054121,4.860293],[7.0541,4.860146],[7.05419,4.860133],[7.054211,4.86028]]]}},{"type":"Feature","properties":{"h":3.0,"on_route":false},"geometry":{"type":"Polygon","coordinates":[[[7.055934,4.85747],[7.055937,4.857533],[7.055899,4.857535],[7.055905,4.857668],[7.055828,4.857672],[7.055818,4.857476],[7.055934,4.85747]]]}},{"type":"Feature","properties":{"h":3.0,"on_route":false},"geometry":{"type":"Polygon","coordinates":[[[7.056089,4.862206],[7.056069,4.86226],[7.056018,4.862241],[7.056039,4.862187],[7.056089,4.862206]]]}},{"type":"Feature","properties":{"h":3.0,"on_route":false},"geometry":{"type":"Polygon","coordinates":[[[7.059792,4.857983],[7.059757,4.858088],[7.059717,4.858074],[7.059751,4.857969],[7.059792,4.857983]]]}},{"type":"Feature","properties":{"h":3.0,"on_route":false},"geometry":{"type":"Polygon","coordinates":[[[7.056869,4.860212],[7.056756,4.860201],[7.056748,4.860283],[7.056679,4.860276],[7.056692,4.860142],[7.056737,4.860146],[7.056743,4.86008],[7.056881,4.860094],[7.056869,4.860212]]]}},{"type":"Feature","properties":{"h":3.0,"on_route":false},"geometry":{"type":"Polygon","coordinates":[[[7.059551,4.859192],[7.059498,4.859311],[7.059321,4.859232],[7.059374,4.859112],[7.059551,4.859192]]]}},{"type":"Feature","properties":{"h":3.0,"on_route":false},"geometry":{"type":"Polygon","coordinates":[[[7.058643,4.860313],[7.058614,4.860408],[7.058517,4.860378],[7.058547,4.860283],[7.058643,4.860313]]]}},{"type":"Feature","properties":{"h":3.0,"on_route":false},"geometry":{"type":"Polygon","coordinates":[[[7.059355,4.862762],[7.059247,4.862814],[7.059221,4.862759],[7.059329,4.862707],[7.059355,4.862762]]]}},{"type":"Feature","properties":{"h":3.0,"on_route":false},"geometry":{"type":"Polygon","coordinates":[[[7.059816,4.862724],[7.059789,4.862759],[7.059814,4.862778],[7.059802,4.862794],[7.059777,4.862775],[7.059728,4.862737],[7.059741,4.862721],[7.059717,4.862703],[7.059744,4.862668],[7.059816,4.862724]]]}},{"type":"Feature","properties":{"h":3.0,"on_route":false},"geometry":{"type":"Polygon","coordinates":[[[7.05795,4.8621],[7.057917,4.862266],[7.05786,4.862255],[7.057892,4.862089],[7.05795,4.8621]]]}},{"type":"Feature","properties":{"h":3.0,"on_route":false},"geometry":{"type":"Polygon","coordinates":[[[7.055304,4.86257],[7.055299,4.862659],[7.055318,4.86266],[7.05531,4.862783],[7.055177,4.862775],[7.055184,4.862652],[7.055203,4.862654],[7.055208,4.862564],[7.055304,4.86257]]]}},{"type":"Feature","properties":{"h":3.0,"on_route":false},"geometry":{"type":"Polygon","coordinates":[[[7.060218,4.859439],[7.060174,4.859521],[7.05998,4.859415],[7.059986,4.859405],[7.059965,4.859393],[7.060003,4.859322],[7.060218,4.859439]]]}},{"type":"Feature","properties":{"h":3.0,"on_route":false},"geometry":{"type":"Polygon","coordinates":[[[7.057122,4.864954],[7.057117,4.864988],[7.057089,4.864984],[7.057094,4.86495],[7.057122,4.864954]]]}},{"type":"Feature","properties":{"h":3.0,"on_route":false},"geometry":{"type":"Polygon","coordinates":[[[7.055414,4.866133],[7.055388,4.866125],[7.05535,4.866249],[7.055298,4.866233],[7.055693,4.864945],[7.05577,4.864969],[7.055414,4.866133]]]}},{"type":"Feature","properties":{"h":3.0,"on_route":false},"geometry":{"type":"Polygon","coordinates":[[[7.055766,4.862577],[7.055765,4.862595],[7.055788,4.862597],[7.055784,4.862643],[7.055672,4.862632],[7.055678,4.862568],[7.055766,4.862577]]]}},{"type":"Feature","properties":{"h":3.0,"on_route":false},"geometry":{"type":"Polygon","coordinates":[[[7.05514,4.864405],[7.055112,4.864426],[7.055069,4.86437],[7.055096,4.864349],[7.05514,4.864405]]]}},{"type":"Feature","properties":{"h":3.0,"on_route":false},"geometry":{"type":"Polygon","coordinates":[[[7.054239,4.862184],[7.054254,4.86227],[7.054209,4.862278],[7.054194,4.862192],[7.054239,4.862184]]]}},{"type":"Feature","properties":{"h":3.0,"on_route":false},"geometry":{"type":"Polygon","coordinates":[[[7.055193,4.863016],[7.055187,4.863124],[7.05517,4.863123],[7.055169,4.863146],[7.055134,4.863144],[7.055141,4.863013],[7.055193,4.863016]]]}},{"type":"Feature","properties":{"h":3.0,"on_route":false},"geometry":{"type":"Polygon","coordinates":[[[7.056241,4.858421],[7.056275,4.858723],[7.056221,4.858729],[7.056218,4.858696],[7.056173,4.858701],[7.056168,4.858658],[7.056134,4.858662],[7.056118,4.858519],[7.056197,4.85851],[7.056188,4.858427],[7.056241,4.858421]]]}},{"type":"Feature","properties":{"h":3.0,"on_route":false},"geometry":{"type":"Polygon","coordinates":[[[7.058013,4.857098],[7.057985,4.85722],[7.057815,4.85718],[7.057844,4.857058],[7.058013,4.857098]]]}},{"type":"Feature","properties":{"h":3.0,"on_route":false},"geometry":{"type":"Polygon","coordinates":[[[7.056216,4.863525],[7.056205,4.863576],[7.056149,4.863565],[7.056159,4.863513],[7.056216,4.863525]]]}},{"type":"Feature","properties":{"h":3.0,"on_route":false},"geometry":{"type":"Polygon","coordinates":[[[7.053795,4.859785],[7.053788,4.859826],[7.053673,4.859807],[7.05368,4.859766],[7.053795,4.859785]]]}},{"type":"Feature","properties":{"h":3.0,"on_route":false},"geometry":{"type":"Polygon","coordinates":[[[7.057159,4.860808],[7.057144,4.86096],[7.05702,4.860948],[7.057035,4.860795],[7.057159,4.860808]]]}},{"type":"Feature","properties":{"h":3.0,"on_route":false},"geometry":{"type":"Polygon","coordinates":[[[7.055589,4.860997],[7.055588,4.861044],[7.055541,4.861043],[7.055543,4.860996],[7.055589,4.860997]]]}},{"type":"Feature","properties":{"h":3.0,"on_route":false},"geometry":{"type":"Polygon","coordinates":[[[7.054026,4.859238],[7.054017,4.859318],[7.053978,4.859314],[7.053981,4.859281],[7.053912,4.859273],[7.053917,4.859225],[7.054026,4.859238]]]}},{"type":"Feature","properties":{"h":3.0,"on_route":false},"geometry":{"type":"Polygon","coordinates":[[[7.057875,4.864582],[7.05783,4.864675],[7.057784,4.864653],[7.057829,4.86456],[7.057875,4.864582]]]}},{"type":"Feature","properties":{"h":3.0,"on_route":false},"geometry":{"type":"Polygon","coordinates":[[[7.05857,4.858752],[7.058565,4.85883],[7.058509,4.858827],[7.058514,4.858748],[7.05857,4.858752]]]}},{"type":"Feature","properties":{"h":3.0,"on_route":false},"geometry":{"type":"Polygon","coordinates":[[[7.0559,4.860469],[7.055822,4.860462],[7.05583,4.860363],[7.055908,4.86037],[7.0559,4.860469]]]}},{"type":"Feature","properties":{"h":3.0,"on_route":false},"geometry":{"type":"Polygon","coordinates":[[[7.058122,4.856986],[7.058108,4.857035],[7.058039,4.857016],[7.058053,4.856966],[7.058122,4.856986]]]}},{"type":"Feature","properties":{"h":3.0,"on_route":false},"geometry":{"type":"Polygon","coordinates":[[[7.057743,4.864667],[7.057704,4.864786],[7.057627,4.86476],[7.057666,4.864642],[7.057743,4.864667]]]}},{"type":"Feature","properties":{"h":3.0,"on_route":false},"geometry":{"type":"Polygon","coordinates":[[[7.056513,4.860886],[7.056504,4.860929],[7.056445,4.860916],[7.056455,4.860873],[7.056513,4.860886]]]}},{"type":"Feature","properties":{"h":3.0,"on_route":false},"geometry":{"type":"Polygon","coordinates":[[[7.057391,4.8607],[7.057337,4.860694],[7.057331,4.860751],[7.057271,4.860744],[7.057291,4.860568],[7.057405,4.860581],[7.057391,4.8607]]]}},{"type":"Feature","properties":{"h":3.0,"on_route":false},"geometry":{"type":"Polygon","coordinates":[[[7.060826,4.860327],[7.060776,4.860408],[7.06062,4.860311],[7.060669,4.860231],[7.060826,4.860327]]]}},{"type":"Feature","properties":{"h":3.0,"on_route":false},"geometry":{"type":"Polygon","coordinates":[[[7.058715,4.860766],[7.058655,4.860896],[7.058495,4.860822],[7.058531,4.860745],[7.058565,4.860761],[7.05859,4.860708],[7.058715,4.860766]]]}},{"type":"Feature","properties":{"h":3.0,"on_route":false},"geometry":{"type":"Polygon","coordinates":[[[7.057971,4.859965],[7.057927,4.860114],[7.057895,4.860105],[7.057894,4.860108],[7.057795,4.860079],[7.05784,4.859926],[7.057971,4.859965]]]}},{"type":"Feature","properties":{"h":3.0,"on_route":false},"geometry":{"type":"Polygon","coordinates":[[[7.059552,4.859683],[7.059341,4.859844],[7.059283,4.859768],[7.059494,4.859607],[7.059552,4.859683]]]}},{"type":"Feature","properties":{"h":3.0,"on_route":false},"geometry":{"type":"Polygon","coordinates":[[[7.05408,4.864565],[7.054076,4.864637],[7.054033,4.864635],[7.054033,4.864646],[7.054013,4.864644],[7.054006,4.864762],[7.053941,4.864757],[7.053954,4.864557],[7.05408,4.864565]]]}},{"type":"Feature","properties":{"h":3.0,"on_route":false},"geometry":{"type":"Polygon","coordinates":[[[7.057197,4.857038],[7.057191,4.857121],[7.057244,4.857124],[7.057238,4.85721],[7.057096,4.857199],[7.057109,4.857032],[7.057197,4.857038]]]}},{"type":"Feature","properties":{"h":3.0,"on_route":false},"geometry":{"type":"Polygon","coordinates":[[[7.0585,4.858759],[7.058496,4.858843],[7.058424,4.85884],[7.058428,4.858755],[7.0585,4.858759]]]}},{"type":"Feature","properties":{"h":3.0,"on_route":false},"geometry":{"type":"Polygon","coordinates":[[[7.054748,4.858562],[7.054733,4.85867],[7.054536,4.858642],[7.054551,4.858534],[7.054748,4.858562]]]}},{"type":"Feature","properties":{"h":3.0,"on_route":false},"geometry":{"type":"Polygon","coordinates":[[[7.054881,4.860167],[7.054776,4.860181],[7.054743,4.859937],[7.054849,4.859923],[7.054881,4.860167]]]}},{"type":"Feature","properties":{"h":3.0,"on_route":false},"geometry":{"type":"Polygon","coordinates":[[[7.058457,4.861641],[7.058431,4.861756],[7.05839,4.861747],[7.058416,4.861631],[7.058457,4.861641]]]}},{"type":"Feature","properties":{"h":3.0,"on_route":false},"geometry":{"type":"Polygon","coordinates":[[[7.054929,4.860956],[7.05482,4.860977],[7.054806,4.860903],[7.054916,4.860883],[7.054929,4.860956]]]}},{"type":"Feature","properties":{"h":3.0,"on_route":false},"geometry":{"type":"Polygon","coordinates":[[[7.057693,4.856715],[7.057689,4.856742],[7.057735,4.85675],[7.057718,4.85685],[7.057626,4.856835],[7.057648,4.856708],[7.057693,4.856715]]]}},{"type":"Feature","properties":{"h":3.0,"on_route":false},"geometry":{"type":"Polygon","coordinates":[[[7.055731,4.862435],[7.055717,4.86253],[7.055652,4.862521],[7.055666,4.862425],[7.055731,4.862435]]]}},{"type":"Feature","properties":{"h":3.0,"on_route":false},"geometry":{"type":"Polygon","coordinates":[[[7.053588,4.862687],[7.053576,4.862848],[7.053486,4.862842],[7.053498,4.86268],[7.053588,4.862687]]]}},{"type":"Feature","properties":{"h":3.0,"on_route":false},"geometry":{"type":"Polygon","coordinates":[[[7.0589,4.857487],[7.058831,4.857658],[7.058775,4.857635],[7.058804,4.857561],[7.058774,4.857549],[7.058744,4.857622],[7.058691,4.857601],[7.05876,4.857431],[7.0589,4.857487]]]}},{"type":"Feature","properties":{"h":3.0,"on_route":false},"geometry":{"type":"Polygon","coordinates":[[[7.055543,4.858725],[7.055409,4.858764],[7.055392,4.858706],[7.055526,4.858667],[7.055543,4.858725]]]}},{"type":"Feature","properties":{"h":3.0,"on_route":false},"geometry":{"type":"Polygon","coordinates":[[[7.054276,4.863356],[7.054274,4.863373],[7.054251,4.863371],[7.054253,4.863354],[7.054276,4.863356]]]}},{"type":"Feature","properties":{"h":3.0,"on_route":false},"geometry":{"type":"Polygon","coordinates":[[[7.056309,4.860923],[7.056311,4.860964],[7.056246,4.860965],[7.056245,4.860925],[7.056309,4.860923]]]}},{"type":"Feature","properties":{"h":3.0,"on_route":false},"geometry":{"type":"Polygon","coordinates":[[[7.054815,4.861937],[7.054819,4.861988],[7.054689,4.861998],[7.054685,4.861948],[7.054815,4.861937]]]}},{"type":"Feature","properties":{"h":3.0,"on_route":false},"geometry":{"type":"Polygon","coordinates":[[[7.054699,4.858815],[7.054695,4.858842],[7.054802,4.858859],[7.054777,4.859015],[7.054674,4.858999],[7.054692,4.858883],[7.054481,4.858849],[7.054492,4.858781],[7.054699,4.858815]]]}},{"type":"Feature","properties":{"h":3.0,"on_route":false},"geometry":{"type":"Polygon","coordinates":[[[7.057708,4.857698],[7.057704,4.857784],[7.057749,4.857787],[7.057751,4.857762],[7.057811,4.857765],[7.057806,4.857852],[7.057655,4.857845],[7.057662,4.857695],[7.057708,4.857698]]]}},{"type":"Feature","properties":{"h":3.0,"on_route":true},"geometry":{"type":"Polygon","coordinates":[[[7.057623,4.863144],[7.057603,4.863197],[7.057558,4.86318],[7.057578,4.863127],[7.057623,4.863144]]]}},{"type":"Feature","properties":{"h":3.0,"on_route":false},"geometry":{"type":"Polygon","coordinates":[[[7.056478,4.861315],[7.056471,4.86139],[7.056445,4.861387],[7.056441,4.861432],[7.056351,4.861423],[7.056362,4.861304],[7.056478,4.861315]]]}},{"type":"Feature","properties":{"h":3.0,"on_route":false},"geometry":{"type":"Polygon","coordinates":[[[7.057164,4.86038],[7.057159,4.86041],[7.057104,4.860402],[7.057108,4.860371],[7.057164,4.86038]]]}},{"type":"Feature","properties":{"h":3.0,"on_route":false},"geometry":{"type":"Polygon","coordinates":[[[7.054865,4.861984],[7.054875,4.862108],[7.05481,4.862113],[7.0548,4.861989],[7.054865,4.861984]]]}},{"type":"Feature","properties":{"h":3.0,"on_route":false},"geometry":{"type":"Polygon","coordinates":[[[7.055823,4.864603],[7.055822,4.864635],[7.055777,4.864633],[7.055778,4.864602],[7.055823,4.864603]]]}},{"type":"Feature","properties":{"h":3.0,"on_route":false},"geometry":{"type":"Polygon","coordinates":[[[7.053992,4.858722],[7.053964,4.858849],[7.053739,4.858799],[7.053767,4.858672],[7.053992,4.858722]]]}},{"type":"Feature","properties":{"h":3.0,"on_route":false},"geometry":{"type":"Polygon","coordinates":[[[7.053622,4.863032],[7.053621,4.863107],[7.053332,4.863101],[7.053333,4.863027],[7.053622,4.863032]]]}},{"type":"Feature","properties":{"h":3.0,"on_route":false},"geometry":{"type":"Polygon","coordinates":[[[7.057429,4.86417],[7.057421,4.864215],[7.057299,4.864193],[7.057307,4.864149],[7.057429,4.86417]]]}},{"type":"Feature","properties":{"h":3.0,"on_route":false},"geometry":{"type":"Polygon","coordinates":[[[7.056284,4.862777],[7.056281,4.862797],[7.05633,4.862804],[7.056319,4.862876],[7.056277,4.86287],[7.05628,4.862848],[7.056187,4.862835],[7.056197,4.862764],[7.056284,4.862777]]]}},{"type":"Feature","properties":{"h":3.0,"on_route":false},"geometry":{"type":"Polygon","coordinates":[[[7.059062,4.858211],[7.059002,4.858386],[7.058915,4.858356],[7.058975,4.858181],[7.059062,4.858211]]]}},{"type":"Feature","properties":{"h":3.0,"on_route":false},"geometry":{"type":"Polygon","coordinates":[[[7.05778,4.862776],[7.057778,4.862807],[7.057822,4.86281],[7.057815,4.862891],[7.057687,4.86288],[7.057691,4.862835],[7.057612,4.862828],[7.057617,4.862762],[7.05778,4.862776]]]}},{"type":"Feature","properties":{"h":3.0,"on_route":false},"geometry":{"type":"Polygon","coordinates":[[[7.058217,4.859914],[7.058187,4.859995],[7.058147,4.85998],[7.058146,4.859981],[7.058068,4.859952],[7.058098,4.85987],[7.058217,4.859914]]]}},{"type":"Feature","properties":{"h":3.0,"on_route":false},"geometry":{"type":"Polygon","coordinates":[[[7.054586,4.863086],[7.05453,4.863091],[7.054526,4.863049],[7.054582,4.863043],[7.054586,4.863086]]]}},{"type":"Feature","properties":{"h":3.0,"on_route":false},"geometry":{"type":"Polygon","coordinates":[[[7.056202,4.858691],[7.056205,4.858724],[7.056163,4.858727],[7.056161,4.858694],[7.056202,4.858691]]]}},{"type":"Feature","properties":{"h":3.0,"on_route":false},"geometry":{"type":"Polygon","coordinates":[[[7.05729,4.863946],[7.057257,4.863996],[7.0572,4.863958],[7.057233,4.863908],[7.05729,4.863946]]]}},{"type":"Feature","properties":{"h":3.0,"on_route":true},"geometry":{"type":"Polygon","coordinates":[[[7.058208,4.864259],[7.058147,4.86422],[7.058204,4.86413],[7.058265,4.864169],[7.058208,4.864259]]]}},{"type":"Feature","properties":{"h":3.0,"on_route":false},"geometry":{"type":"Polygon","coordinates":[[[7.056153,4.859887],[7.056012,4.859897],[7.056008,4.859848],[7.056149,4.859839],[7.056153,4.859887]]]}},{"type":"Feature","properties":{"h":3.0,"on_route":false},"geometry":{"type":"Polygon","coordinates":[[[7.055465,4.864862],[7.055466,4.8649],[7.055338,4.864904],[7.055337,4.864866],[7.055465,4.864862]]]}},{"type":"Feature","properties":{"h":3.0,"on_route":false},"geometry":{"type":"Polygon","coordinates":[[[7.053229,4.860152],[7.053226,4.860114],[7.053144,4.86012],[7.05314,4.860059],[7.053287,4.860049],[7.053294,4.860148],[7.053229,4.860152]]]}},{"type":"Feature","properties":{"h":3.0,"on_route":false},"geometry":{"type":"Polygon","coordinates":[[[7.058063,4.858284],[7.058057,4.858383],[7.057986,4.858378],[7.057992,4.85828],[7.058063,4.858284]]]}},{"type":"Feature","properties":{"h":3.0,"on_route":false},"geometry":{"type":"Polygon","coordinates":[[[7.054154,4.863808],[7.054177,4.863752],[7.054466,4.86387],[7.054402,4.864026],[7.054087,4.863897],[7.054128,4.863798],[7.054154,4.863808]],[[7.054324,4.863878],[7.054304,4.863927],[7.054154,4.863866],[7.054174,4.863816],[7.054324,4.863878]]]}},{"type":"Feature","properties":{"h":3.0,"on_route":false},"geometry":{"type":"Polygon","coordinates":[[[7.055648,4.859818],[7.055549,4.859825],[7.055537,4.85965],[7.055636,4.859643],[7.055648,4.859818]]]}},{"type":"Feature","properties":{"h":3.0,"on_route":false},"geometry":{"type":"Polygon","coordinates":[[[7.060641,4.861028],[7.060606,4.861115],[7.060373,4.861021],[7.060408,4.860934],[7.060641,4.861028]]]}},{"type":"Feature","properties":{"h":3.0,"on_route":false},"geometry":{"type":"Polygon","coordinates":[[[7.054668,4.862459],[7.054566,4.862485],[7.054536,4.862373],[7.054639,4.862346],[7.054668,4.862459]]]}},{"type":"Feature","properties":{"h":3.0,"on_route":false},"geometry":{"type":"Polygon","coordinates":[[[7.057982,4.861685],[7.057972,4.861737],[7.057902,4.861723],[7.057912,4.861671],[7.057982,4.861685]]]}},{"type":"Feature","properties":{"h":3.0,"on_route":false},"geometry":{"type":"Polygon","coordinates":[[[7.054246,4.863651],[7.054217,4.863721],[7.054188,4.863709],[7.054216,4.863639],[7.054246,4.863651]]]}},{"type":"Feature","properties":{"h":3.0,"on_route":false},"geometry":{"type":"Polygon","coordinates":[[[7.056834,4.856814],[7.056732,4.856812],[7.056733,4.856741],[7.056835,4.856743],[7.056834,4.856814]]]}},{"type":"Feature","properties":{"h":3.0,"on_route":false},"geometry":{"type":"Polygon","coordinates":[[[7.057783,4.860056],[7.057673,4.860072],[7.057666,4.86002],[7.057775,4.860004],[7.057783,4.860056]]]}},{"type":"Feature","properties":{"h":3.0,"on_route":false},"geometry":{"type":"Polygon","coordinates":[[[7.055223,4.858589],[7.055221,4.858639],[7.055306,4.858641],[7.055305,4.858696],[7.05522,4.858693],[7.055216,4.858826],[7.05517,4.858825],[7.055176,4.858588],[7.055223,4.858589]]]}},{"type":"Feature","properties":{"h":3.0,"on_route":false},"geometry":{"type":"Polygon","coordinates":[[[7.058963,4.85905],[7.058939,4.85911],[7.058861,4.859078],[7.058885,4.859019],[7.058963,4.85905]]]}},{"type":"Feature","properties":{"h":3.0,"on_route":false},"geometry":{"type":"Polygon","coordinates":[[[7.056288,4.86569],[7.056237,4.865877],[7.056117,4.865843],[7.056168,4.865656],[7.056288,4.86569]]]}},{"type":"Feature","properties":{"h":3.0,"on_route":false},"geometry":{"type":"Polygon","coordinates":[[[7.05632,4.857028],[7.056269,4.857046],[7.056227,4.85693],[7.056277,4.856912],[7.05632,4.857028]]]}},{"type":"Feature","properties":{"h":3.0,"on_route":false},"geometry":{"type":"Polygon","coordinates":[[[7.053327,4.859699],[7.053322,4.859783],[7.053256,4.859779],[7.053255,4.85979],[7.052979,4.859774],[7.052985,4.859679],[7.053327,4.859699]]]}},{"type":"Feature","properties":{"h":3.0,"on_route":false},"geometry":{"type":"Polygon","coordinates":[[[7.053814,4.860961],[7.053817,4.86099],[7.053785,4.860994],[7.053782,4.860964],[7.053814,4.860961]]]}},{"type":"Feature","properties":{"h":3.0,"on_route":false},"geometry":{"type":"Polygon","coordinates":[[[7.058296,4.860376],[7.058285,4.860439],[7.058311,4.860444],[7.058322,4.86038],[7.058372,4.860389],[7.058353,4.860498],[7.058214,4.860475],[7.058233,4.860365],[7.058296,4.860376]]]}},{"type":"Feature","properties":{"h":3.0,"on_route":false},"geometry":{"type":"Polygon","coordinates":[[[7.060306,4.858441],[7.060292,4.85847],[7.060315,4.858481],[7.060254,4.858613],[7.060133,4.858556],[7.060207,4.858396],[7.060306,4.858441]]]}},{"type":"Feature","properties":{"h":3.0,"on_route":false},"geometry":{"type":"Polygon","coordinates":[[[7.056162,4.861241],[7.056154,4.861316],[7.056048,4.861305],[7.056056,4.861229],[7.056162,4.861241]]]}},{"type":"Feature","properties":{"h":3.0,"on_route":false},"geometry":{"type":"Polygon","coordinates":[[[7.05718,4.865629],[7.057142,4.865754],[7.057059,4.865728],[7.057097,4.865604],[7.05718,4.865629]]]}},{"type":"Feature","properties":{"h":3.0,"on_route":false},"geometry":{"type":"Polygon","coordinates":[[[7.058315,4.862372],[7.058318,4.862441],[7.058158,4.86245],[7.058155,4.862381],[7.058315,4.862372]]]}},{"type":"Feature","properties":{"h":3.0,"on_route":false},"geometry":{"type":"Polygon","coordinates":[[[7.056202,4.861686],[7.056169,4.861684],[7.056169,4.861696],[7.056086,4.861691],[7.056089,4.861645],[7.056126,4.861648],[7.05613,4.861591],[7.056209,4.861596],[7.056202,4.861686]]]}},{"type":"Feature","properties":{"h":3.0,"on_route":false},"geometry":{"type":"Polygon","coordinates":[[[7.055793,4.863876],[7.055779,4.86391],[7.055743,4.863895],[7.055757,4.863862],[7.055793,4.863876]]]}},{"type":"Feature","properties":{"h":3.0,"on_route":false},"geometry":{"type":"Polygon","coordinates":[[[7.056802,4.858648],[7.056703,4.858658],[7.056692,4.858562],[7.056792,4.858551],[7.056802,4.858648]]]}},{"type":"Feature","properties":{"h":3.0,"on_route":false},"geometry":{"type":"Polygon","coordinates":[[[7.054233,4.862468],[7.054087,4.862507],[7.054076,4.862465],[7.054101,4.862458],[7.054089,4.862413],[7.054034,4.862427],[7.054018,4.862367],[7.054194,4.86232],[7.054233,4.862468]]]}},{"type":"Feature","properties":{"h":3.0,"on_route":false},"geometry":{"type":"Polygon","coordinates":[[[7.056533,4.861064],[7.056526,4.861141],[7.056443,4.861133],[7.05645,4.861057],[7.056533,4.861064]]]}},{"type":"Feature","properties":{"h":3.0,"on_route":false},"geometry":{"type":"Polygon","coordinates":[[[7.058342,4.859152],[7.058337,4.859238],[7.058167,4.859228],[7.058172,4.859141],[7.058342,4.859152]]]}},{"type":"Feature","properties":{"h":3.0,"on_route":false},"geometry":{"type":"Polygon","coordinates":[[[7.058281,4.861986],[7.058241,4.862094],[7.058178,4.862071],[7.058217,4.861963],[7.058281,4.861986]]]}},{"type":"Feature","properties":{"h":3.0,"on_route":false},"geometry":{"type":"Polygon","coordinates":[[[7.053956,4.861072],[7.053965,4.861284],[7.05384,4.861289],[7.053831,4.861077],[7.053956,4.861072]]]}},{"type":"Feature","properties":{"h":3.0,"on_route":false},"geometry":{"type":"Polygon","coordinates":[[[7.055379,4.858693],[7.055388,4.858814],[7.055275,4.858823],[7.055266,4.858702],[7.055379,4.858693]]]}},{"type":"Feature","properties":{"h":3.0,"on_route":false},"geometry":{"type":"Polygon","coordinates":[[[7.057667,4.8645],[7.057646,4.864575],[7.057546,4.864548],[7.057566,4.864473],[7.057667,4.8645]]]}},{"type":"Feature","properties":{"h":3.0,"on_route":false},"geometry":{"type":"Polygon","coordinates":[[[7.05893,4.860206],[7.0589,4.860285],[7.058787,4.860241],[7.058818,4.860162],[7.05893,4.860206]]]}},{"type":"Feature","properties":{"h":3.0,"on_route":false},"geometry":{"type":"Polygon","coordinates":[[[7.0538,4.861222],[7.053658,4.861227],[7.053652,4.861076],[7.053714,4.861073],[7.053716,4.861109],[7.053759,4.861107],[7.053757,4.861072],[7.053795,4.86107],[7.0538,4.861222]]]}},{"type":"Feature","properties":{"h":3.0,"on_route":true},"geometry":{"type":"Polygon","coordinates":[[[7.057147,4.863289],[7.057116,4.863376],[7.057049,4.863351],[7.05708,4.863264],[7.057147,4.863289]]]}},{"type":"Feature","properties":{"h":3.0,"on_route":false},"geometry":{"type":"Polygon","coordinates":[[[7.05658,4.858415],[7.05658,4.858433],[7.0566,4.858434],[7.056599,4.85848],[7.056572,4.858479],[7.056571,4.8585],[7.056501,4.858498],[7.056503,4.858413],[7.05658,4.858415]]]}},{"type":"Feature","properties":{"h":3.0,"on_route":true},"geometry":{"type":"Polygon","coordinates":[[[7.056608,4.86178],[7.056607,4.861852],[7.056468,4.86185],[7.056469,4.861778],[7.056608,4.86178]]]}},{"type":"Feature","properties":{"h":3.0,"on_route":false},"geometry":{"type":"Polygon","coordinates":[[[7.058954,4.857795],[7.058914,4.85792],[7.058835,4.857894],[7.058873,4.857769],[7.058954,4.857795]]]}},{"type":"Feature","properties":{"h":3.0,"on_route":false},"geometry":{"type":"Polygon","coordinates":[[[7.060031,4.861436],[7.059985,4.861505],[7.060002,4.861517],[7.059902,4.861667],[7.059885,4.861655],[7.059894,4.861641],[7.0598,4.861577],[7.059936,4.861372],[7.060031,4.861436]]]}},{"type":"Feature","properties":{"h":3.0,"on_route":false},"geometry":{"type":"Polygon","coordinates":[[[7.055237,4.860093],[7.055151,4.860112],[7.055131,4.860021],[7.055218,4.860003],[7.055237,4.860093]]]}},{"type":"Feature","properties":{"h":3.0,"on_route":false},"geometry":{"type":"Polygon","coordinates":[[[7.052882,4.861327],[7.052877,4.86143],[7.052658,4.861419],[7.052663,4.861315],[7.052882,4.861327]]]}},{"type":"Feature","properties":{"h":3.0,"on_route":false},"geometry":{"type":"Polygon","coordinates":[[[7.055342,4.85864],[7.055283,4.858645],[7.055277,4.858565],[7.055232,4.858569],[7.055227,4.858505],[7.055331,4.858497],[7.055342,4.85864]]]}},{"type":"Feature","properties":{"h":3.0,"on_route":false},"geometry":{"type":"Polygon","coordinates":[[[7.055032,4.860949],[7.055068,4.861189],[7.054987,4.861201],[7.054951,4.860961],[7.055032,4.860949]]]}},{"type":"Feature","properties":{"h":3.0,"on_route":true},"geometry":{"type":"Polygon","coordinates":[[[7.057911,4.86394],[7.057825,4.863908],[7.057929,4.863631],[7.058014,4.863663],[7.057911,4.86394]]]}},{"type":"Feature","properties":{"h":3.0,"on_route":false},"geometry":{"type":"Polygon","coordinates":[[[7.055367,4.862037],[7.055216,4.862049],[7.055208,4.861956],[7.055359,4.861944],[7.055367,4.862037]]]}},{"type":"Feature","properties":{"h":3.0,"on_route":false},"geometry":{"type":"Polygon","coordinates":[[[7.054911,4.860968],[7.054946,4.86117],[7.054973,4.861165],[7.054995,4.861292],[7.054904,4.861308],[7.054855,4.861024],[7.054825,4.861029],[7.054817,4.860984],[7.054911,4.860968]]]}},{"type":"Feature","properties":{"h":3.0,"on_route":false},"geometry":{"type":"Polygon","coordinates":[[[7.05779,4.85731],[7.057774,4.8575],[7.057723,4.857495],[7.05774,4.857306],[7.05779,4.85731]]]}},{"type":"Feature","properties":{"h":3.0,"on_route":false},"geometry":{"type":"Polygon","coordinates":[[[7.05956,4.862512],[7.059512,4.862548],[7.059485,4.862512],[7.059532,4.862476],[7.05956,4.862512]]]}},{"type":"Feature","properties":{"h":3.0,"on_route":false},"geometry":{"type":"Polygon","coordinates":[[[7.054365,4.863292],[7.054358,4.863365],[7.054287,4.863357],[7.054294,4.863285],[7.054365,4.863292]]]}},{"type":"Feature","properties":{"h":3.0,"on_route":false},"geometry":{"type":"Polygon","coordinates":[[[7.058969,4.859969],[7.058913,4.860081],[7.058842,4.860045],[7.058898,4.859933],[7.058969,4.859969]]]}},{"type":"Feature","properties":{"h":3.0,"on_route":false},"geometry":{"type":"Polygon","coordinates":[[[7.055396,4.86094],[7.055368,4.861155],[7.055296,4.861145],[7.055324,4.86093],[7.055396,4.86094]]]}},{"type":"Feature","properties":{"h":3.0,"on_route":false},"geometry":{"type":"Polygon","coordinates":[[[7.057481,4.8628],[7.057492,4.862752],[7.057568,4.862769],[7.057546,4.862866],[7.057435,4.862841],[7.057446,4.862792],[7.057481,4.8628]]]}},{"type":"Feature","properties":{"h":3.0,"on_route":false},"geometry":{"type":"Polygon","coordinates":[[[7.056072,4.856857],[7.056087,4.856963],[7.056025,4.856972],[7.056011,4.856865],[7.056072,4.856857]]]}},{"type":"Feature","properties":{"h":3.0,"on_route":false},"geometry":{"type":"Polygon","coordinates":[[[7.056469,4.862491],[7.056436,4.862639],[7.056299,4.862608],[7.056331,4.862461],[7.056469,4.862491]]]}},{"type":"Feature","properties":{"h":3.0,"on_route":false},"geometry":{"type":"Polygon","coordinates":[[[7.055413,4.862881],[7.055429,4.863094],[7.055331,4.863101],[7.055317,4.862912],[7.055357,4.862909],[7.055355,4.862886],[7.055413,4.862881]]]}},{"type":"Feature","properties":{"h":3.0,"on_route":false},"geometry":{"type":"Polygon","coordinates":[[[7.056914,4.864953],[7.056898,4.865016],[7.056832,4.864999],[7.056848,4.864936],[7.056914,4.864953]]]}},{"type":"Feature","properties":{"h":3.0,"on_route":false},"geometry":{"type":"Polygon","coordinates":[[[7.056305,4.860291],[7.056297,4.860402],[7.056114,4.860388],[7.056122,4.860277],[7.056305,4.860291]]]}},{"type":"Feature","properties":{"h":3.0,"on_route":false},"geometry":{"type":"Polygon","coordinates":[[[7.05993,4.85939],[7.059855,4.859543],[7.059765,4.859499],[7.05984,4.859346],[7.05993,4.85939]]]}},{"type":"Feature","properties":{"h":3.0,"on_route":false},"geometry":{"type":"Polygon","coordinates":[[[7.05427,4.861826],[7.054277,4.862046],[7.054221,4.862048],[7.054214,4.861828],[7.05427,4.861826]]]}},{"type":"Feature","properties":{"h":3.0,"on_route":false},"geometry":{"type":"Polygon","coordinates":[[[7.055295,4.862479],[7.055291,4.862567],[7.055208,4.862563],[7.055209,4.862534],[7.055188,4.862533],[7.055191,4.862474],[7.055295,4.862479]]]}},{"type":"Feature","properties":{"h":3.0,"on_route":false},"geometry":{"type":"Polygon","coordinates":[[[7.058106,4.862723],[7.058005,4.862733],[7.057995,4.862632],[7.058096,4.862622],[7.058106,4.862723]]]}},{"type":"Feature","properties":{"h":3.0,"on_route":false},"geometry":{"type":"Polygon","coordinates":[[[7.058185,4.860784],[7.058172,4.860872],[7.058052,4.860853],[7.058065,4.860765],[7.058185,4.860784]]]}},{"type":"Feature","properties":{"h":3.0,"on_route":false},"geometry":{"type":"Polygon","coordinates":[[[7.055095,4.861812],[7.055049,4.861815],[7.055057,4.861939],[7.054962,4.861944],[7.054949,4.861724],[7.05509,4.861716],[7.055095,4.861812]]]}},{"type":"Feature","properties":{"h":3.0,"on_route":false},"geometry":{"type":"Polygon","coordinates":[[[7.057915,4.857246],[7.058027,4.857266],[7.058017,4.857318],[7.057905,4.857298],[7.057915,4.857246]]]}},{"type":"Feature","properties":{"h":3.0,"on_route":false},"geometry":{"type":"Polygon","coordinates":[[[7.054374,4.861807],[7.054385,4.861936],[7.054322,4.861941],[7.054312,4.861812],[7.054374,4.861807]]]}},{"type":"Feature","properties":{"h":3.0,"on_route":false},"geometry":{"type":"Polygon","coordinates":[[[7.058343,4.861337],[7.058301,4.861386],[7.058223,4.861319],[7.058265,4.86127],[7.058343,4.861337]]]}},{"type":"Feature","properties":{"h":3.0,"on_route":false},"geometry":{"type":"Polygon","coordinates":[[[7.055868,4.860144],[7.055864,4.860188],[7.055968,4.860197],[7.055964,4.86024],[7.055776,4.860223],[7.055783,4.860136],[7.055868,4.860144]]]}},{"type":"Feature","properties":{"h":3.0,"on_route":false},"geometry":{"type":"Polygon","coordinates":[[[7.057573,4.857215],[7.057581,4.857294],[7.057448,4.857307],[7.057441,4.857228],[7.057573,4.857215]]]}},{"type":"Feature","properties":{"h":3.0,"on_route":false},"geometry":{"type":"Polygon","coordinates":[[[7.059135,4.861442],[7.059097,4.861477],[7.059065,4.861442],[7.059103,4.861407],[7.059135,4.861442]]]}},{"type":"Feature","properties":{"h":3.0,"on_route":false},"geometry":{"type":"Polygon","coordinates":[[[7.059307,4.860275],[7.059266,4.860248],[7.059342,4.860133],[7.059383,4.86016],[7.059307,4.860275]]]}},{"type":"Feature","properties":{"h":3.0,"on_route":false},"geometry":{"type":"Polygon","coordinates":[[[7.059943,4.858265],[7.059897,4.858367],[7.059843,4.858343],[7.059863,4.858298],[7.059844,4.858289],[7.059869,4.858232],[7.059943,4.858265]]]}},{"type":"Feature","properties":{"h":3.0,"on_route":false},"geometry":{"type":"Polygon","coordinates":[[[7.056571,4.860363],[7.056563,4.860453],[7.056491,4.860446],[7.0565,4.860356],[7.056571,4.860363]]]}},{"type":"Feature","properties":{"h":3.0,"on_route":true},"geometry":{"type":"Polygon","coordinates":[[[7.058295,4.863951],[7.058267,4.864015],[7.058162,4.863969],[7.05819,4.863906],[7.058295,4.863951]]]}},{"type":"Feature","properties":{"h":3.0,"on_route":false},"geometry":{"type":"Polygon","coordinates":[[[7.057744,4.861845],[7.057739,4.861908],[7.05763,4.861898],[7.057633,4.861871],[7.057584,4.861867],[7.057587,4.861831],[7.057744,4.861845]]]}},{"type":"Feature","properties":{"h":3.0,"on_route":false},"geometry":{"type":"Polygon","coordinates":[[[7.053903,4.86232],[7.053816,4.862334],[7.053793,4.862195],[7.053881,4.862181],[7.053903,4.86232]]]}},{"type":"Feature","properties":{"h":3.0,"on_route":false},"geometry":{"type":"Polygon","coordinates":[[[7.053434,4.86173],[7.05343,4.8618],[7.053195,4.861788],[7.053198,4.861718],[7.053434,4.86173]]]}},{"type":"Feature","properties":{"h":3.0,"on_route":false},"geometry":{"type":"Polygon","coordinates":[[[7.058145,4.858838],[7.058052,4.858845],[7.058048,4.858802],[7.058142,4.858794],[7.058145,4.858838]]]}},{"type":"Feature","properties":{"h":3.0,"on_route":false},"geometry":{"type":"Polygon","coordinates":[[[7.058551,4.861471],[7.058508,4.861441],[7.058544,4.861387],[7.058588,4.861416],[7.058551,4.861471]]]}},{"type":"Feature","properties":{"h":3.0,"on_route":false},"geometry":{"type":"Polygon","coordinates":[[[7.05544,4.85849],[7.055443,4.858597],[7.055383,4.858598],[7.05538,4.858491],[7.05544,4.85849]]]}},{"type":"Feature","properties":{"h":3.0,"on_route":false},"geometry":{"type":"Polygon","coordinates":[[[7.056464,4.860369],[7.056445,4.860464],[7.056366,4.860446],[7.056385,4.860353],[7.056464,4.860369]]]}},{"type":"Feature","properties":{"h":3.0,"on_route":false},"geometry":{"type":"Polygon","coordinates":[[[7.053315,4.862441],[7.05331,4.862502],[7.053254,4.862498],[7.053259,4.862437],[7.053315,4.862441]]]}},{"type":"Feature","properties":{"h":3.0,"on_route":false},"geometry":{"type":"Polygon","coordinates":[[[7.060174,4.859795],[7.060116,4.859867],[7.060025,4.859793],[7.060083,4.859721],[7.060174,4.859795]]]}},{"type":"Feature","properties":{"h":3.0,"on_route":false},"geometry":{"type":"Polygon","coordinates":[[[7.060658,4.860338],[7.060619,4.860382],[7.06058,4.860347],[7.060618,4.860303],[7.060658,4.860338]]]}},{"type":"Feature","properties":{"h":3.0,"on_route":false},"geometry":{"type":"Polygon","coordinates":[[[7.05591,4.860247],[7.055895,4.860336],[7.05583,4.860325],[7.055845,4.860236],[7.05591,4.860247]]]}},{"type":"Feature","properties":{"h":3.0,"on_route":false},"geometry":{"type":"Polygon","coordinates":[[[7.055611,4.8607],[7.055596,4.860825],[7.055551,4.86082],[7.055556,4.860783],[7.055539,4.860781],[7.055536,4.860807],[7.055509,4.860803],[7.055508,4.860815],[7.055463,4.860809],[7.055477,4.860684],[7.055611,4.8607]]]}},{"type":"Feature","properties":{"h":3.0,"on_route":false},"geometry":{"type":"Polygon","coordinates":[[[7.053652,4.861135],[7.053654,4.861178],[7.053591,4.861181],[7.053589,4.861138],[7.053652,4.861135]]]}},{"type":"Feature","properties":{"h":3.0,"on_route":false},"geometry":{"type":"Polygon","coordinates":[[[7.054076,4.863451],[7.054051,4.863532],[7.053974,4.863509],[7.053999,4.863427],[7.054076,4.863451]]]}},{"type":"Feature","properties":{"h":3.0,"on_route":false},"geometry":{"type":"Polygon","coordinates":[[[7.057224,4.8598],[7.057222,4.859836],[7.057295,4.859839],[7.057289,4.859981],[7.057148,4.859975],[7.057156,4.859797],[7.057224,4.8598]]]}},{"type":"Feature","properties":{"h":3.0,"on_route":false},"geometry":{"type":"Polygon","coordinates":[[[7.056936,4.865685],[7.056903,4.865811],[7.056773,4.865777],[7.056806,4.86565],[7.056936,4.865685]]]}},{"type":"Feature","properties":{"h":3.0,"on_route":false},"geometry":{"type":"Polygon","coordinates":[[[7.059207,4.860894],[7.05919,4.860918],[7.059281,4.860983],[7.059167,4.861144],[7.059093,4.861091],[7.059107,4.861071],[7.059033,4.861017],[7.05915,4.860853],[7.059207,4.860894]]]}},{"type":"Feature","properties":{"h":3.0,"on_route":false},"geometry":{"type":"Polygon","coordinates":[[[7.054089,4.863844],[7.054071,4.8639],[7.054026,4.863885],[7.054043,4.86383],[7.054089,4.863844]]]}},{"type":"Feature","properties":{"h":3.0,"on_route":false},"geometry":{"type":"Polygon","coordinates":[[[7.057304,4.856994],[7.0573,4.857047],[7.05714,4.857035],[7.057144,4.856982],[7.057304,4.856994]]]}},{"type":"Feature","properties":{"h":3.0,"on_route":false},"geometry":{"type":"Polygon","coordinates":[[[7.055065,4.863082],[7.055049,4.863293],[7.05499,4.863289],[7.055007,4.863077],[7.055065,4.863082]]]}},{"type":"Feature","properties":{"h":3.0,"on_route":false},"geometry":{"type":"Polygon","coordinates":[[[7.052874,4.861447],[7.052867,4.861555],[7.052646,4.86154],[7.052653,4.861432],[7.052874,4.861447]]]}},{"type":"Feature","properties":{"h":3.0,"on_route":false},"geometry":{"type":"Polygon","coordinates":[[[7.057674,4.864065],[7.057668,4.864113],[7.057633,4.864109],[7.057639,4.864061],[7.057674,4.864065]]]}},{"type":"Feature","properties":{"h":3.0,"on_route":false},"geometry":{"type":"Polygon","coordinates":[[[7.056846,4.856938],[7.056745,4.856958],[7.05673,4.856884],[7.056832,4.856864],[7.056846,4.856938]]]}},{"type":"Feature","properties":{"h":3.0,"on_route":false},"geometry":{"type":"Polygon","coordinates":[[[7.055723,4.861446],[7.05572,4.861472],[7.055774,4.861478],[7.055776,4.861452],[7.055842,4.861458],[7.055832,4.861552],[7.055644,4.861533],[7.055653,4.86144],[7.055723,4.861446]]]}},{"type":"Feature","properties":{"h":3.0,"on_route":false},"geometry":{"type":"Polygon","coordinates":[[[7.058765,4.860692],[7.058757,4.860719],[7.058803,4.860733],[7.058789,4.860779],[7.058685,4.860747],[7.058707,4.860674],[7.058765,4.860692]]]}},{"type":"Feature","properties":{"h":3.0,"on_route":false},"geometry":{"type":"Polygon","coordinates":[[[7.055836,4.858752],[7.055844,4.858875],[7.055743,4.858882],[7.055735,4.85876],[7.055836,4.858752]]]}},{"type":"Feature","properties":{"h":3.0,"on_route":false},"geometry":{"type":"Polygon","coordinates":[[[7.060135,4.860053],[7.060054,4.859987],[7.06009,4.859943],[7.060129,4.859975],[7.060184,4.859908],[7.060226,4.859942],[7.060135,4.860053]]]}},{"type":"Feature","properties":{"h":3.0,"on_route":false},"geometry":{"type":"Polygon","coordinates":[[[7.055003,4.85995],[7.054872,4.859961],[7.054865,4.859872],[7.054996,4.859861],[7.055003,4.85995]]]}},{"type":"Feature","properties":{"h":3.0,"on_route":false},"geometry":{"type":"Polygon","coordinates":[[[7.056274,4.857205],[7.056183,4.857212],[7.056193,4.857343],[7.056112,4.857349],[7.056098,4.85717],[7.056168,4.857164],[7.056165,4.857114],[7.056267,4.857107],[7.056274,4.857205]]]}},{"type":"Feature","properties":{"h":3.0,"on_route":true},"geometry":{"type":"Polygon","coordinates":[[[7.05773,4.863699],[7.057727,4.863725],[7.057768,4.863731],[7.057761,4.863777],[7.057796,4.863781],[7.057786,4.863856],[7.057673,4.863841],[7.057694,4.863694],[7.05773,4.863699]]]}},{"type":"Feature","properties":{"h":3.0,"on_route":false},"geometry":{"type":"Polygon","coordinates":[[[7.055985,4.860075],[7.055853,4.86007],[7.05586,4.859873],[7.055992,4.859878],[7.055985,4.860075]]]}},{"type":"Feature","properties":{"h":3.0,"on_route":false},"geometry":{"type":"Polygon","coordinates":[[[7.059858,4.862757],[7.05983,4.862799],[7.05979,4.862772],[7.059818,4.86273],[7.059858,4.862757]]]}},{"type":"Feature","properties":{"h":3.0,"on_route":false},"geometry":{"type":"Polygon","coordinates":[[[7.057536,4.864859],[7.05748,4.865048],[7.057398,4.865024],[7.057454,4.864835],[7.057536,4.864859]]]}},{"type":"Feature","properties":{"h":3.0,"on_route":true},"geometry":{"type":"Polygon","coordinates":[[[7.057042,4.863125],[7.057027,4.863167],[7.057043,4.863173],[7.057054,4.863143],[7.057126,4.863169],[7.057096,4.863251],[7.056949,4.863198],[7.056983,4.863103],[7.057042,4.863125]]]}},{"type":"Feature","properties":{"h":3.0,"on_route":false},"geometry":{"type":"Polygon","coordinates":[[[7.056863,4.860282],[7.056856,4.860353],[7.056742,4.860342],[7.056749,4.860271],[7.056863,4.860282]]]}},{"type":"Feature","properties":{"h":3.0,"on_route":false},"geometry":{"type":"Polygon","coordinates":[[[7.054488,4.862092],[7.054324,4.862127],[7.054315,4.862081],[7.054479,4.862046],[7.054488,4.862092]]]}},{"type":"Feature","properties":{"h":3.0,"on_route":false},"geometry":{"type":"Polygon","coordinates":[[[7.056786,4.857992],[7.056789,4.85802],[7.056689,4.858029],[7.056683,4.857971],[7.056755,4.857964],[7.056758,4.857995],[7.056786,4.857992]]]}},{"type":"Feature","properties":{"h":3.0,"on_route":false},"geometry":{"type":"Polygon","coordinates":[[[7.056283,4.861296],[7.056247,4.861488],[7.056179,4.861475],[7.056205,4.861334],[7.056149,4.861323],[7.056159,4.861273],[7.056283,4.861296]]]}},{"type":"Feature","properties":{"h":3.0,"on_route":false},"geometry":{"type":"Polygon","coordinates":[[[7.057842,4.858869],[7.05777,4.858876],[7.057765,4.858823],[7.057837,4.858816],[7.057842,4.858869]]]}},{"type":"Feature","properties":{"h":3.0,"on_route":false},"geometry":{"type":"Polygon","coordinates":[[[7.056835,4.860533],[7.056825,4.860657],[7.056748,4.860651],[7.056757,4.860527],[7.056835,4.860533]]]}},{"type":"Feature","properties":{"h":3.0,"on_route":false},"geometry":{"type":"Polygon","coordinates":[[[7.054973,4.862216],[7.054878,4.862223],[7.054861,4.862],[7.054956,4.861993],[7.054973,4.862216]]]}},{"type":"Feature","properties":{"h":3.0,"on_route":false},"geometry":{"type":"Polygon","coordinates":[[[7.058966,4.861259],[7.05883,4.861386],[7.058774,4.861326],[7.058911,4.861199],[7.058966,4.861259]]]}},{"type":"Feature","properties":{"h":3.0,"on_route":false},"geometry":{"type":"Polygon","coordinates":[[[7.055676,4.860499],[7.055657,4.860684],[7.055532,4.860671],[7.055551,4.860486],[7.055676,4.860499]]]}},{"type":"Feature","properties":{"h":3.0,"on_route":false},"geometry":{"type":"Polygon","coordinates":[[[7.054964,4.859796],[7.054968,4.859847],[7.054904,4.859853],[7.054899,4.859802],[7.054964,4.859796]]]}},{"type":"Feature","properties":{"h":3.0,"on_route":true},"geometry":{"type":"Polygon","coordinates":[[[7.058002,4.863481],[7.057988,4.863585],[7.057844,4.863566],[7.057857,4.863461],[7.058002,4.863481]]]}},{"type":"Feature","properties":{"h":3.0,"on_route":false},"geometry":{"type":"Polygon","coordinates":[[[7.054389,4.863175],[7.054382,4.86328],[7.054294,4.863275],[7.054301,4.86317],[7.054389,4.863175]]]}},{"type":"Feature","properties":{"h":3.0,"on_route":false},"geometry":{"type":"Polygon","coordinates":[[[7.060115,4.861102],[7.060055,4.861229],[7.059891,4.86115],[7.059875,4.861185],[7.059787,4.861143],[7.059863,4.860982],[7.060115,4.861102]]]}},{"type":"Feature","properties":{"h":3.0,"on_route":false},"geometry":{"type":"Polygon","coordinates":[[[7.060594,4.861925],[7.060571,4.861959],[7.060531,4.86193],[7.060554,4.861897],[7.060594,4.861925]]]}},{"type":"Feature","properties":{"h":3.0,"on_route":false},"geometry":{"type":"Polygon","coordinates":[[[7.056416,4.857505],[7.056262,4.857528],[7.05625,4.857444],[7.056403,4.857421],[7.056416,4.857505]]]}},{"type":"Feature","properties":{"h":3.0,"on_route":false},"geometry":{"type":"Polygon","coordinates":[[[7.059892,4.863926],[7.059743,4.864078],[7.059656,4.863993],[7.059805,4.863841],[7.059892,4.863926]]]}},{"type":"Feature","properties":{"h":3.0,"on_route":false},"geometry":{"type":"Polygon","coordinates":[[[7.056011,4.857533],[7.056021,4.85766],[7.055937,4.857666],[7.055927,4.857539],[7.056011,4.857533]]]}},{"type":"Feature","properties":{"h":3.0,"on_route":false},"geometry":{"type":"Polygon","coordinates":[[[7.060643,4.860428],[7.060612,4.860463],[7.060536,4.860397],[7.060567,4.860361],[7.060643,4.860428]]]}},{"type":"Feature","properties":{"h":3.0,"on_route":false},"geometry":{"type":"Polygon","coordinates":[[[7.059683,4.859763],[7.059652,4.859801],[7.059574,4.859738],[7.059605,4.8597],[7.059683,4.859763]]]}},{"type":"Feature","properties":{"h":3.0,"on_route":false},"geometry":{"type":"Polygon","coordinates":[[[7.057813,4.861948],[7.057806,4.862023],[7.057728,4.862016],[7.057734,4.861941],[7.057813,4.861948]]]}},{"type":"Feature","properties":{"h":3.0,"on_route":false},"geometry":{"type":"Polygon","coordinates":[[[7.058314,4.86186],[7.058268,4.861987],[7.058184,4.861957],[7.058229,4.86183],[7.058314,4.86186]]]}},{"type":"Feature","properties":{"h":3.0,"on_route":false},"geometry":{"type":"Polygon","coordinates":[[[7.056026,4.85842],[7.056041,4.858516],[7.056068,4.858512],[7.056083,4.858614],[7.056056,4.858618],[7.056053,4.858594],[7.055995,4.858603],[7.055968,4.858429],[7.056026,4.85842]]]}},{"type":"Feature","properties":{"h":3.0,"on_route":false},"geometry":{"type":"Polygon","coordinates":[[[7.059104,4.858878],[7.059092,4.858911],[7.059119,4.858921],[7.059089,4.859002],[7.059023,4.858977],[7.059033,4.858951],[7.058936,4.858915],[7.058969,4.858827],[7.059104,4.858878]]]}},{"type":"Feature","properties":{"h":3.0,"on_route":false},"geometry":{"type":"Polygon","coordinates":[[[7.056118,4.856992],[7.056229,4.85696],[7.056267,4.857094],[7.056194,4.857115],[7.056186,4.857087],[7.056148,4.857098],[7.056118,4.856992]]]}},{"type":"Feature","properties":{"h":3.0,"on_route":false},"geometry":{"type":"Polygon","coordinates":[[[7.059871,4.862596],[7.059811,4.862674],[7.059702,4.862591],[7.059761,4.862512],[7.059871,4.862596]]]}},{"type":"Feature","properties":{"h":3.0,"on_route":false},"geometry":{"type":"Polygon","coordinates":[[[7.05585,4.858618],[7.05585,4.858688],[7.055788,4.858688],[7.055788,4.858618],[7.05585,4.858618]]]}},{"type":"Feature","properties":{"h":3.0,"on_route":false},"geometry":{"type":"Polygon","coordinates":[[[7.055878,4.863013],[7.055861,4.863009],[7.055849,4.863054],[7.055923,4.863074],[7.055895,4.863178],[7.055822,4.863158],[7.055806,4.863217],[7.055756,4.863204],[7.055822,4.862957],[7.055889,4.862975],[7.055878,4.863013]]]}},{"type":"Feature","properties":{"h":3.0,"on_route":false},"geometry":{"type":"Polygon","coordinates":[[[7.053629,4.860872],[7.053624,4.86099],[7.053444,4.860982],[7.05345,4.860863],[7.053629,4.860872]]]}},{"type":"Feature","properties":{"h":3.0,"on_route":false},"geometry":{"type":"Polygon","coordinates":[[[7.058264,4.861708],[7.058225,4.861817],[7.058176,4.861799],[7.058214,4.861691],[7.058264,4.861708]]]}},{"type":"Feature","properties":{"h":3.0,"on_route":false},"geometry":{"type":"Polygon","coordinates":[[[7.054955,4.858429],[7.054952,4.858512],[7.054809,4.858506],[7.054813,4.858422],[7.054955,4.858429]]]}},{"type":"Feature","properties":{"h":3.0,"on_route":false},"geometry":{"type":"Polygon","coordinates":[[[7.057833,4.861232],[7.057816,4.86132],[7.0577,4.861298],[7.057716,4.861211],[7.057833,4.861232]]]}},{"type":"Feature","properties":{"h":3.0,"on_route":false},"geometry":{"type":"Polygon","coordinates":[[[7.060065,4.85867],[7.06002,4.858747],[7.059944,4.858703],[7.059988,4.858626],[7.060065,4.85867]]]}},{"type":"Feature","properties":{"h":3.0,"on_route":false},"geometry":{"type":"Polygon","coordinates":[[[7.053893,4.864235],[7.053888,4.864272],[7.053845,4.864266],[7.05385,4.86423],[7.053893,4.864235]]]}},{"type":"Feature","properties":{"h":3.0,"on_route":false},"geometry":{"type":"Polygon","coordinates":[[[7.059088,4.860058],[7.059029,4.86002],[7.059142,4.859843],[7.059201,4.859881],[7.059088,4.860058]]]}},{"type":"Feature","properties":{"h":3.0,"on_route":true},"geometry":{"type":"Polygon","coordinates":[[[7.05713,4.862173],[7.057127,4.862202],[7.057089,4.862199],[7.057091,4.86217],[7.05713,4.862173]]]}},{"type":"Feature","properties":{"h":3.0,"on_route":true},"geometry":{"type":"Polygon","coordinates":[[[7.05656,4.862097],[7.056546,4.862234],[7.056487,4.862228],[7.056502,4.862091],[7.05656,4.862097]]]}},{"type":"Feature","properties":{"h":3.0,"on_route":false},"geometry":{"type":"Polygon","coordinates":[[[7.058698,4.859138],[7.05869,4.85918],[7.058628,4.859168],[7.058636,4.859126],[7.058698,4.859138]]]}},{"type":"Feature","properties":{"h":3.0,"on_route":false},"geometry":{"type":"Polygon","coordinates":[[[7.059699,4.859453],[7.059627,4.859575],[7.059535,4.85952],[7.059607,4.859398],[7.059699,4.859453]]]}},{"type":"Feature","properties":{"h":3.0,"on_route":false},"geometry":{"type":"Polygon","coordinates":[[[7.058478,4.862069],[7.058387,4.862022],[7.058419,4.861962],[7.058442,4.861974],[7.05847,4.861921],[7.058538,4.861957],[7.058478,4.862069]]]}},{"type":"Feature","properties":{"h":3.0,"on_route":false},"geometry":{"type":"Polygon","coordinates":[[[7.058959,4.860433],[7.058907,4.860399],[7.058865,4.860373],[7.058955,4.860231],[7.059049,4.860291],[7.058959,4.860433]]]}},{"type":"Feature","properties":{"h":3.0,"on_route":false},"geometry":{"type":"Polygon","coordinates":[[[7.059313,4.86004],[7.059273,4.860094],[7.059163,4.860013],[7.059202,4.859959],[7.059313,4.86004]]]}},{"type":"Feature","properties":{"h":3.0,"on_route":false},"geometry":{"type":"Polygon","coordinates":[[[7.053781,4.862295],[7.053777,4.862373],[7.053822,4.862375],[7.053816,4.862505],[7.053719,4.862501],[7.053728,4.862293],[7.053781,4.862295]]]}},{"type":"Feature","properties":{"h":3.0,"on_route":false},"geometry":{"type":"Polygon","coordinates":[[[7.056862,4.860368],[7.056858,4.860423],[7.056775,4.860416],[7.056779,4.860362],[7.056862,4.860368]]]}},{"type":"Feature","properties":{"h":3.0,"on_route":false},"geometry":{"type":"Polygon","coordinates":[[[7.055265,4.864989],[7.05528,4.865046],[7.055236,4.865057],[7.055221,4.865001],[7.055265,4.864989]]]}},{"type":"Feature","properties":{"h":3.0,"on_route":false},"geometry":{"type":"Polygon","coordinates":[[[7.057801,4.858339],[7.057804,4.858389],[7.057737,4.858393],[7.057734,4.858343],[7.057801,4.858339]]]}},{"type":"Feature","properties":{"h":3.0,"on_route":false},"geometry":{"type":"Polygon","coordinates":[[[7.057424,4.857207],[7.057415,4.857313],[7.057325,4.857305],[7.057334,4.857199],[7.057424,4.857207]]]}},{"type":"Feature","properties":{"h":3.0,"on_route":false},"geometry":{"type":"Polygon","coordinates":[[[7.055691,4.86329],[7.055658,4.863399],[7.055581,4.863375],[7.055614,4.863266],[7.055691,4.86329]]]}},{"type":"Feature","properties":{"h":3.0,"on_route":false},"geometry":{"type":"Polygon","coordinates":[[[7.060283,4.860419],[7.060268,4.860454],[7.0602,4.860426],[7.060215,4.86039],[7.060283,4.860419]]]}},{"type":"Feature","properties":{"h":3.0,"on_route":false},"geometry":{"type":"Polygon","coordinates":[[[7.057972,4.862929],[7.057924,4.86295],[7.057886,4.862864],[7.057934,4.862843],[7.057972,4.862929]]]}},{"type":"Feature","properties":{"h":3.0,"on_route":true},"geometry":{"type":"Polygon","coordinates":[[[7.057319,4.862511],[7.057308,4.862632],[7.05726,4.862627],[7.057271,4.862506],[7.057319,4.862511]]]}},{"type":"Feature","properties":{"h":3.0,"on_route":false},"geometry":{"type":"Polygon","coordinates":[[[7.055746,4.862095],[7.055692,4.862109],[7.055685,4.862084],[7.055614,4.862103],[7.055589,4.862009],[7.055715,4.861976],[7.055746,4.862095]]]}},{"type":"Feature","properties":{"h":3.0,"on_route":false},"geometry":{"type":"Polygon","coordinates":[[[7.054776,4.862894],[7.054774,4.862927],[7.054734,4.862925],[7.054736,4.862892],[7.054776,4.862894]]]}},{"type":"Feature","properties":{"h":3.0,"on_route":false},"geometry":{"type":"Polygon","coordinates":[[[7.059524,4.862929],[7.059412,4.862823],[7.059613,4.862611],[7.059724,4.862717],[7.059524,4.862929]]]}},{"type":"Feature","properties":{"h":3.0,"on_route":false},"geometry":{"type":"Polygon","coordinates":[[[7.057435,4.861364],[7.057433,4.861462],[7.057315,4.861459],[7.057317,4.861361],[7.057435,4.861364]]]}},{"type":"Feature","properties":{"h":3.0,"on_route":false},"geometry":{"type":"Polygon","coordinates":[[[7.056982,4.865529],[7.056951,4.865659],[7.056819,4.865627],[7.05685,4.865497],[7.056982,4.865529]]]}},{"type":"Feature","properties":{"h":3.0,"on_route":false},"geometry":{"type":"Polygon","coordinates":[[[7.057364,4.863805],[7.057313,4.863827],[7.057295,4.863783],[7.057347,4.863762],[7.057364,4.863805]]]}},{"type":"Feature","properties":{"h":3.0,"on_route":false},"geometry":{"type":"Polygon","coordinates":[[[7.058991,4.860664],[7.058912,4.860823],[7.058821,4.860778],[7.0589,4.860618],[7.058991,4.860664]]]}},{"type":"Feature","properties":{"h":3.0,"on_route":false},"geometry":{"type":"Polygon","coordinates":[[[7.059773,4.864187],[7.059695,4.86424],[7.059622,4.864132],[7.0597,4.864078],[7.059773,4.864187]]]}},{"type":"Feature","properties":{"h":3.0,"on_route":false},"geometry":{"type":"Polygon","coordinates":[[[7.05843,4.861156],[7.058387,4.861212],[7.058365,4.861195],[7.058353,4.861211],[7.058282,4.861156],[7.058337,4.861084],[7.05843,4.861156]]]}},{"type":"Feature","properties":{"h":3.0,"on_route":false},"geometry":{"type":"Polygon","coordinates":[[[7.054121,4.859393],[7.054095,4.859484],[7.054017,4.859461],[7.054043,4.859371],[7.054121,4.859393]]]}},{"type":"Feature","properties":{"h":3.0,"on_route":false},"geometry":{"type":"Polygon","coordinates":[[[7.058339,4.858897],[7.058169,4.858889],[7.058171,4.858847],[7.058283,4.858853],[7.058284,4.858834],[7.058342,4.858836],[7.058339,4.858897]]]}},{"type":"Feature","properties":{"h":3.0,"on_route":false},"geometry":{"type":"Polygon","coordinates":[[[7.058189,4.86013],[7.058167,4.860175],[7.058011,4.860099],[7.058033,4.860054],[7.058189,4.86013]]]}},{"type":"Feature","properties":{"h":3.0,"on_route":false},"geometry":{"type":"Polygon","coordinates":[[[7.055289,4.863331],[7.055285,4.863454],[7.055126,4.863448],[7.055131,4.863326],[7.055289,4.863331]]]}},{"type":"Feature","properties":{"h":3.0,"on_route":false},"geometry":{"type":"Polygon","coordinates":[[[7.05928,4.858764],[7.059265,4.858856],[7.059147,4.858836],[7.059162,4.858745],[7.05928,4.858764]]]}},{"type":"Feature","properties":{"h":3.0,"on_route":false},"geometry":{"type":"Polygon","coordinates":[[[7.055295,4.860541],[7.055312,4.860631],[7.055325,4.860628],[7.055352,4.860769],[7.055268,4.860786],[7.055223,4.860555],[7.055295,4.860541]]]}},{"type":"Feature","properties":{"h":3.0,"on_route":false},"geometry":{"type":"Polygon","coordinates":[[[7.055932,4.858284],[7.055922,4.858401],[7.055775,4.858388],[7.055782,4.858303],[7.055752,4.8583],[7.055754,4.858269],[7.055932,4.858284]]]}},{"type":"Feature","properties":{"h":3.0,"on_route":false},"geometry":{"type":"Polygon","coordinates":[[[7.055436,4.857826],[7.055332,4.857837],[7.055308,4.857614],[7.055412,4.857603],[7.055436,4.857826]]]}},{"type":"Feature","properties":{"h":3.0,"on_route":false},"geometry":{"type":"Polygon","coordinates":[[[7.058309,4.859768],[7.058299,4.859813],[7.058356,4.859825],[7.058342,4.859888],[7.058285,4.859875],[7.058281,4.859892],[7.058135,4.859831],[7.058139,4.859814],[7.058161,4.859819],[7.058178,4.859739],[7.058309,4.859768]]]}},{"type":"Feature","properties":{"h":3.0,"on_route":false},"geometry":{"type":"Polygon","coordinates":[[[7.056756,4.857048],[7.056623,4.857079],[7.056609,4.857018],[7.056742,4.856987],[7.056756,4.857048]]]}},{"type":"Feature","properties":{"h":3.0,"on_route":false},"geometry":{"type":"Polygon","coordinates":[[[7.057621,4.860742],[7.057614,4.860786],[7.05771,4.8608],[7.057702,4.860852],[7.057547,4.860828],[7.057562,4.860733],[7.057621,4.860742]]]}},{"type":"Feature","properties":{"h":3.0,"on_route":false},"geometry":{"type":"Polygon","coordinates":[[[7.059267,4.859439],[7.059099,4.859668],[7.059213,4.859751],[7.059229,4.859729],[7.059259,4.859751],[7.059208,4.859821],[7.059011,4.859677],[7.059214,4.8594],[7.059267,4.859439]]]}},{"type":"Feature","properties":{"h":3.0,"on_route":false},"geometry":{"type":"Polygon","coordinates":[[[7.053702,4.86253],[7.053696,4.862615],[7.053676,4.862613],[7.053675,4.862633],[7.053496,4.86262],[7.053494,4.862642],[7.053467,4.86264],[7.05347,4.862599],[7.053497,4.862601],[7.053502,4.862533],[7.053475,4.862531],[7.053476,4.862514],[7.053702,4.86253]]]}},{"type":"Feature","properties":{"h":3.0,"on_route":false},"geometry":{"type":"Polygon","coordinates":[[[7.060468,4.859779],[7.060416,4.859737],[7.060584,4.859528],[7.060636,4.85957],[7.060468,4.859779]]]}},{"type":"Feature","properties":{"h":3.0,"on_route":false},"geometry":{"type":"Polygon","coordinates":[[[7.058449,4.859078],[7.058432,4.859281],[7.058331,4.859273],[7.058348,4.85907],[7.058449,4.859078]]]}},{"type":"Feature","properties":{"h":3.0,"on_route":false},"geometry":{"type":"Polygon","coordinates":[[[7.058021,4.856797],[7.057961,4.856975],[7.057833,4.856932],[7.057892,4.856754],[7.058021,4.856797]]]}},{"type":"Feature","properties":{"h":3.0,"on_route":false},"geometry":{"type":"Polygon","coordinates":[[[7.057428,4.857812],[7.05743,4.857843],[7.057389,4.857846],[7.057387,4.857814],[7.057428,4.857812]]]}},{"type":"Feature","properties":{"h":3.0,"on_route":false},"geometry":{"type":"Polygon","coordinates":[[[7.055279,4.861296],[7.055262,4.861385],[7.055179,4.86137],[7.055196,4.86128],[7.055279,4.861296]]]}},{"type":"Feature","properties":{"h":3.0,"on_route":false},"geometry":{"type":"Polygon","coordinates":[[[7.054049,4.860714],[7.053898,4.860723],[7.053894,4.860655],[7.054044,4.860646],[7.054049,4.860714]]]}},{"type":"Feature","properties":{"h":3.0,"on_route":false},"geometry":{"type":"Polygon","coordinates":[[[7.059013,4.861328],[7.058917,4.861416],[7.058865,4.861358],[7.058961,4.861271],[7.059013,4.861328]]]}},{"type":"Feature","properties":{"h":3.0,"on_route":false},"geometry":{"type":"Polygon","coordinates":[[[7.05968,4.864049],[7.059561,4.864128],[7.0595,4.864036],[7.059619,4.863957],[7.05968,4.864049]]]}},{"type":"Feature","properties":{"h":3.0,"on_route":false},"geometry":{"type":"Polygon","coordinates":[[[7.057655,4.862986],[7.057641,4.863057],[7.057589,4.863047],[7.057604,4.862976],[7.057655,4.862986]]]}},{"type":"Feature","properties":{"h":3.0,"on_route":false},"geometry":{"type":"Polygon","coordinates":[[[7.058404,4.861657],[7.058381,4.861758],[7.058261,4.861732],[7.058284,4.86163],[7.058404,4.861657]]]}},{"type":"Feature","properties":{"h":3.0,"on_route":false},"geometry":{"type":"Polygon","coordinates":[[[7.056356,4.865453],[7.056346,4.86549],[7.056325,4.865484],[7.056312,4.865533],[7.056333,4.865538],[7.056307,4.865634],[7.056184,4.8656],[7.056233,4.865419],[7.056356,4.865453]]]}},{"type":"Feature","properties":{"h":3.0,"on_route":false},"geometry":{"type":"Polygon","coordinates":[[[7.060063,4.860801],[7.060023,4.860889],[7.059861,4.860816],[7.0599,4.860729],[7.060063,4.860801]]]}},{"type":"Feature","properties":{"h":3.0,"on_route":false},"geometry":{"type":"Polygon","coordinates":[[[7.054606,4.861787],[7.054622,4.862005],[7.054537,4.862011],[7.054521,4.861793],[7.054606,4.861787]]]}},{"type":"Feature","properties":{"h":3.0,"on_route":false},"geometry":{"type":"Polygon","coordinates":[[[7.058769,4.859069],[7.058762,4.859145],[7.058616,4.859131],[7.058624,4.859055],[7.058769,4.859069]]]}},{"type":"Feature","properties":{"h":3.0,"on_route":false},"geometry":{"type":"Polygon","coordinates":[[[7.054834,4.860192],[7.054843,4.860225],[7.054804,4.860235],[7.054796,4.860202],[7.054834,4.860192]]]}},{"type":"Feature","properties":{"h":3.0,"on_route":false},"geometry":{"type":"Polygon","coordinates":[[[7.059261,4.859062],[7.059227,4.859048],[7.059271,4.858938],[7.059306,4.858952],[7.059261,4.859062]]]}},{"type":"Feature","properties":{"h":3.0,"on_route":false},"geometry":{"type":"Polygon","coordinates":[[[7.056699,4.859852],[7.056698,4.85987],[7.056743,4.859872],[7.05674,4.859943],[7.056695,4.859941],[7.056692,4.860014],[7.056645,4.860012],[7.056653,4.85985],[7.056699,4.859852]]]}},{"type":"Feature","properties":{"h":3.0,"on_route":false},"geometry":{"type":"Polygon","coordinates":[[[7.060737,4.860625],[7.060725,4.860732],[7.060607,4.860719],[7.06061,4.860695],[7.060629,4.860697],[7.060639,4.860613],[7.060737,4.860625]]]}},{"type":"Feature","properties":{"h":3.0,"on_route":false},"geometry":{"type":"Polygon","coordinates":[[[7.057648,4.860707],[7.057642,4.860746],[7.057562,4.860733],[7.057568,4.860694],[7.057648,4.860707]]]}},{"type":"Feature","properties":{"h":3.0,"on_route":false},"geometry":{"type":"Polygon","coordinates":[[[7.060303,4.859136],[7.060266,4.859207],[7.060096,4.85912],[7.060133,4.859049],[7.060303,4.859136]]]}},{"type":"Feature","properties":{"h":3.0,"on_route":false},"geometry":{"type":"Polygon","coordinates":[[[7.05534,4.860393],[7.055329,4.860498],[7.055215,4.860486],[7.055226,4.860381],[7.05534,4.860393]]]}},{"type":"Feature","properties":{"h":3.0,"on_route":false},"geometry":{"type":"Polygon","coordinates":[[[7.058444,4.860265],[7.058409,4.860385],[7.058312,4.860356],[7.05833,4.860292],[7.058348,4.860297],[7.058365,4.860242],[7.058444,4.860265]]]}},{"type":"Feature","properties":{"h":3.0,"on_route":false},"geometry":{"type":"Polygon","coordinates":[[[7.056851,4.859909],[7.056849,4.859949],[7.05687,4.859949],[7.056866,4.860038],[7.056736,4.860032],[7.056742,4.859904],[7.056851,4.859909]]]}},{"type":"Feature","properties":{"h":3.0,"on_route":false},"geometry":{"type":"Polygon","coordinates":[[[7.057419,4.865469],[7.057362,4.865607],[7.057275,4.865571],[7.057332,4.865433],[7.057419,4.865469]]]}},{"type":"Feature","properties":{"h":3.0,"on_route":false},"geometry":{"type":"Polygon","coordinates":[[[7.053971,4.863434],[7.05394,4.863575],[7.053881,4.863562],[7.053912,4.863421],[7.053971,4.863434]]]}},{"type":"Feature","properties":{"h":3.0,"on_route":false},"geometry":{"type":"Polygon","coordinates":[[[7.059108,4.86322],[7.05903,4.863302],[7.05896,4.863236],[7.059038,4.863154],[7.059108,4.86322]]]}},{"type":"Feature","properties":{"h":3.0,"on_route":false},"geometry":{"type":"Polygon","coordinates":[[[7.054188,4.861104],[7.054088,4.861112],[7.054085,4.861071],[7.054185,4.861063],[7.054188,4.861104]]]}},{"type":"Feature","properties":{"h":3.0,"on_route":false},"geometry":{"type":"Polygon","coordinates":[[[7.057129,4.861866],[7.057133,4.861837],[7.057216,4.861849],[7.057204,4.861937],[7.057093,4.861922],[7.057101,4.861863],[7.057129,4.861866]]]}},{"type":"Feature","properties":{"h":3.0,"on_route":false},"geometry":{"type":"Polygon","coordinates":[[[7.055457,4.861646],[7.055442,4.86186],[7.055378,4.861856],[7.055393,4.861641],[7.055457,4.861646]]]}},{"type":"Feature","properties":{"h":3.0,"on_route":false},"geometry":{"type":"Polygon","coordinates":[[[7.058406,4.862219],[7.058379,4.86231],[7.058338,4.862298],[7.058331,4.86232],[7.058203,4.862282],[7.058238,4.862168],[7.058406,4.862219]]]}},{"type":"Feature","properties":{"h":3.0,"on_route":false},"geometry":{"type":"Polygon","coordinates":[[[7.058144,4.860872],[7.058141,4.860911],[7.058103,4.860909],[7.058106,4.860869],[7.058144,4.860872]]]}},{"type":"Feature","properties":{"h":3.0,"on_route":false},"geometry":{"type":"Polygon","coordinates":[[[7.055033,4.858148],[7.054993,4.858308],[7.054895,4.858283],[7.054902,4.858255],[7.054886,4.858251],[7.054899,4.8582],[7.054914,4.858204],[7.054934,4.858123],[7.055033,4.858148]]]}},{"type":"Feature","properties":{"h":3.0,"on_route":false},"geometry":{"type":"Polygon","coordinates":[[[7.05736,4.861738],[7.057324,4.861842],[7.057252,4.861817],[7.057289,4.861713],[7.05736,4.861738]]]}},{"type":"Feature","properties":{"h":3.0,"on_route":false},"geometry":{"type":"Polygon","coordinates":[[[7.056239,4.861658],[7.056235,4.861701],[7.056215,4.861699],[7.056219,4.861656],[7.056239,4.861658]]]}},{"type":"Feature","properties":{"h":3.0,"on_route":false},"geometry":{"type":"Polygon","coordinates":[[[7.056065,4.860376],[7.05606,4.860434],[7.056025,4.860431],[7.05603,4.860373],[7.056065,4.860376]]]}},{"type":"Feature","properties":{"h":3.0,"on_route":false},"geometry":{"type":"Polygon","coordinates":[[[7.057274,4.861254],[7.057403,4.861268],[7.057401,4.861287],[7.057428,4.86129],[7.057424,4.861326],[7.057343,4.861317],[7.057341,4.861342],[7.057264,4.861333],[7.057274,4.861254]]]}},{"type":"Feature","properties":{"h":3.0,"on_route":false},"geometry":{"type":"Polygon","coordinates":[[[7.054253,4.864691],[7.05425,4.864735],[7.054201,4.864732],[7.054204,4.864688],[7.054253,4.864691]]]}},{"type":"Feature","properties":{"h":3.0,"on_route":false},"geometry":{"type":"Polygon","coordinates":[[[7.053277,4.861813],[7.053269,4.861913],[7.053251,4.861912],[7.053246,4.86198],[7.053113,4.86197],[7.053126,4.861802],[7.053277,4.861813]]]}},{"type":"Feature","properties":{"h":3.0,"on_route":false},"geometry":{"type":"Polygon","coordinates":[[[7.060106,4.858833],[7.060052,4.858971],[7.059976,4.858941],[7.059987,4.858913],[7.059909,4.858883],[7.059952,4.858773],[7.060106,4.858833]]]}},{"type":"Feature","properties":{"h":3.0,"on_route":false},"geometry":{"type":"Polygon","coordinates":[[[7.056891,4.857864],[7.056854,4.857869],[7.056871,4.857994],[7.05678,4.858006],[7.05676,4.857854],[7.056888,4.857837],[7.056891,4.857864]]]}},{"type":"Feature","properties":{"h":3.0,"on_route":false},"geometry":{"type":"Polygon","coordinates":[[[7.053317,4.859581],[7.053302,4.859682],[7.053095,4.859652],[7.05311,4.859551],[7.053317,4.859581]]]}},{"type":"Feature","properties":{"h":3.0,"on_route":true},"geometry":{"type":"Polygon","coordinates":[[[7.057258,4.862625],[7.057133,4.862633],[7.057125,4.862505],[7.05725,4.862498],[7.057258,4.862625]]]}},{"type":"Feature","properties":{"h":3.0,"on_route":false},"geometry":{"type":"Polygon","coordinates":[[[7.052909,4.861334],[7.052905,4.861412],[7.052871,4.861411],[7.052875,4.861332],[7.052909,4.861334]]]}},{"type":"Feature","properties":{"h":3.0,"on_route":false},"geometry":{"type":"Polygon","coordinates":[[[7.05913,4.862235],[7.059063,4.862357],[7.059031,4.862339],[7.059018,4.862362],[7.05891,4.862301],[7.058922,4.862279],[7.058869,4.862249],[7.058936,4.862127],[7.05913,4.862235]]]}},{"type":"Feature","properties":{"h":3.0,"on_route":false},"geometry":{"type":"Polygon","coordinates":[[[7.057828,4.857632],[7.057819,4.85769],[7.05771,4.857672],[7.05772,4.857613],[7.057828,4.857632]]]}},{"type":"Feature","properties":{"h":3.0,"on_route":false},"geometry":{"type":"Polygon","coordinates":[[[7.054929,4.860805],[7.054911,4.860808],[7.054925,4.860888],[7.054804,4.860909],[7.054788,4.860815],[7.054927,4.860791],[7.054929,4.860805]]]}},{"type":"Feature","properties":{"h":3.0,"on_route":false},"geometry":{"type":"Polygon","coordinates":[[[7.058206,4.861713],[7.058176,4.861799],[7.057972,4.861727],[7.058001,4.861643],[7.058206,4.861713]]]}},{"type":"Feature","properties":{"h":3.0,"on_route":false},"geometry":{"type":"Polygon","coordinates":[[[7.054948,4.861463],[7.054941,4.86161],[7.054789,4.861604],[7.054796,4.861456],[7.054948,4.861463]]]}},{"type":"Feature","properties":{"h":3.0,"on_route":false},"geometry":{"type":"Polygon","coordinates":[[[7.059489,4.864369],[7.059453,4.864399],[7.059492,4.864445],[7.05943,4.864497],[7.059416,4.86448],[7.059425,4.864473],[7.059301,4.864323],[7.059389,4.864249],[7.059489,4.864369]]]}},{"type":"Feature","properties":{"h":3.0,"on_route":false},"geometry":{"type":"Polygon","coordinates":[[[7.05335,4.863262],[7.053341,4.863384],[7.053264,4.863379],[7.053273,4.863256],[7.05335,4.863262]]]}},{"type":"Feature","properties":{"h":3.0,"on_route":false},"geometry":{"type":"Polygon","coordinates":[[[7.05438,4.861334],[7.054266,4.861343],[7.054247,4.861108],[7.054361,4.861098],[7.05438,4.861334]]]}},{"type":"Feature","properties":{"h":3.0,"on_route":false},"geometry":{"type":"Polygon","coordinates":[[[7.055423,4.859767],[7.055132,4.859777],[7.055129,4.859675],[7.05542,4.859666],[7.055423,4.859767]]]}},{"type":"Feature","properties":{"h":3.0,"on_route":false},"geometry":{"type":"Polygon","coordinates":[[[7.057594,4.860416],[7.057545,4.86055],[7.057467,4.860521],[7.057516,4.860387],[7.057594,4.860416]]]}},{"type":"Feature","properties":{"h":3.0,"on_route":false},"geometry":{"type":"Polygon","coordinates":[[[7.057796,4.860882],[7.057778,4.861054],[7.057693,4.861045],[7.057702,4.860957],[7.057671,4.860954],[7.05768,4.86087],[7.057796,4.860882]]]}},{"type":"Feature","properties":{"h":3.0,"on_route":false},"geometry":{"type":"Polygon","coordinates":[[[7.057637,4.859619],[7.057633,4.859672],[7.057568,4.859666],[7.057572,4.859614],[7.057637,4.859619]]]}},{"type":"Feature","properties":{"h":3.0,"on_route":false},"geometry":{"type":"Polygon","coordinates":[[[7.057592,4.861534],[7.057582,4.861647],[7.057521,4.861642],[7.057531,4.861529],[7.057592,4.861534]]]}},{"type":"Feature","properties":{"h":3.0,"on_route":false},"geometry":{"type":"Polygon","coordinates":[[[7.055575,4.858974],[7.055574,4.859013],[7.055538,4.859012],[7.055539,4.858973],[7.055575,4.858974]]]}},{"type":"Feature","properties":{"h":3.0,"on_route":false},"geometry":{"type":"Polygon","coordinates":[[[7.054843,4.85988],[7.054849,4.859923],[7.054779,4.859932],[7.054773,4.859889],[7.054843,4.85988]]]}},{"type":"Feature","properties":{"h":3.0,"on_route":false},"geometry":{"type":"Polygon","coordinates":[[[7.055613,4.861522],[7.055612,4.861545],[7.055652,4.861547],[7.055648,4.861648],[7.055481,4.861642],[7.055486,4.861517],[7.055613,4.861522]]]}},{"type":"Feature","properties":{"h":3.0,"on_route":false},"geometry":{"type":"Polygon","coordinates":[[[7.053501,4.860646],[7.053497,4.860696],[7.053412,4.86069],[7.053416,4.86064],[7.053501,4.860646]]]}},{"type":"Feature","properties":{"h":3.0,"on_route":false},"geometry":{"type":"Polygon","coordinates":[[[7.055134,4.858917],[7.055127,4.858989],[7.055011,4.858978],[7.055018,4.858905],[7.055134,4.858917]]]}},{"type":"Feature","properties":{"h":3.0,"on_route":false},"geometry":{"type":"Polygon","coordinates":[[[7.055213,4.863185],[7.055132,4.863181],[7.055134,4.863144],[7.055169,4.863146],[7.05517,4.863123],[7.055217,4.863125],[7.055213,4.863185]]]}},{"type":"Feature","properties":{"h":3.0,"on_route":false},"geometry":{"type":"Polygon","coordinates":[[[7.059631,4.859365],[7.059613,4.859397],[7.059549,4.859361],[7.059567,4.859329],[7.059631,4.859365]]]}},{"type":"Feature","properties":{"h":3.0,"on_route":false},"geometry":{"type":"Polygon","coordinates":[[[7.058554,4.860705],[7.058527,4.860757],[7.058466,4.860726],[7.058493,4.860674],[7.058554,4.860705]]]}},{"type":"Feature","properties":{"h":3.0,"on_route":true},"geometry":{"type":"Polygon","coordinates":[[[7.057215,4.862924],[7.057179,4.863021],[7.057108,4.862995],[7.057143,4.862898],[7.057215,4.862924]]]}},{"type":"Feature","properties":{"h":3.0,"on_route":false},"geometry":{"type":"Polygon","coordinates":[[[7.055617,4.860743],[7.055941,4.860777],[7.055934,4.860848],[7.055656,4.860819],[7.055659,4.86079],[7.055613,4.860785],[7.055617,4.860743]]]}},{"type":"Feature","properties":{"h":3.0,"on_route":false},"geometry":{"type":"Polygon","coordinates":[[[7.053326,4.86271],[7.053317,4.862827],[7.053218,4.86282],[7.053227,4.862703],[7.053326,4.86271]]]}},{"type":"Feature","properties":{"h":3.0,"on_route":false},"geometry":{"type":"Polygon","coordinates":[[[7.055196,4.857108],[7.055203,4.857184],[7.055293,4.857176],[7.055299,4.857237],[7.055355,4.857232],[7.055364,4.857333],[7.05525,4.857344],[7.055248,4.857322],[7.055127,4.857334],[7.055106,4.857117],[7.055196,4.857108]]]}},{"type":"Feature","properties":{"h":3.0,"on_route":false},"geometry":{"type":"Polygon","coordinates":[[[7.05861,4.865214],[7.058518,4.865301],[7.058417,4.865194],[7.058509,4.865107],[7.05861,4.865214]]]}},{"type":"Feature","properties":{"h":3.0,"on_route":true},"geometry":{"type":"Polygon","coordinates":[[[7.05773,4.864061],[7.057725,4.864108],[7.05768,4.864103],[7.057685,4.864056],[7.05773,4.864061]]]}},{"type":"Feature","properties":{"h":3.0,"on_route":false},"geometry":{"type":"Polygon","coordinates":[[[7.057276,4.857734],[7.057268,4.857872],[7.057212,4.857869],[7.057219,4.857731],[7.057276,4.857734]]]}},{"type":"Feature","properties":{"h":3.0,"on_route":false},"geometry":{"type":"Polygon","coordinates":[[[7.057655,4.858298],[7.057641,4.858372],[7.057563,4.858357],[7.057577,4.858283],[7.057655,4.858298]]]}},{"type":"Feature","properties":{"h":3.0,"on_route":false},"geometry":{"type":"Polygon","coordinates":[[[7.059359,4.858707],[7.059343,4.858767],[7.059133,4.858709],[7.059149,4.858649],[7.059359,4.858707]]]}},{"type":"Feature","properties":{"h":3.0,"on_route":false},"geometry":{"type":"Polygon","coordinates":[[[7.05788,4.860783],[7.057866,4.860878],[7.057702,4.860852],[7.057716,4.860757],[7.05788,4.860783]]]}},{"type":"Feature","properties":{"h":3.0,"on_route":false},"geometry":{"type":"Polygon","coordinates":[[[7.058795,4.857323],[7.058786,4.857351],[7.058746,4.857338],[7.058755,4.85731],[7.058795,4.857323]]]}},{"type":"Feature","properties":{"h":3.0,"on_route":false},"geometry":{"type":"Polygon","coordinates":[[[7.055478,4.86014],[7.055488,4.860193],[7.05543,4.860204],[7.05542,4.860151],[7.055478,4.86014]]]}},{"type":"Feature","properties":{"h":3.0,"on_route":false},"geometry":{"type":"Polygon","coordinates":[[[7.054346,4.859337],[7.054315,4.859536],[7.054271,4.859529],[7.054286,4.859432],[7.054258,4.859427],[7.054262,4.859397],[7.054051,4.859365],[7.054062,4.859294],[7.054346,4.859337]]]}},{"type":"Feature","properties":{"h":3.0,"on_route":false},"geometry":{"type":"Polygon","coordinates":[[[7.053418,4.859716],[7.053411,4.859843],[7.053318,4.859838],[7.053326,4.859711],[7.053418,4.859716]]]}},{"type":"Feature","properties":{"h":3.0,"on_route":false},"geometry":{"type":"Polygon","coordinates":[[[7.058122,4.859055],[7.058113,4.859204],[7.05805,4.8592],[7.058054,4.859134],[7.057951,4.859128],[7.057956,4.859044],[7.058122,4.859055]]]}},{"type":"Feature","properties":{"h":3.0,"on_route":false},"geometry":{"type":"Polygon","coordinates":[[[7.054165,4.857761],[7.054385,4.85775],[7.054386,4.857778],[7.054353,4.857779],[7.054355,4.857829],[7.054169,4.857838],[7.054165,4.857761]]]}},{"type":"Feature","properties":{"h":3.0,"on_route":false},"geometry":{"type":"Polygon","coordinates":[[[7.054214,4.862189],[7.054057,4.862212],[7.054044,4.862125],[7.054201,4.862102],[7.054214,4.862189]]]}},{"type":"Feature","properties":{"h":3.0,"on_route":false},"geometry":{"type":"Polygon","coordinates":[[[7.056783,4.859051],[7.056768,4.859341],[7.056785,4.859342],[7.056771,4.859607],[7.056471,4.859591],[7.056476,4.859482],[7.056378,4.859477],[7.056401,4.859031],[7.056783,4.859051]]]}},{"type":"Feature","properties":{"h":3.0,"on_route":false},"geometry":{"type":"Polygon","coordinates":[[[7.05667,4.861022],[7.05665,4.861082],[7.056521,4.861038],[7.056541,4.860978],[7.05667,4.861022]]]}},{"type":"Feature","properties":{"h":3.0,"on_route":false},"geometry":{"type":"Polygon","coordinates":[[[7.057391,4.857791],[7.057396,4.857886],[7.057279,4.857892],[7.057274,4.857797],[7.057391,4.857791]]]}},{"type":"Feature","properties":{"h":3.0,"on_route":false},"geometry":{"type":"Polygon","coordinates":[[[7.055792,4.860871],[7.055795,4.860852],[7.055924,4.860873],[7.05591,4.860965],[7.055824,4.860952],[7.055819,4.860984],[7.055716,4.860968],[7.055733,4.860862],[7.055792,4.860871]]]}},{"type":"Feature","properties":{"h":3.0,"on_route":false},"geometry":{"type":"Polygon","coordinates":[[[7.058081,4.85929],[7.057997,4.859275],[7.058007,4.859223],[7.058045,4.859229],[7.058049,4.859203],[7.058095,4.859211],[7.058081,4.85929]]]}},{"type":"Feature","properties":{"h":3.0,"on_route":false},"geometry":{"type":"Polygon","coordinates":[[[7.058383,4.863307],[7.058372,4.863288],[7.058306,4.863326],[7.058267,4.863259],[7.058568,4.863086],[7.058618,4.863172],[7.058383,4.863307]]]}},{"type":"Feature","properties":{"h":3.0,"on_route":false},"geometry":{"type":"Polygon","coordinates":[[[7.054707,4.862758],[7.054571,4.862751],[7.054577,4.862632],[7.054713,4.862638],[7.054707,4.862758]]]}},{"type":"Feature","properties":{"h":3.0,"on_route":false},"geometry":{"type":"Polygon","coordinates":[[[7.059304,4.861891],[7.059248,4.861972],[7.059192,4.861932],[7.059203,4.861916],[7.059181,4.861901],[7.059226,4.861836],[7.059304,4.861891]]]}},{"type":"Feature","properties":{"h":3.0,"on_route":false},"geometry":{"type":"Polygon","coordinates":[[[7.05647,4.858636],[7.056295,4.85865],[7.056291,4.858598],[7.056466,4.858584],[7.05647,4.858636]]]}},{"type":"Feature","properties":{"h":3.0,"on_route":false},"geometry":{"type":"Polygon","coordinates":[[[7.058412,4.863444],[7.058381,4.863525],[7.058199,4.863453],[7.05823,4.863372],[7.058412,4.863444]]]}},{"type":"Feature","properties":{"h":3.0,"on_route":false},"geometry":{"type":"Polygon","coordinates":[[[7.060358,4.860163],[7.060323,4.860207],[7.060146,4.860062],[7.060181,4.860018],[7.060358,4.860163]]]}},{"type":"Feature","properties":{"h":3.0,"on_route":false},"geometry":{"type":"Polygon","coordinates":[[[7.059332,4.864307],[7.059287,4.864307],[7.059287,4.864264],[7.059332,4.864264],[7.059332,4.864307]]]}},{"type":"Feature","properties":{"h":3.0,"on_route":false},"geometry":{"type":"Polygon","coordinates":[[[7.055824,4.85794],[7.055551,4.857965],[7.055546,4.857908],[7.055767,4.857888],[7.055757,4.857782],[7.055809,4.857777],[7.055824,4.85794]]]}},{"type":"Feature","properties":{"h":3.0,"on_route":false},"geometry":{"type":"Polygon","coordinates":[[[7.054904,4.861308],[7.054776,4.86133],[7.054765,4.86127],[7.054894,4.861247],[7.054904,4.861308]]]}},{"type":"Feature","properties":{"h":3.0,"on_route":false},"geometry":{"type":"Polygon","coordinates":[[[7.057317,4.86167],[7.057275,4.861763],[7.057214,4.861735],[7.057255,4.861643],[7.057317,4.86167]]]}},{"type":"Feature","properties":{"h":3.0,"on_route":false},"geometry":{"type":"Polygon","coordinates":[[[7.054899,4.862576],[7.054895,4.862757],[7.05478,4.862754],[7.054784,4.862573],[7.054899,4.862576]]]}},{"type":"Feature","properties":{"h":3.0,"on_route":false},"geometry":{"type":"Polygon","coordinates":[[[7.058495,4.857869],[7.058493,4.857892],[7.058462,4.857889],[7.058464,4.857866],[7.058495,4.857869]]]}},{"type":"Feature","properties":{"h":3.0,"on_route":false},"geometry":{"type":"Polygon","coordinates":[[[7.055613,4.86416],[7.055567,4.864193],[7.055539,4.864154],[7.055585,4.864121],[7.055613,4.86416]]]}},{"type":"Feature","properties":{"h":3.0,"on_route":false},"geometry":{"type":"Polygon","coordinates":[[[7.059399,4.859913],[7.059362,4.859954],[7.059211,4.859818],[7.059248,4.859777],[7.059399,4.859913]]]}},{"type":"Feature","properties":{"h":3.0,"on_route":false},"geometry":{"type":"Polygon","coordinates":[[[7.054673,4.864032],[7.054654,4.864065],[7.054568,4.864017],[7.054586,4.863983],[7.054673,4.864032]]]}},{"type":"Feature","properties":{"h":3.0,"on_route":false},"geometry":{"type":"Polygon","coordinates":[[[7.059378,4.86105],[7.05923,4.861281],[7.059147,4.861227],[7.059296,4.860997],[7.059378,4.86105]]]}},{"type":"Feature","properties":{"h":3.0,"on_route":false},"geometry":{"type":"Polygon","coordinates":[[[7.05728,4.860932],[7.057268,4.861035],[7.057203,4.861027],[7.057215,4.860925],[7.05728,4.860932]]]}},{"type":"Feature","properties":{"h":3.0,"on_route":false},"geometry":{"type":"Polygon","coordinates":[[[7.053746,4.86213],[7.053691,4.862137],[7.053687,4.862103],[7.053741,4.862096],[7.053746,4.86213]]]}},{"type":"Feature","properties":{"h":3.0,"on_route":false},"geometry":{"type":"Polygon","coordinates":[[[7.058637,4.859667],[7.058613,4.85975],[7.058777,4.8598],[7.05876,4.859857],[7.058521,4.859786],[7.058562,4.859645],[7.058637,4.859667]]]}},{"type":"Feature","properties":{"h":3.0,"on_route":false},"geometry":{"type":"Polygon","coordinates":[[[7.058055,4.860344],[7.058035,4.860414],[7.057978,4.860397],[7.057998,4.860328],[7.058055,4.860344]]]}},{"type":"Feature","properties":{"h":3.0,"on_route":false},"geometry":{"type":"Polygon","coordinates":[[[7.059563,4.863041],[7.0595,4.863066],[7.059472,4.862997],[7.059535,4.862972],[7.059563,4.863041]]]}},{"type":"Feature","properties":{"h":3.0,"on_route":false},"geometry":{"type":"Polygon","coordinates":[[[7.055216,4.862467],[7.055112,4.862486],[7.0551,4.862421],[7.055205,4.862402],[7.055216,4.862467]]]}},{"type":"Feature","properties":{"h":3.0,"on_route":false},"geometry":{"type":"Polygon","coordinates":[[[7.058042,4.861208],[7.057988,4.861316],[7.057862,4.861254],[7.057916,4.861146],[7.058042,4.861208]]]}},{"type":"Feature","properties":{"h":3.0,"on_route":false},"geometry":{"type":"Polygon","coordinates":[[[7.057379,4.86457],[7.057372,4.864607],[7.05734,4.864602],[7.057328,4.864671],[7.057305,4.864667],[7.057298,4.86471],[7.057204,4.864694],[7.05723,4.864544],[7.057379,4.86457]]]}},{"type":"Feature","properties":{"h":3.0,"on_route":false},"geometry":{"type":"Polygon","coordinates":[[[7.05953,4.86124],[7.059463,4.861332],[7.059417,4.861299],[7.059484,4.861207],[7.05953,4.86124]]]}},{"type":"Feature","properties":{"h":3.0,"on_route":false},"geometry":{"type":"Polygon","coordinates":[[[7.054722,4.860256],[7.054649,4.860264],[7.054644,4.860223],[7.054717,4.860215],[7.054722,4.860256]]]}},{"type":"Feature","properties":{"h":3.0,"on_route":false},"geometry":{"type":"Polygon","coordinates":[[[7.05746,4.861947],[7.057466,4.861918],[7.057561,4.861937],[7.05754,4.862048],[7.057399,4.86202],[7.057415,4.861938],[7.05746,4.861947]]]}},{"type":"Feature","properties":{"h":3.0,"on_route":false},"geometry":{"type":"Polygon","coordinates":[[[7.059052,4.864455],[7.059034,4.864481],[7.059063,4.864501],[7.059014,4.86457],[7.058985,4.86455],[7.058932,4.864624],[7.058838,4.864557],[7.058958,4.864387],[7.059052,4.864455]]]}},{"type":"Feature","properties":{"h":3.0,"on_route":false},"geometry":{"type":"Polygon","coordinates":[[[7.056166,4.863599],[7.056139,4.863655],[7.05609,4.863631],[7.056117,4.863575],[7.056166,4.863599]]]}},{"type":"Feature","properties":{"h":3.0,"on_route":false},"geometry":{"type":"Polygon","coordinates":[[[7.057372,4.858836],[7.057375,4.85888],[7.057336,4.858882],[7.057333,4.858839],[7.057372,4.858836]]]}},{"type":"Feature","properties":{"h":3.0,"on_route":false},"geometry":{"type":"Polygon","coordinates":[[[7.054657,4.862311],[7.054536,4.862341],[7.054503,4.862209],[7.054624,4.862178],[7.054657,4.862311]]]}},{"type":"Feature","properties":{"h":3.0,"on_route":false},"geometry":{"type":"Polygon","coordinates":[[[7.056103,4.863857],[7.055885,4.864004],[7.05582,4.863907],[7.055943,4.863824],[7.055963,4.863854],[7.056058,4.86379],[7.056103,4.863857]]]}},{"type":"Feature","properties":{"h":3.0,"on_route":false},"geometry":{"type":"Polygon","coordinates":[[[7.058441,4.860888],[7.058507,4.860916],[7.058485,4.860967],[7.058419,4.860939],[7.058441,4.860888]]]}},{"type":"Feature","properties":{"h":3.0,"on_route":false},"geometry":{"type":"Polygon","coordinates":[[[7.056755,4.857964],[7.056683,4.857971],[7.056682,4.857953],[7.05654,4.857967],[7.056542,4.857985],[7.056516,4.857988],[7.056509,4.857914],[7.056619,4.857903],[7.056615,4.857856],[7.056743,4.857842],[7.056755,4.857964]]]}},{"type":"Feature","properties":{"h":3.0,"on_route":false},"geometry":{"type":"Polygon","coordinates":[[[7.060416,4.858831],[7.060341,4.859069],[7.060255,4.859042],[7.060268,4.859001],[7.060228,4.858988],[7.060281,4.858819],[7.060301,4.858826],[7.06031,4.858797],[7.060416,4.858831]]]}},{"type":"Feature","properties":{"h":3.0,"on_route":false},"geometry":{"type":"Polygon","coordinates":[[[7.058178,4.858072],[7.058172,4.858163],[7.058122,4.85816],[7.058127,4.858069],[7.058178,4.858072]]]}},{"type":"Feature","properties":{"h":3.0,"on_route":false},"geometry":{"type":"Polygon","coordinates":[[[7.058651,4.864916],[7.058573,4.864985],[7.058539,4.864946],[7.058617,4.864877],[7.058651,4.864916]]]}},{"type":"Feature","properties":{"h":3.0,"on_route":false},"geometry":{"type":"Polygon","coordinates":[[[7.058085,4.862177],[7.05808,4.862239],[7.058007,4.862232],[7.058012,4.862171],[7.058085,4.862177]]]}},{"type":"Feature","properties":{"h":3.0,"on_route":false},"geometry":{"type":"Polygon","coordinates":[[[7.055048,4.860935],[7.054929,4.860956],[7.054916,4.860883],[7.055035,4.860861],[7.055048,4.860935]]]}},{"type":"Feature","properties":{"h":3.0,"on_route":false},"geometry":{"type":"Polygon","coordinates":[[[7.055839,4.863227],[7.055815,4.863327],[7.055648,4.863287],[7.055673,4.863186],[7.055839,4.863227]]]}},{"type":"Feature","properties":{"h":3.0,"on_route":false},"geometry":{"type":"Polygon","coordinates":[[[7.053497,4.863734],[7.0535,4.863701],[7.053592,4.863707],[7.05358,4.863877],[7.053423,4.863866],[7.053433,4.863729],[7.053497,4.863734]]]}},{"type":"Feature","properties":{"h":3.0,"on_route":false},"geometry":{"type":"Polygon","coordinates":[[[7.05899,4.860912],[7.058938,4.860988],[7.058759,4.860863],[7.058812,4.860787],[7.05899,4.860912]]]}},{"type":"Feature","properties":{"h":3.0,"on_route":false},"geometry":{"type":"Polygon","coordinates":[[[7.05634,4.861339],[7.056335,4.861381],[7.056277,4.861374],[7.056282,4.861332],[7.05634,4.861339]]]}},{"type":"Feature","properties":{"h":3.0,"on_route":false},"geometry":{"type":"Polygon","coordinates":[[[7.059311,4.862613],[7.059321,4.862633],[7.059356,4.862616],[7.059386,4.86268],[7.059351,4.862696],[7.059343,4.862678],[7.05932,4.862689],[7.059289,4.862624],[7.059311,4.862613]]]}},{"type":"Feature","properties":{"h":3.0,"on_route":false},"geometry":{"type":"Polygon","coordinates":[[[7.05627,4.856913],[7.056223,4.856926],[7.056198,4.856833],[7.056244,4.85682],[7.05627,4.856913]]]}},{"type":"Feature","properties":{"h":3.0,"on_route":false},"geometry":{"type":"Polygon","coordinates":[[[7.060218,4.860579],[7.060143,4.860745],[7.060059,4.860707],[7.060133,4.860541],[7.060218,4.860579]]]}},{"type":"Feature","properties":{"h":3.0,"on_route":false},"geometry":{"type":"Polygon","coordinates":[[[7.059959,4.860385],[7.059905,4.860488],[7.059748,4.860405],[7.059802,4.860302],[7.059959,4.860385]]]}},{"type":"Feature","properties":{"h":3.0,"on_route":false},"geometry":{"type":"Polygon","coordinates":[[[7.056625,4.864904],[7.056594,4.865053],[7.056527,4.86504],[7.056557,4.86489],[7.056625,4.864904]]]}},{"type":"Feature","properties":{"h":3.0,"on_route":false},"geometry":{"type":"Polygon","coordinates":[[[7.056191,4.861339],[7.056177,4.861461],[7.056021,4.861442],[7.056035,4.861321],[7.056191,4.861339]]]}},{"type":"Feature","properties":{"h":3.0,"on_route":false},"geometry":{"type":"Polygon","coordinates":[[[7.055485,4.862524],[7.055475,4.862637],[7.055301,4.862623],[7.055311,4.86251],[7.055485,4.862524]]]}},{"type":"Feature","properties":{"h":3.0,"on_route":false},"geometry":{"type":"Polygon","coordinates":[[[7.060295,4.859346],[7.060255,4.859424],[7.059947,4.859266],[7.059987,4.859188],[7.060295,4.859346]]]}},{"type":"Feature","properties":{"h":3.0,"on_route":false},"geometry":{"type":"Polygon","coordinates":[[[7.05427,4.862906],[7.054254,4.863077],[7.054142,4.863066],[7.054157,4.862896],[7.05427,4.862906]]]}},{"type":"Feature","properties":{"h":3.0,"on_route":false},"geometry":{"type":"Polygon","coordinates":[[[7.056706,4.858415],[7.056704,4.858459],[7.056647,4.858456],[7.05665,4.858412],[7.056706,4.858415]]]}},{"type":"Feature","properties":{"h":3.0,"on_route":false},"geometry":{"type":"Polygon","coordinates":[[[7.059602,4.858105],[7.059579,4.858159],[7.059426,4.858094],[7.059449,4.85804],[7.059602,4.858105]]]}},{"type":"Feature","properties":{"h":3.0,"on_route":false},"geometry":{"type":"Polygon","coordinates":[[[7.056742,4.858205],[7.056745,4.858123],[7.056858,4.858128],[7.056848,4.858328],[7.056654,4.858318],[7.056659,4.858202],[7.056742,4.858205]]]}},{"type":"Feature","properties":{"h":3.0,"on_route":false},"geometry":{"type":"Polygon","coordinates":[[[7.053506,4.859717],[7.053513,4.859844],[7.053435,4.859848],[7.053428,4.859721],[7.053506,4.859717]]]}},{"type":"Feature","properties":{"h":3.0,"on_route":false},"geometry":{"type":"Polygon","coordinates":[[[7.058497,4.859079],[7.058487,4.85924],[7.058437,4.859237],[7.058447,4.859076],[7.058497,4.859079]]]}},{"type":"Feature","properties":{"h":3.0,"on_route":false},"geometry":{"type":"Polygon","coordinates":[[[7.057646,4.864575],[7.057633,4.864627],[7.057501,4.864591],[7.057515,4.86454],[7.057646,4.864575]]]}},{"type":"Feature","properties":{"h":3.0,"on_route":false},"geometry":{"type":"Polygon","coordinates":[[[7.053393,4.859445],[7.053351,4.859608],[7.053321,4.8596],[7.05333,4.859565],[7.053277,4.859552],[7.05331,4.859424],[7.053393,4.859445]]]}},{"type":"Feature","properties":{"h":3.0,"on_route":false},"geometry":{"type":"Polygon","coordinates":[[[7.053423,4.86287],[7.05342,4.862911],[7.05345,4.862913],[7.053442,4.863027],[7.05335,4.86302],[7.053362,4.862866],[7.053423,4.86287]]]}},{"type":"Feature","properties":{"h":3.0,"on_route":false},"geometry":{"type":"Polygon","coordinates":[[[7.06055,4.859307],[7.060508,4.859292],[7.060544,4.859191],[7.060586,4.859206],[7.06055,4.859307]]]}},{"type":"Feature","properties":{"h":3.0,"on_route":false},"geometry":{"type":"Polygon","coordinates":[[[7.059422,4.860092],[7.059374,4.860162],[7.059349,4.860144],[7.059397,4.860075],[7.059422,4.860092]]]}},{"type":"Feature","properties":{"h":3.0,"on_route":false},"geometry":{"type":"Polygon","coordinates":[[[7.057518,4.858494],[7.057525,4.858629],[7.057438,4.858633],[7.057431,4.858498],[7.057518,4.858494]]]}},{"type":"Feature","properties":{"h":3.0,"on_route":false},"geometry":{"type":"Polygon","coordinates":[[[7.054682,4.858948],[7.054674,4.858999],[7.054462,4.858965],[7.054471,4.858914],[7.054682,4.858948]]]}},{"type":"Feature","properties":{"h":3.0,"on_route":true},"geometry":{"type":"Polygon","coordinates":[[[7.057239,4.863059],[7.057195,4.86318],[7.05713,4.863157],[7.057174,4.863035],[7.057239,4.863059]]]}},{"type":"Feature","properties":{"h":3.0,"on_route":false},"geometry":{"type":"Polygon","coordinates":[[[7.056678,4.85856],[7.05669,4.858727],[7.056659,4.858729],[7.056654,4.858657],[7.056582,4.858662],[7.056575,4.858567],[7.056678,4.85856]]]}},{"type":"Feature","properties":{"h":3.0,"on_route":false},"geometry":{"type":"Polygon","coordinates":[[[7.056594,4.85747],[7.056465,4.857495],[7.056445,4.857392],[7.056574,4.857368],[7.056594,4.85747]]]}},{"type":"Feature","properties":{"h":3.0,"on_route":false},"geometry":{"type":"Polygon","coordinates":[[[7.054081,4.859025],[7.054041,4.859183],[7.053932,4.859156],[7.053952,4.859079],[7.053933,4.859075],[7.053925,4.859106],[7.053856,4.859089],[7.053885,4.858975],[7.054081,4.859025]]]}},{"type":"Feature","properties":{"h":3.0,"on_route":false},"geometry":{"type":"Polygon","coordinates":[[[7.058091,4.862104],[7.058085,4.862177],[7.057971,4.862167],[7.057977,4.862093],[7.058091,4.862104]]]}},{"type":"Feature","properties":{"h":3.0,"on_route":false},"geometry":{"type":"Polygon","coordinates":[[[7.057709,4.860716],[7.0577,4.860797],[7.057632,4.86079],[7.057641,4.860709],[7.057709,4.860716]]]}},{"type":"Feature","properties":{"h":3.0,"on_route":false},"geometry":{"type":"Polygon","coordinates":[[[7.058165,4.861179],[7.058118,4.861304],[7.058048,4.861278],[7.058071,4.861216],[7.058053,4.861209],[7.058076,4.861146],[7.058165,4.861179]]]}},{"type":"Feature","properties":{"h":3.0,"on_route":false},"geometry":{"type":"Polygon","coordinates":[[[7.057707,4.860305],[7.057659,4.860288],[7.057742,4.860068],[7.057789,4.860086],[7.057707,4.860305]]]}},{"type":"Feature","properties":{"h":3.0,"on_route":false},"geometry":{"type":"Polygon","coordinates":[[[7.060055,4.861229],[7.060024,4.861295],[7.05986,4.861217],[7.059891,4.86115],[7.060055,4.861229]]]}},{"type":"Feature","properties":{"h":3.0,"on_route":false},"geometry":{"type":"Polygon","coordinates":[[[7.055707,4.858095],[7.055719,4.858205],[7.055656,4.858212],[7.055644,4.858102],[7.055707,4.858095]]]}},{"type":"Feature","properties":{"h":3.0,"on_route":false},"geometry":{"type":"Polygon","coordinates":[[[7.055815,4.862958],[7.055787,4.863037],[7.055649,4.862988],[7.055677,4.862909],[7.055815,4.862958]]]}},{"type":"Feature","properties":{"h":3.0,"on_route":false},"geometry":{"type":"Polygon","coordinates":[[[7.055237,4.858941],[7.055231,4.85903],[7.055139,4.859024],[7.055145,4.858935],[7.055237,4.858941]]]}},{"type":"Feature","properties":{"h":3.0,"on_route":false},"geometry":{"type":"Polygon","coordinates":[[[7.059529,4.862938],[7.059499,4.862969],[7.05941,4.862885],[7.05944,4.862854],[7.059529,4.862938]]]}},{"type":"Feature","properties":{"h":3.0,"on_route":false},"geometry":{"type":"Polygon","coordinates":[[[7.058028,4.861487],[7.058006,4.861526],[7.05795,4.861494],[7.057972,4.861456],[7.058028,4.861487]]]}},{"type":"Feature","properties":{"h":3.0,"on_route":false},"geometry":{"type":"Polygon","coordinates":[[[7.058364,4.857151],[7.058307,4.857139],[7.058329,4.857032],[7.058387,4.857045],[7.058364,4.857151]]]}},{"type":"Feature","properties":{"h":3.0,"on_route":false},"geometry":{"type":"Polygon","coordinates":[[[7.057491,4.857471],[7.05748,4.857598],[7.05739,4.85759],[7.057401,4.857463],[7.057491,4.857471]]]}},{"type":"Feature","properties":{"h":3.0,"on_route":false},"geometry":{"type":"Polygon","coordinates":[[[7.054587,4.861699],[7.054315,4.861712],[7.054302,4.861431],[7.05439,4.861427],[7.054389,4.861392],[7.054572,4.861384],[7.054587,4.861699]]]}},{"type":"Feature","properties":{"h":3.0,"on_route":false},"geometry":{"type":"Polygon","coordinates":[[[7.055505,4.859953],[7.055505,4.859982],[7.055526,4.859982],[7.055527,4.860051],[7.055505,4.860051],[7.055505,4.860078],[7.055401,4.860079],[7.055401,4.859953],[7.055505,4.859953]]]}},{"type":"Feature","properties":{"h":3.0,"on_route":false},"geometry":{"type":"Polygon","coordinates":[[[7.058133,4.860347],[7.058109,4.860446],[7.05804,4.86043],[7.058064,4.86033],[7.058133,4.860347]]]}},{"type":"Feature","properties":{"h":3.0,"on_route":false},"geometry":{"type":"Polygon","coordinates":[[[7.057662,4.857695],[7.057655,4.857845],[7.057729,4.857848],[7.057724,4.857944],[7.057675,4.857942],[7.057678,4.857894],[7.057497,4.857885],[7.057499,4.857837],[7.057553,4.857839],[7.057561,4.85769],[7.057662,4.857695]]]}},{"type":"Feature","properties":{"h":3.0,"on_route":false},"geometry":{"type":"Polygon","coordinates":[[[7.056178,4.861792],[7.056171,4.86188],[7.056104,4.861874],[7.056111,4.861786],[7.056178,4.861792]]]}},{"type":"Feature","properties":{"h":3.0,"on_route":false},"geometry":{"type":"Polygon","coordinates":[[[7.055438,4.861861],[7.05544,4.861911],[7.05536,4.861914],[7.055358,4.861864],[7.055438,4.861861]]]}},{"type":"Feature","properties":{"h":3.0,"on_route":false},"geometry":{"type":"Polygon","coordinates":[[[7.05804,4.860178],[7.058001,4.860267],[7.05789,4.860218],[7.05793,4.860128],[7.05804,4.860178]]]}},{"type":"Feature","properties":{"h":3.0,"on_route":false},"geometry":{"type":"Polygon","coordinates":[[[7.054417,4.860534],[7.05442,4.860554],[7.054514,4.860537],[7.054527,4.860609],[7.05439,4.860634],[7.054374,4.860542],[7.054417,4.860534]]]}},{"type":"Feature","properties":{"h":3.0,"on_route":false},"geometry":{"type":"Polygon","coordinates":[[[7.055679,4.861918],[7.055694,4.861975],[7.055621,4.861995],[7.055605,4.861938],[7.055679,4.861918]]]}},{"type":"Feature","properties":{"h":3.0,"on_route":false},"geometry":{"type":"Polygon","coordinates":[[[7.058007,4.859198],[7.057998,4.85935],[7.057938,4.859347],[7.057947,4.859194],[7.058007,4.859198]]]}},{"type":"Feature","properties":{"h":3.0,"on_route":false},"geometry":{"type":"Polygon","coordinates":[[[7.053622,4.86342],[7.053603,4.863554],[7.053476,4.863536],[7.053495,4.863403],[7.053622,4.86342]]]}},{"type":"Feature","properties":{"h":3.0,"on_route":false},"geometry":{"type":"Polygon","coordinates":[[[7.057936,4.857362],[7.057867,4.857585],[7.0578,4.857564],[7.057856,4.85738],[7.057789,4.857359],[7.0578,4.85732],[7.057936,4.857362]]]}},{"type":"Feature","properties":{"h":3.0,"on_route":false},"geometry":{"type":"Polygon","coordinates":[[[7.057673,4.861657],[7.057668,4.86171],[7.057517,4.861697],[7.057521,4.861644],[7.057673,4.861657]]]}},{"type":"Feature","properties":{"h":3.0,"on_route":false},"geometry":{"type":"Polygon","coordinates":[[[7.058746,4.857224],[7.058734,4.857312],[7.058663,4.857303],[7.058674,4.857214],[7.058746,4.857224]]]}},{"type":"Feature","properties":{"h":3.0,"on_route":false},"geometry":{"type":"Polygon","coordinates":[[[7.060129,4.860334],[7.060069,4.860438],[7.060093,4.860452],[7.060083,4.860469],[7.059994,4.860417],[7.060064,4.860296],[7.060129,4.860334]]]}},{"type":"Feature","properties":{"h":3.0,"on_route":false},"geometry":{"type":"Polygon","coordinates":[[[7.054365,4.863303],[7.054441,4.863315],[7.054433,4.863365],[7.054358,4.863354],[7.054365,4.863303]]]}},{"type":"Feature","properties":{"h":3.0,"on_route":false},"geometry":{"type":"Polygon","coordinates":[[[7.054392,4.859883],[7.05439,4.85997],[7.054338,4.859969],[7.05434,4.859883],[7.054392,4.859883]]]}},{"type":"Feature","properties":{"h":3.0,"on_route":false},"geometry":{"type":"Polygon","coordinates":[[[7.058535,4.860326],[7.058512,4.860388],[7.058451,4.860365],[7.058474,4.860304],[7.058535,4.860326]]]}},{"type":"Feature","properties":{"h":3.0,"on_route":false},"geometry":{"type":"Polygon","coordinates":[[[7.057367,4.856809],[7.057361,4.856867],[7.057255,4.856855],[7.057261,4.856798],[7.057367,4.856809]]]}},{"type":"Feature","properties":{"h":3.0,"on_route":false},"geometry":{"type":"Polygon","coordinates":[[[7.057926,4.857613],[7.057889,4.857724],[7.057828,4.857704],[7.057865,4.857593],[7.057926,4.857613]]]}},{"type":"Feature","properties":{"h":3.0,"on_route":false},"geometry":{"type":"Polygon","coordinates":[[[7.054883,4.859701],[7.054661,4.859708],[7.054664,4.859785],[7.054573,4.859788],[7.054571,4.859711],[7.054358,4.859717],[7.054355,4.859618],[7.054881,4.859603],[7.054883,4.859701]]]}},{"type":"Feature","properties":{"h":3.0,"on_route":false},"geometry":{"type":"Polygon","coordinates":[[[7.056361,4.858467],[7.056293,4.858464],[7.056294,4.858438],[7.056283,4.858437],[7.056284,4.858405],[7.056364,4.858408],[7.056361,4.858467]]]}},{"type":"Feature","properties":{"h":3.0,"on_route":true},"geometry":{"type":"Polygon","coordinates":[[[7.056411,4.86164],[7.056413,4.861628],[7.056538,4.861641],[7.05653,4.861723],[7.056363,4.861706],[7.05637,4.861636],[7.056411,4.86164]]]}},{"type":"Feature","properties":{"h":3.0,"on_route":false},"geometry":{"type":"Polygon","coordinates":[[[7.057863,4.862671],[7.057869,4.862722],[7.057689,4.862742],[7.057684,4.862691],[7.057863,4.862671]]]}},{"type":"Feature","properties":{"h":3.0,"on_route":false},"geometry":{"type":"Polygon","coordinates":[[[7.055507,4.858786],[7.055422,4.858811],[7.055409,4.858764],[7.055494,4.858739],[7.055507,4.858786]]]}},{"type":"Feature","properties":{"h":3.0,"on_route":false},"geometry":{"type":"Polygon","coordinates":[[[7.057391,4.860373],[7.057367,4.860523],[7.057329,4.860517],[7.057342,4.860431],[7.057272,4.86042],[7.057283,4.860355],[7.057391,4.860373]]]}},{"type":"Feature","properties":{"h":3.0,"on_route":false},"geometry":{"type":"Polygon","coordinates":[[[7.058238,4.862614],[7.058228,4.862723],[7.058143,4.862714],[7.058153,4.862606],[7.058238,4.862614]]]}},{"type":"Feature","properties":{"h":3.0,"on_route":false},"geometry":{"type":"Polygon","coordinates":[[[7.05358,4.863315],[7.053567,4.863387],[7.053478,4.863371],[7.053491,4.8633],[7.05358,4.863315]]]}},{"type":"Feature","properties":{"h":3.0,"on_route":false},"geometry":{"type":"Polygon","coordinates":[[[7.054369,4.862149],[7.054375,4.862225],[7.054322,4.86223],[7.054316,4.862153],[7.054369,4.862149]]]}},{"type":"Feature","properties":{"h":3.0,"on_route":false},"geometry":{"type":"Polygon","coordinates":[[[7.056048,4.862898],[7.056041,4.862955],[7.055851,4.86293],[7.055858,4.862873],[7.056048,4.862898]]]}},{"type":"Feature","properties":{"h":3.0,"on_route":false},"geometry":{"type":"Polygon","coordinates":[[[7.056258,4.861846],[7.056255,4.861887],[7.0562,4.861882],[7.056203,4.861841],[7.056258,4.861846]]]}},{"type":"Feature","properties":{"h":3.0,"on_route":false},"geometry":{"type":"Polygon","coordinates":[[[7.056198,4.859985],[7.056651,4.860003],[7.056647,4.860096],[7.056195,4.860077],[7.056198,4.859985]]]}},{"type":"Feature","properties":{"h":3.0,"on_route":false},"geometry":{"type":"Polygon","coordinates":[[[7.057524,4.860657],[7.057519,4.860714],[7.057473,4.860709],[7.057479,4.860653],[7.057524,4.860657]]]}},{"type":"Feature","properties":{"h":3.0,"on_route":false},"geometry":{"type":"Polygon","coordinates":[[[7.057238,4.858579],[7.057242,4.85864],[7.057158,4.858645],[7.057154,4.858584],[7.057238,4.858579]]]}},{"type":"Feature","properties":{"h":3.0,"on_route":false},"geometry":{"type":"Polygon","coordinates":[[[7.056577,4.8585],[7.056573,4.858625],[7.056513,4.858623],[7.056516,4.858545],[7.056473,4.858544],[7.056475,4.858497],[7.056577,4.8585]]]}},{"type":"Feature","properties":{"h":3.0,"on_route":false},"geometry":{"type":"Polygon","coordinates":[[[7.054775,4.859041],[7.05473,4.85933],[7.054772,4.859337],[7.054731,4.859598],[7.054401,4.859547],[7.054416,4.859453],[7.05433,4.85944],[7.054401,4.858983],[7.054775,4.859041]]]}},{"type":"Feature","properties":{"h":3.0,"on_route":false},"geometry":{"type":"Polygon","coordinates":[[[7.059178,4.859365],[7.059148,4.859412],[7.059069,4.859359],[7.0591,4.859313],[7.059178,4.859365]]]}},{"type":"Feature","properties":{"h":3.0,"on_route":false},"geometry":{"type":"Polygon","coordinates":[[[7.053414,4.862447],[7.0534,4.862634],[7.0533,4.862627],[7.053315,4.86244],[7.053414,4.862447]]]}},{"type":"Feature","properties":{"h":3.0,"on_route":false},"geometry":{"type":"Polygon","coordinates":[[[7.0578,4.859531],[7.057704,4.85952],[7.057717,4.859402],[7.057768,4.859407],[7.057773,4.859361],[7.057818,4.859366],[7.0578,4.859531]]]}},{"type":"Feature","properties":{"h":3.0,"on_route":false},"geometry":{"type":"Polygon","coordinates":[[[7.053306,4.863028],[7.053261,4.863224],[7.053203,4.86321],[7.053209,4.863188],[7.053182,4.863182],[7.053188,4.863156],[7.053163,4.86315],[7.053197,4.863003],[7.053306,4.863028]]]}},{"type":"Feature","properties":{"h":3.0,"on_route":false},"geometry":{"type":"Polygon","coordinates":[[[7.059561,4.859966],[7.059504,4.860062],[7.059423,4.860014],[7.059479,4.859918],[7.059561,4.859966]]]}},{"type":"Feature","properties":{"h":3.0,"on_route":false},"geometry":{"type":"Polygon","coordinates":[[[7.057059,4.864395],[7.057018,4.864531],[7.056952,4.86451],[7.056994,4.864375],[7.057059,4.864395]]]}},{"type":"Feature","properties":{"h":3.0,"on_route":false},"geometry":{"type":"Polygon","coordinates":[[[7.057006,4.864212],[7.056993,4.864284],[7.056923,4.864272],[7.056936,4.8642],[7.057006,4.864212]]]}},{"type":"Feature","properties":{"h":3.0,"on_route":false},"geometry":{"type":"Polygon","coordinates":[[[7.05829,4.861559],[7.058244,4.861651],[7.058228,4.861643],[7.058207,4.861686],[7.05813,4.861648],[7.058197,4.861513],[7.05829,4.861559]]]}},{"type":"Feature","properties":{"h":3.0,"on_route":false},"geometry":{"type":"Polygon","coordinates":[[[7.053786,4.859205],[7.05374,4.859376],[7.053672,4.859358],[7.053717,4.859187],[7.053786,4.859205]]]}},{"type":"Feature","properties":{"h":3.0,"on_route":false},"geometry":{"type":"Polygon","coordinates":[[[7.054978,4.857753],[7.054945,4.857963],[7.054832,4.857945],[7.054865,4.857735],[7.054978,4.857753]]]}},{"type":"Feature","properties":{"h":3.0,"on_route":false},"geometry":{"type":"Polygon","coordinates":[[[7.054048,4.862467],[7.053998,4.862485],[7.053967,4.862396],[7.054017,4.862379],[7.054048,4.862467]]]}},{"type":"Feature","properties":{"h":3.0,"on_route":false},"geometry":{"type":"Polygon","coordinates":[[[7.057917,4.861656],[7.057898,4.861709],[7.057832,4.861684],[7.057851,4.861631],[7.057917,4.861656]]]}},{"type":"Feature","properties":{"h":3.0,"on_route":false},"geometry":{"type":"Polygon","coordinates":[[[7.053102,4.860613],[7.0531,4.860692],[7.052918,4.860688],[7.05292,4.86061],[7.053102,4.860613]]]}},{"type":"Feature","properties":{"h":3.0,"on_route":false},"geometry":{"type":"Polygon","coordinates":[[[7.058036,4.857993],[7.058029,4.858028],[7.058062,4.858034],[7.058053,4.858084],[7.05808,4.858089],[7.058068,4.858154],[7.058041,4.858149],[7.058035,4.858181],[7.057965,4.858168],[7.05797,4.858141],[7.057917,4.858131],[7.05793,4.858061],[7.057961,4.858067],[7.057977,4.857982],[7.058036,4.857993]]]}},{"type":"Feature","properties":{"h":3.0,"on_route":false},"geometry":{"type":"Polygon","coordinates":[[[7.0534,4.862634],[7.053396,4.862683],[7.053228,4.86267],[7.053232,4.862621],[7.0534,4.862634]]]}},{"type":"Feature","properties":{"h":3.0,"on_route":false},"geometry":{"type":"Polygon","coordinates":[[[7.054207,4.861839],[7.054209,4.861889],[7.054178,4.86189],[7.054177,4.861867],[7.054147,4.861868],[7.054147,4.861841],[7.054207,4.861839]]]}},{"type":"Feature","properties":{"h":3.0,"on_route":false},"geometry":{"type":"Polygon","coordinates":[[[7.056869,4.860212],[7.056866,4.86025],[7.056778,4.860241],[7.056782,4.860204],[7.056869,4.860212]]]}},{"type":"Feature","properties":{"h":3.0,"on_route":false},"geometry":{"type":"Polygon","coordinates":[[[7.053745,4.86358],[7.053727,4.8637],[7.053666,4.86369],[7.053685,4.86357],[7.053745,4.86358]]]}},{"type":"Feature","properties":{"h":3.0,"on_route":false},"geometry":{"type":"Polygon","coordinates":[[[7.059267,4.860316],[7.059249,4.860357],[7.059219,4.860344],[7.059237,4.860303],[7.059267,4.860316]]]}},{"type":"Feature","properties":{"h":3.0,"on_route":false},"geometry":{"type":"Polygon","coordinates":[[[7.054383,4.86223],[7.05439,4.862328],[7.054327,4.862333],[7.054319,4.862235],[7.054383,4.86223]]]}},{"type":"Feature","properties":{"h":3.0,"on_route":false},"geometry":{"type":"Polygon","coordinates":[[[7.055721,4.860691],[7.055715,4.860753],[7.055663,4.860748],[7.05567,4.860686],[7.055721,4.860691]]]}},{"type":"Feature","properties":{"h":3.0,"on_route":false},"geometry":{"type":"Polygon","coordinates":[[[7.060405,4.860941],[7.060373,4.861021],[7.060328,4.861003],[7.06036,4.860923],[7.060405,4.860941]]]}},{"type":"Feature","properties":{"h":3.0,"on_route":false},"geometry":{"type":"Polygon","coordinates":[[[7.054621,4.860223],[7.05456,4.860236],[7.054513,4.860011],[7.054485,4.860017],[7.054537,4.860262],[7.054319,4.860308],[7.054307,4.860251],[7.054463,4.860218],[7.054406,4.859946],[7.054556,4.859914],[7.054621,4.860223]]]}},{"type":"Feature","properties":{"h":3.0,"on_route":false},"geometry":{"type":"Polygon","coordinates":[[[7.057474,4.857133],[7.057467,4.857211],[7.057402,4.857205],[7.057409,4.857127],[7.057474,4.857133]]]}},{"type":"Feature","properties":{"h":3.0,"on_route":false},"geometry":{"type":"Polygon","coordinates":[[[7.05763,4.861474],[7.057545,4.861466],[7.057542,4.861501],[7.057498,4.861497],[7.057506,4.861411],[7.057508,4.861412],[7.057511,4.861376],[7.057538,4.861378],[7.057541,4.861347],[7.057641,4.861356],[7.05763,4.861474]]]}},{"type":"Feature","properties":{"h":3.0,"on_route":false},"geometry":{"type":"Polygon","coordinates":[[[7.053192,4.862593],[7.053186,4.862664],[7.053026,4.862651],[7.053032,4.86258],[7.053192,4.862593]]]}},{"type":"Feature","properties":{"h":3.0,"on_route":false},"geometry":{"type":"Polygon","coordinates":[[[7.054224,4.86421],[7.054182,4.864198],[7.054204,4.864122],[7.054246,4.864134],[7.054224,4.86421]]]}},{"type":"Feature","properties":{"h":3.0,"on_route":false},"geometry":{"type":"Polygon","coordinates":[[[7.057332,4.856885],[7.057324,4.856996],[7.057256,4.85699],[7.057265,4.85688],[7.057332,4.856885]]]}},{"type":"Feature","properties":{"h":3.0,"on_route":false},"geometry":{"type":"Polygon","coordinates":[[[7.055798,4.861674],[7.055795,4.861924],[7.05574,4.861924],[7.055742,4.861799],[7.055656,4.861798],[7.055658,4.861672],[7.055798,4.861674]]]}},{"type":"Feature","properties":{"h":3.0,"on_route":false},"geometry":{"type":"Polygon","coordinates":[[[7.053931,4.860537],[7.053927,4.860632],[7.053818,4.860626],[7.053822,4.860532],[7.053931,4.860537]]]}},{"type":"Feature","properties":{"h":3.0,"on_route":false},"geometry":{"type":"Polygon","coordinates":[[[7.058167,4.860181],[7.058145,4.860256],[7.058096,4.860242],[7.058118,4.860166],[7.058167,4.860181]]]}},{"type":"Feature","properties":{"h":3.0,"on_route":false},"geometry":{"type":"Polygon","coordinates":[[[7.056919,4.859713],[7.056914,4.859822],[7.056746,4.859814],[7.056751,4.859705],[7.056919,4.859713]]]}},{"type":"Feature","properties":{"h":3.0,"on_route":true},"geometry":{"type":"Polygon","coordinates":[[[7.057377,4.863004],[7.057359,4.863072],[7.057321,4.863062],[7.057339,4.862994],[7.057377,4.863004]]]}},{"type":"Feature","properties":{"h":3.0,"on_route":false},"geometry":{"type":"Polygon","coordinates":[[[7.056222,4.857353],[7.056219,4.857462],[7.056079,4.857459],[7.056081,4.857349],[7.056222,4.857353]]]}},{"type":"Feature","properties":{"h":3.0,"on_route":false},"geometry":{"type":"Polygon","coordinates":[[[7.059103,4.86287],[7.059069,4.862883],[7.059053,4.862842],[7.059086,4.862829],[7.059103,4.86287]]]}},{"type":"Feature","properties":{"h":3.0,"on_route":false},"geometry":{"type":"Polygon","coordinates":[[[7.056343,4.858083],[7.056402,4.858085],[7.056405,4.858009],[7.05659,4.858016],[7.056587,4.858092],[7.05667,4.858095],[7.056673,4.858036],[7.056785,4.85804],[7.056783,4.8581],[7.05676,4.858099],[7.056758,4.858167],[7.056428,4.858154],[7.056427,4.85818],[7.056339,4.858176],[7.056343,4.858083]]]}},{"type":"Feature","properties":{"h":3.0,"on_route":false},"geometry":{"type":"Polygon","coordinates":[[[7.055904,4.860998],[7.055889,4.861092],[7.055836,4.861083],[7.055851,4.860989],[7.055904,4.860998]]]}},{"type":"Feature","properties":{"h":3.0,"on_route":false},"geometry":{"type":"Polygon","coordinates":[[[7.057745,4.864226],[7.057724,4.864328],[7.057578,4.864299],[7.057587,4.864252],[7.057581,4.86425],[7.057592,4.864195],[7.057745,4.864226]]]}},{"type":"Feature","properties":{"h":3.0,"on_route":false},"geometry":{"type":"Polygon","coordinates":[[[7.058966,4.85966],[7.058923,4.85975],[7.058772,4.859677],[7.058815,4.859587],[7.058966,4.85966]]]}},{"type":"Feature","properties":{"h":3.0,"on_route":false},"geometry":{"type":"Polygon","coordinates":[[[7.053374,4.863115],[7.053358,4.863252],[7.053286,4.863243],[7.053301,4.863107],[7.053374,4.863115]]]}},{"type":"Feature","properties":{"h":3.0,"on_route":false},"geometry":{"type":"Polygon","coordinates":[[[7.05381,4.860731],[7.053803,4.860873],[7.053734,4.86087],[7.053742,4.860727],[7.05381,4.860731]]]}},{"type":"Feature","properties":{"h":3.0,"on_route":false},"geometry":{"type":"Polygon","coordinates":[[[7.05294,4.860965],[7.053006,4.861249],[7.052941,4.861264],[7.052874,4.86098],[7.05294,4.860965]]]}},{"type":"Feature","properties":{"h":3.0,"on_route":false},"geometry":{"type":"Polygon","coordinates":[[[7.058724,4.861925],[7.058848,4.861994],[7.05884,4.862009],[7.058857,4.862018],[7.058842,4.862045],[7.058783,4.862012],[7.05877,4.862035],[7.058688,4.861989],[7.058724,4.861925]]]}},{"type":"Feature","properties":{"h":3.0,"on_route":false},"geometry":{"type":"Polygon","coordinates":[[[7.059785,4.859306],[7.059771,4.85933],[7.059779,4.859334],[7.059793,4.859311],[7.059837,4.859337],[7.059777,4.859439],[7.059633,4.859353],[7.059693,4.859252],[7.059785,4.859306]]]}},{"type":"Feature","properties":{"h":3.0,"on_route":false},"geometry":{"type":"Polygon","coordinates":[[[7.055039,4.859166],[7.054894,4.859177],[7.054887,4.859084],[7.055032,4.859073],[7.055039,4.859166]]]}},{"type":"Feature","properties":{"h":3.0,"on_route":false},"geometry":{"type":"Polygon","coordinates":[[[7.053971,4.860168],[7.053982,4.860325],[7.053854,4.860334],[7.053844,4.860177],[7.053971,4.860168]]]}},{"type":"Feature","properties":{"h":3.0,"on_route":false},"geometry":{"type":"Polygon","coordinates":[[[7.053432,4.862279],[7.053425,4.862442],[7.053324,4.862437],[7.053325,4.862414],[7.0533,4.862413],[7.053306,4.862273],[7.053432,4.862279]]]}},{"type":"Feature","properties":{"h":3.0,"on_route":false},"geometry":{"type":"Polygon","coordinates":[[[7.0557,4.856964],[7.055718,4.857037],[7.05574,4.857031],[7.055765,4.85713],[7.055651,4.857158],[7.055608,4.856987],[7.0557,4.856964]]]}},{"type":"Feature","properties":{"h":3.0,"on_route":false},"geometry":{"type":"Polygon","coordinates":[[[7.05612,4.862894],[7.056109,4.862972],[7.056038,4.862961],[7.056049,4.862884],[7.05612,4.862894]]]}},{"type":"Feature","properties":{"h":3.0,"on_route":false},"geometry":{"type":"Polygon","coordinates":[[[7.05759,4.859401],[7.057582,4.859619],[7.057532,4.859618],[7.05754,4.8594],[7.05759,4.859401]]]}},{"type":"Feature","properties":{"h":3.0,"on_route":false},"geometry":{"type":"Polygon","coordinates":[[[7.057547,4.864234],[7.057528,4.864344],[7.057451,4.864331],[7.05747,4.864221],[7.057547,4.864234]]]}},{"type":"Feature","properties":{"h":3.0,"on_route":false},"geometry":{"type":"Polygon","coordinates":[[[7.060416,4.859737],[7.060328,4.859846],[7.06021,4.85975],[7.060297,4.859641],[7.060416,4.859737]]]}},{"type":"Feature","properties":{"h":3.0,"on_route":false},"geometry":{"type":"Polygon","coordinates":[[[7.058234,4.85757],[7.058194,4.857554],[7.058182,4.857583],[7.058149,4.85757],[7.058197,4.85745],[7.05827,4.85748],[7.058234,4.85757]]]}},{"type":"Feature","properties":{"h":3.0,"on_route":false},"geometry":{"type":"Polygon","coordinates":[[[7.059255,4.857683],[7.059511,4.857798],[7.059422,4.857997],[7.059289,4.857937],[7.059331,4.857843],[7.059208,4.857788],[7.059255,4.857683]]]}},{"type":"Feature","properties":{"h":3.0,"on_route":false},"geometry":{"type":"Polygon","coordinates":[[[7.053251,4.861398],[7.053243,4.861555],[7.053195,4.861553],[7.053202,4.861396],[7.053251,4.861398]]]}},{"type":"Feature","properties":{"h":3.0,"on_route":false},"geometry":{"type":"Polygon","coordinates":[[[7.055849,4.86025],[7.055837,4.860307],[7.05578,4.860295],[7.055792,4.860238],[7.055849,4.86025]]]}},{"type":"Feature","properties":{"h":3.0,"on_route":false},"geometry":{"type":"Polygon","coordinates":[[[7.055116,4.860662],[7.054984,4.860687],[7.054962,4.86057],[7.055093,4.860544],[7.055116,4.860662]]]}},{"type":"Feature","properties":{"h":3.0,"on_route":false},"geometry":{"type":"Polygon","coordinates":[[[7.055488,4.864094],[7.055286,4.86433],[7.055218,4.864272],[7.055421,4.864036],[7.055488,4.864094]]]}},{"type":"Feature","properties":{"h":3.0,"on_route":false},"geometry":{"type":"Polygon","coordinates":[[[7.055817,4.860701],[7.055811,4.860763],[7.055715,4.860753],[7.055721,4.860691],[7.055817,4.860701]]]}},{"type":"Feature","properties":{"h":3.0,"on_route":false},"geometry":{"type":"Polygon","coordinates":[[[7.055013,4.860337],[7.054939,4.860353],[7.054922,4.860271],[7.054995,4.860256],[7.055013,4.860337]]]}},{"type":"Feature","properties":{"h":3.0,"on_route":false},"geometry":{"type":"Polygon","coordinates":[[[7.05591,4.858611],[7.05585,4.858618],[7.055842,4.858547],[7.055902,4.85854],[7.05591,4.858611]]]}},{"type":"Feature","properties":{"h":3.0,"on_route":false},"geometry":{"type":"Polygon","coordinates":[[[7.053437,4.861273],[7.053437,4.861309],[7.053369,4.861309],[7.053369,4.861273],[7.053437,4.861273]]]}},{"type":"Feature","properties":{"h":3.0,"on_route":false},"geometry":{"type":"Polygon","coordinates":[[[7.054524,4.86066],[7.054442,4.860675],[7.054433,4.860626],[7.054515,4.860611],[7.054524,4.86066]]]}},{"type":"Feature","properties":{"h":3.0,"on_route":false},"geometry":{"type":"Polygon","coordinates":[[[7.060028,4.859631],[7.059999,4.859718],[7.059864,4.859672],[7.059894,4.859584],[7.060028,4.859631]]]}},{"type":"Feature","properties":{"h":3.0,"on_route":false},"geometry":{"type":"Polygon","coordinates":[[[7.054335,4.860741],[7.054228,4.860764],[7.054212,4.860691],[7.054319,4.860667],[7.054335,4.860741]]]}},{"type":"Feature","properties":{"h":3.0,"on_route":false},"geometry":{"type":"Polygon","coordinates":[[[7.058817,4.859995],[7.058766,4.860109],[7.058731,4.860093],[7.058782,4.85998],[7.058817,4.859995]]]}},{"type":"Feature","properties":{"h":3.0,"on_route":false},"geometry":{"type":"Polygon","coordinates":[[[7.054611,4.860393],[7.054492,4.860415],[7.054481,4.860356],[7.0546,4.860334],[7.054611,4.860393]]]}},{"type":"Feature","properties":{"h":3.0,"on_route":false},"geometry":{"type":"Polygon","coordinates":[[[7.055944,4.857174],[7.055946,4.857124],[7.056018,4.857127],[7.056016,4.857177],[7.056064,4.857179],[7.056062,4.857224],[7.056104,4.857226],[7.056101,4.857309],[7.055858,4.857298],[7.055864,4.85717],[7.055944,4.857174]]]}},{"type":"Feature","properties":{"h":3.0,"on_route":false},"geometry":{"type":"Polygon","coordinates":[[[7.056781,4.860983],[7.056774,4.861062],[7.056706,4.861057],[7.056712,4.860977],[7.056781,4.860983]]]}},{"type":"Feature","properties":{"h":3.0,"on_route":false},"geometry":{"type":"Polygon","coordinates":[[[7.057412,4.857311],[7.057415,4.857346],[7.057358,4.857352],[7.057354,4.857316],[7.057412,4.857311]]]}},{"type":"Feature","properties":{"h":3.0,"on_route":false},"geometry":{"type":"Polygon","coordinates":[[[7.058561,4.860473],[7.058542,4.860522],[7.058411,4.860469],[7.058431,4.86042],[7.058561,4.860473]]]}},{"type":"Feature","properties":{"h":3.0,"on_route":false},"geometry":{"type":"Polygon","coordinates":[[[7.055996,4.86112],[7.055988,4.861202],[7.055932,4.861197],[7.055939,4.861115],[7.055996,4.86112]]]}},{"type":"Feature","properties":{"h":3.0,"on_route":false},"geometry":{"type":"Polygon","coordinates":[[[7.055462,4.858283],[7.055431,4.858292],[7.055462,4.858399],[7.055328,4.858438],[7.055284,4.858286],[7.055449,4.858238],[7.055462,4.858283]]]}},{"type":"Feature","properties":{"h":3.0,"on_route":false},"geometry":{"type":"Polygon","coordinates":[[[7.054155,4.860687],[7.054154,4.860832],[7.054096,4.860831],[7.054097,4.860687],[7.054155,4.860687]]]}},{"type":"Feature","properties":{"h":3.0,"on_route":false},"geometry":{"type":"Polygon","coordinates":[[[7.054933,4.86275],[7.054932,4.862824],[7.054779,4.862822],[7.05478,4.862748],[7.054933,4.86275]]]}},{"type":"Feature","properties":{"h":3.0,"on_route":false},"geometry":{"type":"Polygon","coordinates":[[[7.058696,4.862168],[7.05863,4.862279],[7.058494,4.862199],[7.058563,4.862086],[7.058696,4.862168]]]}},{"type":"Feature","properties":{"h":3.0,"on_route":false},"geometry":{"type":"Polygon","coordinates":[[[7.060138,4.860736],[7.060103,4.860811],[7.059973,4.860749],[7.060009,4.860674],[7.060138,4.860736]]]}},{"type":"Feature","properties":{"h":3.0,"on_route":false},"geometry":{"type":"Polygon","coordinates":[[[7.057998,4.858719],[7.058016,4.858902],[7.057961,4.858908],[7.057947,4.858763],[7.057888,4.858769],[7.057884,4.85873],[7.057998,4.858719]]]}},{"type":"Feature","properties":{"h":3.0,"on_route":false},"geometry":{"type":"Polygon","coordinates":[[[7.053591,4.861545],[7.053585,4.861696],[7.053485,4.861692],[7.05349,4.861541],[7.053591,4.861545]]]}},{"type":"Feature","properties":{"h":3.0,"on_route":false},"geometry":{"type":"Polygon","coordinates":[[[7.056878,4.864202],[7.056838,4.864197],[7.056846,4.864136],[7.056886,4.864141],[7.056878,4.864202]]]}},{"type":"Feature","properties":{"h":3.0,"on_route":false},"geometry":{"type":"Polygon","coordinates":[[[7.058855,4.858306],[7.058915,4.858329],[7.058871,4.858445],[7.058829,4.858429],[7.05885,4.858375],[7.058799,4.858356],[7.058816,4.858312],[7.058848,4.858324],[7.058855,4.858306]]]}},{"type":"Feature","properties":{"h":3.0,"on_route":false},"geometry":{"type":"Polygon","coordinates":[[[7.057459,4.860848],[7.057456,4.860878],[7.057551,4.860888],[7.057544,4.860961],[7.057384,4.860945],[7.057394,4.860841],[7.057459,4.860848]]]}},{"type":"Feature","properties":{"h":3.0,"on_route":false},"geometry":{"type":"Polygon","coordinates":[[[7.060553,4.862102],[7.060523,4.862073],[7.060556,4.862039],[7.060586,4.862068],[7.060553,4.862102]]]}},{"type":"Feature","properties":{"h":3.0,"on_route":false},"geometry":{"type":"Polygon","coordinates":[[[7.060614,4.862035],[7.060592,4.862063],[7.060563,4.862039],[7.060585,4.862012],[7.060614,4.862035]]]}},{"type":"Feature","properties":{"h":3.0,"on_route":false},"geometry":{"type":"Polygon","coordinates":[[[7.059697,4.858013],[7.059671,4.8581],[7.059573,4.858071],[7.059599,4.857983],[7.059697,4.858013]]]}},{"type":"Feature","properties":{"h":3.0,"on_route":false},"geometry":{"type":"Polygon","coordinates":[[[7.057538,4.858357],[7.057544,4.858469],[7.057484,4.858472],[7.057478,4.858361],[7.057538,4.858357]]]}},{"type":"Feature","properties":{"h":3.0,"on_route":false},"geometry":{"type":"Polygon","coordinates":[[[7.057275,4.861238],[7.057262,4.861357],[7.057196,4.86135],[7.05721,4.861231],[7.057275,4.861238]]]}},{"type":"Feature","properties":{"h":3.0,"on_route":false},"geometry":{"type":"Polygon","coordinates":[[[7.055086,4.865128],[7.054979,4.865157],[7.054972,4.865128],[7.054888,4.865151],[7.054902,4.865202],[7.05485,4.865216],[7.054844,4.865193],[7.054775,4.865212],[7.054761,4.865159],[7.05469,4.865179],[7.054696,4.865203],[7.054553,4.865242],[7.054547,4.865218],[7.054501,4.86523],[7.054508,4.865254],[7.054336,4.865301],[7.05433,4.865277],[7.053978,4.865372],[7.05395,4.865269],[7.054937,4.865001],[7.054934,4.864989],[7.055009,4.864969],[7.055023,4.86502],[7.055054,4.865011],[7.055086,4.865128]]]}},{"type":"Feature","properties":{"h":3.0,"on_route":false},"geometry":{"type":"Polygon","coordinates":[[[7.058335,4.858945],[7.058332,4.858989],[7.058279,4.858986],[7.058281,4.858941],[7.058335,4.858945]]]}},{"type":"Feature","properties":{"h":3.0,"on_route":false},"geometry":{"type":"Polygon","coordinates":[[[7.052916,4.862288],[7.052911,4.862384],[7.05285,4.86238],[7.052855,4.862285],[7.052916,4.862288]]]}},{"type":"Feature","properties":{"h":3.0,"on_route":true},"geometry":{"type":"Polygon","coordinates":[[[7.057383,4.862752],[7.057366,4.862921],[7.057304,4.862914],[7.057307,4.862875],[7.057279,4.862873],[7.057286,4.8628],[7.057315,4.862803],[7.057321,4.862746],[7.057383,4.862752]]]}},{"type":"Feature","properties":{"h":3.0,"on_route":false},"geometry":{"type":"Polygon","coordinates":[[[7.054895,4.858027],[7.054885,4.858085],[7.054778,4.858065],[7.054789,4.858008],[7.054895,4.858027]]]}},{"type":"Feature","properties":{"h":3.0,"on_route":true},"geometry":{"type":"Polygon","coordinates":[[[7.05821,4.863864],[7.058163,4.863973],[7.058064,4.863931],[7.058111,4.863821],[7.05821,4.863864]]]}},{"type":"Feature","properties":{"h":3.0,"on_route":false},"geometry":{"type":"Polygon","coordinates":[[[7.055597,4.861163],[7.055583,4.861218],[7.05548,4.861193],[7.055494,4.861137],[7.055597,4.861163]]]}},{"type":"Feature","properties":{"h":3.0,"on_route":false},"geometry":{"type":"Polygon","coordinates":[[[7.056936,4.85906],[7.056897,4.85906],[7.056897,4.858994],[7.056936,4.858994],[7.056936,4.85906]]]}},{"type":"Feature","properties":{"h":3.0,"on_route":false},"geometry":{"type":"Polygon","coordinates":[[[7.055285,4.860911],[7.055291,4.86097],[7.055227,4.860977],[7.055221,4.860917],[7.055285,4.860911]]]}},{"type":"Feature","properties":{"h":3.0,"on_route":false},"geometry":{"type":"Polygon","coordinates":[[[7.05831,4.863635],[7.058275,4.863725],[7.058179,4.863687],[7.058214,4.863597],[7.05831,4.863635]]]}},{"type":"Feature","properties":{"h":3.0,"on_route":false},"geometry":{"type":"Polygon","coordinates":[[[7.055168,4.861126],[7.055086,4.861141],[7.055079,4.861106],[7.055161,4.861091],[7.055168,4.861126]]]}},{"type":"Feature","properties":{"h":3.0,"on_route":false},"geometry":{"type":"Polygon","coordinates":[[[7.058777,4.858833],[7.058747,4.85898],[7.058662,4.858962],[7.058672,4.858915],[7.05865,4.858911],[7.058665,4.858838],[7.058687,4.858843],[7.058692,4.858815],[7.058777,4.858833]]]}},{"type":"Feature","properties":{"h":3.0,"on_route":true},"geometry":{"type":"Polygon","coordinates":[[[7.057956,4.863965],[7.057925,4.864094],[7.057755,4.864054],[7.057785,4.863925],[7.057956,4.863965]]]}},{"type":"Feature","properties":{"h":3.0,"on_route":true},"geometry":{"type":"Polygon","coordinates":[[[7.058163,4.863606],[7.058148,4.863676],[7.05804,4.863654],[7.058054,4.863583],[7.058163,4.863606]]]}},{"type":"Feature","properties":{"h":3.0,"on_route":false},"geometry":{"type":"Polygon","coordinates":[[[7.054848,4.863327],[7.05484,4.863431],[7.054777,4.863426],[7.054786,4.863322],[7.054848,4.863327]]]}},{"type":"Feature","properties":{"h":3.0,"on_route":false},"geometry":{"type":"Polygon","coordinates":[[[7.057371,4.861908],[7.057351,4.861979],[7.057271,4.861957],[7.057291,4.861885],[7.057371,4.861908]]]}},{"type":"Feature","properties":{"h":3.0,"on_route":false},"geometry":{"type":"Polygon","coordinates":[[[7.059216,4.857284],[7.05918,4.85737],[7.059211,4.857383],[7.059246,4.857296],[7.059326,4.857329],[7.059229,4.857566],[7.059149,4.857533],[7.059164,4.857498],[7.059072,4.85746],[7.059154,4.857258],[7.059216,4.857284]]]}},{"type":"Feature","properties":{"h":3.0,"on_route":false},"geometry":{"type":"Polygon","coordinates":[[[7.055172,4.858636],[7.055164,4.858842],[7.055075,4.858839],[7.055083,4.858632],[7.055172,4.858636]]]}},{"type":"Feature","properties":{"h":3.0,"on_route":true},"geometry":{"type":"Polygon","coordinates":[[[7.05713,4.863019],[7.057111,4.863073],[7.056966,4.86302],[7.056985,4.862966],[7.05713,4.863019]]]}},{"type":"Feature","properties":{"h":3.0,"on_route":false},"geometry":{"type":"Polygon","coordinates":[[[7.059295,4.861575],[7.059257,4.861629],[7.059212,4.861597],[7.05925,4.861543],[7.059295,4.861575]]]}},{"type":"Feature","properties":{"h":3.0,"on_route":false},"geometry":{"type":"Polygon","coordinates":[[[7.056931,4.858536],[7.056825,4.858532],[7.056827,4.858461],[7.056933,4.858464],[7.056931,4.858536]]]}},{"type":"Feature","properties":{"h":3.0,"on_route":false},"geometry":{"type":"Polygon","coordinates":[[[7.053555,4.860569],[7.053549,4.86065],[7.053416,4.86064],[7.053422,4.86056],[7.053555,4.860569]]]}},{"type":"Feature","properties":{"h":3.0,"on_route":false},"geometry":{"type":"Polygon","coordinates":[[[7.060109,4.863491],[7.060091,4.863522],[7.060138,4.86355],[7.060105,4.863605],[7.060004,4.863545],[7.060055,4.863459],[7.060109,4.863491]]]}},{"type":"Feature","properties":{"h":3.0,"on_route":false},"geometry":{"type":"Polygon","coordinates":[[[7.05729,4.864236],[7.057235,4.864541],[7.057053,4.864508],[7.05707,4.864416],[7.05716,4.864433],[7.057183,4.864304],[7.057093,4.864287],[7.057109,4.864202],[7.05729,4.864236]]]}},{"type":"Feature","properties":{"h":3.0,"on_route":false},"geometry":{"type":"Polygon","coordinates":[[[7.059362,4.858221],[7.05948,4.858268],[7.059466,4.858305],[7.059348,4.858258],[7.059362,4.858221]]]}},{"type":"Feature","properties":{"h":3.0,"on_route":false},"geometry":{"type":"Polygon","coordinates":[[[7.060405,4.859829],[7.060383,4.859864],[7.060341,4.859837],[7.060363,4.859802],[7.060405,4.859829]]]}},{"type":"Feature","properties":{"h":3.0,"on_route":false},"geometry":{"type":"Polygon","coordinates":[[[7.057682,4.860883],[7.057673,4.860955],[7.05761,4.860947],[7.057619,4.860874],[7.057682,4.860883]]]}},{"type":"Feature","properties":{"h":3.0,"on_route":false},"geometry":{"type":"Polygon","coordinates":[[[7.056315,4.860572],[7.056308,4.86066],[7.056208,4.860651],[7.056215,4.860564],[7.056315,4.860572]]]}},{"type":"Feature","properties":{"h":3.0,"on_route":false},"geometry":{"type":"Polygon","coordinates":[[[7.058468,4.859492],[7.058422,4.859646],[7.058348,4.859624],[7.058394,4.85947],[7.058468,4.859492]]]}},{"type":"Feature","properties":{"h":3.0,"on_route":false},"geometry":{"type":"Polygon","coordinates":[[[7.054539,4.86373],[7.054483,4.863874],[7.054272,4.863789],[7.054328,4.863646],[7.054539,4.86373]]]}},{"type":"Feature","properties":{"h":3.0,"on_route":false},"geometry":{"type":"Polygon","coordinates":[[[7.053463,4.861137],[7.053277,4.861145],[7.053273,4.861046],[7.05346,4.861039],[7.053463,4.861137]]]}},{"type":"Feature","properties":{"h":3.0,"on_route":false},"geometry":{"type":"Polygon","coordinates":[[[7.059294,4.860294],[7.059445,4.860405],[7.059414,4.860448],[7.059263,4.860337],[7.059294,4.860294]]]}},{"type":"Feature","properties":{"h":3.0,"on_route":false},"geometry":{"type":"Polygon","coordinates":[[[7.06061,4.861405],[7.060602,4.861425],[7.060567,4.861411],[7.060576,4.86139],[7.06061,4.861405]]]}},{"type":"Feature","properties":{"h":3.0,"on_route":false},"geometry":{"type":"Polygon","coordinates":[[[7.056916,4.858282],[7.056849,4.858279],[7.056852,4.858219],[7.056919,4.858222],[7.056916,4.858282]]]}},{"type":"Feature","properties":{"h":3.0,"on_route":false},"geometry":{"type":"Polygon","coordinates":[[[7.054242,4.86305],[7.054356,4.863056],[7.054349,4.863177],[7.054236,4.863171],[7.054242,4.86305]]]}},{"type":"Feature","properties":{"h":3.0,"on_route":false},"geometry":{"type":"Polygon","coordinates":[[[7.058606,4.859316],[7.0586,4.859392],[7.058575,4.85939],[7.058571,4.859444],[7.058641,4.85945],[7.058637,4.859493],[7.058659,4.859495],[7.058652,4.85957],[7.05851,4.859558],[7.058531,4.85931],[7.058606,4.859316]]]}},{"type":"Feature","properties":{"h":3.0,"on_route":false},"geometry":{"type":"Polygon","coordinates":[[[7.054159,4.859733],[7.054146,4.859831],[7.053946,4.859805],[7.053959,4.859707],[7.054159,4.859733]]]}},{"type":"Feature","properties":{"h":3.0,"on_route":false},"geometry":{"type":"Polygon","coordinates":[[[7.055047,4.858788],[7.055043,4.858813],[7.054995,4.858805],[7.054999,4.858779],[7.055047,4.858788]]]}},{"type":"Feature","properties":{"h":3.0,"on_route":false},"geometry":{"type":"Polygon","coordinates":[[[7.058519,4.857068],[7.058498,4.857133],[7.058442,4.857114],[7.058463,4.85705],[7.058519,4.857068]]]}},{"type":"Feature","properties":{"h":3.0,"on_route":false},"geometry":{"type":"Polygon","coordinates":[[[7.055445,4.85859],[7.055456,4.858653],[7.055389,4.858664],[7.055379,4.858601],[7.055445,4.85859]]]}},{"type":"Feature","properties":{"h":3.0,"on_route":false},"geometry":{"type":"Polygon","coordinates":[[[7.05486,4.8635],[7.054858,4.863535],[7.054799,4.863532],[7.054801,4.863496],[7.05486,4.8635]]]}},{"type":"Feature","properties":{"h":3.0,"on_route":false},"geometry":{"type":"Polygon","coordinates":[[[7.059531,4.860617],[7.059641,4.860704],[7.059626,4.860724],[7.059614,4.860715],[7.059603,4.86073],[7.059504,4.860652],[7.059531,4.860617]]]}},{"type":"Feature","properties":{"h":3.0,"on_route":false},"geometry":{"type":"Polygon","coordinates":[[[7.056489,4.858328],[7.056483,4.858448],[7.056507,4.858449],[7.056504,4.858508],[7.056379,4.858502],[7.056387,4.858324],[7.056489,4.858328]]]}},{"type":"Feature","properties":{"h":3.0,"on_route":false},"geometry":{"type":"Polygon","coordinates":[[[7.057727,4.862166],[7.057724,4.862192],[7.057778,4.862197],[7.057772,4.862266],[7.057635,4.862254],[7.057644,4.862158],[7.057727,4.862166]]]}},{"type":"Feature","properties":{"h":3.0,"on_route":false},"geometry":{"type":"Polygon","coordinates":[[[7.058688,4.862535],[7.058566,4.862632],[7.058389,4.862406],[7.058439,4.862366],[7.058552,4.86251],[7.058579,4.862488],[7.058461,4.862337],[7.058505,4.862302],[7.058688,4.862535]]]}},{"type":"Feature","properties":{"h":3.0,"on_route":false},"geometry":{"type":"Polygon","coordinates":[[[7.054183,4.863083],[7.054164,4.863202],[7.054039,4.863182],[7.054058,4.863063],[7.054183,4.863083]]]}},{"type":"Feature","properties":{"h":3.0,"on_route":false},"geometry":{"type":"Polygon","coordinates":[[[7.058824,4.863444],[7.058811,4.86348],[7.058769,4.863464],[7.058782,4.863428],[7.058824,4.863444]]]}},{"type":"Feature","properties":{"h":3.0,"on_route":false},"geometry":{"type":"Polygon","coordinates":[[[7.059852,4.858213],[7.059831,4.858262],[7.059726,4.858216],[7.059747,4.858167],[7.059852,4.858213]]]}},{"type":"Feature","properties":{"h":3.0,"on_route":false},"geometry":{"type":"Polygon","coordinates":[[[7.055637,4.863941],[7.055543,4.864029],[7.055499,4.863982],[7.055594,4.863894],[7.055637,4.863941]]]}},{"type":"Feature","properties":{"h":3.0,"on_route":false},"geometry":{"type":"Polygon","coordinates":[[[7.054636,4.864095],[7.054604,4.864178],[7.054449,4.864118],[7.054481,4.864035],[7.054636,4.864095]]]}},{"type":"Feature","properties":{"h":3.0,"on_route":false},"geometry":{"type":"Polygon","coordinates":[[[7.059325,4.861433],[7.059287,4.861396],[7.059359,4.861321],[7.059397,4.861358],[7.059325,4.861433]]]}},{"type":"Feature","properties":{"h":3.0,"on_route":false},"geometry":{"type":"Polygon","coordinates":[[[7.057592,4.860162],[7.057586,4.86024],[7.057528,4.860235],[7.057535,4.860157],[7.057592,4.860162]]]}},{"type":"Feature","properties":{"h":3.0,"on_route":false},"geometry":{"type":"Polygon","coordinates":[[[7.058131,4.860149],[7.058109,4.8602],[7.057996,4.86015],[7.058018,4.8601],[7.058131,4.860149]]]}},{"type":"Feature","properties":{"h":3.0,"on_route":false},"geometry":{"type":"Polygon","coordinates":[[[7.055421,4.860284],[7.055414,4.860388],[7.055261,4.860377],[7.055268,4.860273],[7.055421,4.860284]]]}},{"type":"Feature","properties":{"h":3.0,"on_route":true},"geometry":{"type":"Polygon","coordinates":[[[7.057921,4.863568],[7.057917,4.863601],[7.057868,4.863595],[7.057872,4.863562],[7.057921,4.863568]]]}},{"type":"Feature","properties":{"h":3.0,"on_route":false},"geometry":{"type":"Polygon","coordinates":[[[7.059765,4.858721],[7.059748,4.858778],[7.059565,4.858723],[7.059583,4.858665],[7.059765,4.858721]]]}},{"type":"Feature","properties":{"h":3.0,"on_route":false},"geometry":{"type":"Polygon","coordinates":[[[7.056607,4.860179],[7.056466,4.860195],[7.056459,4.860128],[7.0566,4.860113],[7.056607,4.860179]]]}},{"type":"Feature","properties":{"h":3.0,"on_route":false},"geometry":{"type":"Polygon","coordinates":[[[7.05771,4.859395],[7.057542,4.859381],[7.057548,4.859305],[7.057597,4.859309],[7.057601,4.859261],[7.05772,4.85927],[7.05771,4.859395]]]}},{"type":"Feature","properties":{"h":3.0,"on_route":false},"geometry":{"type":"Polygon","coordinates":[[[7.05779,4.859748],[7.057812,4.859975],[7.057756,4.859981],[7.057734,4.859754],[7.05779,4.859748]]]}},{"type":"Feature","properties":{"h":3.0,"on_route":false},"geometry":{"type":"Polygon","coordinates":[[[7.060399,4.860678],[7.060353,4.860651],[7.060423,4.860534],[7.060468,4.86056],[7.060399,4.860678]]]}},{"type":"Feature","properties":{"h":3.0,"on_route":false},"geometry":{"type":"Polygon","coordinates":[[[7.05434,4.85927],[7.054329,4.859337],[7.054096,4.859298],[7.054108,4.859231],[7.05434,4.85927]]]}},{"type":"Feature","properties":{"h":3.0,"on_route":false},"geometry":{"type":"Polygon","coordinates":[[[7.05514,4.864314],[7.054881,4.86449],[7.054828,4.864412],[7.055087,4.864236],[7.05514,4.864314]]]}},{"type":"Feature","properties":{"h":3.0,"on_route":false},"geometry":{"type":"Polygon","coordinates":[[[7.053154,4.86073],[7.053154,4.860761],[7.053118,4.860761],[7.053118,4.86073],[7.053154,4.86073]]]}},{"type":"Feature","properties":{"h":3.0,"on_route":false},"geometry":{"type":"Polygon","coordinates":[[[7.056464,4.862703],[7.056452,4.862761],[7.056411,4.862753],[7.056423,4.862695],[7.056464,4.862703]]]}},{"type":"Feature","properties":{"h":3.0,"on_route":false},"geometry":{"type":"Polygon","coordinates":[[[7.056105,4.85779],[7.056116,4.857906],[7.055868,4.85793],[7.055857,4.857815],[7.056105,4.85779]]]}},{"type":"Feature","properties":{"h":3.0,"on_route":false},"geometry":{"type":"Polygon","coordinates":[[[7.059028,4.8617],[7.058949,4.861816],[7.058874,4.861764],[7.058953,4.861649],[7.059028,4.8617]]]}},{"type":"Feature","properties":{"h":3.0,"on_route":false},"geometry":{"type":"Polygon","coordinates":[[[7.059952,4.858773],[7.059938,4.858811],[7.059899,4.858795],[7.059913,4.858758],[7.059952,4.858773]]]}},{"type":"Feature","properties":{"h":3.0,"on_route":false},"geometry":{"type":"Polygon","coordinates":[[[7.059453,4.858362],[7.059446,4.858388],[7.059412,4.858379],[7.059419,4.858352],[7.059453,4.858362]]]}},{"type":"Feature","properties":{"h":3.0,"on_route":false},"geometry":{"type":"Polygon","coordinates":[[[7.059637,4.859262],[7.059616,4.859313],[7.059582,4.8593],[7.059603,4.859248],[7.059637,4.859262]]]}},{"type":"Feature","properties":{"h":3.0,"on_route":false},"geometry":{"type":"Polygon","coordinates":[[[7.058515,4.861528],[7.05846,4.861604],[7.058303,4.86149],[7.058358,4.861414],[7.058515,4.861528]]]}},{"type":"Feature","properties":{"h":3.0,"on_route":false},"geometry":{"type":"Polygon","coordinates":[[[7.054327,4.857855],[7.054324,4.857983],[7.0543,4.857982],[7.054299,4.858018],[7.05417,4.858015],[7.054173,4.857852],[7.054327,4.857855]]]}},{"type":"Feature","properties":{"h":3.0,"on_route":false},"geometry":{"type":"Polygon","coordinates":[[[7.057305,4.864141],[7.057302,4.864187],[7.057222,4.864182],[7.057225,4.864136],[7.057305,4.864141]]]}},{"type":"Feature","properties":{"h":3.0,"on_route":false},"geometry":{"type":"Polygon","coordinates":[[[7.057734,4.861974],[7.057727,4.862046],[7.057636,4.862038],[7.057643,4.861966],[7.057734,4.861974]]]}},{"type":"Feature","properties":{"h":3.0,"on_route":false},"geometry":{"type":"Polygon","coordinates":[[[7.05957,4.860704],[7.05954,4.860742],[7.059474,4.86069],[7.059504,4.860652],[7.05957,4.860704]]]}},{"type":"Feature","properties":{"h":3.0,"on_route":true},"geometry":{"type":"Polygon","coordinates":[[[7.057246,4.86208],[7.057237,4.862183],[7.05713,4.862173],[7.057132,4.86215],[7.057093,4.862146],[7.057101,4.862067],[7.057246,4.86208]]]}},{"type":"Feature","properties":{"h":3.0,"on_route":false},"geometry":{"type":"Polygon","coordinates":[[[7.05746,4.864622],[7.05744,4.864734],[7.057353,4.86472],[7.057372,4.864607],[7.05746,4.864622]]]}},{"type":"Feature","properties":{"h":3.0,"on_route":false},"geometry":{"type":"Polygon","coordinates":[[[7.054957,4.857717],[7.054788,4.857737],[7.054774,4.857626],[7.054944,4.857606],[7.054957,4.857717]]]}},{"type":"Feature","properties":{"h":3.0,"on_route":false},"geometry":{"type":"Polygon","coordinates":[[[7.055534,4.860926],[7.055501,4.861024],[7.055394,4.860989],[7.055427,4.860891],[7.055534,4.860926]]]}},{"type":"Feature","properties":{"h":3.0,"on_route":false},"geometry":{"type":"Polygon","coordinates":[[[7.053913,4.862489],[7.053842,4.862497],[7.053832,4.862415],[7.053903,4.862406],[7.053913,4.862489]]]}},{"type":"Feature","properties":{"h":3.0,"on_route":false},"geometry":{"type":"Polygon","coordinates":[[[7.058169,4.862755],[7.058165,4.862808],[7.058112,4.862803],[7.058117,4.86275],[7.058169,4.862755]]]}},{"type":"Feature","properties":{"h":3.0,"on_route":false},"geometry":{"type":"Polygon","coordinates":[[[7.05774,4.861938],[7.057736,4.86198],[7.057655,4.861973],[7.057659,4.86193],[7.05774,4.861938]]]}},{"type":"Feature","properties":{"h":3.0,"on_route":false},"geometry":{"type":"Polygon","coordinates":[[[7.054401,4.860429],[7.054359,4.860436],[7.054348,4.860372],[7.054391,4.860365],[7.054401,4.860429]]]}},{"type":"Feature","properties":{"h":3.0,"on_route":false},"geometry":{"type":"Polygon","coordinates":[[[7.056943,4.864709],[7.056894,4.864903],[7.056831,4.864887],[7.056879,4.864693],[7.056943,4.864709]]]}},{"type":"Feature","properties":{"h":3.0,"on_route":false},"geometry":{"type":"Polygon","coordinates":[[[7.058177,4.858907],[7.058074,4.858915],[7.05807,4.858858],[7.058173,4.858851],[7.058177,4.858907]]]}},{"type":"Feature","properties":{"h":3.0,"on_route":false},"geometry":{"type":"Polygon","coordinates":[[[7.060764,4.860024],[7.060699,4.860103],[7.06057,4.859996],[7.060634,4.859918],[7.060764,4.860024]]]}},{"type":"Feature","properties":{"h":3.0,"on_route":false},"geometry":{"type":"Polygon","coordinates":[[[7.054699,4.860316],[7.054769,4.860699],[7.054704,4.860711],[7.054634,4.860328],[7.054699,4.860316]]]}},{"type":"Feature","properties":{"h":3.0,"on_route":false},"geometry":{"type":"Polygon","coordinates":[[[7.059586,4.858562],[7.059564,4.858671],[7.059441,4.858646],[7.059463,4.858537],[7.059586,4.858562]]]}},{"type":"Feature","properties":{"h":3.0,"on_route":false},"geometry":{"type":"Polygon","coordinates":[[[7.057489,4.858408],[7.057486,4.858447],[7.057447,4.858445],[7.057449,4.858405],[7.057489,4.858408]]]}},{"type":"Feature","properties":{"h":3.0,"on_route":false},"geometry":{"type":"Polygon","coordinates":[[[7.055723,4.863493],[7.055705,4.86358],[7.055611,4.863561],[7.055629,4.863474],[7.055723,4.863493]]]}},{"type":"Feature","properties":{"h":3.0,"on_route":false},"geometry":{"type":"Polygon","coordinates":[[[7.059661,4.858449],[7.059629,4.858539],[7.059496,4.858492],[7.059528,4.858402],[7.059661,4.858449]]]}},{"type":"Feature","properties":{"h":3.0,"on_route":false},"geometry":{"type":"Polygon","coordinates":[[[7.056825,4.857455],[7.056732,4.857467],[7.05671,4.857295],[7.056803,4.857284],[7.056825,4.857455]]]}},{"type":"Feature","properties":{"h":3.0,"on_route":false},"geometry":{"type":"Polygon","coordinates":[[[7.058122,4.858751],[7.058042,4.858766],[7.058029,4.858697],[7.058109,4.858681],[7.058122,4.858751]]]}},{"type":"Feature","properties":{"h":3.0,"on_route":false},"geometry":{"type":"Polygon","coordinates":[[[7.055824,4.858142],[7.055775,4.858147],[7.055769,4.858089],[7.055818,4.858083],[7.055824,4.858142]]]}},{"type":"Feature","properties":{"h":3.0,"on_route":false},"geometry":{"type":"Polygon","coordinates":[[[7.05565,4.857887],[7.055537,4.857886],[7.055539,4.857778],[7.055651,4.85778],[7.05565,4.857887]]]}},{"type":"Feature","properties":{"h":3.0,"on_route":false},"geometry":{"type":"Polygon","coordinates":[[[7.053745,4.861256],[7.053745,4.861293],[7.053662,4.861292],[7.053662,4.861254],[7.053745,4.861256]]]}},{"type":"Feature","properties":{"h":3.0,"on_route":false},"geometry":{"type":"Polygon","coordinates":[[[7.054742,4.860712],[7.054747,4.860797],[7.054685,4.860801],[7.05468,4.860715],[7.054742,4.860712]]]}},{"type":"Feature","properties":{"h":3.0,"on_route":false},"geometry":{"type":"Polygon","coordinates":[[[7.053217,4.859886],[7.053221,4.859966],[7.053141,4.85997],[7.053137,4.85989],[7.053217,4.859886]]]}},{"type":"Feature","properties":{"h":3.0,"on_route":false},"geometry":{"type":"Polygon","coordinates":[[[7.058427,4.858828],[7.05843,4.858988],[7.058345,4.85899],[7.058342,4.85883],[7.058427,4.858828]]]}},{"type":"Feature","properties":{"h":3.0,"on_route":false},"geometry":{"type":"Polygon","coordinates":[[[7.057444,4.858891],[7.057442,4.858867],[7.057479,4.858865],[7.057481,4.858889],[7.057602,4.858882],[7.057611,4.859053],[7.057502,4.859059],[7.057496,4.85895],[7.057419,4.858954],[7.057415,4.858892],[7.057444,4.858891]]]}},{"type":"Feature","properties":{"h":3.0,"on_route":false},"geometry":{"type":"Polygon","coordinates":[[[7.058854,4.86142],[7.058828,4.861457],[7.058783,4.861425],[7.058809,4.861388],[7.058854,4.86142]]]}},{"type":"Feature","properties":{"h":3.0,"on_route":false},"geometry":{"type":"Polygon","coordinates":[[[7.058728,4.857705],[7.058683,4.857802],[7.058542,4.857737],[7.058587,4.85764],[7.058728,4.857705]]]}},{"type":"Feature","properties":{"h":3.0,"on_route":false},"geometry":{"type":"Polygon","coordinates":[[[7.05568,4.858686],[7.055543,4.858725],[7.055526,4.858667],[7.055663,4.858628],[7.05568,4.858686]]]}},{"type":"Feature","properties":{"h":3.0,"on_route":false},"geometry":{"type":"Polygon","coordinates":[[[7.05668,4.85724],[7.056626,4.85725],[7.056602,4.857125],[7.056656,4.857114],[7.05668,4.85724]]]}},{"type":"Feature","properties":{"h":3.0,"on_route":true},"geometry":{"type":"Polygon","coordinates":[[[7.05655,4.861944],[7.056548,4.861969],[7.056506,4.861965],[7.056508,4.86194],[7.05655,4.861944]]]}},{"type":"Feature","properties":{"h":3.0,"on_route":false},"geometry":{"type":"Polygon","coordinates":[[[7.057806,4.857141],[7.057796,4.857225],[7.057713,4.857215],[7.057723,4.857131],[7.057806,4.857141]]]}},{"type":"Feature","properties":{"h":3.0,"on_route":false},"geometry":{"type":"Polygon","coordinates":[[[7.058021,4.860939],[7.05797,4.861122],[7.057783,4.86107],[7.057795,4.861027],[7.05794,4.861067],[7.057948,4.861038],[7.057869,4.861016],[7.0579,4.860905],[7.058021,4.860939]]]}},{"type":"Feature","properties":{"h":3.0,"on_route":false},"geometry":{"type":"Polygon","coordinates":[[[7.054857,4.858528],[7.05486,4.858673],[7.054882,4.858673],[7.054885,4.858764],[7.054804,4.858765],[7.054799,4.858529],[7.054857,4.858528]]]}},{"type":"Feature","properties":{"h":3.0,"on_route":false},"geometry":{"type":"Polygon","coordinates":[[[7.056856,4.857609],[7.056879,4.857828],[7.05677,4.857839],[7.056748,4.857621],[7.056856,4.857609]]]}},{"type":"Feature","properties":{"h":3.0,"on_route":false},"geometry":{"type":"Polygon","coordinates":[[[7.055909,4.861462],[7.055897,4.861512],[7.055968,4.861529],[7.055938,4.861652],[7.055821,4.861624],[7.055862,4.86145],[7.055909,4.861462]]]}},{"type":"Feature","properties":{"h":3.0,"on_route":false},"geometry":{"type":"Polygon","coordinates":[[[7.060079,4.860491],[7.059982,4.86069],[7.059878,4.860639],[7.059975,4.86044],[7.060079,4.860491]]]}},{"type":"Feature","properties":{"h":3.0,"on_route":false},"geometry":{"type":"Polygon","coordinates":[[[7.058726,4.860085],[7.058723,4.860124],[7.058648,4.860117],[7.058652,4.860078],[7.058726,4.860085]]]}},{"type":"Feature","properties":{"h":3.0,"on_route":false},"geometry":{"type":"Polygon","coordinates":[[[7.058193,4.859602],[7.058192,4.85962],[7.058247,4.859624],[7.058239,4.859722],[7.058123,4.859712],[7.058126,4.859678],[7.058168,4.859681],[7.058174,4.859601],[7.058193,4.859602]]]}},{"type":"Feature","properties":{"h":3.0,"on_route":false},"geometry":{"type":"Polygon","coordinates":[[[7.056095,4.862429],[7.056073,4.86259],[7.056014,4.862582],[7.056017,4.862557],[7.055979,4.862552],[7.055998,4.862416],[7.056095,4.862429]]]}},{"type":"Feature","properties":{"h":3.0,"on_route":false},"geometry":{"type":"Polygon","coordinates":[[[7.053076,4.861123],[7.053084,4.861223],[7.053023,4.861228],[7.053015,4.861128],[7.053076,4.861123]]]}},{"type":"Feature","properties":{"h":3.0,"on_route":false},"geometry":{"type":"Polygon","coordinates":[[[7.058458,4.863571],[7.058396,4.863729],[7.058323,4.8637],[7.058385,4.863542],[7.058458,4.863571]]]}},{"type":"Feature","properties":{"h":3.0,"on_route":false},"geometry":{"type":"Polygon","coordinates":[[[7.053264,4.86036],[7.053261,4.860418],[7.053196,4.860414],[7.053199,4.860356],[7.053264,4.86036]]]}},{"type":"Feature","properties":{"h":3.0,"on_route":false},"geometry":{"type":"Polygon","coordinates":[[[7.05967,4.857572],[7.059638,4.857644],[7.059616,4.857634],[7.059566,4.857746],[7.059524,4.857727],[7.059582,4.857599],[7.059524,4.857573],[7.059467,4.857702],[7.059382,4.857664],[7.059464,4.85748],[7.05967,4.857572]]]}},{"type":"Feature","properties":{"h":3.0,"on_route":false},"geometry":{"type":"Polygon","coordinates":[[[7.056625,4.864793],[7.056603,4.864899],[7.056522,4.864882],[7.056543,4.864776],[7.056625,4.864793]]]}},{"type":"Feature","properties":{"h":3.0,"on_route":false},"geometry":{"type":"Polygon","coordinates":[[[7.057241,4.861623],[7.057219,4.861715],[7.057165,4.861702],[7.057187,4.86161],[7.057241,4.861623]]]}},{"type":"Feature","properties":{"h":3.0,"on_route":false},"geometry":{"type":"Polygon","coordinates":[[[7.05803,4.86049],[7.057993,4.860673],[7.057932,4.860661],[7.057969,4.860478],[7.05803,4.86049]]]}},{"type":"Feature","properties":{"h":3.0,"on_route":false},"geometry":{"type":"Polygon","coordinates":[[[7.054364,4.864123],[7.054355,4.864149],[7.054376,4.864157],[7.054328,4.864282],[7.054209,4.864237],[7.054266,4.864086],[7.054364,4.864123]]]}},{"type":"Feature","properties":{"h":3.0,"on_route":false},"geometry":{"type":"Polygon","coordinates":[[[7.05816,4.860552],[7.058115,4.860698],[7.058038,4.860674],[7.058082,4.860528],[7.05816,4.860552]]]}},{"type":"Feature","properties":{"h":3.0,"on_route":false},"geometry":{"type":"Polygon","coordinates":[[[7.05656,4.856803],[7.056358,4.85685],[7.056344,4.856792],[7.056546,4.856745],[7.05656,4.856803]]]}},{"type":"Feature","properties":{"h":3.0,"on_route":false},"geometry":{"type":"Polygon","coordinates":[[[7.055163,4.861255],[7.055111,4.861258],[7.055109,4.861229],[7.055161,4.861226],[7.055163,4.861255]]]}},{"type":"Feature","properties":{"h":3.0,"on_route":false},"geometry":{"type":"Polygon","coordinates":[[[7.05648,4.85716],[7.056359,4.857217],[7.056284,4.857055],[7.056405,4.856999],[7.05648,4.85716]]]}},{"type":"Feature","properties":{"h":3.0,"on_route":false},"geometry":{"type":"Polygon","coordinates":[[[7.055733,4.862629],[7.055737,4.862659],[7.055693,4.862664],[7.05569,4.862634],[7.055733,4.862629]]]}},{"type":"Feature","properties":{"h":3.0,"on_route":false},"geometry":{"type":"Polygon","coordinates":[[[7.059242,4.86174],[7.059204,4.861703],[7.059293,4.861613],[7.05933,4.86165],[7.059242,4.86174]]]}},{"type":"Feature","properties":{"h":3.0,"on_route":false},"geometry":{"type":"Polygon","coordinates":[[[7.0578,4.857237],[7.05779,4.857314],[7.057742,4.857308],[7.057746,4.857279],[7.057694,4.857273],[7.057701,4.857224],[7.0578,4.857237]]]}},{"type":"Feature","properties":{"h":3.0,"on_route":false},"geometry":{"type":"Polygon","coordinates":[[[7.055394,4.858883],[7.055254,4.858879],[7.055255,4.858827],[7.055363,4.85883],[7.055364,4.858801],[7.055397,4.858802],[7.055394,4.858883]]]}},{"type":"Feature","properties":{"h":3.0,"on_route":false},"geometry":{"type":"Polygon","coordinates":[[[7.057904,4.859358],[7.057769,4.859362],[7.05777,4.859394],[7.057724,4.859395],[7.057721,4.859315],[7.057903,4.859309],[7.057904,4.859358]]]}},{"type":"Feature","properties":{"h":3.0,"on_route":false},"geometry":{"type":"Polygon","coordinates":[[[7.060262,4.858786],[7.06023,4.858873],[7.060149,4.858843],[7.060181,4.858756],[7.060262,4.858786]]]}},{"type":"Feature","properties":{"h":3.0,"on_route":false},"geometry":{"type":"Polygon","coordinates":[[[7.058843,4.860376],[7.058819,4.860453],[7.058715,4.860421],[7.058739,4.860343],[7.058843,4.860376]]]}},{"type":"Feature","properties":{"h":3.0,"on_route":false},"geometry":{"type":"Polygon","coordinates":[[[7.058719,4.859363],[7.058706,4.859501],[7.058641,4.859495],[7.058654,4.859357],[7.058719,4.859363]]]}},{"type":"Feature","properties":{"h":3.0,"on_route":false},"geometry":{"type":"Polygon","coordinates":[[[7.057951,4.86301],[7.057808,4.863092],[7.057773,4.863029],[7.057915,4.862948],[7.057951,4.86301]]]}},{"type":"Feature","properties":{"h":3.0,"on_route":false},"geometry":{"type":"Polygon","coordinates":[[[7.058207,4.85864],[7.058106,4.858657],[7.058098,4.858607],[7.058198,4.85859],[7.058207,4.85864]]]}},{"type":"Feature","properties":{"h":3.0,"on_route":false},"geometry":{"type":"Polygon","coordinates":[[[7.055277,4.860312],[7.055195,4.860323],[7.05518,4.860213],[7.055262,4.860202],[7.055277,4.860312]]]}},{"type":"Feature","properties":{"h":3.0,"on_route":false},"geometry":{"type":"Polygon","coordinates":[[[7.056584,4.858311],[7.056256,4.8583],[7.056258,4.858241],[7.0563,4.858243],[7.056301,4.858214],[7.056484,4.85822],[7.056485,4.85818],[7.056588,4.858184],[7.056584,4.858311]]]}},{"type":"Feature","properties":{"h":3.0,"on_route":false},"geometry":{"type":"Polygon","coordinates":[[[7.05615,4.856889],[7.056086,4.856896],[7.056082,4.856851],[7.056146,4.856845],[7.05615,4.856889]]]}},{"type":"Feature","properties":{"h":3.0,"on_route":false},"geometry":{"type":"Polygon","coordinates":[[[7.057528,4.860595],[7.057521,4.860656],[7.057473,4.86065],[7.057467,4.860709],[7.057391,4.8607],[7.057405,4.860581],[7.057528,4.860595]]]}},{"type":"Feature","properties":{"h":3.0,"on_route":false},"geometry":{"type":"Polygon","coordinates":[[[7.058988,4.859512],[7.058967,4.859562],[7.058911,4.859538],[7.058931,4.859489],[7.058988,4.859512]]]}},{"type":"Feature","properties":{"h":3.0,"on_route":false},"geometry":{"type":"Polygon","coordinates":[[[7.06022,4.85889],[7.060173,4.859012],[7.060093,4.858982],[7.06014,4.858859],[7.06022,4.85889]]]}},{"type":"Feature","properties":{"h":3.0,"on_route":false},"geometry":{"type":"Polygon","coordinates":[[[7.056645,4.864667],[7.05663,4.864765],[7.056546,4.864752],[7.056561,4.864654],[7.056645,4.864667]]]}},{"type":"Feature","properties":{"h":3.0,"on_route":false},"geometry":{"type":"Polygon","coordinates":[[[7.058168,4.861322],[7.058133,4.861404],[7.058084,4.861383],[7.058119,4.861301],[7.058168,4.861322]]]}},{"type":"Feature","properties":{"h":3.0,"on_route":false},"geometry":{"type":"Polygon","coordinates":[[[7.058873,4.858491],[7.058789,4.858697],[7.058681,4.858653],[7.058765,4.858447],[7.058873,4.858491]]]}},{"type":"Feature","properties":{"h":3.0,"on_route":false},"geometry":{"type":"Polygon","coordinates":[[[7.058264,4.858561],[7.058256,4.858615],[7.058216,4.858609],[7.058224,4.858555],[7.058264,4.858561]]]}},{"type":"Feature","properties":{"h":3.0,"on_route":false},"geometry":{"type":"Polygon","coordinates":[[[7.060873,4.860469],[7.060801,4.860571],[7.060721,4.860513],[7.060794,4.860412],[7.060873,4.860469]]]}},{"type":"Feature","properties":{"h":3.0,"on_route":false},"geometry":{"type":"Polygon","coordinates":[[[7.055254,4.862341],[7.05525,4.8624],[7.055145,4.862393],[7.055149,4.862334],[7.055254,4.862341]]]}},{"type":"Feature","properties":{"h":3.0,"on_route":false},"geometry":{"type":"Polygon","coordinates":[[[7.057395,4.859579],[7.057269,4.859641],[7.057228,4.859558],[7.057204,4.85957],[7.057196,4.859555],[7.0573,4.859503],[7.057307,4.859518],[7.057353,4.859495],[7.057395,4.859579]]]}},{"type":"Feature","properties":{"h":3.0,"on_route":false},"geometry":{"type":"Polygon","coordinates":[[[7.057602,4.860047],[7.057592,4.860162],[7.057535,4.860157],[7.057544,4.860042],[7.057602,4.860047]]]}},{"type":"Feature","properties":{"h":3.0,"on_route":false},"geometry":{"type":"Polygon","coordinates":[[[7.057559,4.858512],[7.057557,4.858559],[7.057517,4.858557],[7.057519,4.85851],[7.057559,4.858512]]]}},{"type":"Feature","properties":{"h":3.0,"on_route":false},"geometry":{"type":"Polygon","coordinates":[[[7.057569,4.862261],[7.057477,4.862253],[7.057471,4.862316],[7.057392,4.862308],[7.057394,4.862277],[7.057341,4.862273],[7.05735,4.86217],[7.057464,4.86218],[7.057467,4.862142],[7.057578,4.862152],[7.057569,4.862261]]]}},{"type":"Feature","properties":{"h":3.0,"on_route":false},"geometry":{"type":"Polygon","coordinates":[[[7.056488,4.85736],[7.056401,4.857383],[7.056378,4.857294],[7.056465,4.857271],[7.056488,4.85736]]]}},{"type":"Feature","properties":{"h":3.0,"on_route":false},"geometry":{"type":"Polygon","coordinates":[[[7.058037,4.85939],[7.058021,4.859541],[7.057946,4.859533],[7.057957,4.859428],[7.05794,4.859426],[7.057945,4.85938],[7.058037,4.85939]]]}},{"type":"Feature","properties":{"h":3.0,"on_route":false},"geometry":{"type":"Polygon","coordinates":[[[7.053565,4.860204],[7.05358,4.860404],[7.053511,4.860409],[7.053497,4.860208],[7.053565,4.860204]]]}},{"type":"Feature","properties":{"h":3.0,"on_route":false},"geometry":{"type":"Polygon","coordinates":[[[7.059885,4.860765],[7.05988,4.860774],[7.059859,4.860764],[7.059805,4.860879],[7.059704,4.860831],[7.059714,4.86081],[7.059645,4.860777],[7.059694,4.860674],[7.059885,4.860765]]]}},{"type":"Feature","properties":{"h":3.0,"on_route":false},"geometry":{"type":"Polygon","coordinates":[[[7.056165,4.862486],[7.056099,4.86248],[7.056108,4.862385],[7.056174,4.86239],[7.056165,4.862486]]]}},{"type":"Feature","properties":{"h":3.0,"on_route":false},"geometry":{"type":"Polygon","coordinates":[[[7.057855,4.861096],[7.057847,4.861138],[7.057771,4.861123],[7.057779,4.86108],[7.057855,4.861096]]]}},{"type":"Feature","properties":{"h":3.0,"on_route":false},"geometry":{"type":"Polygon","coordinates":[[[7.05755,4.862465],[7.057547,4.862496],[7.05752,4.862494],[7.057515,4.862552],[7.057491,4.86255],[7.057482,4.862648],[7.057422,4.862642],[7.057433,4.862521],[7.057393,4.862517],[7.057399,4.862452],[7.05755,4.862465]]]}},{"type":"Feature","properties":{"h":3.0,"on_route":false},"geometry":{"type":"Polygon","coordinates":[[[7.053031,4.86258],[7.053018,4.862761],[7.052935,4.862754],[7.052945,4.862625],[7.052956,4.862626],[7.05296,4.862574],[7.053031,4.86258]]]}},{"type":"Feature","properties":{"h":3.0,"on_route":false},"geometry":{"type":"Polygon","coordinates":[[[7.054997,4.863212],[7.054911,4.863208],[7.054907,4.863273],[7.054848,4.86327],[7.054855,4.863142],[7.055,4.86315],[7.054997,4.863212]]]}},{"type":"Feature","properties":{"h":3.0,"on_route":false},"geometry":{"type":"Polygon","coordinates":[[[7.054774,4.862641],[7.054766,4.862824],[7.054712,4.862822],[7.054721,4.862638],[7.054774,4.862641]]]}},{"type":"Feature","properties":{"h":3.0,"on_route":false},"geometry":{"type":"Polygon","coordinates":[[[7.058895,4.862144],[7.058855,4.862232],[7.058747,4.862182],[7.058788,4.862094],[7.058895,4.862144]]]}},{"type":"Feature","properties":{"h":3.0,"on_route":false},"geometry":{"type":"Polygon","coordinates":[[[7.057783,4.86243],[7.057791,4.862487],[7.057706,4.862499],[7.057699,4.862441],[7.057783,4.86243]]]}},{"type":"Feature","properties":{"h":3.0,"on_route":false},"geometry":{"type":"Polygon","coordinates":[[[7.059385,4.857573],[7.059364,4.857632],[7.059281,4.857602],[7.059302,4.857543],[7.059385,4.857573]]]}},{"type":"Feature","properties":{"h":3.0,"on_route":false},"geometry":{"type":"Polygon","coordinates":[[[7.05521,4.859986],[7.055124,4.860013],[7.05509,4.859905],[7.055151,4.859886],[7.055143,4.859862],[7.055169,4.859854],[7.05521,4.859986]]]}},{"type":"Feature","properties":{"h":3.0,"on_route":false},"geometry":{"type":"Polygon","coordinates":[[[7.059727,4.858218],[7.059675,4.858335],[7.059523,4.858267],[7.059574,4.85815],[7.059727,4.858218]]]}},{"type":"Feature","properties":{"h":3.0,"on_route":false},"geometry":{"type":"Polygon","coordinates":[[[7.054529,4.862772],[7.054425,4.862787],[7.054397,4.862594],[7.054501,4.862579],[7.054529,4.862772]]]}},{"type":"Feature","properties":{"h":3.0,"on_route":false},"geometry":{"type":"Polygon","coordinates":[[[7.058635,4.858431],[7.058604,4.858511],[7.058457,4.858453],[7.058488,4.858374],[7.058635,4.858431]]]}},{"type":"Feature","properties":{"h":3.0,"on_route":false},"geometry":{"type":"Polygon","coordinates":[[[7.058137,4.861906],[7.058103,4.862051],[7.058018,4.862031],[7.058052,4.861886],[7.058137,4.861906]]]}},{"type":"Feature","properties":{"h":3.0,"on_route":false},"geometry":{"type":"Polygon","coordinates":[[[7.059645,4.864241],[7.059604,4.864272],[7.059454,4.86407],[7.059495,4.864039],[7.059645,4.864241]]]}},{"type":"Feature","properties":{"h":3.0,"on_route":false},"geometry":{"type":"Polygon","coordinates":[[[7.055313,4.863103],[7.055319,4.863181],[7.05524,4.863187],[7.055235,4.863109],[7.055313,4.863103]]]}},{"type":"Feature","properties":{"h":3.0,"on_route":false},"geometry":{"type":"Polygon","coordinates":[[[7.053154,4.860338],[7.053152,4.860412],[7.053001,4.860409],[7.053003,4.860335],[7.053154,4.860338]]]}},{"type":"Feature","properties":{"h":3.0,"on_route":false},"geometry":{"type":"Polygon","coordinates":[[[7.055309,4.858261],[7.055241,4.858268],[7.055226,4.858129],[7.055294,4.858121],[7.055309,4.858261]]]}},{"type":"Feature","properties":{"h":3.0,"on_route":false},"geometry":{"type":"Polygon","coordinates":[[[7.056633,4.857298],[7.056494,4.857324],[7.056466,4.857175],[7.056605,4.857149],[7.056633,4.857298]]]}},{"type":"Feature","properties":{"h":3.0,"on_route":false},"geometry":{"type":"Polygon","coordinates":[[[7.055535,4.863165],[7.055337,4.863179],[7.055331,4.863101],[7.055429,4.863094],[7.055426,4.863058],[7.055526,4.863051],[7.055535,4.863165]]]}},{"type":"Feature","properties":{"h":3.0,"on_route":false},"geometry":{"type":"Polygon","coordinates":[[[7.057328,4.860103],[7.057326,4.860139],[7.057266,4.860136],[7.057268,4.860099],[7.057328,4.860103]]]}},{"type":"Feature","properties":{"h":3.0,"on_route":false},"geometry":{"type":"Polygon","coordinates":[[[7.05936,4.859961],[7.059344,4.85999],[7.059297,4.859964],[7.059313,4.859935],[7.05936,4.859961]]]}},{"type":"Feature","properties":{"h":3.0,"on_route":false},"geometry":{"type":"Polygon","coordinates":[[[7.054704,4.86292],[7.054708,4.863003],[7.054653,4.863005],[7.054657,4.863081],[7.054596,4.863084],[7.054593,4.863008],[7.054612,4.863007],[7.054608,4.862924],[7.054704,4.86292]]]}},{"type":"Feature","properties":{"h":3.0,"on_route":false},"geometry":{"type":"Polygon","coordinates":[[[7.057691,4.862835],[7.057687,4.86288],[7.057721,4.862883],[7.057715,4.862951],[7.057577,4.86294],[7.057587,4.862826],[7.057691,4.862835]]]}},{"type":"Feature","properties":{"h":3.0,"on_route":false},"geometry":{"type":"Polygon","coordinates":[[[7.05534,4.857377],[7.055339,4.857364],[7.055471,4.857353],[7.055479,4.857452],[7.055577,4.857444],[7.055581,4.857505],[7.055296,4.857527],[7.055285,4.857382],[7.05534,4.857377]]]}},{"type":"Feature","properties":{"h":3.0,"on_route":false},"geometry":{"type":"Polygon","coordinates":[[[7.055535,4.857168],[7.055466,4.857177],[7.055458,4.857109],[7.055526,4.8571],[7.055535,4.857168]]]}},{"type":"Feature","properties":{"h":3.0,"on_route":false},"geometry":{"type":"Polygon","coordinates":[[[7.060236,4.860817],[7.060229,4.86086],[7.060202,4.860855],[7.06021,4.860812],[7.060236,4.860817]]]}},{"type":"Feature","properties":{"h":3.0,"on_route":false},"geometry":{"type":"Polygon","coordinates":[[[7.055308,4.857684],[7.055332,4.85791],[7.055272,4.857916],[7.055248,4.85769],[7.055308,4.857684]]]}},{"type":"Feature","properties":{"h":3.0,"on_route":false},"geometry":{"type":"Polygon","coordinates":[[[7.060476,4.859786],[7.060494,4.859764],[7.060536,4.859798],[7.060519,4.85982],[7.060592,4.859879],[7.060548,4.859933],[7.060384,4.8598],[7.060427,4.859746],[7.060476,4.859786]]]}},{"type":"Feature","properties":{"h":3.0,"on_route":false},"geometry":{"type":"Polygon","coordinates":[[[7.055387,4.861863],[7.055358,4.861864],[7.055359,4.861893],[7.055324,4.861894],[7.055315,4.861658],[7.055379,4.861655],[7.055387,4.861863]]]}},{"type":"Feature","properties":{"h":3.0,"on_route":false},"geometry":{"type":"Polygon","coordinates":[[[7.059749,4.861054],[7.059696,4.861165],[7.059636,4.861136],[7.059689,4.861025],[7.059749,4.861054]]]}},{"type":"Feature","properties":{"h":3.0,"on_route":true},"geometry":{"type":"Polygon","coordinates":[[[7.057555,4.863187],[7.057512,4.863171],[7.057555,4.863055],[7.057599,4.863071],[7.057555,4.863187]]]}},{"type":"Feature","properties":{"h":3.0,"on_route":false},"geometry":{"type":"Polygon","coordinates":[[[7.059635,4.860189],[7.059583,4.860271],[7.059399,4.860153],[7.059452,4.860071],[7.059635,4.860189]]]}},{"type":"Feature","properties":{"h":3.0,"on_route":false},"geometry":{"type":"Polygon","coordinates":[[[7.056139,4.861877],[7.056138,4.861897],[7.056102,4.861894],[7.056104,4.861874],[7.056139,4.861877]]]}},{"type":"Feature","properties":{"h":3.0,"on_route":false},"geometry":{"type":"Polygon","coordinates":[[[7.060079,4.861625],[7.060057,4.861653],[7.060022,4.861624],[7.059971,4.861688],[7.060005,4.861716],[7.059979,4.861748],[7.059905,4.861688],[7.060004,4.861565],[7.060079,4.861625]]]}},{"type":"Feature","properties":{"h":3.0,"on_route":false},"geometry":{"type":"Polygon","coordinates":[[[7.058158,4.860473],[7.058141,4.860545],[7.058088,4.860532],[7.058106,4.86046],[7.058158,4.860473]]]}},{"type":"Feature","properties":{"h":3.0,"on_route":false},"geometry":{"type":"Polygon","coordinates":[[[7.058009,4.858997],[7.057856,4.859012],[7.057859,4.859044],[7.057705,4.859059],[7.057696,4.858967],[7.057756,4.858961],[7.057748,4.858878],[7.057876,4.858866],[7.05788,4.858913],[7.058,4.858901],[7.058009,4.858997]]]}},{"type":"Feature","properties":{"h":3.0,"on_route":false},"geometry":{"type":"Polygon","coordinates":[[[7.053883,4.863468],[7.053872,4.86354],[7.053814,4.863531],[7.053817,4.863512],[7.053757,4.863502],[7.053766,4.863449],[7.053883,4.863468]]]}},{"type":"Feature","properties":{"h":3.0,"on_route":false},"geometry":{"type":"Polygon","coordinates":[[[7.05428,4.862323],[7.054302,4.862449],[7.054241,4.862459],[7.054219,4.862333],[7.05428,4.862323]]]}},{"type":"Feature","properties":{"h":3.0,"on_route":false},"geometry":{"type":"Polygon","coordinates":[[[7.060011,4.858969],[7.059944,4.859139],[7.059796,4.85908],[7.059863,4.85891],[7.060011,4.858969]]]}},{"type":"Feature","properties":{"h":3.0,"on_route":false},"geometry":{"type":"Polygon","coordinates":[[[7.058654,4.862629],[7.058619,4.862644],[7.058604,4.862609],[7.05864,4.862594],[7.058654,4.862629]]]}},{"type":"Feature","properties":{"h":3.0,"on_route":false},"geometry":{"type":"Polygon","coordinates":[[[7.057554,4.861892],[7.057546,4.861928],[7.057501,4.861919],[7.057509,4.861883],[7.057554,4.861892]]]}},{"type":"Feature","properties":{"h":3.0,"on_route":false},"geometry":{"type":"Polygon","coordinates":[[[7.053464,4.861446],[7.053462,4.861517],[7.053403,4.861515],[7.053406,4.861444],[7.053464,4.861446]]]}},{"type":"Feature","properties":{"h":3.0,"on_route":false},"geometry":{"type":"Polygon","coordinates":[[[7.055101,4.857949],[7.0551,4.857931],[7.054968,4.85794],[7.054962,4.857854],[7.055124,4.857843],[7.055124,4.85784],[7.055149,4.857838],[7.055156,4.857946],[7.055101,4.857949]]]}},{"type":"Feature","properties":{"h":3.0,"on_route":false},"geometry":{"type":"Polygon","coordinates":[[[7.057411,4.861198],[7.057403,4.861266],[7.05729,4.861253],[7.057298,4.861185],[7.057411,4.861198]]]}},{"type":"Feature","properties":{"h":3.0,"on_route":false},"geometry":{"type":"Polygon","coordinates":[[[7.059005,4.857905],[7.058996,4.857945],[7.058965,4.857938],[7.058974,4.857898],[7.059005,4.857905]]]}},{"type":"Feature","properties":{"h":3.0,"on_route":false},"geometry":{"type":"Polygon","coordinates":[[[7.059398,4.858346],[7.059382,4.858406],[7.059437,4.858421],[7.059425,4.858464],[7.059312,4.858434],[7.05934,4.858331],[7.059398,4.858346]]]}},{"type":"Feature","properties":{"h":3.0,"on_route":false},"geometry":{"type":"Polygon","coordinates":[[[7.054721,4.861716],[7.054723,4.861742],[7.05477,4.861738],[7.054785,4.861942],[7.054682,4.86195],[7.054665,4.86172],[7.054721,4.861716]]]}},{"type":"Feature","properties":{"h":3.0,"on_route":false},"geometry":{"type":"Polygon","coordinates":[[[7.057625,4.861909],[7.05759,4.86204],[7.057538,4.862026],[7.057573,4.861895],[7.057625,4.861909]]]}},{"type":"Feature","properties":{"h":3.0,"on_route":false},"geometry":{"type":"Polygon","coordinates":[[[7.055762,4.858589],[7.055785,4.858738],[7.055723,4.858748],[7.0557,4.858599],[7.055762,4.858589]]]}},{"type":"Feature","properties":{"h":3.0,"on_route":false},"geometry":{"type":"Polygon","coordinates":[[[7.055429,4.860879],[7.055416,4.860938],[7.055372,4.860929],[7.055385,4.86087],[7.055429,4.860879]]]}},{"type":"Feature","properties":{"h":3.0,"on_route":false},"geometry":{"type":"Polygon","coordinates":[[[7.055574,4.860839],[7.055571,4.860862],[7.055605,4.860867],[7.055588,4.860992],[7.055535,4.860984],[7.055548,4.860894],[7.055371,4.860869],[7.055364,4.860918],[7.055314,4.860911],[7.055329,4.860804],[7.055574,4.860839]]]}},{"type":"Feature","properties":{"h":3.0,"on_route":false},"geometry":{"type":"Polygon","coordinates":[[[7.058659,4.865077],[7.058569,4.865164],[7.058502,4.865094],[7.058592,4.865007],[7.058659,4.865077]]]}},{"type":"Feature","properties":{"h":3.0,"on_route":false},"geometry":{"type":"Polygon","coordinates":[[[7.054712,4.858234],[7.054722,4.858404],[7.054656,4.858407],[7.054646,4.858238],[7.054712,4.858234]]]}},{"type":"Feature","properties":{"h":3.0,"on_route":false},"geometry":{"type":"Polygon","coordinates":[[[7.053199,4.860341],[7.053197,4.860411],[7.053152,4.860409],[7.053155,4.860339],[7.053199,4.860341]]]}},{"type":"Feature","properties":{"h":3.0,"on_route":false},"geometry":{"type":"Polygon","coordinates":[[[7.059686,4.85864],[7.059668,4.858692],[7.059585,4.858662],[7.059603,4.85861],[7.059686,4.85864]]]}},{"type":"Feature","properties":{"h":3.0,"on_route":false},"geometry":{"type":"Polygon","coordinates":[[[7.056254,4.863289],[7.056236,4.863368],[7.055896,4.863293],[7.055914,4.863214],[7.056254,4.863289]]]}},{"type":"Feature","properties":{"h":3.0,"on_route":false},"geometry":{"type":"Polygon","coordinates":[[[7.059797,4.858561],[7.05976,4.858666],[7.059603,4.85861],[7.059641,4.858505],[7.059797,4.858561]]]}},{"type":"Feature","properties":{"h":3.0,"on_route":false},"geometry":{"type":"Polygon","coordinates":[[[7.057491,4.862348],[7.057478,4.862452],[7.057409,4.862444],[7.057421,4.86234],[7.057491,4.862348]]]}},{"type":"Feature","properties":{"h":3.0,"on_route":false},"geometry":{"type":"Polygon","coordinates":[[[7.059803,4.859742],[7.059728,4.859702],[7.059797,4.859575],[7.059871,4.859616],[7.059803,4.859742]]]}},{"type":"Feature","properties":{"h":3.0,"on_route":false},"geometry":{"type":"Polygon","coordinates":[[[7.056601,4.862418],[7.056175,4.862345],[7.056186,4.862282],[7.056451,4.862328],[7.056462,4.862265],[7.056623,4.862293],[7.056601,4.862418]]]}},{"type":"Feature","properties":{"h":3.0,"on_route":false},"geometry":{"type":"Polygon","coordinates":[[[7.058123,4.858796],[7.058048,4.858802],[7.058045,4.858759],[7.058119,4.858752],[7.058123,4.858796]]]}},{"type":"Feature","properties":{"h":3.0,"on_route":false},"geometry":{"type":"Polygon","coordinates":[[[7.060489,4.859641],[7.06045,4.859688],[7.06037,4.859622],[7.060408,4.859575],[7.060489,4.859641]]]}},{"type":"Feature","properties":{"h":3.0,"on_route":false},"geometry":{"type":"Polygon","coordinates":[[[7.056117,4.862707],[7.056109,4.862742],[7.056069,4.862734],[7.056076,4.862698],[7.056117,4.862707]]]}},{"type":"Feature","properties":{"h":3.0,"on_route":false},"geometry":{"type":"Polygon","coordinates":[[[7.058233,4.857159],[7.058187,4.857308],[7.05815,4.857297],[7.058196,4.857147],[7.058233,4.857159]]]}},{"type":"Feature","properties":{"h":3.0,"on_route":false},"geometry":{"type":"Polygon","coordinates":[[[7.05642,4.857614],[7.056261,4.857639],[7.056246,4.857538],[7.056405,4.857514],[7.05642,4.857614]]]}},{"type":"Feature","properties":{"h":3.0,"on_route":false},"geometry":{"type":"Polygon","coordinates":[[[7.054477,4.86083],[7.054517,4.861323],[7.054481,4.861326],[7.054479,4.861294],[7.054411,4.8613],[7.054387,4.861001],[7.054354,4.861004],[7.054341,4.860841],[7.054477,4.86083]]]}},{"type":"Feature","properties":{"h":3.0,"on_route":false},"geometry":{"type":"Polygon","coordinates":[[[7.053811,4.864234],[7.05379,4.864323],[7.053667,4.864294],[7.053687,4.864205],[7.053811,4.864234]]]}},{"type":"Feature","properties":{"h":3.0,"on_route":false},"geometry":{"type":"Polygon","coordinates":[[[7.056445,4.862254],[7.056423,4.86231],[7.056161,4.862207],[7.056183,4.86215],[7.056445,4.862254]]]}},{"type":"Feature","properties":{"h":3.0,"on_route":false},"geometry":{"type":"Polygon","coordinates":[[[7.053694,4.86089],[7.053689,4.860958],[7.053647,4.860955],[7.053652,4.860886],[7.053694,4.86089]]]}},{"type":"Feature","properties":{"h":3.0,"on_route":false},"geometry":{"type":"Polygon","coordinates":[[[7.057324,4.860471],[7.057324,4.860516],[7.057274,4.860516],[7.057274,4.860471],[7.057324,4.860471]]]}},{"type":"Feature","properties":{"h":3.0,"on_route":false},"geometry":{"type":"Polygon","coordinates":[[[7.055944,4.857131],[7.055945,4.857146],[7.055923,4.857147],[7.05592,4.857106],[7.055863,4.85711],[7.055856,4.857012],[7.055993,4.857001],[7.055998,4.857059],[7.056027,4.857057],[7.056032,4.857125],[7.055944,4.857131]]]}},{"type":"Feature","properties":{"h":3.0,"on_route":false},"geometry":{"type":"Polygon","coordinates":[[[7.057511,4.860789],[7.057502,4.860883],[7.057456,4.860878],[7.057459,4.860848],[7.057405,4.860842],[7.057412,4.860779],[7.057511,4.860789]]]}},{"type":"Feature","properties":{"h":3.0,"on_route":false},"geometry":{"type":"Polygon","coordinates":[[[7.06026,4.859219],[7.060216,4.859306],[7.059986,4.859187],[7.06003,4.859101],[7.06026,4.859219]]]}},{"type":"Feature","properties":{"h":3.0,"on_route":false},"geometry":{"type":"Polygon","coordinates":[[[7.056267,4.857906],[7.056276,4.857993],[7.056193,4.858001],[7.056185,4.857914],[7.056267,4.857906]]]}},{"type":"Feature","properties":{"h":3.0,"on_route":false},"geometry":{"type":"Polygon","coordinates":[[[7.056794,4.858458],[7.056801,4.858539],[7.056718,4.858545],[7.056711,4.858465],[7.056794,4.858458]]]}},{"type":"Feature","properties":{"h":3.0,"on_route":true},"geometry":{"type":"Polygon","coordinates":[[[7.057739,4.863974],[7.05773,4.864061],[7.057647,4.864052],[7.057657,4.863966],[7.057739,4.863974]]]}},{"type":"Feature","properties":{"h":3.0,"on_route":false},"geometry":{"type":"Polygon","coordinates":[[[7.058711,4.861926],[7.058667,4.862001],[7.05855,4.861933],[7.058593,4.861858],[7.058711,4.861926]]]}},{"type":"Feature","properties":{"h":3.0,"on_route":false},"geometry":{"type":"Polygon","coordinates":[[[7.055627,4.861484],[7.055625,4.861522],[7.055567,4.86152],[7.055569,4.861481],[7.055627,4.861484]]]}},{"type":"Feature","properties":{"h":3.0,"on_route":true},"geometry":{"type":"Polygon","coordinates":[[[7.057422,4.863109],[7.057373,4.863245],[7.057313,4.863224],[7.057363,4.863087],[7.057422,4.863109]]]}},{"type":"Feature","properties":{"h":3.0,"on_route":false},"geometry":{"type":"Polygon","coordinates":[[[7.05372,4.86053],[7.053414,4.860549],[7.05341,4.860482],[7.053715,4.860463],[7.05372,4.86053]]]}},{"type":"Feature","properties":{"h":3.0,"on_route":false},"geometry":{"type":"Polygon","coordinates":[[[7.057941,4.862281],[7.057935,4.862356],[7.057845,4.862349],[7.057851,4.862273],[7.057941,4.862281]]]}},{"type":"Feature","properties":{"h":3.0,"on_route":false},"geometry":{"type":"Polygon","coordinates":[[[7.059726,4.858975],[7.059706,4.859042],[7.059668,4.859031],[7.059687,4.858964],[7.059726,4.858975]]]}},{"type":"Feature","properties":{"h":3.0,"on_route":false},"geometry":{"type":"Polygon","coordinates":[[[7.057441,4.858485],[7.05723,4.858492],[7.057229,4.858441],[7.057439,4.858433],[7.057441,4.858485]]]}},{"type":"Feature","properties":{"h":3.0,"on_route":false},"geometry":{"type":"Polygon","coordinates":[[[7.056147,4.858034],[7.056037,4.858043],[7.056029,4.857947],[7.056139,4.857938],[7.056147,4.858034]]]}},{"type":"Feature","properties":{"h":3.0,"on_route":false},"geometry":{"type":"Polygon","coordinates":[[[7.060522,4.860938],[7.060616,4.860976],[7.060601,4.861012],[7.060507,4.860974],[7.060522,4.860938]]]}},{"type":"Feature","properties":{"h":3.0,"on_route":false},"geometry":{"type":"Polygon","coordinates":[[[7.052875,4.862033],[7.052868,4.862154],[7.052789,4.86215],[7.052796,4.862028],[7.052875,4.862033]]]}},{"type":"Feature","properties":{"h":3.0,"on_route":false},"geometry":{"type":"Polygon","coordinates":[[[7.060567,4.859516],[7.060539,4.859564],[7.060388,4.859477],[7.060416,4.859428],[7.060567,4.859516]]]}},{"type":"Feature","properties":{"h":3.0,"on_route":false},"geometry":{"type":"Polygon","coordinates":[[[7.058068,4.85952],[7.058094,4.859701],[7.057992,4.859716],[7.057967,4.859535],[7.058068,4.85952]]]}},{"type":"Feature","properties":{"h":3.0,"on_route":false},"geometry":{"type":"Polygon","coordinates":[[[7.058413,4.858551],[7.05842,4.858554],[7.058443,4.858493],[7.058696,4.858587],[7.058658,4.858689],[7.058397,4.858593],[7.058413,4.858551]]]}},{"type":"Feature","properties":{"h":3.0,"on_route":false},"geometry":{"type":"Polygon","coordinates":[[[7.059373,4.859108],[7.05934,4.859191],[7.059228,4.859146],[7.059261,4.859062],[7.059373,4.859108]]]}},{"type":"Feature","properties":{"h":3.0,"on_route":false},"geometry":{"type":"Polygon","coordinates":[[[7.05592,4.864039],[7.055851,4.864095],[7.055815,4.864052],[7.055885,4.863995],[7.05592,4.864039]]]}},{"type":"Feature","properties":{"h":3.0,"on_route":false},"geometry":{"type":"Polygon","coordinates":[[[7.055529,4.864913],[7.055527,4.864947],[7.055454,4.864944],[7.055455,4.864909],[7.055529,4.864913]]]}},{"type":"Feature","properties":{"h":3.0,"on_route":false},"geometry":{"type":"Polygon","coordinates":[[[7.058968,4.860215],[7.058885,4.860167],[7.05898,4.859999],[7.059064,4.860047],[7.058968,4.860215]]]}},{"type":"Feature","properties":{"h":3.0,"on_route":false},"geometry":{"type":"Polygon","coordinates":[[[7.060359,4.861609],[7.060308,4.861682],[7.060075,4.861515],[7.060127,4.861443],[7.060359,4.861609]]]}},{"type":"Feature","properties":{"h":3.0,"on_route":false},"geometry":{"type":"Polygon","coordinates":[[[7.056407,4.858641],[7.056411,4.858694],[7.056479,4.858688],[7.056481,4.858717],[7.056363,4.858727],[7.056356,4.858645],[7.056407,4.858641]]]}},{"type":"Feature","properties":{"h":3.0,"on_route":false},"geometry":{"type":"Polygon","coordinates":[[[7.055828,4.862917],[7.055763,4.862908],[7.055772,4.862843],[7.055838,4.862853],[7.055828,4.862917]]]}},{"type":"Feature","properties":{"h":3.0,"on_route":false},"geometry":{"type":"Polygon","coordinates":[[[7.056885,4.859638],[7.056881,4.859711],[7.056778,4.859707],[7.056782,4.859633],[7.056885,4.859638]]]}},{"type":"Feature","properties":{"h":3.0,"on_route":false},"geometry":{"type":"Polygon","coordinates":[[[7.05987,4.858868],[7.059835,4.858959],[7.059756,4.858928],[7.059792,4.858837],[7.05987,4.858868]]]}},{"type":"Feature","properties":{"h":3.0,"on_route":false},"geometry":{"type":"Polygon","coordinates":[[[7.057285,4.860202],[7.057269,4.860395],[7.057174,4.860387],[7.057177,4.860355],[7.057144,4.860352],[7.057158,4.860191],[7.057285,4.860202]]]}},{"type":"Feature","properties":{"h":3.0,"on_route":false},"geometry":{"type":"Polygon","coordinates":[[[7.05601,4.863316],[7.05598,4.863441],[7.055845,4.863408],[7.055862,4.863339],[7.055874,4.863342],[7.055888,4.863286],[7.05601,4.863316]]]}},{"type":"Feature","properties":{"h":3.0,"on_route":false},"geometry":{"type":"Polygon","coordinates":[[[7.053415,4.860695],[7.053394,4.860693],[7.053398,4.860645],[7.05342,4.860647],[7.053415,4.860695]]]}},{"type":"Feature","properties":{"h":3.0,"on_route":true},"geometry":{"type":"Polygon","coordinates":[[[7.057724,4.863893],[7.057715,4.863972],[7.057633,4.863963],[7.057641,4.863884],[7.057724,4.863893]]]}},{"type":"Feature","properties":{"h":3.0,"on_route":false},"geometry":{"type":"Polygon","coordinates":[[[7.059261,4.858935],[7.05918,4.859138],[7.059152,4.859127],[7.059139,4.859157],[7.059051,4.859121],[7.059145,4.858887],[7.059261,4.858935]]]}},{"type":"Feature","properties":{"h":3.0,"on_route":false},"geometry":{"type":"Polygon","coordinates":[[[7.059282,4.860538],[7.05935,4.860591],[7.059224,4.860751],[7.059139,4.860684],[7.059251,4.860541],[7.059268,4.860554],[7.059282,4.860538]]]}},{"type":"Feature","properties":{"h":3.0,"on_route":false},"geometry":{"type":"Polygon","coordinates":[[[7.054722,4.863457],[7.054684,4.863455],[7.054685,4.863433],[7.05458,4.863427],[7.054585,4.863353],[7.054728,4.863361],[7.054722,4.863457]]]}},{"type":"Feature","properties":{"h":3.0,"on_route":false},"geometry":{"type":"Polygon","coordinates":[[[7.055517,4.857965],[7.055414,4.857972],[7.055407,4.857866],[7.05551,4.857859],[7.055517,4.857965]]]}},{"type":"Feature","properties":{"h":3.0,"on_route":false},"geometry":{"type":"Polygon","coordinates":[[[7.058959,4.859189],[7.05895,4.859206],[7.058984,4.859223],[7.058921,4.859351],[7.058889,4.859335],[7.05891,4.859292],[7.058817,4.859246],[7.058867,4.859144],[7.058959,4.859189]]]}},{"type":"Feature","properties":{"h":3.0,"on_route":false},"geometry":{"type":"Polygon","coordinates":[[[7.055862,4.86398],[7.055819,4.864035],[7.055732,4.863967],[7.055775,4.863912],[7.055862,4.86398]]]}},{"type":"Feature","properties":{"h":3.0,"on_route":false},"geometry":{"type":"Polygon","coordinates":[[[7.054669,4.861782],[7.054682,4.86195],[7.054618,4.861955],[7.054606,4.861787],[7.054669,4.861782]]]}},{"type":"Feature","properties":{"h":3.0,"on_route":false},"geometry":{"type":"Polygon","coordinates":[[[7.058583,4.859123],[7.058576,4.859232],[7.058532,4.85923],[7.058539,4.85912],[7.058583,4.859123]]]}},{"type":"Feature","properties":{"h":3.0,"on_route":false},"geometry":{"type":"Polygon","coordinates":[[[7.060393,4.860236],[7.06037,4.860219],[7.0604,4.86018],[7.060423,4.860197],[7.060393,4.860236]]]}},{"type":"Feature","properties":{"h":3.0,"on_route":false},"geometry":{"type":"Polygon","coordinates":[[[7.053079,4.861781],[7.053067,4.86189],[7.052993,4.861882],[7.05299,4.861903],[7.052942,4.861897],[7.052944,4.861877],[7.052916,4.861874],[7.052927,4.861765],[7.053079,4.861781]]]}},{"type":"Feature","properties":{"h":3.0,"on_route":false},"geometry":{"type":"Polygon","coordinates":[[[7.053373,4.860541],[7.053359,4.860692],[7.053271,4.860683],[7.053286,4.860532],[7.053373,4.860541]]]}},{"type":"Feature","properties":{"h":3.0,"on_route":false},"geometry":{"type":"Polygon","coordinates":[[[7.056351,4.861242],[7.056347,4.861279],[7.056289,4.861272],[7.056293,4.861235],[7.056351,4.861242]]]}},{"type":"Feature","properties":{"h":3.0,"on_route":false},"geometry":{"type":"Polygon","coordinates":[[[7.058128,4.858934],[7.058132,4.858959],[7.058102,4.858964],[7.058098,4.858939],[7.058128,4.858934]]]}},{"type":"Feature","properties":{"h":3.0,"on_route":false},"geometry":{"type":"Polygon","coordinates":[[[7.058748,4.857406],[7.058673,4.857593],[7.058617,4.857571],[7.058692,4.857383],[7.058748,4.857406]]]}},{"type":"Feature","properties":{"h":3.0,"on_route":false},"geometry":{"type":"Polygon","coordinates":[[[7.058851,4.859086],[7.058829,4.85928],[7.058757,4.859272],[7.058779,4.859078],[7.058851,4.859086]]]}},{"type":"Feature","properties":{"h":3.0,"on_route":false},"geometry":{"type":"Polygon","coordinates":[[[7.055155,4.861137],[7.055161,4.861221],[7.055104,4.861226],[7.055097,4.861141],[7.055155,4.861137]]]}},{"type":"Feature","properties":{"h":3.0,"on_route":false},"geometry":{"type":"Polygon","coordinates":[[[7.057895,4.859376],[7.05789,4.859431],[7.05793,4.859434],[7.057923,4.859524],[7.057812,4.859514],[7.057824,4.85937],[7.057895,4.859376]]]}},{"type":"Feature","properties":{"h":3.0,"on_route":false},"geometry":{"type":"Polygon","coordinates":[[[7.052947,4.862141],[7.052887,4.862145],[7.052884,4.862105],[7.052944,4.862101],[7.052947,4.862141]]]}},{"type":"Feature","properties":{"h":3.0,"on_route":false},"geometry":{"type":"Polygon","coordinates":[[[7.056086,4.863366],[7.056192,4.863392],[7.056184,4.863426],[7.056146,4.863417],[7.056136,4.863457],[7.056068,4.86344],[7.056086,4.863366]]]}},{"type":"Feature","properties":{"h":3.0,"on_route":false},"geometry":{"type":"Polygon","coordinates":[[[7.056478,4.858748],[7.056469,4.858851],[7.056298,4.858835],[7.056305,4.85876],[7.056284,4.858758],[7.056286,4.858731],[7.056478,4.858748]]]}},{"type":"Feature","properties":{"h":3.0,"on_route":false},"geometry":{"type":"Polygon","coordinates":[[[7.058757,4.862059],[7.058703,4.862156],[7.058563,4.862079],[7.058579,4.86205],[7.058546,4.862032],[7.058584,4.861963],[7.058757,4.862059]]]}},{"type":"Feature","properties":{"h":3.0,"on_route":false},"geometry":{"type":"Polygon","coordinates":[[[7.057532,4.859355],[7.05737,4.859351],[7.057375,4.859142],[7.057538,4.859146],[7.057532,4.859355]]]}},{"type":"Feature","properties":{"h":3.0,"on_route":false},"geometry":{"type":"Polygon","coordinates":[[[7.055988,4.860425],[7.055984,4.860475],[7.055931,4.860471],[7.055935,4.860421],[7.055988,4.860425]]]}},{"type":"Feature","properties":{"h":3.0,"on_route":false},"geometry":{"type":"Polygon","coordinates":[[[7.058683,4.860415],[7.05871,4.860431],[7.058655,4.860525],[7.058628,4.86051],[7.058596,4.860566],[7.058548,4.860538],[7.058672,4.860322],[7.05872,4.86035],[7.058683,4.860415]]]}},{"type":"Feature","properties":{"h":3.0,"on_route":false},"geometry":{"type":"Polygon","coordinates":[[[7.054359,4.859017],[7.054341,4.85912],[7.054133,4.859084],[7.05415,4.858982],[7.054359,4.859017]]]}},{"type":"Feature","properties":{"h":3.0,"on_route":false},"geometry":{"type":"Polygon","coordinates":[[[7.057932,4.858276],[7.057929,4.858324],[7.057795,4.858316],[7.057798,4.858268],[7.057932,4.858276]]]}},{"type":"Feature","properties":{"h":3.0,"on_route":false},"geometry":{"type":"Polygon","coordinates":[[[7.055678,4.858318],[7.055606,4.858329],[7.055597,4.858274],[7.05567,4.858263],[7.055678,4.858318]]]}},{"type":"Feature","properties":{"h":3.0,"on_route":true},"geometry":{"type":"Polygon","coordinates":[[[7.057602,4.863818],[7.057485,4.863753],[7.057511,4.863706],[7.057539,4.863722],[7.057588,4.863634],[7.057614,4.863649],[7.057633,4.863615],[7.057695,4.86365],[7.057602,4.863818]]]}},{"type":"Feature","properties":{"h":3.0,"on_route":false},"geometry":{"type":"Polygon","coordinates":[[[7.060066,4.85955],[7.06004,4.859615],[7.059893,4.859556],[7.059919,4.859491],[7.060066,4.85955]]]}},{"type":"Feature","properties":{"h":3.0,"on_route":false},"geometry":{"type":"Polygon","coordinates":[[[7.05491,4.858702],[7.054985,4.85872],[7.054976,4.858759],[7.054994,4.858763],[7.054986,4.8588],[7.054892,4.858778],[7.05491,4.858702]]]}},{"type":"Feature","properties":{"h":3.0,"on_route":false},"geometry":{"type":"Polygon","coordinates":[[[7.053759,4.861701],[7.053689,4.861705],[7.053683,4.861618],[7.053753,4.861614],[7.053759,4.861701]]]}},{"type":"Feature","properties":{"h":3.0,"on_route":false},"geometry":{"type":"Polygon","coordinates":[[[7.056912,4.859862],[7.056908,4.859951],[7.056849,4.859949],[7.056853,4.859859],[7.056912,4.859862]]]}},{"type":"Feature","properties":{"h":3.0,"on_route":false},"geometry":{"type":"Polygon","coordinates":[[[7.057829,4.861724],[7.057754,4.861716],[7.057752,4.861733],[7.05771,4.861729],[7.057712,4.861712],[7.057674,4.861708],[7.05768,4.86165],[7.057759,4.861658],[7.057777,4.861488],[7.057853,4.861496],[7.057829,4.861724]]]}},{"type":"Feature","properties":{"h":3.0,"on_route":false},"geometry":{"type":"Polygon","coordinates":[[[7.059038,4.863154],[7.05896,4.863236],[7.058864,4.863145],[7.058942,4.863062],[7.059038,4.863154]]]}},{"type":"Feature","properties":{"h":3.0,"on_route":false},"geometry":{"type":"Polygon","coordinates":[[[7.058382,4.862637],[7.05834,4.862793],[7.058234,4.862764],[7.058276,4.862608],[7.058382,4.862637]]]}},{"type":"Feature","properties":{"h":3.0,"on_route":false},"geometry":{"type":"Polygon","coordinates":[[[7.053508,4.861136],[7.053509,4.86118],[7.053465,4.861181],[7.053463,4.861137],[7.053508,4.861136]]]}},{"type":"Feature","properties":{"h":3.0,"on_route":false},"geometry":{"type":"Polygon","coordinates":[[[7.059589,4.860325],[7.059527,4.86042],[7.059307,4.860275],[7.059369,4.86018],[7.059589,4.860325]]]}},{"type":"Feature","properties":{"h":3.0,"on_route":false},"geometry":{"type":"Polygon","coordinates":[[[7.05747,4.858161],[7.057469,4.858214],[7.057447,4.858214],[7.057448,4.858161],[7.05747,4.858161]]]}},{"type":"Feature","properties":{"h":3.0,"on_route":false},"geometry":{"type":"Polygon","coordinates":[[[7.055512,4.858186],[7.055444,4.858192],[7.055428,4.857997],[7.055495,4.857992],[7.055512,4.858186]]]}},{"type":"Feature","properties":{"h":3.0,"on_route":false},"geometry":{"type":"Polygon","coordinates":[[[7.058147,4.861793],[7.05814,4.861826],[7.058108,4.861819],[7.058114,4.861787],[7.058147,4.861793]]]}},{"type":"Feature","properties":{"h":3.0,"on_route":false},"geometry":{"type":"Polygon","coordinates":[[[7.055213,4.861936],[7.055139,4.861939],[7.055132,4.86178],[7.055206,4.861777],[7.055213,4.861936]]]}},{"type":"Feature","properties":{"h":3.0,"on_route":false},"geometry":{"type":"Polygon","coordinates":[[[7.057912,4.857226],[7.057898,4.857296],[7.0578,4.857278],[7.057814,4.857207],[7.057912,4.857226]]]}},{"type":"Feature","properties":{"h":3.0,"on_route":false},"geometry":{"type":"Polygon","coordinates":[[[7.055289,4.857909],[7.055288,4.857959],[7.055177,4.857957],[7.055177,4.857908],[7.055289,4.857909]]]}},{"type":"Feature","properties":{"h":3.0,"on_route":false},"geometry":{"type":"Polygon","coordinates":[[[7.053467,4.860024],[7.053314,4.860033],[7.053311,4.859979],[7.053464,4.85997],[7.053467,4.860024]]]}},{"type":"Feature","properties":{"h":3.0,"on_route":false},"geometry":{"type":"Polygon","coordinates":[[[7.053157,4.862296],[7.05315,4.862411],[7.05305,4.862406],[7.053056,4.86229],[7.053157,4.862296]]]}},{"type":"Feature","properties":{"h":3.0,"on_route":false},"geometry":{"type":"Polygon","coordinates":[[[7.060046,4.859908],[7.060017,4.859943],[7.059948,4.859887],[7.059976,4.859852],[7.060046,4.859908]]]}},{"type":"Feature","properties":{"h":3.0,"on_route":false},"geometry":{"type":"Polygon","coordinates":[[[7.055004,4.858498],[7.054991,4.858635],[7.054934,4.858629],[7.054947,4.858493],[7.055004,4.858498]]]}},{"type":"Feature","properties":{"h":3.0,"on_route":false},"geometry":{"type":"Polygon","coordinates":[[[7.053115,4.863222],[7.053106,4.863353],[7.052988,4.863345],[7.052995,4.863255],[7.052981,4.863254],[7.052984,4.863213],[7.053115,4.863222]]]}},{"type":"Feature","properties":{"h":3.0,"on_route":false},"geometry":{"type":"Polygon","coordinates":[[[7.054275,4.863365],[7.054274,4.863384],[7.054247,4.863382],[7.054248,4.863363],[7.054275,4.863365]]]}},{"type":"Feature","properties":{"h":3.0,"on_route":false},"geometry":{"type":"Polygon","coordinates":[[[7.060508,4.860491],[7.060468,4.86056],[7.060409,4.860526],[7.06045,4.860457],[7.060508,4.860491]]]}},{"type":"Feature","properties":{"h":3.0,"on_route":false},"geometry":{"type":"Polygon","coordinates":[[[7.056653,4.860304],[7.056656,4.860274],[7.056724,4.860281],[7.056719,4.860339],[7.056627,4.860331],[7.05663,4.860302],[7.056653,4.860304]]]}},{"type":"Feature","properties":{"h":3.0,"on_route":false},"geometry":{"type":"Polygon","coordinates":[[[7.05946,4.859599],[7.059478,4.859586],[7.059494,4.859607],[7.059429,4.859657],[7.059402,4.859621],[7.059294,4.859704],[7.059239,4.859631],[7.059347,4.859549],[7.059327,4.859522],[7.059375,4.859486],[7.05946,4.859599]]]}},{"type":"Feature","properties":{"h":3.0,"on_route":false},"geometry":{"type":"Polygon","coordinates":[[[7.058043,4.862783],[7.058057,4.862918],[7.057976,4.862927],[7.057962,4.862791],[7.058043,4.862783]]]}},{"type":"Feature","properties":{"h":3.0,"on_route":false},"geometry":{"type":"Polygon","coordinates":[[[7.053738,4.863021],[7.053733,4.863113],[7.053699,4.863111],[7.053697,4.863149],[7.053638,4.863146],[7.053645,4.863016],[7.053738,4.863021]]]}},{"type":"Feature","properties":{"h":3.0,"on_route":false},"geometry":{"type":"Polygon","coordinates":[[[7.057419,4.858414],[7.057295,4.858422],[7.057291,4.858373],[7.057415,4.858365],[7.057419,4.858414]]]}},{"type":"Feature","properties":{"h":3.0,"on_route":false},"geometry":{"type":"Polygon","coordinates":[[[7.060059,4.861538],[7.060007,4.8615],[7.060076,4.861405],[7.060128,4.861443],[7.060059,4.861538]]]}},{"type":"Feature","properties":{"h":3.0,"on_route":false},"geometry":{"type":"Polygon","coordinates":[[[7.055403,4.86547],[7.055383,4.865533],[7.055206,4.865477],[7.055226,4.865414],[7.055403,4.86547]]]}},{"type":"Feature","properties":{"h":3.0,"on_route":true},"geometry":{"type":"Polygon","coordinates":[[[7.05657,4.862006],[7.05656,4.862097],[7.056502,4.862091],[7.056512,4.862],[7.05657,4.862006]]]}},{"type":"Feature","properties":{"h":3.0,"on_route":false},"geometry":{"type":"Polygon","coordinates":[[[7.05491,4.861363],[7.05491,4.861408],[7.054842,4.861408],[7.054843,4.861363],[7.05491,4.861363]]]}},{"type":"Feature","properties":{"h":3.0,"on_route":false},"geometry":{"type":"Polygon","coordinates":[[[7.059785,4.859851],[7.059736,4.859902],[7.059671,4.859839],[7.05972,4.859788],[7.059785,4.859851]]]}},{"type":"Feature","properties":{"h":3.0,"on_route":false},"geometry":{"type":"Polygon","coordinates":[[[7.055979,4.862311],[7.055967,4.862378],[7.055754,4.862341],[7.055766,4.862274],[7.055979,4.862311]]]}},{"type":"Feature","properties":{"h":3.0,"on_route":false},"geometry":{"type":"Polygon","coordinates":[[[7.056625,4.859713],[7.056623,4.859764],[7.056562,4.85976],[7.056565,4.85971],[7.056625,4.859713]]]}},{"type":"Feature","properties":{"h":3.0,"on_route":false},"geometry":{"type":"Polygon","coordinates":[[[7.060512,4.861529],[7.060487,4.861516],[7.060507,4.861478],[7.060531,4.861491],[7.060512,4.861529]]]}},{"type":"Feature","properties":{"h":3.0,"on_route":false},"geometry":{"type":"Polygon","coordinates":[[[7.058262,4.858893],[7.058257,4.858984],[7.058332,4.858989],[7.058329,4.859035],[7.058171,4.859025],[7.058179,4.858888],[7.058262,4.858893]]]}},{"type":"Feature","properties":{"h":3.0,"on_route":false},"geometry":{"type":"Polygon","coordinates":[[[7.057948,4.860536],[7.057927,4.860642],[7.057652,4.860588],[7.057672,4.860482],[7.057948,4.860536]]]}},{"type":"Feature","properties":{"h":3.0,"on_route":false},"geometry":{"type":"Polygon","coordinates":[[[7.055595,4.861951],[7.055529,4.861953],[7.055527,4.861904],[7.055593,4.861902],[7.055595,4.861951]]]}},{"type":"Feature","properties":{"h":3.0,"on_route":false},"geometry":{"type":"Polygon","coordinates":[[[7.059094,4.858725],[7.059038,4.858702],[7.059144,4.858438],[7.05909,4.858416],[7.058964,4.85873],[7.058904,4.858706],[7.058892,4.858737],[7.05886,4.858724],[7.058917,4.858583],[7.058949,4.858596],[7.059067,4.858301],[7.059237,4.85837],[7.059094,4.858725]]]}},{"type":"Feature","properties":{"h":3.0,"on_route":false},"geometry":{"type":"Polygon","coordinates":[[[7.055345,4.863286],[7.055248,4.863293],[7.05524,4.863187],[7.055337,4.863179],[7.055345,4.863286]]]}},{"type":"Feature","properties":{"h":3.0,"on_route":false},"geometry":{"type":"Polygon","coordinates":[[[7.055111,4.859908],[7.055077,4.859911],[7.055072,4.859856],[7.055105,4.859852],[7.055111,4.859908]]]}},{"type":"Feature","properties":{"h":3.0,"on_route":false},"geometry":{"type":"Polygon","coordinates":[[[7.059444,4.859953],[7.059335,4.860103],[7.059291,4.86007],[7.0594,4.85992],[7.059444,4.859953]]]}},{"type":"Feature","properties":{"h":3.0,"on_route":false},"geometry":{"type":"Polygon","coordinates":[[[7.057982,4.86251],[7.057948,4.86252],[7.057975,4.862614],[7.057913,4.862632],[7.057871,4.86249],[7.057968,4.862462],[7.057982,4.86251]]]}},{"type":"Feature","properties":{"h":3.0,"on_route":false},"geometry":{"type":"Polygon","coordinates":[[[7.059945,4.859776],[7.059914,4.859846],[7.059818,4.859802],[7.059849,4.859733],[7.059945,4.859776]]]}},{"type":"Feature","properties":{"h":3.0,"on_route":false},"geometry":{"type":"Polygon","coordinates":[[[7.05765,4.860328],[7.057625,4.860414],[7.057531,4.860386],[7.057556,4.860302],[7.05765,4.860328]]]}},{"type":"Feature","properties":{"h":3.0,"on_route":false},"geometry":{"type":"Polygon","coordinates":[[[7.05723,4.858492],[7.057232,4.85856],[7.057139,4.858563],[7.057136,4.858496],[7.05723,4.858492]]]}},{"type":"Feature","properties":{"h":3.0,"on_route":false},"geometry":{"type":"Polygon","coordinates":[[[7.05489,4.86289],[7.054893,4.862984],[7.054778,4.862987],[7.054776,4.862892],[7.05489,4.86289]]]}},{"type":"Feature","properties":{"h":3.0,"on_route":false},"geometry":{"type":"Polygon","coordinates":[[[7.057383,4.858835],[7.057269,4.858843],[7.057257,4.858672],[7.057371,4.858664],[7.057383,4.858835]]]}},{"type":"Feature","properties":{"h":3.0,"on_route":false},"geometry":{"type":"Polygon","coordinates":[[[7.060255,4.860206],[7.060156,4.86034],[7.060074,4.86028],[7.060172,4.860145],[7.060255,4.860206]]]}},{"type":"Feature","properties":{"h":3.0,"on_route":false},"geometry":{"type":"Polygon","coordinates":[[[7.054199,4.863191],[7.054191,4.863226],[7.05416,4.863219],[7.054168,4.863184],[7.054199,4.863191]]]}},{"type":"Feature","properties":{"h":3.0,"on_route":false},"geometry":{"type":"Polygon","coordinates":[[[7.058214,4.860361],[7.058195,4.860427],[7.058224,4.860436],[7.058209,4.860486],[7.058128,4.860462],[7.058162,4.860345],[7.058214,4.860361]]]}},{"type":"Feature","properties":{"h":3.0,"on_route":false},"geometry":{"type":"Polygon","coordinates":[[[7.059994,4.86247],[7.059879,4.862562],[7.059835,4.862508],[7.05995,4.862415],[7.059994,4.86247]]]}},{"type":"Feature","properties":{"h":3.0,"on_route":false},"geometry":{"type":"Polygon","coordinates":[[[7.055542,4.862449],[7.055537,4.862518],[7.055396,4.862508],[7.055401,4.862439],[7.055542,4.862449]]]}},{"type":"Feature","properties":{"h":3.0,"on_route":false},"geometry":{"type":"Polygon","coordinates":[[[7.054174,4.858307],[7.054367,4.858335],[7.054351,4.858443],[7.054158,4.858415],[7.054174,4.858307]]]}},{"type":"Feature","properties":{"h":3.0,"on_route":false},"geometry":{"type":"Polygon","coordinates":[[[7.059422,4.858083],[7.059371,4.858201],[7.059223,4.858136],[7.059274,4.858019],[7.059422,4.858083]]]}},{"type":"Feature","properties":{"h":3.0,"on_route":false},"geometry":{"type":"Polygon","coordinates":[[[7.057306,4.861117],[7.057298,4.861185],[7.057187,4.861172],[7.057194,4.861104],[7.057306,4.861117]]]}},{"type":"Feature","properties":{"h":3.0,"on_route":true},"geometry":{"type":"Polygon","coordinates":[[[7.057457,4.863012],[7.057422,4.863109],[7.057363,4.863087],[7.057398,4.86299],[7.057457,4.863012]]]}},{"type":"Feature","properties":{"h":3.0,"on_route":false},"geometry":{"type":"Polygon","coordinates":[[[7.059803,4.859989],[7.059744,4.86008],[7.059673,4.860035],[7.059732,4.859943],[7.059803,4.859989]]]}},{"type":"Feature","properties":{"h":3.0,"on_route":false},"geometry":{"type":"Polygon","coordinates":[[[7.054882,4.862982],[7.054886,4.863149],[7.054823,4.863151],[7.054824,4.86316],[7.054786,4.863161],[7.054782,4.862985],[7.054882,4.862982]]]}},{"type":"Feature","properties":{"h":3.0,"on_route":false},"geometry":{"type":"Polygon","coordinates":[[[7.054661,4.858135],[7.054646,4.858239],[7.054452,4.858211],[7.054467,4.858106],[7.054661,4.858135]]]}},{"type":"Feature","properties":{"h":3.0,"on_route":false},"geometry":{"type":"Polygon","coordinates":[[[7.05749,4.85803],[7.057487,4.858084],[7.057464,4.858083],[7.057467,4.858029],[7.05749,4.85803]]]}},{"type":"Feature","properties":{"h":3.0,"on_route":false},"geometry":{"type":"Polygon","coordinates":[[[7.058637,4.860964],[7.058796,4.861044],[7.058766,4.861105],[7.058606,4.861025],[7.058637,4.860964]]]}},{"type":"Feature","properties":{"h":3.0,"on_route":false},"geometry":{"type":"Polygon","coordinates":[[[7.056165,4.86215],[7.056118,4.862287],[7.056064,4.862268],[7.056111,4.862131],[7.056165,4.86215]]]}},{"type":"Feature","properties":{"h":3.0,"on_route":false},"geometry":{"type":"Polygon","coordinates":[[[7.0595,4.863066],[7.059445,4.863088],[7.059418,4.863019],[7.059472,4.862997],[7.0595,4.863066]]]}},{"type":"Feature","properties":{"h":3.0,"on_route":false},"geometry":{"type":"Polygon","coordinates":[[[7.058787,4.862387],[7.058758,4.862422],[7.058736,4.862404],[7.058702,4.862445],[7.058597,4.862357],[7.05866,4.862281],[7.058787,4.862387]]]}},{"type":"Feature","properties":{"h":3.0,"on_route":false},"geometry":{"type":"Polygon","coordinates":[[[7.060417,4.85941],[7.060388,4.859475],[7.060332,4.85945],[7.06036,4.859385],[7.060417,4.85941]]]}},{"type":"Feature","properties":{"h":3.0,"on_route":false},"geometry":{"type":"Polygon","coordinates":[[[7.059209,4.864539],[7.059159,4.864611],[7.059061,4.864542],[7.059111,4.86447],[7.059209,4.864539]]]}},{"type":"Feature","properties":{"h":3.0,"on_route":false},"geometry":{"type":"Polygon","coordinates":[[[7.058616,4.858011],[7.058611,4.858034],[7.058674,4.858047],[7.058619,4.858318],[7.058501,4.858293],[7.058541,4.858094],[7.058515,4.858089],[7.058524,4.858047],[7.05855,4.858052],[7.058561,4.858],[7.058616,4.858011]]]}},{"type":"Feature","properties":{"h":3.0,"on_route":false},"geometry":{"type":"Polygon","coordinates":[[[7.057812,4.864532],[7.057765,4.864675],[7.057666,4.864642],[7.057713,4.864499],[7.057812,4.864532]]]}},{"type":"Feature","properties":{"h":3.0,"on_route":false},"geometry":{"type":"Polygon","coordinates":[[[7.057431,4.858113],[7.057191,4.858122],[7.057185,4.857976],[7.057327,4.857971],[7.057325,4.857927],[7.057423,4.857923],[7.057431,4.858113]]]}},{"type":"Feature","properties":{"h":3.0,"on_route":false},"geometry":{"type":"Polygon","coordinates":[[[7.053263,4.860647],[7.053254,4.86074],[7.053128,4.860728],[7.053137,4.860635],[7.053263,4.860647]]]}},{"type":"Feature","properties":{"h":3.0,"on_route":false},"geometry":{"type":"Polygon","coordinates":[[[7.056521,4.864887],[7.056509,4.864941],[7.056427,4.864923],[7.056439,4.864869],[7.056521,4.864887]]]}},{"type":"Feature","properties":{"h":3.0,"on_route":false},"geometry":{"type":"Polygon","coordinates":[[[7.05581,4.857218],[7.055707,4.857241],[7.055686,4.857149],[7.05579,4.857126],[7.05581,4.857218]]]}},{"type":"Feature","properties":{"h":3.0,"on_route":false},"geometry":{"type":"Polygon","coordinates":[[[7.055134,4.857998],[7.055124,4.858062],[7.054986,4.85804],[7.054996,4.857976],[7.055134,4.857998]]]}},{"type":"Feature","properties":{"h":3.0,"on_route":false},"geometry":{"type":"Polygon","coordinates":[[[7.055739,4.862737],[7.055732,4.86279],[7.055638,4.862777],[7.055646,4.862724],[7.055739,4.862737]]]}},{"type":"Feature","properties":{"h":3.0,"on_route":false},"geometry":{"type":"Polygon","coordinates":[[[7.057851,4.856763],[7.057839,4.856878],[7.057818,4.856876],[7.057814,4.856909],[7.057716,4.856899],[7.057731,4.85675],[7.057851,4.856763]]]}},{"type":"Feature","properties":{"h":3.0,"on_route":false},"geometry":{"type":"Polygon","coordinates":[[[7.057429,4.858143],[7.057426,4.858223],[7.057196,4.858215],[7.057195,4.858255],[7.05714,4.858253],[7.057142,4.858183],[7.057116,4.858182],[7.057118,4.858132],[7.057429,4.858143]]]}},{"type":"Feature","properties":{"h":3.0,"on_route":false},"geometry":{"type":"Polygon","coordinates":[[[7.059442,4.863001],[7.059354,4.863036],[7.059289,4.862874],[7.059378,4.862839],[7.059442,4.863001]]]}},{"type":"Feature","properties":{"h":3.0,"on_route":false},"geometry":{"type":"Polygon","coordinates":[[[7.058451,4.860268],[7.058402,4.860255],[7.05844,4.860113],[7.058489,4.860126],[7.058451,4.860268]]]}},{"type":"Feature","properties":{"h":3.0,"on_route":false},"geometry":{"type":"Polygon","coordinates":[[[7.058849,4.861136],[7.058765,4.861217],[7.058697,4.861146],[7.058739,4.861106],[7.058754,4.861122],[7.058796,4.861081],[7.058849,4.861136]]]}},{"type":"Feature","properties":{"h":3.0,"on_route":false},"geometry":{"type":"Polygon","coordinates":[[[7.058168,4.858968],[7.058165,4.859016],[7.058069,4.85901],[7.058072,4.858962],[7.058168,4.858968]]]}},{"type":"Feature","properties":{"h":3.0,"on_route":false},"geometry":{"type":"Polygon","coordinates":[[[7.059849,4.861484],[7.059762,4.861592],[7.059575,4.861439],[7.059662,4.861332],[7.059849,4.861484]]]}},{"type":"Feature","properties":{"h":3.0,"on_route":false},"geometry":{"type":"Polygon","coordinates":[[[7.059968,4.862232],[7.060007,4.86228],[7.059985,4.862297],[7.059946,4.862249],[7.059968,4.862232]]]}},{"type":"Feature","properties":{"h":3.0,"on_route":false},"geometry":{"type":"Polygon","coordinates":[[[7.055567,4.862283],[7.055563,4.862328],[7.055519,4.862325],[7.055523,4.862279],[7.055567,4.862283]]]}},{"type":"Feature","properties":{"h":3.0,"on_route":false},"geometry":{"type":"Polygon","coordinates":[[[7.059136,4.857212],[7.059078,4.857463],[7.059008,4.857446],[7.059032,4.857341],[7.058995,4.857332],[7.059029,4.857187],[7.059136,4.857212]]]}},{"type":"Feature","properties":{"h":3.0,"on_route":false},"geometry":{"type":"Polygon","coordinates":[[[7.057848,4.858459],[7.057853,4.858551],[7.057769,4.858556],[7.057764,4.858464],[7.057848,4.858459]]]}},{"type":"Feature","properties":{"h":3.0,"on_route":false},"geometry":{"type":"Polygon","coordinates":[[[7.057466,4.859683],[7.05746,4.85981],[7.057356,4.859806],[7.057355,4.859824],[7.057223,4.859818],[7.057229,4.859673],[7.057466,4.859683]]]}},{"type":"Feature","properties":{"h":3.0,"on_route":false},"geometry":{"type":"Polygon","coordinates":[[[7.055953,4.863222],[7.055898,4.86321],[7.055939,4.863024],[7.055994,4.863036],[7.055953,4.863222]]]}},{"type":"Feature","properties":{"h":3.0,"on_route":false},"geometry":{"type":"Polygon","coordinates":[[[7.056298,4.861005],[7.056293,4.86103],[7.056344,4.861041],[7.056326,4.861128],[7.056158,4.861093],[7.056181,4.860981],[7.056298,4.861005]]]}},{"type":"Feature","properties":{"h":3.0,"on_route":false},"geometry":{"type":"Polygon","coordinates":[[[7.053744,4.86291],[7.053743,4.862929],[7.053835,4.862934],[7.053829,4.863049],[7.053736,4.863044],[7.053738,4.863021],[7.053645,4.863016],[7.053651,4.862905],[7.053744,4.86291]]]}},{"type":"Feature","properties":{"h":3.0,"on_route":false},"geometry":{"type":"Polygon","coordinates":[[[7.056654,4.858318],[7.05665,4.858412],[7.0566,4.85841],[7.056599,4.858421],[7.056486,4.858416],[7.056491,4.858311],[7.056654,4.858318]]]}},{"type":"Feature","properties":{"h":3.0,"on_route":false},"geometry":{"type":"Polygon","coordinates":[[[7.056075,4.857433],[7.055853,4.857426],[7.055857,4.857324],[7.056078,4.857332],[7.056075,4.857433]]]}},{"type":"Feature","properties":{"h":3.0,"on_route":false},"geometry":{"type":"Polygon","coordinates":[[[7.056361,4.860137],[7.056358,4.860164],[7.056436,4.860171],[7.056432,4.860209],[7.056504,4.860215],[7.056505,4.8602],[7.056583,4.860207],[7.056575,4.860294],[7.056349,4.860274],[7.056352,4.860231],[7.056185,4.860217],[7.056194,4.860123],[7.056361,4.860137]]]}},{"type":"Feature","properties":{"h":3.0,"on_route":false},"geometry":{"type":"Polygon","coordinates":[[[7.056922,4.864379],[7.05686,4.864605],[7.056747,4.864574],[7.056809,4.864348],[7.056922,4.864379]]]}},{"type":"Feature","properties":{"h":3.0,"on_route":false},"geometry":{"type":"Polygon","coordinates":[[[7.054302,4.863644],[7.054297,4.863665],[7.054251,4.863653],[7.054257,4.863633],[7.054302,4.863644]]]}},{"type":"Feature","properties":{"h":3.0,"on_route":true},"geometry":{"type":"Polygon","coordinates":[[[7.056599,4.861913],[7.056593,4.861974],[7.056548,4.861969],[7.056554,4.861908],[7.056599,4.861913]]]}},{"type":"Feature","properties":{"h":3.0,"on_route":false},"geometry":{"type":"Polygon","coordinates":[[[7.054411,4.863039],[7.054266,4.863031],[7.05427,4.86294],[7.054298,4.862942],[7.0543,4.862901],[7.054345,4.862904],[7.054347,4.862871],[7.05442,4.862875],[7.054411,4.863039]]]}},{"type":"Feature","properties":{"h":3.0,"on_route":false},"geometry":{"type":"Polygon","coordinates":[[[7.057715,4.857428],[7.057686,4.857609],[7.057631,4.8576],[7.05766,4.857419],[7.057715,4.857428]]]}},{"type":"Feature","properties":{"h":3.0,"on_route":false},"geometry":{"type":"Polygon","coordinates":[[[7.055377,4.861318],[7.055331,4.861446],[7.055263,4.861421],[7.05531,4.861294],[7.055377,4.861318]]]}},{"type":"Feature","properties":{"h":3.0,"on_route":false},"geometry":{"type":"Polygon","coordinates":[[[7.059394,4.861759],[7.059353,4.861817],[7.05925,4.861744],[7.059291,4.861686],[7.059394,4.861759]]]}},{"type":"Feature","properties":{"h":3.0,"on_route":false},"geometry":{"type":"Polygon","coordinates":[[[7.057533,4.864481],[7.057532,4.864504],[7.057504,4.864503],[7.057504,4.864481],[7.057533,4.864481]]]}},{"type":"Feature","properties":{"h":3.0,"on_route":false},"geometry":{"type":"Polygon","coordinates":[[[7.053657,4.862855],[7.053576,4.862848],[7.053587,4.862706],[7.053668,4.862712],[7.053657,4.862855]]]}},{"type":"Feature","properties":{"h":3.0,"on_route":false},"geometry":{"type":"Polygon","coordinates":[[[7.055998,4.857009],[7.05585,4.857018],[7.055843,4.856918],[7.055991,4.856907],[7.055998,4.857009]]]}},{"type":"Feature","properties":{"h":3.0,"on_route":false},"geometry":{"type":"Polygon","coordinates":[[[7.055648,4.862705],[7.055638,4.862777],[7.055779,4.862797],[7.055769,4.862863],[7.055582,4.862836],[7.055602,4.862698],[7.055648,4.862705]]]}},{"type":"Feature","properties":{"h":3.0,"on_route":false},"geometry":{"type":"Polygon","coordinates":[[[7.055795,4.861548],[7.055788,4.861619],[7.055675,4.861608],[7.055682,4.861537],[7.055795,4.861548]]]}},{"type":"Feature","properties":{"h":3.0,"on_route":false},"geometry":{"type":"Polygon","coordinates":[[[7.054222,4.862606],[7.054221,4.862641],[7.054167,4.86264],[7.054168,4.862605],[7.054222,4.862606]]]}},{"type":"Feature","properties":{"h":3.0,"on_route":false},"geometry":{"type":"Polygon","coordinates":[[[7.056005,4.860249],[7.055987,4.86034],[7.05591,4.860326],[7.055928,4.860234],[7.056005,4.860249]]]}},{"type":"Feature","properties":{"h":3.0,"on_route":false},"geometry":{"type":"Polygon","coordinates":[[[7.05633,4.862898],[7.056315,4.863002],[7.056198,4.862985],[7.056213,4.86288],[7.05633,4.862898]]]}},{"type":"Feature","properties":{"h":3.0,"on_route":false},"geometry":{"type":"Polygon","coordinates":[[[7.05652,4.860486],[7.056503,4.86058],[7.05641,4.860562],[7.056427,4.860469],[7.05652,4.860486]]]}},{"type":"Feature","properties":{"h":3.0,"on_route":false},"geometry":{"type":"Polygon","coordinates":[[[7.058207,4.857887],[7.058213,4.857868],[7.058294,4.857892],[7.058289,4.85791],[7.058329,4.857922],[7.058287,4.858069],[7.058247,4.858058],[7.058241,4.85808],[7.058106,4.858041],[7.058112,4.858019],[7.058077,4.858009],[7.058085,4.857982],[7.058057,4.857974],[7.058073,4.857919],[7.0581,4.857926],[7.058119,4.857861],[7.058207,4.857887]]]}},{"type":"Feature","properties":{"h":3.0,"on_route":false},"geometry":{"type":"Polygon","coordinates":[[[7.057718,4.859502],[7.057714,4.859624],[7.057582,4.859619],[7.057584,4.859567],[7.057598,4.859568],[7.057601,4.859498],[7.057718,4.859502]]]}},{"type":"Feature","properties":{"h":3.0,"on_route":false},"geometry":{"type":"Polygon","coordinates":[[[7.057799,4.861851],[7.057745,4.861846],[7.057755,4.861733],[7.057809,4.861738],[7.057799,4.861851]]]}},{"type":"Feature","properties":{"h":3.0,"on_route":false},"geometry":{"type":"Polygon","coordinates":[[[7.054144,4.858213],[7.054134,4.858338],[7.054048,4.85833],[7.054059,4.858206],[7.054144,4.858213]]]}},{"type":"Feature","properties":{"h":3.0,"on_route":false},"geometry":{"type":"Polygon","coordinates":[[[7.055415,4.857992],[7.055398,4.858208],[7.055302,4.8582],[7.055319,4.857985],[7.055415,4.857992]]]}},{"type":"Feature","properties":{"h":3.0,"on_route":false},"geometry":{"type":"Polygon","coordinates":[[[7.057671,4.857887],[7.057676,4.857952],[7.057617,4.857957],[7.057614,4.857917],[7.057589,4.857919],[7.057587,4.857894],[7.057671,4.857887]]]}},{"type":"Feature","properties":{"h":3.0,"on_route":false},"geometry":{"type":"Polygon","coordinates":[[[7.058224,4.86102],[7.058165,4.861179],[7.058076,4.861146],[7.058135,4.860987],[7.058224,4.86102]]]}},{"type":"Feature","properties":{"h":3.0,"on_route":false},"geometry":{"type":"Polygon","coordinates":[[[7.058337,4.861857],[7.058469,4.861903],[7.058445,4.861971],[7.058367,4.861943],[7.058343,4.862016],[7.058287,4.861997],[7.058337,4.861857]]]}},{"type":"Feature","properties":{"h":3.0,"on_route":false},"geometry":{"type":"Polygon","coordinates":[[[7.056244,4.860853],[7.056246,4.860881],[7.056213,4.860884],[7.05621,4.860856],[7.056244,4.860853]]]}},{"type":"Feature","properties":{"h":3.0,"on_route":false},"geometry":{"type":"Polygon","coordinates":[[[7.054292,4.863659],[7.054263,4.863735],[7.054217,4.863717],[7.054246,4.863641],[7.054292,4.863659]]]}},{"type":"Feature","properties":{"h":3.0,"on_route":false},"geometry":{"type":"Polygon","coordinates":[[[7.05795,4.858436],[7.057959,4.858485],[7.057979,4.858481],[7.058002,4.858597],[7.057919,4.858614],[7.057912,4.85858],[7.057883,4.858585],[7.057858,4.858454],[7.05795,4.858436]]]}},{"type":"Feature","properties":{"h":3.0,"on_route":false},"geometry":{"type":"Polygon","coordinates":[[[7.056208,4.861863],[7.056205,4.861882],[7.056253,4.86189],[7.056218,4.862091],[7.056171,4.862082],[7.056196,4.861932],[7.056175,4.861928],[7.056187,4.861859],[7.056208,4.861863]]]}},{"type":"Feature","properties":{"h":3.0,"on_route":false},"geometry":{"type":"Polygon","coordinates":[[[7.059325,4.861321],[7.059309,4.861354],[7.05928,4.861339],[7.059295,4.861307],[7.059325,4.861321]]]}},{"type":"Feature","properties":{"h":3.0,"on_route":true},"geometry":{"type":"Polygon","coordinates":[[[7.058109,4.864458],[7.058083,4.864493],[7.057979,4.864416],[7.058005,4.864381],[7.058109,4.864458]]]}},{"type":"Feature","properties":{"h":3.0,"on_route":false},"geometry":{"type":"Polygon","coordinates":[[[7.055209,4.859158],[7.055036,4.859171],[7.055029,4.859069],[7.055202,4.859056],[7.055209,4.859158]]]}},{"type":"Feature","properties":{"h":3.0,"on_route":false},"geometry":{"type":"Polygon","coordinates":[[[7.059788,4.86068],[7.059879,4.860723],[7.059864,4.860755],[7.059772,4.860712],[7.059788,4.86068]]]}},{"type":"Feature","properties":{"h":3.0,"on_route":false},"geometry":{"type":"Polygon","coordinates":[[[7.056393,4.86202],[7.056371,4.862134],[7.056239,4.862108],[7.056261,4.861994],[7.056393,4.86202]]]}},{"type":"Feature","properties":{"h":3.0,"on_route":false},"geometry":{"type":"Polygon","coordinates":[[[7.057913,4.859153],[7.057905,4.859258],[7.057783,4.859248],[7.057786,4.859204],[7.057774,4.859203],[7.057779,4.859142],[7.057913,4.859153]]]}},{"type":"Feature","properties":{"h":3.0,"on_route":false},"geometry":{"type":"Polygon","coordinates":[[[7.059627,4.860517],[7.059604,4.860581],[7.059551,4.860562],[7.059574,4.860498],[7.059627,4.860517]]]}},{"type":"Feature","properties":{"h":3.0,"on_route":true},"geometry":{"type":"Polygon","coordinates":[[[7.05667,4.861865],[7.056663,4.861942],[7.056604,4.861936],[7.056605,4.861918],[7.056511,4.861909],[7.056516,4.86185],[7.05667,4.861865]]]}},{"type":"Feature","properties":{"h":3.0,"on_route":false},"geometry":{"type":"Polygon","coordinates":[[[7.05309,4.862094],[7.053085,4.862159],[7.052944,4.862148],[7.052949,4.862083],[7.05309,4.862094]]]}},{"type":"Feature","properties":{"h":3.0,"on_route":false},"geometry":{"type":"Polygon","coordinates":[[[7.056382,4.860695],[7.05638,4.860715],[7.05648,4.860724],[7.056477,4.860751],[7.056702,4.860771],[7.056698,4.86082],[7.056292,4.860784],[7.056301,4.860688],[7.056382,4.860695]]]}},{"type":"Feature","properties":{"h":3.0,"on_route":false},"geometry":{"type":"Polygon","coordinates":[[[7.056767,4.860638],[7.056758,4.860731],[7.056684,4.860724],[7.056693,4.860632],[7.056767,4.860638]]]}},{"type":"Feature","properties":{"h":3.0,"on_route":false},"geometry":{"type":"Polygon","coordinates":[[[7.055258,4.857427],[7.055137,4.857439],[7.055132,4.857389],[7.05506,4.857396],[7.055054,4.857341],[7.055248,4.857322],[7.055258,4.857427]]]}},{"type":"Feature","properties":{"h":3.0,"on_route":false},"geometry":{"type":"Polygon","coordinates":[[[7.05765,4.862467],[7.057644,4.862536],[7.057545,4.862528],[7.057552,4.862458],[7.05765,4.862467]]]}},{"type":"Feature","properties":{"h":3.0,"on_route":false},"geometry":{"type":"Polygon","coordinates":[[[7.053299,4.860186],[7.053295,4.860249],[7.053172,4.860242],[7.053176,4.860179],[7.053299,4.860186]]]}},{"type":"Feature","properties":{"h":3.0,"on_route":false},"geometry":{"type":"Polygon","coordinates":[[[7.053781,4.86002],[7.053799,4.860279],[7.053738,4.860284],[7.053726,4.860112],[7.053553,4.860124],[7.053552,4.860108],[7.053531,4.86011],[7.053526,4.860038],[7.053781,4.86002]]]}},{"type":"Feature","properties":{"h":3.0,"on_route":false},"geometry":{"type":"Polygon","coordinates":[[[7.053776,4.863252],[7.05374,4.863386],[7.053702,4.863375],[7.053713,4.863336],[7.053684,4.863328],[7.05371,4.863234],[7.053776,4.863252]]]}},{"type":"Feature","properties":{"h":3.0,"on_route":false},"geometry":{"type":"Polygon","coordinates":[[[7.059865,4.859103],[7.059838,4.859172],[7.059722,4.859127],[7.059749,4.859058],[7.059865,4.859103]]]}},{"type":"Feature","properties":{"h":3.0,"on_route":false},"geometry":{"type":"Polygon","coordinates":[[[7.054028,4.861617],[7.054169,4.861623],[7.054159,4.86185],[7.054017,4.861844],[7.054028,4.861617]]]}},{"type":"Feature","properties":{"h":3.0,"on_route":false},"geometry":{"type":"Polygon","coordinates":[[[7.05603,4.861223],[7.056008,4.861413],[7.055897,4.8614],[7.055919,4.86121],[7.05603,4.861223]]]}},{"type":"Feature","properties":{"h":3.0,"on_route":false},"geometry":{"type":"Polygon","coordinates":[[[7.055281,4.862786],[7.05528,4.86282],[7.055221,4.862819],[7.055222,4.862785],[7.055281,4.862786]]]}},{"type":"Feature","properties":{"h":3.0,"on_route":false},"geometry":{"type":"Polygon","coordinates":[[[7.05819,4.861392],[7.058174,4.86144],[7.058127,4.861425],[7.058142,4.861376],[7.05819,4.861392]]]}},{"type":"Feature","properties":{"h":3.0,"on_route":false},"geometry":{"type":"Polygon","coordinates":[[[7.056309,4.860227],[7.056305,4.86027],[7.056182,4.860259],[7.056185,4.860217],[7.056309,4.860227]]]}},{"type":"Feature","properties":{"h":3.0,"on_route":false},"geometry":{"type":"Polygon","coordinates":[[[7.057758,4.861746],[7.057733,4.861841],[7.057614,4.861811],[7.057639,4.861715],[7.057758,4.861746]]]}},{"type":"Feature","properties":{"h":3.0,"on_route":false},"geometry":{"type":"Polygon","coordinates":[[[7.058154,4.861453],[7.058086,4.861671],[7.058,4.861644],[7.058067,4.861426],[7.058154,4.861453]]]}},{"type":"Feature","properties":{"h":3.0,"on_route":false},"geometry":{"type":"Polygon","coordinates":[[[7.056327,4.862404],[7.056304,4.862512],[7.056157,4.862479],[7.056181,4.862372],[7.056327,4.862404]]]}},{"type":"Feature","properties":{"h":3.0,"on_route":false},"geometry":{"type":"Polygon","coordinates":[[[7.059071,4.859],[7.059044,4.859055],[7.058879,4.858972],[7.058908,4.858915],[7.059071,4.859]]]}},{"type":"Feature","properties":{"h":3.0,"on_route":false},"geometry":{"type":"Polygon","coordinates":[[[7.057493,4.861478],[7.05749,4.861514],[7.057522,4.861518],[7.057518,4.86156],[7.057381,4.861547],[7.057383,4.861518],[7.057368,4.861517],[7.057373,4.861466],[7.057493,4.861478]]]}},{"type":"Feature","properties":{"h":3.0,"on_route":false},"geometry":{"type":"Polygon","coordinates":[[[7.056246,4.858802],[7.056246,4.858827],[7.056194,4.858827],[7.056194,4.858802],[7.056246,4.858802]]]}},{"type":"Feature","properties":{"h":3.0,"on_route":false},"geometry":{"type":"Polygon","coordinates":[[[7.057323,4.865004],[7.057311,4.865061],[7.05726,4.865051],[7.057272,4.864994],[7.057323,4.865004]]]}},{"type":"Feature","properties":{"h":3.0,"on_route":false},"geometry":{"type":"Polygon","coordinates":[[[7.058074,4.857278],[7.058063,4.85732],[7.058016,4.857307],[7.058028,4.857265],[7.058074,4.857278]]]}},{"type":"Feature","properties":{"h":3.0,"on_route":false},"geometry":{"type":"Polygon","coordinates":[[[7.053268,4.859972],[7.053273,4.860049],[7.053134,4.860059],[7.053128,4.859982],[7.053268,4.859972]]]}},{"type":"Feature","properties":{"h":3.0,"on_route":false},"geometry":{"type":"Polygon","coordinates":[[[7.058916,4.860972],[7.058882,4.86102],[7.058763,4.860937],[7.058796,4.860889],[7.058916,4.860972]]]}},{"type":"Feature","properties":{"h":3.0,"on_route":false},"geometry":{"type":"Polygon","coordinates":[[[7.059398,4.858974],[7.059348,4.859097],[7.059261,4.859062],[7.059311,4.858939],[7.059398,4.858974]]]}},{"type":"Feature","properties":{"h":3.0,"on_route":false},"geometry":{"type":"Polygon","coordinates":[[[7.058339,4.858897],[7.058337,4.858951],[7.058267,4.858947],[7.058269,4.858894],[7.058339,4.858897]]]}},{"type":"Feature","properties":{"h":3.0,"on_route":false},"geometry":{"type":"Polygon","coordinates":[[[7.060718,4.859217],[7.060668,4.859353],[7.060553,4.859311],[7.060603,4.859175],[7.060718,4.859217]]]}},{"type":"Feature","properties":{"h":3.0,"on_route":false},"geometry":{"type":"Polygon","coordinates":[[[7.058031,4.862347],[7.057945,4.86235],[7.057943,4.862308],[7.057991,4.862307],[7.057989,4.862244],[7.058028,4.862242],[7.058031,4.862347]]]}},{"type":"Feature","properties":{"h":3.0,"on_route":false},"geometry":{"type":"Polygon","coordinates":[[[7.055511,4.858554],[7.055526,4.858641],[7.055456,4.858653],[7.055441,4.858566],[7.055511,4.858554]]]}},{"type":"Feature","properties":{"h":3.0,"on_route":false},"geometry":{"type":"Polygon","coordinates":[[[7.056693,4.856801],[7.056556,4.856818],[7.056549,4.856759],[7.056685,4.856742],[7.056693,4.856801]]]}},{"type":"Feature","properties":{"h":3.0,"on_route":false},"geometry":{"type":"Polygon","coordinates":[[[7.058864,4.86248],[7.058837,4.862516],[7.058807,4.862493],[7.058834,4.862457],[7.058864,4.86248]]]}},{"type":"Feature","properties":{"h":3.0,"on_route":false},"geometry":{"type":"Polygon","coordinates":[[[7.055995,4.862435],[7.055985,4.862548],[7.055883,4.862539],[7.055892,4.862426],[7.055995,4.862435]]]}},{"type":"Feature","properties":{"h":3.0,"on_route":false},"geometry":{"type":"Polygon","coordinates":[[[7.056577,4.856985],[7.056477,4.856997],[7.056461,4.856864],[7.05656,4.856851],[7.056577,4.856985]]]}},{"type":"Feature","properties":{"h":3.0,"on_route":false},"geometry":{"type":"Polygon","coordinates":[[[7.056455,4.860999],[7.056443,4.861133],[7.056343,4.861124],[7.056355,4.86099],[7.056455,4.860999]]]}},{"type":"Feature","properties":{"h":3.0,"on_route":false},"geometry":{"type":"Polygon","coordinates":[[[7.057229,4.858414],[7.057232,4.858485],[7.057136,4.85849],[7.057132,4.858418],[7.057229,4.858414]]]}},{"type":"Feature","properties":{"h":3.0,"on_route":false},"geometry":{"type":"Polygon","coordinates":[[[7.056207,4.862223],[7.056183,4.862291],[7.056137,4.862275],[7.056161,4.862207],[7.056207,4.862223]]]}},{"type":"Feature","properties":{"h":3.0,"on_route":false},"geometry":{"type":"Polygon","coordinates":[[[7.057948,4.859634],[7.057904,4.859635],[7.057905,4.859676],[7.057989,4.859674],[7.057992,4.859765],[7.057808,4.859771],[7.057804,4.859638],[7.057712,4.859641],[7.057709,4.859534],[7.057945,4.859528],[7.057948,4.859634]]]}},{"type":"Feature","properties":{"h":3.0,"on_route":false},"geometry":{"type":"Polygon","coordinates":[[[7.055115,4.858414],[7.055087,4.858621],[7.055022,4.858612],[7.05505,4.858405],[7.055115,4.858414]]]}},{"type":"Feature","properties":{"h":3.0,"on_route":false},"geometry":{"type":"Polygon","coordinates":[[[7.060278,4.860983],[7.060158,4.861283],[7.060082,4.861252],[7.060202,4.860952],[7.060278,4.860983]]]}},{"type":"Feature","properties":{"h":3.0,"on_route":false},"geometry":{"type":"Polygon","coordinates":[[[7.05438,4.858066],[7.054364,4.858172],[7.054166,4.858143],[7.054182,4.858037],[7.05438,4.858066]]]}},{"type":"Feature","properties":{"h":3.0,"on_route":false},"geometry":{"type":"Polygon","coordinates":[[[7.053986,4.861494],[7.053985,4.861541],[7.053939,4.86154],[7.05394,4.861493],[7.053986,4.861494]]]}},{"type":"Feature","properties":{"h":3.0,"on_route":false},"geometry":{"type":"Polygon","coordinates":[[[7.054034,4.862743],[7.053943,4.86275],[7.053935,4.862636],[7.054026,4.86263],[7.054034,4.862743]]]}},{"type":"Feature","properties":{"h":3.0,"on_route":false},"geometry":{"type":"Polygon","coordinates":[[[7.057554,4.859985],[7.05743,4.860006],[7.057419,4.85994],[7.057544,4.859919],[7.057554,4.859985]]]}},{"type":"Feature","properties":{"h":3.0,"on_route":false},"geometry":{"type":"Polygon","coordinates":[[[7.057673,4.857449],[7.057529,4.857447],[7.057531,4.857325],[7.057675,4.857328],[7.057673,4.857449]]]}},{"type":"Feature","properties":{"h":3.0,"on_route":false},"geometry":{"type":"Polygon","coordinates":[[[7.055902,4.863207],[7.055896,4.863258],[7.055846,4.863252],[7.055852,4.8632],[7.055902,4.863207]]]}},{"type":"Feature","properties":{"h":3.0,"on_route":false},"geometry":{"type":"Polygon","coordinates":[[[7.057615,4.862969],[7.057599,4.863025],[7.057556,4.863013],[7.057572,4.862957],[7.057615,4.862969]]]}},{"type":"Feature","properties":{"h":3.0,"on_route":false},"geometry":{"type":"Polygon","coordinates":[[[7.059655,4.860942],[7.059626,4.860984],[7.059506,4.8609],[7.059535,4.860858],[7.059655,4.860942]]]}},{"type":"Feature","properties":{"h":3.0,"on_route":false},"geometry":{"type":"Polygon","coordinates":[[[7.058723,4.862923],[7.058822,4.863065],[7.058787,4.86309],[7.058688,4.862947],[7.058723,4.862923]]]}},{"type":"Feature","properties":{"h":3.0,"on_route":false},"geometry":{"type":"Polygon","coordinates":[[[7.054356,4.859167],[7.05434,4.859269],[7.054106,4.859231],[7.054123,4.859129],[7.054356,4.859167]]]}},{"type":"Feature","properties":{"h":3.0,"on_route":false},"geometry":{"type":"Polygon","coordinates":[[[7.058389,4.863792],[7.058359,4.863843],[7.058241,4.863773],[7.058271,4.863723],[7.058389,4.863792]]]}},{"type":"Feature","properties":{"h":3.0,"on_route":false},"geometry":{"type":"Polygon","coordinates":[[[7.055029,4.86087],[7.054943,4.860885],[7.054927,4.860791],[7.055013,4.860776],[7.055029,4.86087]]]}},{"type":"Feature","properties":{"h":3.0,"on_route":false},"geometry":{"type":"Polygon","coordinates":[[[7.0548,4.862118],[7.054672,4.862143],[7.054653,4.862044],[7.054781,4.862019],[7.0548,4.862118]]]}},{"type":"Feature","properties":{"h":3.0,"on_route":false},"geometry":{"type":"Polygon","coordinates":[[[7.055604,4.860337],[7.055555,4.860329],[7.055552,4.86035],[7.05549,4.86034],[7.055493,4.86032],[7.055471,4.860316],[7.05548,4.860258],[7.055564,4.860271],[7.055567,4.860249],[7.055617,4.860256],[7.055604,4.860337]]]}},{"type":"Feature","properties":{"h":3.0,"on_route":false},"geometry":{"type":"Polygon","coordinates":[[[7.053592,4.86226],[7.053589,4.862297],[7.053517,4.862291],[7.05352,4.862254],[7.053592,4.86226]]]}},{"type":"Feature","properties":{"h":3.0,"on_route":false},"geometry":{"type":"Polygon","coordinates":[[[7.059046,4.859275],[7.059011,4.859323],[7.058958,4.859285],[7.058993,4.859237],[7.059046,4.859275]]]}},{"type":"Feature","properties":{"h":3.0,"on_route":false},"geometry":{"type":"Polygon","coordinates":[[[7.056022,4.862842],[7.056016,4.862891],[7.05597,4.862886],[7.055976,4.862837],[7.056022,4.862842]]]}},{"type":"Feature","properties":{"h":3.0,"on_route":false},"geometry":{"type":"Polygon","coordinates":[[[7.05486,4.864539],[7.054772,4.864589],[7.054683,4.864431],[7.054771,4.864381],[7.05486,4.864539]]]}},{"type":"Feature","properties":{"h":3.0,"on_route":false},"geometry":{"type":"Polygon","coordinates":[[[7.059133,4.859835],[7.059089,4.859907],[7.058962,4.85983],[7.059006,4.859758],[7.059133,4.859835]]]}},{"type":"Feature","properties":{"h":3.0,"on_route":false},"geometry":{"type":"Polygon","coordinates":[[[7.05772,4.85988],[7.057588,4.859902],[7.057572,4.859803],[7.057703,4.859781],[7.05772,4.85988]]]}},{"type":"Feature","properties":{"h":3.0,"on_route":false},"geometry":{"type":"Polygon","coordinates":[[[7.057889,4.861721],[7.057887,4.861746],[7.057832,4.861741],[7.057834,4.861716],[7.057889,4.861721]]]}},{"type":"Feature","properties":{"h":3.0,"on_route":false},"geometry":{"type":"Polygon","coordinates":[[[7.057474,4.861335],[7.057473,4.861443],[7.057439,4.861443],[7.057441,4.861335],[7.057474,4.861335]]]}},{"type":"Feature","properties":{"h":3.0,"on_route":false},"geometry":{"type":"Polygon","coordinates":[[[7.056711,4.858494],[7.056717,4.858555],[7.05663,4.858564],[7.056624,4.858503],[7.056711,4.858494]]]}},{"type":"Feature","properties":{"h":3.0,"on_route":false},"geometry":{"type":"Polygon","coordinates":[[[7.05842,4.86103],[7.058407,4.86107],[7.058366,4.861057],[7.058379,4.861017],[7.05842,4.86103]]]}},{"type":"Feature","properties":{"h":3.0,"on_route":false},"geometry":{"type":"Polygon","coordinates":[[[7.056095,4.862011],[7.056089,4.862072],[7.056039,4.862067],[7.056045,4.862006],[7.056095,4.862011]]]}},{"type":"Feature","properties":{"h":3.0,"on_route":false},"geometry":{"type":"Polygon","coordinates":[[[7.054709,4.861534],[7.054598,4.861541],[7.054587,4.861375],[7.054698,4.861368],[7.054709,4.861534]]]}},{"type":"Feature","properties":{"h":3.0,"on_route":false},"geometry":{"type":"Polygon","coordinates":[[[7.052741,4.862507],[7.052744,4.862461],[7.052927,4.862475],[7.052917,4.862599],[7.052757,4.862586],[7.052759,4.862559],[7.052704,4.862554],[7.052707,4.862505],[7.052741,4.862507]]]}},{"type":"Feature","properties":{"h":3.0,"on_route":false},"geometry":{"type":"Polygon","coordinates":[[[7.059284,4.857949],[7.059272,4.857976],[7.059244,4.857963],[7.059256,4.857937],[7.059284,4.857949]]]}},{"type":"Feature","properties":{"h":3.0,"on_route":false},"geometry":{"type":"Polygon","coordinates":[[[7.056275,4.860686],[7.056266,4.860781],[7.056209,4.860776],[7.056218,4.860681],[7.056275,4.860686]]]}},{"type":"Feature","properties":{"h":3.0,"on_route":false},"geometry":{"type":"Polygon","coordinates":[[[7.055848,4.861417],[7.055843,4.861463],[7.055674,4.861444],[7.055679,4.861398],[7.055848,4.861417]]]}},{"type":"Feature","properties":{"h":3.0,"on_route":false},"geometry":{"type":"Polygon","coordinates":[[[7.054619,4.860264],[7.054559,4.860277],[7.054555,4.860259],[7.054616,4.860247],[7.054619,4.860264]]]}},{"type":"Feature","properties":{"h":3.0,"on_route":false},"geometry":{"type":"Polygon","coordinates":[[[7.058034,4.858238],[7.057953,4.858243],[7.057949,4.858199],[7.058031,4.858193],[7.058034,4.858238]]]}},{"type":"Feature","properties":{"h":3.0,"on_route":false},"geometry":{"type":"Polygon","coordinates":[[[7.058573,4.857515],[7.058542,4.857598],[7.058407,4.857547],[7.058439,4.857464],[7.058573,4.857515]]]}},{"type":"Feature","properties":{"h":3.0,"on_route":false},"geometry":{"type":"Polygon","coordinates":[[[7.056129,4.85709],[7.056043,4.857096],[7.05604,4.857056],[7.056126,4.857049],[7.056129,4.85709]]]}},{"type":"Feature","properties":{"h":3.0,"on_route":false},"geometry":{"type":"Polygon","coordinates":[[[7.056183,4.861697],[7.056177,4.86179],[7.056116,4.861786],[7.056122,4.861693],[7.056183,4.861697]]]}},{"type":"Feature","properties":{"h":3.0,"on_route":false},"geometry":{"type":"Polygon","coordinates":[[[7.058355,4.858568],[7.058374,4.858775],[7.058399,4.858773],[7.058403,4.858817],[7.058311,4.858824],[7.058293,4.85862],[7.058267,4.858622],[7.058263,4.858576],[7.058355,4.858568]]]}},{"type":"Feature","properties":{"h":3.0,"on_route":true},"geometry":{"type":"Polygon","coordinates":[[[7.057356,4.862107],[7.057345,4.862222],[7.057245,4.862213],[7.057256,4.862098],[7.057356,4.862107]]]}},{"type":"Feature","properties":{"h":3.0,"on_route":false},"geometry":{"type":"Polygon","coordinates":[[[7.056174,4.861133],[7.056162,4.861241],[7.05614,4.861239],[7.056143,4.861213],[7.056015,4.8612],[7.056024,4.861117],[7.056174,4.861133]]]}},{"type":"Feature","properties":{"h":3.0,"on_route":false},"geometry":{"type":"Polygon","coordinates":[[[7.055424,4.860383],[7.055411,4.860506],[7.055329,4.860498],[7.055336,4.860436],[7.055359,4.860438],[7.055366,4.860377],[7.055424,4.860383]]]}},{"type":"Feature","properties":{"h":3.0,"on_route":false},"geometry":{"type":"Polygon","coordinates":[[[7.055369,4.862089],[7.055293,4.862107],[7.055285,4.862072],[7.05536,4.862054],[7.055369,4.862089]]]}},{"type":"Feature","properties":{"h":3.0,"on_route":false},"geometry":{"type":"Polygon","coordinates":[[[7.056277,4.863007],[7.056266,4.863052],[7.056111,4.863016],[7.056121,4.862971],[7.056277,4.863007]]]}},{"type":"Feature","properties":{"h":3.0,"on_route":false},"geometry":{"type":"Polygon","coordinates":[[[7.059788,4.860272],[7.059738,4.860236],[7.059804,4.860145],[7.059854,4.860181],[7.059788,4.860272]]]}},{"type":"Feature","properties":{"h":3.0,"on_route":false},"geometry":{"type":"Polygon","coordinates":[[[7.055286,4.860099],[7.055242,4.86011],[7.055209,4.859977],[7.055253,4.859967],[7.055286,4.860099]]]}},{"type":"Feature","properties":{"h":3.0,"on_route":true},"geometry":{"type":"Polygon","coordinates":[[[7.056438,4.861714],[7.056424,4.861855],[7.05639,4.861851],[7.056376,4.861989],[7.056261,4.861977],[7.056275,4.86184],[7.056173,4.861829],[7.056187,4.861689],[7.056438,4.861714]]]}},{"type":"Feature","properties":{"h":3.0,"on_route":false},"geometry":{"type":"Polygon","coordinates":[[[7.057574,4.856829],[7.057508,4.856807],[7.057566,4.856632],[7.057632,4.856654],[7.057574,4.856829]]]}},{"type":"Feature","properties":{"h":3.0,"on_route":false},"geometry":{"type":"Polygon","coordinates":[[[7.057866,4.862729],[7.057859,4.862813],[7.057778,4.862807],[7.057785,4.862723],[7.057866,4.862729]]]}},{"type":"Feature","properties":{"h":3.0,"on_route":false},"geometry":{"type":"Polygon","coordinates":[[[7.057635,4.857599],[7.057625,4.857658],[7.057577,4.857649],[7.057587,4.857591],[7.057635,4.857599]]]}},{"type":"Feature","properties":{"h":3.0,"on_route":false},"geometry":{"type":"Polygon","coordinates":[[[7.057717,4.859397],[7.057717,4.85949],[7.057593,4.85949],[7.057593,4.859396],[7.057717,4.859397]]]}},{"type":"Feature","properties":{"h":3.0,"on_route":false},"geometry":{"type":"Polygon","coordinates":[[[7.0556,4.862099],[7.055386,4.862174],[7.05536,4.862099],[7.055573,4.862023],[7.0556,4.862099]]]}},{"type":"Feature","properties":{"h":3.0,"on_route":false},"geometry":{"type":"Polygon","coordinates":[[[7.054512,4.862478],[7.054451,4.862486],[7.05444,4.862401],[7.054501,4.862393],[7.054512,4.862478]]]}},{"type":"Feature","properties":{"h":3.0,"on_route":false},"geometry":{"type":"Polygon","coordinates":[[[7.055662,4.861077],[7.055649,4.861159],[7.055589,4.861149],[7.055602,4.861066],[7.055662,4.861077]]]}},{"type":"Feature","properties":{"h":3.0,"on_route":false},"geometry":{"type":"Polygon","coordinates":[[[7.055288,4.860889],[7.055077,4.860929],[7.055045,4.860764],[7.055256,4.860723],[7.055288,4.860889]]]}},{"type":"Feature","properties":{"h":3.0,"on_route":false},"geometry":{"type":"Polygon","coordinates":[[[7.057335,4.858879],[7.057334,4.858969],[7.057296,4.858969],[7.057297,4.858879],[7.057335,4.858879]]]}},{"type":"Feature","properties":{"h":3.0,"on_route":false},"geometry":{"type":"Polygon","coordinates":[[[7.055092,4.859962],[7.055031,4.859977],[7.055007,4.859881],[7.055068,4.859866],[7.055092,4.859962]]]}},{"type":"Feature","properties":{"h":3.0,"on_route":false},"geometry":{"type":"Polygon","coordinates":[[[7.056134,4.863068],[7.05626,4.863098],[7.056261,4.863094],[7.056352,4.863116],[7.056342,4.86316],[7.056291,4.863148],[7.056276,4.863212],[7.056109,4.863171],[7.056134,4.863068]]]}},{"type":"Feature","properties":{"h":3.0,"on_route":false},"geometry":{"type":"Polygon","coordinates":[[[7.056777,4.857222],[7.05668,4.85724],[7.056652,4.857093],[7.056749,4.857075],[7.056777,4.857222]]]}},{"type":"Feature","properties":{"h":3.0,"on_route":false},"geometry":{"type":"Polygon","coordinates":[[[7.058857,4.859942],[7.058828,4.860007],[7.058782,4.859987],[7.058811,4.859922],[7.058857,4.859942]]]}},{"type":"Feature","properties":{"h":3.0,"on_route":false},"geometry":{"type":"Polygon","coordinates":[[[7.059168,4.859225],[7.059146,4.859264],[7.059074,4.859223],[7.059095,4.859184],[7.059168,4.859225]]]}},{"type":"Feature","properties":{"h":3.0,"on_route":false},"geometry":{"type":"Polygon","coordinates":[[[7.053583,4.860122],[7.053586,4.860162],[7.053606,4.860161],[7.053615,4.860292],[7.053732,4.860284],[7.053735,4.860328],[7.053802,4.860323],[7.053807,4.860395],[7.053574,4.860411],[7.053553,4.860124],[7.053583,4.860122]]]}},{"type":"Feature","properties":{"h":3.0,"on_route":false},"geometry":{"type":"Polygon","coordinates":[[[7.055057,4.858067],[7.055048,4.858125],[7.054895,4.858101],[7.054904,4.858043],[7.055057,4.858067]]]}},{"type":"Feature","properties":{"h":3.0,"on_route":false},"geometry":{"type":"Polygon","coordinates":[[[7.05425,4.861143],[7.054192,4.861148],[7.054185,4.861063],[7.054243,4.861058],[7.05425,4.861143]]]}},{"type":"Feature","properties":{"h":3.0,"on_route":false},"geometry":{"type":"Polygon","coordinates":[[[7.054326,4.862568],[7.054262,4.862584],[7.054255,4.862554],[7.054161,4.862578],[7.054138,4.862488],[7.054295,4.862448],[7.054326,4.862568]]]}},{"type":"Feature","properties":{"h":3.0,"on_route":false},"geometry":{"type":"Polygon","coordinates":[[[7.05781,4.864365],[7.057776,4.864354],[7.057766,4.864388],[7.057726,4.864376],[7.057755,4.864279],[7.057829,4.864302],[7.05781,4.864365]]]}},{"type":"Feature","properties":{"h":3.0,"on_route":false},"geometry":{"type":"Polygon","coordinates":[[[7.053671,4.861623],[7.05367,4.861695],[7.053606,4.861693],[7.053608,4.861621],[7.053671,4.861623]]]}},{"type":"Feature","properties":{"h":3.0,"on_route":true},"geometry":{"type":"Polygon","coordinates":[[[7.057394,4.863584],[7.05738,4.863558],[7.057487,4.863502],[7.057501,4.863528],[7.057394,4.863584]]]}},{"type":"Feature","properties":{"h":3.0,"on_route":false},"geometry":{"type":"Polygon","coordinates":[[[7.055776,4.863126],[7.055756,4.863204],[7.055606,4.863164],[7.055626,4.863086],[7.055776,4.863126]]]}},{"type":"Feature","properties":{"h":3.0,"on_route":false},"geometry":{"type":"Polygon","coordinates":[[[7.053275,4.860851],[7.053277,4.860923],[7.053189,4.860925],[7.053187,4.860853],[7.053275,4.860851]]]}},{"type":"Feature","properties":{"h":3.0,"on_route":false},"geometry":{"type":"Polygon","coordinates":[[[7.055624,4.860987],[7.055711,4.861001],[7.055714,4.860982],[7.055848,4.861003],[7.055836,4.861083],[7.055615,4.861048],[7.055624,4.860987]]]}},{"type":"Feature","properties":{"h":3.0,"on_route":false},"geometry":{"type":"Polygon","coordinates":[[[7.059083,4.864738],[7.059072,4.864754],[7.058963,4.864901],[7.058901,4.864854],[7.058883,4.864878],[7.058699,4.864741],[7.058837,4.864555],[7.059083,4.864738]]]}},{"type":"Feature","properties":{"h":3.0,"on_route":false},"geometry":{"type":"Polygon","coordinates":[[[7.057993,4.860423],[7.057969,4.860503],[7.057927,4.86049],[7.057951,4.86041],[7.057993,4.860423]]]}},{"type":"Feature","properties":{"h":3.0,"on_route":false},"geometry":{"type":"Polygon","coordinates":[[[7.055168,4.862893],[7.055164,4.862954],[7.055135,4.862952],[7.055139,4.862891],[7.055168,4.862893]]]}},{"type":"Feature","properties":{"h":3.0,"on_route":false},"geometry":{"type":"Polygon","coordinates":[[[7.054192,4.861377],[7.054194,4.861418],[7.054037,4.861425],[7.054035,4.861384],[7.054192,4.861377]]]}},{"type":"Feature","properties":{"h":3.0,"on_route":false},"geometry":{"type":"Polygon","coordinates":[[[7.055062,4.862336],[7.055067,4.862416],[7.054955,4.862423],[7.05495,4.862343],[7.055062,4.862336]]]}},{"type":"Feature","properties":{"h":3.0,"on_route":false},"geometry":{"type":"Polygon","coordinates":[[[7.058056,4.857851],[7.058079,4.85786],[7.058029,4.857997],[7.057947,4.857967],[7.058009,4.857797],[7.058068,4.857819],[7.058056,4.857851]]]}},{"type":"Feature","properties":{"h":3.0,"on_route":false},"geometry":{"type":"Polygon","coordinates":[[[7.060495,4.862122],[7.060396,4.862192],[7.06036,4.862141],[7.060459,4.86207],[7.060495,4.862122]]]}},{"type":"Feature","properties":{"h":3.0,"on_route":false},"geometry":{"type":"Polygon","coordinates":[[[7.0558,4.863718],[7.055765,4.863822],[7.055658,4.863786],[7.055693,4.863682],[7.0558,4.863718]]]}},{"type":"Feature","properties":{"h":3.0,"on_route":false},"geometry":{"type":"Polygon","coordinates":[[[7.055626,4.864895],[7.055502,4.864887],[7.055507,4.864798],[7.055632,4.864806],[7.055626,4.864895]]]}},{"type":"Feature","properties":{"h":3.0,"on_route":false},"geometry":{"type":"Polygon","coordinates":[[[7.058208,4.860514],[7.058215,4.860478],[7.058349,4.860505],[7.058329,4.860609],[7.058281,4.8606],[7.058286,4.860574],[7.058254,4.860568],[7.058246,4.86061],[7.058167,4.860594],[7.058183,4.860509],[7.058208,4.860514]]]}},{"type":"Feature","properties":{"h":3.0,"on_route":false},"geometry":{"type":"Polygon","coordinates":[[[7.054668,4.862161],[7.054529,4.862194],[7.054512,4.86212],[7.054651,4.862088],[7.054668,4.862161]]]}},{"type":"Feature","properties":{"h":3.0,"on_route":false},"geometry":{"type":"Polygon","coordinates":[[[7.059616,4.860741],[7.059594,4.86078],[7.05955,4.860755],[7.059571,4.860716],[7.059616,4.860741]]]}},{"type":"Feature","properties":{"h":3.0,"on_route":false},"geometry":{"type":"Polygon","coordinates":[[[7.059656,4.862556],[7.059638,4.862533],[7.059727,4.862463],[7.059745,4.862486],[7.059656,4.862556]]]}},{"type":"Feature","properties":{"h":3.0,"on_route":false},"geometry":{"type":"Polygon","coordinates":[[[7.053437,4.861671],[7.053434,4.86173],[7.053308,4.861723],[7.053311,4.861664],[7.053437,4.861671]]]}},{"type":"Feature","properties":{"h":3.0,"on_route":false},"geometry":{"type":"Polygon","coordinates":[[[7.053865,4.863243],[7.053795,4.863225],[7.053873,4.862914],[7.053943,4.862931],[7.053865,4.863243]]]}},{"type":"Feature","properties":{"h":3.0,"on_route":false},"geometry":{"type":"Polygon","coordinates":[[[7.057781,4.858532],[7.057774,4.858635],[7.057589,4.858624],[7.057595,4.858521],[7.057781,4.858532]]]}},{"type":"Feature","properties":{"h":3.0,"on_route":false},"geometry":{"type":"Polygon","coordinates":[[[7.053826,4.860446],[7.053816,4.86067],[7.053737,4.860666],[7.053748,4.860442],[7.053826,4.860446]]]}},{"type":"Feature","properties":{"h":3.0,"on_route":false},"geometry":{"type":"Polygon","coordinates":[[[7.059089,4.857727],[7.059044,4.857828],[7.05895,4.857785],[7.058995,4.857685],[7.059089,4.857727]]]}},{"type":"Feature","properties":{"h":3.0,"on_route":true},"geometry":{"type":"Polygon","coordinates":[[[7.058037,4.863924],[7.057988,4.863905],[7.057968,4.863956],[7.057909,4.863933],[7.057974,4.863761],[7.058083,4.863803],[7.058037,4.863924]]]}},{"type":"Feature","properties":{"h":3.0,"on_route":false},"geometry":{"type":"Polygon","coordinates":[[[7.053228,4.861296],[7.053125,4.861308],[7.053084,4.860961],[7.053188,4.860949],[7.053228,4.861296]]]}},{"type":"Feature","properties":{"h":3.0,"on_route":false},"geometry":{"type":"Polygon","coordinates":[[[7.056728,4.864991],[7.056704,4.865111],[7.056587,4.865087],[7.056612,4.864967],[7.056728,4.864991]]]}},{"type":"Feature","properties":{"h":3.0,"on_route":false},"geometry":{"type":"Polygon","coordinates":[[[7.056887,4.859585],[7.056885,4.859638],[7.056782,4.859633],[7.056784,4.85958],[7.056887,4.859585]]]}},{"type":"Feature","properties":{"h":3.0,"on_route":false},"geometry":{"type":"Polygon","coordinates":[[[7.060813,4.860065],[7.060748,4.860144],[7.060699,4.860103],[7.060764,4.860024],[7.060813,4.860065]]]}},{"type":"Feature","properties":{"h":3.0,"on_route":false},"geometry":{"type":"Polygon","coordinates":[[[7.055039,4.859475],[7.055117,4.859474],[7.055118,4.859569],[7.05504,4.859569],[7.055041,4.859785],[7.054942,4.859786],[7.054939,4.859265],[7.055037,4.859264],[7.055039,4.859475]]]}},{"type":"Feature","properties":{"h":3.0,"on_route":false},"geometry":{"type":"Polygon","coordinates":[[[7.055565,4.860351],[7.055606,4.860356],[7.055593,4.860491],[7.055535,4.860485],[7.055545,4.860396],[7.055461,4.860387],[7.055465,4.860341],[7.055565,4.860351]]]}},{"type":"Feature","properties":{"h":3.0,"on_route":false},"geometry":{"type":"Polygon","coordinates":[[[7.057493,4.863925],[7.05742,4.864034],[7.05729,4.863946],[7.057363,4.863837],[7.057493,4.863925]]]}},{"type":"Feature","properties":{"h":3.0,"on_route":false},"geometry":{"type":"Polygon","coordinates":[[[7.055991,4.858577],[7.055919,4.858589],[7.055896,4.85844],[7.055968,4.858429],[7.055991,4.858577]]]}},{"type":"Feature","properties":{"h":3.0,"on_route":false},"geometry":{"type":"Polygon","coordinates":[[[7.057632,4.85967],[7.057625,4.859742],[7.057541,4.859733],[7.057548,4.859661],[7.057632,4.85967]]]}},{"type":"Feature","properties":{"h":3.0,"on_route":false},"geometry":{"type":"Polygon","coordinates":[[[7.05849,4.862706],[7.058451,4.862731],[7.058381,4.862623],[7.05842,4.862598],[7.05849,4.862706]]]}},{"type":"Feature","properties":{"h":3.0,"on_route":false},"geometry":{"type":"Polygon","coordinates":[[[7.058355,4.86177],[7.058349,4.861808],[7.058296,4.861799],[7.058302,4.861761],[7.058355,4.86177]]]}},{"type":"Feature","properties":{"h":3.0,"on_route":false},"geometry":{"type":"Polygon","coordinates":[[[7.056461,4.862817],[7.056445,4.862895],[7.056329,4.86287],[7.056345,4.862792],[7.056461,4.862817]]]}},{"type":"Feature","properties":{"h":3.0,"on_route":false},"geometry":{"type":"Polygon","coordinates":[[[7.05737,4.859841],[7.057364,4.85994],[7.057412,4.859943],[7.057407,4.860048],[7.057278,4.860041],[7.057289,4.859837],[7.05737,4.859841]]]}},{"type":"Feature","properties":{"h":3.0,"on_route":false},"geometry":{"type":"Polygon","coordinates":[[[7.056184,4.860086],[7.055985,4.860079],[7.055992,4.859898],[7.05619,4.859905],[7.056184,4.860086]]]}},{"type":"Feature","properties":{"h":3.0,"on_route":false},"geometry":{"type":"Polygon","coordinates":[[[7.054161,4.863459],[7.054129,4.863559],[7.054045,4.863533],[7.054077,4.863432],[7.054161,4.863459]]]}},{"type":"Feature","properties":{"h":3.0,"on_route":false},"geometry":{"type":"Polygon","coordinates":[[[7.05985,4.858002],[7.059812,4.858107],[7.059766,4.85809],[7.059804,4.857985],[7.05985,4.858002]]]}},{"type":"Feature","properties":{"h":3.0,"on_route":false},"geometry":{"type":"Polygon","coordinates":[[[7.058854,4.863156],[7.058808,4.863113],[7.058896,4.863019],[7.058942,4.863062],[7.058854,4.863156]]]}},{"type":"Feature","properties":{"h":3.0,"on_route":false},"geometry":{"type":"Polygon","coordinates":[[[7.053228,4.859793],[7.053222,4.859891],[7.053127,4.859884],[7.053134,4.859787],[7.053228,4.859793]]]}},{"type":"Feature","properties":{"h":3.0,"on_route":false},"geometry":{"type":"Polygon","coordinates":[[[7.060254,4.859591],[7.060191,4.859668],[7.060145,4.859631],[7.060208,4.859554],[7.060254,4.859591]]]}},{"type":"Feature","properties":{"h":3.0,"on_route":false},"geometry":{"type":"Polygon","coordinates":[[[7.057323,4.861651],[7.057435,4.861683],[7.057422,4.861728],[7.05731,4.861695],[7.057323,4.861651]]]}},{"type":"Feature","properties":{"h":3.0,"on_route":false},"geometry":{"type":"Polygon","coordinates":[[[7.058162,4.857207],[7.058127,4.857301],[7.058026,4.857262],[7.058061,4.857168],[7.058162,4.857207]]]}},{"type":"Feature","properties":{"h":3.0,"on_route":false},"geometry":{"type":"Polygon","coordinates":[[[7.055629,4.86473],[7.05538,4.86484],[7.055348,4.864768],[7.055598,4.864658],[7.055629,4.86473]]]}},{"type":"Feature","properties":{"h":3.0,"on_route":false},"geometry":{"type":"Polygon","coordinates":[[[7.053177,4.862771],[7.05317,4.862886],[7.053063,4.862879],[7.053061,4.862905],[7.053009,4.862902],[7.053011,4.862876],[7.052932,4.862871],[7.052939,4.862757],[7.053177,4.862771]]]}},{"type":"Feature","properties":{"h":3.0,"on_route":false},"geometry":{"type":"Polygon","coordinates":[[[7.055829,4.860535],[7.055809,4.860705],[7.055652,4.860687],[7.055658,4.860629],[7.055693,4.860633],[7.0557,4.860569],[7.055666,4.860565],[7.055672,4.860517],[7.055829,4.860535]]]}},{"type":"Feature","properties":{"h":3.0,"on_route":false},"geometry":{"type":"Polygon","coordinates":[[[7.057759,4.861624],[7.05768,4.861624],[7.05768,4.861509],[7.05776,4.861509],[7.057759,4.861624]]]}},{"type":"Feature","properties":{"h":3.0,"on_route":false},"geometry":{"type":"Polygon","coordinates":[[[7.058706,4.860031],[7.058688,4.860073],[7.058552,4.860015],[7.05857,4.859973],[7.058706,4.860031]]]}},{"type":"Feature","properties":{"h":3.0,"on_route":false},"geometry":{"type":"Polygon","coordinates":[[[7.054959,4.864501],[7.054914,4.864522],[7.054893,4.864477],[7.054938,4.864456],[7.054959,4.864501]]]}},{"type":"Feature","properties":{"h":3.0,"on_route":false},"geometry":{"type":"Polygon","coordinates":[[[7.053141,4.863042],[7.053132,4.863173],[7.053082,4.86317],[7.053091,4.863039],[7.053141,4.863042]]]}},{"type":"Feature","properties":{"h":3.0,"on_route":false},"geometry":{"type":"Polygon","coordinates":[[[7.055452,4.860725],[7.055441,4.860808],[7.055342,4.860795],[7.055353,4.860711],[7.055452,4.860725]]]}},{"type":"Feature","properties":{"h":3.0,"on_route":false},"geometry":{"type":"Polygon","coordinates":[[[7.05365,4.861032],[7.053654,4.86113],[7.053463,4.861137],[7.05346,4.861039],[7.05365,4.861032]]]}},{"type":"Feature","properties":{"h":3.0,"on_route":true},"geometry":{"type":"Polygon","coordinates":[[[7.057373,4.863245],[7.05735,4.863308],[7.05724,4.863268],[7.057262,4.863205],[7.057373,4.863245]]]}},{"type":"Feature","properties":{"h":3.0,"on_route":false},"geometry":{"type":"Polygon","coordinates":[[[7.056299,4.86123],[7.056293,4.86129],[7.056158,4.861276],[7.056165,4.861216],[7.056299,4.86123]]]}},{"type":"Feature","properties":{"h":3.0,"on_route":true},"geometry":{"type":"Polygon","coordinates":[[[7.05713,4.863157],[7.057086,4.863141],[7.05713,4.863019],[7.057174,4.863035],[7.05713,4.863157]]]}},{"type":"Feature","properties":{"h":3.0,"on_route":false},"geometry":{"type":"Polygon","coordinates":[[[7.053066,4.860721],[7.053059,4.860822],[7.052899,4.86081],[7.052907,4.860709],[7.053066,4.860721]]]}},{"type":"Feature","properties":{"h":3.0,"on_route":false},"geometry":{"type":"Polygon","coordinates":[[[7.055224,4.863227],[7.055221,4.863304],[7.055121,4.8633],[7.055124,4.863222],[7.055224,4.863227]]]}},{"type":"Feature","properties":{"h":3.0,"on_route":false},"geometry":{"type":"Polygon","coordinates":[[[7.056772,4.86443],[7.056731,4.864574],[7.056633,4.864545],[7.056674,4.864402],[7.056772,4.86443]]]}},{"type":"Feature","properties":{"h":3.0,"on_route":false},"geometry":{"type":"Polygon","coordinates":[[[7.055239,4.858537],[7.055233,4.858578],[7.055179,4.858571],[7.055184,4.858529],[7.055239,4.858537]]]}},{"type":"Feature","properties":{"h":3.0,"on_route":false},"geometry":{"type":"Polygon","coordinates":[[[7.057252,4.860817],[7.05724,4.86094],[7.057158,4.860931],[7.057171,4.860809],[7.057252,4.860817]]]}},{"type":"Feature","properties":{"h":3.0,"on_route":false},"geometry":{"type":"Polygon","coordinates":[[[7.0593,4.860484],[7.059267,4.86053],[7.059173,4.860461],[7.059206,4.860416],[7.0593,4.860484]]]}},{"type":"Feature","properties":{"h":3.0,"on_route":false},"geometry":{"type":"Polygon","coordinates":[[[7.058079,4.862345],[7.058036,4.862348],[7.058031,4.862243],[7.058074,4.862241],[7.058079,4.862345]]]}},{"type":"Feature","properties":{"h":3.0,"on_route":false},"geometry":{"type":"Polygon","coordinates":[[[7.054996,4.857958],[7.054982,4.858051],[7.054903,4.858039],[7.054913,4.857971],[7.054926,4.857973],[7.05493,4.857948],[7.054996,4.857958]]]}},{"type":"Feature","properties":{"h":3.0,"on_route":false},"geometry":{"type":"Polygon","coordinates":[[[7.057688,4.8581],[7.057508,4.858091],[7.057511,4.858031],[7.057691,4.85804],[7.057688,4.8581]]]}},{"type":"Feature","properties":{"h":3.0,"on_route":false},"geometry":{"type":"Polygon","coordinates":[[[7.056635,4.858009],[7.056564,4.858006],[7.056566,4.857969],[7.056637,4.857973],[7.056635,4.858009]]]}},{"type":"Feature","properties":{"h":3.0,"on_route":false},"geometry":{"type":"Polygon","coordinates":[[[7.059364,4.86217],[7.059324,4.862196],[7.0593,4.862158],[7.059339,4.862133],[7.059364,4.86217]]]}},{"type":"Feature","properties":{"h":3.0,"on_route":false},"geometry":{"type":"Polygon","coordinates":[[[7.058229,4.859386],[7.058074,4.859353],[7.058093,4.859265],[7.058197,4.859287],[7.058208,4.859237],[7.058258,4.859248],[7.058229,4.859386]]]}},{"type":"Feature","properties":{"h":3.0,"on_route":false},"geometry":{"type":"Polygon","coordinates":[[[7.059348,4.860821],[7.05927,4.860759],[7.059439,4.860544],[7.059517,4.860606],[7.059348,4.860821]]]}},{"type":"Feature","properties":{"h":3.0,"on_route":false},"geometry":{"type":"Polygon","coordinates":[[[7.05958,4.859395],[7.059502,4.859536],[7.059463,4.859515],[7.059542,4.859374],[7.05958,4.859395]]]}},{"type":"Feature","properties":{"h":3.0,"on_route":false},"geometry":{"type":"Polygon","coordinates":[[[7.058643,4.859234],[7.058633,4.859325],[7.058559,4.859316],[7.058569,4.859226],[7.058643,4.859234]]]}},{"type":"Feature","properties":{"h":3.0,"on_route":false},"geometry":{"type":"Polygon","coordinates":[[[7.053683,4.858654],[7.053667,4.858729],[7.05375,4.858748],[7.053739,4.858799],[7.053605,4.858769],[7.053633,4.858642],[7.053683,4.858654]]]}},{"type":"Feature","properties":{"h":3.0,"on_route":false},"geometry":{"type":"Polygon","coordinates":[[[7.059426,4.86276],[7.059381,4.862789],[7.059353,4.862745],[7.059398,4.862716],[7.059426,4.86276]]]}},{"type":"Feature","properties":{"h":3.0,"on_route":false},"geometry":{"type":"Polygon","coordinates":[[[7.058523,4.862632],[7.058466,4.862669],[7.058408,4.862579],[7.058465,4.862542],[7.058523,4.862632]]]}},{"type":"Feature","properties":{"h":3.0,"on_route":false},"geometry":{"type":"Polygon","coordinates":[[[7.053601,4.862331],[7.053727,4.862337],[7.053718,4.862516],[7.053567,4.86251],[7.053569,4.862465],[7.053595,4.862466],[7.053601,4.862331]]]}},{"type":"Feature","properties":{"h":3.0,"on_route":false},"geometry":{"type":"Polygon","coordinates":[[[7.057399,4.85707],[7.057401,4.857184],[7.057248,4.857186],[7.057246,4.857073],[7.057399,4.85707]]]}},{"type":"Feature","properties":{"h":3.0,"on_route":false},"geometry":{"type":"Polygon","coordinates":[[[7.059135,4.864344],[7.059069,4.864439],[7.058989,4.864384],[7.059023,4.864334],[7.05899,4.864311],[7.059021,4.864265],[7.059135,4.864344]]]}},{"type":"Feature","properties":{"h":3.0,"on_route":false},"geometry":{"type":"Polygon","coordinates":[[[7.053372,4.862827],[7.053363,4.862941],[7.053261,4.862933],[7.05327,4.862819],[7.053372,4.862827]]]}},{"type":"Feature","properties":{"h":3.0,"on_route":false},"geometry":{"type":"Polygon","coordinates":[[[7.055242,4.864951],[7.054999,4.865015],[7.054978,4.864931],[7.055177,4.864879],[7.05517,4.864854],[7.055214,4.864842],[7.055242,4.864951]]]}},{"type":"Feature","properties":{"h":3.0,"on_route":false},"geometry":{"type":"Polygon","coordinates":[[[7.059587,4.861672],[7.059553,4.861646],[7.059605,4.86158],[7.059639,4.861607],[7.059587,4.861672]]]}},{"type":"Feature","properties":{"h":3.0,"on_route":false},"geometry":{"type":"Polygon","coordinates":[[[7.056565,4.85971],[7.056562,4.85976],[7.056451,4.859754],[7.056453,4.859703],[7.056565,4.85971]]]}},{"type":"Feature","properties":{"h":3.0,"on_route":false},"geometry":{"type":"Polygon","coordinates":[[[7.057018,4.864531],[7.056985,4.864639],[7.056883,4.864608],[7.056915,4.864499],[7.057018,4.864531]]]}},{"type":"Feature","properties":{"h":3.0,"on_route":false},"geometry":{"type":"Polygon","coordinates":[[[7.060681,4.860739],[7.060679,4.860768],[7.060631,4.860766],[7.060632,4.860737],[7.060681,4.860739]]]}},{"type":"Feature","properties":{"h":3.0,"on_route":false},"geometry":{"type":"Polygon","coordinates":[[[7.05525,4.857528],[7.055153,4.857542],[7.055142,4.857465],[7.055239,4.857451],[7.05525,4.857528]]]}},{"type":"Feature","properties":{"h":3.0,"on_route":false},"geometry":{"type":"Polygon","coordinates":[[[7.057767,4.858243],[7.057745,4.858326],[7.057645,4.8583],[7.057666,4.858217],[7.057767,4.858243]]]}},{"type":"Feature","properties":{"h":3.0,"on_route":false},"geometry":{"type":"Polygon","coordinates":[[[7.056223,4.860474],[7.056205,4.860679],[7.056076,4.860668],[7.056094,4.860463],[7.056223,4.860474]]]}},{"type":"Feature","properties":{"h":3.0,"on_route":false},"geometry":{"type":"Polygon","coordinates":[[[7.054914,4.858114],[7.054894,4.858243],[7.054785,4.858226],[7.054805,4.858097],[7.054914,4.858114]]]}},{"type":"Feature","properties":{"h":3.0,"on_route":false},"geometry":{"type":"Polygon","coordinates":[[[7.054692,4.863275],[7.054688,4.863344],[7.054594,4.863339],[7.054598,4.86327],[7.054692,4.863275]]]}},{"type":"Feature","properties":{"h":3.0,"on_route":false},"geometry":{"type":"Polygon","coordinates":[[[7.05747,4.858218],[7.057481,4.858405],[7.057461,4.858406],[7.057459,4.858362],[7.057429,4.858363],[7.057423,4.858221],[7.05747,4.858218]]]}},{"type":"Feature","properties":{"h":3.0,"on_route":false},"geometry":{"type":"Polygon","coordinates":[[[7.057477,4.857845],[7.057475,4.857883],[7.057399,4.857879],[7.057401,4.857841],[7.057477,4.857845]]]}},{"type":"Feature","properties":{"h":3.0,"on_route":false},"geometry":{"type":"Polygon","coordinates":[[[7.057677,4.858165],[7.057654,4.858273],[7.057582,4.858258],[7.057604,4.858151],[7.057677,4.858165]]]}},{"type":"Feature","properties":{"h":3.0,"on_route":false},"geometry":{"type":"Polygon","coordinates":[[[7.054546,4.863117],[7.054547,4.863123],[7.054668,4.863115],[7.054674,4.86321],[7.054623,4.863214],[7.054627,4.863279],[7.054557,4.863284],[7.054555,4.863245],[7.054458,4.863251],[7.054456,4.863225],[7.054423,4.863227],[7.054416,4.863126],[7.054546,4.863117]]]}},{"type":"Feature","properties":{"h":3.0,"on_route":false},"geometry":{"type":"Polygon","coordinates":[[[7.058851,4.858219],[7.058799,4.858356],[7.058712,4.858323],[7.058764,4.858186],[7.058851,4.858219]]]}},{"type":"Feature","properties":{"h":3.0,"on_route":false},"geometry":{"type":"Polygon","coordinates":[[[7.053814,4.860665],[7.05381,4.860731],[7.053742,4.860727],[7.053745,4.860662],[7.053814,4.860665]]]}},{"type":"Feature","properties":{"h":3.0,"on_route":false},"geometry":{"type":"Polygon","coordinates":[[[7.053863,4.861368],[7.053865,4.861399],[7.053827,4.861402],[7.053824,4.861371],[7.053863,4.861368]]]}},{"type":"Feature","properties":{"h":3.0,"on_route":false},"geometry":{"type":"Polygon","coordinates":[[[7.059843,4.858656],[7.059823,4.858707],[7.059781,4.858691],[7.059801,4.858639],[7.059843,4.858656]]]}},{"type":"Feature","properties":{"h":3.0,"on_route":false},"geometry":{"type":"Polygon","coordinates":[[[7.057577,4.857053],[7.057571,4.857141],[7.057426,4.857131],[7.057433,4.857042],[7.057577,4.857053]]]}},{"type":"Feature","properties":{"h":3.0,"on_route":false},"geometry":{"type":"Polygon","coordinates":[[[7.058514,4.859491],[7.058416,4.859903],[7.058568,4.859939],[7.058557,4.859988],[7.05833,4.859934],[7.058399,4.859647],[7.058429,4.859655],[7.05847,4.859481],[7.058514,4.859491]]]}},{"type":"Feature","properties":{"h":3.0,"on_route":false},"geometry":{"type":"Polygon","coordinates":[[[7.057175,4.864798],[7.05714,4.864938],[7.057098,4.864928],[7.057092,4.864953],[7.056924,4.86491],[7.056966,4.864745],[7.057175,4.864798]]]}},{"type":"Feature","properties":{"h":3.0,"on_route":false},"geometry":{"type":"Polygon","coordinates":[[[7.058427,4.86088],[7.058383,4.861013],[7.058277,4.860977],[7.058299,4.860914],[7.05823,4.86089],[7.058253,4.860821],[7.058427,4.86088]]]}},{"type":"Feature","properties":{"h":3.0,"on_route":false},"geometry":{"type":"Polygon","coordinates":[[[7.057485,4.864337],[7.057465,4.86445],[7.057271,4.864417],[7.05729,4.864303],[7.057485,4.864337]]]}},{"type":"Feature","properties":{"h":3.0,"on_route":false},"geometry":{"type":"Polygon","coordinates":[[[7.05432,4.861],[7.05432,4.86108],[7.054272,4.86108],[7.054272,4.861],[7.05432,4.861]]]}},{"type":"Feature","properties":{"h":3.0,"on_route":false},"geometry":{"type":"Polygon","coordinates":[[[7.059148,4.8604],[7.059018,4.860566],[7.058929,4.860496],[7.05898,4.860431],[7.059002,4.860447],[7.059013,4.860433],[7.058991,4.860416],[7.059059,4.86033],[7.059148,4.8604]]]}},{"type":"Feature","properties":{"h":3.0,"on_route":false},"geometry":{"type":"Polygon","coordinates":[[[7.057783,4.862911],[7.057766,4.862966],[7.057706,4.862947],[7.057723,4.862892],[7.057783,4.862911]]]}},{"type":"Feature","properties":{"h":3.0,"on_route":false},"geometry":{"type":"Polygon","coordinates":[[[7.058363,4.860247],[7.058346,4.8603],[7.058169,4.860242],[7.058186,4.860189],[7.058363,4.860247]]]}},{"type":"Feature","properties":{"h":3.0,"on_route":false},"geometry":{"type":"Polygon","coordinates":[[[7.056439,4.861273],[7.056442,4.861253],[7.056596,4.86127],[7.056589,4.861336],[7.056364,4.861312],[7.056369,4.861266],[7.056439,4.861273]]]}},{"type":"Feature","properties":{"h":3.0,"on_route":false},"geometry":{"type":"Polygon","coordinates":[[[7.057952,4.862464],[7.057857,4.862478],[7.057842,4.862374],[7.057937,4.86236],[7.057952,4.862464]]]}},{"type":"Feature","properties":{"h":3.0,"on_route":false},"geometry":{"type":"Polygon","coordinates":[[[7.055431,4.85935],[7.055436,4.859646],[7.055334,4.859648],[7.055329,4.859351],[7.055431,4.85935]]]}},{"type":"Feature","properties":{"h":3.0,"on_route":false},"geometry":{"type":"Polygon","coordinates":[[[7.054716,4.857837],[7.054727,4.857972],[7.054657,4.857978],[7.054646,4.857843],[7.054716,4.857837]]]}},{"type":"Feature","properties":{"h":3.0,"on_route":false},"geometry":{"type":"Polygon","coordinates":[[[7.054735,4.863277],[7.054731,4.863347],[7.054688,4.863344],[7.054692,4.863275],[7.054735,4.863277]]]}},{"type":"Feature","properties":{"h":3.0,"on_route":false},"geometry":{"type":"Polygon","coordinates":[[[7.05817,4.859104],[7.058155,4.859263],[7.0581,4.859258],[7.058115,4.859099],[7.05817,4.859104]]]}},{"type":"Feature","properties":{"h":3.0,"on_route":false},"geometry":{"type":"Polygon","coordinates":[[[7.056102,4.86038],[7.056096,4.860438],[7.05606,4.860434],[7.056065,4.860376],[7.056102,4.86038]]]}},{"type":"Feature","properties":{"h":3.0,"on_route":false},"geometry":{"type":"Polygon","coordinates":[[[7.058433,4.859033],[7.058391,4.85903],[7.058393,4.858993],[7.058435,4.858996],[7.058433,4.859033]]]}},{"type":"Feature","properties":{"h":3.0,"on_route":false},"geometry":{"type":"Polygon","coordinates":[[[7.058333,4.859493],[7.058318,4.859579],[7.058252,4.859568],[7.058267,4.859482],[7.058333,4.859493]]]}},{"type":"Feature","properties":{"h":3.0,"on_route":false},"geometry":{"type":"Polygon","coordinates":[[[7.059069,4.861664],[7.058995,4.861596],[7.05911,4.861469],[7.059184,4.861537],[7.059069,4.861664]]]}},{"type":"Feature","properties":{"h":3.0,"on_route":false},"geometry":{"type":"Polygon","coordinates":[[[7.060389,4.860561],[7.06034,4.860643],[7.060286,4.860611],[7.0603,4.860587],[7.060266,4.860567],[7.060301,4.860509],[7.060389,4.860561]]]}},{"type":"Feature","properties":{"h":3.0,"on_route":false},"geometry":{"type":"Polygon","coordinates":[[[7.053177,4.863177],[7.053174,4.863226],[7.053078,4.863219],[7.053082,4.86317],[7.053177,4.863177]]]}},{"type":"Feature","properties":{"h":3.0,"on_route":false},"geometry":{"type":"Polygon","coordinates":[[[7.058479,4.861785],[7.058473,4.861804],[7.058539,4.861827],[7.058508,4.861917],[7.05839,4.861876],[7.058427,4.861767],[7.058479,4.861785]]]}},{"type":"Feature","properties":{"h":3.0,"on_route":false},"geometry":{"type":"Polygon","coordinates":[[[7.055021,4.858315],[7.05501,4.8584],[7.054816,4.858374],[7.054828,4.858288],[7.055021,4.858315]]]}},{"type":"Feature","properties":{"h":3.0,"on_route":false},"geometry":{"type":"Polygon","coordinates":[[[7.057542,4.858287],[7.057483,4.858291],[7.05748,4.858252],[7.057539,4.858247],[7.057542,4.858287]]]}},{"type":"Feature","properties":{"h":3.0,"on_route":false},"geometry":{"type":"Polygon","coordinates":[[[7.05762,4.858029],[7.057612,4.857975],[7.057714,4.857959],[7.057722,4.858014],[7.05762,4.858029]]]}},{"type":"Feature","properties":{"h":3.0,"on_route":false},"geometry":{"type":"Polygon","coordinates":[[[7.057896,4.858785],[7.057748,4.858803],[7.05774,4.85874],[7.057888,4.858721],[7.057896,4.858785]]]}},{"type":"Feature","properties":{"h":3.0,"on_route":false},"geometry":{"type":"Polygon","coordinates":[[[7.056577,4.860297],[7.056571,4.860363],[7.056421,4.860348],[7.056427,4.860283],[7.056577,4.860297]]]}},{"type":"Feature","properties":{"h":3.0,"on_route":false},"geometry":{"type":"Polygon","coordinates":[[[7.056769,4.86036],[7.056763,4.860439],[7.056853,4.860446],[7.056848,4.860503],[7.056655,4.860487],[7.056659,4.86043],[7.056698,4.860433],[7.0567,4.860414],[7.056661,4.86041],[7.056666,4.860351],[7.056769,4.86036]]]}},{"type":"Feature","properties":{"h":3.0,"on_route":false},"geometry":{"type":"Polygon","coordinates":[[[7.054284,4.859441],[7.054262,4.859535],[7.054123,4.859501],[7.054146,4.859407],[7.054284,4.859441]]]}},{"type":"Feature","properties":{"h":3.0,"on_route":false},"geometry":{"type":"Polygon","coordinates":[[[7.053186,4.861745],[7.053182,4.861792],[7.053115,4.861787],[7.053119,4.86174],[7.053186,4.861745]]]}},{"type":"Feature","properties":{"h":3.0,"on_route":false},"geometry":{"type":"Polygon","coordinates":[[[7.053946,4.862406],[7.053851,4.862419],[7.05384,4.862339],[7.053935,4.862326],[7.053946,4.862406]]]}},{"type":"Feature","properties":{"h":3.0,"on_route":false},"geometry":{"type":"Polygon","coordinates":[[[7.057384,4.862018],[7.057364,4.862102],[7.057273,4.862081],[7.057293,4.861997],[7.057384,4.862018]]]}},{"type":"Feature","properties":{"h":3.0,"on_route":false},"geometry":{"type":"Polygon","coordinates":[[[7.055874,4.864873],[7.055722,4.864865],[7.055724,4.864818],[7.055706,4.864817],[7.05571,4.864745],[7.055728,4.864746],[7.055732,4.864689],[7.055883,4.864698],[7.055874,4.864873]]]}},{"type":"Feature","properties":{"h":3.0,"on_route":false},"geometry":{"type":"Polygon","coordinates":[[[7.054269,4.859766],[7.054258,4.859853],[7.05416,4.859841],[7.05417,4.859754],[7.054269,4.859766]]]}},{"type":"Feature","properties":{"h":3.0,"on_route":false},"geometry":{"type":"Polygon","coordinates":[[[7.055037,4.862418],[7.055041,4.862488],[7.054959,4.862494],[7.054955,4.862423],[7.055037,4.862418]]]}},{"type":"Feature","properties":{"h":3.0,"on_route":false},"geometry":{"type":"Polygon","coordinates":[[[7.057745,4.86256],[7.057755,4.862657],[7.057646,4.862668],[7.057636,4.862572],[7.057745,4.86256]]]}},{"type":"Feature","properties":{"h":3.0,"on_route":false},"geometry":{"type":"Polygon","coordinates":[[[7.058768,4.865049],[7.058596,4.865211],[7.058562,4.865174],[7.058656,4.865085],[7.058588,4.865013],[7.058666,4.86494],[7.058768,4.865049]]]}},{"type":"Feature","properties":{"h":3.0,"on_route":false},"geometry":{"type":"Polygon","coordinates":[[[7.054341,4.860841],[7.054353,4.860989],[7.054291,4.860994],[7.054287,4.860937],[7.054233,4.860941],[7.054226,4.86085],[7.054341,4.860841]]]}},{"type":"Feature","properties":{"h":3.0,"on_route":false},"geometry":{"type":"Polygon","coordinates":[[[7.055153,4.857542],[7.054977,4.857566],[7.054961,4.857457],[7.055137,4.857432],[7.055153,4.857542]]]}},{"type":"Feature","properties":{"h":3.0,"on_route":false},"geometry":{"type":"Polygon","coordinates":[[[7.054956,4.85887],[7.054926,4.859019],[7.054808,4.858996],[7.05481,4.858987],[7.054778,4.85898],[7.054806,4.85884],[7.054956,4.85887]]]}},{"type":"Feature","properties":{"h":3.0,"on_route":false},"geometry":{"type":"Polygon","coordinates":[[[7.058692,4.857383],[7.058617,4.857571],[7.058566,4.85755],[7.058641,4.857363],[7.058692,4.857383]]]}},{"type":"Feature","properties":{"h":3.0,"on_route":false},"geometry":{"type":"Polygon","coordinates":[[[7.057925,4.85863],[7.057928,4.858659],[7.057983,4.858652],[7.05799,4.858708],[7.057888,4.858721],[7.057877,4.858636],[7.057925,4.85863]]]}},{"type":"Feature","properties":{"h":3.0,"on_route":false},"geometry":{"type":"Polygon","coordinates":[[[7.057309,4.861367],[7.057299,4.86147],[7.057221,4.861462],[7.057232,4.861359],[7.057309,4.861367]]]}},{"type":"Feature","properties":{"h":3.0,"on_route":false},"geometry":{"type":"Polygon","coordinates":[[[7.059604,4.862563],[7.059571,4.8626],[7.059519,4.862554],[7.059552,4.862517],[7.059604,4.862563]]]}},{"type":"Feature","properties":{"h":3.0,"on_route":false},"geometry":{"type":"Polygon","coordinates":[[[7.05839,4.85965],[7.058369,4.859767],[7.058333,4.859761],[7.058354,4.859643],[7.05839,4.85965]]]}},{"type":"Feature","properties":{"h":3.0,"on_route":false},"geometry":{"type":"Polygon","coordinates":[[[7.055742,4.861799],[7.05574,4.861924],[7.05568,4.861923],[7.05568,4.861859],[7.055605,4.861858],[7.055606,4.861797],[7.055742,4.861799]]]}},{"type":"Feature","properties":{"h":3.0,"on_route":false},"geometry":{"type":"Polygon","coordinates":[[[7.059341,4.85833],[7.059305,4.858427],[7.059248,4.858406],[7.059283,4.858309],[7.059341,4.85833]]]}},{"type":"Feature","properties":{"h":3.0,"on_route":false},"geometry":{"type":"Polygon","coordinates":[[[7.059705,4.858149],[7.059682,4.858203],[7.059579,4.858159],[7.059602,4.858105],[7.059705,4.858149]]]}},{"type":"Feature","properties":{"h":3.0,"on_route":false},"geometry":{"type":"Polygon","coordinates":[[[7.057507,4.858095],[7.057728,4.858107],[7.057728,4.858097],[7.057787,4.8581],[7.057781,4.858203],[7.057723,4.8582],[7.057725,4.858158],[7.057505,4.858146],[7.057507,4.858095]]]}},{"type":"Feature","properties":{"h":3.0,"on_route":false},"geometry":{"type":"Polygon","coordinates":[[[7.053466,4.86242],[7.053462,4.862505],[7.053422,4.862503],[7.053426,4.862419],[7.053466,4.86242]]]}},{"type":"Feature","properties":{"h":3.0,"on_route":false},"geometry":{"type":"Polygon","coordinates":[[[7.057684,4.861492],[7.057593,4.861526],[7.057578,4.861483],[7.057668,4.86145],[7.057684,4.861492]]]}},{"type":"Feature","properties":{"h":3.0,"on_route":false},"geometry":{"type":"Polygon","coordinates":[[[7.058359,4.863215],[7.058322,4.863224],[7.058314,4.863194],[7.058351,4.863185],[7.058359,4.863215]]]}},{"type":"Feature","properties":{"h":3.0,"on_route":true},"geometry":{"type":"Polygon","coordinates":[[[7.05778,4.864081],[7.057773,4.86414],[7.057724,4.864134],[7.057731,4.864075],[7.05778,4.864081]]]}},{"type":"Feature","properties":{"h":3.0,"on_route":false},"geometry":{"type":"Polygon","coordinates":[[[7.055299,4.857678],[7.055192,4.857693],[7.055174,4.857564],[7.055281,4.857549],[7.055299,4.857678]]]}},{"type":"Feature","properties":{"h":3.0,"on_route":false},"geometry":{"type":"Polygon","coordinates":[[[7.054027,4.862612],[7.053928,4.862638],[7.05391,4.862565],[7.054009,4.862539],[7.054027,4.862612]]]}},{"type":"Feature","properties":{"h":3.0,"on_route":false},"geometry":{"type":"Polygon","coordinates":[[[7.05746,4.859829],[7.057458,4.859874],[7.057487,4.859876],[7.057485,4.85992],[7.057373,4.859915],[7.057377,4.859825],[7.05746,4.859829]]]}},{"type":"Feature","properties":{"h":3.0,"on_route":false},"geometry":{"type":"Polygon","coordinates":[[[7.058362,4.862398],[7.058334,4.862364],[7.05841,4.862301],[7.058439,4.862336],[7.058362,4.862398]]]}},{"type":"Feature","properties":{"h":3.0,"on_route":false},"geometry":{"type":"Polygon","coordinates":[[[7.054242,4.860031],[7.05428,4.860318],[7.054218,4.860326],[7.05418,4.860039],[7.054242,4.860031]]]}},{"type":"Feature","properties":{"h":3.0,"on_route":false},"geometry":{"type":"Polygon","coordinates":[[[7.059868,4.858287],[7.05982,4.858397],[7.059675,4.858334],[7.059723,4.858224],[7.059868,4.858287]]]}},{"type":"Feature","properties":{"h":3.0,"on_route":false},"geometry":{"type":"Polygon","coordinates":[[[7.057213,4.860765],[7.057208,4.860813],[7.057171,4.860809],[7.057175,4.860761],[7.057213,4.860765]]]}},{"type":"Feature","properties":{"h":3.0,"on_route":false},"geometry":{"type":"Polygon","coordinates":[[[7.057513,4.861732],[7.057529,4.861704],[7.057556,4.86172],[7.057496,4.861823],[7.057392,4.861761],[7.057436,4.861687],[7.057513,4.861732]]]}},{"type":"Feature","properties":{"h":3.0,"on_route":false},"geometry":{"type":"Polygon","coordinates":[[[7.057929,4.861615],[7.057915,4.861655],[7.057844,4.86163],[7.057858,4.86159],[7.057929,4.861615]]]}},{"type":"Feature","properties":{"h":3.0,"on_route":false},"geometry":{"type":"Polygon","coordinates":[[[7.05325,4.860247],[7.053293,4.860246],[7.053294,4.860321],[7.053147,4.860325],[7.053145,4.860249],[7.05325,4.860247]]]}},{"type":"Feature","properties":{"h":3.0,"on_route":false},"geometry":{"type":"Polygon","coordinates":[[[7.0573,4.861846],[7.05727,4.861955],[7.057217,4.86194],[7.057247,4.861832],[7.0573,4.861846]]]}},{"type":"Feature","properties":{"h":3.0,"on_route":false},"geometry":{"type":"Polygon","coordinates":[[[7.052863,4.861855],[7.052858,4.861937],[7.052824,4.861935],[7.052818,4.86203],[7.052713,4.862023],[7.052724,4.861846],[7.052863,4.861855]]]}},{"type":"Feature","properties":{"h":3.0,"on_route":false},"geometry":{"type":"Polygon","coordinates":[[[7.059287,4.864222],[7.059154,4.864331],[7.059069,4.864227],[7.059201,4.864118],[7.059287,4.864222]]]}},{"type":"Feature","properties":{"h":3.0,"on_route":false},"geometry":{"type":"Polygon","coordinates":[[[7.054243,4.861058],[7.054085,4.861071],[7.054068,4.860863],[7.054226,4.86085],[7.054243,4.861058]]]}},{"type":"Feature","properties":{"h":3.0,"on_route":false},"geometry":{"type":"Polygon","coordinates":[[[7.055605,4.861943],[7.055611,4.862013],[7.055557,4.862017],[7.055552,4.861947],[7.055605,4.861943]]]}},{"type":"Feature","properties":{"h":3.0,"on_route":false},"geometry":{"type":"Polygon","coordinates":[[[7.056309,4.861438],[7.056299,4.861496],[7.056248,4.861487],[7.056259,4.861428],[7.056309,4.861438]]]}},{"type":"Feature","properties":{"h":3.0,"on_route":false},"geometry":{"type":"Polygon","coordinates":[[[7.056215,4.858134],[7.056006,4.85815],[7.055998,4.858046],[7.056206,4.858029],[7.056215,4.858134]]]}},{"type":"Feature","properties":{"h":3.0,"on_route":false},"geometry":{"type":"Polygon","coordinates":[[[7.059541,4.864325],[7.059489,4.864369],[7.059413,4.864278],[7.059466,4.864234],[7.059541,4.864325]]]}},{"type":"Feature","properties":{"h":3.0,"on_route":false},"geometry":{"type":"Polygon","coordinates":[[[7.056666,4.858186],[7.056662,4.858313],[7.056584,4.858311],[7.056588,4.858184],[7.056666,4.858186]]]}},{"type":"Feature","properties":{"h":3.0,"on_route":false},"geometry":{"type":"Polygon","coordinates":[[[7.058142,4.857128],[7.058123,4.857185],[7.058074,4.857169],[7.058093,4.857112],[7.058142,4.857128]]]}},{"type":"Feature","properties":{"h":3.0,"on_route":false},"geometry":{"type":"Polygon","coordinates":[[[7.058778,4.858779],[7.058759,4.858826],[7.05868,4.858794],[7.058661,4.858841],[7.058597,4.858815],[7.058635,4.858721],[7.058778,4.858779]]]}},{"type":"Feature","properties":{"h":3.0,"on_route":false},"geometry":{"type":"Polygon","coordinates":[[[7.053738,4.860805],[7.053734,4.86087],[7.053663,4.860866],[7.053667,4.860801],[7.053738,4.860805]]]}},{"type":"Feature","properties":{"h":3.0,"on_route":false},"geometry":{"type":"Polygon","coordinates":[[[7.054556,4.859757],[7.054553,4.859882],[7.054282,4.859876],[7.054284,4.859751],[7.054556,4.859757]]]}},{"type":"Feature","properties":{"h":3.0,"on_route":false},"geometry":{"type":"Polygon","coordinates":[[[7.058863,4.861692],[7.058823,4.861754],[7.058785,4.861729],[7.058825,4.861667],[7.058863,4.861692]]]}},{"type":"Feature","properties":{"h":3.0,"on_route":false},"geometry":{"type":"Polygon","coordinates":[[[7.057732,4.858462],[7.057729,4.858513],[7.057527,4.8585],[7.05753,4.858449],[7.057732,4.858462]]]}},{"type":"Feature","properties":{"h":3.0,"on_route":false},"geometry":{"type":"Polygon","coordinates":[[[7.057476,4.864523],[7.057466,4.864585],[7.057411,4.864575],[7.057421,4.864514],[7.057476,4.864523]]]}},{"type":"Feature","properties":{"h":3.0,"on_route":false},"geometry":{"type":"Polygon","coordinates":[[[7.058325,4.86015],[7.058277,4.860133],[7.058311,4.86004],[7.058359,4.860057],[7.058325,4.86015]]]}},{"type":"Feature","properties":{"h":3.0,"on_route":false},"geometry":{"type":"Polygon","coordinates":[[[7.060645,4.861152],[7.060565,4.861351],[7.060191,4.8612],[7.060271,4.861001],[7.060645,4.861152]]]}},{"type":"Feature","properties":{"h":3.0,"on_route":false},"geometry":{"type":"Polygon","coordinates":[[[7.055465,4.865152],[7.055347,4.865171],[7.055343,4.865146],[7.05536,4.865143],[7.055356,4.865122],[7.055458,4.865106],[7.055465,4.865152]]]}},{"type":"Feature","properties":{"h":3.0,"on_route":false},"geometry":{"type":"Polygon","coordinates":[[[7.058979,4.863258],[7.058949,4.86331],[7.058909,4.863286],[7.058939,4.863234],[7.058979,4.863258]]]}},{"type":"Feature","properties":{"h":3.0,"on_route":false},"geometry":{"type":"Polygon","coordinates":[[[7.058774,4.859692],[7.058763,4.859741],[7.058638,4.859713],[7.058649,4.859664],[7.058774,4.859692]]]}},{"type":"Feature","properties":{"h":3.0,"on_route":false},"geometry":{"type":"Polygon","coordinates":[[[7.055516,4.861887],[7.055512,4.861947],[7.055452,4.861943],[7.055457,4.861883],[7.055516,4.861887]]]}},{"type":"Feature","properties":{"h":3.0,"on_route":false},"geometry":{"type":"Polygon","coordinates":[[[7.056181,4.862876],[7.056166,4.86298],[7.056109,4.862972],[7.056124,4.862868],[7.056181,4.862876]]]}},{"type":"Feature","properties":{"h":3.0,"on_route":false},"geometry":{"type":"Polygon","coordinates":[[[7.056054,4.861487],[7.056041,4.861536],[7.055904,4.8615],[7.055916,4.861452],[7.056054,4.861487]]]}},{"type":"Feature","properties":{"h":3.0,"on_route":false},"geometry":{"type":"Polygon","coordinates":[[[7.058203,4.860284],[7.058179,4.860353],[7.058066,4.860313],[7.05809,4.860244],[7.058203,4.860284]]]}},{"type":"Feature","properties":{"h":3.0,"on_route":false},"geometry":{"type":"Polygon","coordinates":[[[7.059282,4.863155],[7.05925,4.863084],[7.059317,4.863053],[7.059308,4.863035],[7.05934,4.86302],[7.059349,4.863039],[7.059401,4.863015],[7.059434,4.863086],[7.059282,4.863155]]]}},{"type":"Feature","properties":{"h":3.0,"on_route":false},"geometry":{"type":"Polygon","coordinates":[[[7.054642,4.858265],[7.054626,4.85837],[7.054433,4.858341],[7.054448,4.858236],[7.054642,4.858265]]]}},{"type":"Feature","properties":{"h":3.0,"on_route":false},"geometry":{"type":"Polygon","coordinates":[[[7.057642,4.857075],[7.057638,4.857114],[7.057577,4.857108],[7.057581,4.857069],[7.057642,4.857075]]]}},{"type":"Feature","properties":{"h":3.0,"on_route":false},"geometry":{"type":"Polygon","coordinates":[[[7.054867,4.865261],[7.054865,4.865311],[7.054821,4.865308],[7.054824,4.865259],[7.054867,4.865261]]]}},{"type":"Feature","properties":{"h":3.0,"on_route":false},"geometry":{"type":"Polygon","coordinates":[[[7.056673,4.860352],[7.05666,4.860489],[7.056564,4.86048],[7.056572,4.860392],[7.056596,4.860394],[7.056601,4.860345],[7.056673,4.860352]]]}},{"type":"Feature","properties":{"h":3.0,"on_route":false},"geometry":{"type":"Polygon","coordinates":[[[7.058709,4.859884],[7.058681,4.859969],[7.058539,4.859922],[7.058568,4.859836],[7.058709,4.859884]]]}},{"type":"Feature","properties":{"h":3.0,"on_route":false},"geometry":{"type":"Polygon","coordinates":[[[7.055665,4.860281],[7.055661,4.860342],[7.055611,4.860339],[7.055615,4.860277],[7.055665,4.860281]]]}},{"type":"Feature","properties":{"h":3.0,"on_route":false},"geometry":{"type":"Polygon","coordinates":[[[7.055214,4.860941],[7.055217,4.860993],[7.055287,4.860988],[7.055303,4.861245],[7.055233,4.86125],[7.055231,4.861221],[7.055251,4.861219],[7.055247,4.861154],[7.055157,4.861159],[7.055155,4.86113],[7.055202,4.861127],[7.0552,4.861085],[7.055243,4.861082],[7.05524,4.861038],[7.055073,4.861048],[7.055067,4.86095],[7.055214,4.860941]]]}},{"type":"Feature","properties":{"h":3.0,"on_route":false},"geometry":{"type":"Polygon","coordinates":[[[7.057075,4.86502],[7.057048,4.865125],[7.057003,4.865114],[7.056996,4.865141],[7.056939,4.865127],[7.056946,4.865099],[7.056881,4.865083],[7.056908,4.864977],[7.057075,4.86502]]]}},{"type":"Feature","properties":{"h":3.0,"on_route":false},"geometry":{"type":"Polygon","coordinates":[[[7.055842,4.862216],[7.05584,4.862229],[7.055918,4.86224],[7.05591,4.862295],[7.055619,4.862252],[7.055628,4.862185],[7.055842,4.862216]]]}},{"type":"Feature","properties":{"h":3.0,"on_route":false},"geometry":{"type":"Polygon","coordinates":[[[7.056886,4.857247],[7.056818,4.857255],[7.056788,4.857006],[7.056855,4.856998],[7.056886,4.857247]]]}},{"type":"Feature","properties":{"h":3.0,"on_route":false},"geometry":{"type":"Polygon","coordinates":[[[7.053535,4.863947],[7.053491,4.864159],[7.053378,4.864135],[7.053412,4.863973],[7.053393,4.863969],[7.053403,4.863919],[7.053535,4.863947]]]}},{"type":"Feature","properties":{"h":3.0,"on_route":false},"geometry":{"type":"Polygon","coordinates":[[[7.057782,4.862985],[7.057755,4.863064],[7.057694,4.863043],[7.057721,4.862964],[7.057782,4.862985]]]}},{"type":"Feature","properties":{"h":3.0,"on_route":false},"geometry":{"type":"Polygon","coordinates":[[[7.053396,4.862683],[7.053385,4.862828],[7.053321,4.862823],[7.053332,4.862678],[7.053396,4.862683]]]}},{"type":"Feature","properties":{"h":3.0,"on_route":false},"geometry":{"type":"Polygon","coordinates":[[[7.055886,4.862457],[7.055872,4.862553],[7.055717,4.86253],[7.055731,4.862435],[7.055886,4.862457]]]}},{"type":"Feature","properties":{"h":3.0,"on_route":false},"geometry":{"type":"Polygon","coordinates":[[[7.058883,4.862504],[7.058863,4.862526],[7.058844,4.862509],[7.058865,4.862487],[7.058883,4.862504]]]}},{"type":"Feature","properties":{"h":3.0,"on_route":false},"geometry":{"type":"Polygon","coordinates":[[[7.057802,4.861858],[7.057794,4.861947],[7.057734,4.861941],[7.057742,4.861853],[7.057802,4.861858]]]}},{"type":"Feature","properties":{"h":3.0,"on_route":false},"geometry":{"type":"Polygon","coordinates":[[[7.056198,4.860894],[7.056191,4.860976],[7.056178,4.860975],[7.056175,4.861012],[7.056141,4.861009],[7.056139,4.861033],[7.056064,4.861026],[7.056066,4.861003],[7.05601,4.860998],[7.05602,4.860878],[7.056198,4.860894]]]}},{"type":"Feature","properties":{"h":3.0,"on_route":false},"geometry":{"type":"Polygon","coordinates":[[[7.054645,4.857848],[7.054641,4.857969],[7.054526,4.857966],[7.05453,4.857844],[7.054645,4.857848]]]}},{"type":"Feature","properties":{"h":3.0,"on_route":false},"geometry":{"type":"Polygon","coordinates":[[[7.059277,4.864483],[7.059228,4.864552],[7.059111,4.86447],[7.05916,4.8644],[7.059277,4.864483]]]}},{"type":"Feature","properties":{"h":3.0,"on_route":false},"geometry":{"type":"Polygon","coordinates":[[[7.055553,4.863825],[7.055166,4.86431],[7.05509,4.864249],[7.055477,4.863764],[7.055553,4.863825]]]}},{"type":"Feature","properties":{"h":3.0,"on_route":false},"geometry":{"type":"Polygon","coordinates":[[[7.059391,4.858012],[7.05937,4.858061],[7.059274,4.858019],[7.059295,4.85797],[7.059391,4.858012]]]}},{"type":"Feature","properties":{"h":3.0,"on_route":false},"geometry":{"type":"Polygon","coordinates":[[[7.057672,4.86096],[7.057647,4.861073],[7.05755,4.861052],[7.057569,4.860967],[7.057594,4.860973],[7.057601,4.860944],[7.057672,4.86096]]]}},{"type":"Feature","properties":{"h":3.0,"on_route":false},"geometry":{"type":"Polygon","coordinates":[[[7.054728,4.860162],[7.054614,4.860186],[7.054556,4.859914],[7.054671,4.85989],[7.054728,4.860162]]]}},{"type":"Feature","properties":{"h":3.0,"on_route":false},"geometry":{"type":"Polygon","coordinates":[[[7.059614,4.861771],[7.059516,4.861693],[7.059553,4.861646],[7.059612,4.861692],[7.059705,4.861573],[7.059745,4.861605],[7.059614,4.861771]]]}},{"type":"Feature","properties":{"h":3.0,"on_route":false},"geometry":{"type":"Polygon","coordinates":[[[7.056474,4.858689],[7.056411,4.858694],[7.056407,4.858641],[7.05647,4.858636],[7.056474,4.858689]]]}},{"type":"Feature","properties":{"h":3.0,"on_route":false},"geometry":{"type":"Polygon","coordinates":[[[7.058534,4.860008],[7.058509,4.860068],[7.058456,4.860046],[7.058415,4.860143],[7.058354,4.860117],[7.058395,4.86002],[7.058352,4.860003],[7.058346,4.860018],[7.058239,4.859972],[7.058271,4.859896],[7.058534,4.860008]]]}},{"type":"Feature","properties":{"h":3.0,"on_route":false},"geometry":{"type":"Polygon","coordinates":[[[7.055237,4.858941],[7.055411,4.858954],[7.055406,4.859016],[7.055232,4.859003],[7.055237,4.858941]]]}},{"type":"Feature","properties":{"h":3.0,"on_route":false},"geometry":{"type":"Polygon","coordinates":[[[7.055274,4.861744],[7.055281,4.861925],[7.055217,4.861928],[7.05521,4.861746],[7.055274,4.861744]]]}},{"type":"Feature","properties":{"h":3.0,"on_route":false},"geometry":{"type":"Polygon","coordinates":[[[7.058177,4.859058],[7.058175,4.859098],[7.05814,4.859096],[7.058142,4.859056],[7.058177,4.859058]]]}},{"type":"Feature","properties":{"h":3.0,"on_route":false},"geometry":{"type":"Polygon","coordinates":[[[7.056556,4.86564],[7.056482,4.865913],[7.056374,4.865883],[7.056447,4.865611],[7.056556,4.86564]]]}},{"type":"Feature","properties":{"h":3.0,"on_route":false},"geometry":{"type":"Polygon","coordinates":[[[7.055248,4.859838],[7.05518,4.859843],[7.055177,4.85981],[7.055246,4.859805],[7.055248,4.859838]]]}},{"type":"Feature","properties":{"h":3.0,"on_route":false},"geometry":{"type":"Polygon","coordinates":[[[7.059036,4.85906],[7.059004,4.859147],[7.058931,4.85912],[7.058963,4.859033],[7.059036,4.85906]]]}},{"type":"Feature","properties":{"h":3.0,"on_route":false},"geometry":{"type":"Polygon","coordinates":[[[7.05478,4.863169],[7.054693,4.863172],[7.054689,4.86308],[7.054711,4.863079],[7.054709,4.863019],[7.054774,4.863016],[7.05478,4.863169]]]}},{"type":"Feature","properties":{"h":3.0,"on_route":false},"geometry":{"type":"Polygon","coordinates":[[[7.059235,4.861635],[7.059159,4.861719],[7.059116,4.86168],[7.059191,4.861596],[7.059235,4.861635]]]}},{"type":"Feature","properties":{"h":3.0,"on_route":false},"geometry":{"type":"Polygon","coordinates":[[[7.057895,4.860686],[7.05788,4.860783],[7.057807,4.860771],[7.057821,4.860675],[7.057895,4.860686]]]}},{"type":"Feature","properties":{"h":3.0,"on_route":false},"geometry":{"type":"Polygon","coordinates":[[[7.054247,4.860634],[7.054111,4.860667],[7.054093,4.860592],[7.054118,4.860586],[7.054081,4.860436],[7.054193,4.860409],[7.054247,4.860634]]]}},{"type":"Feature","properties":{"h":3.0,"on_route":false},"geometry":{"type":"Polygon","coordinates":[[[7.054705,4.861548],[7.054703,4.861705],[7.054591,4.861703],[7.054595,4.861547],[7.054705,4.861548]]]}},{"type":"Feature","properties":{"h":3.0,"on_route":false},"geometry":{"type":"Polygon","coordinates":[[[7.057629,4.858704],[7.05762,4.858819],[7.057554,4.858814],[7.057562,4.8587],[7.057629,4.858704]]]}},{"type":"Feature","properties":{"h":3.0,"on_route":false},"geometry":{"type":"Polygon","coordinates":[[[7.060317,4.862401],[7.060247,4.862458],[7.060127,4.86231],[7.060198,4.862253],[7.060317,4.862401]]]}},{"type":"Feature","properties":{"h":3.0,"on_route":false},"geometry":{"type":"Polygon","coordinates":[[[7.059636,4.859034],[7.059619,4.859097],[7.05958,4.859086],[7.059598,4.859023],[7.059636,4.859034]]]}},{"type":"Feature","properties":{"h":3.0,"on_route":false},"geometry":{"type":"Polygon","coordinates":[[[7.057734,4.861188],[7.057731,4.861219],[7.057684,4.861215],[7.057686,4.861183],[7.057734,4.861188]]]}},{"type":"Feature","properties":{"h":3.0,"on_route":false},"geometry":{"type":"Polygon","coordinates":[[[7.06027,4.859564],[7.060281,4.85955],[7.06045,4.859688],[7.060419,4.859727],[7.060234,4.859575],[7.060254,4.859551],[7.06027,4.859564]]]}},{"type":"Feature","properties":{"h":3.0,"on_route":false},"geometry":{"type":"Polygon","coordinates":[[[7.058866,4.857209],[7.058838,4.857327],[7.05875,4.857307],[7.058777,4.857188],[7.058866,4.857209]]]}},{"type":"Feature","properties":{"h":3.0,"on_route":false},"geometry":{"type":"Polygon","coordinates":[[[7.059678,4.861066],[7.059623,4.861145],[7.059439,4.861016],[7.059494,4.860937],[7.059678,4.861066]]]}},{"type":"Feature","properties":{"h":3.0,"on_route":false},"geometry":{"type":"Polygon","coordinates":[[[7.059189,4.86278],[7.059304,4.862968],[7.059216,4.863022],[7.059101,4.862834],[7.059189,4.86278]]]}},{"type":"Feature","properties":{"h":3.0,"on_route":false},"geometry":{"type":"Polygon","coordinates":[[[7.056568,4.858784],[7.05657,4.858729],[7.056764,4.858735],[7.05676,4.858876],[7.056505,4.858868],[7.056508,4.858782],[7.056568,4.858784]]]}},{"type":"Feature","properties":{"h":3.0,"on_route":false},"geometry":{"type":"Polygon","coordinates":[[[7.053907,4.859467],[7.053888,4.859568],[7.053698,4.859532],[7.053718,4.85943],[7.053907,4.859467]]]}},{"type":"Feature","properties":{"h":3.0,"on_route":false},"geometry":{"type":"Polygon","coordinates":[[[7.057523,4.860261],[7.057499,4.860395],[7.057452,4.860387],[7.057475,4.860252],[7.057523,4.860261]]]}},{"type":"Feature","properties":{"h":3.0,"on_route":false},"geometry":{"type":"Polygon","coordinates":[[[7.054675,4.860809],[7.054688,4.860987],[7.054551,4.860997],[7.054542,4.860877],[7.054508,4.86088],[7.054503,4.860822],[7.054675,4.860809]]]}},{"type":"Feature","properties":{"h":3.0,"on_route":false},"geometry":{"type":"Polygon","coordinates":[[[7.055983,4.860375],[7.055978,4.860433],[7.055901,4.860426],[7.055905,4.860369],[7.055983,4.860375]]]}},{"type":"Feature","properties":{"h":3.0,"on_route":false},"geometry":{"type":"Polygon","coordinates":[[[7.057529,4.865311],[7.057505,4.865295],[7.057463,4.865357],[7.057413,4.865323],[7.05758,4.865074],[7.057654,4.865124],[7.057529,4.865311]]]}},{"type":"Feature","properties":{"h":3.0,"on_route":false},"geometry":{"type":"Polygon","coordinates":[[[7.06007,4.86233],[7.060222,4.86252],[7.060183,4.862551],[7.060031,4.862362],[7.06007,4.86233]]]}},{"type":"Feature","properties":{"h":3.0,"on_route":false},"geometry":{"type":"Polygon","coordinates":[[[7.060334,4.860905],[7.060314,4.860962],[7.060217,4.860928],[7.060237,4.860871],[7.060334,4.860905]]]}},{"type":"Feature","properties":{"h":3.0,"on_route":false},"geometry":{"type":"Polygon","coordinates":[[[7.05598,4.860527],[7.055977,4.860626],[7.055894,4.860623],[7.055897,4.860524],[7.05598,4.860527]]]}},{"type":"Feature","properties":{"h":3.0,"on_route":false},"geometry":{"type":"Polygon","coordinates":[[[7.055058,4.861276],[7.055004,4.861286],[7.054992,4.861223],[7.055047,4.861213],[7.055058,4.861276]]]}},{"type":"Feature","properties":{"h":3.0,"on_route":false},"geometry":{"type":"Polygon","coordinates":[[[7.055364,4.8649],[7.055364,4.864945],[7.05533,4.864945],[7.05533,4.8649],[7.055364,4.8649]]]}},{"type":"Feature","properties":{"h":3.0,"on_route":false},"geometry":{"type":"Polygon","coordinates":[[[7.053498,4.86268],[7.053483,4.862875],[7.053382,4.862867],[7.053386,4.862802],[7.05341,4.862804],[7.05342,4.862675],[7.053498,4.86268]]]}},{"type":"Feature","properties":{"h":3.0,"on_route":false},"geometry":{"type":"Polygon","coordinates":[[[7.059745,4.86008],[7.059691,4.860166],[7.059531,4.860066],[7.059585,4.85998],[7.059745,4.86008]]]}},{"type":"Feature","properties":{"h":3.0,"on_route":false},"geometry":{"type":"Polygon","coordinates":[[[7.058948,4.858819],[7.058936,4.858871],[7.05879,4.858837],[7.058802,4.858786],[7.058948,4.858819]]]}},{"type":"Feature","properties":{"h":3.0,"on_route":false},"geometry":{"type":"Polygon","coordinates":[[[7.055414,4.862341],[7.055413,4.862366],[7.05545,4.862368],[7.055447,4.862439],[7.055417,4.862438],[7.055419,4.862401],[7.055299,4.862395],[7.055302,4.862335],[7.055414,4.862341]]]}},{"type":"Feature","properties":{"h":3.0,"on_route":false},"geometry":{"type":"Polygon","coordinates":[[[7.059156,4.858242],[7.059144,4.858283],[7.059124,4.858277],[7.059113,4.858316],[7.059067,4.858302],[7.05909,4.858223],[7.059156,4.858242]]]}},{"type":"Feature","properties":{"h":3.0,"on_route":false},"geometry":{"type":"Polygon","coordinates":[[[7.055216,4.858338],[7.055169,4.858641],[7.055084,4.858628],[7.055121,4.858386],[7.055108,4.858384],[7.055115,4.858341],[7.055086,4.858336],[7.055088,4.858319],[7.055216,4.858338]]]}},{"type":"Feature","properties":{"h":3.0,"on_route":false},"geometry":{"type":"Polygon","coordinates":[[[7.057891,4.860907],[7.057855,4.861029],[7.057782,4.861007],[7.057818,4.860886],[7.057891,4.860907]]]}},{"type":"Feature","properties":{"h":3.0,"on_route":false},"geometry":{"type":"Polygon","coordinates":[[[7.058839,4.857784],[7.058781,4.857979],[7.058678,4.857948],[7.058735,4.857753],[7.058839,4.857784]]]}},{"type":"Feature","properties":{"h":3.0,"on_route":false},"geometry":{"type":"Polygon","coordinates":[[[7.056614,4.857579],[7.056486,4.857604],[7.056465,4.857495],[7.056594,4.85747],[7.056614,4.857579]]]}},{"type":"Feature","properties":{"h":3.0,"on_route":false},"geometry":{"type":"Polygon","coordinates":[[[7.058315,4.859079],[7.058311,4.85915],[7.058243,4.859146],[7.058245,4.859102],[7.05821,4.8591],[7.058211,4.859073],[7.058315,4.859079]]]}},{"type":"Feature","properties":{"h":3.0,"on_route":false},"geometry":{"type":"Polygon","coordinates":[[[7.058923,4.858925],[7.058891,4.858912],[7.058841,4.859036],[7.05875,4.858999],[7.058788,4.858903],[7.05882,4.858916],[7.058831,4.858888],[7.058863,4.858901],[7.058874,4.858874],[7.058933,4.858898],[7.058923,4.858925]]]}},{"type":"Feature","properties":{"h":3.0,"on_route":false},"geometry":{"type":"Polygon","coordinates":[[[7.053227,4.860132],[7.05323,4.860176],[7.053149,4.860181],[7.053146,4.860138],[7.053227,4.860132]]]}},{"type":"Feature","properties":{"h":3.0,"on_route":false},"geometry":{"type":"Polygon","coordinates":[[[7.056353,4.863007],[7.056344,4.863068],[7.056274,4.863057],[7.056283,4.862997],[7.056353,4.863007]]]}},{"type":"Feature","properties":{"h":3.0,"on_route":false},"geometry":{"type":"Polygon","coordinates":[[[7.054285,4.863174],[7.054277,4.863322],[7.054194,4.863318],[7.054202,4.863169],[7.054285,4.863174]]]}},{"type":"Feature","properties":{"h":3.0,"on_route":false},"geometry":{"type":"Polygon","coordinates":[[[7.056935,4.858418],[7.056933,4.858464],[7.056711,4.858457],[7.056712,4.858411],[7.056935,4.858418]]]}},{"type":"Feature","properties":{"h":3.0,"on_route":false},"geometry":{"type":"Polygon","coordinates":[[[7.057479,4.861815],[7.057455,4.861857],[7.057362,4.861804],[7.057386,4.861762],[7.057479,4.861815]]]}},{"type":"Feature","properties":{"h":3.0,"on_route":false},"geometry":{"type":"Polygon","coordinates":[[[7.05543,4.860204],[7.055261,4.860235],[7.055251,4.860182],[7.05542,4.860151],[7.05543,4.860204]]]}},{"type":"Feature","properties":{"h":3.0,"on_route":false},"geometry":{"type":"Polygon","coordinates":[[[7.055328,4.860793],[7.055322,4.86086],[7.055271,4.860855],[7.055277,4.860788],[7.055328,4.860793]]]}},{"type":"Feature","properties":{"h":3.0,"on_route":false},"geometry":{"type":"Polygon","coordinates":[[[7.055726,4.864035],[7.05561,4.864156],[7.055543,4.864091],[7.055659,4.86397],[7.055726,4.864035]]]}},{"type":"Feature","properties":{"h":3.0,"on_route":false},"geometry":{"type":"Polygon","coordinates":[[[7.060603,4.858913],[7.060571,4.859009],[7.06043,4.858963],[7.060462,4.858867],[7.060603,4.858913]]]}},{"type":"Feature","properties":{"h":3.0,"on_route":true},"geometry":{"type":"Polygon","coordinates":[[[7.05733,4.862396],[7.057266,4.86239],[7.057267,4.862378],[7.057231,4.862375],[7.057227,4.862418],[7.057181,4.862413],[7.057195,4.862259],[7.057241,4.862264],[7.057244,4.862232],[7.057344,4.862241],[7.05733,4.862396]]]}},{"type":"Feature","properties":{"h":3.0,"on_route":false},"geometry":{"type":"Polygon","coordinates":[[[7.060731,4.860857],[7.060685,4.860857],[7.060686,4.860823],[7.060731,4.860823],[7.060731,4.860857]]]}},{"type":"Feature","properties":{"h":3.0,"on_route":false},"geometry":{"type":"Polygon","coordinates":[[[7.057225,4.858312],[7.057232,4.858394],[7.057135,4.858402],[7.057128,4.85832],[7.057225,4.858312]]]}},{"type":"Feature","properties":{"h":3.0,"on_route":false},"geometry":{"type":"Polygon","coordinates":[[[7.057426,4.860063],[7.057422,4.860144],[7.057326,4.860139],[7.05733,4.860058],[7.057426,4.860063]]]}},{"type":"Feature","properties":{"h":3.0,"on_route":false},"geometry":{"type":"Polygon","coordinates":[[[7.057781,4.861492],[7.057674,4.861494],[7.057673,4.861436],[7.05778,4.861434],[7.057781,4.861492]]]}},{"type":"Feature","properties":{"h":3.0,"on_route":false},"geometry":{"type":"Polygon","coordinates":[[[7.056931,4.858668],[7.056829,4.858685],[7.056814,4.858598],[7.056852,4.858591],[7.056847,4.85856],[7.056912,4.85855],[7.056931,4.858668]]]}},{"type":"Feature","properties":{"h":3.0,"on_route":true},"geometry":{"type":"Polygon","coordinates":[[[7.058148,4.863675],[7.058131,4.863765],[7.058023,4.863744],[7.05804,4.863654],[7.058148,4.863675]]]}},{"type":"Feature","properties":{"h":3.0,"on_route":false},"geometry":{"type":"Polygon","coordinates":[[[7.059752,4.862668],[7.059721,4.862707],[7.05965,4.862648],[7.059681,4.86261],[7.059752,4.862668]]]}},{"type":"Feature","properties":{"h":3.0,"on_route":false},"geometry":{"type":"Polygon","coordinates":[[[7.059248,4.859326],[7.059215,4.859317],[7.059229,4.859265],[7.059262,4.859274],[7.059248,4.859326]]]}},{"type":"Feature","properties":{"h":3.0,"on_route":false},"geometry":{"type":"Polygon","coordinates":[[[7.057694,4.85715],[7.057688,4.857228],[7.057565,4.857219],[7.057571,4.857141],[7.057694,4.85715]]]}},{"type":"Feature","properties":{"h":3.0,"on_route":false},"geometry":{"type":"Polygon","coordinates":[[[7.058307,4.857283],[7.058326,4.857291],[7.058246,4.857475],[7.058167,4.85744],[7.058276,4.857189],[7.058337,4.857216],[7.058307,4.857283]]]}},{"type":"Feature","properties":{"h":3.0,"on_route":false},"geometry":{"type":"Polygon","coordinates":[[[7.054352,4.862742],[7.05427,4.862756],[7.054246,4.862616],[7.05429,4.862608],[7.054284,4.862572],[7.054322,4.862565],[7.054352,4.862742]]]}},{"type":"Feature","properties":{"h":3.0,"on_route":false},"geometry":{"type":"Polygon","coordinates":[[[7.058761,4.861237],[7.058666,4.861329],[7.058586,4.861245],[7.058681,4.861154],[7.058761,4.861237]]]}},{"type":"Feature","properties":{"h":3.0,"on_route":true},"geometry":{"type":"Polygon","coordinates":[[[7.057855,4.863452],[7.057795,4.863477],[7.057773,4.863423],[7.057832,4.863398],[7.057855,4.863452]]]}},{"type":"Feature","properties":{"h":3.0,"on_route":false},"geometry":{"type":"Polygon","coordinates":[[[7.054854,4.860668],[7.054864,4.860744],[7.054873,4.860795],[7.054785,4.86081],[7.054703,4.860319],[7.054811,4.8603],[7.05481,4.860298],[7.054873,4.860281],[7.054875,4.860289],[7.054878,4.860289],[7.054888,4.86034],[7.054887,4.86034],[7.054887,4.860343],[7.054859,4.860348],[7.054826,4.860357],[7.054826,4.860353],[7.054799,4.860358],[7.054851,4.860665],[7.054852,4.860664],[7.054853,4.860668],[7.054854,4.860668]]]}},{"type":"Feature","properties":{"h":3.0,"on_route":false},"geometry":{"type":"Polygon","coordinates":[[[7.058469,4.86208],[7.05841,4.8622],[7.058335,4.862164],[7.058393,4.862044],[7.058469,4.86208]]]}},{"type":"Feature","properties":{"h":3.0,"on_route":false},"geometry":{"type":"Polygon","coordinates":[[[7.057675,4.861101],[7.057649,4.8612],[7.057527,4.861169],[7.057552,4.861069],[7.057675,4.861101]]]}},{"type":"Feature","properties":{"h":3.0,"on_route":false},"geometry":{"type":"Polygon","coordinates":[[[7.057367,4.857925],[7.057248,4.857931],[7.057246,4.857891],[7.057365,4.857884],[7.057367,4.857925]]]}},{"type":"Feature","properties":{"h":3.0,"on_route":false},"geometry":{"type":"Polygon","coordinates":[[[7.055726,4.863888],[7.055696,4.863932],[7.05564,4.863894],[7.05567,4.86385],[7.055726,4.863888]]]}},{"type":"Feature","properties":{"h":3.0,"on_route":false},"geometry":{"type":"Polygon","coordinates":[[[7.056206,4.863196],[7.056192,4.863255],[7.056103,4.863234],[7.056118,4.863175],[7.056206,4.863196]]]}},{"type":"Feature","properties":{"h":3.0,"on_route":false},"geometry":{"type":"Polygon","coordinates":[[[7.057982,4.85762],[7.057965,4.857674],[7.057987,4.857681],[7.057974,4.857724],[7.057892,4.857699],[7.057922,4.857602],[7.057982,4.85762]]]}},{"type":"Feature","properties":{"h":3.0,"on_route":false},"geometry":{"type":"Polygon","coordinates":[[[7.056734,4.858653],[7.056735,4.85868],[7.056801,4.858677],[7.056804,4.858727],[7.056701,4.858732],[7.056697,4.858655],[7.056734,4.858653]]]}},{"type":"Feature","properties":{"h":3.0,"on_route":false},"geometry":{"type":"Polygon","coordinates":[[[7.05451,4.860517],[7.054417,4.860534],[7.054391,4.860394],[7.054485,4.860377],[7.05451,4.860517]]]}},{"type":"Feature","properties":{"h":3.0,"on_route":false},"geometry":{"type":"Polygon","coordinates":[[[7.055139,4.862891],[7.05513,4.863082],[7.055049,4.863079],[7.055057,4.862887],[7.055139,4.862891]]]}},{"type":"Feature","properties":{"h":3.0,"on_route":false},"geometry":{"type":"Polygon","coordinates":[[[7.058716,4.860941],[7.058669,4.860918],[7.058741,4.860773],[7.058788,4.860797],[7.058716,4.860941]]]}},{"type":"Feature","properties":{"h":3.0,"on_route":false},"geometry":{"type":"Polygon","coordinates":[[[7.058551,4.857297],[7.058517,4.85741],[7.058528,4.857414],[7.058539,4.857377],[7.058567,4.857386],[7.058542,4.857469],[7.058508,4.857459],[7.058501,4.85748],[7.058435,4.85746],[7.058491,4.857279],[7.058551,4.857297]]]}},{"type":"Feature","properties":{"h":3.0,"on_route":false},"geometry":{"type":"Polygon","coordinates":[[[7.053511,4.860409],[7.053425,4.860415],[7.053419,4.860332],[7.053505,4.860326],[7.053511,4.860409]]]}},{"type":"Feature","properties":{"h":3.0,"on_route":false},"geometry":{"type":"Polygon","coordinates":[[[7.057388,4.862702],[7.057383,4.862752],[7.057321,4.862746],[7.057326,4.862695],[7.057388,4.862702]]]}},{"type":"Feature","properties":{"h":3.0,"on_route":false},"geometry":{"type":"Polygon","coordinates":[[[7.058727,4.863248],[7.058816,4.863137],[7.058938,4.863235],[7.058904,4.863278],[7.058841,4.863227],[7.058787,4.863296],[7.058727,4.863248]]]}},{"type":"Feature","properties":{"h":3.0,"on_route":false},"geometry":{"type":"Polygon","coordinates":[[[7.053467,4.859846],[7.05347,4.859913],[7.05335,4.85992],[7.053347,4.859853],[7.053467,4.859846]]]}},{"type":"Feature","properties":{"h":3.0,"on_route":false},"geometry":{"type":"Polygon","coordinates":[[[7.059297,4.859231],[7.059269,4.859275],[7.059238,4.859256],[7.059208,4.859305],[7.059154,4.859271],[7.059212,4.859178],[7.059297,4.859231]]]}},{"type":"Feature","properties":{"h":3.0,"on_route":false},"geometry":{"type":"Polygon","coordinates":[[[7.053723,4.85943],[7.053704,4.859554],[7.053638,4.859544],[7.053658,4.859419],[7.053723,4.85943]]]}},{"type":"Feature","properties":{"h":3.0,"on_route":false},"geometry":{"type":"Polygon","coordinates":[[[7.060095,4.858107],[7.060024,4.858261],[7.059845,4.858179],[7.059916,4.858024],[7.060095,4.858107]]]}},{"type":"Feature","properties":{"h":3.0,"on_route":false},"geometry":{"type":"Polygon","coordinates":[[[7.057444,4.860169],[7.057426,4.86026],[7.057469,4.860269],[7.057446,4.86038],[7.057277,4.860345],[7.057318,4.860143],[7.057444,4.860169]]]}},{"type":"Feature","properties":{"h":3.0,"on_route":false},"geometry":{"type":"Polygon","coordinates":[[[7.059621,4.861306],[7.059555,4.861399],[7.059463,4.861332],[7.05953,4.86124],[7.059621,4.861306]]]}},{"type":"Feature","properties":{"h":3.0,"on_route":false},"geometry":{"type":"Polygon","coordinates":[[[7.058582,4.85868],[7.058551,4.858756],[7.058455,4.858717],[7.058485,4.858641],[7.058582,4.85868]]]}},{"type":"Feature","properties":{"h":3.0,"on_route":false},"geometry":{"type":"Polygon","coordinates":[[[7.058507,4.862166],[7.058454,4.862137],[7.058504,4.862044],[7.058558,4.862073],[7.058507,4.862166]]]}},{"type":"Feature","properties":{"h":3.0,"on_route":false},"geometry":{"type":"Polygon","coordinates":[[[7.057338,4.865164],[7.057311,4.865283],[7.057042,4.86522],[7.057069,4.865102],[7.057338,4.865164]]]}},{"type":"Feature","properties":{"h":3.0,"on_route":false},"geometry":{"type":"Polygon","coordinates":[[[7.055755,4.862272],[7.055746,4.862332],[7.055577,4.862307],[7.055586,4.862247],[7.055755,4.862272]]]}},{"type":"Feature","properties":{"h":3.0,"on_route":false},"geometry":{"type":"Polygon","coordinates":[[[7.05726,4.860022],[7.057253,4.86014],[7.057115,4.860131],[7.057122,4.860014],[7.05726,4.860022]]]}},{"type":"Feature","properties":{"h":3.0,"on_route":false},"geometry":{"type":"Polygon","coordinates":[[[7.058945,4.860433],[7.058898,4.860514],[7.05887,4.860498],[7.058917,4.860416],[7.058945,4.860433]]]}},{"type":"Feature","properties":{"h":3.0,"on_route":false},"geometry":{"type":"Polygon","coordinates":[[[7.053816,4.860998],[7.053816,4.861057],[7.053766,4.861057],[7.053766,4.860998],[7.053816,4.860998]]]}},{"type":"Feature","properties":{"h":3.0,"on_route":false},"geometry":{"type":"Polygon","coordinates":[[[7.059041,4.859353],[7.05897,4.859469],[7.058891,4.85942],[7.058961,4.859304],[7.059041,4.859353]]]}},{"type":"Feature","properties":{"h":3.0,"on_route":false},"geometry":{"type":"Polygon","coordinates":[[[7.055094,4.858314],[7.055078,4.858371],[7.055039,4.858359],[7.055056,4.858303],[7.055094,4.858314]]]}},{"type":"Feature","properties":{"h":3.0,"on_route":false},"geometry":{"type":"Polygon","coordinates":[[[7.0555,4.862984],[7.0555,4.863056],[7.055445,4.863055],[7.055446,4.862983],[7.0555,4.862984]]]}},{"type":"Feature","properties":{"h":3.0,"on_route":false},"geometry":{"type":"Polygon","coordinates":[[[7.057253,4.859409],[7.057252,4.859377],[7.057499,4.859367],[7.057501,4.85942],[7.057524,4.859419],[7.057529,4.85955],[7.057506,4.859551],[7.057509,4.859601],[7.057381,4.859606],[7.057376,4.8595],[7.057299,4.859504],[7.057297,4.859456],[7.057198,4.859461],[7.057195,4.859411],[7.057253,4.859409]]]}},{"type":"Feature","properties":{"h":3.0,"on_route":false},"geometry":{"type":"Polygon","coordinates":[[[7.056351,4.858301],[7.056355,4.85835],[7.056276,4.858357],[7.056272,4.858307],[7.056351,4.858301]]]}},{"type":"Feature","properties":{"h":3.0,"on_route":false},"geometry":{"type":"Polygon","coordinates":[[[7.058278,4.861162],[7.05824,4.861254],[7.058178,4.861228],[7.058217,4.861136],[7.058278,4.861162]]]}},{"type":"Feature","properties":{"h":3.0,"on_route":false},"geometry":{"type":"Polygon","coordinates":[[[7.057426,4.858357],[7.057232,4.858369],[7.057223,4.85823],[7.057416,4.858218],[7.057426,4.858357]]]}},{"type":"Feature","properties":{"h":3.0,"on_route":false},"geometry":{"type":"Polygon","coordinates":[[[7.057603,4.863951],[7.057596,4.863976],[7.057632,4.863987],[7.057605,4.864076],[7.057539,4.864055],[7.057558,4.863993],[7.057481,4.863969],[7.057496,4.863918],[7.057603,4.863951]]]}},{"type":"Feature","properties":{"h":3.0,"on_route":false},"geometry":{"type":"Polygon","coordinates":[[[7.057513,4.858105],[7.057509,4.858154],[7.057479,4.858152],[7.057483,4.858102],[7.057513,4.858105]]]}},{"type":"Feature","properties":{"h":3.0,"on_route":false},"geometry":{"type":"Polygon","coordinates":[[[7.055113,4.860063],[7.05505,4.860076],[7.055027,4.859971],[7.05509,4.859957],[7.055113,4.860063]]]}},{"type":"Feature","properties":{"h":3.0,"on_route":false},"geometry":{"type":"Polygon","coordinates":[[[7.060893,4.859323],[7.060846,4.859452],[7.060869,4.859461],[7.060812,4.859616],[7.06066,4.85956],[7.060764,4.859276],[7.060893,4.859323]]]}},{"type":"Feature","properties":{"h":3.0,"on_route":false},"geometry":{"type":"Polygon","coordinates":[[[7.059913,4.858758],[7.059883,4.858836],[7.059787,4.858799],[7.059817,4.85872],[7.059913,4.858758]]]}},{"type":"Feature","properties":{"h":3.0,"on_route":false},"geometry":{"type":"Polygon","coordinates":[[[7.057951,4.857891],[7.05791,4.857889],[7.057906,4.857954],[7.057813,4.857949],[7.057814,4.857924],[7.057786,4.857922],[7.057785,4.857947],[7.057724,4.857944],[7.057728,4.857858],[7.057853,4.857864],[7.057856,4.857792],[7.057836,4.857791],[7.057838,4.857766],[7.057957,4.857773],[7.057951,4.857891]]]}},{"type":"Feature","properties":{"h":3.0,"on_route":false},"geometry":{"type":"Polygon","coordinates":[[[7.054454,4.862469],[7.05442,4.862476],[7.054444,4.862583],[7.054385,4.862596],[7.054344,4.862406],[7.054437,4.862386],[7.054454,4.862469]]]}},{"type":"Feature","properties":{"h":3.0,"on_route":false},"geometry":{"type":"Polygon","coordinates":[[[7.055851,4.861971],[7.055836,4.862107],[7.055742,4.862096],[7.055757,4.86196],[7.055851,4.861971]]]}},{"type":"Feature","properties":{"h":3.0,"on_route":false},"geometry":{"type":"Polygon","coordinates":[[[7.054999,4.862942],[7.054998,4.862968],[7.055054,4.862971],[7.055049,4.863079],[7.054905,4.863072],[7.05491,4.862964],[7.054933,4.862965],[7.054934,4.862939],[7.054999,4.862942]]]}},{"type":"Feature","properties":{"h":3.0,"on_route":false},"geometry":{"type":"Polygon","coordinates":[[[7.055099,4.862606],[7.054976,4.862616],[7.054968,4.862518],[7.055092,4.862508],[7.055099,4.862606]]]}},{"type":"Feature","properties":{"h":3.0,"on_route":false},"geometry":{"type":"Polygon","coordinates":[[[7.059547,4.858726],[7.059499,4.858878],[7.059369,4.858836],[7.059417,4.858685],[7.059547,4.858726]]]}},{"type":"Feature","properties":{"h":3.0,"on_route":false},"geometry":{"type":"Polygon","coordinates":[[[7.05716,4.86013],[7.057149,4.860319],[7.057087,4.860315],[7.057098,4.860126],[7.05716,4.86013]]]}},{"type":"Feature","properties":{"h":3.0,"on_route":false},"geometry":{"type":"Polygon","coordinates":[[[7.058065,4.860765],[7.058052,4.860853],[7.057958,4.860839],[7.057971,4.860751],[7.058065,4.860765]]]}},{"type":"Feature","properties":{"h":3.0,"on_route":false},"geometry":{"type":"Polygon","coordinates":[[[7.058056,4.861767],[7.058008,4.861993],[7.057904,4.86197],[7.057953,4.861745],[7.058056,4.861767]]]}},{"type":"Feature","properties":{"h":3.0,"on_route":false},"geometry":{"type":"Polygon","coordinates":[[[7.060199,4.858375],[7.060112,4.858537],[7.060023,4.85849],[7.06009,4.858365],[7.060063,4.85835],[7.060083,4.858313],[7.060199,4.858375]]]}},{"type":"Feature","properties":{"h":3.0,"on_route":false},"geometry":{"type":"Polygon","coordinates":[[[7.05895,4.857785],[7.058855,4.857743],[7.058951,4.857527],[7.059046,4.857569],[7.05895,4.857785]]]}},{"type":"Feature","properties":{"h":3.0,"on_route":false},"geometry":{"type":"Polygon","coordinates":[[[7.05849,4.861292],[7.058458,4.861267],[7.058399,4.861343],[7.058328,4.861288],[7.058401,4.861194],[7.058504,4.861273],[7.05849,4.861292]]]}},{"type":"Feature","properties":{"h":3.0,"on_route":false},"geometry":{"type":"Polygon","coordinates":[[[7.057736,4.858398],[7.057732,4.858462],[7.057569,4.858452],[7.057573,4.858388],[7.057736,4.858398]]]}},{"type":"Feature","properties":{"h":3.0,"on_route":false},"geometry":{"type":"Polygon","coordinates":[[[7.057497,4.860178],[7.057493,4.860254],[7.057447,4.860252],[7.057452,4.860176],[7.057497,4.860178]]]}},{"type":"Feature","properties":{"h":3.0,"on_route":false},"geometry":{"type":"Polygon","coordinates":[[[7.05798,4.860721],[7.057963,4.860781],[7.057886,4.860759],[7.057902,4.8607],[7.05798,4.860721]]]}},{"type":"Feature","properties":{"h":3.0,"on_route":false},"geometry":{"type":"Polygon","coordinates":[[[7.05445,4.858481],[7.054435,4.85859],[7.054239,4.858562],[7.054254,4.858454],[7.05445,4.858481]]]}},{"type":"Feature","properties":{"h":3.0,"on_route":false},"geometry":{"type":"Polygon","coordinates":[[[7.055705,4.85881],[7.055715,4.858891],[7.055667,4.858897],[7.055657,4.858816],[7.055705,4.85881]]]}},{"type":"Feature","properties":{"h":3.0,"on_route":false},"geometry":{"type":"Polygon","coordinates":[[[7.05514,4.859789],[7.055146,4.859848],[7.055072,4.859856],[7.055066,4.859797],[7.05514,4.859789]]]}},{"type":"Feature","properties":{"h":3.0,"on_route":false},"geometry":{"type":"Polygon","coordinates":[[[7.060536,4.859573],[7.060502,4.859629],[7.060339,4.85953],[7.060372,4.859474],[7.060536,4.859573]]]}},{"type":"Feature","properties":{"h":3.0,"on_route":true},"geometry":{"type":"Polygon","coordinates":[[[7.056511,4.861864],[7.056504,4.86193],[7.056404,4.86192],[7.056411,4.861854],[7.056511,4.861864]]]}},{"type":"Feature","properties":{"h":3.0,"on_route":false},"geometry":{"type":"Polygon","coordinates":[[[7.054776,4.862527],[7.054779,4.862612],[7.054699,4.862615],[7.054696,4.86253],[7.054776,4.862527]]]}},{"type":"Feature","properties":{"h":3.0,"on_route":false},"geometry":{"type":"Polygon","coordinates":[[[7.054389,4.861392],[7.05439,4.861427],[7.054302,4.861431],[7.054301,4.861396],[7.054389,4.861392]]]}},{"type":"Feature","properties":{"h":3.0,"on_route":false},"geometry":{"type":"Polygon","coordinates":[[[7.057245,4.857954],[7.057108,4.857964],[7.057103,4.857897],[7.057241,4.857887],[7.057245,4.857954]]]}},{"type":"Feature","properties":{"h":3.0,"on_route":false},"geometry":{"type":"Polygon","coordinates":[[[7.053075,4.862966],[7.053071,4.863019],[7.052953,4.86301],[7.052957,4.862958],[7.053075,4.862966]]]}},{"type":"Feature","properties":{"h":3.0,"on_route":false},"geometry":{"type":"Polygon","coordinates":[[[7.057205,4.857227],[7.05722,4.857363],[7.057114,4.857374],[7.0571,4.857238],[7.057205,4.857227]]]}},{"type":"Feature","properties":{"h":3.0,"on_route":false},"geometry":{"type":"Polygon","coordinates":[[[7.054728,4.864626],[7.054681,4.864632],[7.054674,4.864581],[7.054721,4.864575],[7.054728,4.864626]]]}},{"type":"Feature","properties":{"h":3.0,"on_route":false},"geometry":{"type":"Polygon","coordinates":[[[7.053387,4.860216],[7.053394,4.86031],[7.053417,4.860309],[7.053425,4.860415],[7.053338,4.860421],[7.053324,4.860221],[7.053387,4.860216]]]}},{"type":"Feature","properties":{"h":3.0,"on_route":false},"geometry":{"type":"Polygon","coordinates":[[[7.057523,4.862053],[7.057707,4.86207],[7.057703,4.86212],[7.057647,4.862115],[7.057644,4.862158],[7.057515,4.862147],[7.057523,4.862053]]]}},{"type":"Feature","properties":{"h":3.0,"on_route":false},"geometry":{"type":"Polygon","coordinates":[[[7.056738,4.857837],[7.056657,4.857843],[7.056653,4.857794],[7.056734,4.857787],[7.056738,4.857837]]]}},{"type":"Feature","properties":{"h":3.0,"on_route":false},"geometry":{"type":"Polygon","coordinates":[[[7.058514,4.859339],[7.058499,4.859389],[7.058512,4.859393],[7.05848,4.859496],[7.0584,4.859472],[7.058446,4.859319],[7.058514,4.859339]]]}},{"type":"Feature","properties":{"h":3.0,"on_route":false},"geometry":{"type":"Polygon","coordinates":[[[7.055017,4.862605],[7.055024,4.862703],[7.055075,4.862699],[7.055078,4.862751],[7.054975,4.862759],[7.054964,4.862609],[7.055017,4.862605]]]}},{"type":"Feature","properties":{"h":3.0,"on_route":false},"geometry":{"type":"Polygon","coordinates":[[[7.059143,4.857597],[7.059127,4.857647],[7.059088,4.857635],[7.059104,4.857584],[7.059143,4.857597]]]}},{"type":"Feature","properties":{"h":3.0,"on_route":false},"geometry":{"type":"Polygon","coordinates":[[[7.054317,4.863492],[7.054265,4.863617],[7.054172,4.863579],[7.054223,4.863453],[7.054317,4.863492]]]}},{"type":"Feature","properties":{"h":3.0,"on_route":false},"geometry":{"type":"Polygon","coordinates":[[[7.059894,4.861349],[7.059883,4.861386],[7.059839,4.861373],[7.05985,4.861336],[7.059894,4.861349]]]}},{"type":"Feature","properties":{"h":3.0,"on_route":false},"geometry":{"type":"Polygon","coordinates":[[[7.058688,4.862984],[7.058662,4.863002],[7.058638,4.862966],[7.058664,4.862949],[7.058688,4.862984]]]}},{"type":"Feature","properties":{"h":3.0,"on_route":false},"geometry":{"type":"Polygon","coordinates":[[[7.055841,4.860078],[7.055635,4.860078],[7.055635,4.859995],[7.055841,4.859995],[7.055841,4.860078]]]}},{"type":"Feature","properties":{"h":3.0,"on_route":false},"geometry":{"type":"Polygon","coordinates":[[[7.057311,4.861073],[7.057306,4.861117],[7.05726,4.861112],[7.057265,4.861068],[7.057311,4.861073]]]}},{"type":"Feature","properties":{"h":3.0,"on_route":false},"geometry":{"type":"Polygon","coordinates":[[[7.057529,4.857689],[7.057525,4.857751],[7.057393,4.857744],[7.057397,4.857682],[7.057529,4.857689]]]}},{"type":"Feature","properties":{"h":3.0,"on_route":false},"geometry":{"type":"Polygon","coordinates":[[[7.053403,4.860696],[7.053397,4.860754],[7.053265,4.860741],[7.053271,4.860683],[7.053403,4.860696]]]}},{"type":"Feature","properties":{"h":3.0,"on_route":false},"geometry":{"type":"Polygon","coordinates":[[[7.055602,4.863274],[7.055478,4.863282],[7.055472,4.863178],[7.055595,4.86317],[7.055602,4.863274]]]}},{"type":"Feature","properties":{"h":3.0,"on_route":false},"geometry":{"type":"Polygon","coordinates":[[[7.055659,4.859],[7.055704,4.859662],[7.055638,4.859666],[7.055634,4.859606],[7.055604,4.859608],[7.055563,4.859006],[7.055659,4.859]]]}},{"type":"Feature","properties":{"h":3.0,"on_route":false},"geometry":{"type":"Polygon","coordinates":[[[7.056215,4.858261],[7.056076,4.858293],[7.056066,4.858248],[7.056001,4.858263],[7.05599,4.858211],[7.056193,4.858165],[7.056215,4.858261]]]}},{"type":"Feature","properties":{"h":3.0,"on_route":false},"geometry":{"type":"Polygon","coordinates":[[[7.058828,4.857667],[7.058812,4.857706],[7.058672,4.85765],[7.058688,4.857611],[7.058828,4.857667]]]}},{"type":"Feature","properties":{"h":3.0,"on_route":false},"geometry":{"type":"Polygon","coordinates":[[[7.056459,4.859809],[7.056453,4.859972],[7.056487,4.859974],[7.056486,4.860002],[7.056368,4.859997],[7.056372,4.859893],[7.056278,4.859889],[7.056281,4.859802],[7.056459,4.859809]]]}},{"type":"Feature","properties":{"h":3.0,"on_route":false},"geometry":{"type":"Polygon","coordinates":[[[7.05614,4.858677],[7.056137,4.858744],[7.056066,4.858741],[7.056068,4.858674],[7.05614,4.858677]]]}},{"type":"Feature","properties":{"h":3.0,"on_route":false},"geometry":{"type":"Polygon","coordinates":[[[7.057092,4.864953],[7.057075,4.86502],[7.056908,4.864977],[7.056925,4.86491],[7.057092,4.864953]]]}},{"type":"Feature","properties":{"h":3.0,"on_route":false},"geometry":{"type":"Polygon","coordinates":[[[7.053792,4.859705],[7.05378,4.859772],[7.053669,4.859751],[7.053681,4.859685],[7.053792,4.859705]]]}},{"type":"Feature","properties":{"h":3.0,"on_route":false},"geometry":{"type":"Polygon","coordinates":[[[7.056249,4.861542],[7.056247,4.861577],[7.056192,4.861573],[7.056195,4.861538],[7.056249,4.861542]]]}},{"type":"Feature","properties":{"h":3.0,"on_route":true},"geometry":{"type":"Polygon","coordinates":[[[7.058136,4.864073],[7.058113,4.864133],[7.058053,4.864111],[7.058076,4.86405],[7.058136,4.864073]]]}},{"type":"Feature","properties":{"h":3.0,"on_route":false},"geometry":{"type":"Polygon","coordinates":[[[7.058387,4.857715],[7.058321,4.857844],[7.05827,4.857818],[7.058295,4.857769],[7.058257,4.857749],[7.058298,4.857669],[7.058387,4.857715]]]}},{"type":"Feature","properties":{"h":3.0,"on_route":false},"geometry":{"type":"Polygon","coordinates":[[[7.057857,4.862204],[7.057842,4.862383],[7.057762,4.862376],[7.057778,4.862197],[7.057857,4.862204]]]}},{"type":"Feature","properties":{"h":3.0,"on_route":false},"geometry":{"type":"Polygon","coordinates":[[[7.05459,4.860669],[7.054587,4.860638],[7.054646,4.860633],[7.054649,4.860665],[7.054676,4.860663],[7.054687,4.860809],[7.054601,4.860815],[7.054598,4.860776],[7.054557,4.860779],[7.054549,4.860672],[7.05459,4.860669]]]}},{"type":"Feature","properties":{"h":3.0,"on_route":false},"geometry":{"type":"Polygon","coordinates":[[[7.057439,4.864215],[7.05742,4.864326],[7.05729,4.864303],[7.057309,4.864193],[7.057439,4.864215]]]}},{"type":"Feature","properties":{"h":3.0,"on_route":false},"geometry":{"type":"Polygon","coordinates":[[[7.059147,4.861788],[7.059135,4.861809],[7.059191,4.861842],[7.059153,4.861906],[7.05906,4.861851],[7.05911,4.861766],[7.059147,4.861788]]]}},{"type":"Feature","properties":{"h":3.0,"on_route":false},"geometry":{"type":"Polygon","coordinates":[[[7.054056,4.86102],[7.053832,4.861033],[7.053825,4.860926],[7.054049,4.860912],[7.054056,4.86102]]]}},{"type":"Feature","properties":{"h":3.0,"on_route":false},"geometry":{"type":"Polygon","coordinates":[[[7.056194,4.858763],[7.056194,4.858827],[7.055974,4.858826],[7.055974,4.858762],[7.056194,4.858763]]]}},{"type":"Feature","properties":{"h":3.0,"on_route":false},"geometry":{"type":"Polygon","coordinates":[[[7.059966,4.858727],[7.059954,4.85877],[7.059914,4.85876],[7.059925,4.858716],[7.059966,4.858727]]]}},{"type":"Feature","properties":{"h":3.0,"on_route":false},"geometry":{"type":"Polygon","coordinates":[[[7.058094,4.857356],[7.058075,4.857412],[7.058001,4.857387],[7.05802,4.857331],[7.058094,4.857356]]]}},{"type":"Feature","properties":{"h":3.0,"on_route":false},"geometry":{"type":"Polygon","coordinates":[[[7.058687,4.862285],[7.058644,4.862262],[7.058676,4.862204],[7.058718,4.862228],[7.058687,4.862285]]]}},{"type":"Feature","properties":{"h":3.0,"on_route":false},"geometry":{"type":"Polygon","coordinates":[[[7.06013,4.861304],[7.060113,4.861345],[7.060058,4.861322],[7.060076,4.861281],[7.06013,4.861304]]]}},{"type":"Feature","properties":{"h":3.0,"on_route":false},"geometry":{"type":"Polygon","coordinates":[[[7.056308,4.861148],[7.056302,4.861204],[7.056167,4.86119],[7.056174,4.861133],[7.056308,4.861148]]]}},{"type":"Feature","properties":{"h":3.0,"on_route":false},"geometry":{"type":"Polygon","coordinates":[[[7.054509,4.862235],[7.05442,4.862249],[7.054405,4.862155],[7.054495,4.862141],[7.054509,4.862235]]]}},{"type":"Feature","properties":{"h":3.0,"on_route":false},"geometry":{"type":"Polygon","coordinates":[[[7.058974,4.858174],[7.058956,4.858222],[7.058895,4.858199],[7.058913,4.858151],[7.058974,4.858174]]]}},{"type":"Feature","properties":{"h":3.0,"on_route":false},"geometry":{"type":"Polygon","coordinates":[[[7.060671,4.859362],[7.060615,4.859511],[7.06049,4.859464],[7.060547,4.859315],[7.060671,4.859362]]]}},{"type":"Feature","properties":{"h":3.0,"on_route":false},"geometry":{"type":"Polygon","coordinates":[[[7.057935,4.860278],[7.057881,4.860463],[7.057826,4.860446],[7.05788,4.860262],[7.057935,4.860278]]]}},{"type":"Feature","properties":{"h":3.0,"on_route":false},"geometry":{"type":"Polygon","coordinates":[[[7.057216,4.860587],[7.057215,4.86062],[7.057161,4.860619],[7.057162,4.860586],[7.057216,4.860587]]]}},{"type":"Feature","properties":{"h":3.0,"on_route":false},"geometry":{"type":"Polygon","coordinates":[[[7.057793,4.862075],[7.057785,4.862174],[7.057705,4.862168],[7.057713,4.862068],[7.057793,4.862075]]]}},{"type":"Feature","properties":{"h":3.0,"on_route":false},"geometry":{"type":"Polygon","coordinates":[[[7.05817,4.86223],[7.058182,4.862333],[7.058096,4.862342],[7.058085,4.86224],[7.05817,4.86223]]]}},{"type":"Feature","properties":{"h":3.0,"on_route":false},"geometry":{"type":"Polygon","coordinates":[[[7.053466,4.860034],[7.053468,4.86009],[7.05333,4.860097],[7.053327,4.86004],[7.053466,4.860034]]]}},{"type":"Feature","properties":{"h":3.0,"on_route":false},"geometry":{"type":"Polygon","coordinates":[[[7.055903,4.858468],[7.055903,4.858533],[7.055855,4.858533],[7.055855,4.858468],[7.055903,4.858468]]]}},{"type":"Feature","properties":{"h":3.0,"on_route":false},"geometry":{"type":"Polygon","coordinates":[[[7.053194,4.860477],[7.053184,4.860623],[7.053139,4.86062],[7.05315,4.860474],[7.053194,4.860477]]]}},{"type":"Feature","properties":{"h":3.0,"on_route":false},"geometry":{"type":"Polygon","coordinates":[[[7.057882,4.862113],[7.057861,4.862212],[7.057771,4.862192],[7.057793,4.862093],[7.057882,4.862113]]]}},{"type":"Feature","properties":{"h":3.0,"on_route":false},"geometry":{"type":"Polygon","coordinates":[[[7.058641,4.860079],[7.05859,4.860251],[7.058495,4.860223],[7.058547,4.860051],[7.058641,4.860079]]]}},{"type":"Feature","properties":{"h":3.0,"on_route":false},"geometry":{"type":"Polygon","coordinates":[[[7.057824,4.856973],[7.057791,4.857116],[7.057712,4.857098],[7.057731,4.857015],[7.057698,4.857007],[7.057712,4.856947],[7.057824,4.856973]]]}},{"type":"Feature","properties":{"h":3.0,"on_route":false},"geometry":{"type":"Polygon","coordinates":[[[7.056838,4.856866],[7.056566,4.8569],[7.05656,4.856851],[7.056832,4.856818],[7.056838,4.856866]]]}},{"type":"Feature","properties":{"h":3.0,"on_route":false},"geometry":{"type":"Polygon","coordinates":[[[7.056325,4.863214],[7.056318,4.863263],[7.056196,4.863247],[7.056203,4.863197],[7.056325,4.863214]]]}},{"type":"Feature","properties":{"h":3.0,"on_route":false},"geometry":{"type":"Polygon","coordinates":[[[7.05405,4.862888],[7.054047,4.86293],[7.053987,4.862925],[7.053991,4.862884],[7.05405,4.862888]]]}},{"type":"Feature","properties":{"h":3.0,"on_route":false},"geometry":{"type":"Polygon","coordinates":[[[7.058865,4.862003],[7.058806,4.86197],[7.058866,4.86186],[7.058926,4.861893],[7.058865,4.862003]]]}},{"type":"Feature","properties":{"h":3.0,"on_route":false},"geometry":{"type":"Polygon","coordinates":[[[7.059843,4.861302],[7.05982,4.861343],[7.059658,4.861254],[7.05968,4.861213],[7.059843,4.861302]]]}},{"type":"Feature","properties":{"h":3.0,"on_route":false},"geometry":{"type":"Polygon","coordinates":[[[7.053993,4.863839],[7.053934,4.864016],[7.053876,4.863997],[7.053934,4.86382],[7.053993,4.863839]]]}},{"type":"Feature","properties":{"h":3.0,"on_route":false},"geometry":{"type":"Polygon","coordinates":[[[7.05802,4.861542],[7.057985,4.861629],[7.057862,4.861579],[7.057898,4.861492],[7.05802,4.861542]]]}},{"type":"Feature","properties":{"h":3.0,"on_route":false},"geometry":{"type":"Polygon","coordinates":[[[7.057896,4.862623],[7.057794,4.862648],[7.057779,4.862586],[7.057817,4.862577],[7.057808,4.862543],[7.057716,4.862565],[7.057702,4.862509],[7.05786,4.862471],[7.057896,4.862623]]]}},{"type":"Feature","properties":{"h":3.0,"on_route":false},"geometry":{"type":"Polygon","coordinates":[[[7.05802,4.857331],[7.058001,4.857387],[7.057882,4.857347],[7.057901,4.857291],[7.05802,4.857331]]]}},{"type":"Feature","properties":{"h":3.0,"on_route":false},"geometry":{"type":"Polygon","coordinates":[[[7.057548,4.86388],[7.057499,4.863931],[7.057353,4.863791],[7.057402,4.863739],[7.057548,4.86388]]]}},{"type":"Feature","properties":{"h":3.0,"on_route":false},"geometry":{"type":"Polygon","coordinates":[[[7.057466,4.861199],[7.057417,4.861188],[7.05744,4.861082],[7.057489,4.861092],[7.057466,4.861199]]]}},{"type":"Feature","properties":{"h":3.0,"on_route":false},"geometry":{"type":"Polygon","coordinates":[[[7.056359,4.860461],[7.056349,4.86057],[7.056277,4.860564],[7.056281,4.860523],[7.056219,4.860518],[7.056225,4.860449],[7.056359,4.860461]]]}},{"type":"Feature","properties":{"h":3.0,"on_route":false},"geometry":{"type":"Polygon","coordinates":[[[7.052911,4.862217],[7.052907,4.862289],[7.05269,4.862276],[7.052694,4.862204],[7.052911,4.862217]]]}},{"type":"Feature","properties":{"h":3.0,"on_route":false},"geometry":{"type":"Polygon","coordinates":[[[7.052875,4.861739],[7.052871,4.861784],[7.052846,4.861782],[7.05285,4.861737],[7.052875,4.861739]]]}},{"type":"Feature","properties":{"h":3.0,"on_route":false},"geometry":{"type":"Polygon","coordinates":[[[7.057203,4.857406],[7.057201,4.857491],[7.057225,4.857492],[7.057223,4.857559],[7.057104,4.857556],[7.057108,4.857404],[7.057203,4.857406]]]}},{"type":"Feature","properties":{"h":3.0,"on_route":false},"geometry":{"type":"Polygon","coordinates":[[[7.054141,4.861869],[7.054142,4.862045],[7.054027,4.862046],[7.054026,4.86187],[7.054141,4.861869]]]}},{"type":"Feature","properties":{"h":3.0,"on_route":false},"geometry":{"type":"Polygon","coordinates":[[[7.057235,4.86156],[7.057229,4.86162],[7.057196,4.861617],[7.057201,4.861557],[7.057235,4.86156]]]}},{"type":"Feature","properties":{"h":3.0,"on_route":false},"geometry":{"type":"Polygon","coordinates":[[[7.05776,4.857951],[7.057772,4.858004],[7.057728,4.858014],[7.057716,4.85796],[7.05776,4.857951]]]}},{"type":"Feature","properties":{"h":3.0,"on_route":false},"geometry":{"type":"Polygon","coordinates":[[[7.059499,4.858878],[7.059483,4.858927],[7.059353,4.858886],[7.059369,4.858836],[7.059499,4.858878]]]}},{"type":"Feature","properties":{"h":3.0,"on_route":false},"geometry":{"type":"Polygon","coordinates":[[[7.054826,4.863282],[7.055125,4.863299],[7.055122,4.863368],[7.055075,4.863366],[7.055071,4.863427],[7.054986,4.863422],[7.054987,4.863404],[7.0549,4.863399],[7.054899,4.863418],[7.05484,4.863414],[7.054846,4.863312],[7.054824,4.863311],[7.054826,4.863282]]]}},{"type":"Feature","properties":{"h":3.0,"on_route":false},"geometry":{"type":"Polygon","coordinates":[[[7.058465,4.860958],[7.058448,4.860998],[7.058403,4.860978],[7.058419,4.860939],[7.058465,4.860958]]]}},{"type":"Feature","properties":{"h":3.0,"on_route":false},"geometry":{"type":"Polygon","coordinates":[[[7.056131,4.862295],[7.056116,4.862385],[7.055988,4.862362],[7.056003,4.862272],[7.056131,4.862295]]]}},{"type":"Feature","properties":{"h":3.0,"on_route":false},"geometry":{"type":"Polygon","coordinates":[[[7.058705,4.85869],[7.058805,4.858716],[7.058809,4.858698],[7.058853,4.858709],[7.058835,4.858779],[7.058692,4.858743],[7.058705,4.85869]]]}},{"type":"Feature","properties":{"h":3.0,"on_route":false},"geometry":{"type":"Polygon","coordinates":[[[7.053982,4.862535],[7.053906,4.862555],[7.053888,4.862483],[7.053963,4.862463],[7.053982,4.862535]]]}},{"type":"Feature","properties":{"h":3.0,"on_route":false},"geometry":{"type":"Polygon","coordinates":[[[7.058344,4.859268],[7.058294,4.859438],[7.058219,4.859416],[7.058269,4.859246],[7.058344,4.859268]]]}},{"type":"Feature","properties":{"h":3.0,"on_route":true},"geometry":{"type":"Polygon","coordinates":[[[7.057228,4.863299],[7.057183,4.863283],[7.057174,4.863308],[7.057087,4.863276],[7.057126,4.863169],[7.05719,4.863193],[7.057279,4.862947],[7.057347,4.862972],[7.057228,4.863299]]]}},{"type":"Feature","properties":{"h":3.0,"on_route":false},"geometry":{"type":"Polygon","coordinates":[[[7.055186,4.8582],[7.055112,4.858284],[7.055068,4.858245],[7.055141,4.858161],[7.055186,4.8582]]]}},{"type":"Feature","properties":{"h":3.0,"on_route":false},"geometry":{"type":"Polygon","coordinates":[[[7.05768,4.861647],[7.057585,4.861646],[7.057586,4.861544],[7.057681,4.861544],[7.05768,4.861647]]]}},{"type":"Feature","properties":{"h":3.0,"on_route":false},"geometry":{"type":"Polygon","coordinates":[[[7.060722,4.859717],[7.06068,4.859768],[7.060562,4.859672],[7.060605,4.85962],[7.060722,4.859717]]]}},{"type":"Feature","properties":{"h":3.0,"on_route":false},"geometry":{"type":"Polygon","coordinates":[[[7.059938,4.858811],[7.059922,4.858852],[7.059883,4.858836],[7.059899,4.858795],[7.059938,4.858811]]]}},{"type":"Feature","properties":{"h":3.0,"on_route":false},"geometry":{"type":"Polygon","coordinates":[[[7.057919,4.864356],[7.057895,4.864388],[7.057845,4.864352],[7.057869,4.864319],[7.057919,4.864356]]]}},{"type":"Feature","properties":{"h":3.0,"on_route":false},"geometry":{"type":"Polygon","coordinates":[[[7.057399,4.86445],[7.057389,4.864508],[7.057421,4.864514],[7.057414,4.864558],[7.057233,4.864527],[7.05725,4.864425],[7.057399,4.86445]]]}},{"type":"Feature","properties":{"h":3.0,"on_route":false},"geometry":{"type":"Polygon","coordinates":[[[7.056133,4.860285],[7.056115,4.860367],[7.056003,4.860343],[7.056021,4.86026],[7.056133,4.860285]]]}},{"type":"Feature","properties":{"h":3.0,"on_route":false},"geometry":{"type":"Polygon","coordinates":[[[7.056391,4.860308],[7.056388,4.860345],[7.05635,4.860341],[7.056341,4.860431],[7.056296,4.860427],[7.056308,4.8603],[7.056391,4.860308]]]}},{"type":"Feature","properties":{"h":3.0,"on_route":false},"geometry":{"type":"Polygon","coordinates":[[[7.058341,4.858284],[7.058324,4.858351],[7.058246,4.858331],[7.058262,4.858265],[7.058341,4.858284]]]}},{"type":"Feature","properties":{"h":3.0,"on_route":false},"geometry":{"type":"Polygon","coordinates":[[[7.057913,4.858209],[7.057903,4.858268],[7.057794,4.858251],[7.057803,4.858192],[7.057913,4.858209]]]}},{"type":"Feature","properties":{"h":3.0,"on_route":false},"geometry":{"type":"Polygon","coordinates":[[[7.057336,4.857372],[7.057328,4.85746],[7.057351,4.857462],[7.057346,4.857518],[7.057245,4.857508],[7.057249,4.857469],[7.057213,4.857466],[7.057223,4.857361],[7.057336,4.857372]]]}},{"type":"Feature","properties":{"h":3.0,"on_route":false},"geometry":{"type":"Polygon","coordinates":[[[7.056589,4.860904],[7.056561,4.860985],[7.056496,4.860963],[7.056524,4.860881],[7.056589,4.860904]]]}},{"type":"Feature","properties":{"h":3.0,"on_route":true},"geometry":{"type":"Polygon","coordinates":[[[7.057193,4.862495],[7.057078,4.862508],[7.057068,4.862413],[7.057132,4.862406],[7.057124,4.862341],[7.057175,4.862336],[7.057193,4.862495]]]}},{"type":"Feature","properties":{"h":3.0,"on_route":false},"geometry":{"type":"Polygon","coordinates":[[[7.057535,4.860156],[7.057445,4.860165],[7.057433,4.860046],[7.057522,4.860037],[7.057535,4.860156]]]}},{"type":"Feature","properties":{"h":3.0,"on_route":false},"geometry":{"type":"Polygon","coordinates":[[[7.056921,4.858418],[7.056775,4.858413],[7.056776,4.858361],[7.05683,4.858363],[7.056832,4.858319],[7.056924,4.858322],[7.056921,4.858418]]]}},{"type":"Feature","properties":{"h":3.0,"on_route":false},"geometry":{"type":"Polygon","coordinates":[[[7.055748,4.858157],[7.055715,4.858161],[7.055707,4.858095],[7.055741,4.858091],[7.055748,4.858157]]]}},{"type":"Feature","properties":{"h":3.0,"on_route":false},"geometry":{"type":"Polygon","coordinates":[[[7.055617,4.861335],[7.055425,4.861273],[7.055419,4.861292],[7.055291,4.86125],[7.055318,4.861167],[7.055587,4.861254],[7.055619,4.861155],[7.05567,4.861171],[7.055617,4.861335]]]}},{"type":"Feature","properties":{"h":3.0,"on_route":false},"geometry":{"type":"Polygon","coordinates":[[[7.058319,4.858371],[7.058284,4.858488],[7.058186,4.858458],[7.058222,4.858341],[7.058319,4.858371]]]}},{"type":"Feature","properties":{"h":3.0,"on_route":false},"geometry":{"type":"Polygon","coordinates":[[[7.054542,4.860805],[7.054455,4.860821],[7.05443,4.860678],[7.054517,4.860663],[7.054542,4.860805]]]}},{"type":"Feature","properties":{"h":3.0,"on_route":false},"geometry":{"type":"Polygon","coordinates":[[[7.058362,4.856941],[7.05834,4.85701],[7.058311,4.857],[7.058281,4.857092],[7.058172,4.857056],[7.058189,4.857004],[7.058155,4.856992],[7.058168,4.856953],[7.058202,4.856964],[7.058224,4.856896],[7.058362,4.856941]]]}},{"type":"Feature","properties":{"h":3.0,"on_route":false},"geometry":{"type":"Polygon","coordinates":[[[7.055654,4.861439],[7.055651,4.861465],[7.055598,4.861459],[7.055601,4.861433],[7.055654,4.861439]]]}},{"type":"Feature","properties":{"h":3.0,"on_route":false},"geometry":{"type":"Polygon","coordinates":[[[7.056465,4.856948],[7.056424,4.856957],[7.056416,4.856923],[7.056458,4.856914],[7.056465,4.856948]]]}},{"type":"Feature","properties":{"h":3.0,"on_route":false},"geometry":{"type":"Polygon","coordinates":[[[7.055144,4.862274],[7.055133,4.862426],[7.055074,4.862421],[7.055083,4.862292],[7.055065,4.862291],[7.055066,4.862268],[7.055144,4.862274]]]}},{"type":"Feature","properties":{"h":3.0,"on_route":false},"geometry":{"type":"Polygon","coordinates":[[[7.055828,4.857672],[7.055742,4.857676],[7.055739,4.857621],[7.055536,4.857631],[7.05553,4.85752],[7.055819,4.857505],[7.055828,4.857672]]]}},{"type":"Feature","properties":{"h":3.0,"on_route":false},"geometry":{"type":"Polygon","coordinates":[[[7.059445,4.864063],[7.059534,4.864197],[7.059468,4.864241],[7.059396,4.864133],[7.059379,4.864107],[7.059445,4.864063]]]}},{"type":"Feature","properties":{"h":3.0,"on_route":true},"geometry":{"type":"Polygon","coordinates":[[[7.057201,4.863391],[7.057173,4.863382],[7.057185,4.863342],[7.057213,4.863351],[7.057201,4.863391]]]}},{"type":"Feature","properties":{"h":3.0,"on_route":false},"geometry":{"type":"Polygon","coordinates":[[[7.05386,4.862495],[7.053868,4.862562],[7.053782,4.862572],[7.053775,4.862505],[7.05386,4.862495]]]}},{"type":"Feature","properties":{"h":3.0,"on_route":false},"geometry":{"type":"Polygon","coordinates":[[[7.059708,4.859916],[7.059649,4.859998],[7.05953,4.859911],[7.059589,4.859829],[7.059708,4.859916]]]}},{"type":"Feature","properties":{"h":3.0,"on_route":false},"geometry":{"type":"Polygon","coordinates":[[[7.059516,4.858282],[7.059647,4.858341],[7.059634,4.85837],[7.059503,4.858311],[7.059516,4.858282]]]}},{"type":"Feature","properties":{"h":3.0,"on_route":false},"geometry":{"type":"Polygon","coordinates":[[[7.057569,4.857141],[7.057562,4.85722],[7.057467,4.857211],[7.057474,4.857133],[7.057569,4.857141]]]}},{"type":"Feature","properties":{"h":3.0,"on_route":false},"geometry":{"type":"Polygon","coordinates":[[[7.059108,4.860766],[7.059003,4.860902],[7.058925,4.860842],[7.05903,4.860705],[7.059108,4.860766]]]}},{"type":"Feature","properties":{"h":3.0,"on_route":false},"geometry":{"type":"Polygon","coordinates":[[[7.05797,4.862944],[7.05798,4.862991],[7.057954,4.862997],[7.057944,4.86295],[7.05797,4.862944]]]}},{"type":"Feature","properties":{"h":3.0,"on_route":false},"geometry":{"type":"Polygon","coordinates":[[[7.058878,4.860491],[7.058868,4.860525],[7.058892,4.860533],[7.058876,4.860584],[7.058806,4.860562],[7.058832,4.860476],[7.058878,4.860491]]]}},{"type":"Feature","properties":{"h":3.0,"on_route":false},"geometry":{"type":"Polygon","coordinates":[[[7.057738,4.85802],[7.057733,4.858102],[7.057688,4.8581],[7.057692,4.858017],[7.057738,4.85802]]]}},{"type":"Feature","properties":{"h":3.0,"on_route":false},"geometry":{"type":"Polygon","coordinates":[[[7.054943,4.861621],[7.054961,4.861844],[7.054897,4.86185],[7.054883,4.861671],[7.054794,4.861678],[7.05479,4.861633],[7.054943,4.861621]]]}},{"type":"Feature","properties":{"h":3.0,"on_route":false},"geometry":{"type":"Polygon","coordinates":[[[7.059664,4.858789],[7.059597,4.858998],[7.05949,4.858964],[7.059558,4.858755],[7.059664,4.858789]]]}},{"type":"Feature","properties":{"h":3.0,"on_route":false},"geometry":{"type":"Polygon","coordinates":[[[7.056332,4.860568],[7.056474,4.860582],[7.056469,4.860631],[7.056328,4.860618],[7.056332,4.860568]]]}},{"type":"Feature","properties":{"h":3.0,"on_route":false},"geometry":{"type":"Polygon","coordinates":[[[7.055876,4.861904],[7.055919,4.861908],[7.055924,4.861853],[7.055974,4.861858],[7.055969,4.861913],[7.056171,4.861933],[7.056167,4.861976],[7.056099,4.861969],[7.056095,4.862011],[7.05591,4.861993],[7.055909,4.862009],[7.055866,4.862004],[7.055876,4.861904]]]}},{"type":"Feature","properties":{"h":3.0,"on_route":false},"geometry":{"type":"Polygon","coordinates":[[[7.053619,4.864071],[7.053837,4.864122],[7.053821,4.864193],[7.053697,4.864164],[7.05368,4.864236],[7.053585,4.864213],[7.053619,4.864071]]]}},{"type":"Feature","properties":{"h":3.0,"on_route":false},"geometry":{"type":"Polygon","coordinates":[[[7.053944,4.86044],[7.053948,4.860482],[7.053902,4.860486],[7.053898,4.860445],[7.053944,4.86044]]]}},{"type":"Feature","properties":{"h":3.0,"on_route":true},"geometry":{"type":"Polygon","coordinates":[[[7.057363,4.863087],[7.057313,4.863224],[7.057262,4.863205],[7.057312,4.863069],[7.057363,4.863087]]]}},{"type":"Feature","properties":{"h":3.0,"on_route":false},"geometry":{"type":"Polygon","coordinates":[[[7.057934,4.861833],[7.057928,4.861897],[7.057808,4.861887],[7.057814,4.861822],[7.057934,4.861833]]]}},{"type":"Feature","properties":{"h":3.0,"on_route":false},"geometry":{"type":"Polygon","coordinates":[[[7.055119,4.863098],[7.055109,4.863284],[7.055048,4.863281],[7.055058,4.863095],[7.055119,4.863098]]]}},{"type":"Feature","properties":{"h":3.0,"on_route":true},"geometry":{"type":"Polygon","coordinates":[[[7.057885,4.863726],[7.057865,4.8638],[7.057782,4.863777],[7.057802,4.863704],[7.057885,4.863726]]]}},{"type":"Feature","properties":{"h":3.0,"on_route":false},"geometry":{"type":"Polygon","coordinates":[[[7.056408,4.858932],[7.056748,4.858949],[7.056743,4.859039],[7.056404,4.859022],[7.056408,4.858932]]]}},{"type":"Feature","properties":{"h":3.0,"on_route":false},"geometry":{"type":"Polygon","coordinates":[[[7.058088,4.862587],[7.057984,4.862595],[7.057975,4.862489],[7.05808,4.862481],[7.058088,4.862587]]]}},{"type":"Feature","properties":{"h":3.0,"on_route":false},"geometry":{"type":"Polygon","coordinates":[[[7.054484,4.863604],[7.054454,4.863683],[7.054278,4.863614],[7.054309,4.863536],[7.054484,4.863604]]]}},{"type":"Feature","properties":{"h":3.0,"on_route":false},"geometry":{"type":"Polygon","coordinates":[[[7.055583,4.862452],[7.055579,4.862507],[7.055538,4.862504],[7.055542,4.862449],[7.055583,4.862452]]]}},{"type":"Feature","properties":{"h":3.0,"on_route":false},"geometry":{"type":"Polygon","coordinates":[[[7.057018,4.864116],[7.057013,4.864188],[7.05693,4.864182],[7.056935,4.86411],[7.057018,4.864116]]]}},{"type":"Feature","properties":{"h":3.0,"on_route":false},"geometry":{"type":"Polygon","coordinates":[[[7.055909,4.858751],[7.055958,4.858751],[7.055957,4.858871],[7.055849,4.85887],[7.05585,4.858729],[7.055909,4.858729],[7.055909,4.858751]]]}},{"type":"Feature","properties":{"h":3.0,"on_route":false},"geometry":{"type":"Polygon","coordinates":[[[7.054692,4.862783],[7.05469,4.862824],[7.054658,4.862822],[7.05466,4.862782],[7.054692,4.862783]]]}},{"type":"Feature","properties":{"h":3.0,"on_route":false},"geometry":{"type":"Polygon","coordinates":[[[7.059855,4.860277],[7.05988,4.860292],[7.059934,4.8602],[7.060076,4.860284],[7.060014,4.860389],[7.059847,4.860291],[7.059855,4.860277]]]}},{"type":"Feature","properties":{"h":3.0,"on_route":false},"geometry":{"type":"Polygon","coordinates":[[[7.054678,4.862553],[7.054674,4.862637],[7.054616,4.862634],[7.05462,4.86255],[7.054678,4.862553]]]}},{"type":"Feature","properties":{"h":3.0,"on_route":false},"geometry":{"type":"Polygon","coordinates":[[[7.05447,4.863471],[7.054448,4.863555],[7.05433,4.863524],[7.054346,4.863464],[7.05432,4.863457],[7.054327,4.863433],[7.05447,4.863471]]]}},{"type":"Feature","properties":{"h":3.0,"on_route":false},"geometry":{"type":"Polygon","coordinates":[[[7.054145,4.862584],[7.054161,4.86265],[7.054252,4.862627],[7.05427,4.862702],[7.054095,4.862745],[7.054089,4.862722],[7.054056,4.86273],[7.054027,4.862613],[7.054145,4.862584]]]}},{"type":"Feature","properties":{"h":3.0,"on_route":false},"geometry":{"type":"Polygon","coordinates":[[[7.054022,4.857955],[7.054026,4.857934],[7.054151,4.857957],[7.054112,4.858169],[7.05397,4.858143],[7.053976,4.85811],[7.053881,4.858093],[7.053911,4.857934],[7.054022,4.857955]]]}},{"type":"Feature","properties":{"h":3.0,"on_route":false},"geometry":{"type":"Polygon","coordinates":[[[7.056413,4.860835],[7.056407,4.86092],[7.056472,4.860925],[7.056466,4.861002],[7.056318,4.86099],[7.056328,4.860859],[7.056351,4.860861],[7.056354,4.860831],[7.056413,4.860835]]]}},{"type":"Feature","properties":{"h":3.0,"on_route":true},"geometry":{"type":"Polygon","coordinates":[[[7.057817,4.863533],[7.057807,4.863601],[7.057711,4.863586],[7.057721,4.863518],[7.057817,4.863533]]]}},{"type":"Feature","properties":{"h":3.0,"on_route":false},"geometry":{"type":"Polygon","coordinates":[[[7.055705,4.86358],[7.05568,4.863707],[7.055586,4.863688],[7.055611,4.863561],[7.055705,4.86358]]]}},{"type":"Feature","properties":{"h":3.0,"on_route":false},"geometry":{"type":"Polygon","coordinates":[[[7.054615,4.86346],[7.054601,4.863511],[7.054623,4.863518],[7.054605,4.863577],[7.054583,4.86357],[7.054574,4.8636],[7.054449,4.863564],[7.05449,4.863424],[7.054615,4.86346]]]}},{"type":"Feature","properties":{"h":3.0,"on_route":false},"geometry":{"type":"Polygon","coordinates":[[[7.058055,4.85916],[7.058051,4.859208],[7.057926,4.859197],[7.05793,4.859149],[7.058055,4.85916]]]}},{"type":"Feature","properties":{"h":3.0,"on_route":false},"geometry":{"type":"Polygon","coordinates":[[[7.059882,4.858553],[7.059843,4.858656],[7.059801,4.858639],[7.059823,4.858581],[7.0598,4.858573],[7.059818,4.858528],[7.059882,4.858553]]]}},{"type":"Feature","properties":{"h":3.0,"on_route":false},"geometry":{"type":"Polygon","coordinates":[[[7.055881,4.862175],[7.055899,4.862111],[7.056041,4.86215],[7.056013,4.862255],[7.055861,4.862214],[7.055872,4.862173],[7.055881,4.862175]]]}},{"type":"Feature","properties":{"h":3.0,"on_route":false},"geometry":{"type":"Polygon","coordinates":[[[7.056895,4.864237],[7.056887,4.864285],[7.056968,4.864299],[7.056956,4.864374],[7.056797,4.864347],[7.056818,4.864224],[7.056895,4.864237]]]}},{"type":"Feature","properties":{"h":3.0,"on_route":false},"geometry":{"type":"Polygon","coordinates":[[[7.058678,4.861128],[7.05857,4.861232],[7.058529,4.86119],[7.058637,4.861085],[7.058678,4.861128]]]}},{"type":"Feature","properties":{"h":3.0,"on_route":false},"geometry":{"type":"Polygon","coordinates":[[[7.057906,4.859259],[7.057905,4.859309],[7.057753,4.859304],[7.057754,4.859255],[7.057906,4.859259]]]}},{"type":"Feature","properties":{"h":3.0,"on_route":false},"geometry":{"type":"Polygon","coordinates":[[[7.053555,4.861258],[7.053555,4.86131],[7.053522,4.861309],[7.053522,4.861258],[7.053555,4.861258]]]}},{"type":"Feature","properties":{"h":3.0,"on_route":false},"geometry":{"type":"Polygon","coordinates":[[[7.055191,4.865302],[7.055196,4.865411],[7.05517,4.865412],[7.055166,4.865303],[7.055191,4.865302]]]}},{"type":"Feature","properties":{"h":3.0,"on_route":false},"geometry":{"type":"Polygon","coordinates":[[[7.055297,4.862117],[7.055233,4.86213],[7.055222,4.862074],[7.055285,4.862062],[7.055297,4.862117]]]}},{"type":"Feature","properties":{"h":3.0,"on_route":false},"geometry":{"type":"Polygon","coordinates":[[[7.056493,4.857988],[7.056434,4.857992],[7.056432,4.857966],[7.05634,4.857973],[7.056335,4.857905],[7.056427,4.857899],[7.056427,4.857888],[7.056486,4.857884],[7.056493,4.857988]]]}},{"type":"Feature","properties":{"h":3.0,"on_route":false},"geometry":{"type":"Polygon","coordinates":[[[7.053567,4.86251],[7.053499,4.862506],[7.0535,4.862491],[7.053463,4.862489],[7.05347,4.862325],[7.053535,4.862328],[7.053536,4.862304],[7.053576,4.862306],[7.053567,4.86251]]]}},{"type":"Feature","properties":{"h":3.0,"on_route":false},"geometry":{"type":"Polygon","coordinates":[[[7.056695,4.860827],[7.056688,4.860902],[7.056408,4.860876],[7.056415,4.860801],[7.056695,4.860827]]]}},{"type":"Feature","properties":{"h":3.0,"on_route":false},"geometry":{"type":"Polygon","coordinates":[[[7.056877,4.865056],[7.05686,4.865124],[7.056794,4.865107],[7.056812,4.865039],[7.056877,4.865056]]]}},{"type":"Feature","properties":{"h":3.0,"on_route":false},"geometry":{"type":"Polygon","coordinates":[[[7.058582,4.860949],[7.058561,4.860999],[7.058485,4.860967],[7.058507,4.860916],[7.058582,4.860949]]]}},{"type":"Feature","properties":{"h":3.0,"on_route":false},"geometry":{"type":"Polygon","coordinates":[[[7.054475,4.863393],[7.05446,4.86346],[7.054265,4.863416],[7.05428,4.863351],[7.054475,4.863393]]]}},{"type":"Feature","properties":{"h":3.0,"on_route":false},"geometry":{"type":"Polygon","coordinates":[[[7.057476,4.863691],[7.057427,4.863714],[7.057409,4.863678],[7.057459,4.863654],[7.057476,4.863691]]]}},{"type":"Feature","properties":{"h":3.0,"on_route":false},"geometry":{"type":"Polygon","coordinates":[[[7.055493,4.861044],[7.055481,4.861131],[7.055428,4.861124],[7.055423,4.861162],[7.055368,4.861155],[7.055384,4.861029],[7.055493,4.861044]]]}},{"type":"Feature","properties":{"h":3.0,"on_route":false},"geometry":{"type":"Polygon","coordinates":[[[7.058113,4.861306],[7.058081,4.861376],[7.057997,4.861337],[7.058029,4.861267],[7.058113,4.861306]]]}},{"type":"Feature","properties":{"h":3.0,"on_route":false},"geometry":{"type":"Polygon","coordinates":[[[7.057544,4.858286],[7.057547,4.858359],[7.057487,4.858362],[7.057485,4.858289],[7.057544,4.858286]]]}},{"type":"Feature","properties":{"h":3.0,"on_route":false},"geometry":{"type":"Polygon","coordinates":[[[7.056647,4.865279],[7.05659,4.865557],[7.056479,4.865534],[7.056495,4.865455],[7.056464,4.865448],[7.056489,4.865327],[7.056519,4.865333],[7.056535,4.865256],[7.056647,4.865279]]]}},{"type":"Feature","properties":{"h":3.0,"on_route":false},"geometry":{"type":"Polygon","coordinates":[[[7.054391,4.862842],[7.054183,4.86286],[7.054178,4.862797],[7.054386,4.862779],[7.054391,4.862842]]]}},{"type":"Feature","properties":{"h":3.0,"on_route":false},"geometry":{"type":"Polygon","coordinates":[[[7.055395,4.857332],[7.055382,4.857235],[7.055559,4.857212],[7.055571,4.85731],[7.055395,4.857332]]]}},{"type":"Feature","properties":{"h":3.0,"on_route":false},"geometry":{"type":"Polygon","coordinates":[[[7.054669,4.8622],[7.05468,4.862237],[7.054642,4.862247],[7.054632,4.86221],[7.054669,4.8622]]]}},{"type":"Feature","properties":{"h":3.0,"on_route":false},"geometry":{"type":"Polygon","coordinates":[[[7.058071,4.861379],[7.058028,4.861465],[7.057937,4.86142],[7.05798,4.861333],[7.058071,4.861379]]]}},{"type":"Feature","properties":{"h":3.0,"on_route":false},"geometry":{"type":"Polygon","coordinates":[[[7.058482,4.857134],[7.058476,4.857174],[7.058427,4.857166],[7.058432,4.857127],[7.058482,4.857134]]]}},{"type":"Feature","properties":{"h":3.0,"on_route":false},"geometry":{"type":"Polygon","coordinates":[[[7.054271,4.863408],[7.054268,4.863457],[7.054219,4.863454],[7.054222,4.863405],[7.054271,4.863408]]]}},{"type":"Feature","properties":{"h":3.0,"on_route":false},"geometry":{"type":"Polygon","coordinates":[[[7.055081,4.861566],[7.055083,4.861587],[7.055127,4.861584],[7.055134,4.861681],[7.055008,4.86169],[7.054999,4.861572],[7.055081,4.861566]]]}},{"type":"Feature","properties":{"h":3.0,"on_route":false},"geometry":{"type":"Polygon","coordinates":[[[7.058699,4.860647],[7.058684,4.860687],[7.05855,4.860638],[7.058565,4.860598],[7.058699,4.860647]]]}},{"type":"Feature","properties":{"h":3.0,"on_route":false},"geometry":{"type":"Polygon","coordinates":[[[7.057374,4.85752],[7.057368,4.857588],[7.057258,4.857578],[7.057264,4.85751],[7.057374,4.85752]]]}},{"type":"Feature","properties":{"h":3.0,"on_route":false},"geometry":{"type":"Polygon","coordinates":[[[7.053879,4.862575],[7.053878,4.862681],[7.053761,4.862679],[7.053763,4.862574],[7.053879,4.862575]]]}},{"type":"Feature","properties":{"h":3.0,"on_route":false},"geometry":{"type":"Polygon","coordinates":[[[7.054043,4.862989],[7.053995,4.863204],[7.053904,4.863184],[7.053951,4.862969],[7.054043,4.862989]]]}},{"type":"Feature","properties":{"h":3.0,"on_route":false},"geometry":{"type":"Polygon","coordinates":[[[7.060371,4.860376],[7.060362,4.860372],[7.060376,4.860346],[7.060385,4.860351],[7.060371,4.860376]]]}},{"type":"Feature","properties":{"h":3.0,"on_route":false},"geometry":{"type":"Polygon","coordinates":[[[7.058473,4.86508],[7.058439,4.865044],[7.058535,4.864952],[7.058569,4.864988],[7.058473,4.86508]]]}},{"type":"Feature","properties":{"h":3.0,"on_route":false},"geometry":{"type":"Polygon","coordinates":[[[7.056215,4.857475],[7.056214,4.857636],[7.056164,4.857636],[7.056164,4.85766],[7.056057,4.857659],[7.056057,4.857564],[7.056097,4.857565],[7.056098,4.857474],[7.056215,4.857475]]]}},{"type":"Feature","properties":{"h":3.0,"on_route":false},"geometry":{"type":"Polygon","coordinates":[[[7.056201,4.860861],[7.056009,4.860865],[7.056007,4.860765],[7.056044,4.860764],[7.056199,4.860761],[7.056201,4.860861]]]}}]}