{"type":"FeatureCollection","features":[{"type":"Feature","properties":{"h":3.0,"on_route":false},"geometry":{"type":"Polygon","coordinates":[[[7.000072,4.824283],[7.000071,4.824338],[6.999992,4.824336],[6.999993,4.824281],[7.000072,4.824283]]]}},{"type":"Feature","properties":{"h":3.0,"on_route":false},"geometry":{"type":"Polygon","coordinates":[[[7.001449,4.821049],[7.001434,4.821175],[7.001144,4.82114],[7.001159,4.821015],[7.001449,4.821049]]]}},{"type":"Feature","properties":{"h":3.0,"on_route":false},"geometry":{"type":"Polygon","coordinates":[[[6.997612,4.820916],[6.997534,4.820922],[6.997527,4.820824],[6.997479,4.820827],[6.997473,4.820742],[6.997521,4.820739],[6.997518,4.820699],[6.997597,4.820693],[6.997612,4.820916]]]}},{"type":"Feature","properties":{"h":3.0,"on_route":false},"geometry":{"type":"Polygon","coordinates":[[[6.996538,4.823005],[6.996551,4.823097],[6.996491,4.823105],[6.996485,4.823063],[6.996439,4.82307],[6.996431,4.82302],[6.996538,4.823005]]]}},{"type":"Feature","properties":{"h":3.0,"on_route":false},"geometry":{"type":"Polygon","coordinates":[[[6.998101,4.821417],[6.998008,4.821423],[6.998003,4.821342],[6.998096,4.821336],[6.998101,4.821417]]]}},{"type":"Feature","properties":{"h":3.0,"on_route":false},"geometry":{"type":"Polygon","coordinates":[[[6.997423,4.821649],[6.997422,4.82168],[6.997397,4.821679],[6.997399,4.821648],[6.997423,4.821649]]]}},{"type":"Feature","properties":{"h":3.0,"on_route":false},"geometry":{"type":"Polygon","coordinates":[[[6.999402,4.825835],[6.999351,4.825852],[6.99933,4.82579],[6.999381,4.825773],[6.999402,4.825835]]]}},{"type":"Feature","properties":{"h":3.0,"on_route":false},"geometry":{"type":"Polygon","coordinates":[[[6.998142,4.818784],[6.998127,4.818844],[6.99793,4.818793],[6.997945,4.818734],[6.998142,4.818784]]]}},{"type":"Feature","properties":{"h":3.0,"on_route":false},"geometry":{"type":"Polygon","coordinates":[[[7.000011,4.823953],[7.000008,4.823997],[6.999862,4.823988],[6.999865,4.823944],[7.000011,4.823953]]]}},{"type":"Feature","properties":{"h":3.0,"on_route":false},"geometry":{"type":"Polygon","coordinates":[[[7.002189,4.823531],[7.002174,4.823597],[7.002099,4.82358],[7.002114,4.823514],[7.002189,4.823531]]]}},{"type":"Feature","properties":{"h":3.0,"on_route":false},"geometry":{"type":"Polygon","coordinates":[[[6.998106,4.818904],[6.998113,4.818887],[6.998191,4.818917],[6.998116,4.819114],[6.998023,4.819078],[6.99804,4.819034],[6.998004,4.81902],[6.998057,4.818885],[6.998106,4.818904]]]}},{"type":"Feature","properties":{"h":3.0,"on_route":false},"geometry":{"type":"Polygon","coordinates":[[[6.99659,4.821654],[6.996444,4.821653],[6.996445,4.821486],[6.996591,4.821487],[6.99659,4.821654]]]}},{"type":"Feature","properties":{"h":3.0,"on_route":false},"geometry":{"type":"Polygon","coordinates":[[[6.997089,4.820406],[6.996997,4.820415],[6.996982,4.820244],[6.997073,4.820236],[6.997089,4.820406]]]}},{"type":"Feature","properties":{"h":3.0,"on_route":false},"geometry":{"type":"Polygon","coordinates":[[[6.995673,4.824392],[6.995704,4.824486],[6.995651,4.824503],[6.99562,4.824409],[6.995673,4.824392]]]}},{"type":"Feature","properties":{"h":3.0,"on_route":false},"geometry":{"type":"Polygon","coordinates":[[[7.00074,4.820493],[7.000669,4.820502],[7.000663,4.820453],[7.000733,4.820443],[7.00074,4.820493]]]}},{"type":"Feature","properties":{"h":3.0,"on_route":false},"geometry":{"type":"Polygon","coordinates":[[[7.000027,4.826394],[7.000004,4.826555],[6.999914,4.826542],[6.999911,4.82656],[6.999825,4.826548],[6.999829,4.826519],[6.999806,4.826515],[6.999799,4.826564],[6.999684,4.826548],[6.999713,4.826349],[6.999851,4.826369],[6.999854,4.826342],[6.99994,4.826354],[6.999937,4.826381],[7.000027,4.826394]]]}},{"type":"Feature","properties":{"h":3.0,"on_route":false},"geometry":{"type":"Polygon","coordinates":[[[6.998488,4.823045],[6.997937,4.823075],[6.997931,4.822958],[6.998482,4.822927],[6.998488,4.823045]]]}},{"type":"Feature","properties":{"h":3.0,"on_route":false},"geometry":{"type":"Polygon","coordinates":[[[7.002292,4.824904],[7.002388,4.824901],[7.002392,4.825007],[7.002323,4.825009],[7.002322,4.824979],[7.002295,4.824981],[7.002292,4.824904]]]}},{"type":"Feature","properties":{"h":3.0,"on_route":false},"geometry":{"type":"Polygon","coordinates":[[[6.999716,4.821865],[6.999597,4.821873],[6.999579,4.821608],[6.999697,4.821599],[6.999716,4.821865]]]}},{"type":"Feature","properties":{"h":3.0,"on_route":false},"geometry":{"type":"Polygon","coordinates":[[[6.996447,4.824931],[6.996396,4.824942],[6.996387,4.824903],[6.996438,4.824891],[6.996447,4.824931]]]}},{"type":"Feature","properties":{"h":3.0,"on_route":true},"geometry":{"type":"Polygon","coordinates":[[[6.998407,4.821962],[6.998427,4.82231],[6.998367,4.822313],[6.998353,4.822079],[6.99834,4.82208],[6.998333,4.821966],[6.998407,4.821962]]]}},{"type":"Feature","properties":{"h":3.0,"on_route":false},"geometry":{"type":"Polygon","coordinates":[[[6.997772,4.823426],[6.997777,4.82345],[6.99773,4.82346],[6.997725,4.823436],[6.997772,4.823426]]]}},{"type":"Feature","properties":{"h":3.0,"on_route":false},"geometry":{"type":"Polygon","coordinates":[[[6.997626,4.822287],[6.99759,4.822286],[6.99759,4.822267],[6.997626,4.822267],[6.997626,4.822287]]]}},{"type":"Feature","properties":{"h":3.0,"on_route":false},"geometry":{"type":"Polygon","coordinates":[[[6.996461,4.823708],[6.99634,4.823736],[6.996333,4.823705],[6.996454,4.823677],[6.996461,4.823708]]]}},{"type":"Feature","properties":{"h":3.0,"on_route":true},"geometry":{"type":"Polygon","coordinates":[[[6.997571,4.821569],[6.997583,4.82166],[6.997535,4.821666],[6.997523,4.821575],[6.997571,4.821569]]]}},{"type":"Feature","properties":{"h":3.0,"on_route":false},"geometry":{"type":"Polygon","coordinates":[[[7.001318,4.820374],[7.001319,4.820512],[7.001249,4.820513],[7.001248,4.820374],[7.001318,4.820374]]]}},{"type":"Feature","properties":{"h":3.0,"on_route":true},"geometry":{"type":"Polygon","coordinates":[[[6.996033,4.820306],[6.99599,4.820433],[6.996015,4.820441],[6.996007,4.820467],[6.995839,4.820411],[6.99589,4.820258],[6.996033,4.820306]]]}},{"type":"Feature","properties":{"h":3.0,"on_route":false},"geometry":{"type":"Polygon","coordinates":[[[7.002868,4.823653],[7.002862,4.823691],[7.002822,4.823685],[7.002828,4.823647],[7.002868,4.823653]]]}},{"type":"Feature","properties":{"h":3.0,"on_route":false},"geometry":{"type":"Polygon","coordinates":[[[6.995525,4.82343],[6.995539,4.823492],[6.995498,4.823501],[6.995484,4.823439],[6.995525,4.82343]]]}},{"type":"Feature","properties":{"h":3.0,"on_route":true},"geometry":{"type":"Polygon","coordinates":[[[6.996921,4.821054],[6.996926,4.821109],[6.996846,4.821115],[6.996841,4.82106],[6.996921,4.821054]]]}},{"type":"Feature","properties":{"h":3.0,"on_route":true},"geometry":{"type":"Polygon","coordinates":[[[6.996984,4.821072],[6.996986,4.82111],[6.996921,4.821114],[6.996919,4.821075],[6.996984,4.821072]]]}},{"type":"Feature","properties":{"h":3.0,"on_route":false},"geometry":{"type":"Polygon","coordinates":[[[6.995834,4.825331],[6.995738,4.825359],[6.995692,4.825198],[6.995789,4.82517],[6.995834,4.825331]]]}},{"type":"Feature","properties":{"h":3.0,"on_route":false},"geometry":{"type":"Polygon","coordinates":[[[6.996962,4.821209],[6.996964,4.821267],[6.996944,4.821268],[6.996942,4.821244],[6.996917,4.821245],[6.996916,4.821211],[6.996962,4.821209]]]}},{"type":"Feature","properties":{"h":3.0,"on_route":false},"geometry":{"type":"Polygon","coordinates":[[[7.001577,4.824414],[7.001608,4.824453],[7.00158,4.824475],[7.001549,4.824437],[7.001577,4.824414]]]}},{"type":"Feature","properties":{"h":3.0,"on_route":false},"geometry":{"type":"Polygon","coordinates":[[[7.000895,4.824683],[7.000891,4.824735],[7.000835,4.824731],[7.000838,4.824678],[7.000895,4.824683]]]}},{"type":"Feature","properties":{"h":3.0,"on_route":false},"geometry":{"type":"Polygon","coordinates":[[[7.001812,4.818712],[7.001613,4.818806],[7.001585,4.818747],[7.001784,4.818653],[7.001812,4.818712]]]}},{"type":"Feature","properties":{"h":3.0,"on_route":false},"geometry":{"type":"Polygon","coordinates":[[[7.000525,4.819629],[7.000394,4.819669],[7.000378,4.819616],[7.000508,4.819576],[7.000525,4.819629]]]}},{"type":"Feature","properties":{"h":3.0,"on_route":false},"geometry":{"type":"Polygon","coordinates":[[[7.000709,4.824407],[7.000515,4.824434],[7.000507,4.824373],[7.0007,4.824346],[7.000709,4.824407]]]}},{"type":"Feature","properties":{"h":3.0,"on_route":true},"geometry":{"type":"Polygon","coordinates":[[[6.996223,4.820284],[6.99622,4.820252],[6.996295,4.820245],[6.996303,4.820332],[6.996282,4.820334],[6.996288,4.820399],[6.996191,4.820408],[6.996185,4.820343],[6.996161,4.820345],[6.996156,4.82029],[6.996223,4.820284]]]}},{"type":"Feature","properties":{"h":3.0,"on_route":false},"geometry":{"type":"Polygon","coordinates":[[[7.000503,4.819326],[7.00027,4.819404],[7.000244,4.819327],[7.000477,4.819249],[7.000503,4.819326]]]}},{"type":"Feature","properties":{"h":3.0,"on_route":false},"geometry":{"type":"Polygon","coordinates":[[[7.000822,4.820289],[7.000766,4.820296],[7.000792,4.820486],[7.00074,4.820493],[7.000704,4.820223],[7.000811,4.820208],[7.000822,4.820289]]]}},{"type":"Feature","properties":{"h":3.0,"on_route":false},"geometry":{"type":"Polygon","coordinates":[[[7.001396,4.818875],[7.001339,4.8189],[7.001323,4.818863],[7.001352,4.818851],[7.001339,4.818821],[7.001367,4.818809],[7.001396,4.818875]]]}},{"type":"Feature","properties":{"h":3.0,"on_route":false},"geometry":{"type":"Polygon","coordinates":[[[7.000188,4.819673],[7.000203,4.81973],[7.000182,4.819736],[7.000167,4.819678],[7.000188,4.819673]]]}},{"type":"Feature","properties":{"h":3.0,"on_route":false},"geometry":{"type":"Polygon","coordinates":[[[7.001567,4.819344],[7.001531,4.819365],[7.001533,4.819369],[7.001511,4.819382],[7.001465,4.819303],[7.001524,4.819269],[7.001567,4.819344]]]}},{"type":"Feature","properties":{"h":3.0,"on_route":false},"geometry":{"type":"Polygon","coordinates":[[[6.996175,4.825621],[6.996185,4.825677],[6.996144,4.825684],[6.996134,4.825628],[6.996175,4.825621]]]}},{"type":"Feature","properties":{"h":3.0,"on_route":false},"geometry":{"type":"Polygon","coordinates":[[[6.999159,4.819829],[6.999166,4.819868],[6.999106,4.819879],[6.999099,4.81984],[6.999159,4.819829]]]}},{"type":"Feature","properties":{"h":3.0,"on_route":false},"geometry":{"type":"Polygon","coordinates":[[[6.995629,4.823267],[6.995448,4.823306],[6.995434,4.823241],[6.995615,4.823202],[6.995629,4.823267]]]}},{"type":"Feature","properties":{"h":3.0,"on_route":false},"geometry":{"type":"Polygon","coordinates":[[[7.003147,4.824082],[7.003125,4.824213],[7.002934,4.824181],[7.002955,4.824049],[7.003147,4.824082]]]}},{"type":"Feature","properties":{"h":3.0,"on_route":false},"geometry":{"type":"Polygon","coordinates":[[[6.995546,4.82364],[6.995505,4.823658],[6.995456,4.823543],[6.995498,4.823525],[6.995546,4.82364]]]}},{"type":"Feature","properties":{"h":3.0,"on_route":false},"geometry":{"type":"Polygon","coordinates":[[[7.000645,4.823302],[7.000635,4.823352],[7.000608,4.823347],[7.000618,4.823297],[7.000645,4.823302]]]}},{"type":"Feature","properties":{"h":3.0,"on_route":false},"geometry":{"type":"Polygon","coordinates":[[[7.002282,4.82012],[7.002144,4.820188],[7.002065,4.820026],[7.002203,4.819958],[7.002282,4.82012]]]}},{"type":"Feature","properties":{"h":3.0,"on_route":false},"geometry":{"type":"Polygon","coordinates":[[[6.998575,4.82155],[6.998575,4.821584],[6.998542,4.821584],[6.998542,4.82155],[6.998575,4.82155]]]}},{"type":"Feature","properties":{"h":3.0,"on_route":true},"geometry":{"type":"Polygon","coordinates":[[[6.996004,4.820736],[6.996009,4.820861],[6.995865,4.820867],[6.99586,4.820742],[6.996004,4.820736]]]}},{"type":"Feature","properties":{"h":3.0,"on_route":false},"geometry":{"type":"Polygon","coordinates":[[[7.001431,4.824735],[7.001429,4.824761],[7.001399,4.824758],[7.001401,4.824732],[7.001431,4.824735]]]}},{"type":"Feature","properties":{"h":3.0,"on_route":false},"geometry":{"type":"Polygon","coordinates":[[[6.995443,4.82349],[6.99549,4.823632],[6.995436,4.82365],[6.995388,4.823509],[6.995443,4.82349]]]}},{"type":"Feature","properties":{"h":3.0,"on_route":false},"geometry":{"type":"Polygon","coordinates":[[[6.996066,4.825143],[6.996045,4.82515],[6.996059,4.825198],[6.995928,4.825238],[6.995908,4.825173],[6.995887,4.825179],[6.995854,4.82507],[6.996028,4.825017],[6.996066,4.825143]]]}},{"type":"Feature","properties":{"h":3.0,"on_route":false},"geometry":{"type":"Polygon","coordinates":[[[7.001733,4.81892],[7.001759,4.818967],[7.001805,4.818941],[7.001865,4.819047],[7.001769,4.819101],[7.001683,4.818948],[7.001733,4.81892]]]}},{"type":"Feature","properties":{"h":3.0,"on_route":false},"geometry":{"type":"Polygon","coordinates":[[[7.000355,4.819541],[7.000304,4.819557],[7.000267,4.819437],[7.000318,4.819421],[7.000355,4.819541]]]}},{"type":"Feature","properties":{"h":3.0,"on_route":false},"geometry":{"type":"Polygon","coordinates":[[[6.998554,4.824365],[6.998365,4.824383],[6.998358,4.824306],[6.998534,4.824289],[6.998539,4.824343],[6.998552,4.824342],[6.998554,4.824365]]]}},{"type":"Feature","properties":{"h":3.0,"on_route":false},"geometry":{"type":"Polygon","coordinates":[[[7.002482,4.819866],[7.002343,4.819931],[7.002305,4.81985],[7.002445,4.819785],[7.002482,4.819866]]]}},{"type":"Feature","properties":{"h":3.0,"on_route":false},"geometry":{"type":"Polygon","coordinates":[[[6.997336,4.820378],[6.99734,4.820453],[6.997244,4.820458],[6.99724,4.820383],[6.997336,4.820378]]]}},{"type":"Feature","properties":{"h":3.0,"on_route":false},"geometry":{"type":"Polygon","coordinates":[[[6.995842,4.820952],[6.99584,4.821],[6.995793,4.820997],[6.995795,4.820949],[6.995842,4.820952]]]}},{"type":"Feature","properties":{"h":3.0,"on_route":false},"geometry":{"type":"Polygon","coordinates":[[[6.999422,4.826071],[6.999346,4.826143],[6.999321,4.826117],[6.999285,4.826151],[6.999194,4.826054],[6.999231,4.826019],[6.999201,4.825988],[6.999278,4.825916],[6.999422,4.826071]]]}},{"type":"Feature","properties":{"h":3.0,"on_route":false},"geometry":{"type":"Polygon","coordinates":[[[6.999329,4.826738],[6.999325,4.826767],[6.999297,4.826763],[6.999301,4.826734],[6.999329,4.826738]]]}},{"type":"Feature","properties":{"h":3.0,"on_route":false},"geometry":{"type":"Polygon","coordinates":[[[7.001653,4.824169],[7.001641,4.824248],[7.001584,4.824239],[7.001596,4.82416],[7.001653,4.824169]]]}},{"type":"Feature","properties":{"h":3.0,"on_route":false},"geometry":{"type":"Polygon","coordinates":[[[7.001662,4.818998],[7.001566,4.81905],[7.001454,4.818843],[7.001549,4.818791],[7.001662,4.818998]]]}},{"type":"Feature","properties":{"h":3.0,"on_route":false},"geometry":{"type":"Polygon","coordinates":[[[7.002702,4.824547],[7.002645,4.824531],[7.002701,4.824326],[7.002758,4.824342],[7.002702,4.824547]]]}},{"type":"Feature","properties":{"h":3.0,"on_route":false},"geometry":{"type":"Polygon","coordinates":[[[6.998154,4.820113],[6.998191,4.820314],[6.998139,4.820324],[6.998135,4.820303],[6.998097,4.82031],[6.998064,4.82013],[6.998154,4.820113]]]}},{"type":"Feature","properties":{"h":3.0,"on_route":false},"geometry":{"type":"Polygon","coordinates":[[[6.997663,4.825289],[6.997518,4.825325],[6.997505,4.825271],[6.997651,4.825236],[6.997663,4.825289]]]}},{"type":"Feature","properties":{"h":3.0,"on_route":false},"geometry":{"type":"Polygon","coordinates":[[[6.999807,4.823919],[6.999775,4.823926],[6.999768,4.823895],[6.9998,4.823888],[6.999807,4.823919]]]}},{"type":"Feature","properties":{"h":3.0,"on_route":false},"geometry":{"type":"Polygon","coordinates":[[[6.998861,4.819036],[6.998857,4.819133],[6.998839,4.819132],[6.998835,4.819217],[6.99877,4.819214],[6.998774,4.819128],[6.998571,4.819119],[6.998575,4.819023],[6.998861,4.819036]]]}},{"type":"Feature","properties":{"h":3.0,"on_route":false},"geometry":{"type":"Polygon","coordinates":[[[6.996438,4.820946],[6.996429,4.821049],[6.996368,4.821045],[6.996377,4.820941],[6.996438,4.820946]]]}},{"type":"Feature","properties":{"h":3.0,"on_route":false},"geometry":{"type":"Polygon","coordinates":[[[7.000589,4.820872],[7.000538,4.820879],[7.000525,4.820786],[7.000576,4.820779],[7.000589,4.820872]]]}},{"type":"Feature","properties":{"h":3.0,"on_route":false},"geometry":{"type":"Polygon","coordinates":[[[7.001231,4.82223],[7.001226,4.82228],[7.00119,4.822277],[7.001194,4.822227],[7.001231,4.82223]]]}},{"type":"Feature","properties":{"h":3.0,"on_route":false},"geometry":{"type":"Polygon","coordinates":[[[7.001666,4.824086],[7.001653,4.824169],[7.001596,4.82416],[7.001609,4.824077],[7.001666,4.824086]]]}},{"type":"Feature","properties":{"h":3.0,"on_route":false},"geometry":{"type":"Polygon","coordinates":[[[6.996782,4.822943],[6.996707,4.822948],[6.996699,4.822832],[6.996774,4.822827],[6.996782,4.822943]]]}},{"type":"Feature","properties":{"h":3.0,"on_route":false},"geometry":{"type":"Polygon","coordinates":[[[6.997301,4.82494],[6.99725,4.824951],[6.99723,4.82486],[6.997281,4.824849],[6.997301,4.82494]]]}},{"type":"Feature","properties":{"h":3.0,"on_route":false},"geometry":{"type":"Polygon","coordinates":[[[7.000116,4.821115],[7.000009,4.821141],[6.999973,4.820985],[7.00008,4.82096],[7.000116,4.821115]]]}},{"type":"Feature","properties":{"h":3.0,"on_route":false},"geometry":{"type":"Polygon","coordinates":[[[6.99723,4.824581],[6.997283,4.824838],[6.997186,4.824858],[6.997134,4.824601],[6.99723,4.824581]]]}},{"type":"Feature","properties":{"h":3.0,"on_route":false},"geometry":{"type":"Polygon","coordinates":[[[6.999727,4.824161],[6.999713,4.824266],[6.99967,4.82426],[6.999684,4.824155],[6.999727,4.824161]]]}},{"type":"Feature","properties":{"h":3.0,"on_route":false},"geometry":{"type":"Polygon","coordinates":[[[6.99696,4.824054],[6.996969,4.824094],[6.996927,4.824104],[6.996918,4.824064],[6.99696,4.824054]]]}},{"type":"Feature","properties":{"h":3.0,"on_route":false},"geometry":{"type":"Polygon","coordinates":[[[7.000244,4.824951],[7.000243,4.825025],[7.000105,4.825024],[7.000106,4.82495],[7.000244,4.824951]]]}},{"type":"Feature","properties":{"h":3.0,"on_route":false},"geometry":{"type":"Polygon","coordinates":[[[6.999246,4.818844],[6.999224,4.818968],[6.999113,4.818948],[6.999101,4.819011],[6.998993,4.818991],[6.999027,4.818804],[6.999246,4.818844]]]}},{"type":"Feature","properties":{"h":3.0,"on_route":false},"geometry":{"type":"Polygon","coordinates":[[[6.998016,4.824796],[6.997952,4.824806],[6.997946,4.824775],[6.99801,4.824764],[6.998016,4.824796]]]}},{"type":"Feature","properties":{"h":3.0,"on_route":false},"geometry":{"type":"Polygon","coordinates":[[[6.996289,4.822521],[6.996295,4.822596],[6.996245,4.8226],[6.99624,4.822525],[6.996289,4.822521]]]}},{"type":"Feature","properties":{"h":3.0,"on_route":false},"geometry":{"type":"Polygon","coordinates":[[[6.997033,4.824292],[6.997092,4.824441],[6.997115,4.824432],[6.997123,4.824451],[6.997047,4.824482],[6.99698,4.824314],[6.997033,4.824292]]]}},{"type":"Feature","properties":{"h":3.0,"on_route":false},"geometry":{"type":"Polygon","coordinates":[[[6.998669,4.821351],[6.998569,4.821366],[6.998557,4.821293],[6.998524,4.821298],[6.998505,4.821174],[6.998639,4.821154],[6.998669,4.821351]]]}},{"type":"Feature","properties":{"h":3.0,"on_route":false},"geometry":{"type":"Polygon","coordinates":[[[7.000415,4.820357],[7.000428,4.820414],[7.000388,4.820423],[7.000375,4.820366],[7.000415,4.820357]]]}},{"type":"Feature","properties":{"h":3.0,"on_route":true},"geometry":{"type":"Polygon","coordinates":[[[6.997154,4.821335],[6.99703,4.821348],[6.997024,4.821287],[6.997048,4.821284],[6.997038,4.82119],[6.997138,4.82118],[6.997154,4.821335]]]}},{"type":"Feature","properties":{"h":3.0,"on_route":false},"geometry":{"type":"Polygon","coordinates":[[[6.997591,4.820616],[6.997597,4.820693],[6.997547,4.820697],[6.997541,4.82062],[6.997591,4.820616]]]}},{"type":"Feature","properties":{"h":3.0,"on_route":false},"geometry":{"type":"Polygon","coordinates":[[[6.998124,4.821261],[6.998147,4.821621],[6.998114,4.821623],[6.998091,4.821264],[6.998124,4.821261]]]}},{"type":"Feature","properties":{"h":3.0,"on_route":false},"geometry":{"type":"Polygon","coordinates":[[[6.996664,4.823317],[6.996668,4.823353],[6.996629,4.823357],[6.996626,4.823321],[6.996664,4.823317]]]}},{"type":"Feature","properties":{"h":3.0,"on_route":false},"geometry":{"type":"Polygon","coordinates":[[[7.00026,4.821556],[7.000108,4.821591],[7.00009,4.821514],[7.000242,4.821479],[7.00026,4.821556]]]}},{"type":"Feature","properties":{"h":3.0,"on_route":false},"geometry":{"type":"Polygon","coordinates":[[[6.998965,4.820611],[6.998799,4.820629],[6.998782,4.820475],[6.998901,4.820461],[6.998898,4.820431],[6.998944,4.820426],[6.998965,4.820611]]]}},{"type":"Feature","properties":{"h":3.0,"on_route":false},"geometry":{"type":"Polygon","coordinates":[[[6.995656,4.82472],[6.995669,4.824716],[6.995707,4.824848],[6.995782,4.824826],[6.995817,4.824946],[6.995531,4.82503],[6.995441,4.824721],[6.995639,4.824663],[6.995656,4.82472]]]}},{"type":"Feature","properties":{"h":3.0,"on_route":false},"geometry":{"type":"Polygon","coordinates":[[[6.999761,4.818992],[6.999733,4.819001],[6.999742,4.819029],[6.999572,4.819085],[6.999534,4.818967],[6.999732,4.818902],[6.999761,4.818992]]]}},{"type":"Feature","properties":{"h":3.0,"on_route":false},"geometry":{"type":"Polygon","coordinates":[[[7.002409,4.821029],[7.002359,4.821193],[7.002157,4.82113],[7.002207,4.820966],[7.002409,4.821029]]]}},{"type":"Feature","properties":{"h":3.0,"on_route":false},"geometry":{"type":"Polygon","coordinates":[[[6.997333,4.823672],[6.997266,4.823725],[6.997244,4.823698],[6.997214,4.823721],[6.997236,4.823749],[6.997148,4.823818],[6.997073,4.823722],[6.997259,4.823577],[6.997333,4.823672]]]}},{"type":"Feature","properties":{"h":3.0,"on_route":false},"geometry":{"type":"Polygon","coordinates":[[[6.996569,4.820196],[6.996568,4.820253],[6.996542,4.820253],[6.99654,4.820408],[6.996463,4.820407],[6.996465,4.820195],[6.996569,4.820196]]]}},{"type":"Feature","properties":{"h":3.0,"on_route":false},"geometry":{"type":"Polygon","coordinates":[[[7.002565,4.824294],[7.00255,4.824364],[7.002496,4.824352],[7.002511,4.824282],[7.002565,4.824294]]]}},{"type":"Feature","properties":{"h":3.0,"on_route":false},"geometry":{"type":"Polygon","coordinates":[[[6.997806,4.822382],[6.997685,4.822391],[6.99768,4.822321],[6.9978,4.822312],[6.997806,4.822382]]]}},{"type":"Feature","properties":{"h":3.0,"on_route":false},"geometry":{"type":"Polygon","coordinates":[[[7.000786,4.82375],[7.000778,4.823861],[7.000914,4.823871],[7.000905,4.82399],[7.000659,4.823972],[7.000675,4.823742],[7.000786,4.82375]]]}},{"type":"Feature","properties":{"h":3.0,"on_route":false},"geometry":{"type":"Polygon","coordinates":[[[6.996925,4.820071],[6.996873,4.820076],[6.996874,4.820088],[6.996782,4.820097],[6.996768,4.819954],[6.996913,4.81994],[6.996925,4.820071]]]}},{"type":"Feature","properties":{"h":3.0,"on_route":true},"geometry":{"type":"Polygon","coordinates":[[[6.997777,4.821597],[6.997618,4.82161],[6.997614,4.821555],[6.997571,4.821559],[6.997566,4.821505],[6.997609,4.821502],[6.997603,4.821421],[6.997761,4.821408],[6.997777,4.821597]]]}},{"type":"Feature","properties":{"h":3.0,"on_route":false},"geometry":{"type":"Polygon","coordinates":[[[6.996273,4.823132],[6.996194,4.823142],[6.996183,4.823059],[6.996262,4.823048],[6.996273,4.823132]]]}},{"type":"Feature","properties":{"h":3.0,"on_route":true},"geometry":{"type":"Polygon","coordinates":[[[6.99786,4.821233],[6.997979,4.821226],[6.997993,4.821439],[6.997873,4.821447],[6.99786,4.821233]]]}},{"type":"Feature","properties":{"h":3.0,"on_route":false},"geometry":{"type":"Polygon","coordinates":[[[6.997988,4.818566],[6.997995,4.818536],[6.998059,4.818553],[6.998051,4.818582],[6.998077,4.818589],[6.998059,4.818662],[6.998085,4.818669],[6.998061,4.818763],[6.997945,4.818734],[6.997954,4.8187],[6.997918,4.818691],[6.997952,4.818557],[6.997988,4.818566]]]}},{"type":"Feature","properties":{"h":3.0,"on_route":false},"geometry":{"type":"Polygon","coordinates":[[[7.002938,4.821003],[7.002907,4.821106],[7.002836,4.821084],[7.002818,4.821142],[7.002575,4.821068],[7.002624,4.820907],[7.002938,4.821003]]]}},{"type":"Feature","properties":{"h":3.0,"on_route":false},"geometry":{"type":"Polygon","coordinates":[[[6.995441,4.821422],[6.995413,4.821687],[6.995322,4.821677],[6.99535,4.821412],[6.995441,4.821422]]]}},{"type":"Feature","properties":{"h":3.0,"on_route":false},"geometry":{"type":"Polygon","coordinates":[[[7.000981,4.823876],[7.000979,4.823909],[7.000911,4.823904],[7.000914,4.823871],[7.000981,4.823876]]]}},{"type":"Feature","properties":{"h":3.0,"on_route":false},"geometry":{"type":"Polygon","coordinates":[[[7.001177,4.824461],[7.001168,4.824522],[7.001134,4.824517],[7.001143,4.824456],[7.001177,4.824461]]]}},{"type":"Feature","properties":{"h":3.0,"on_route":false},"geometry":{"type":"Polygon","coordinates":[[[7.001185,4.825495],[7.001187,4.825542],[7.001266,4.825538],[7.001271,4.825627],[7.001026,4.825638],[7.001024,4.825596],[7.000994,4.825598],[7.000991,4.825529],[7.00102,4.825528],[7.001019,4.825503],[7.001185,4.825495]]]}},{"type":"Feature","properties":{"h":3.0,"on_route":false},"geometry":{"type":"Polygon","coordinates":[[[6.99708,4.822985],[6.99708,4.823052],[6.997079,4.823052],[6.99708,4.823145],[6.997065,4.823145],[6.997065,4.823198],[6.99708,4.823198],[6.997081,4.823255],[6.996975,4.823255],[6.996975,4.822986],[6.99708,4.822985]]]}},{"type":"Feature","properties":{"h":3.0,"on_route":false},"geometry":{"type":"Polygon","coordinates":[[[6.999176,4.819333],[6.999082,4.819348],[6.999066,4.819256],[6.999161,4.81924],[6.999176,4.819333]]]}},{"type":"Feature","properties":{"h":3.0,"on_route":false},"geometry":{"type":"Polygon","coordinates":[[[6.998911,4.821145],[6.998772,4.82117],[6.998755,4.821079],[6.998894,4.821054],[6.998911,4.821145]]]}},{"type":"Feature","properties":{"h":3.0,"on_route":false},"geometry":{"type":"Polygon","coordinates":[[[6.996246,4.81992],[6.996237,4.820047],[6.996178,4.820043],[6.99618,4.820017],[6.996164,4.820016],[6.996169,4.819946],[6.996185,4.819947],[6.996187,4.819916],[6.996246,4.81992]]]}},{"type":"Feature","properties":{"h":3.0,"on_route":false},"geometry":{"type":"Polygon","coordinates":[[[6.998867,4.81985],[6.99878,4.819871],[6.99874,4.819705],[6.998827,4.819683],[6.998867,4.81985]]]}},{"type":"Feature","properties":{"h":3.0,"on_route":false},"geometry":{"type":"Polygon","coordinates":[[[6.995205,4.823052],[6.995103,4.823068],[6.9951,4.823044],[6.995,4.82306],[6.99498,4.822932],[6.995181,4.8229],[6.995205,4.823052]]]}},{"type":"Feature","properties":{"h":3.0,"on_route":false},"geometry":{"type":"Polygon","coordinates":[[[6.996115,4.825683],[6.995996,4.825715],[6.995982,4.825663],[6.996101,4.825631],[6.996115,4.825683]]]}},{"type":"Feature","properties":{"h":3.0,"on_route":false},"geometry":{"type":"Polygon","coordinates":[[[7.001184,4.825008],[7.001199,4.824976],[7.001333,4.825037],[7.001281,4.825152],[7.001121,4.825079],[7.001158,4.824997],[7.001184,4.825008]]]}},{"type":"Feature","properties":{"h":3.0,"on_route":false},"geometry":{"type":"Polygon","coordinates":[[[6.997532,4.821941],[6.997538,4.822008],[6.997488,4.822012],[6.997482,4.821946],[6.997532,4.821941]]]}},{"type":"Feature","properties":{"h":3.0,"on_route":false},"geometry":{"type":"Polygon","coordinates":[[[7.002629,4.824108],[7.002623,4.824152],[7.002593,4.824148],[7.002598,4.824104],[7.002629,4.824108]]]}},{"type":"Feature","properties":{"h":3.0,"on_route":false},"geometry":{"type":"Polygon","coordinates":[[[6.995697,4.821695],[6.995685,4.821786],[6.995617,4.821777],[6.995628,4.821687],[6.995697,4.821695]]]}},{"type":"Feature","properties":{"h":3.0,"on_route":false},"geometry":{"type":"Polygon","coordinates":[[[6.996344,4.825626],[6.996384,4.825751],[6.996403,4.825745],[6.996419,4.825796],[6.996332,4.825824],[6.996275,4.825648],[6.996344,4.825626]]]}},{"type":"Feature","properties":{"h":3.0,"on_route":false},"geometry":{"type":"Polygon","coordinates":[[[6.995796,4.823432],[6.995759,4.823445],[6.995762,4.823456],[6.9957,4.823477],[6.995657,4.823352],[6.995758,4.823318],[6.995796,4.823432]]]}},{"type":"Feature","properties":{"h":3.0,"on_route":false},"geometry":{"type":"Polygon","coordinates":[[[6.997571,4.819947],[6.997588,4.819944],[6.997598,4.820001],[6.997407,4.820033],[6.997385,4.819907],[6.997559,4.819877],[6.997571,4.819947]]]}},{"type":"Feature","properties":{"h":3.0,"on_route":false},"geometry":{"type":"Polygon","coordinates":[[[7.000107,4.826527],[7.00006,4.826512],[7.000095,4.8264],[7.000142,4.826414],[7.000107,4.826527]]]}},{"type":"Feature","properties":{"h":3.0,"on_route":false},"geometry":{"type":"Polygon","coordinates":[[[7.003481,4.82103],[7.003425,4.821201],[7.003288,4.821155],[7.003344,4.820985],[7.003481,4.82103]]]}},{"type":"Feature","properties":{"h":3.0,"on_route":false},"geometry":{"type":"Polygon","coordinates":[[[6.997144,4.823923],[6.997119,4.823956],[6.997052,4.823904],[6.997076,4.823872],[6.997144,4.823923]]]}},{"type":"Feature","properties":{"h":3.0,"on_route":false},"geometry":{"type":"Polygon","coordinates":[[[6.998215,4.821465],[6.998226,4.821599],[6.998184,4.821602],[6.998172,4.821468],[6.998215,4.821465]]]}},{"type":"Feature","properties":{"h":3.0,"on_route":false},"geometry":{"type":"Polygon","coordinates":[[[6.999034,4.822057],[6.998798,4.822066],[6.998791,4.821882],[6.999027,4.821873],[6.999034,4.822057]]]}},{"type":"Feature","properties":{"h":3.0,"on_route":false},"geometry":{"type":"Polygon","coordinates":[[[6.996788,4.821276],[6.996742,4.821275],[6.996744,4.821202],[6.99679,4.821203],[6.996788,4.821276]]]}},{"type":"Feature","properties":{"h":3.0,"on_route":false},"geometry":{"type":"Polygon","coordinates":[[[6.995914,4.822391],[6.995908,4.822515],[6.995783,4.822509],[6.995789,4.822384],[6.995914,4.822391]]]}},{"type":"Feature","properties":{"h":3.0,"on_route":false},"geometry":{"type":"Polygon","coordinates":[[[6.996755,4.82246],[6.99673,4.822459],[6.996729,4.822472],[6.99662,4.822466],[6.996621,4.822453],[6.996468,4.822446],[6.996478,4.822241],[6.996539,4.822244],[6.996543,4.822173],[6.996702,4.822181],[6.996711,4.821996],[6.996777,4.822],[6.996755,4.82246]]]}},{"type":"Feature","properties":{"h":3.0,"on_route":false},"geometry":{"type":"Polygon","coordinates":[[[6.998728,4.820028],[6.998727,4.820093],[6.998666,4.820092],[6.998667,4.820027],[6.998728,4.820028]]]}},{"type":"Feature","properties":{"h":3.0,"on_route":false},"geometry":{"type":"Polygon","coordinates":[[[6.998011,4.822629],[6.997956,4.822633],[6.997947,4.822487],[6.998001,4.822483],[6.998011,4.822629]]]}},{"type":"Feature","properties":{"h":3.0,"on_route":false},"geometry":{"type":"Polygon","coordinates":[[[6.999788,4.826052],[6.999644,4.826064],[6.999635,4.825946],[6.999779,4.825934],[6.999788,4.826052]]]}},{"type":"Feature","properties":{"h":3.0,"on_route":false},"geometry":{"type":"Polygon","coordinates":[[[6.995979,4.823846],[6.995891,4.823869],[6.995866,4.823772],[6.995954,4.823749],[6.995979,4.823846]]]}},{"type":"Feature","properties":{"h":3.0,"on_route":false},"geometry":{"type":"Polygon","coordinates":[[[6.996734,4.825314],[6.996742,4.825347],[6.99671,4.825355],[6.996702,4.825322],[6.996734,4.825314]]]}},{"type":"Feature","properties":{"h":3.0,"on_route":false},"geometry":{"type":"Polygon","coordinates":[[[6.996305,4.824449],[6.996254,4.824458],[6.996243,4.824403],[6.996294,4.824394],[6.996305,4.824449]]]}},{"type":"Feature","properties":{"h":3.0,"on_route":true},"geometry":{"type":"Polygon","coordinates":[[[6.99733,4.820957],[6.997332,4.820988],[6.997275,4.820993],[6.997276,4.821018],[6.997316,4.821014],[6.997321,4.821073],[6.997437,4.821063],[6.997443,4.821134],[6.997287,4.821147],[6.997284,4.821115],[6.997155,4.821125],[6.997143,4.820973],[6.99733,4.820957]]]}},{"type":"Feature","properties":{"h":3.0,"on_route":false},"geometry":{"type":"Polygon","coordinates":[[[6.997485,4.826461],[6.997481,4.826491],[6.997452,4.826487],[6.997455,4.826457],[6.997485,4.826461]]]}},{"type":"Feature","properties":{"h":3.0,"on_route":false},"geometry":{"type":"Polygon","coordinates":[[[7.000208,4.821271],[7.00017,4.821279],[7.000164,4.821247],[7.000202,4.82124],[7.000208,4.821271]]]}},{"type":"Feature","properties":{"h":3.0,"on_route":false},"geometry":{"type":"Polygon","coordinates":[[[7.001039,4.821626],[7.001025,4.821678],[7.000966,4.821662],[7.00098,4.82161],[7.001039,4.821626]]]}},{"type":"Feature","properties":{"h":3.0,"on_route":false},"geometry":{"type":"Polygon","coordinates":[[[7.00082,4.824858],[7.000806,4.825032],[7.000682,4.825022],[7.000695,4.824848],[7.00082,4.824858]]]}},{"type":"Feature","properties":{"h":3.0,"on_route":false},"geometry":{"type":"Polygon","coordinates":[[[7.001242,4.821231],[7.001233,4.821266],[7.001128,4.821241],[7.001137,4.821206],[7.001242,4.821231]]]}},{"type":"Feature","properties":{"h":3.0,"on_route":false},"geometry":{"type":"Polygon","coordinates":[[[6.997458,4.820617],[6.997456,4.82065],[6.997427,4.820649],[6.997429,4.820615],[6.997458,4.820617]]]}},{"type":"Feature","properties":{"h":3.0,"on_route":false},"geometry":{"type":"Polygon","coordinates":[[[6.998919,4.820146],[6.998769,4.820156],[6.998763,4.82006],[6.998858,4.820053],[6.998856,4.820032],[6.998911,4.820028],[6.998919,4.820146]]]}},{"type":"Feature","properties":{"h":3.0,"on_route":false},"geometry":{"type":"Polygon","coordinates":[[[7.003068,4.821215],[7.003066,4.821219],[7.003221,4.821268],[7.003175,4.821414],[7.003082,4.821384],[7.003076,4.821401],[7.003037,4.821389],[7.003042,4.821372],[7.002949,4.821342],[7.002996,4.821193],[7.003068,4.821215]]]}},{"type":"Feature","properties":{"h":3.0,"on_route":false},"geometry":{"type":"Polygon","coordinates":[[[7.002204,4.820983],[7.002157,4.821115],[7.002096,4.821093],[7.002143,4.820961],[7.002204,4.820983]]]}},{"type":"Feature","properties":{"h":3.0,"on_route":true},"geometry":{"type":"Polygon","coordinates":[[[6.996246,4.820678],[6.996235,4.82077],[6.996131,4.820757],[6.996142,4.820665],[6.996246,4.820678]]]}},{"type":"Feature","properties":{"h":3.0,"on_route":false},"geometry":{"type":"Polygon","coordinates":[[[6.997953,4.82057],[6.997953,4.8206],[6.997924,4.8206],[6.997924,4.82057],[6.997953,4.82057]]]}},{"type":"Feature","properties":{"h":3.0,"on_route":false},"geometry":{"type":"Polygon","coordinates":[[[6.9956,4.824227],[6.995547,4.824246],[6.995533,4.824206],[6.995586,4.824188],[6.9956,4.824227]]]}},{"type":"Feature","properties":{"h":3.0,"on_route":false},"geometry":{"type":"Polygon","coordinates":[[[7.001867,4.8255],[7.001819,4.825498],[7.001818,4.825524],[7.001698,4.825519],[7.001703,4.825371],[7.001823,4.825375],[7.001824,4.825349],[7.001872,4.825351],[7.001867,4.8255]]]}},{"type":"Feature","properties":{"h":3.0,"on_route":false},"geometry":{"type":"Polygon","coordinates":[[[7.002883,4.821205],[7.002867,4.821257],[7.002944,4.821281],[7.002926,4.821342],[7.002793,4.821302],[7.002827,4.821188],[7.002883,4.821205]]]}},{"type":"Feature","properties":{"h":3.0,"on_route":false},"geometry":{"type":"Polygon","coordinates":[[[6.996587,4.819586],[6.996616,4.819584],[6.996618,4.819626],[6.996696,4.819622],[6.996701,4.819738],[6.996659,4.81974],[6.996662,4.819809],[6.996465,4.819818],[6.996455,4.819591],[6.996513,4.819589],[6.996511,4.819535],[6.996585,4.819532],[6.996587,4.819586]]]}},{"type":"Feature","properties":{"h":3.0,"on_route":false},"geometry":{"type":"Polygon","coordinates":[[[6.998784,4.824369],[6.998806,4.824672],[6.998747,4.824676],[6.998739,4.824563],[6.998715,4.824565],[6.998702,4.824375],[6.998784,4.824369]]]}},{"type":"Feature","properties":{"h":3.0,"on_route":false},"geometry":{"type":"Polygon","coordinates":[[[7.001288,4.825988],[7.001248,4.82595],[7.001296,4.825898],[7.001336,4.825937],[7.001288,4.825988]]]}},{"type":"Feature","properties":{"h":3.0,"on_route":false},"geometry":{"type":"Polygon","coordinates":[[[7.000425,4.818524],[7.000246,4.818588],[7.00021,4.818486],[7.000357,4.818434],[7.00037,4.818469],[7.000401,4.818457],[7.000425,4.818524]]]}},{"type":"Feature","properties":{"h":3.0,"on_route":false},"geometry":{"type":"Polygon","coordinates":[[[7.0003,4.825049],[7.000288,4.825222],[7.000244,4.825219],[7.000242,4.825253],[7.000349,4.82526],[7.000343,4.825354],[7.000229,4.825346],[7.000232,4.825307],[7.00021,4.825305],[7.000227,4.825045],[7.0003,4.825049]]]}},{"type":"Feature","properties":{"h":3.0,"on_route":false},"geometry":{"type":"Polygon","coordinates":[[[6.996437,4.823835],[6.996444,4.823864],[6.996486,4.823854],[6.996507,4.823944],[6.996385,4.823973],[6.996356,4.823854],[6.996437,4.823835]]]}},{"type":"Feature","properties":{"h":3.0,"on_route":false},"geometry":{"type":"Polygon","coordinates":[[[7.000495,4.82077],[7.000367,4.820802],[7.000303,4.820819],[7.000296,4.820793],[7.000284,4.820796],[7.0003,4.82086],[7.000254,4.820872],[7.000217,4.820726],[7.000276,4.820711],[7.000272,4.820697],[7.000465,4.820649],[7.000495,4.82077]]]}},{"type":"Feature","properties":{"h":3.0,"on_route":false},"geometry":{"type":"Polygon","coordinates":[[[6.99827,4.824198],[6.998179,4.824208],[6.998182,4.824227],[6.998131,4.824233],[6.998124,4.82417],[6.998265,4.824155],[6.99827,4.824198]]]}},{"type":"Feature","properties":{"h":3.0,"on_route":false},"geometry":{"type":"Polygon","coordinates":[[[6.995185,4.823265],[6.995096,4.823274],[6.99509,4.823215],[6.995179,4.823206],[6.995185,4.823265]]]}},{"type":"Feature","properties":{"h":3.0,"on_route":false},"geometry":{"type":"Polygon","coordinates":[[[6.999643,4.821204],[6.99955,4.821223],[6.999535,4.82115],[6.999628,4.821131],[6.999643,4.821204]]]}},{"type":"Feature","properties":{"h":3.0,"on_route":false},"geometry":{"type":"Polygon","coordinates":[[[6.998906,4.819372],[6.998921,4.819448],[6.999076,4.819417],[6.999112,4.819602],[6.99888,4.819649],[6.998828,4.819388],[6.998906,4.819372]]]}},{"type":"Feature","properties":{"h":3.0,"on_route":false},"geometry":{"type":"Polygon","coordinates":[[[6.999612,4.818372],[6.999593,4.818379],[6.999625,4.818467],[6.999601,4.818475],[6.999647,4.818603],[6.999525,4.818648],[6.999423,4.81837],[6.999481,4.818349],[6.999468,4.818314],[6.999576,4.818274],[6.999612,4.818372]]]}},{"type":"Feature","properties":{"h":3.0,"on_route":false},"geometry":{"type":"Polygon","coordinates":[[[7.002507,4.820379],[7.002469,4.820395],[7.002456,4.820367],[7.002494,4.82035],[7.002507,4.820379]]]}},{"type":"Feature","properties":{"h":3.0,"on_route":false},"geometry":{"type":"Polygon","coordinates":[[[6.998234,4.819076],[6.998261,4.819089],[6.998195,4.819227],[6.998168,4.819214],[6.998151,4.81925],[6.998059,4.819206],[6.998169,4.818974],[6.998261,4.819018],[6.998234,4.819076]]]}},{"type":"Feature","properties":{"h":3.0,"on_route":false},"geometry":{"type":"Polygon","coordinates":[[[6.995648,4.823321],[6.995603,4.82334],[6.995587,4.823302],[6.995632,4.823283],[6.995648,4.823321]]]}},{"type":"Feature","properties":{"h":3.0,"on_route":false},"geometry":{"type":"Polygon","coordinates":[[[6.995776,4.822194],[6.995758,4.822388],[6.995632,4.822376],[6.99565,4.822182],[6.995776,4.822194]]]}},{"type":"Feature","properties":{"h":3.0,"on_route":false},"geometry":{"type":"Polygon","coordinates":[[[6.997632,4.823625],[6.997482,4.823656],[6.997459,4.823544],[6.997609,4.823513],[6.997632,4.823625]]]}},{"type":"Feature","properties":{"h":3.0,"on_route":false},"geometry":{"type":"Polygon","coordinates":[[[6.999136,4.823558],[6.999134,4.823605],[6.999086,4.823602],[6.999088,4.823555],[6.999136,4.823558]]]}},{"type":"Feature","properties":{"h":3.0,"on_route":false},"geometry":{"type":"Polygon","coordinates":[[[6.998804,4.825156],[6.998809,4.825218],[6.998761,4.825222],[6.998769,4.825325],[6.998708,4.82533],[6.998695,4.825165],[6.998804,4.825156]]]}},{"type":"Feature","properties":{"h":3.0,"on_route":false},"geometry":{"type":"Polygon","coordinates":[[[6.998763,4.820004],[6.998717,4.820006],[6.998716,4.819983],[6.998614,4.819988],[6.998609,4.819896],[6.998711,4.819891],[6.998709,4.81986],[6.998755,4.819858],[6.998763,4.820004]]]}},{"type":"Feature","properties":{"h":3.0,"on_route":false},"geometry":{"type":"Polygon","coordinates":[[[6.999492,4.826212],[6.999491,4.826261],[6.999424,4.826258],[6.999426,4.82621],[6.999492,4.826212]]]}},{"type":"Feature","properties":{"h":3.0,"on_route":false},"geometry":{"type":"Polygon","coordinates":[[[7.000136,4.81968],[7.000045,4.819706],[7.000031,4.819658],[7.000123,4.819631],[7.000136,4.81968]]]}},{"type":"Feature","properties":{"h":3.0,"on_route":false},"geometry":{"type":"Polygon","coordinates":[[[7.001793,4.824593],[7.001702,4.824682],[7.001639,4.824616],[7.00173,4.824527],[7.001793,4.824593]]]}},{"type":"Feature","properties":{"h":3.0,"on_route":false},"geometry":{"type":"Polygon","coordinates":[[[6.997753,4.819272],[6.997684,4.819399],[6.997542,4.819321],[6.99757,4.819271],[6.997556,4.819263],[6.997599,4.819186],[6.997753,4.819272]]]}},{"type":"Feature","properties":{"h":3.0,"on_route":false},"geometry":{"type":"Polygon","coordinates":[[[7.000733,4.820443],[7.000633,4.820457],[7.000628,4.82042],[7.000729,4.820407],[7.000733,4.820443]]]}},{"type":"Feature","properties":{"h":3.0,"on_route":false},"geometry":{"type":"Polygon","coordinates":[[[7.001575,4.819618],[7.001539,4.819633],[7.001529,4.819608],[7.001564,4.819593],[7.001575,4.819618]]]}},{"type":"Feature","properties":{"h":3.0,"on_route":false},"geometry":{"type":"Polygon","coordinates":[[[6.999143,4.820921],[6.999084,4.820928],[6.999066,4.820788],[6.999125,4.82078],[6.999143,4.820921]]]}},{"type":"Feature","properties":{"h":3.0,"on_route":false},"geometry":{"type":"Polygon","coordinates":[[[7.000058,4.819949],[7.000026,4.819958],[7.000011,4.819902],[7.000043,4.819894],[7.000058,4.819949]]]}},{"type":"Feature","properties":{"h":3.0,"on_route":false},"geometry":{"type":"Polygon","coordinates":[[[7.00039,4.825268],[7.000383,4.825357],[7.000335,4.825353],[7.000343,4.825264],[7.00039,4.825268]]]}},{"type":"Feature","properties":{"h":3.0,"on_route":false},"geometry":{"type":"Polygon","coordinates":[[[6.995757,4.821511],[6.995768,4.821547],[6.995798,4.821538],[6.99584,4.82168],[6.995754,4.821706],[6.995748,4.821685],[6.995706,4.821697],[6.99567,4.821576],[6.995712,4.821563],[6.995701,4.821527],[6.995757,4.821511]]]}},{"type":"Feature","properties":{"h":3.0,"on_route":false},"geometry":{"type":"Polygon","coordinates":[[[6.998961,4.818468],[6.998955,4.818523],[6.998842,4.818509],[6.998848,4.818455],[6.998961,4.818468]]]}},{"type":"Feature","properties":{"h":3.0,"on_route":false},"geometry":{"type":"Polygon","coordinates":[[[7.000198,4.820699],[7.000047,4.820734],[7.000025,4.820641],[7.000176,4.820606],[7.000198,4.820699]]]}},{"type":"Feature","properties":{"h":3.0,"on_route":false},"geometry":{"type":"Polygon","coordinates":[[[6.998464,4.82456],[6.998462,4.824525],[6.998646,4.824514],[6.998655,4.824664],[6.99855,4.82467],[6.998552,4.82471],[6.998421,4.824717],[6.998412,4.824563],[6.998464,4.82456]]]}},{"type":"Feature","properties":{"h":3.0,"on_route":false},"geometry":{"type":"Polygon","coordinates":[[[6.999221,4.825785],[6.999224,4.825847],[6.999181,4.825849],[6.999178,4.825787],[6.999221,4.825785]]]}},{"type":"Feature","properties":{"h":3.0,"on_route":false},"geometry":{"type":"Polygon","coordinates":[[[6.999417,4.821254],[6.999375,4.821263],[6.999364,4.821207],[6.999406,4.821198],[6.999417,4.821254]]]}},{"type":"Feature","properties":{"h":3.0,"on_route":false},"geometry":{"type":"Polygon","coordinates":[[[6.99735,4.825168],[6.997258,4.825181],[6.997231,4.824988],[6.997324,4.824975],[6.99735,4.825168]]]}},{"type":"Feature","properties":{"h":3.0,"on_route":false},"geometry":{"type":"Polygon","coordinates":[[[6.998237,4.819864],[6.998205,4.81987],[6.998211,4.819902],[6.99817,4.819909],[6.998165,4.819877],[6.998135,4.819882],[6.998124,4.819818],[6.998227,4.819801],[6.998237,4.819864]]]}},{"type":"Feature","properties":{"h":3.0,"on_route":false},"geometry":{"type":"Polygon","coordinates":[[[6.999351,4.826416],[6.999232,4.826558],[6.999103,4.826449],[6.999148,4.826395],[6.999115,4.826367],[6.999148,4.826327],[6.999182,4.826355],[6.999221,4.826307],[6.999351,4.826416]]]}},{"type":"Feature","properties":{"h":3.0,"on_route":false},"geometry":{"type":"Polygon","coordinates":[[[6.995852,4.821061],[6.995851,4.821187],[6.995714,4.821187],[6.995714,4.82106],[6.995852,4.821061]]]}},{"type":"Feature","properties":{"h":3.0,"on_route":false},"geometry":{"type":"Polygon","coordinates":[[[7.001341,4.819205],[7.001343,4.819235],[7.001315,4.819236],[7.001313,4.819206],[7.001341,4.819205]]]}},{"type":"Feature","properties":{"h":3.0,"on_route":false},"geometry":{"type":"Polygon","coordinates":[[[6.995847,4.824531],[6.995748,4.824561],[6.995706,4.824422],[6.995805,4.824392],[6.995847,4.824531]]]}},{"type":"Feature","properties":{"h":3.0,"on_route":false},"geometry":{"type":"Polygon","coordinates":[[[6.999305,4.819384],[6.99917,4.81941],[6.999161,4.819361],[6.999296,4.819335],[6.999305,4.819384]]]}},{"type":"Feature","properties":{"h":3.0,"on_route":false},"geometry":{"type":"Polygon","coordinates":[[[6.997236,4.822851],[6.997117,4.822856],[6.997115,4.822798],[6.996907,4.822807],[6.996901,4.822658],[6.996967,4.822655],[6.996968,4.822682],[6.997109,4.822676],[6.997106,4.822593],[6.997225,4.822588],[6.997236,4.822851]]]}},{"type":"Feature","properties":{"h":3.0,"on_route":false},"geometry":{"type":"Polygon","coordinates":[[[6.99844,4.8215],[6.998448,4.821587],[6.998426,4.821589],[6.998418,4.821502],[6.99844,4.8215]]]}},{"type":"Feature","properties":{"h":3.0,"on_route":false},"geometry":{"type":"Polygon","coordinates":[[[6.997218,4.819892],[6.997138,4.819909],[6.997122,4.819833],[6.997202,4.819816],[6.997218,4.819892]]]}},{"type":"Feature","properties":{"h":3.0,"on_route":false},"geometry":{"type":"Polygon","coordinates":[[[6.997971,4.826269],[6.997871,4.826286],[6.997862,4.826229],[6.997961,4.826212],[6.997971,4.826269]]]}},{"type":"Feature","properties":{"h":3.0,"on_route":false},"geometry":{"type":"Polygon","coordinates":[[[6.999711,4.826346],[6.999537,4.826337],[6.99954,4.826286],[6.999667,4.826293],[6.999671,4.826225],[6.999717,4.826227],[6.999711,4.826346]]]}},{"type":"Feature","properties":{"h":3.0,"on_route":false},"geometry":{"type":"Polygon","coordinates":[[[6.99899,4.824761],[6.998824,4.824772],[6.998821,4.824735],[6.998987,4.824723],[6.99899,4.824761]]]}},{"type":"Feature","properties":{"h":3.0,"on_route":false},"geometry":{"type":"Polygon","coordinates":[[[7.000324,4.824282],[7.00032,4.824344],[7.000128,4.824331],[7.000132,4.824269],[7.000324,4.824282]]]}},{"type":"Feature","properties":{"h":3.0,"on_route":false},"geometry":{"type":"Polygon","coordinates":[[[6.998303,4.821065],[6.998179,4.821072],[6.998176,4.82102],[6.9983,4.821012],[6.998303,4.821065]]]}},{"type":"Feature","properties":{"h":3.0,"on_route":false},"geometry":{"type":"Polygon","coordinates":[[[7.00157,4.824047],[7.001405,4.824163],[7.001391,4.824143],[7.001339,4.82418],[7.001299,4.824122],[7.001516,4.82397],[7.00157,4.824047]]]}},{"type":"Feature","properties":{"h":3.0,"on_route":false},"geometry":{"type":"Polygon","coordinates":[[[6.995797,4.821988],[6.99579,4.822058],[6.995571,4.822036],[6.995578,4.821966],[6.995797,4.821988]]]}},{"type":"Feature","properties":{"h":3.0,"on_route":false},"geometry":{"type":"Polygon","coordinates":[[[6.997215,4.822907],[6.997212,4.822976],[6.997138,4.822974],[6.997137,4.823014],[6.997093,4.823012],[6.997097,4.822902],[6.997215,4.822907]]]}},{"type":"Feature","properties":{"h":3.0,"on_route":false},"geometry":{"type":"Polygon","coordinates":[[[6.996454,4.822208],[6.99645,4.822284],[6.996384,4.822281],[6.996388,4.822205],[6.996454,4.822208]]]}},{"type":"Feature","properties":{"h":3.0,"on_route":false},"geometry":{"type":"Polygon","coordinates":[[[6.997902,4.821119],[6.997907,4.821205],[6.997829,4.82121],[6.997823,4.821124],[6.997902,4.821119]]]}},{"type":"Feature","properties":{"h":3.0,"on_route":false},"geometry":{"type":"Polygon","coordinates":[[[6.996213,4.825289],[6.996201,4.825346],[6.99611,4.825327],[6.996121,4.82527],[6.996213,4.825289]]]}},{"type":"Feature","properties":{"h":3.0,"on_route":false},"geometry":{"type":"Polygon","coordinates":[[[6.999975,4.81943],[7.000039,4.819632],[6.999985,4.819649],[6.999921,4.819447],[6.999975,4.81943]]]}},{"type":"Feature","properties":{"h":3.0,"on_route":false},"geometry":{"type":"Polygon","coordinates":[[[6.996958,4.822231],[6.996956,4.822385],[6.996853,4.822383],[6.996855,4.82223],[6.996958,4.822231]]]}},{"type":"Feature","properties":{"h":3.0,"on_route":false},"geometry":{"type":"Polygon","coordinates":[[[7.000647,4.818822],[7.000347,4.818923],[7.000309,4.818807],[7.000608,4.818706],[7.000647,4.818822]]]}},{"type":"Feature","properties":{"h":3.0,"on_route":false},"geometry":{"type":"Polygon","coordinates":[[[6.99946,4.823809],[6.999398,4.823871],[6.999359,4.823832],[6.999422,4.82377],[6.99946,4.823809]]]}},{"type":"Feature","properties":{"h":3.0,"on_route":false},"geometry":{"type":"Polygon","coordinates":[[[7.003221,4.820589],[7.003203,4.820631],[7.003136,4.820602],[7.003154,4.820561],[7.003221,4.820589]]]}},{"type":"Feature","properties":{"h":3.0,"on_route":false},"geometry":{"type":"Polygon","coordinates":[[[7.002477,4.824393],[7.002442,4.824546],[7.002388,4.824534],[7.002423,4.824381],[7.002477,4.824393]]]}},{"type":"Feature","properties":{"h":3.0,"on_route":false},"geometry":{"type":"Polygon","coordinates":[[[6.995657,4.82452],[6.995592,4.824541],[6.995526,4.824337],[6.99559,4.824316],[6.995657,4.82452]]]}},{"type":"Feature","properties":{"h":3.0,"on_route":false},"geometry":{"type":"Polygon","coordinates":[[[6.996782,4.823245],[6.996658,4.823263],[6.996633,4.823085],[6.996756,4.823067],[6.996782,4.823245]]]}},{"type":"Feature","properties":{"h":3.0,"on_route":false},"geometry":{"type":"Polygon","coordinates":[[[6.996111,4.824897],[6.996104,4.824964],[6.996036,4.824957],[6.996043,4.82489],[6.996111,4.824897]]]}},{"type":"Feature","properties":{"h":3.0,"on_route":false},"geometry":{"type":"Polygon","coordinates":[[[6.999534,4.824915],[6.999534,4.82495],[6.999479,4.82495],[6.99948,4.824914],[6.999534,4.824915]]]}},{"type":"Feature","properties":{"h":3.0,"on_route":false},"geometry":{"type":"Polygon","coordinates":[[[6.997365,4.825261],[6.997302,4.825272],[6.997292,4.825221],[6.997356,4.82521],[6.997365,4.825261]]]}},{"type":"Feature","properties":{"h":3.0,"on_route":false},"geometry":{"type":"Polygon","coordinates":[[[6.999649,4.821968],[6.999647,4.821929],[6.999725,4.821924],[6.999732,4.82204],[6.999602,4.822049],[6.999597,4.821971],[6.999649,4.821968]]]}},{"type":"Feature","properties":{"h":3.0,"on_route":false},"geometry":{"type":"Polygon","coordinates":[[[7.002008,4.823481],[7.002001,4.823529],[7.001956,4.823522],[7.001963,4.823474],[7.002008,4.823481]]]}},{"type":"Feature","properties":{"h":3.0,"on_route":false},"geometry":{"type":"Polygon","coordinates":[[[6.99791,4.824269],[6.997539,4.824303],[6.997504,4.823931],[6.997876,4.823897],[6.99791,4.824269]]]}},{"type":"Feature","properties":{"h":3.0,"on_route":false},"geometry":{"type":"Polygon","coordinates":[[[6.998763,4.824852],[6.998582,4.824865],[6.998571,4.824709],[6.998752,4.824696],[6.998763,4.824852]]]}},{"type":"Feature","properties":{"h":3.0,"on_route":false},"geometry":{"type":"Polygon","coordinates":[[[6.997343,4.819662],[6.997239,4.819685],[6.99721,4.819553],[6.997242,4.819546],[6.997236,4.819517],[6.997307,4.819502],[6.997343,4.819662]]]}},{"type":"Feature","properties":{"h":3.0,"on_route":false},"geometry":{"type":"Polygon","coordinates":[[[7.000019,4.821599],[6.999738,4.821665],[6.999719,4.821587],[7.000001,4.82152],[7.000019,4.821599]]]}},{"type":"Feature","properties":{"h":3.0,"on_route":false},"geometry":{"type":"Polygon","coordinates":[[[7.000711,4.818913],[7.000584,4.818956],[7.000567,4.818903],[7.000694,4.81886],[7.000711,4.818913]]]}},{"type":"Feature","properties":{"h":3.0,"on_route":false},"geometry":{"type":"Polygon","coordinates":[[[6.997961,4.819845],[6.997967,4.819937],[6.997909,4.819941],[6.997902,4.81985],[6.997961,4.819845]]]}},{"type":"Feature","properties":{"h":3.0,"on_route":false},"geometry":{"type":"Polygon","coordinates":[[[6.995919,4.822274],[6.995914,4.822391],[6.995789,4.822384],[6.995795,4.822268],[6.995919,4.822274]]]}},{"type":"Feature","properties":{"h":3.0,"on_route":false},"geometry":{"type":"Polygon","coordinates":[[[6.997869,4.823694],[6.997803,4.82371],[6.997796,4.823676],[6.997862,4.823661],[6.997869,4.823694]]]}},{"type":"Feature","properties":{"h":3.0,"on_route":false},"geometry":{"type":"Polygon","coordinates":[[[7.001439,4.820808],[7.001415,4.820809],[7.001416,4.82087],[7.00126,4.820871],[7.001259,4.82082],[7.001279,4.82082],[7.001278,4.820732],[7.001374,4.820731],[7.001374,4.820707],[7.001438,4.820706],[7.001439,4.820808]]]}},{"type":"Feature","properties":{"h":3.0,"on_route":false},"geometry":{"type":"Polygon","coordinates":[[[7.001284,4.819913],[7.001282,4.819942],[7.001242,4.819939],[7.001244,4.81991],[7.001284,4.819913]]]}},{"type":"Feature","properties":{"h":3.0,"on_route":false},"geometry":{"type":"Polygon","coordinates":[[[6.997774,4.824658],[6.997722,4.82461],[6.997821,4.824504],[6.997873,4.824552],[6.997774,4.824658]]]}},{"type":"Feature","properties":{"h":3.0,"on_route":false},"geometry":{"type":"Polygon","coordinates":[[[6.996503,4.822111],[6.996398,4.822121],[6.996393,4.822066],[6.996418,4.822063],[6.996414,4.822028],[6.996495,4.82202],[6.996503,4.822111]]]}},{"type":"Feature","properties":{"h":3.0,"on_route":false},"geometry":{"type":"Polygon","coordinates":[[[6.998784,4.818679],[6.998765,4.818857],[6.998634,4.818843],[6.998649,4.81871],[6.998692,4.818714],[6.998697,4.81867],[6.998784,4.818679]]]}},{"type":"Feature","properties":{"h":3.0,"on_route":false},"geometry":{"type":"Polygon","coordinates":[[[7.000855,4.819353],[7.000791,4.819373],[7.000777,4.819327],[7.000841,4.819307],[7.000855,4.819353]]]}},{"type":"Feature","properties":{"h":3.0,"on_route":false},"geometry":{"type":"Polygon","coordinates":[[[6.997162,4.822387],[6.997048,4.822386],[6.997048,4.822306],[6.997163,4.822307],[6.997162,4.822387]]]}},{"type":"Feature","properties":{"h":3.0,"on_route":false},"geometry":{"type":"Polygon","coordinates":[[[6.998551,4.819822],[6.998567,4.819907],[6.998537,4.819912],[6.998521,4.819828],[6.998551,4.819822]]]}},{"type":"Feature","properties":{"h":3.0,"on_route":false},"geometry":{"type":"Polygon","coordinates":[[[6.999689,4.821394],[6.999645,4.821403],[6.999639,4.821374],[6.999684,4.821365],[6.999689,4.821394]]]}},{"type":"Feature","properties":{"h":3.0,"on_route":false},"geometry":{"type":"Polygon","coordinates":[[[7.000328,4.824237],[7.000326,4.824279],[7.000295,4.824278],[7.000297,4.824236],[7.000328,4.824237]]]}},{"type":"Feature","properties":{"h":3.0,"on_route":false},"geometry":{"type":"Polygon","coordinates":[[[6.999125,4.82078],[6.999048,4.82079],[6.999038,4.820713],[6.999115,4.820703],[6.999125,4.82078]]]}},{"type":"Feature","properties":{"h":3.0,"on_route":false},"geometry":{"type":"Polygon","coordinates":[[[6.998088,4.821219],[6.998096,4.821336],[6.998003,4.821342],[6.997996,4.821225],[6.998088,4.821219]]]}},{"type":"Feature","properties":{"h":3.0,"on_route":false},"geometry":{"type":"Polygon","coordinates":[[[7.001875,4.823896],[7.001861,4.823953],[7.001786,4.823935],[7.0018,4.823877],[7.001875,4.823896]]]}},{"type":"Feature","properties":{"h":3.0,"on_route":false},"geometry":{"type":"Polygon","coordinates":[[[7.003428,4.821261],[7.003376,4.821432],[7.003228,4.821386],[7.00328,4.821216],[7.003428,4.821261]]]}},{"type":"Feature","properties":{"h":3.0,"on_route":true},"geometry":{"type":"Polygon","coordinates":[[[6.99878,4.8222],[6.99878,4.82224],[6.998739,4.82224],[6.998739,4.822199],[6.99878,4.8222]]]}},{"type":"Feature","properties":{"h":3.0,"on_route":false},"geometry":{"type":"Polygon","coordinates":[[[7.002981,4.823825],[7.002988,4.823792],[7.003111,4.823818],[7.003104,4.823852],[7.003158,4.823863],[7.00313,4.823997],[7.002977,4.823964],[7.002992,4.823892],[7.002949,4.823883],[7.002962,4.823822],[7.002981,4.823825]]]}},{"type":"Feature","properties":{"h":3.0,"on_route":false},"geometry":{"type":"Polygon","coordinates":[[[6.999394,4.825702],[6.999355,4.825711],[6.999349,4.825682],[6.999388,4.825673],[6.999394,4.825702]]]}},{"type":"Feature","properties":{"h":3.0,"on_route":false},"geometry":{"type":"Polygon","coordinates":[[[6.998325,4.820537],[6.998334,4.820589],[6.998287,4.820596],[6.998279,4.820544],[6.998325,4.820537]]]}},{"type":"Feature","properties":{"h":3.0,"on_route":false},"geometry":{"type":"Polygon","coordinates":[[[6.996034,4.821059],[6.996031,4.821193],[6.995891,4.821191],[6.995893,4.821057],[6.996034,4.821059]]]}},{"type":"Feature","properties":{"h":3.0,"on_route":false},"geometry":{"type":"Polygon","coordinates":[[[7.00001,4.819903],[6.999922,4.819927],[6.999882,4.819773],[6.999969,4.81975],[7.00001,4.819903]]]}},{"type":"Feature","properties":{"h":3.0,"on_route":false},"geometry":{"type":"Polygon","coordinates":[[[6.99861,4.826637],[6.998502,4.826651],[6.998477,4.826456],[6.998584,4.826442],[6.99861,4.826637]]]}},{"type":"Feature","properties":{"h":3.0,"on_route":false},"geometry":{"type":"Polygon","coordinates":[[[6.997087,4.820052],[6.997051,4.820056],[6.997054,4.820077],[6.996996,4.820084],[6.996994,4.820063],[6.99694,4.820069],[6.996925,4.819936],[6.997072,4.819919],[6.997087,4.820052]]]}},{"type":"Feature","properties":{"h":3.0,"on_route":false},"geometry":{"type":"Polygon","coordinates":[[[6.998555,4.825963],[6.998551,4.826064],[6.998502,4.826062],[6.998505,4.825961],[6.998555,4.825963]]]}},{"type":"Feature","properties":{"h":3.0,"on_route":false},"geometry":{"type":"Polygon","coordinates":[[[6.999431,4.82078],[6.999445,4.820868],[6.999391,4.820877],[6.999377,4.820789],[6.999431,4.82078]]]}},{"type":"Feature","properties":{"h":3.0,"on_route":false},"geometry":{"type":"Polygon","coordinates":[[[6.998316,4.826562],[6.99832,4.826598],[6.998465,4.826581],[6.998476,4.826678],[6.998228,4.826707],[6.998212,4.826574],[6.998316,4.826562]]]}},{"type":"Feature","properties":{"h":3.0,"on_route":false},"geometry":{"type":"Polygon","coordinates":[[[6.996196,4.821246],[6.996191,4.821313],[6.996059,4.821302],[6.996064,4.821236],[6.996196,4.821246]]]}},{"type":"Feature","properties":{"h":3.0,"on_route":false},"geometry":{"type":"Polygon","coordinates":[[[6.999096,4.821249],[6.998935,4.821278],[6.998926,4.821229],[6.998876,4.821238],[6.998861,4.821154],[6.998911,4.821145],[6.998902,4.821097],[6.999063,4.821068],[6.999096,4.821249]]]}},{"type":"Feature","properties":{"h":3.0,"on_route":false},"geometry":{"type":"Polygon","coordinates":[[[6.995681,4.821309],[6.99567,4.8214],[6.995402,4.821367],[6.995413,4.821276],[6.995681,4.821309]]]}},{"type":"Feature","properties":{"h":3.0,"on_route":false},"geometry":{"type":"Polygon","coordinates":[[[6.999005,4.820407],[6.999012,4.820455],[6.998968,4.820461],[6.998961,4.820413],[6.999005,4.820407]]]}},{"type":"Feature","properties":{"h":3.0,"on_route":false},"geometry":{"type":"Polygon","coordinates":[[[6.999894,4.819422],[6.999744,4.819471],[6.999728,4.819424],[6.999697,4.819434],[6.999676,4.819369],[6.999726,4.819352],[6.999718,4.819326],[6.999849,4.819282],[6.999894,4.819422]]]}},{"type":"Feature","properties":{"h":3.0,"on_route":false},"geometry":{"type":"Polygon","coordinates":[[[6.999968,4.819723],[6.999911,4.819738],[6.999891,4.819664],[6.999949,4.819649],[6.999968,4.819723]]]}},{"type":"Feature","properties":{"h":3.0,"on_route":false},"geometry":{"type":"Polygon","coordinates":[[[6.996306,4.823039],[6.996194,4.823058],[6.996185,4.823005],[6.996297,4.822986],[6.996306,4.823039]]]}},{"type":"Feature","properties":{"h":3.0,"on_route":false},"geometry":{"type":"Polygon","coordinates":[[[6.998141,4.826088],[6.998173,4.826084],[6.998188,4.8262],[6.998036,4.82622],[6.998012,4.826034],[6.998132,4.826018],[6.998141,4.826088]]]}},{"type":"Feature","properties":{"h":3.0,"on_route":true},"geometry":{"type":"Polygon","coordinates":[[[6.997127,4.821166],[6.997003,4.821172],[6.996997,4.821055],[6.997039,4.821053],[6.997038,4.821025],[6.99712,4.821021],[6.997127,4.821166]]]}},{"type":"Feature","properties":{"h":3.0,"on_route":false},"geometry":{"type":"Polygon","coordinates":[[[6.999735,4.82399],[6.99973,4.824039],[6.999702,4.824036],[6.999706,4.823987],[6.999735,4.82399]]]}},{"type":"Feature","properties":{"h":3.0,"on_route":false},"geometry":{"type":"Polygon","coordinates":[[[7.0014,4.820585],[7.001409,4.820638],[7.001344,4.820649],[7.001335,4.820596],[7.0014,4.820585]]]}},{"type":"Feature","properties":{"h":3.0,"on_route":false},"geometry":{"type":"Polygon","coordinates":[[[7.000242,4.824818],[7.000233,4.824951],[7.000131,4.824944],[7.000139,4.824811],[7.000242,4.824818]]]}},{"type":"Feature","properties":{"h":3.0,"on_route":false},"geometry":{"type":"Polygon","coordinates":[[[6.997025,4.824866],[6.996972,4.824876],[6.99698,4.824919],[6.996843,4.824945],[6.996834,4.824902],[6.996813,4.824906],[6.996778,4.82472],[6.99699,4.82468],[6.997025,4.824866]]]}},{"type":"Feature","properties":{"h":3.0,"on_route":true},"geometry":{"type":"Polygon","coordinates":[[[6.997408,4.821235],[6.997196,4.821251],[6.997191,4.82119],[6.997404,4.821174],[6.997408,4.821235]]]}},{"type":"Feature","properties":{"h":3.0,"on_route":false},"geometry":{"type":"Polygon","coordinates":[[[6.996685,4.826047],[6.996599,4.826071],[6.996589,4.826034],[6.996674,4.82601],[6.996685,4.826047]]]}},{"type":"Feature","properties":{"h":3.0,"on_route":false},"geometry":{"type":"Polygon","coordinates":[[[6.999434,4.826157],[6.999439,4.826211],[6.999378,4.826217],[6.999373,4.826163],[6.999434,4.826157]]]}},{"type":"Feature","properties":{"h":3.0,"on_route":false},"geometry":{"type":"Polygon","coordinates":[[[7.002587,4.819719],[7.002552,4.819729],[7.002543,4.819696],[7.002578,4.819686],[7.002587,4.819719]]]}},{"type":"Feature","properties":{"h":3.0,"on_route":false},"geometry":{"type":"Polygon","coordinates":[[[6.995908,4.824222],[6.995972,4.82441],[6.995927,4.824426],[6.995916,4.824396],[6.995891,4.824404],[6.995837,4.824246],[6.995908,4.824222]]]}},{"type":"Feature","properties":{"h":3.0,"on_route":false},"geometry":{"type":"Polygon","coordinates":[[[7.002514,4.823824],[7.002505,4.823866],[7.00247,4.823859],[7.002479,4.823817],[7.002514,4.823824]]]}},{"type":"Feature","properties":{"h":3.0,"on_route":false},"geometry":{"type":"Polygon","coordinates":[[[7.000056,4.82344],[7.000052,4.823505],[6.999955,4.823499],[6.999959,4.823434],[7.000056,4.82344]]]}},{"type":"Feature","properties":{"h":3.0,"on_route":false},"geometry":{"type":"Polygon","coordinates":[[[6.996283,4.8233],[6.996286,4.823317],[6.996316,4.823312],[6.996332,4.823407],[6.996265,4.823418],[6.996246,4.823306],[6.996283,4.8233]]]}},{"type":"Feature","properties":{"h":3.0,"on_route":false},"geometry":{"type":"Polygon","coordinates":[[[6.996912,4.820196],[6.996937,4.820419],[6.996841,4.82043],[6.996816,4.820206],[6.996912,4.820196]]]}},{"type":"Feature","properties":{"h":3.0,"on_route":false},"geometry":{"type":"Polygon","coordinates":[[[6.999508,4.820053],[6.999295,4.820103],[6.999268,4.819984],[6.99948,4.819934],[6.999508,4.820053]]]}},{"type":"Feature","properties":{"h":3.0,"on_route":false},"geometry":{"type":"Polygon","coordinates":[[[6.998918,4.825628],[6.998861,4.825625],[6.998864,4.825568],[6.998896,4.82557],[6.998897,4.825545],[6.998922,4.825546],[6.998918,4.825628]]]}},{"type":"Feature","properties":{"h":3.0,"on_route":false},"geometry":{"type":"Polygon","coordinates":[[[6.999648,4.824363],[6.999637,4.824501],[6.999549,4.824494],[6.99956,4.824356],[6.999648,4.824363]]]}},{"type":"Feature","properties":{"h":3.0,"on_route":false},"geometry":{"type":"Polygon","coordinates":[[[6.999391,4.820529],[6.999337,4.820537],[6.999328,4.820476],[6.999381,4.820467],[6.999391,4.820529]]]}},{"type":"Feature","properties":{"h":3.0,"on_route":false},"geometry":{"type":"Polygon","coordinates":[[[6.996564,4.823657],[6.996473,4.823677],[6.996458,4.823612],[6.996549,4.823591],[6.996564,4.823657]]]}},{"type":"Feature","properties":{"h":3.0,"on_route":false},"geometry":{"type":"Polygon","coordinates":[[[7.000319,4.820491],[7.000185,4.820525],[7.000149,4.820386],[7.00021,4.82037],[7.000202,4.820339],[7.000276,4.82032],[7.000319,4.820491]]]}},{"type":"Feature","properties":{"h":3.0,"on_route":false},"geometry":{"type":"Polygon","coordinates":[[[7.000019,4.825178],[6.999967,4.82518],[6.99997,4.825244],[6.999904,4.825246],[6.999898,4.825096],[7.000016,4.825092],[7.000019,4.825178]]]}},{"type":"Feature","properties":{"h":3.0,"on_route":false},"geometry":{"type":"Polygon","coordinates":[[[6.998292,4.821395],[6.998287,4.82133],[6.998407,4.82132],[6.998412,4.821385],[6.998292,4.821395]]]}},{"type":"Feature","properties":{"h":3.0,"on_route":false},"geometry":{"type":"Polygon","coordinates":[[[6.996222,4.822691],[6.996048,4.822714],[6.996025,4.82254],[6.996199,4.822517],[6.996222,4.822691]]]}},{"type":"Feature","properties":{"h":3.0,"on_route":false},"geometry":{"type":"Polygon","coordinates":[[[6.999328,4.820697],[6.999241,4.820709],[6.999245,4.820737],[6.999184,4.820746],[6.999169,4.820638],[6.999317,4.820617],[6.999328,4.820697]]]}},{"type":"Feature","properties":{"h":3.0,"on_route":false},"geometry":{"type":"Polygon","coordinates":[[[6.998693,4.818939],[6.99869,4.819002],[6.998599,4.818998],[6.998602,4.818935],[6.998693,4.818939]]]}},{"type":"Feature","properties":{"h":3.0,"on_route":false},"geometry":{"type":"Polygon","coordinates":[[[7.001243,4.8189],[7.001365,4.819183],[7.00131,4.819207],[7.001189,4.818923],[7.001243,4.8189]]]}},{"type":"Feature","properties":{"h":3.0,"on_route":false},"geometry":{"type":"Polygon","coordinates":[[[6.999196,4.825028],[6.999098,4.825038],[6.999092,4.824981],[6.99906,4.824985],[6.999051,4.824902],[6.999084,4.824898],[6.999081,4.824871],[6.999179,4.824861],[6.999196,4.825028]]]}},{"type":"Feature","properties":{"h":3.0,"on_route":false},"geometry":{"type":"Polygon","coordinates":[[[6.999413,4.82146],[6.999346,4.821467],[6.999341,4.821417],[6.999408,4.82141],[6.999413,4.82146]]]}},{"type":"Feature","properties":{"h":3.0,"on_route":false},"geometry":{"type":"Polygon","coordinates":[[[6.997264,4.819478],[6.997206,4.819505],[6.997173,4.819434],[6.997231,4.819407],[6.997264,4.819478]]]}},{"type":"Feature","properties":{"h":3.0,"on_route":false},"geometry":{"type":"Polygon","coordinates":[[[6.998035,4.820663],[6.99798,4.820666],[6.997989,4.820859],[6.998044,4.820857],[6.99805,4.82098],[6.997836,4.82099],[6.997832,4.820907],[6.997871,4.820906],[6.997861,4.820707],[6.997823,4.820709],[6.997818,4.820612],[6.998032,4.820601],[6.998035,4.820663]]]}},{"type":"Feature","properties":{"h":3.0,"on_route":false},"geometry":{"type":"Polygon","coordinates":[[[6.997537,4.826484],[6.997532,4.826514],[6.997505,4.82651],[6.997509,4.82648],[6.997537,4.826484]]]}},{"type":"Feature","properties":{"h":3.0,"on_route":false},"geometry":{"type":"Polygon","coordinates":[[[7.002895,4.820793],[7.002882,4.820836],[7.002847,4.820824],[7.002861,4.820781],[7.002895,4.820793]]]}},{"type":"Feature","properties":{"h":3.0,"on_route":false},"geometry":{"type":"Polygon","coordinates":[[[7.001912,4.82514],[7.001911,4.825182],[7.001745,4.825179],[7.001746,4.825136],[7.001912,4.82514]]]}},{"type":"Feature","properties":{"h":3.0,"on_route":false},"geometry":{"type":"Polygon","coordinates":[[[6.996435,4.823044],[6.996452,4.823167],[6.996559,4.823152],[6.996545,4.823055],[6.996627,4.823043],[6.996655,4.823242],[6.996389,4.82328],[6.996368,4.823136],[6.996346,4.82314],[6.996342,4.823108],[6.99631,4.823112],[6.996303,4.823062],[6.996435,4.823044]]]}},{"type":"Feature","properties":{"h":3.0,"on_route":false},"geometry":{"type":"Polygon","coordinates":[[[7.001926,4.823456],[7.001899,4.823576],[7.001815,4.823556],[7.001842,4.823437],[7.001926,4.823456]]]}},{"type":"Feature","properties":{"h":3.0,"on_route":false},"geometry":{"type":"Polygon","coordinates":[[[6.998396,4.821584],[6.998225,4.8216],[6.998213,4.821463],[6.998383,4.821447],[6.998396,4.821584]]]}},{"type":"Feature","properties":{"h":3.0,"on_route":false},"geometry":{"type":"Polygon","coordinates":[[[6.997835,4.819315],[6.997825,4.819331],[6.997928,4.819395],[6.997857,4.819509],[6.997719,4.819422],[6.997724,4.819414],[6.997687,4.819391],[6.997763,4.81927],[6.997835,4.819315]]]}},{"type":"Feature","properties":{"h":3.0,"on_route":true},"geometry":{"type":"Polygon","coordinates":[[[6.997419,4.820823],[6.997424,4.820904],[6.997289,4.820912],[6.997285,4.820831],[6.997419,4.820823]]]}},{"type":"Feature","properties":{"h":3.0,"on_route":false},"geometry":{"type":"Polygon","coordinates":[[[6.998168,4.826372],[6.998161,4.826462],[6.998112,4.826459],[6.998119,4.826368],[6.998168,4.826372]]]}},{"type":"Feature","properties":{"h":3.0,"on_route":false},"geometry":{"type":"Polygon","coordinates":[[[7.00159,4.825789],[7.001548,4.82583],[7.001562,4.825844],[7.001455,4.82595],[7.001442,4.825936],[7.001396,4.825981],[7.001347,4.825931],[7.001541,4.825739],[7.00159,4.825789]]]}},{"type":"Feature","properties":{"h":3.0,"on_route":false},"geometry":{"type":"Polygon","coordinates":[[[6.996355,4.824434],[6.996363,4.824472],[6.99634,4.824477],[6.996332,4.824439],[6.996355,4.824434]]]}},{"type":"Feature","properties":{"h":3.0,"on_route":false},"geometry":{"type":"Polygon","coordinates":[[[6.998916,4.82598],[6.998894,4.825979],[6.998893,4.826012],[6.998808,4.826009],[6.998812,4.825905],[6.998919,4.825909],[6.998916,4.82598]]]}},{"type":"Feature","properties":{"h":3.0,"on_route":false},"geometry":{"type":"Polygon","coordinates":[[[7.000147,4.820805],[6.999974,4.820846],[6.999959,4.820782],[7.000131,4.820741],[7.000147,4.820805]]]}},{"type":"Feature","properties":{"h":3.0,"on_route":false},"geometry":{"type":"Polygon","coordinates":[[[6.997659,4.820376],[6.997658,4.820405],[6.997631,4.820403],[6.997632,4.820375],[6.997659,4.820376]]]}},{"type":"Feature","properties":{"h":3.0,"on_route":false},"geometry":{"type":"Polygon","coordinates":[[[6.995867,4.822157],[6.995858,4.822212],[6.995792,4.822201],[6.995802,4.822146],[6.995867,4.822157]]]}},{"type":"Feature","properties":{"h":3.0,"on_route":false},"geometry":{"type":"Polygon","coordinates":[[[7.000758,4.818405],[7.000766,4.818437],[7.000729,4.818445],[7.000722,4.818414],[7.000758,4.818405]]]}},{"type":"Feature","properties":{"h":3.0,"on_route":false},"geometry":{"type":"Polygon","coordinates":[[[7.000415,4.823657],[7.000393,4.82397],[7.000321,4.823965],[7.000343,4.823652],[7.000415,4.823657]]]}},{"type":"Feature","properties":{"h":3.0,"on_route":false},"geometry":{"type":"Polygon","coordinates":[[[6.999368,4.820978],[6.9991,4.821028],[6.999086,4.820953],[6.999354,4.820903],[6.999368,4.820978]]]}},{"type":"Feature","properties":{"h":3.0,"on_route":false},"geometry":{"type":"Polygon","coordinates":[[[7.000908,4.823952],[7.001012,4.82396],[7.001009,4.823997],[7.000905,4.82399],[7.000908,4.823952]]]}},{"type":"Feature","properties":{"h":3.0,"on_route":false},"geometry":{"type":"Polygon","coordinates":[[[7.001256,4.821919],[7.001251,4.821952],[7.001197,4.821943],[7.00119,4.821988],[7.001073,4.821969],[7.00108,4.821923],[7.000972,4.821905],[7.000978,4.821873],[7.001256,4.821919]]]}},{"type":"Feature","properties":{"h":3.0,"on_route":false},"geometry":{"type":"Polygon","coordinates":[[[6.996341,4.821109],[6.996339,4.821166],[6.996146,4.821159],[6.996148,4.821102],[6.996341,4.821109]]]}},{"type":"Feature","properties":{"h":3.0,"on_route":false},"geometry":{"type":"Polygon","coordinates":[[[7.000243,4.819564],[7.000139,4.819593],[7.000096,4.819437],[7.0002,4.819408],[7.000243,4.819564]]]}},{"type":"Feature","properties":{"h":3.0,"on_route":false},"geometry":{"type":"Polygon","coordinates":[[[6.997008,4.822159],[6.997006,4.822262],[6.996958,4.822261],[6.99696,4.822158],[6.997008,4.822159]]]}},{"type":"Feature","properties":{"h":3.0,"on_route":false},"geometry":{"type":"Polygon","coordinates":[[[6.997372,4.819958],[6.997192,4.819978],[6.997186,4.819915],[6.997365,4.819896],[6.997372,4.819958]]]}},{"type":"Feature","properties":{"h":3.0,"on_route":false},"geometry":{"type":"Polygon","coordinates":[[[7.001863,4.824239],[7.001851,4.824298],[7.001709,4.824267],[7.001722,4.824209],[7.001863,4.824239]]]}},{"type":"Feature","properties":{"h":3.0,"on_route":false},"geometry":{"type":"Polygon","coordinates":[[[7.000477,4.819249],[7.00003,4.819399],[6.999959,4.819183],[7.000406,4.819034],[7.000477,4.819249]]]}},{"type":"Feature","properties":{"h":3.0,"on_route":false},"geometry":{"type":"Polygon","coordinates":[[[7.000371,4.818185],[7.00014,4.81827],[7.00018,4.818378],[6.999814,4.818513],[6.999727,4.818275],[6.999753,4.818266],[6.999725,4.81819],[7.00008,4.81806],[7.00009,4.818085],[7.00014,4.818067],[7.000167,4.818141],[7.000333,4.81808],[7.000371,4.818185]]]}},{"type":"Feature","properties":{"h":3.0,"on_route":false},"geometry":{"type":"Polygon","coordinates":[[[7.002206,4.824879],[7.002203,4.824933],[7.002173,4.824932],[7.002176,4.824878],[7.002206,4.824879]]]}},{"type":"Feature","properties":{"h":3.0,"on_route":false},"geometry":{"type":"Polygon","coordinates":[[[6.998421,4.825218],[6.998428,4.825267],[6.998541,4.82525],[6.998558,4.825362],[6.998403,4.825385],[6.998397,4.825346],[6.998328,4.825356],[6.99831,4.825235],[6.998421,4.825218]]]}},{"type":"Feature","properties":{"h":3.0,"on_route":false},"geometry":{"type":"Polygon","coordinates":[[[6.997322,4.819429],[6.997271,4.819466],[6.997196,4.819361],[6.997247,4.819324],[6.997322,4.819429]]]}},{"type":"Feature","properties":{"h":3.0,"on_route":false},"geometry":{"type":"Polygon","coordinates":[[[6.999026,4.818442],[6.99902,4.818499],[6.998958,4.818492],[6.998965,4.818435],[6.999026,4.818442]]]}},{"type":"Feature","properties":{"h":3.0,"on_route":false},"geometry":{"type":"Polygon","coordinates":[[[7.000771,4.821537],[7.000763,4.821612],[7.000411,4.821575],[7.000419,4.8215],[7.000771,4.821537]]]}},{"type":"Feature","properties":{"h":3.0,"on_route":false},"geometry":{"type":"Polygon","coordinates":[[[7.001597,4.81981],[7.001424,4.819893],[7.001353,4.819743],[7.001466,4.819689],[7.001446,4.819646],[7.001506,4.819617],[7.001597,4.81981]]]}},{"type":"Feature","properties":{"h":3.0,"on_route":true},"geometry":{"type":"Polygon","coordinates":[[[6.998947,4.822709],[6.998961,4.823014],[6.998859,4.823019],[6.998845,4.822714],[6.998947,4.822709]]]}},{"type":"Feature","properties":{"h":3.0,"on_route":false},"geometry":{"type":"Polygon","coordinates":[[[7.001459,4.824738],[7.001457,4.824763],[7.001429,4.824761],[7.001431,4.824735],[7.001459,4.824738]]]}},{"type":"Feature","properties":{"h":3.0,"on_route":false},"geometry":{"type":"Polygon","coordinates":[[[6.997602,4.825234],[6.997428,4.825265],[6.997417,4.8252],[6.997591,4.825169],[6.997602,4.825234]]]}},{"type":"Feature","properties":{"h":3.0,"on_route":false},"geometry":{"type":"Polygon","coordinates":[[[6.997466,4.81981],[6.997275,4.819852],[6.997262,4.819791],[6.997453,4.819749],[6.997466,4.81981]]]}},{"type":"Feature","properties":{"h":3.0,"on_route":false},"geometry":{"type":"Polygon","coordinates":[[[6.99793,4.822567],[6.997935,4.822624],[6.997859,4.822631],[6.997854,4.822574],[6.99793,4.822567]]]}},{"type":"Feature","properties":{"h":3.0,"on_route":false},"geometry":{"type":"Polygon","coordinates":[[[6.997835,4.826503],[6.997772,4.826552],[6.997717,4.826482],[6.99778,4.826433],[6.997835,4.826503]]]}},{"type":"Feature","properties":{"h":3.0,"on_route":false},"geometry":{"type":"Polygon","coordinates":[[[6.997216,4.825299],[6.997025,4.82533],[6.99701,4.825236],[6.997201,4.825205],[6.997216,4.825299]]]}},{"type":"Feature","properties":{"h":3.0,"on_route":false},"geometry":{"type":"Polygon","coordinates":[[[6.995866,4.82472],[6.9959,4.824892],[6.995839,4.824904],[6.995805,4.824732],[6.995866,4.82472]]]}},{"type":"Feature","properties":{"h":3.0,"on_route":false},"geometry":{"type":"Polygon","coordinates":[[[6.995262,4.823674],[6.995273,4.823705],[6.995333,4.823685],[6.995341,4.82371],[6.99523,4.823748],[6.995211,4.823691],[6.995262,4.823674]]]}},{"type":"Feature","properties":{"h":3.0,"on_route":true},"geometry":{"type":"Polygon","coordinates":[[[6.998268,4.822119],[6.998158,4.822125],[6.998149,4.821951],[6.998259,4.821945],[6.998268,4.822119]]]}},{"type":"Feature","properties":{"h":3.0,"on_route":false},"geometry":{"type":"Polygon","coordinates":[[[7.001025,4.825259],[7.001017,4.825327],[7.000975,4.825322],[7.000984,4.825254],[7.001025,4.825259]]]}},{"type":"Feature","properties":{"h":3.0,"on_route":true},"geometry":{"type":"Polygon","coordinates":[[[6.997778,4.821271],[6.997791,4.821385],[6.997702,4.821395],[6.997689,4.821281],[6.997778,4.821271]]]}},{"type":"Feature","properties":{"h":3.0,"on_route":false},"geometry":{"type":"Polygon","coordinates":[[[6.99611,4.825683],[6.996132,4.825762],[6.996278,4.825722],[6.996309,4.825835],[6.996204,4.825864],[6.996217,4.82591],[6.996176,4.825922],[6.996167,4.825889],[6.996083,4.825912],[6.99607,4.825868],[6.996043,4.825875],[6.995999,4.825714],[6.99611,4.825683]]]}},{"type":"Feature","properties":{"h":3.0,"on_route":false},"geometry":{"type":"Polygon","coordinates":[[[7.001505,4.825581],[7.001434,4.825511],[7.001633,4.825308],[7.001704,4.825377],[7.001505,4.825581]]]}},{"type":"Feature","properties":{"h":3.0,"on_route":false},"geometry":{"type":"Polygon","coordinates":[[[7.002568,4.820295],[7.002581,4.820331],[7.002546,4.820344],[7.002532,4.820308],[7.002568,4.820295]]]}},{"type":"Feature","properties":{"h":3.0,"on_route":false},"geometry":{"type":"Polygon","coordinates":[[[6.995407,4.823564],[6.995244,4.82362],[6.995206,4.823505],[6.995368,4.82345],[6.995407,4.823564]]]}},{"type":"Feature","properties":{"h":3.0,"on_route":false},"geometry":{"type":"Polygon","coordinates":[[[6.996411,4.820158],[6.996408,4.820231],[6.996226,4.820225],[6.996228,4.820152],[6.996411,4.820158]]]}},{"type":"Feature","properties":{"h":3.0,"on_route":false},"geometry":{"type":"Polygon","coordinates":[[[6.997734,4.825432],[6.997658,4.825447],[6.997662,4.825468],[6.997628,4.825475],[6.997624,4.825454],[6.9976,4.825458],[6.997605,4.82548],[6.997545,4.825492],[6.997535,4.825445],[6.997573,4.825437],[6.997554,4.825339],[6.997709,4.825307],[6.997734,4.825432]]]}},{"type":"Feature","properties":{"h":3.0,"on_route":false},"geometry":{"type":"Polygon","coordinates":[[[7.00036,4.819628],[7.000318,4.819636],[7.000311,4.819597],[7.000354,4.81959],[7.00036,4.819628]]]}},{"type":"Feature","properties":{"h":3.0,"on_route":false},"geometry":{"type":"Polygon","coordinates":[[[7.0029,4.824127],[7.002892,4.824182],[7.00286,4.824177],[7.002869,4.824122],[7.0029,4.824127]]]}},{"type":"Feature","properties":{"h":3.0,"on_route":false},"geometry":{"type":"Polygon","coordinates":[[[6.998283,4.821394],[6.998172,4.821402],[6.998168,4.821341],[6.998279,4.821333],[6.998283,4.821394]]]}},{"type":"Feature","properties":{"h":3.0,"on_route":false},"geometry":{"type":"Polygon","coordinates":[[[7.001315,4.818866],[7.001379,4.818969],[7.001314,4.81901],[7.00125,4.818907],[7.001315,4.818866]]]}},{"type":"Feature","properties":{"h":3.0,"on_route":true},"geometry":{"type":"Polygon","coordinates":[[[6.996171,4.820407],[6.996171,4.820456],[6.996126,4.820456],[6.996126,4.820407],[6.996171,4.820407]]]}},{"type":"Feature","properties":{"h":3.0,"on_route":false},"geometry":{"type":"Polygon","coordinates":[[[6.996245,4.821727],[6.996243,4.821761],[6.996204,4.82176],[6.996205,4.821725],[6.996245,4.821727]]]}},{"type":"Feature","properties":{"h":3.0,"on_route":false},"geometry":{"type":"Polygon","coordinates":[[[7.000501,4.82436],[7.000496,4.824426],[7.000303,4.82441],[7.000309,4.824345],[7.000501,4.82436]]]}},{"type":"Feature","properties":{"h":3.0,"on_route":false},"geometry":{"type":"Polygon","coordinates":[[[7.000441,4.823955],[7.000394,4.823952],[7.000416,4.823638],[7.000463,4.823641],[7.000441,4.823955]]]}},{"type":"Feature","properties":{"h":3.0,"on_route":false},"geometry":{"type":"Polygon","coordinates":[[[6.999455,4.819616],[6.99947,4.819688],[6.999409,4.8197],[6.999395,4.819628],[6.999455,4.819616]]]}},{"type":"Feature","properties":{"h":3.0,"on_route":false},"geometry":{"type":"Polygon","coordinates":[[[7.000721,4.820681],[7.000731,4.820757],[7.000776,4.820751],[7.000791,4.820865],[7.000718,4.820874],[7.00074,4.821037],[7.000653,4.821049],[7.000613,4.820741],[7.000568,4.820747],[7.000562,4.820702],[7.000721,4.820681]]]}},{"type":"Feature","properties":{"h":3.0,"on_route":false},"geometry":{"type":"Polygon","coordinates":[[[7.001804,4.824178],[7.001799,4.824224],[7.001725,4.824217],[7.00173,4.824171],[7.001804,4.824178]]]}},{"type":"Feature","properties":{"h":3.0,"on_route":false},"geometry":{"type":"Polygon","coordinates":[[[7.002378,4.820035],[7.002427,4.820137],[7.00238,4.82016],[7.002331,4.820058],[7.002378,4.820035]]]}},{"type":"Feature","properties":{"h":3.0,"on_route":false},"geometry":{"type":"Polygon","coordinates":[[[6.999583,4.82114],[6.999466,4.821165],[6.999452,4.821097],[6.999569,4.821073],[6.999583,4.82114]]]}},{"type":"Feature","properties":{"h":3.0,"on_route":false},"geometry":{"type":"Polygon","coordinates":[[[6.999743,4.81959],[6.99961,4.819625],[6.999583,4.819523],[6.999695,4.819493],[6.999702,4.819518],[6.999722,4.819513],[6.999743,4.81959]]]}},{"type":"Feature","properties":{"h":3.0,"on_route":false},"geometry":{"type":"Polygon","coordinates":[[[7.001144,4.824717],[7.001092,4.82471],[7.001099,4.824651],[7.001151,4.824658],[7.001144,4.824717]]]}},{"type":"Feature","properties":{"h":3.0,"on_route":false},"geometry":{"type":"Polygon","coordinates":[[[6.999593,4.826154],[6.999592,4.8262],[6.99948,4.826199],[6.999481,4.826154],[6.999593,4.826154]]]}},{"type":"Feature","properties":{"h":3.0,"on_route":false},"geometry":{"type":"Polygon","coordinates":[[[6.999743,4.825666],[6.999715,4.825711],[6.999672,4.825683],[6.9997,4.825638],[6.999743,4.825666]]]}},{"type":"Feature","properties":{"h":3.0,"on_route":false},"geometry":{"type":"Polygon","coordinates":[[[6.999047,4.821026],[6.99877,4.821079],[6.998758,4.821017],[6.999035,4.820964],[6.999047,4.821026]]]}},{"type":"Feature","properties":{"h":3.0,"on_route":false},"geometry":{"type":"Polygon","coordinates":[[[6.998989,4.825088],[6.998992,4.825135],[6.998936,4.825139],[6.998932,4.825093],[6.998989,4.825088]]]}},{"type":"Feature","properties":{"h":3.0,"on_route":false},"geometry":{"type":"Polygon","coordinates":[[[6.997274,4.824137],[6.997273,4.824175],[6.997239,4.824174],[6.99724,4.824136],[6.997274,4.824137]]]}},{"type":"Feature","properties":{"h":3.0,"on_route":false},"geometry":{"type":"Polygon","coordinates":[[[6.999091,4.825079],[6.999095,4.825126],[6.998992,4.825135],[6.998989,4.825088],[6.999091,4.825079]]]}},{"type":"Feature","properties":{"h":3.0,"on_route":false},"geometry":{"type":"Polygon","coordinates":[[[6.996014,4.821219],[6.996017,4.821298],[6.995905,4.821302],[6.995903,4.821223],[6.996014,4.821219]]]}},{"type":"Feature","properties":{"h":3.0,"on_route":false},"geometry":{"type":"Polygon","coordinates":[[[6.998876,4.81896],[6.998874,4.819015],[6.99884,4.819014],[6.998843,4.818958],[6.998876,4.81896]]]}},{"type":"Feature","properties":{"h":3.0,"on_route":false},"geometry":{"type":"Polygon","coordinates":[[[6.998737,4.825964],[6.998735,4.826096],[6.998792,4.826097],[6.99879,4.826166],[6.998734,4.826165],[6.998733,4.826222],[6.99858,4.826219],[6.998584,4.825962],[6.998737,4.825964]]]}},{"type":"Feature","properties":{"h":3.0,"on_route":false},"geometry":{"type":"Polygon","coordinates":[[[7.003206,4.82153],[7.003172,4.821642],[7.003106,4.821621],[7.003099,4.821644],[7.002931,4.821591],[7.002938,4.821569],[7.002868,4.821547],[7.002902,4.821435],[7.003206,4.82153]]]}},{"type":"Feature","properties":{"h":3.0,"on_route":false},"geometry":{"type":"Polygon","coordinates":[[[6.998129,4.819972],[6.998114,4.819975],[6.99814,4.820116],[6.998046,4.820133],[6.998031,4.820049],[6.998008,4.820053],[6.997998,4.819996],[6.99802,4.819992],[6.998006,4.819915],[6.998114,4.819895],[6.998129,4.819972]]]}},{"type":"Feature","properties":{"h":3.0,"on_route":false},"geometry":{"type":"Polygon","coordinates":[[[7.000394,4.825154],[7.000386,4.825262],[7.000242,4.825253],[7.000243,4.825239],[7.000287,4.825242],[7.000293,4.825147],[7.000394,4.825154]]]}},{"type":"Feature","properties":{"h":3.0,"on_route":false},"geometry":{"type":"Polygon","coordinates":[[[7.002828,4.82077],[7.002814,4.820822],[7.002753,4.820806],[7.002767,4.820754],[7.002828,4.82077]]]}},{"type":"Feature","properties":{"h":3.0,"on_route":true},"geometry":{"type":"Polygon","coordinates":[[[6.996731,4.820758],[6.996727,4.820917],[6.996637,4.820915],[6.996637,4.820882],[6.996556,4.82088],[6.996558,4.820754],[6.996731,4.820758]]]}},{"type":"Feature","properties":{"h":3.0,"on_route":false},"geometry":{"type":"Polygon","coordinates":[[[6.999843,4.821305],[6.999767,4.821321],[6.999772,4.821346],[6.9997,4.821361],[6.999691,4.821318],[6.999668,4.821323],[6.999677,4.821366],[6.999584,4.821386],[6.999579,4.821361],[6.999533,4.82137],[6.999505,4.821233],[6.999815,4.821168],[6.999843,4.821305]]]}},{"type":"Feature","properties":{"h":3.0,"on_route":false},"geometry":{"type":"Polygon","coordinates":[[[6.996412,4.820261],[6.996379,4.820263],[6.996377,4.820227],[6.996409,4.820224],[6.996412,4.820261]]]}},{"type":"Feature","properties":{"h":3.0,"on_route":true},"geometry":{"type":"Polygon","coordinates":[[[6.996292,4.820673],[6.996292,4.820696],[6.996265,4.820696],[6.996265,4.820673],[6.996292,4.820673]]]}},{"type":"Feature","properties":{"h":3.0,"on_route":false},"geometry":{"type":"Polygon","coordinates":[[[7.002277,4.819413],[7.002285,4.81945],[7.002251,4.819458],[7.002242,4.819422],[7.002277,4.819413]]]}},{"type":"Feature","properties":{"h":3.0,"on_route":false},"geometry":{"type":"Polygon","coordinates":[[[6.999535,4.824484],[6.999305,4.824646],[6.999217,4.824521],[6.999447,4.824359],[6.999535,4.824484]]]}},{"type":"Feature","properties":{"h":3.0,"on_route":false},"geometry":{"type":"Polygon","coordinates":[[[7.001079,4.825021],[7.001055,4.825142],[7.000993,4.82513],[7.001017,4.825008],[7.001079,4.825021]]]}},{"type":"Feature","properties":{"h":3.0,"on_route":false},"geometry":{"type":"Polygon","coordinates":[[[7.001238,4.825218],[7.001227,4.825259],[7.001188,4.825248],[7.001199,4.825207],[7.001238,4.825218]]]}},{"type":"Feature","properties":{"h":3.0,"on_route":false},"geometry":{"type":"Polygon","coordinates":[[[6.999407,4.820627],[6.999431,4.82078],[6.999377,4.820789],[6.999353,4.820636],[6.999407,4.820627]]]}},{"type":"Feature","properties":{"h":3.0,"on_route":false},"geometry":{"type":"Polygon","coordinates":[[[7.000132,4.823445],[7.000127,4.823535],[7.000051,4.82353],[7.000056,4.82344],[7.000132,4.823445]]]}},{"type":"Feature","properties":{"h":3.0,"on_route":false},"geometry":{"type":"Polygon","coordinates":[[[7.001862,4.824636],[7.00183,4.824666],[7.001775,4.824607],[7.001807,4.824577],[7.001862,4.824636]]]}},{"type":"Feature","properties":{"h":3.0,"on_route":false},"geometry":{"type":"Polygon","coordinates":[[[6.996302,4.820982],[6.996296,4.821018],[6.996253,4.82101],[6.996259,4.820974],[6.996302,4.820982]]]}},{"type":"Feature","properties":{"h":3.0,"on_route":false},"geometry":{"type":"Polygon","coordinates":[[[6.997913,4.826184],[6.997855,4.826196],[6.99784,4.826127],[6.997899,4.826115],[6.997913,4.826184]]]}},{"type":"Feature","properties":{"h":3.0,"on_route":false},"geometry":{"type":"Polygon","coordinates":[[[7.003406,4.820473],[7.003383,4.820463],[7.00336,4.820518],[7.003402,4.820537],[7.003365,4.820623],[7.003322,4.820604],[7.003312,4.820629],[7.003093,4.820534],[7.003141,4.820423],[7.003268,4.820479],[7.003292,4.820423],[7.003264,4.820411],[7.003295,4.820339],[7.003332,4.820253],[7.003474,4.820315],[7.003406,4.820473]]]}},{"type":"Feature","properties":{"h":3.0,"on_route":false},"geometry":{"type":"Polygon","coordinates":[[[7.000268,4.821078],[7.000164,4.821104],[7.000127,4.820949],[7.000231,4.820924],[7.000268,4.821078]]]}},{"type":"Feature","properties":{"h":3.0,"on_route":false},"geometry":{"type":"Polygon","coordinates":[[[6.99704,4.819471],[6.996982,4.819478],[6.996975,4.819417],[6.997033,4.81941],[6.99704,4.819471]]]}},{"type":"Feature","properties":{"h":3.0,"on_route":false},"geometry":{"type":"Polygon","coordinates":[[[6.997662,4.824645],[6.997585,4.824728],[6.997542,4.824687],[6.997619,4.824605],[6.997662,4.824645]]]}},{"type":"Feature","properties":{"h":3.0,"on_route":false},"geometry":{"type":"Polygon","coordinates":[[[6.997841,4.819702],[6.997688,4.819781],[6.997643,4.819693],[6.997797,4.819615],[6.997841,4.819702]]]}},{"type":"Feature","properties":{"h":3.0,"on_route":false},"geometry":{"type":"Polygon","coordinates":[[[6.996749,4.822798],[6.99669,4.822802],[6.996691,4.82282],[6.996422,4.822836],[6.99641,4.822626],[6.996444,4.822624],[6.996443,4.822602],[6.996665,4.822589],[6.996663,4.822554],[6.996734,4.822549],[6.996749,4.822798]]]}},{"type":"Feature","properties":{"h":3.0,"on_route":false},"geometry":{"type":"Polygon","coordinates":[[[7.000665,4.820465],[7.000675,4.820537],[7.000702,4.820534],[7.000707,4.820573],[7.000629,4.820583],[7.000615,4.820472],[7.000665,4.820465]]]}},{"type":"Feature","properties":{"h":3.0,"on_route":false},"geometry":{"type":"Polygon","coordinates":[[[6.998137,4.826359],[6.998,4.826379],[6.997986,4.82628],[6.998122,4.82626],[6.998137,4.826359]]]}},{"type":"Feature","properties":{"h":3.0,"on_route":false},"geometry":{"type":"Polygon","coordinates":[[[6.999911,4.819738],[6.999756,4.819779],[6.99972,4.819642],[6.999875,4.819601],[6.999911,4.819738]]]}},{"type":"Feature","properties":{"h":3.0,"on_route":false},"geometry":{"type":"Polygon","coordinates":[[[7.001392,4.825443],[7.001346,4.825534],[7.001283,4.825502],[7.001329,4.825411],[7.001392,4.825443]]]}},{"type":"Feature","properties":{"h":3.0,"on_route":false},"geometry":{"type":"Polygon","coordinates":[[[6.999041,4.821803],[6.999044,4.821856],[6.998999,4.821858],[6.998997,4.821805],[6.999041,4.821803]]]}},{"type":"Feature","properties":{"h":3.0,"on_route":false},"geometry":{"type":"Polygon","coordinates":[[[7.001299,4.820608],[7.001218,4.820596],[7.001231,4.820505],[7.001312,4.820516],[7.001299,4.820608]]]}},{"type":"Feature","properties":{"h":3.0,"on_route":false},"geometry":{"type":"Polygon","coordinates":[[[6.997499,4.822632],[6.997512,4.82281],[6.997441,4.822815],[6.997428,4.822637],[6.997499,4.822632]]]}},{"type":"Feature","properties":{"h":3.0,"on_route":false},"geometry":{"type":"Polygon","coordinates":[[[7.000285,4.824685],[7.000515,4.824703],[7.000509,4.824788],[7.00036,4.824776],[7.000354,4.824854],[7.000272,4.824847],[7.000285,4.824685]]]}},{"type":"Feature","properties":{"h":3.0,"on_route":false},"geometry":{"type":"Polygon","coordinates":[[[6.997603,4.819189],[6.997533,4.819316],[6.997486,4.81929],[6.997555,4.819162],[6.997603,4.819189]]]}},{"type":"Feature","properties":{"h":3.0,"on_route":false},"geometry":{"type":"Polygon","coordinates":[[[6.996872,4.823577],[6.996829,4.823586],[6.996818,4.82353],[6.996861,4.823521],[6.996872,4.823577]]]}},{"type":"Feature","properties":{"h":3.0,"on_route":false},"geometry":{"type":"Polygon","coordinates":[[[6.997428,4.823556],[6.997469,4.823735],[6.997407,4.823749],[6.997366,4.82357],[6.997428,4.823556]]]}},{"type":"Feature","properties":{"h":3.0,"on_route":false},"geometry":{"type":"Polygon","coordinates":[[[6.998835,4.819424],[6.998773,4.819436],[6.99875,4.81932],[6.998812,4.819308],[6.998835,4.819424]]]}},{"type":"Feature","properties":{"h":3.0,"on_route":false},"geometry":{"type":"Polygon","coordinates":[[[6.995436,4.82306],[6.995425,4.82317],[6.995374,4.823164],[6.995385,4.823055],[6.995436,4.82306]]]}},{"type":"Feature","properties":{"h":3.0,"on_route":false},"geometry":{"type":"Polygon","coordinates":[[[6.999124,4.823416],[6.999107,4.823561],[6.999044,4.823554],[6.999062,4.823408],[6.999124,4.823416]]]}},{"type":"Feature","properties":{"h":3.0,"on_route":false},"geometry":{"type":"Polygon","coordinates":[[[6.995648,4.822207],[6.995637,4.822321],[6.995551,4.822313],[6.995562,4.822199],[6.995648,4.822207]]]}},{"type":"Feature","properties":{"h":3.0,"on_route":true},"geometry":{"type":"Polygon","coordinates":[[[6.997272,4.820918],[6.997275,4.820962],[6.99723,4.820966],[6.997227,4.820922],[6.997272,4.820918]]]}},{"type":"Feature","properties":{"h":3.0,"on_route":false},"geometry":{"type":"Polygon","coordinates":[[[6.998969,4.823639],[6.998907,4.823642],[6.998906,4.8236],[6.998861,4.823602],[6.998862,4.823643],[6.998802,4.823646],[6.998794,4.823443],[6.998961,4.823437],[6.998969,4.823639]]]}},{"type":"Feature","properties":{"h":3.0,"on_route":false},"geometry":{"type":"Polygon","coordinates":[[[7.000802,4.819314],[7.00069,4.819345],[7.000681,4.819313],[7.00066,4.819319],[7.000626,4.819198],[7.000758,4.819161],[7.000802,4.819314]]]}},{"type":"Feature","properties":{"h":3.0,"on_route":false},"geometry":{"type":"Polygon","coordinates":[[[7.00298,4.824245],[7.002971,4.824308],[7.002807,4.824285],[7.002816,4.824222],[7.00298,4.824245]]]}},{"type":"Feature","properties":{"h":3.0,"on_route":false},"geometry":{"type":"Polygon","coordinates":[[[7.002421,4.819451],[7.002321,4.819497],[7.002262,4.819368],[7.002362,4.819322],[7.002421,4.819451]]]}},{"type":"Feature","properties":{"h":3.0,"on_route":false},"geometry":{"type":"Polygon","coordinates":[[[6.999115,4.820703],[6.999038,4.820713],[6.999032,4.820667],[6.999109,4.820657],[6.999115,4.820703]]]}},{"type":"Feature","properties":{"h":3.0,"on_route":false},"geometry":{"type":"Polygon","coordinates":[[[6.996532,4.824005],[6.996502,4.824008],[6.996498,4.823973],[6.996528,4.82397],[6.996532,4.824005]]]}},{"type":"Feature","properties":{"h":3.0,"on_route":false},"geometry":{"type":"Polygon","coordinates":[[[7.001205,4.824306],[7.001478,4.824369],[7.00147,4.824403],[7.001437,4.824396],[7.001431,4.824421],[7.001192,4.824366],[7.001205,4.824306]]]}},{"type":"Feature","properties":{"h":3.0,"on_route":false},"geometry":{"type":"Polygon","coordinates":[[[7.000112,4.819439],[7.000046,4.819453],[7.000038,4.819418],[7.000104,4.819403],[7.000112,4.819439]]]}},{"type":"Feature","properties":{"h":3.0,"on_route":false},"geometry":{"type":"Polygon","coordinates":[[[6.999924,4.823465],[6.999923,4.823518],[6.99995,4.823519],[6.999948,4.823588],[6.999855,4.823586],[6.999859,4.823463],[6.999924,4.823465]]]}},{"type":"Feature","properties":{"h":3.0,"on_route":false},"geometry":{"type":"Polygon","coordinates":[[[6.996886,4.822396],[6.996886,4.822452],[6.996783,4.82245],[6.996784,4.822395],[6.996886,4.822396]]]}},{"type":"Feature","properties":{"h":3.0,"on_route":false},"geometry":{"type":"Polygon","coordinates":[[[6.998029,4.820556],[6.998032,4.820603],[6.998002,4.820604],[6.998,4.820557],[6.998029,4.820556]]]}},{"type":"Feature","properties":{"h":3.0,"on_route":false},"geometry":{"type":"Polygon","coordinates":[[[6.999887,4.82614],[6.999887,4.826194],[6.999723,4.826194],[6.999722,4.82614],[6.999887,4.82614]]]}},{"type":"Feature","properties":{"h":3.0,"on_route":false},"geometry":{"type":"Polygon","coordinates":[[[6.9956,4.82411],[6.995483,4.824151],[6.995451,4.824062],[6.995569,4.82402],[6.9956,4.82411]]]}},{"type":"Feature","properties":{"h":3.0,"on_route":false},"geometry":{"type":"Polygon","coordinates":[[[7.000894,4.826138],[7.000894,4.82617],[7.000839,4.82617],[7.000838,4.826139],[7.000894,4.826138]]]}},{"type":"Feature","properties":{"h":3.0,"on_route":false},"geometry":{"type":"Polygon","coordinates":[[[7.001989,4.820612],[7.001932,4.820639],[7.001864,4.820492],[7.001921,4.820465],[7.001989,4.820612]]]}},{"type":"Feature","properties":{"h":3.0,"on_route":false},"geometry":{"type":"Polygon","coordinates":[[[6.997663,4.822179],[6.997663,4.822185],[6.997736,4.822179],[6.997742,4.822254],[6.997542,4.82227],[6.997536,4.82219],[6.997663,4.822179]]]}},{"type":"Feature","properties":{"h":3.0,"on_route":false},"geometry":{"type":"Polygon","coordinates":[[[6.99959,4.826197],[6.999594,4.826246],[6.999488,4.826256],[6.999484,4.826207],[6.99959,4.826197]]]}},{"type":"Feature","properties":{"h":3.0,"on_route":false},"geometry":{"type":"Polygon","coordinates":[[[7.002524,4.824219],[7.002485,4.824401],[7.00243,4.824389],[7.002469,4.824207],[7.002524,4.824219]]]}},{"type":"Feature","properties":{"h":3.0,"on_route":false},"geometry":{"type":"Polygon","coordinates":[[[7.00195,4.820023],[7.001892,4.820052],[7.001867,4.819999],[7.001925,4.819971],[7.00195,4.820023]]]}},{"type":"Feature","properties":{"h":3.0,"on_route":false},"geometry":{"type":"Polygon","coordinates":[[[7.00022,4.825155],[7.000196,4.825154],[7.000192,4.825215],[7.000137,4.825212],[7.000135,4.825246],[7.000031,4.825239],[7.000044,4.825048],[7.00018,4.825057],[7.000181,4.825041],[7.000227,4.825045],[7.00022,4.825155]]]}},{"type":"Feature","properties":{"h":3.0,"on_route":false},"geometry":{"type":"Polygon","coordinates":[[[6.995361,4.824097],[6.995314,4.824114],[6.995293,4.824054],[6.99534,4.824037],[6.995361,4.824097]]]}},{"type":"Feature","properties":{"h":3.0,"on_route":false},"geometry":{"type":"Polygon","coordinates":[[[7.001666,4.820971],[7.001603,4.820957],[7.001611,4.820923],[7.001673,4.820937],[7.001666,4.820971]]]}},{"type":"Feature","properties":{"h":3.0,"on_route":false},"geometry":{"type":"Polygon","coordinates":[[[7.001128,4.818565],[7.001074,4.818588],[7.001037,4.818498],[7.001091,4.818475],[7.001128,4.818565]]]}},{"type":"Feature","properties":{"h":3.0,"on_route":false},"geometry":{"type":"Polygon","coordinates":[[[6.997642,4.819793],[6.997575,4.819841],[6.997445,4.819659],[6.997511,4.819611],[6.997642,4.819793]]]}},{"type":"Feature","properties":{"h":3.0,"on_route":false},"geometry":{"type":"Polygon","coordinates":[[[7.000556,4.819734],[7.000374,4.81979],[7.000343,4.819685],[7.000525,4.819629],[7.000556,4.819734]]]}},{"type":"Feature","properties":{"h":3.0,"on_route":false},"geometry":{"type":"Polygon","coordinates":[[[6.998065,4.821173],[6.997927,4.82118],[6.997924,4.821112],[6.998061,4.821105],[6.998065,4.821173]]]}},{"type":"Feature","properties":{"h":3.0,"on_route":false},"geometry":{"type":"Polygon","coordinates":[[[7.00211,4.825443],[7.002105,4.825489],[7.001924,4.82547],[7.001929,4.825424],[7.00211,4.825443]]]}},{"type":"Feature","properties":{"h":3.0,"on_route":false},"geometry":{"type":"Polygon","coordinates":[[[7.00119,4.820626],[7.001265,4.820605],[7.001272,4.82063],[7.001319,4.820617],[7.001331,4.820662],[7.001209,4.820696],[7.00119,4.820626]]]}},{"type":"Feature","properties":{"h":3.0,"on_route":false},"geometry":{"type":"Polygon","coordinates":[[[6.998622,4.823938],[6.998176,4.823959],[6.998171,4.823856],[6.998617,4.823835],[6.998622,4.823938]]]}},{"type":"Feature","properties":{"h":3.0,"on_route":false},"geometry":{"type":"Polygon","coordinates":[[[6.997138,4.819909],[6.997076,4.819922],[6.99706,4.819846],[6.997122,4.819833],[6.997138,4.819909]]]}},{"type":"Feature","properties":{"h":3.0,"on_route":false},"geometry":{"type":"Polygon","coordinates":[[[7.002815,4.823644],[7.002791,4.823752],[7.002747,4.823742],[7.002771,4.823634],[7.002815,4.823644]]]}},{"type":"Feature","properties":{"h":3.0,"on_route":false},"geometry":{"type":"Polygon","coordinates":[[[7.000563,4.824301],[7.000552,4.824338],[7.000486,4.824318],[7.000497,4.824281],[7.000563,4.824301]]]}},{"type":"Feature","properties":{"h":3.0,"on_route":true},"geometry":{"type":"Polygon","coordinates":[[[6.996108,4.820179],[6.996082,4.820263],[6.995998,4.820237],[6.996023,4.820153],[6.996108,4.820179]]]}},{"type":"Feature","properties":{"h":3.0,"on_route":false},"geometry":{"type":"Polygon","coordinates":[[[6.998485,4.824126],[6.998408,4.824131],[6.998416,4.824252],[6.99831,4.824259],[6.998294,4.824029],[6.998477,4.824016],[6.998485,4.824126]]]}},{"type":"Feature","properties":{"h":3.0,"on_route":false},"geometry":{"type":"Polygon","coordinates":[[[6.999981,4.820218],[6.99993,4.820223],[6.999927,4.820188],[6.999977,4.820182],[6.999981,4.820218]]]}},{"type":"Feature","properties":{"h":3.0,"on_route":false},"geometry":{"type":"Polygon","coordinates":[[[6.999915,4.819522],[6.999757,4.819564],[6.999735,4.81948],[6.999773,4.81947],[6.999781,4.8195],[6.999901,4.819468],[6.999915,4.819522]]]}},{"type":"Feature","properties":{"h":3.0,"on_route":false},"geometry":{"type":"Polygon","coordinates":[[[6.995444,4.823675],[6.995391,4.823693],[6.995383,4.823668],[6.995369,4.823673],[6.995364,4.823657],[6.995431,4.823635],[6.995444,4.823675]]]}},{"type":"Feature","properties":{"h":3.0,"on_route":false},"geometry":{"type":"Polygon","coordinates":[[[6.998347,4.825705],[6.998481,4.825708],[6.998478,4.825836],[6.998344,4.825832],[6.998347,4.825705]]]}},{"type":"Feature","properties":{"h":3.0,"on_route":false},"geometry":{"type":"Polygon","coordinates":[[[7.000897,4.820525],[7.00089,4.820594],[7.000839,4.820589],[7.000846,4.82052],[7.000897,4.820525]]]}},{"type":"Feature","properties":{"h":3.0,"on_route":false},"geometry":{"type":"Polygon","coordinates":[[[7.002996,4.82399],[7.002987,4.824042],[7.00294,4.824035],[7.002948,4.823982],[7.002996,4.82399]]]}},{"type":"Feature","properties":{"h":3.0,"on_route":false},"geometry":{"type":"Polygon","coordinates":[[[6.998983,4.823658],[6.998979,4.823765],[6.998932,4.823763],[6.998935,4.823702],[6.998901,4.8237],[6.998903,4.823654],[6.998983,4.823658]]]}},{"type":"Feature","properties":{"h":3.0,"on_route":false},"geometry":{"type":"Polygon","coordinates":[[[6.998681,4.819851],[6.998685,4.819884],[6.998622,4.819892],[6.998619,4.819858],[6.998681,4.819851]]]}},{"type":"Feature","properties":{"h":3.0,"on_route":false},"geometry":{"type":"Polygon","coordinates":[[[7.001944,4.819658],[7.001888,4.819685],[7.001798,4.819499],[7.001853,4.819472],[7.001944,4.819658]]]}},{"type":"Feature","properties":{"h":3.0,"on_route":false},"geometry":{"type":"Polygon","coordinates":[[[6.996927,4.822137],[6.996857,4.822141],[6.996855,4.822104],[6.996925,4.822099],[6.996927,4.822137]]]}},{"type":"Feature","properties":{"h":3.0,"on_route":false},"geometry":{"type":"Polygon","coordinates":[[[7.000848,4.819484],[7.000815,4.819495],[7.000837,4.819569],[7.000794,4.819583],[7.000805,4.819618],[7.000724,4.819643],[7.000662,4.819441],[7.00082,4.819393],[7.000848,4.819484]]]}},{"type":"Feature","properties":{"h":3.0,"on_route":false},"geometry":{"type":"Polygon","coordinates":[[[6.996569,4.821224],[6.99657,4.821285],[6.996449,4.821288],[6.996448,4.821227],[6.996569,4.821224]]]}},{"type":"Feature","properties":{"h":3.0,"on_route":false},"geometry":{"type":"Polygon","coordinates":[[[6.999034,4.820603],[6.998981,4.820609],[6.99897,4.820505],[6.999023,4.820499],[6.999034,4.820603]]]}},{"type":"Feature","properties":{"h":3.0,"on_route":false},"geometry":{"type":"Polygon","coordinates":[[[7.00003,4.824433],[7.000031,4.824384],[7.000157,4.824385],[7.000157,4.824435],[7.000221,4.824436],[7.000218,4.824607],[6.999962,4.824603],[6.999964,4.824432],[7.00003,4.824433]]]}},{"type":"Feature","properties":{"h":3.0,"on_route":false},"geometry":{"type":"Polygon","coordinates":[[[7.002075,4.819669],[7.00201,4.81969],[7.001992,4.819636],[7.002057,4.819614],[7.002075,4.819669]]]}},{"type":"Feature","properties":{"h":3.0,"on_route":false},"geometry":{"type":"Polygon","coordinates":[[[7.001626,4.820477],[7.001499,4.820544],[7.001449,4.820448],[7.001379,4.820312],[7.001506,4.820246],[7.001626,4.820477]]]}},{"type":"Feature","properties":{"h":3.0,"on_route":false},"geometry":{"type":"Polygon","coordinates":[[[7.001793,4.819719],[7.001627,4.819787],[7.001585,4.819684],[7.00175,4.819615],[7.001793,4.819719]]]}},{"type":"Feature","properties":{"h":3.0,"on_route":false},"geometry":{"type":"Polygon","coordinates":[[[6.998669,4.82111],[6.998471,4.821143],[6.99846,4.821078],[6.998658,4.821044],[6.998669,4.82111]]]}},{"type":"Feature","properties":{"h":3.0,"on_route":false},"geometry":{"type":"Polygon","coordinates":[[[6.997431,4.819754],[6.997263,4.819792],[6.997239,4.819685],[6.997407,4.819647],[6.997431,4.819754]]]}},{"type":"Feature","properties":{"h":3.0,"on_route":false},"geometry":{"type":"Polygon","coordinates":[[[6.996581,4.823732],[6.99649,4.823753],[6.996473,4.823677],[6.996564,4.823657],[6.996581,4.823732]]]}},{"type":"Feature","properties":{"h":3.0,"on_route":false},"geometry":{"type":"Polygon","coordinates":[[[6.998842,4.824843],[6.998861,4.82512],[6.998753,4.825128],[6.998745,4.825021],[6.998595,4.825031],[6.998583,4.824861],[6.998842,4.824843]]]}},{"type":"Feature","properties":{"h":3.0,"on_route":false},"geometry":{"type":"Polygon","coordinates":[[[7.001495,4.818724],[7.001448,4.818745],[7.001375,4.818583],[7.001423,4.818561],[7.001495,4.818724]]]}},{"type":"Feature","properties":{"h":3.0,"on_route":false},"geometry":{"type":"Polygon","coordinates":[[[6.996724,4.819941],[6.996734,4.820055],[6.996602,4.820066],[6.996595,4.819974],[6.996593,4.819952],[6.996724,4.819941]]]}},{"type":"Feature","properties":{"h":3.0,"on_route":false},"geometry":{"type":"Polygon","coordinates":[[[7.000047,4.820734],[6.999907,4.820767],[6.999886,4.820674],[7.000025,4.820641],[7.000047,4.820734]]]}},{"type":"Feature","properties":{"h":3.0,"on_route":false},"geometry":{"type":"Polygon","coordinates":[[[6.995995,4.825274],[6.995928,4.825295],[6.99591,4.825237],[6.995977,4.825216],[6.995995,4.825274]]]}},{"type":"Feature","properties":{"h":3.0,"on_route":false},"geometry":{"type":"Polygon","coordinates":[[[7.001158,4.818768],[7.001109,4.81879],[7.001068,4.818697],[7.001116,4.818675],[7.001158,4.818768]]]}},{"type":"Feature","properties":{"h":3.0,"on_route":false},"geometry":{"type":"Polygon","coordinates":[[[7.000488,4.821216],[7.000369,4.821241],[7.000357,4.821185],[7.000434,4.821169],[7.000438,4.82119],[7.000481,4.821181],[7.000488,4.821216]]]}},{"type":"Feature","properties":{"h":3.0,"on_route":false},"geometry":{"type":"Polygon","coordinates":[[[6.997304,4.822974],[6.997297,4.823176],[6.997162,4.823172],[6.997168,4.822969],[6.997304,4.822974]]]}},{"type":"Feature","properties":{"h":3.0,"on_route":false},"geometry":{"type":"Polygon","coordinates":[[[7.001652,4.825017],[7.001586,4.824953],[7.001678,4.824857],[7.001744,4.824921],[7.001652,4.825017]]]}},{"type":"Feature","properties":{"h":3.0,"on_route":false},"geometry":{"type":"Polygon","coordinates":[[[6.995962,4.821316],[6.995957,4.821376],[6.995923,4.821373],[6.995927,4.821313],[6.995962,4.821316]]]}},{"type":"Feature","properties":{"h":3.0,"on_route":false},"geometry":{"type":"Polygon","coordinates":[[[6.996213,4.824028],[6.995941,4.824113],[6.995881,4.823922],[6.996153,4.823836],[6.996213,4.824028]]]}},{"type":"Feature","properties":{"h":3.0,"on_route":false},"geometry":{"type":"Polygon","coordinates":[[[6.995952,4.823379],[6.995796,4.823432],[6.995743,4.823273],[6.995898,4.823221],[6.995952,4.823379]]]}},{"type":"Feature","properties":{"h":3.0,"on_route":false},"geometry":{"type":"Polygon","coordinates":[[[6.996199,4.820045],[6.996194,4.820131],[6.996122,4.820126],[6.996128,4.82004],[6.996199,4.820045]]]}},{"type":"Feature","properties":{"h":3.0,"on_route":false},"geometry":{"type":"Polygon","coordinates":[[[6.997701,4.81899],[6.997727,4.819],[6.997739,4.818968],[6.997762,4.818977],[6.997778,4.818935],[6.998039,4.819036],[6.998,4.819138],[6.99805,4.819157],[6.99804,4.819184],[6.997679,4.819045],[6.997701,4.81899]]]}},{"type":"Feature","properties":{"h":3.0,"on_route":false},"geometry":{"type":"Polygon","coordinates":[[[6.997097,4.820638],[6.997101,4.820703],[6.997014,4.820708],[6.99701,4.820643],[6.997097,4.820638]]]}},{"type":"Feature","properties":{"h":3.0,"on_route":false},"geometry":{"type":"Polygon","coordinates":[[[7.000865,4.824733],[7.000862,4.824775],[7.000786,4.824769],[7.000789,4.824728],[7.000865,4.824733]]]}},{"type":"Feature","properties":{"h":3.0,"on_route":false},"geometry":{"type":"Polygon","coordinates":[[[6.998749,4.820546],[6.99869,4.820554],[6.998679,4.820478],[6.998738,4.820469],[6.998749,4.820546]]]}},{"type":"Feature","properties":{"h":3.0,"on_route":false},"geometry":{"type":"Polygon","coordinates":[[[6.997811,4.824494],[6.997712,4.8246],[6.997665,4.824556],[6.997764,4.82445],[6.997811,4.824494]]]}},{"type":"Feature","properties":{"h":3.0,"on_route":false},"geometry":{"type":"Polygon","coordinates":[[[6.997534,4.823827],[6.997415,4.82385],[6.997404,4.823795],[6.997464,4.823783],[6.997456,4.823739],[6.997514,4.823727],[6.997534,4.823827]]]}},{"type":"Feature","properties":{"h":3.0,"on_route":false},"geometry":{"type":"Polygon","coordinates":[[[7.000693,4.824148],[7.000637,4.824283],[7.000583,4.824261],[7.000639,4.824126],[7.000693,4.824148]]]}},{"type":"Feature","properties":{"h":3.0,"on_route":false},"geometry":{"type":"Polygon","coordinates":[[[7.002141,4.823742],[7.002119,4.823839],[7.001853,4.823778],[7.001875,4.823681],[7.002141,4.823742]]]}},{"type":"Feature","properties":{"h":3.0,"on_route":false},"geometry":{"type":"Polygon","coordinates":[[[7.000026,4.825317],[7.000025,4.825333],[6.999982,4.82533],[6.999983,4.825314],[7.000026,4.825317]]]}},{"type":"Feature","properties":{"h":3.0,"on_route":false},"geometry":{"type":"Polygon","coordinates":[[[6.999379,4.82563],[6.999335,4.825653],[6.999389,4.825756],[6.999244,4.825833],[6.99921,4.825769],[6.99922,4.825764],[6.999199,4.825724],[6.999194,4.825727],[6.999161,4.825665],[6.999346,4.825568],[6.999379,4.82563]]]}},{"type":"Feature","properties":{"h":3.0,"on_route":false},"geometry":{"type":"Polygon","coordinates":[[[6.999942,4.818624],[6.999911,4.818539],[7.000185,4.818437],[7.000216,4.818522],[6.999942,4.818624]]]}},{"type":"Feature","properties":{"h":3.0,"on_route":false},"geometry":{"type":"Polygon","coordinates":[[[7.000323,4.819816],[7.00033,4.819862],[7.00029,4.819868],[7.000282,4.819822],[7.000323,4.819816]]]}},{"type":"Feature","properties":{"h":3.0,"on_route":false},"geometry":{"type":"Polygon","coordinates":[[[6.99906,4.819341],[6.998828,4.819388],[6.998812,4.819308],[6.999044,4.819261],[6.99906,4.819341]]]}},{"type":"Feature","properties":{"h":3.0,"on_route":false},"geometry":{"type":"Polygon","coordinates":[[[6.997404,4.823795],[6.997415,4.82385],[6.997375,4.823858],[6.997365,4.823803],[6.997404,4.823795]]]}},{"type":"Feature","properties":{"h":3.0,"on_route":true},"geometry":{"type":"Polygon","coordinates":[[[6.997015,4.821189],[6.997021,4.821281],[6.996974,4.821285],[6.996968,4.821193],[6.997015,4.821189]]]}},{"type":"Feature","properties":{"h":3.0,"on_route":false},"geometry":{"type":"Polygon","coordinates":[[[6.995459,4.824257],[6.995185,4.824353],[6.995124,4.824177],[6.995397,4.824081],[6.995459,4.824257]]]}},{"type":"Feature","properties":{"h":3.0,"on_route":true},"geometry":{"type":"Polygon","coordinates":[[[6.996204,4.820141],[6.99618,4.820248],[6.996103,4.820231],[6.996126,4.820124],[6.996204,4.820141]]]}},{"type":"Feature","properties":{"h":3.0,"on_route":false},"geometry":{"type":"Polygon","coordinates":[[[7.000307,4.821221],[7.000312,4.821251],[7.000283,4.821256],[7.000278,4.821225],[7.000307,4.821221]]]}},{"type":"Feature","properties":{"h":3.0,"on_route":false},"geometry":{"type":"Polygon","coordinates":[[[6.997765,4.819842],[6.997712,4.81985],[6.997707,4.819816],[6.99776,4.819808],[6.997765,4.819842]]]}},{"type":"Feature","properties":{"h":3.0,"on_route":false},"geometry":{"type":"Polygon","coordinates":[[[6.99546,4.824565],[6.995381,4.824594],[6.995401,4.824648],[6.995222,4.824716],[6.99514,4.824499],[6.995398,4.824401],[6.99546,4.824565]]]}},{"type":"Feature","properties":{"h":3.0,"on_route":false},"geometry":{"type":"Polygon","coordinates":[[[7.002145,4.820957],[7.002096,4.821094],[7.001859,4.82101],[7.001907,4.820873],[7.002145,4.820957]]]}},{"type":"Feature","properties":{"h":3.0,"on_route":false},"geometry":{"type":"Polygon","coordinates":[[[7.001725,4.820344],[7.001593,4.820413],[7.001506,4.820245],[7.001638,4.820177],[7.001725,4.820344]]]}},{"type":"Feature","properties":{"h":3.0,"on_route":false},"geometry":{"type":"Polygon","coordinates":[[[6.997376,4.82529],[6.997429,4.825494],[6.997404,4.8255],[6.997409,4.825518],[6.997379,4.825526],[6.997321,4.825304],[6.997376,4.82529]]]}},{"type":"Feature","properties":{"h":3.0,"on_route":false},"geometry":{"type":"Polygon","coordinates":[[[7.002142,4.824451],[7.002097,4.824608],[7.002003,4.824581],[7.002047,4.824424],[7.002142,4.824451]]]}},{"type":"Feature","properties":{"h":3.0,"on_route":false},"geometry":{"type":"Polygon","coordinates":[[[6.997331,4.822358],[6.99742,4.822352],[6.997422,4.822388],[6.997333,4.822393],[6.997331,4.822358]]]}},{"type":"Feature","properties":{"h":3.0,"on_route":false},"geometry":{"type":"Polygon","coordinates":[[[6.99869,4.821574],[6.998595,4.821586],[6.99859,4.821544],[6.998556,4.821548],[6.998547,4.821472],[6.99858,4.821468],[6.998572,4.8214],[6.998668,4.821388],[6.99869,4.821574]]]}},{"type":"Feature","properties":{"h":3.0,"on_route":false},"geometry":{"type":"Polygon","coordinates":[[[7.00034,4.818926],[7.000056,4.819025],[7.000016,4.81891],[7.000299,4.818811],[7.00034,4.818926]]]}},{"type":"Feature","properties":{"h":3.0,"on_route":false},"geometry":{"type":"Polygon","coordinates":[[[6.99745,4.8245],[6.997204,4.824521],[6.997203,4.824497],[6.997177,4.8245],[6.997168,4.824386],[6.997103,4.824392],[6.997094,4.824273],[6.997289,4.824256],[6.997285,4.824219],[6.997426,4.824207],[6.99745,4.8245]]]}},{"type":"Feature","properties":{"h":3.0,"on_route":false},"geometry":{"type":"Polygon","coordinates":[[[6.99746,4.826349],[6.997446,4.826393],[6.9974,4.826377],[6.997414,4.826334],[6.99746,4.826349]]]}},{"type":"Feature","properties":{"h":3.0,"on_route":false},"geometry":{"type":"Polygon","coordinates":[[[6.998483,4.819942],[6.998383,4.819961],[6.998369,4.819889],[6.998469,4.81987],[6.998483,4.819942]]]}},{"type":"Feature","properties":{"h":3.0,"on_route":true},"geometry":{"type":"Polygon","coordinates":[[[6.997652,4.821285],[6.997552,4.821296],[6.997539,4.821174],[6.997639,4.821163],[6.997652,4.821285]]]}},{"type":"Feature","properties":{"h":3.0,"on_route":false},"geometry":{"type":"Polygon","coordinates":[[[7.000905,4.820674],[7.000866,4.820673],[7.000867,4.820631],[7.000906,4.820632],[7.000905,4.820674]]]}},{"type":"Feature","properties":{"h":3.0,"on_route":false},"geometry":{"type":"Polygon","coordinates":[[[6.998681,4.820723],[6.998548,4.820741],[6.998525,4.820569],[6.998658,4.820551],[6.998681,4.820723]]]}},{"type":"Feature","properties":{"h":3.0,"on_route":false},"geometry":{"type":"Polygon","coordinates":[[[6.999345,4.825294],[6.999343,4.825343],[6.999302,4.825342],[6.999303,4.825293],[6.999345,4.825294]]]}},{"type":"Feature","properties":{"h":3.0,"on_route":false},"geometry":{"type":"Polygon","coordinates":[[[6.999589,4.825741],[6.999475,4.825764],[6.999462,4.8257],[6.999576,4.825676],[6.999589,4.825741]]]}},{"type":"Feature","properties":{"h":3.0,"on_route":false},"geometry":{"type":"Polygon","coordinates":[[[6.998971,4.826525],[6.998901,4.826565],[6.998915,4.82659],[6.998833,4.826637],[6.998818,4.826611],[6.998782,4.826632],[6.99872,4.826523],[6.998909,4.826416],[6.998971,4.826525]]]}},{"type":"Feature","properties":{"h":3.0,"on_route":false},"geometry":{"type":"Polygon","coordinates":[[[7.001302,4.82523],[7.001286,4.825273],[7.001244,4.825258],[7.001259,4.825215],[7.001302,4.82523]]]}},{"type":"Feature","properties":{"h":3.0,"on_route":false},"geometry":{"type":"Polygon","coordinates":[[[6.996929,4.820215],[6.996907,4.820217],[6.996905,4.820198],[6.996807,4.820209],[6.9968,4.82015],[6.99692,4.820136],[6.996929,4.820215]]]}},{"type":"Feature","properties":{"h":3.0,"on_route":false},"geometry":{"type":"Polygon","coordinates":[[[6.996672,4.819827],[6.996674,4.819894],[6.996531,4.819899],[6.996529,4.819831],[6.996672,4.819827]]]}},{"type":"Feature","properties":{"h":3.0,"on_route":false},"geometry":{"type":"Polygon","coordinates":[[[6.997888,4.822482],[6.997785,4.822489],[6.997782,4.822443],[6.997884,4.822436],[6.997888,4.822482]]]}},{"type":"Feature","properties":{"h":3.0,"on_route":false},"geometry":{"type":"Polygon","coordinates":[[[6.997207,4.826293],[6.997225,4.826374],[6.997188,4.826383],[6.997169,4.826302],[6.997207,4.826293]]]}},{"type":"Feature","properties":{"h":3.0,"on_route":false},"geometry":{"type":"Polygon","coordinates":[[[7.000524,4.818481],[7.000486,4.818495],[7.000469,4.818449],[7.000507,4.818435],[7.000524,4.818481]]]}},{"type":"Feature","properties":{"h":3.0,"on_route":false},"geometry":{"type":"Polygon","coordinates":[[[6.999767,4.818385],[6.999785,4.818433],[6.999762,4.818442],[6.999767,4.818454],[6.999746,4.818462],[6.999724,4.818401],[6.999767,4.818385]]]}},{"type":"Feature","properties":{"h":3.0,"on_route":false},"geometry":{"type":"Polygon","coordinates":[[[6.997782,4.820985],[6.997642,4.820987],[6.99764,4.820786],[6.997677,4.820785],[6.997676,4.820727],[6.997779,4.820725],[6.997782,4.820985]]]}},{"type":"Feature","properties":{"h":3.0,"on_route":false},"geometry":{"type":"Polygon","coordinates":[[[7.002502,4.820314],[7.002361,4.820382],[7.002291,4.820236],[7.002318,4.820224],[7.002309,4.820205],[7.002424,4.82015],[7.002502,4.820314]]]}},{"type":"Feature","properties":{"h":3.0,"on_route":false},"geometry":{"type":"Polygon","coordinates":[[[6.996186,4.822417],[6.996183,4.822479],[6.99609,4.822474],[6.996093,4.822413],[6.996186,4.822417]]]}},{"type":"Feature","properties":{"h":3.0,"on_route":false},"geometry":{"type":"Polygon","coordinates":[[[7.00173,4.820724],[7.001576,4.820802],[7.001517,4.820684],[7.00158,4.820653],[7.001559,4.820611],[7.00165,4.820565],[7.00173,4.820724]]]}},{"type":"Feature","properties":{"h":3.0,"on_route":false},"geometry":{"type":"Polygon","coordinates":[[[6.997929,4.826109],[6.997779,4.82614],[6.997765,4.82607],[6.997915,4.826039],[6.997929,4.826109]]]}},{"type":"Feature","properties":{"h":3.0,"on_route":false},"geometry":{"type":"Polygon","coordinates":[[[6.998279,4.818638],[6.998289,4.818601],[6.998362,4.818622],[6.998351,4.818659],[6.998463,4.818691],[6.998446,4.818749],[6.998472,4.818757],[6.998431,4.8189],[6.998158,4.81882],[6.998216,4.818619],[6.998279,4.818638]]]}},{"type":"Feature","properties":{"h":3.0,"on_route":false},"geometry":{"type":"Polygon","coordinates":[[[6.999916,4.823732],[6.999917,4.823707],[7.000061,4.823717],[7.000058,4.82376],[7.000193,4.823769],[7.000194,4.823752],[7.000335,4.823762],[7.000332,4.823815],[7.000326,4.823894],[7.000164,4.823883],[7.000163,4.823902],[7.000024,4.823892],[7.000027,4.82385],[6.999884,4.82384],[6.999892,4.82373],[6.999916,4.823732]]]}},{"type":"Feature","properties":{"h":3.0,"on_route":false},"geometry":{"type":"Polygon","coordinates":[[[6.996351,4.821762],[6.9963,4.821767],[6.996297,4.821732],[6.996347,4.821727],[6.996351,4.821762]]]}},{"type":"Feature","properties":{"h":3.0,"on_route":false},"geometry":{"type":"Polygon","coordinates":[[[7.001009,4.818543],[7.000892,4.81859],[7.000861,4.818512],[7.000979,4.818465],[7.001009,4.818543]]]}},{"type":"Feature","properties":{"h":3.0,"on_route":false},"geometry":{"type":"Polygon","coordinates":[[[6.996674,4.821948],[6.996676,4.821984],[6.996614,4.821986],[6.996613,4.821951],[6.996674,4.821948]]]}},{"type":"Feature","properties":{"h":3.0,"on_route":false},"geometry":{"type":"Polygon","coordinates":[[[6.997495,4.822569],[6.997499,4.822632],[6.997428,4.822637],[6.997424,4.822574],[6.997495,4.822569]]]}},{"type":"Feature","properties":{"h":3.0,"on_route":false},"geometry":{"type":"Polygon","coordinates":[[[6.999109,4.82532],[6.999035,4.825203],[6.999148,4.825131],[6.999168,4.825162],[6.999216,4.825131],[6.999227,4.825149],[6.999296,4.825104],[6.99934,4.825172],[6.999109,4.82532]]]}},{"type":"Feature","properties":{"h":3.0,"on_route":false},"geometry":{"type":"Polygon","coordinates":[[[6.999608,4.825526],[6.999608,4.825561],[6.999571,4.825561],[6.999571,4.825525],[6.999608,4.825526]]]}},{"type":"Feature","properties":{"h":3.0,"on_route":false},"geometry":{"type":"Polygon","coordinates":[[[6.999019,4.826157],[6.999048,4.826157],[6.999048,4.826181],[6.999125,4.826182],[6.999125,4.826229],[6.999159,4.826229],[6.999159,4.826308],[6.999125,4.826308],[6.999125,4.826386],[6.999105,4.826386],[6.999105,4.826483],[6.998992,4.826482],[6.998993,4.826181],[6.999019,4.826181],[6.999019,4.826157]]]}},{"type":"Feature","properties":{"h":3.0,"on_route":false},"geometry":{"type":"Polygon","coordinates":[[[6.995052,4.823205],[6.99503,4.823209],[6.99504,4.823278],[6.99492,4.823296],[6.994913,4.823251],[6.99487,4.823257],[6.994858,4.823176],[6.995043,4.823148],[6.995052,4.823205]]]}},{"type":"Feature","properties":{"h":3.0,"on_route":false},"geometry":{"type":"Polygon","coordinates":[[[6.998663,4.826234],[6.998668,4.82628],[6.998608,4.826287],[6.998603,4.826242],[6.998663,4.826234]]]}},{"type":"Feature","properties":{"h":3.0,"on_route":false},"geometry":{"type":"Polygon","coordinates":[[[7.000476,4.824229],[7.000472,4.824312],[7.000345,4.824306],[7.000349,4.824223],[7.000476,4.824229]]]}},{"type":"Feature","properties":{"h":3.0,"on_route":false},"geometry":{"type":"Polygon","coordinates":[[[7.001353,4.818576],[7.001355,4.818748],[7.001247,4.81875],[7.001244,4.818578],[7.001353,4.818576]]]}},{"type":"Feature","properties":{"h":3.0,"on_route":false},"geometry":{"type":"Polygon","coordinates":[[[6.995849,4.825128],[6.995693,4.825179],[6.995687,4.82516],[6.995719,4.825149],[6.995711,4.825127],[6.995679,4.825137],[6.995643,4.825026],[6.995799,4.824975],[6.995849,4.825128]]]}},{"type":"Feature","properties":{"h":3.0,"on_route":false},"geometry":{"type":"Polygon","coordinates":[[[6.999072,4.825931],[6.999069,4.826052],[6.999019,4.826051],[6.999023,4.82593],[6.999072,4.825931]]]}},{"type":"Feature","properties":{"h":3.0,"on_route":false},"geometry":{"type":"Polygon","coordinates":[[[6.996103,4.822058],[6.996098,4.822135],[6.996133,4.822136],[6.99612,4.822374],[6.995954,4.822366],[6.995966,4.822128],[6.996025,4.822131],[6.996029,4.822054],[6.996103,4.822058]]]}},{"type":"Feature","properties":{"h":3.0,"on_route":false},"geometry":{"type":"Polygon","coordinates":[[[7.001177,4.821313],[7.001167,4.821413],[7.001115,4.821407],[7.001126,4.821308],[7.001177,4.821313]]]}},{"type":"Feature","properties":{"h":3.0,"on_route":false},"geometry":{"type":"Polygon","coordinates":[[[6.997558,4.822194],[6.997511,4.822197],[6.997505,4.822119],[6.997551,4.822115],[6.997558,4.822194]]]}},{"type":"Feature","properties":{"h":3.0,"on_route":false},"geometry":{"type":"Polygon","coordinates":[[[7.001674,4.820165],[7.001605,4.820198],[7.001591,4.820168],[7.00166,4.820135],[7.001674,4.820165]]]}},{"type":"Feature","properties":{"h":3.0,"on_route":false},"geometry":{"type":"Polygon","coordinates":[[[7.003239,4.820881],[7.003224,4.820931],[7.003168,4.820914],[7.003182,4.820864],[7.003239,4.820881]]]}},{"type":"Feature","properties":{"h":3.0,"on_route":false},"geometry":{"type":"Polygon","coordinates":[[[6.997284,4.820287],[6.99723,4.820294],[6.997223,4.820235],[6.997277,4.820228],[6.997284,4.820287]]]}},{"type":"Feature","properties":{"h":3.0,"on_route":false},"geometry":{"type":"Polygon","coordinates":[[[7.000908,4.823465],[7.000827,4.823589],[7.000679,4.823492],[7.000759,4.823368],[7.000908,4.823465]]]}},{"type":"Feature","properties":{"h":3.0,"on_route":false},"geometry":{"type":"Polygon","coordinates":[[[6.997599,4.820992],[6.997455,4.820996],[6.997454,4.820948],[6.997598,4.820944],[6.997599,4.820992]]]}},{"type":"Feature","properties":{"h":3.0,"on_route":false},"geometry":{"type":"Polygon","coordinates":[[[6.999187,4.818433],[6.999181,4.8185],[6.999031,4.818488],[6.999036,4.818421],[6.999187,4.818433]]]}},{"type":"Feature","properties":{"h":3.0,"on_route":false},"geometry":{"type":"Polygon","coordinates":[[[6.99596,4.822002],[6.995947,4.822138],[6.995923,4.822136],[6.995921,4.822155],[6.995815,4.822145],[6.99583,4.82199],[6.99596,4.822002]]]}},{"type":"Feature","properties":{"h":3.0,"on_route":false},"geometry":{"type":"Polygon","coordinates":[[[7.000825,4.821428],[7.000802,4.821516],[7.000782,4.821511],[7.000775,4.821537],[7.000649,4.821503],[7.00068,4.821388],[7.000825,4.821428]]]}},{"type":"Feature","properties":{"h":3.0,"on_route":false},"geometry":{"type":"Polygon","coordinates":[[[7.000125,4.823249],[7.000124,4.823287],[7.000074,4.823285],[7.000075,4.823247],[7.000125,4.823249]]]}},{"type":"Feature","properties":{"h":3.0,"on_route":false},"geometry":{"type":"Polygon","coordinates":[[[6.999607,4.82583],[6.99947,4.825859],[6.999451,4.825769],[6.999589,4.825741],[6.999607,4.82583]]]}},{"type":"Feature","properties":{"h":3.0,"on_route":false},"geometry":{"type":"Polygon","coordinates":[[[6.995357,4.822631],[6.995359,4.822679],[6.995252,4.822683],[6.99525,4.822635],[6.995357,4.822631]]]}},{"type":"Feature","properties":{"h":3.0,"on_route":false},"geometry":{"type":"Polygon","coordinates":[[[6.99928,4.823895],[6.999244,4.823931],[6.999219,4.823906],[6.999202,4.823923],[6.999122,4.823842],[6.999175,4.82379],[6.99928,4.823895]]]}},{"type":"Feature","properties":{"h":3.0,"on_route":false},"geometry":{"type":"Polygon","coordinates":[[[7.000863,4.824832],[7.000847,4.825037],[7.000801,4.825034],[7.000817,4.824828],[7.000863,4.824832]]]}},{"type":"Feature","properties":{"h":3.0,"on_route":false},"geometry":{"type":"Polygon","coordinates":[[[6.999011,4.824504],[6.99901,4.824514],[6.999125,4.824525],[6.999109,4.824681],[6.998957,4.824666],[6.998973,4.8245],[6.999011,4.824504]]]}},{"type":"Feature","properties":{"h":3.0,"on_route":false},"geometry":{"type":"Polygon","coordinates":[[[7.000862,4.824126],[7.000773,4.824339],[7.000637,4.824283],[7.000726,4.824069],[7.000862,4.824126]]]}},{"type":"Feature","properties":{"h":3.0,"on_route":false},"geometry":{"type":"Polygon","coordinates":[[[6.998508,4.821214],[6.998516,4.821251],[6.998469,4.821261],[6.998462,4.821223],[6.998508,4.821214]]]}},{"type":"Feature","properties":{"h":3.0,"on_route":false},"geometry":{"type":"Polygon","coordinates":[[[6.997705,4.824912],[6.99772,4.824987],[6.9978,4.824972],[6.997813,4.825041],[6.997779,4.825048],[6.997792,4.825114],[6.997746,4.825123],[6.99775,4.825146],[6.997671,4.825161],[6.997666,4.825138],[6.997617,4.825148],[6.997613,4.825125],[6.997583,4.825131],[6.997575,4.825087],[6.997604,4.825082],[6.997591,4.825013],[6.99764,4.825003],[6.997634,4.824972],[6.997601,4.824979],[6.997592,4.824934],[6.997705,4.824912]]]}},{"type":"Feature","properties":{"h":3.0,"on_route":false},"geometry":{"type":"Polygon","coordinates":[[[6.995837,4.821225],[6.995839,4.821278],[6.99574,4.821282],[6.995738,4.821229],[6.995837,4.821225]]]}},{"type":"Feature","properties":{"h":3.0,"on_route":false},"geometry":{"type":"Polygon","coordinates":[[[6.995746,4.823106],[6.99562,4.823138],[6.995592,4.823027],[6.995718,4.822995],[6.995746,4.823106]]]}},{"type":"Feature","properties":{"h":3.0,"on_route":false},"geometry":{"type":"Polygon","coordinates":[[[7.00119,4.825852],[7.001207,4.825868],[7.001096,4.825981],[7.00108,4.825965],[7.00104,4.826005],[7.000991,4.825958],[7.001181,4.825765],[7.001229,4.825812],[7.00119,4.825852]]]}},{"type":"Feature","properties":{"h":3.0,"on_route":false},"geometry":{"type":"Polygon","coordinates":[[[7.001097,4.823748],[7.001095,4.823784],[7.001032,4.82378],[7.001034,4.823744],[7.001097,4.823748]]]}},{"type":"Feature","properties":{"h":3.0,"on_route":false},"geometry":{"type":"Polygon","coordinates":[[[7.001639,4.824528],[7.001594,4.824523],[7.001579,4.824643],[7.001454,4.824627],[7.001446,4.824696],[7.001261,4.824672],[7.001281,4.824519],[7.001465,4.824543],[7.001481,4.824421],[7.00153,4.824427],[7.001525,4.824465],[7.001645,4.82448],[7.001639,4.824528]]]}},{"type":"Feature","properties":{"h":3.0,"on_route":false},"geometry":{"type":"Polygon","coordinates":[[[6.996354,4.821373],[6.996353,4.821403],[6.996411,4.821406],[6.996406,4.821543],[6.996347,4.821541],[6.996346,4.821582],[6.996244,4.821578],[6.996252,4.821369],[6.996354,4.821373]]]}},{"type":"Feature","properties":{"h":3.0,"on_route":false},"geometry":{"type":"Polygon","coordinates":[[[7.00001,4.821141],[7.000043,4.821278],[7.0,4.821289],[6.999967,4.821151],[7.00001,4.821141]]]}},{"type":"Feature","properties":{"h":3.0,"on_route":false},"geometry":{"type":"Polygon","coordinates":[[[6.999251,4.824367],[6.999251,4.82442],[6.999146,4.824419],[6.999146,4.824366],[6.999251,4.824367]]]}},{"type":"Feature","properties":{"h":3.0,"on_route":false},"geometry":{"type":"Polygon","coordinates":[[[6.995505,4.824162],[6.995516,4.824215],[6.995484,4.824221],[6.995473,4.824169],[6.995505,4.824162]]]}},{"type":"Feature","properties":{"h":3.0,"on_route":false},"geometry":{"type":"Polygon","coordinates":[[[7.00093,4.821656],[7.00081,4.82162],[7.000975,4.821072],[7.001094,4.821108],[7.00093,4.821656]]]}},{"type":"Feature","properties":{"h":3.0,"on_route":false},"geometry":{"type":"Polygon","coordinates":[[[6.996355,4.822264],[6.996328,4.822494],[6.996203,4.822479],[6.99623,4.822249],[6.996355,4.822264]]]}},{"type":"Feature","properties":{"h":3.0,"on_route":false},"geometry":{"type":"Polygon","coordinates":[[[6.997954,4.824472],[6.997869,4.824485],[6.997861,4.824434],[6.997946,4.824421],[6.997954,4.824472]]]}},{"type":"Feature","properties":{"h":3.0,"on_route":false},"geometry":{"type":"Polygon","coordinates":[[[6.998861,4.820003],[6.998863,4.820052],[6.998777,4.820056],[6.998775,4.820007],[6.998861,4.820003]]]}},{"type":"Feature","properties":{"h":3.0,"on_route":false},"geometry":{"type":"Polygon","coordinates":[[[7.001435,4.819989],[7.00143,4.820091],[7.00146,4.820092],[7.001456,4.820158],[7.001293,4.820149],[7.001302,4.819982],[7.001435,4.819989]]]}},{"type":"Feature","properties":{"h":3.0,"on_route":false},"geometry":{"type":"Polygon","coordinates":[[[6.999694,4.820809],[6.999497,4.82085],[6.999462,4.820682],[6.999659,4.820641],[6.999694,4.820809]]]}},{"type":"Feature","properties":{"h":3.0,"on_route":false},"geometry":{"type":"Polygon","coordinates":[[[6.997915,4.826039],[6.997826,4.826057],[6.997815,4.826004],[6.997904,4.825985],[6.997915,4.826039]]]}},{"type":"Feature","properties":{"h":3.0,"on_route":false},"geometry":{"type":"Polygon","coordinates":[[[6.99823,4.826234],[6.998236,4.826282],[6.998168,4.826289],[6.998162,4.826242],[6.99823,4.826234]]]}},{"type":"Feature","properties":{"h":3.0,"on_route":false},"geometry":{"type":"Polygon","coordinates":[[[6.99622,4.824643],[6.996218,4.824674],[6.996251,4.824676],[6.996253,4.824645],[6.996292,4.824647],[6.99629,4.824678],[6.996313,4.824679],[6.996311,4.824735],[6.996029,4.824722],[6.996033,4.824635],[6.99622,4.824643]]]}},{"type":"Feature","properties":{"h":3.0,"on_route":false},"geometry":{"type":"Polygon","coordinates":[[[7.001982,4.820372],[7.001933,4.820396],[7.001888,4.820302],[7.001937,4.820278],[7.001982,4.820372]]]}},{"type":"Feature","properties":{"h":3.0,"on_route":false},"geometry":{"type":"Polygon","coordinates":[[[6.997117,4.821993],[6.997127,4.822181],[6.997014,4.822187],[6.997004,4.821998],[6.997117,4.821993]]]}},{"type":"Feature","properties":{"h":3.0,"on_route":false},"geometry":{"type":"Polygon","coordinates":[[[6.99992,4.819531],[6.999923,4.819573],[6.999896,4.819575],[6.999893,4.819533],[6.99992,4.819531]]]}},{"type":"Feature","properties":{"h":3.0,"on_route":false},"geometry":{"type":"Polygon","coordinates":[[[7.002061,4.820116],[7.001941,4.820175],[7.001883,4.820057],[7.002003,4.819998],[7.002061,4.820116]]]}},{"type":"Feature","properties":{"h":3.0,"on_route":false},"geometry":{"type":"Polygon","coordinates":[[[7.001098,4.820904],[7.001091,4.820943],[7.001013,4.820929],[7.001019,4.82089],[7.001098,4.820904]]]}},{"type":"Feature","properties":{"h":3.0,"on_route":false},"geometry":{"type":"Polygon","coordinates":[[[6.999643,4.826742],[6.999488,4.826727],[6.999505,4.826544],[6.99966,4.826559],[6.999643,4.826742]]]}},{"type":"Feature","properties":{"h":3.0,"on_route":false},"geometry":{"type":"Polygon","coordinates":[[[7.000079,4.82587],[7.000071,4.825918],[6.999972,4.825902],[6.99998,4.825854],[7.000079,4.82587]]]}},{"type":"Feature","properties":{"h":3.0,"on_route":false},"geometry":{"type":"Polygon","coordinates":[[[6.999027,4.823811],[6.999013,4.823935],[6.99896,4.823929],[6.998974,4.823805],[6.999027,4.823811]]]}},{"type":"Feature","properties":{"h":3.0,"on_route":false},"geometry":{"type":"Polygon","coordinates":[[[6.996997,4.819477],[6.997031,4.819585],[6.996978,4.819601],[6.996945,4.819494],[6.996997,4.819477]]]}},{"type":"Feature","properties":{"h":3.0,"on_route":false},"geometry":{"type":"Polygon","coordinates":[[[7.000282,4.823597],[7.000142,4.823587],[7.000147,4.823512],[7.000287,4.823522],[7.000282,4.823597]]]}},{"type":"Feature","properties":{"h":3.0,"on_route":false},"geometry":{"type":"Polygon","coordinates":[[[6.998473,4.822768],[6.997922,4.822799],[6.997916,4.822684],[6.998467,4.822653],[6.998473,4.822768]]]}},{"type":"Feature","properties":{"h":3.0,"on_route":false},"geometry":{"type":"Polygon","coordinates":[[[6.996488,4.823386],[6.996329,4.823417],[6.996309,4.823315],[6.996468,4.823284],[6.996488,4.823386]]]}},{"type":"Feature","properties":{"h":3.0,"on_route":false},"geometry":{"type":"Polygon","coordinates":[[[6.999889,4.825727],[6.999838,4.825792],[6.999824,4.825781],[6.999788,4.825826],[6.999683,4.825743],[6.99977,4.825632],[6.999889,4.825727]]]}},{"type":"Feature","properties":{"h":3.0,"on_route":false},"geometry":{"type":"Polygon","coordinates":[[[6.999395,4.826566],[6.999483,4.826556],[6.999492,4.826637],[6.999404,4.826646],[6.999395,4.826566]]]}},{"type":"Feature","properties":{"h":3.0,"on_route":false},"geometry":{"type":"Polygon","coordinates":[[[7.001576,4.819243],[7.001481,4.819297],[7.001359,4.819081],[7.001454,4.819027],[7.001576,4.819243]]]}},{"type":"Feature","properties":{"h":3.0,"on_route":false},"geometry":{"type":"Polygon","coordinates":[[[6.996736,4.824225],[6.996717,4.824216],[6.99669,4.824271],[6.996617,4.824235],[6.996731,4.824001],[6.996823,4.824046],[6.996736,4.824225]]]}},{"type":"Feature","properties":{"h":3.0,"on_route":false},"geometry":{"type":"Polygon","coordinates":[[[7.001371,4.825352],[7.001333,4.825379],[7.001294,4.825325],[7.001281,4.825334],[7.001253,4.825295],[7.001303,4.825259],[7.001371,4.825352]]]}},{"type":"Feature","properties":{"h":3.0,"on_route":false},"geometry":{"type":"Polygon","coordinates":[[[7.00067,4.823361],[7.000647,4.823358],[7.000651,4.823322],[7.000674,4.823324],[7.00067,4.823361]]]}},{"type":"Feature","properties":{"h":3.0,"on_route":false},"geometry":{"type":"Polygon","coordinates":[[[7.002122,4.819571],[7.001975,4.819643],[7.001898,4.819484],[7.001964,4.819452],[7.001979,4.819483],[7.00206,4.819443],[7.002122,4.819571]]]}},{"type":"Feature","properties":{"h":3.0,"on_route":false},"geometry":{"type":"Polygon","coordinates":[[[6.997549,4.822321],[6.99755,4.822336],[6.997683,4.822325],[6.997688,4.822395],[6.997517,4.822409],[6.99751,4.822325],[6.997549,4.822321]]]}},{"type":"Feature","properties":{"h":3.0,"on_route":false},"geometry":{"type":"Polygon","coordinates":[[[7.000594,4.819207],[7.000639,4.819366],[7.000562,4.819388],[7.000517,4.819229],[7.000594,4.819207]]]}},{"type":"Feature","properties":{"h":3.0,"on_route":false},"geometry":{"type":"Polygon","coordinates":[[[6.999974,4.824275],[6.999968,4.824338],[6.999857,4.824326],[6.999864,4.824263],[6.999974,4.824275]]]}},{"type":"Feature","properties":{"h":3.0,"on_route":false},"geometry":{"type":"Polygon","coordinates":[[[6.998752,4.821086],[6.998755,4.82113],[6.998711,4.821134],[6.998707,4.821089],[6.998752,4.821086]]]}},{"type":"Feature","properties":{"h":3.0,"on_route":false},"geometry":{"type":"Polygon","coordinates":[[[7.000781,4.820684],[7.000697,4.820699],[7.00068,4.820609],[7.000764,4.820594],[7.000781,4.820684]]]}},{"type":"Feature","properties":{"h":3.0,"on_route":false},"geometry":{"type":"Polygon","coordinates":[[[6.996009,4.82262],[6.995852,4.822643],[6.995837,4.822543],[6.995994,4.82252],[6.996009,4.82262]]]}},{"type":"Feature","properties":{"h":3.0,"on_route":false},"geometry":{"type":"Polygon","coordinates":[[[7.000994,4.820318],[7.000868,4.820335],[7.00085,4.820203],[7.000976,4.820186],[7.000994,4.820318]]]}},{"type":"Feature","properties":{"h":3.0,"on_route":false},"geometry":{"type":"Polygon","coordinates":[[[7.001271,4.821432],[7.00123,4.821423],[7.001254,4.821306],[7.001295,4.821315],[7.001271,4.821432]]]}},{"type":"Feature","properties":{"h":3.0,"on_route":false},"geometry":{"type":"Polygon","coordinates":[[[6.998751,4.826668],[6.998635,4.826677],[6.998631,4.826616],[6.998746,4.826607],[6.998751,4.826668]]]}},{"type":"Feature","properties":{"h":3.0,"on_route":false},"geometry":{"type":"Polygon","coordinates":[[[6.997512,4.819543],[6.997421,4.819602],[6.99733,4.819463],[6.997421,4.819404],[6.997512,4.819543]]]}},{"type":"Feature","properties":{"h":3.0,"on_route":false},"geometry":{"type":"Polygon","coordinates":[[[7.002201,4.820794],[7.002195,4.820812],[7.002234,4.820825],[7.002188,4.820955],[7.002039,4.820903],[7.00209,4.820755],[7.002201,4.820794]]]}},{"type":"Feature","properties":{"h":3.0,"on_route":false},"geometry":{"type":"Polygon","coordinates":[[[6.999098,4.81981],[6.99893,4.819849],[6.998893,4.819688],[6.99906,4.819649],[6.999098,4.81981]]]}},{"type":"Feature","properties":{"h":3.0,"on_route":false},"geometry":{"type":"Polygon","coordinates":[[[7.000563,4.818587],[7.000436,4.818633],[7.00043,4.818615],[7.000252,4.818681],[7.000226,4.81861],[7.000275,4.818592],[7.000268,4.818575],[7.000524,4.818481],[7.000563,4.818587]]]}},{"type":"Feature","properties":{"h":3.0,"on_route":false},"geometry":{"type":"Polygon","coordinates":[[[7.001224,4.819275],[7.001109,4.819325],[7.00097,4.819007],[7.001085,4.818957],[7.001224,4.819275]]]}},{"type":"Feature","properties":{"h":3.0,"on_route":false},"geometry":{"type":"Polygon","coordinates":[[[7.000751,4.824001],[7.000744,4.82404],[7.000702,4.824033],[7.000708,4.823994],[7.000751,4.824001]]]}},{"type":"Feature","properties":{"h":3.0,"on_route":false},"geometry":{"type":"Polygon","coordinates":[[[6.999501,4.821436],[6.999464,4.821442],[6.999452,4.821371],[6.999489,4.821364],[6.999501,4.821436]]]}},{"type":"Feature","properties":{"h":3.0,"on_route":false},"geometry":{"type":"Polygon","coordinates":[[[6.99905,4.820664],[6.999032,4.820667],[6.999023,4.820597],[6.999041,4.820595],[6.99905,4.820664]]]}},{"type":"Feature","properties":{"h":3.0,"on_route":false},"geometry":{"type":"Polygon","coordinates":[[[6.999479,4.823702],[6.999354,4.823826],[6.999398,4.823871],[6.999326,4.823942],[6.999175,4.82379],[6.999247,4.823718],[6.99923,4.823701],[6.999276,4.823656],[6.999292,4.823673],[6.999349,4.823616],[6.999362,4.823629],[6.999385,4.823607],[6.999479,4.823702]]]}},{"type":"Feature","properties":{"h":3.0,"on_route":false},"geometry":{"type":"Polygon","coordinates":[[[6.995993,4.825632],[6.995817,4.825687],[6.995769,4.825533],[6.995945,4.825478],[6.995993,4.825632]]]}},{"type":"Feature","properties":{"h":3.0,"on_route":false},"geometry":{"type":"Polygon","coordinates":[[[7.000618,4.823297],[7.000608,4.823347],[7.000577,4.823341],[7.000587,4.82329],[7.000618,4.823297]]]}},{"type":"Feature","properties":{"h":3.0,"on_route":false},"geometry":{"type":"Polygon","coordinates":[[[6.998811,4.824735],[6.998818,4.824832],[6.998762,4.824836],[6.998755,4.824739],[6.998811,4.824735]]]}},{"type":"Feature","properties":{"h":3.0,"on_route":false},"geometry":{"type":"Polygon","coordinates":[[[6.996727,4.820194],[6.996736,4.820307],[6.996755,4.820305],[6.996765,4.820414],[6.996633,4.820425],[6.996614,4.820204],[6.996727,4.820194]]]}},{"type":"Feature","properties":{"h":3.0,"on_route":false},"geometry":{"type":"Polygon","coordinates":[[[7.002816,4.820515],[7.002809,4.820549],[7.002759,4.820538],[7.002766,4.820505],[7.002816,4.820515]]]}},{"type":"Feature","properties":{"h":3.0,"on_route":false},"geometry":{"type":"Polygon","coordinates":[[[6.996649,4.821709],[6.996649,4.821741],[6.996613,4.821741],[6.996613,4.821709],[6.996649,4.821709]]]}},{"type":"Feature","properties":{"h":3.0,"on_route":false},"geometry":{"type":"Polygon","coordinates":[[[6.997002,4.821474],[6.997009,4.821645],[6.996936,4.821648],[6.996936,4.821665],[6.996831,4.82167],[6.996823,4.821481],[6.997002,4.821474]]]}},{"type":"Feature","properties":{"h":3.0,"on_route":false},"geometry":{"type":"Polygon","coordinates":[[[6.999317,4.824805],[6.999319,4.824835],[6.999282,4.824837],[6.999281,4.824806],[6.999317,4.824805]]]}},{"type":"Feature","properties":{"h":3.0,"on_route":false},"geometry":{"type":"Polygon","coordinates":[[[6.999041,4.820402],[6.999048,4.82045],[6.999012,4.820455],[6.999005,4.820407],[6.999041,4.820402]]]}},{"type":"Feature","properties":{"h":3.0,"on_route":false},"geometry":{"type":"Polygon","coordinates":[[[6.995945,4.822177],[6.995942,4.822219],[6.995913,4.822217],[6.995916,4.822174],[6.995945,4.822177]]]}},{"type":"Feature","properties":{"h":3.0,"on_route":false},"geometry":{"type":"Polygon","coordinates":[[[6.997554,4.825786],[6.997598,4.825857],[6.997636,4.825833],[6.997728,4.82598],[6.997607,4.826056],[6.997471,4.825839],[6.997554,4.825786]]]}},{"type":"Feature","properties":{"h":3.0,"on_route":false},"geometry":{"type":"Polygon","coordinates":[[[7.001803,4.823486],[7.001767,4.823659],[7.0017,4.823645],[7.001737,4.823472],[7.001803,4.823486]]]}},{"type":"Feature","properties":{"h":3.0,"on_route":false},"geometry":{"type":"Polygon","coordinates":[[[6.99726,4.820635],[6.99726,4.820667],[6.99723,4.820667],[6.99723,4.820635],[6.99726,4.820635]]]}},{"type":"Feature","properties":{"h":3.0,"on_route":false},"geometry":{"type":"Polygon","coordinates":[[[6.996379,4.822022],[6.99621,4.822031],[6.996208,4.821985],[6.996377,4.821977],[6.996379,4.822022]]]}},{"type":"Feature","properties":{"h":3.0,"on_route":false},"geometry":{"type":"Polygon","coordinates":[[[7.000915,4.821208],[7.00087,4.821317],[7.000797,4.821286],[7.000841,4.821177],[7.000915,4.821208]]]}},{"type":"Feature","properties":{"h":3.0,"on_route":false},"geometry":{"type":"Polygon","coordinates":[[[7.002588,4.819918],[7.00253,4.819956],[7.002484,4.819885],[7.002542,4.819847],[7.002588,4.819918]]]}},{"type":"Feature","properties":{"h":3.0,"on_route":false},"geometry":{"type":"Polygon","coordinates":[[[6.997596,4.826501],[6.99761,4.826486],[6.997725,4.82659],[6.997681,4.826638],[6.99756,4.826528],[6.997589,4.826496],[6.997596,4.826501]]]}},{"type":"Feature","properties":{"h":3.0,"on_route":false},"geometry":{"type":"Polygon","coordinates":[[[6.998293,4.820987],[6.998177,4.820993],[6.998176,4.82097],[6.998156,4.820971],[6.998153,4.820902],[6.998173,4.820901],[6.998168,4.820822],[6.998284,4.820816],[6.998293,4.820987]]]}},{"type":"Feature","properties":{"h":3.0,"on_route":false},"geometry":{"type":"Polygon","coordinates":[[[6.999576,4.825675],[6.999462,4.825699],[6.999455,4.825665],[6.999569,4.825641],[6.999576,4.825675]]]}},{"type":"Feature","properties":{"h":3.0,"on_route":true},"geometry":{"type":"Polygon","coordinates":[[[6.997794,4.821854],[6.997793,4.821957],[6.997752,4.821957],[6.997753,4.821854],[6.997794,4.821854]]]}},{"type":"Feature","properties":{"h":3.0,"on_route":false},"geometry":{"type":"Polygon","coordinates":[[[7.002319,4.818926],[7.00219,4.818997],[7.002222,4.819057],[7.002108,4.81912],[7.002035,4.818986],[7.002065,4.81897],[7.002015,4.818879],[7.002229,4.818761],[7.002319,4.818926]]]}},{"type":"Feature","properties":{"h":3.0,"on_route":false},"geometry":{"type":"Polygon","coordinates":[[[6.997999,4.820312],[6.99789,4.820328],[6.997849,4.820041],[6.997884,4.820036],[6.997881,4.820014],[6.997955,4.820003],[6.997999,4.820312]]]}},{"type":"Feature","properties":{"h":3.0,"on_route":true},"geometry":{"type":"Polygon","coordinates":[[[6.998032,4.821576],[6.998038,4.82163],[6.997976,4.821636],[6.997971,4.821583],[6.998032,4.821576]]]}},{"type":"Feature","properties":{"h":3.0,"on_route":false},"geometry":{"type":"Polygon","coordinates":[[[6.999018,4.820751],[6.998877,4.820769],[6.998863,4.820663],[6.999004,4.820644],[6.999018,4.820751]]]}},{"type":"Feature","properties":{"h":3.0,"on_route":false},"geometry":{"type":"Polygon","coordinates":[[[6.996904,4.826329],[6.996741,4.826358],[6.996698,4.826119],[6.996784,4.826104],[6.996788,4.826124],[6.996865,4.826111],[6.996904,4.826329]]]}},{"type":"Feature","properties":{"h":3.0,"on_route":false},"geometry":{"type":"Polygon","coordinates":[[[7.000561,4.824782],[7.000559,4.824806],[7.000697,4.824815],[7.000682,4.825048],[7.000544,4.825039],[7.000548,4.824972],[7.000494,4.824968],[7.000506,4.824778],[7.000561,4.824782]]]}},{"type":"Feature","properties":{"h":3.0,"on_route":false},"geometry":{"type":"Polygon","coordinates":[[[7.000021,4.819914],[7.000025,4.819958],[6.999994,4.819961],[6.99999,4.819917],[7.000021,4.819914]]]}},{"type":"Feature","properties":{"h":3.0,"on_route":false},"geometry":{"type":"Polygon","coordinates":[[[6.999169,4.819822],[6.999104,4.819838],[6.99906,4.819649],[6.999125,4.819634],[6.999169,4.819822]]]}},{"type":"Feature","properties":{"h":3.0,"on_route":true},"geometry":{"type":"Polygon","coordinates":[[[6.996061,4.820637],[6.996059,4.820673],[6.995982,4.820668],[6.995984,4.820633],[6.996061,4.820637]]]}},{"type":"Feature","properties":{"h":3.0,"on_route":false},"geometry":{"type":"Polygon","coordinates":[[[7.001658,4.823687],[7.001509,4.823834],[7.001489,4.823814],[7.001449,4.823853],[7.001402,4.823806],[7.001592,4.823619],[7.001658,4.823687]]]}},{"type":"Feature","properties":{"h":3.0,"on_route":false},"geometry":{"type":"Polygon","coordinates":[[[6.996769,4.821705],[6.99663,4.821705],[6.996631,4.821509],[6.99677,4.821509],[6.996769,4.821705]]]}},{"type":"Feature","properties":{"h":3.0,"on_route":true},"geometry":{"type":"Polygon","coordinates":[[[6.997185,4.821136],[6.997187,4.821166],[6.997148,4.821169],[6.997146,4.821139],[6.997185,4.821136]]]}},{"type":"Feature","properties":{"h":3.0,"on_route":false},"geometry":{"type":"Polygon","coordinates":[[[6.999333,4.819969],[6.999235,4.819993],[6.9992,4.819847],[6.999298,4.819823],[6.999333,4.819969]]]}},{"type":"Feature","properties":{"h":3.0,"on_route":false},"geometry":{"type":"Polygon","coordinates":[[[6.99985,4.823586],[6.999816,4.823588],[6.999812,4.823522],[6.999846,4.82352],[6.99985,4.823586]]]}},{"type":"Feature","properties":{"h":3.0,"on_route":false},"geometry":{"type":"Polygon","coordinates":[[[6.998551,4.819822],[6.99833,4.819866],[6.998315,4.819792],[6.998537,4.819749],[6.998551,4.819822]]]}},{"type":"Feature","properties":{"h":3.0,"on_route":false},"geometry":{"type":"Polygon","coordinates":[[[7.000497,4.823531],[7.000492,4.823599],[7.000447,4.823595],[7.000452,4.823527],[7.000497,4.823531]]]}},{"type":"Feature","properties":{"h":3.0,"on_route":false},"geometry":{"type":"Polygon","coordinates":[[[7.001431,4.819908],[7.001377,4.819932],[7.001369,4.819915],[7.001331,4.819933],[7.001262,4.819784],[7.001354,4.819741],[7.001431,4.819908]]]}},{"type":"Feature","properties":{"h":3.0,"on_route":false},"geometry":{"type":"Polygon","coordinates":[[[7.000405,4.820664],[7.000291,4.820692],[7.000252,4.820533],[7.000366,4.820505],[7.000405,4.820664]]]}},{"type":"Feature","properties":{"h":3.0,"on_route":false},"geometry":{"type":"Polygon","coordinates":[[[7.00151,4.819907],[7.001558,4.819785],[7.001629,4.819813],[7.001612,4.819858],[7.001751,4.819913],[7.001696,4.820056],[7.001445,4.819957],[7.001471,4.819891],[7.00151,4.819907]]]}},{"type":"Feature","properties":{"h":3.0,"on_route":false},"geometry":{"type":"Polygon","coordinates":[[[7.001841,4.82368],[7.001815,4.823789],[7.001765,4.823777],[7.001792,4.823668],[7.001841,4.82368]]]}},{"type":"Feature","properties":{"h":3.0,"on_route":false},"geometry":{"type":"Polygon","coordinates":[[[7.002015,4.824232],[7.002008,4.824289],[7.001949,4.824282],[7.001956,4.824225],[7.002015,4.824232]]]}},{"type":"Feature","properties":{"h":3.0,"on_route":false},"geometry":{"type":"Polygon","coordinates":[[[6.995666,4.821409],[6.995621,4.821767],[6.995516,4.821753],[6.995526,4.821675],[6.99549,4.82167],[6.995506,4.821542],[6.995542,4.821547],[6.995561,4.821395],[6.995666,4.821409]]]}},{"type":"Feature","properties":{"h":3.0,"on_route":false},"geometry":{"type":"Polygon","coordinates":[[[6.999611,4.818646],[6.999654,4.81878],[6.99993,4.81869],[6.999964,4.818797],[6.999585,4.818921],[6.999593,4.818946],[6.999505,4.818975],[6.999417,4.818705],[6.999608,4.818642],[6.999609,4.818647],[6.999611,4.818646]]]}},{"type":"Feature","properties":{"h":3.0,"on_route":false},"geometry":{"type":"Polygon","coordinates":[[[7.001407,4.825017],[7.00134,4.825141],[7.001291,4.825115],[7.001358,4.824991],[7.001407,4.825017]]]}},{"type":"Feature","properties":{"h":3.0,"on_route":false},"geometry":{"type":"Polygon","coordinates":[[[6.996354,4.819925],[6.996347,4.820092],[6.996232,4.820088],[6.996238,4.819921],[6.996354,4.819925]]]}},{"type":"Feature","properties":{"h":3.0,"on_route":false},"geometry":{"type":"Polygon","coordinates":[[[6.997664,4.819663],[6.997624,4.819675],[6.997611,4.819633],[6.997651,4.819621],[6.997664,4.819663]]]}},{"type":"Feature","properties":{"h":3.0,"on_route":false},"geometry":{"type":"Polygon","coordinates":[[[6.997257,4.82404],[6.997131,4.824187],[6.997043,4.824112],[6.99717,4.823964],[6.997257,4.82404]]]}},{"type":"Feature","properties":{"h":3.0,"on_route":false},"geometry":{"type":"Polygon","coordinates":[[[6.999664,4.820618],[6.999562,4.820636],[6.999555,4.820593],[6.999656,4.820575],[6.999664,4.820618]]]}},{"type":"Feature","properties":{"h":3.0,"on_route":false},"geometry":{"type":"Polygon","coordinates":[[[6.999216,4.823753],[6.999131,4.823836],[6.999111,4.823815],[6.999133,4.823793],[6.999111,4.823771],[6.999174,4.823709],[6.999216,4.823753]]]}},{"type":"Feature","properties":{"h":3.0,"on_route":false},"geometry":{"type":"Polygon","coordinates":[[[6.996737,4.821222],[6.996735,4.821459],[6.996612,4.821458],[6.996615,4.821221],[6.996737,4.821222]]]}},{"type":"Feature","properties":{"h":3.0,"on_route":true},"geometry":{"type":"Polygon","coordinates":[[[6.998115,4.822143],[6.997842,4.822164],[6.997832,4.822028],[6.998105,4.822007],[6.998115,4.822143]]]}},{"type":"Feature","properties":{"h":3.0,"on_route":false},"geometry":{"type":"Polygon","coordinates":[[[6.99542,4.82334],[6.995453,4.823426],[6.995419,4.823439],[6.995386,4.823353],[6.99542,4.82334]]]}},{"type":"Feature","properties":{"h":3.0,"on_route":false},"geometry":{"type":"Polygon","coordinates":[[[6.997855,4.82358],[6.997713,4.823609],[6.99769,4.823497],[6.997833,4.823468],[6.997855,4.82358]]]}},{"type":"Feature","properties":{"h":3.0,"on_route":false},"geometry":{"type":"Polygon","coordinates":[[[6.999937,4.820458],[6.999972,4.8206],[6.999898,4.820618],[6.999864,4.820475],[6.999937,4.820458]]]}},{"type":"Feature","properties":{"h":3.0,"on_route":false},"geometry":{"type":"Polygon","coordinates":[[[7.001767,4.819165],[7.001744,4.819177],[7.001713,4.819117],[7.001736,4.819106],[7.001767,4.819165]]]}},{"type":"Feature","properties":{"h":3.0,"on_route":false},"geometry":{"type":"Polygon","coordinates":[[[7.000868,4.820131],[7.000704,4.82017],[7.000674,4.820044],[7.000837,4.820005],[7.000868,4.820131]]]}},{"type":"Feature","properties":{"h":3.0,"on_route":false},"geometry":{"type":"Polygon","coordinates":[[[6.99879,4.820442],[6.998788,4.820514],[6.998758,4.820513],[6.998761,4.820441],[6.99879,4.820442]]]}},{"type":"Feature","properties":{"h":3.0,"on_route":false},"geometry":{"type":"Polygon","coordinates":[[[7.000187,4.825614],[7.000144,4.825881],[7.000023,4.825861],[7.000031,4.825816],[6.999987,4.825809],[7.000023,4.825588],[7.000187,4.825614]]]}},{"type":"Feature","properties":{"h":3.0,"on_route":false},"geometry":{"type":"Polygon","coordinates":[[[6.996743,4.820157],[6.996606,4.820169],[6.996599,4.820089],[6.996736,4.820077],[6.996743,4.820157]]]}},{"type":"Feature","properties":{"h":3.0,"on_route":false},"geometry":{"type":"Polygon","coordinates":[[[6.996385,4.825295],[6.996374,4.825346],[6.996413,4.825355],[6.996395,4.825437],[6.996356,4.825428],[6.996342,4.825493],[6.996183,4.825458],[6.996193,4.825414],[6.996169,4.825408],[6.996185,4.825338],[6.996208,4.825343],[6.996226,4.82526],[6.996385,4.825295]]]}},{"type":"Feature","properties":{"h":3.0,"on_route":false},"geometry":{"type":"Polygon","coordinates":[[[6.998046,4.819448],[6.99797,4.819569],[6.997862,4.819501],[6.997938,4.81938],[6.998046,4.819448]]]}},{"type":"Feature","properties":{"h":3.0,"on_route":false},"geometry":{"type":"Polygon","coordinates":[[[7.000964,4.820393],[7.000962,4.820461],[7.000985,4.820461],[7.000983,4.820514],[7.00079,4.820509],[7.000793,4.820388],[7.000964,4.820393]]]}},{"type":"Feature","properties":{"h":3.0,"on_route":false},"geometry":{"type":"Polygon","coordinates":[[[6.996916,4.821211],[6.996919,4.821284],[6.996806,4.821289],[6.996803,4.821216],[6.996916,4.821211]]]}},{"type":"Feature","properties":{"h":3.0,"on_route":false},"geometry":{"type":"Polygon","coordinates":[[[6.995635,4.822347],[6.995632,4.822376],[6.995668,4.82238],[6.995662,4.822452],[6.995519,4.822438],[6.995529,4.822337],[6.995635,4.822347]]]}},{"type":"Feature","properties":{"h":3.0,"on_route":false},"geometry":{"type":"Polygon","coordinates":[[[7.000619,4.819445],[7.000669,4.819601],[7.000686,4.819595],[7.000708,4.819662],[7.000748,4.81965],[7.00077,4.819719],[7.000656,4.819755],[7.000563,4.819462],[7.000619,4.819445]]]}},{"type":"Feature","properties":{"h":3.0,"on_route":false},"geometry":{"type":"Polygon","coordinates":[[[6.998848,4.818946],[6.998845,4.819008],[6.99878,4.819006],[6.998782,4.818943],[6.998848,4.818946]]]}},{"type":"Feature","properties":{"h":3.0,"on_route":false},"geometry":{"type":"Polygon","coordinates":[[[6.999572,4.821935],[6.99929,4.821956],[6.999272,4.821704],[6.999553,4.821683],[6.999572,4.821935]]]}},{"type":"Feature","properties":{"h":3.0,"on_route":false},"geometry":{"type":"Polygon","coordinates":[[[7.001403,4.820718],[7.001386,4.820663],[7.00154,4.820615],[7.001557,4.82067],[7.001403,4.820718]]]}},{"type":"Feature","properties":{"h":3.0,"on_route":false},"geometry":{"type":"Polygon","coordinates":[[[6.999142,4.823346],[6.999432,4.823356],[6.999428,4.823481],[6.999262,4.823475],[6.999263,4.823437],[6.999232,4.823436],[6.999231,4.823474],[6.999137,4.82347],[6.999142,4.823346]]]}},{"type":"Feature","properties":{"h":3.0,"on_route":false},"geometry":{"type":"Polygon","coordinates":[[[7.001891,4.825274],[7.001885,4.825358],[7.001822,4.825353],[7.001828,4.825269],[7.001891,4.825274]]]}},{"type":"Feature","properties":{"h":3.0,"on_route":false},"geometry":{"type":"Polygon","coordinates":[[[6.998478,4.826175],[6.99849,4.826174],[6.998496,4.826285],[6.998343,4.826295],[6.998327,4.82603],[6.998469,4.826022],[6.998478,4.826175]]]}},{"type":"Feature","properties":{"h":3.0,"on_route":false},"geometry":{"type":"Polygon","coordinates":[[[6.997162,4.822386],[6.997162,4.822439],[6.997025,4.822438],[6.997025,4.822417],[6.997047,4.822417],[6.997048,4.822386],[6.997026,4.822386],[6.997026,4.822385],[6.997162,4.822386]]]}},{"type":"Feature","properties":{"h":3.0,"on_route":false},"geometry":{"type":"Polygon","coordinates":[[[7.002751,4.819985],[7.002698,4.820067],[7.002551,4.819972],[7.002604,4.81989],[7.002751,4.819985]]]}},{"type":"Feature","properties":{"h":3.0,"on_route":false},"geometry":{"type":"Polygon","coordinates":[[[6.997906,4.819907],[6.99781,4.819914],[6.997806,4.819857],[6.997902,4.81985],[6.997906,4.819907]]]}},{"type":"Feature","properties":{"h":3.0,"on_route":false},"geometry":{"type":"Polygon","coordinates":[[[6.997984,4.825384],[6.997805,4.825414],[6.997785,4.825292],[6.997755,4.825297],[6.997751,4.825271],[6.99796,4.825237],[6.997984,4.825384]]]}},{"type":"Feature","properties":{"h":3.0,"on_route":false},"geometry":{"type":"Polygon","coordinates":[[[6.999339,4.823531],[6.999338,4.823581],[6.999191,4.823578],[6.999192,4.823528],[6.999339,4.823531]]]}},{"type":"Feature","properties":{"h":3.0,"on_route":true},"geometry":{"type":"Polygon","coordinates":[[[6.997694,4.821145],[6.997708,4.821279],[6.997652,4.821285],[6.997638,4.821151],[6.997694,4.821145]]]}},{"type":"Feature","properties":{"h":3.0,"on_route":false},"geometry":{"type":"Polygon","coordinates":[[[6.999569,4.821073],[6.999451,4.821097],[6.999411,4.820899],[6.999528,4.820875],[6.999569,4.821073]]]}},{"type":"Feature","properties":{"h":3.0,"on_route":false},"geometry":{"type":"Polygon","coordinates":[[[7.002831,4.819607],[7.002678,4.819684],[7.00264,4.819608],[7.002722,4.819566],[7.00271,4.819543],[7.002781,4.819508],[7.002831,4.819607]]]}},{"type":"Feature","properties":{"h":3.0,"on_route":false},"geometry":{"type":"Polygon","coordinates":[[[7.000014,4.825039],[7.000016,4.825092],[6.99987,4.825097],[6.999868,4.825044],[7.000014,4.825039]]]}},{"type":"Feature","properties":{"h":3.0,"on_route":false},"geometry":{"type":"Polygon","coordinates":[[[7.000581,4.820452],[7.000556,4.820458],[7.000587,4.820586],[7.00049,4.82061],[7.000437,4.820391],[7.000559,4.820361],[7.000581,4.820452]]]}},{"type":"Feature","properties":{"h":3.0,"on_route":false},"geometry":{"type":"Polygon","coordinates":[[[7.001133,4.824792],[7.001126,4.824844],[7.00107,4.824836],[7.001077,4.824785],[7.001133,4.824792]]]}},{"type":"Feature","properties":{"h":3.0,"on_route":false},"geometry":{"type":"Polygon","coordinates":[[[6.997491,4.824861],[6.997388,4.824887],[6.997319,4.82461],[6.997422,4.824584],[6.997491,4.824861]]]}},{"type":"Feature","properties":{"h":3.0,"on_route":false},"geometry":{"type":"Polygon","coordinates":[[[6.999506,4.825299],[6.999437,4.825297],[6.999437,4.82531],[6.999402,4.82531],[6.999408,4.825105],[6.999443,4.825106],[6.999444,4.825085],[6.999513,4.825087],[6.999506,4.825299]]]}},{"type":"Feature","properties":{"h":3.0,"on_route":false},"geometry":{"type":"Polygon","coordinates":[[[6.996142,4.821565],[6.996138,4.821605],[6.996158,4.821607],[6.996147,4.821712],[6.996016,4.821698],[6.996032,4.821553],[6.996142,4.821565]]]}},{"type":"Feature","properties":{"h":3.0,"on_route":false},"geometry":{"type":"Polygon","coordinates":[[[7.000419,4.825057],[7.000412,4.825155],[7.000293,4.825147],[7.0003,4.825049],[7.000419,4.825057]]]}},{"type":"Feature","properties":{"h":3.0,"on_route":false},"geometry":{"type":"Polygon","coordinates":[[[6.999441,4.821185],[6.999332,4.821208],[6.999303,4.82107],[6.999412,4.821047],[6.999441,4.821185]]]}},{"type":"Feature","properties":{"h":3.0,"on_route":false},"geometry":{"type":"Polygon","coordinates":[[[6.99616,4.825222],[6.995995,4.825274],[6.995977,4.825216],[6.996141,4.825163],[6.99616,4.825222]]]}},{"type":"Feature","properties":{"h":3.0,"on_route":false},"geometry":{"type":"Polygon","coordinates":[[[7.002278,4.819516],[7.002179,4.819562],[7.00212,4.819433],[7.002219,4.819387],[7.002278,4.819516]]]}},{"type":"Feature","properties":{"h":3.0,"on_route":false},"geometry":{"type":"Polygon","coordinates":[[[6.99903,4.818221],[6.999013,4.818412],[6.998965,4.818408],[6.998962,4.818438],[6.998893,4.818432],[6.998895,4.818401],[6.998823,4.818395],[6.998828,4.818342],[6.9988,4.818339],[6.998805,4.818283],[6.998833,4.818285],[6.99884,4.818204],[6.99903,4.818221]]]}},{"type":"Feature","properties":{"h":3.0,"on_route":false},"geometry":{"type":"Polygon","coordinates":[[[7.001261,4.824516],[7.001252,4.824585],[7.001162,4.824573],[7.001171,4.824505],[7.001261,4.824516]]]}},{"type":"Feature","properties":{"h":3.0,"on_route":false},"geometry":{"type":"Polygon","coordinates":[[[6.996478,4.82404],[6.996407,4.824053],[6.996398,4.824001],[6.996469,4.823988],[6.996478,4.82404]]]}},{"type":"Feature","properties":{"h":3.0,"on_route":false},"geometry":{"type":"Polygon","coordinates":[[[6.999429,4.823535],[6.99943,4.823587],[6.999366,4.823588],[6.999365,4.823536],[6.999429,4.823535]]]}},{"type":"Feature","properties":{"h":3.0,"on_route":false},"geometry":{"type":"Polygon","coordinates":[[[6.996063,4.824167],[6.99611,4.824151],[6.996137,4.824229],[6.996105,4.82424],[6.996144,4.824352],[6.995973,4.824412],[6.99589,4.824172],[6.996046,4.824118],[6.996063,4.824167]]]}},{"type":"Feature","properties":{"h":3.0,"on_route":false},"geometry":{"type":"Polygon","coordinates":[[[7.00123,4.821519],[7.001244,4.821457],[7.00135,4.82148],[7.001319,4.821621],[7.001358,4.82163],[7.001345,4.821688],[7.001306,4.821679],[7.001297,4.821719],[7.001087,4.821673],[7.001109,4.821575],[7.001054,4.821563],[7.001071,4.821484],[7.00123,4.821519]]]}},{"type":"Feature","properties":{"h":3.0,"on_route":false},"geometry":{"type":"Polygon","coordinates":[[[6.999466,4.820616],[6.999359,4.820633],[6.999344,4.820535],[6.999451,4.820518],[6.999466,4.820616]]]}},{"type":"Feature","properties":{"h":3.0,"on_route":false},"geometry":{"type":"Polygon","coordinates":[[[7.002331,4.825133],[7.002337,4.825161],[7.002159,4.8252],[7.002153,4.825172],[7.002071,4.82519],[7.002055,4.82512],[7.002363,4.825053],[7.002378,4.825122],[7.002331,4.825133]]]}},{"type":"Feature","properties":{"h":3.0,"on_route":false},"geometry":{"type":"Polygon","coordinates":[[[6.996638,4.822591],[6.996291,4.822611],[6.996287,4.82253],[6.996633,4.822509],[6.996638,4.822591]]]}},{"type":"Feature","properties":{"h":3.0,"on_route":false},"geometry":{"type":"Polygon","coordinates":[[[6.998025,4.818833],[6.998016,4.818863],[6.997953,4.818842],[6.997963,4.818813],[6.998025,4.818833]]]}},{"type":"Feature","properties":{"h":3.0,"on_route":false},"geometry":{"type":"Polygon","coordinates":[[[6.998031,4.824722],[6.997993,4.824727],[6.997989,4.824693],[6.998026,4.824689],[6.998031,4.824722]]]}},{"type":"Feature","properties":{"h":3.0,"on_route":false},"geometry":{"type":"Polygon","coordinates":[[[6.99601,4.823033],[6.996012,4.82307],[6.995977,4.823072],[6.995975,4.823034],[6.99601,4.823033]]]}},{"type":"Feature","properties":{"h":3.0,"on_route":false},"geometry":{"type":"Polygon","coordinates":[[[7.002744,4.823913],[7.00272,4.823994],[7.002674,4.82398],[7.002698,4.8239],[7.002744,4.823913]]]}},{"type":"Feature","properties":{"h":3.0,"on_route":false},"geometry":{"type":"Polygon","coordinates":[[[6.997203,4.820056],[6.997206,4.820084],[6.997277,4.820077],[6.997283,4.820143],[6.997112,4.82016],[6.997103,4.820066],[6.997203,4.820056]]]}},{"type":"Feature","properties":{"h":3.0,"on_route":false},"geometry":{"type":"Polygon","coordinates":[[[6.99889,4.826105],[6.998887,4.826179],[6.998829,4.826176],[6.998832,4.826103],[6.99889,4.826105]]]}},{"type":"Feature","properties":{"h":3.0,"on_route":false},"geometry":{"type":"Polygon","coordinates":[[[6.997705,4.820197],[6.997734,4.820409],[6.997688,4.820415],[6.997659,4.820204],[6.997705,4.820197]]]}},{"type":"Feature","properties":{"h":3.0,"on_route":true},"geometry":{"type":"Polygon","coordinates":[[[6.998318,4.822268],[6.998323,4.822343],[6.998217,4.82235],[6.998212,4.822275],[6.998318,4.822268]]]}},{"type":"Feature","properties":{"h":3.0,"on_route":false},"geometry":{"type":"Polygon","coordinates":[[[6.99844,4.825914],[6.998436,4.825979],[6.998305,4.825971],[6.998309,4.825906],[6.99844,4.825914]]]}},{"type":"Feature","properties":{"h":3.0,"on_route":false},"geometry":{"type":"Polygon","coordinates":[[[6.999185,4.8257],[6.999184,4.82584],[6.999121,4.825839],[6.999122,4.825699],[6.999185,4.8257]]]}},{"type":"Feature","properties":{"h":3.0,"on_route":false},"geometry":{"type":"Polygon","coordinates":[[[6.999706,4.819836],[6.999738,4.819971],[6.999696,4.819981],[6.999665,4.819846],[6.999706,4.819836]]]}},{"type":"Feature","properties":{"h":3.0,"on_route":false},"geometry":{"type":"Polygon","coordinates":[[[6.99718,4.825111],[6.997162,4.825114],[6.997169,4.825165],[6.996962,4.825196],[6.996954,4.825145],[6.996976,4.825142],[6.996963,4.82505],[6.997167,4.825019],[6.99718,4.825111]]]}},{"type":"Feature","properties":{"h":3.0,"on_route":false},"geometry":{"type":"Polygon","coordinates":[[[6.999716,4.823572],[6.999719,4.823649],[6.999618,4.823654],[6.999615,4.823576],[6.999716,4.823572]]]}},{"type":"Feature","properties":{"h":3.0,"on_route":false},"geometry":{"type":"Polygon","coordinates":[[[6.999421,4.819758],[6.999196,4.819803],[6.999165,4.819645],[6.999266,4.819625],[6.999261,4.819601],[6.999385,4.819577],[6.999421,4.819758]]]}},{"type":"Feature","properties":{"h":3.0,"on_route":false},"geometry":{"type":"Polygon","coordinates":[[[7.002601,4.823299],[7.002586,4.823371],[7.002393,4.82333],[7.002407,4.823259],[7.002601,4.823299]]]}},{"type":"Feature","properties":{"h":3.0,"on_route":true},"geometry":{"type":"Polygon","coordinates":[[[6.996833,4.821065],[6.996832,4.821109],[6.996793,4.821108],[6.996794,4.821064],[6.996833,4.821065]]]}},{"type":"Feature","properties":{"h":3.0,"on_route":false},"geometry":{"type":"Polygon","coordinates":[[[6.998001,4.824444],[6.997951,4.824451],[6.997946,4.824421],[6.997997,4.824413],[6.998001,4.824444]]]}},{"type":"Feature","properties":{"h":3.0,"on_route":false},"geometry":{"type":"Polygon","coordinates":[[[7.002891,4.82395],[7.002866,4.824043],[7.002792,4.824022],[7.002818,4.823929],[7.002891,4.82395]]]}},{"type":"Feature","properties":{"h":3.0,"on_route":true},"geometry":{"type":"Polygon","coordinates":[[[6.998002,4.821849],[6.998004,4.821883],[6.998055,4.82188],[6.998063,4.821993],[6.997957,4.822001],[6.997946,4.821853],[6.998002,4.821849]]]}},{"type":"Feature","properties":{"h":3.0,"on_route":false},"geometry":{"type":"Polygon","coordinates":[[[6.998785,4.818875],[6.99878,4.819006],[6.99869,4.819002],[6.998696,4.818871],[6.998785,4.818875]]]}},{"type":"Feature","properties":{"h":3.0,"on_route":false},"geometry":{"type":"Polygon","coordinates":[[[6.995872,4.823074],[6.995746,4.823106],[6.995685,4.822863],[6.995811,4.822831],[6.995872,4.823074]]]}},{"type":"Feature","properties":{"h":3.0,"on_route":true},"geometry":{"type":"Polygon","coordinates":[[[6.996798,4.821177],[6.996622,4.821175],[6.996623,4.82111],[6.996645,4.82111],[6.996645,4.821091],[6.996742,4.821093],[6.996743,4.821047],[6.9968,4.821047],[6.996798,4.821177]]]}},{"type":"Feature","properties":{"h":3.0,"on_route":false},"geometry":{"type":"Polygon","coordinates":[[[6.998112,4.819887],[6.998004,4.819907],[6.997993,4.819849],[6.998101,4.819829],[6.998112,4.819887]]]}},{"type":"Feature","properties":{"h":3.0,"on_route":false},"geometry":{"type":"Polygon","coordinates":[[[7.000142,4.824185],[7.000133,4.824217],[7.000104,4.824209],[7.000113,4.824177],[7.000142,4.824185]]]}},{"type":"Feature","properties":{"h":3.0,"on_route":false},"geometry":{"type":"Polygon","coordinates":[[[7.000365,4.821459],[7.000379,4.821547],[7.000289,4.821562],[7.000275,4.821474],[7.000365,4.821459]]]}},{"type":"Feature","properties":{"h":3.0,"on_route":true},"geometry":{"type":"Polygon","coordinates":[[[6.998207,4.822161],[6.998216,4.822347],[6.998158,4.82235],[6.998149,4.822164],[6.998207,4.822161]]]}},{"type":"Feature","properties":{"h":3.0,"on_route":false},"geometry":{"type":"Polygon","coordinates":[[[7.002785,4.823771],[7.002764,4.823864],[7.002645,4.823837],[7.002649,4.823822],[7.002578,4.823805],[7.002595,4.823727],[7.002785,4.823771]]]}},{"type":"Feature","properties":{"h":3.0,"on_route":false},"geometry":{"type":"Polygon","coordinates":[[[7.002866,4.824042],[7.002849,4.824103],[7.002776,4.824082],[7.002793,4.824021],[7.002866,4.824042]]]}},{"type":"Feature","properties":{"h":3.0,"on_route":false},"geometry":{"type":"Polygon","coordinates":[[[6.996941,4.823875],[6.996705,4.823926],[6.996683,4.823826],[6.996919,4.823775],[6.996941,4.823875]]]}},{"type":"Feature","properties":{"h":3.0,"on_route":false},"geometry":{"type":"Polygon","coordinates":[[[7.001324,4.821825],[7.001297,4.82197],[7.001241,4.82196],[7.001268,4.821815],[7.001324,4.821825]]]}},{"type":"Feature","properties":{"h":3.0,"on_route":false},"geometry":{"type":"Polygon","coordinates":[[[6.999618,4.826151],[6.999453,4.826164],[6.999447,4.826094],[6.999478,4.826091],[6.99947,4.825986],[6.999506,4.825984],[6.999497,4.825871],[6.999595,4.825863],[6.999618,4.826151]]]}},{"type":"Feature","properties":{"h":3.0,"on_route":false},"geometry":{"type":"Polygon","coordinates":[[[6.996001,4.825468],[6.996018,4.82553],[6.995978,4.825541],[6.995961,4.825479],[6.996001,4.825468]]]}},{"type":"Feature","properties":{"h":3.0,"on_route":false},"geometry":{"type":"Polygon","coordinates":[[[6.999459,4.824942],[6.999454,4.825007],[6.999365,4.825001],[6.99937,4.824936],[6.999459,4.824942]]]}},{"type":"Feature","properties":{"h":3.0,"on_route":false},"geometry":{"type":"Polygon","coordinates":[[[6.998224,4.825835],[6.998096,4.825922],[6.998042,4.825841],[6.998169,4.825754],[6.998224,4.825835]]]}},{"type":"Feature","properties":{"h":3.0,"on_route":false},"geometry":{"type":"Polygon","coordinates":[[[6.996401,4.824708],[6.996408,4.824751],[6.996379,4.824756],[6.996371,4.824713],[6.996401,4.824708]]]}},{"type":"Feature","properties":{"h":3.0,"on_route":false},"geometry":{"type":"Polygon","coordinates":[[[6.997008,4.826384],[6.996978,4.826395],[6.996996,4.826449],[6.996823,4.826509],[6.996796,4.826431],[6.996849,4.826413],[6.996835,4.826373],[6.996986,4.82632],[6.997008,4.826384]]]}},{"type":"Feature","properties":{"h":3.0,"on_route":false},"geometry":{"type":"Polygon","coordinates":[[[6.996103,4.825508],[6.99614,4.825498],[6.996157,4.825563],[6.99612,4.825573],[6.996133,4.825623],[6.996048,4.825645],[6.995997,4.825452],[6.996082,4.825429],[6.996103,4.825508]]]}},{"type":"Feature","properties":{"h":3.0,"on_route":false},"geometry":{"type":"Polygon","coordinates":[[[6.995179,4.823595],[6.995054,4.823632],[6.995081,4.82372],[6.995015,4.82374],[6.995026,4.823779],[6.994948,4.823802],[6.994936,4.823763],[6.994876,4.823781],[6.994768,4.823417],[6.995097,4.823319],[6.995179,4.823595]]]}},{"type":"Feature","properties":{"h":3.0,"on_route":false},"geometry":{"type":"Polygon","coordinates":[[[6.996956,4.819833],[6.99696,4.819912],[6.996899,4.819915],[6.996898,4.819902],[6.996792,4.819907],[6.996789,4.819841],[6.996956,4.819833]]]}},{"type":"Feature","properties":{"h":3.0,"on_route":false},"geometry":{"type":"Polygon","coordinates":[[[7.00064,4.825225],[7.000622,4.825362],[7.000577,4.825356],[7.000595,4.825219],[7.00064,4.825225]]]}},{"type":"Feature","properties":{"h":3.0,"on_route":false},"geometry":{"type":"Polygon","coordinates":[[[6.996917,4.825194],[6.99673,4.825217],[6.996714,4.825088],[6.996901,4.825065],[6.996917,4.825194]]]}},{"type":"Feature","properties":{"h":3.0,"on_route":false},"geometry":{"type":"Polygon","coordinates":[[[7.000849,4.824535],[7.00058,4.824596],[7.000556,4.824487],[7.000825,4.824427],[7.000849,4.824535]]]}},{"type":"Feature","properties":{"h":3.0,"on_route":false},"geometry":{"type":"Polygon","coordinates":[[[6.997367,4.819978],[6.997365,4.820017],[6.99733,4.820015],[6.997332,4.819976],[6.997367,4.819978]]]}},{"type":"Feature","properties":{"h":3.0,"on_route":false},"geometry":{"type":"Polygon","coordinates":[[[7.000498,4.820641],[7.000405,4.820664],[7.000358,4.820471],[7.00045,4.820448],[7.000498,4.820641]]]}},{"type":"Feature","properties":{"h":3.0,"on_route":false},"geometry":{"type":"Polygon","coordinates":[[[6.997772,4.822907],[6.997467,4.822922],[6.997463,4.822843],[6.99758,4.822837],[6.997574,4.82271],[6.997633,4.822707],[6.997639,4.822835],[6.997719,4.822831],[6.997713,4.822703],[6.997762,4.822701],[6.997772,4.822907]]]}},{"type":"Feature","properties":{"h":3.0,"on_route":false},"geometry":{"type":"Polygon","coordinates":[[[6.995343,4.822988],[6.995318,4.823164],[6.995254,4.823155],[6.995279,4.822979],[6.995343,4.822988]]]}},{"type":"Feature","properties":{"h":3.0,"on_route":false},"geometry":{"type":"Polygon","coordinates":[[[6.996,4.8224],[6.995997,4.822509],[6.99594,4.822507],[6.995944,4.822398],[6.996,4.8224]]]}},{"type":"Feature","properties":{"h":3.0,"on_route":false},"geometry":{"type":"Polygon","coordinates":[[[6.999742,4.821107],[6.999628,4.821131],[6.999617,4.821077],[6.999731,4.821053],[6.999742,4.821107]]]}},{"type":"Feature","properties":{"h":3.0,"on_route":false},"geometry":{"type":"Polygon","coordinates":[[[6.99918,4.823715],[6.999147,4.823682],[6.999222,4.823607],[6.999255,4.823641],[6.99918,4.823715]]]}},{"type":"Feature","properties":{"h":3.0,"on_route":false},"geometry":{"type":"Polygon","coordinates":[[[7.002484,4.819691],[7.002296,4.819778],[7.002269,4.81972],[7.002457,4.819633],[7.002484,4.819691]]]}},{"type":"Feature","properties":{"h":3.0,"on_route":false},"geometry":{"type":"Polygon","coordinates":[[[6.99993,4.824767],[6.999949,4.824746],[7.000068,4.824854],[7.000048,4.824875],[7.000086,4.82491],[7.000033,4.824968],[6.999838,4.824791],[6.999891,4.824732],[6.99993,4.824767]]]}},{"type":"Feature","properties":{"h":3.0,"on_route":false},"geometry":{"type":"Polygon","coordinates":[[[7.000764,4.820594],[7.00071,4.820604],[7.000698,4.820538],[7.000752,4.820528],[7.000764,4.820594]]]}},{"type":"Feature","properties":{"h":3.0,"on_route":false},"geometry":{"type":"Polygon","coordinates":[[[6.998774,4.819168],[6.998766,4.819295],[6.99857,4.819282],[6.998578,4.819156],[6.998774,4.819168]]]}},{"type":"Feature","properties":{"h":3.0,"on_route":false},"geometry":{"type":"Polygon","coordinates":[[[6.998656,4.826515],[6.998669,4.826613],[6.998623,4.826619],[6.99861,4.826521],[6.998656,4.826515]]]}},{"type":"Feature","properties":{"h":3.0,"on_route":false},"geometry":{"type":"Polygon","coordinates":[[[7.000981,4.818608],[7.000889,4.818639],[7.000871,4.818588],[7.000963,4.818556],[7.000981,4.818608]]]}},{"type":"Feature","properties":{"h":3.0,"on_route":true},"geometry":{"type":"Polygon","coordinates":[[[6.996243,4.820845],[6.996239,4.820969],[6.996112,4.820965],[6.996116,4.820841],[6.996243,4.820845]]]}},{"type":"Feature","properties":{"h":3.0,"on_route":false},"geometry":{"type":"Polygon","coordinates":[[[7.002692,4.819389],[7.002634,4.819418],[7.002675,4.819501],[7.002596,4.819539],[7.002555,4.819457],[7.002469,4.819499],[7.002423,4.819404],[7.002491,4.819371],[7.002471,4.81933],[7.002626,4.819254],[7.002692,4.819389]]]}},{"type":"Feature","properties":{"h":3.0,"on_route":false},"geometry":{"type":"Polygon","coordinates":[[[6.996888,4.824387],[6.996903,4.824372],[6.996939,4.824409],[6.996924,4.824423],[6.996981,4.824483],[6.996847,4.824615],[6.996753,4.824519],[6.996772,4.8245],[6.996737,4.824465],[6.996853,4.824351],[6.996888,4.824387]]]}},{"type":"Feature","properties":{"h":3.0,"on_route":false},"geometry":{"type":"Polygon","coordinates":[[[6.998588,4.823039],[6.998488,4.823044],[6.998467,4.822654],[6.998566,4.822648],[6.998588,4.823039]]]}},{"type":"Feature","properties":{"h":3.0,"on_route":false},"geometry":{"type":"Polygon","coordinates":[[[6.999813,4.819169],[6.999622,4.819233],[6.999586,4.819124],[6.999776,4.81906],[6.999813,4.819169]]]}},{"type":"Feature","properties":{"h":3.0,"on_route":false},"geometry":{"type":"Polygon","coordinates":[[[7.000649,4.824083],[7.000574,4.824282],[7.000489,4.82425],[7.000563,4.824051],[7.000649,4.824083]]]}},{"type":"Feature","properties":{"h":3.0,"on_route":false},"geometry":{"type":"Polygon","coordinates":[[[7.001736,4.824019],[7.001724,4.824054],[7.001664,4.824034],[7.001675,4.824],[7.001736,4.824019]]]}},{"type":"Feature","properties":{"h":3.0,"on_route":true},"geometry":{"type":"Polygon","coordinates":[[[6.99879,4.822484],[6.998274,4.82251],[6.998269,4.822408],[6.998784,4.822382],[6.99879,4.822484]]]}},{"type":"Feature","properties":{"h":3.0,"on_route":false},"geometry":{"type":"Polygon","coordinates":[[[6.996871,4.822753],[6.996878,4.822905],[6.996817,4.822908],[6.99681,4.822756],[6.996871,4.822753]]]}},{"type":"Feature","properties":{"h":3.0,"on_route":false},"geometry":{"type":"Polygon","coordinates":[[[6.997782,4.82373],[6.997717,4.823746],[6.997708,4.823709],[6.997772,4.823692],[6.997782,4.82373]]]}},{"type":"Feature","properties":{"h":3.0,"on_route":false},"geometry":{"type":"Polygon","coordinates":[[[7.002154,4.820361],[7.002102,4.820386],[7.002029,4.820234],[7.002081,4.820208],[7.002154,4.820361]]]}},{"type":"Feature","properties":{"h":3.0,"on_route":false},"geometry":{"type":"Polygon","coordinates":[[[6.998297,4.819745],[6.998114,4.81977],[6.998102,4.819686],[6.998286,4.819661],[6.998297,4.819745]]]}},{"type":"Feature","properties":{"h":3.0,"on_route":false},"geometry":{"type":"Polygon","coordinates":[[[6.999482,4.819827],[6.999391,4.819846],[6.999381,4.819799],[6.999472,4.81978],[6.999482,4.819827]]]}},{"type":"Feature","properties":{"h":3.0,"on_route":false},"geometry":{"type":"Polygon","coordinates":[[[6.999086,4.824415],[6.999077,4.82451],[6.998936,4.824497],[6.998945,4.824401],[6.999086,4.824415]]]}},{"type":"Feature","properties":{"h":3.0,"on_route":false},"geometry":{"type":"Polygon","coordinates":[[[6.996182,4.821373],[6.996173,4.82147],[6.996152,4.821468],[6.996148,4.821513],[6.996037,4.821504],[6.996049,4.821361],[6.996182,4.821373]]]}},{"type":"Feature","properties":{"h":3.0,"on_route":false},"geometry":{"type":"Polygon","coordinates":[[[6.997677,4.826227],[6.997674,4.826231],[6.997748,4.826293],[6.997623,4.826442],[6.997517,4.826352],[6.997645,4.8262],[6.997677,4.826227]]]}},{"type":"Feature","properties":{"h":3.0,"on_route":false},"geometry":{"type":"Polygon","coordinates":[[[6.9964,4.81996],[6.996396,4.820054],[6.996349,4.820052],[6.996353,4.819958],[6.9964,4.81996]]]}},{"type":"Feature","properties":{"h":3.0,"on_route":false},"geometry":{"type":"Polygon","coordinates":[[[6.99994,4.819648],[6.999884,4.819664],[6.999864,4.819592],[6.999919,4.819577],[6.99994,4.819648]]]}},{"type":"Feature","properties":{"h":3.0,"on_route":false},"geometry":{"type":"Polygon","coordinates":[[[7.00054,4.819483],[7.000369,4.819534],[7.000339,4.819434],[7.00051,4.819383],[7.00054,4.819483]]]}},{"type":"Feature","properties":{"h":3.0,"on_route":false},"geometry":{"type":"Polygon","coordinates":[[[6.997471,4.82202],[6.99744,4.822022],[6.997443,4.82207],[6.997267,4.822082],[6.997258,4.821957],[6.997466,4.821942],[6.997471,4.82202]]]}},{"type":"Feature","properties":{"h":3.0,"on_route":false},"geometry":{"type":"Polygon","coordinates":[[[7.000781,4.825103],[7.000772,4.825211],[7.000628,4.825199],[7.000637,4.825091],[7.000781,4.825103]]]}},{"type":"Feature","properties":{"h":3.0,"on_route":false},"geometry":{"type":"Polygon","coordinates":[[[6.996119,4.825318],[6.995966,4.825364],[6.995949,4.825307],[6.996102,4.82526],[6.996119,4.825318]]]}},{"type":"Feature","properties":{"h":3.0,"on_route":false},"geometry":{"type":"Polygon","coordinates":[[[6.996747,4.824668],[6.99657,4.824714],[6.996521,4.824524],[6.996698,4.824479],[6.996747,4.824668]]]}},{"type":"Feature","properties":{"h":3.0,"on_route":false},"geometry":{"type":"Polygon","coordinates":[[[6.995217,4.823764],[6.995157,4.823783],[6.995137,4.823719],[6.995197,4.8237],[6.995217,4.823764]]]}},{"type":"Feature","properties":{"h":3.0,"on_route":false},"geometry":{"type":"Polygon","coordinates":[[[6.999923,4.819926],[6.999772,4.819967],[6.999742,4.819857],[6.999834,4.819832],[6.999824,4.819797],[6.999884,4.819781],[6.999923,4.819926]]]}},{"type":"Feature","properties":{"h":3.0,"on_route":false},"geometry":{"type":"Polygon","coordinates":[[[7.001152,4.818884],[7.001031,4.818938],[7.000948,4.818751],[7.001068,4.818697],[7.001152,4.818884]]]}},{"type":"Feature","properties":{"h":3.0,"on_route":false},"geometry":{"type":"Polygon","coordinates":[[[7.002498,4.820702],[7.002496,4.820726],[7.002443,4.820723],[7.002445,4.820698],[7.002498,4.820702]]]}},{"type":"Feature","properties":{"h":3.0,"on_route":false},"geometry":{"type":"Polygon","coordinates":[[[6.998782,4.820768],[6.99879,4.820823],[6.998848,4.820815],[6.998851,4.82084],[6.9989,4.820833],[6.998918,4.82095],[6.998764,4.820973],[6.998734,4.820775],[6.998782,4.820768]]]}},{"type":"Feature","properties":{"h":3.0,"on_route":true},"geometry":{"type":"Polygon","coordinates":[[[6.996502,4.82095],[6.996502,4.820944],[6.996622,4.820947],[6.99662,4.821103],[6.996532,4.821101],[6.996533,4.821081],[6.996448,4.82108],[6.99645,4.820949],[6.996502,4.82095]]]}},{"type":"Feature","properties":{"h":3.0,"on_route":false},"geometry":{"type":"Polygon","coordinates":[[[6.997988,4.821002],[6.997991,4.821071],[6.998044,4.821068],[6.998046,4.821105],[6.997924,4.821112],[6.997918,4.821006],[6.997988,4.821002]]]}},{"type":"Feature","properties":{"h":3.0,"on_route":false},"geometry":{"type":"Polygon","coordinates":[[[6.997066,4.820179],[6.996955,4.820192],[6.996943,4.82009],[6.997054,4.820077],[6.997066,4.820179]]]}},{"type":"Feature","properties":{"h":3.0,"on_route":false},"geometry":{"type":"Polygon","coordinates":[[[6.996441,4.825884],[6.996381,4.825901],[6.99637,4.825864],[6.99643,4.825847],[6.996441,4.825884]]]}},{"type":"Feature","properties":{"h":3.0,"on_route":false},"geometry":{"type":"Polygon","coordinates":[[[7.001144,4.822982],[7.001138,4.823031],[7.001108,4.823028],[7.001113,4.822979],[7.001144,4.822982]]]}},{"type":"Feature","properties":{"h":3.0,"on_route":false},"geometry":{"type":"Polygon","coordinates":[[[7.002361,4.819824],[7.002332,4.819761],[7.002463,4.8197],[7.002492,4.819763],[7.002361,4.819824]]]}},{"type":"Feature","properties":{"h":3.0,"on_route":false},"geometry":{"type":"Polygon","coordinates":[[[6.99853,4.820825],[6.998398,4.82084],[6.998378,4.820657],[6.99851,4.820643],[6.99853,4.820825]]]}},{"type":"Feature","properties":{"h":3.0,"on_route":false},"geometry":{"type":"Polygon","coordinates":[[[7.000998,4.820155],[7.000932,4.820177],[7.000862,4.819973],[7.000928,4.819951],[7.000998,4.820155]]]}},{"type":"Feature","properties":{"h":3.0,"on_route":false},"geometry":{"type":"Polygon","coordinates":[[[7.0001,4.820569],[6.999972,4.8206],[6.99993,4.820429],[7.000058,4.820398],[7.0001,4.820569]]]}},{"type":"Feature","properties":{"h":3.0,"on_route":false},"geometry":{"type":"Polygon","coordinates":[[[6.999898,4.825096],[6.999904,4.825246],[6.999781,4.82525],[6.999776,4.8251],[6.999898,4.825096]]]}},{"type":"Feature","properties":{"h":3.0,"on_route":false},"geometry":{"type":"Polygon","coordinates":[[[6.998083,4.81981],[6.997971,4.819829],[6.997947,4.819685],[6.998059,4.819666],[6.998083,4.81981]]]}},{"type":"Feature","properties":{"h":3.0,"on_route":false},"geometry":{"type":"Polygon","coordinates":[[[6.99764,4.824802],[6.997586,4.824749],[6.99769,4.82464],[6.997745,4.824692],[6.99764,4.824802]]]}},{"type":"Feature","properties":{"h":3.0,"on_route":false},"geometry":{"type":"Polygon","coordinates":[[[6.997091,4.826284],[6.996986,4.82632],[6.996978,4.826298],[6.997083,4.826262],[6.997091,4.826284]]]}},{"type":"Feature","properties":{"h":3.0,"on_route":false},"geometry":{"type":"Polygon","coordinates":[[[6.995692,4.821213],[6.995526,4.821203],[6.99553,4.821128],[6.995624,4.821133],[6.99563,4.821032],[6.995657,4.821034],[6.995656,4.821055],[6.9957,4.821058],[6.995692,4.821213]]]}},{"type":"Feature","properties":{"h":3.0,"on_route":false},"geometry":{"type":"Polygon","coordinates":[[[6.995889,4.825328],[6.99594,4.825476],[6.995882,4.825496],[6.995856,4.825419],[6.995784,4.825444],[6.995759,4.825372],[6.995889,4.825328]]]}},{"type":"Feature","properties":{"h":3.0,"on_route":false},"geometry":{"type":"Polygon","coordinates":[[[6.998702,4.82422],[6.998573,4.824235],[6.998566,4.824177],[6.998696,4.824162],[6.998702,4.82422]]]}},{"type":"Feature","properties":{"h":3.0,"on_route":false},"geometry":{"type":"Polygon","coordinates":[[[6.999498,4.819902],[6.99936,4.819931],[6.999344,4.819856],[6.999482,4.819827],[6.999498,4.819902]]]}},{"type":"Feature","properties":{"h":3.0,"on_route":false},"geometry":{"type":"Polygon","coordinates":[[[6.999377,4.823261],[6.99938,4.823343],[6.999329,4.823345],[6.999325,4.823264],[6.999377,4.823261]]]}},{"type":"Feature","properties":{"h":3.0,"on_route":false},"geometry":{"type":"Polygon","coordinates":[[[6.996578,4.820093],[6.996459,4.820096],[6.996455,4.819947],[6.996574,4.819944],[6.996578,4.820093]]]}},{"type":"Feature","properties":{"h":3.0,"on_route":false},"geometry":{"type":"Polygon","coordinates":[[[7.002646,4.82389],[7.002608,4.82403],[7.00251,4.824003],[7.002548,4.823863],[7.002646,4.82389]]]}},{"type":"Feature","properties":{"h":3.0,"on_route":false},"geometry":{"type":"Polygon","coordinates":[[[7.001652,4.825017],[7.001553,4.82512],[7.001487,4.825056],[7.001586,4.824953],[7.001652,4.825017]]]}},{"type":"Feature","properties":{"h":3.0,"on_route":false},"geometry":{"type":"Polygon","coordinates":[[[7.001639,4.824852],[7.001595,4.82489],[7.001571,4.824862],[7.001616,4.824824],[7.001639,4.824852]]]}},{"type":"Feature","properties":{"h":3.0,"on_route":false},"geometry":{"type":"Polygon","coordinates":[[[6.999104,4.823712],[6.999096,4.823766],[6.999128,4.82377],[6.999102,4.823951],[6.999035,4.823941],[6.999068,4.823707],[6.999104,4.823712]]]}},{"type":"Feature","properties":{"h":3.0,"on_route":false},"geometry":{"type":"Polygon","coordinates":[[[6.998687,4.820773],[6.998555,4.820791],[6.998548,4.820741],[6.998681,4.820723],[6.998687,4.820773]]]}},{"type":"Feature","properties":{"h":3.0,"on_route":false},"geometry":{"type":"Polygon","coordinates":[[[7.001069,4.823846],[7.001026,4.823842],[7.001029,4.82381],[7.001072,4.823814],[7.001069,4.823846]]]}},{"type":"Feature","properties":{"h":3.0,"on_route":false},"geometry":{"type":"Polygon","coordinates":[[[6.999261,4.821083],[6.99931,4.821284],[6.999179,4.821316],[6.99913,4.821115],[6.999261,4.821083]]]}},{"type":"Feature","properties":{"h":3.0,"on_route":false},"geometry":{"type":"Polygon","coordinates":[[[6.998052,4.825974],[6.997968,4.825993],[6.997925,4.825797],[6.998009,4.825778],[6.998052,4.825974]]]}},{"type":"Feature","properties":{"h":3.0,"on_route":false},"geometry":{"type":"Polygon","coordinates":[[[6.996414,4.821222],[6.996411,4.821371],[6.996346,4.821369],[6.99635,4.82122],[6.996414,4.821222]]]}},{"type":"Feature","properties":{"h":3.0,"on_route":false},"geometry":{"type":"Polygon","coordinates":[[[6.99794,4.818805],[6.997932,4.818835],[6.997878,4.818822],[6.997885,4.818791],[6.99794,4.818805]]]}},{"type":"Feature","properties":{"h":3.0,"on_route":true},"geometry":{"type":"Polygon","coordinates":[[[6.998433,4.821871],[6.998433,4.821941],[6.998393,4.821941],[6.998393,4.82187],[6.998433,4.821871]]]}},{"type":"Feature","properties":{"h":3.0,"on_route":false},"geometry":{"type":"Polygon","coordinates":[[[7.001284,4.82175],[7.001256,4.821919],[7.000978,4.821873],[7.001006,4.821704],[7.001284,4.82175]]]}},{"type":"Feature","properties":{"h":3.0,"on_route":false},"geometry":{"type":"Polygon","coordinates":[[[6.997773,4.821251],[6.99771,4.821258],[6.997698,4.82115],[6.997762,4.821143],[6.997773,4.821251]]]}},{"type":"Feature","properties":{"h":3.0,"on_route":false},"geometry":{"type":"Polygon","coordinates":[[[6.997352,4.824074],[6.997313,4.824077],[6.997298,4.823897],[6.997338,4.823894],[6.997352,4.824074]]]}},{"type":"Feature","properties":{"h":3.0,"on_route":false},"geometry":{"type":"Polygon","coordinates":[[[6.997437,4.8203],[6.997452,4.820423],[6.997404,4.820428],[6.99739,4.820305],[6.997437,4.8203]]]}},{"type":"Feature","properties":{"h":3.0,"on_route":true},"geometry":{"type":"Polygon","coordinates":[[[6.997045,4.820981],[6.996872,4.82099],[6.996871,4.820964],[6.996858,4.820965],[6.996851,4.820845],[6.997038,4.820836],[6.997045,4.820981]]]}},{"type":"Feature","properties":{"h":3.0,"on_route":false},"geometry":{"type":"Polygon","coordinates":[[[7.002261,4.819836],[7.002109,4.819907],[7.00208,4.819845],[7.002002,4.819881],[7.001946,4.81976],[7.002093,4.819692],[7.002053,4.819606],[7.002137,4.819567],[7.002261,4.819836]]]}},{"type":"Feature","properties":{"h":3.0,"on_route":false},"geometry":{"type":"Polygon","coordinates":[[[6.996153,4.823836],[6.996064,4.823864],[6.99604,4.823788],[6.996129,4.82376],[6.996153,4.823836]]]}},{"type":"Feature","properties":{"h":3.0,"on_route":false},"geometry":{"type":"Polygon","coordinates":[[[6.998548,4.825016],[6.998459,4.825025],[6.998462,4.825054],[6.998395,4.825061],[6.998373,4.824852],[6.998528,4.824835],[6.998548,4.825016]]]}},{"type":"Feature","properties":{"h":3.0,"on_route":false},"geometry":{"type":"Polygon","coordinates":[[[6.995699,4.823],[6.995592,4.823027],[6.995559,4.822895],[6.995666,4.822868],[6.995699,4.823]]]}},{"type":"Feature","properties":{"h":3.0,"on_route":false},"geometry":{"type":"Polygon","coordinates":[[[6.998464,4.819299],[6.998434,4.819288],[6.998476,4.819172],[6.998506,4.819182],[6.998464,4.819299]]]}},{"type":"Feature","properties":{"h":3.0,"on_route":false},"geometry":{"type":"Polygon","coordinates":[[[6.999458,4.821188],[6.999464,4.821241],[6.999435,4.821245],[6.999429,4.821191],[6.999458,4.821188]]]}},{"type":"Feature","properties":{"h":3.0,"on_route":false},"geometry":{"type":"Polygon","coordinates":[[[6.999395,4.820351],[6.999319,4.820366],[6.999313,4.820335],[6.99939,4.82032],[6.999395,4.820351]]]}},{"type":"Feature","properties":{"h":3.0,"on_route":false},"geometry":{"type":"Polygon","coordinates":[[[6.999052,4.820951],[6.998971,4.820962],[6.998951,4.820814],[6.999031,4.820803],[6.999052,4.820951]]]}},{"type":"Feature","properties":{"h":3.0,"on_route":false},"geometry":{"type":"Polygon","coordinates":[[[6.999826,4.81926],[6.999774,4.819276],[6.999762,4.819237],[6.999723,4.81925],[6.999708,4.819203],[6.999798,4.819174],[6.999826,4.81926]]]}},{"type":"Feature","properties":{"h":3.0,"on_route":true},"geometry":{"type":"Polygon","coordinates":[[[6.998765,4.822171],[6.998595,4.822183],[6.998585,4.822051],[6.998756,4.822039],[6.998765,4.822171]]]}},{"type":"Feature","properties":{"h":3.0,"on_route":false},"geometry":{"type":"Polygon","coordinates":[[[6.996503,4.825629],[6.996524,4.825622],[6.996549,4.825698],[6.996495,4.825716],[6.996511,4.825766],[6.996419,4.825796],[6.996362,4.82562],[6.996487,4.825579],[6.996503,4.825629]]]}},{"type":"Feature","properties":{"h":3.0,"on_route":false},"geometry":{"type":"Polygon","coordinates":[[[7.000171,4.818744],[6.999981,4.818808],[6.99995,4.818713],[7.000139,4.81865],[7.000171,4.818744]]]}},{"type":"Feature","properties":{"h":3.0,"on_route":false},"geometry":{"type":"Polygon","coordinates":[[[6.998434,4.826441],[6.998407,4.826443],[6.998413,4.826509],[6.998284,4.826521],[6.998276,4.826438],[6.998199,4.826445],[6.998193,4.826373],[6.998425,4.82635],[6.998434,4.826441]]]}},{"type":"Feature","properties":{"h":3.0,"on_route":false},"geometry":{"type":"Polygon","coordinates":[[[6.997697,4.823532],[6.997713,4.823609],[6.997632,4.823625],[6.997616,4.823548],[6.997697,4.823532]]]}},{"type":"Feature","properties":{"h":3.0,"on_route":false},"geometry":{"type":"Polygon","coordinates":[[[7.001794,4.820484],[7.001664,4.820544],[7.00164,4.820491],[7.00177,4.820432],[7.001794,4.820484]]]}},{"type":"Feature","properties":{"h":3.0,"on_route":false},"geometry":{"type":"Polygon","coordinates":[[[7.002445,4.820782],[7.002436,4.820814],[7.002472,4.820824],[7.002424,4.820997],[7.002388,4.820988],[7.002399,4.820949],[7.002288,4.820918],[7.002308,4.820849],[7.002289,4.820844],[7.002316,4.820746],[7.002445,4.820782]]]}},{"type":"Feature","properties":{"h":3.0,"on_route":false},"geometry":{"type":"Polygon","coordinates":[[[6.998417,4.821257],[6.998253,4.82127],[6.998251,4.821244],[6.998116,4.821255],[6.998104,4.821106],[6.998402,4.821082],[6.998417,4.821257]]]}},{"type":"Feature","properties":{"h":3.0,"on_route":false},"geometry":{"type":"Polygon","coordinates":[[[7.002362,4.824849],[7.00236,4.824887],[7.002307,4.824884],[7.002309,4.824846],[7.002362,4.824849]]]}},{"type":"Feature","properties":{"h":3.0,"on_route":false},"geometry":{"type":"Polygon","coordinates":[[[7.001839,4.823948],[7.001818,4.824036],[7.001765,4.824023],[7.001786,4.823935],[7.001839,4.823948]]]}},{"type":"Feature","properties":{"h":3.0,"on_route":false},"geometry":{"type":"Polygon","coordinates":[[[6.996925,4.823775],[6.996516,4.823868],[6.99649,4.823753],[6.996581,4.823732],[6.996576,4.823712],[6.996607,4.823705],[6.996601,4.82368],[6.996629,4.823673],[6.996639,4.823719],[6.996899,4.823659],[6.996925,4.823775]]]}},{"type":"Feature","properties":{"h":3.0,"on_route":false},"geometry":{"type":"Polygon","coordinates":[[[7.002109,4.824331],[7.002108,4.824379],[7.001875,4.824374],[7.001876,4.824327],[7.002109,4.824331]]]}},{"type":"Feature","properties":{"h":3.0,"on_route":false},"geometry":{"type":"Polygon","coordinates":[[[6.99799,4.826369],[6.997882,4.826459],[6.99787,4.826444],[6.997828,4.826479],[6.997787,4.826429],[6.997938,4.826305],[6.99799,4.826369]]]}},{"type":"Feature","properties":{"h":3.0,"on_route":false},"geometry":{"type":"Polygon","coordinates":[[[6.997076,4.82168],[6.997011,4.821683],[6.997002,4.821474],[6.997067,4.821471],[6.997076,4.82168]]]}},{"type":"Feature","properties":{"h":3.0,"on_route":false},"geometry":{"type":"Polygon","coordinates":[[[6.997619,4.821932],[6.997629,4.822083],[6.997525,4.82209],[6.997521,4.82202],[6.997554,4.822018],[6.997549,4.821936],[6.997619,4.821932]]]}},{"type":"Feature","properties":{"h":3.0,"on_route":false},"geometry":{"type":"Polygon","coordinates":[[[6.996943,4.819645],[6.996955,4.81974],[6.996904,4.819817],[6.996813,4.819826],[6.996741,4.819778],[6.996736,4.819687],[6.996778,4.819623],[6.99688,4.819603],[6.996943,4.819645]]]}},{"type":"Feature","properties":{"h":3.0,"on_route":false},"geometry":{"type":"Polygon","coordinates":[[[6.998201,4.819276],[6.998153,4.819391],[6.99797,4.819314],[6.998019,4.819198],[6.998201,4.819276]]]}},{"type":"Feature","properties":{"h":3.0,"on_route":false},"geometry":{"type":"Polygon","coordinates":[[[6.998202,4.819389],[6.998176,4.819378],[6.998208,4.819306],[6.998234,4.819318],[6.998202,4.819389]]]}},{"type":"Feature","properties":{"h":3.0,"on_route":false},"geometry":{"type":"Polygon","coordinates":[[[7.001583,4.820587],[7.001527,4.820611],[7.001505,4.820557],[7.001561,4.820534],[7.001583,4.820587]]]}},{"type":"Feature","properties":{"h":3.0,"on_route":false},"geometry":{"type":"Polygon","coordinates":[[[6.998716,4.820253],[6.998669,4.820259],[6.998659,4.82018],[6.998706,4.820174],[6.998716,4.820253]]]}},{"type":"Feature","properties":{"h":3.0,"on_route":false},"geometry":{"type":"Polygon","coordinates":[[[6.995994,4.821378],[6.995988,4.821523],[6.995845,4.821517],[6.995851,4.821373],[6.995994,4.821378]]]}},{"type":"Feature","properties":{"h":3.0,"on_route":false},"geometry":{"type":"Polygon","coordinates":[[[7.001383,4.819456],[7.001335,4.819484],[7.001255,4.819346],[7.001304,4.819318],[7.001383,4.819456]]]}},{"type":"Feature","properties":{"h":3.0,"on_route":false},"geometry":{"type":"Polygon","coordinates":[[[6.996574,4.824485],[6.996511,4.8245],[6.996491,4.824415],[6.996554,4.8244],[6.996574,4.824485]]]}},{"type":"Feature","properties":{"h":3.0,"on_route":false},"geometry":{"type":"Polygon","coordinates":[[[7.002623,4.820704],[7.002608,4.820756],[7.002523,4.820732],[7.002538,4.82068],[7.002623,4.820704]]]}},{"type":"Feature","properties":{"h":3.0,"on_route":false},"geometry":{"type":"Polygon","coordinates":[[[7.001715,4.820136],[7.001803,4.820304],[7.001725,4.820344],[7.001638,4.820177],[7.001715,4.820136]]]}},{"type":"Feature","properties":{"h":3.0,"on_route":false},"geometry":{"type":"Polygon","coordinates":[[[6.998712,4.818463],[6.998703,4.818507],[6.998643,4.818495],[6.998652,4.818451],[6.998712,4.818463]]]}},{"type":"Feature","properties":{"h":3.0,"on_route":false},"geometry":{"type":"Polygon","coordinates":[[[6.996552,4.822173],[6.996421,4.822176],[6.99642,4.822113],[6.996501,4.822112],[6.996499,4.821979],[6.996548,4.821978],[6.996552,4.822173]]]}},{"type":"Feature","properties":{"h":3.0,"on_route":false},"geometry":{"type":"Polygon","coordinates":[[[7.000425,4.824042],[7.000418,4.824107],[7.00036,4.824101],[7.000367,4.824036],[7.000425,4.824042]]]}},{"type":"Feature","properties":{"h":3.0,"on_route":false},"geometry":{"type":"Polygon","coordinates":[[[6.99959,4.820491],[6.999458,4.820533],[6.999438,4.820468],[6.999396,4.820482],[6.999359,4.820365],[6.999533,4.82031],[6.99959,4.820491]]]}},{"type":"Feature","properties":{"h":3.0,"on_route":false},"geometry":{"type":"Polygon","coordinates":[[[6.999241,4.819204],[6.999067,4.819237],[6.999036,4.819076],[6.999087,4.819067],[6.999082,4.819045],[6.999206,4.819021],[6.999241,4.819204]]]}},{"type":"Feature","properties":{"h":3.0,"on_route":false},"geometry":{"type":"Polygon","coordinates":[[[6.995809,4.820915],[6.995681,4.820917],[6.995677,4.820768],[6.995749,4.820766],[6.995749,4.820744],[6.995806,4.820742],[6.995809,4.820915]]]}},{"type":"Feature","properties":{"h":3.0,"on_route":false},"geometry":{"type":"Polygon","coordinates":[[[6.999224,4.820425],[6.999241,4.820545],[6.999169,4.820556],[6.999163,4.820516],[6.999082,4.820528],[6.999071,4.820446],[6.999224,4.820425]]]}},{"type":"Feature","properties":{"h":3.0,"on_route":true},"geometry":{"type":"Polygon","coordinates":[[[6.998482,4.821957],[6.998505,4.822302],[6.998427,4.822307],[6.998404,4.821962],[6.998482,4.821957]]]}},{"type":"Feature","properties":{"h":3.0,"on_route":false},"geometry":{"type":"Polygon","coordinates":[[[6.997394,4.820345],[6.997238,4.820364],[6.99723,4.820294],[6.997318,4.820283],[6.997314,4.820249],[6.997382,4.820241],[6.997394,4.820345]]]}},{"type":"Feature","properties":{"h":3.0,"on_route":false},"geometry":{"type":"Polygon","coordinates":[[[7.002738,4.8202],[7.0027,4.820233],[7.002674,4.820203],[7.002712,4.82017],[7.002738,4.8202]]]}},{"type":"Feature","properties":{"h":3.0,"on_route":false},"geometry":{"type":"Polygon","coordinates":[[[6.997563,4.820239],[6.997593,4.820235],[6.997608,4.820348],[6.997533,4.820358],[6.997542,4.820433],[6.99746,4.820443],[6.997416,4.8201],[6.997544,4.820083],[6.997563,4.820239]]]}},{"type":"Feature","properties":{"h":3.0,"on_route":false},"geometry":{"type":"Polygon","coordinates":[[[7.00329,4.82035],[7.003264,4.820411],[7.003199,4.820383],[7.003226,4.820322],[7.00329,4.82035]]]}},{"type":"Feature","properties":{"h":3.0,"on_route":false},"geometry":{"type":"Polygon","coordinates":[[[6.996458,4.822298],[6.996445,4.822484],[6.996393,4.82248],[6.996405,4.822295],[6.996458,4.822298]]]}},{"type":"Feature","properties":{"h":3.0,"on_route":false},"geometry":{"type":"Polygon","coordinates":[[[7.002308,4.819907],[7.002181,4.819969],[7.002161,4.819928],[7.002288,4.819866],[7.002308,4.819907]]]}},{"type":"Feature","properties":{"h":3.0,"on_route":false},"geometry":{"type":"Polygon","coordinates":[[[6.998984,4.819039],[6.998893,4.81927],[6.998839,4.819249],[6.99893,4.819018],[6.998984,4.819039]]]}},{"type":"Feature","properties":{"h":3.0,"on_route":false},"geometry":{"type":"Polygon","coordinates":[[[7.00134,4.825385],[7.00124,4.825493],[7.001162,4.82542],[7.001195,4.825386],[7.001162,4.825355],[7.00123,4.825283],[7.00134,4.825385]]]}},{"type":"Feature","properties":{"h":3.0,"on_route":false},"geometry":{"type":"Polygon","coordinates":[[[7.000548,4.824972],[7.000544,4.825039],[7.00034,4.825025],[7.000345,4.824958],[7.000548,4.824972]]]}},{"type":"Feature","properties":{"h":3.0,"on_route":false},"geometry":{"type":"Polygon","coordinates":[[[6.997513,4.820842],[6.997518,4.820893],[6.997475,4.820897],[6.99747,4.820846],[6.997513,4.820842]]]}},{"type":"Feature","properties":{"h":3.0,"on_route":false},"geometry":{"type":"Polygon","coordinates":[[[7.001749,4.825331],[7.001704,4.825377],[7.001633,4.825308],[7.001678,4.825262],[7.001749,4.825331]]]}},{"type":"Feature","properties":{"h":3.0,"on_route":true},"geometry":{"type":"Polygon","coordinates":[[[6.996934,4.821181],[6.996803,4.821189],[6.996799,4.821121],[6.99693,4.821113],[6.996934,4.821181]]]}},{"type":"Feature","properties":{"h":3.0,"on_route":false},"geometry":{"type":"Polygon","coordinates":[[[6.995441,4.824804],[6.995409,4.824814],[6.995419,4.824845],[6.995305,4.824881],[6.995273,4.824779],[6.995419,4.824733],[6.995441,4.824804]]]}},{"type":"Feature","properties":{"h":3.0,"on_route":false},"geometry":{"type":"Polygon","coordinates":[[[6.999773,4.824414],[6.999774,4.824364],[6.999896,4.824367],[6.999895,4.824417],[6.999959,4.824419],[6.999955,4.824587],[6.999701,4.824581],[6.999705,4.824412],[6.999773,4.824414]]]}},{"type":"Feature","properties":{"h":3.0,"on_route":false},"geometry":{"type":"Polygon","coordinates":[[[6.999256,4.820372],[6.999263,4.820419],[6.999224,4.820425],[6.999217,4.820377],[6.999256,4.820372]]]}},{"type":"Feature","properties":{"h":3.0,"on_route":false},"geometry":{"type":"Polygon","coordinates":[[[6.999275,4.82189],[6.999098,4.821904],[6.999088,4.821779],[6.999068,4.821781],[6.999063,4.821719],[6.99926,4.821703],[6.999275,4.82189]]]}},{"type":"Feature","properties":{"h":3.0,"on_route":false},"geometry":{"type":"Polygon","coordinates":[[[6.99876,4.82062],[6.998701,4.820628],[6.99869,4.820554],[6.998749,4.820546],[6.99876,4.82062]]]}},{"type":"Feature","properties":{"h":3.0,"on_route":false},"geometry":{"type":"Polygon","coordinates":[[[7.000386,4.826452],[7.000357,4.82648],[7.00038,4.826504],[7.000309,4.826573],[7.000286,4.826549],[7.000231,4.826602],[7.00017,4.826539],[7.000156,4.826552],[7.00014,4.826535],[7.000223,4.826454],[7.00024,4.826471],[7.000296,4.826417],[7.000279,4.826399],[7.000308,4.826371],[7.000386,4.826452]]]}},{"type":"Feature","properties":{"h":3.0,"on_route":false},"geometry":{"type":"Polygon","coordinates":[[[6.999199,4.818277],[6.999187,4.818433],[6.999083,4.818425],[6.999095,4.818269],[6.999199,4.818277]]]}},{"type":"Feature","properties":{"h":3.0,"on_route":false},"geometry":{"type":"Polygon","coordinates":[[[7.002096,4.823961],[7.002038,4.824232],[7.00197,4.824217],[7.001983,4.824158],[7.001955,4.824152],[7.001988,4.823998],[7.002016,4.824004],[7.002028,4.823947],[7.002096,4.823961]]]}},{"type":"Feature","properties":{"h":3.0,"on_route":false},"geometry":{"type":"Polygon","coordinates":[[[6.995347,4.823289],[6.995237,4.823297],[6.995234,4.82326],[6.995345,4.823252],[6.995347,4.823289]]]}},{"type":"Feature","properties":{"h":3.0,"on_route":false},"geometry":{"type":"Polygon","coordinates":[[[6.999447,4.824802],[6.999491,4.8248],[6.999495,4.824871],[6.999451,4.824874],[6.999454,4.824912],[6.99932,4.82492],[6.999308,4.824717],[6.999442,4.824709],[6.999447,4.824802]]]}},{"type":"Feature","properties":{"h":3.0,"on_route":false},"geometry":{"type":"Polygon","coordinates":[[[6.999905,4.824094],[6.999894,4.824132],[7.000054,4.82418],[7.000035,4.824245],[6.99998,4.824228],[6.99997,4.82426],[6.999783,4.824204],[6.999824,4.824069],[6.999905,4.824094]]]}},{"type":"Feature","properties":{"h":3.0,"on_route":false},"geometry":{"type":"Polygon","coordinates":[[[7.000441,4.824429],[7.000432,4.824541],[7.000457,4.824543],[7.000451,4.824621],[7.000411,4.824618],[7.000405,4.824695],[7.000285,4.824685],[7.000305,4.824418],[7.000441,4.824429]]]}},{"type":"Feature","properties":{"h":3.0,"on_route":false},"geometry":{"type":"Polygon","coordinates":[[[6.997984,4.82442],[6.997886,4.824434],[6.997881,4.824398],[6.997979,4.824385],[6.997984,4.82442]]]}},{"type":"Feature","properties":{"h":3.0,"on_route":false},"geometry":{"type":"Polygon","coordinates":[[[6.995978,4.823212],[6.996007,4.823299],[6.995933,4.823324],[6.995904,4.823238],[6.995978,4.823212]]]}},{"type":"Feature","properties":{"h":3.0,"on_route":false},"geometry":{"type":"Polygon","coordinates":[[[7.002825,4.81978],[7.002613,4.819881],[7.002559,4.819768],[7.00264,4.819729],[7.002626,4.819699],[7.002672,4.819676],[7.002687,4.819707],[7.002771,4.819667],[7.002825,4.81978]]]}},{"type":"Feature","properties":{"h":3.0,"on_route":false},"geometry":{"type":"Polygon","coordinates":[[[6.997354,4.825913],[6.997351,4.825901],[6.997379,4.825895],[6.997382,4.825907],[6.997441,4.825894],[6.997486,4.826102],[6.99734,4.826135],[6.997295,4.825926],[6.997354,4.825913]]]}},{"type":"Feature","properties":{"h":3.0,"on_route":false},"geometry":{"type":"Polygon","coordinates":[[[7.003047,4.820932],[7.00304,4.820956],[7.003101,4.820975],[7.003086,4.821023],[7.003125,4.821036],[7.003096,4.821129],[7.002896,4.821065],[7.002948,4.8209],[7.003047,4.820932]]]}},{"type":"Feature","properties":{"h":3.0,"on_route":false},"geometry":{"type":"Polygon","coordinates":[[[7.001083,4.821596],[7.001076,4.821629],[7.000986,4.821609],[7.000993,4.821577],[7.001083,4.821596]]]}},{"type":"Feature","properties":{"h":3.0,"on_route":false},"geometry":{"type":"Polygon","coordinates":[[[6.999961,4.825899],[6.999947,4.825993],[6.999887,4.825985],[6.999901,4.82589],[6.999961,4.825899]]]}},{"type":"Feature","properties":{"h":3.0,"on_route":false},"geometry":{"type":"Polygon","coordinates":[[[6.99908,4.825786],[6.99908,4.82584],[6.999032,4.825839],[6.999032,4.825786],[6.99908,4.825786]]]}},{"type":"Feature","properties":{"h":3.0,"on_route":false},"geometry":{"type":"Polygon","coordinates":[[[6.997014,4.824219],[6.996849,4.824261],[6.996837,4.824214],[6.997002,4.824172],[6.997014,4.824219]]]}},{"type":"Feature","properties":{"h":3.0,"on_route":false},"geometry":{"type":"Polygon","coordinates":[[[6.99956,4.823339],[6.999562,4.823375],[6.999597,4.823373],[6.999601,4.823453],[6.999566,4.823455],[6.999568,4.823494],[6.999444,4.8235],[6.999441,4.823432],[6.999453,4.823431],[6.99945,4.823381],[6.999485,4.823379],[6.999484,4.823342],[6.99956,4.823339]]]}},{"type":"Feature","properties":{"h":3.0,"on_route":true},"geometry":{"type":"Polygon","coordinates":[[[6.997795,4.82161],[6.997794,4.821655],[6.997758,4.821654],[6.99776,4.821609],[6.997795,4.82161]]]}},{"type":"Feature","properties":{"h":3.0,"on_route":false},"geometry":{"type":"Polygon","coordinates":[[[6.999921,4.823588],[6.99992,4.823629],[6.999854,4.823627],[6.999855,4.823586],[6.999921,4.823588]]]}},{"type":"Feature","properties":{"h":3.0,"on_route":false},"geometry":{"type":"Polygon","coordinates":[[[6.996375,4.821165],[6.996374,4.8212],[6.99634,4.821199],[6.996341,4.821164],[6.996375,4.821165]]]}},{"type":"Feature","properties":{"h":3.0,"on_route":true},"geometry":{"type":"Polygon","coordinates":[[[6.996414,4.820392],[6.996421,4.820466],[6.996376,4.82047],[6.996369,4.820396],[6.996414,4.820392]]]}},{"type":"Feature","properties":{"h":3.0,"on_route":false},"geometry":{"type":"Polygon","coordinates":[[[7.000788,4.819126],[7.000651,4.819171],[7.000635,4.819121],[7.000679,4.819107],[7.000665,4.819064],[7.000758,4.819033],[7.000788,4.819126]]]}},{"type":"Feature","properties":{"h":3.0,"on_route":false},"geometry":{"type":"Polygon","coordinates":[[[6.99841,4.818885],[6.998399,4.818925],[6.99842,4.818931],[6.998414,4.818953],[6.998279,4.818915],[6.998296,4.818853],[6.99841,4.818885]]]}},{"type":"Feature","properties":{"h":3.0,"on_route":false},"geometry":{"type":"Polygon","coordinates":[[[6.997383,4.822175],[6.997383,4.822301],[6.997206,4.8223],[6.997206,4.822175],[6.997383,4.822175]]]}},{"type":"Feature","properties":{"h":3.0,"on_route":false},"geometry":{"type":"Polygon","coordinates":[[[7.001993,4.818975],[7.001895,4.819027],[7.001836,4.818915],[7.00188,4.818891],[7.001857,4.818847],[7.00191,4.818818],[7.001993,4.818975]]]}},{"type":"Feature","properties":{"h":3.0,"on_route":false},"geometry":{"type":"Polygon","coordinates":[[[7.002071,4.825271],[7.002054,4.825438],[7.00192,4.825424],[7.001926,4.825363],[7.001935,4.825364],[7.001946,4.825259],[7.002071,4.825271]]]}},{"type":"Feature","properties":{"h":3.0,"on_route":false},"geometry":{"type":"Polygon","coordinates":[[[6.998639,4.823405],[6.998153,4.823453],[6.998143,4.823355],[6.998629,4.823307],[6.998639,4.823405]]]}},{"type":"Feature","properties":{"h":3.0,"on_route":false},"geometry":{"type":"Polygon","coordinates":[[[7.00046,4.823639],[7.000769,4.823661],[7.000763,4.823748],[7.000582,4.823735],[7.000577,4.823803],[7.000449,4.823794],[7.00046,4.823639]]]}},{"type":"Feature","properties":{"h":3.0,"on_route":false},"geometry":{"type":"Polygon","coordinates":[[[7.000384,4.825703],[7.000401,4.825628],[7.000529,4.825657],[7.00052,4.825698],[7.000681,4.825734],[7.000631,4.825959],[7.000516,4.825934],[7.000522,4.825908],[7.000323,4.825864],[7.000331,4.825826],[7.000302,4.82582],[7.000331,4.825691],[7.000384,4.825703]]]}},{"type":"Feature","properties":{"h":3.0,"on_route":true},"geometry":{"type":"Polygon","coordinates":[[[6.996443,4.820745],[6.996437,4.820853],[6.99633,4.820847],[6.996336,4.820739],[6.996443,4.820745]]]}},{"type":"Feature","properties":{"h":3.0,"on_route":false},"geometry":{"type":"Polygon","coordinates":[[[6.995632,4.822766],[6.995498,4.822787],[6.995476,4.822642],[6.995609,4.822621],[6.995632,4.822766]]]}},{"type":"Feature","properties":{"h":3.0,"on_route":false},"geometry":{"type":"Polygon","coordinates":[[[6.999964,4.819105],[6.99984,4.819143],[6.999824,4.81909],[6.999888,4.81907],[6.999852,4.818954],[6.999789,4.818974],[6.99977,4.818914],[6.999893,4.818876],[6.999964,4.819105]]]}},{"type":"Feature","properties":{"h":3.0,"on_route":false},"geometry":{"type":"Polygon","coordinates":[[[7.000163,4.819841],[7.000055,4.819872],[7.00001,4.819716],[7.000118,4.819685],[7.000163,4.819841]]]}},{"type":"Feature","properties":{"h":3.0,"on_route":true},"geometry":{"type":"Polygon","coordinates":[[[6.998607,4.821879],[6.998639,4.821878],[6.998643,4.821975],[6.998503,4.821981],[6.998497,4.821844],[6.998605,4.821839],[6.998607,4.821879]]]}},{"type":"Feature","properties":{"h":3.0,"on_route":false},"geometry":{"type":"Polygon","coordinates":[[[6.99536,4.822856],[6.995345,4.822952],[6.995286,4.822943],[6.995302,4.822846],[6.99536,4.822856]]]}},{"type":"Feature","properties":{"h":3.0,"on_route":false},"geometry":{"type":"Polygon","coordinates":[[[6.995648,4.823324],[6.9957,4.823477],[6.995655,4.823492],[6.995632,4.823426],[6.995536,4.823459],[6.995507,4.823372],[6.995648,4.823324]]]}},{"type":"Feature","properties":{"h":3.0,"on_route":false},"geometry":{"type":"Polygon","coordinates":[[[6.997328,4.822314],[6.997332,4.822391],[6.997235,4.822397],[6.997231,4.82232],[6.997328,4.822314]]]}},{"type":"Feature","properties":{"h":3.0,"on_route":false},"geometry":{"type":"Polygon","coordinates":[[[6.996401,4.822967],[6.996407,4.823009],[6.996363,4.823015],[6.996356,4.822974],[6.996401,4.822967]]]}},{"type":"Feature","properties":{"h":3.0,"on_route":false},"geometry":{"type":"Polygon","coordinates":[[[6.998641,4.823669],[6.998175,4.823709],[6.99816,4.823535],[6.998627,4.823496],[6.998641,4.823669]]]}},{"type":"Feature","properties":{"h":3.0,"on_route":false},"geometry":{"type":"Polygon","coordinates":[[[7.000316,4.826011],[7.000334,4.825994],[7.00036,4.82602],[7.000342,4.826037],[7.000363,4.826058],[7.000244,4.826177],[7.000197,4.82613],[7.000172,4.826155],[7.00014,4.826122],[7.000165,4.826097],[7.000136,4.826067],[7.000221,4.825982],[7.000214,4.825975],[7.000247,4.825941],[7.000316,4.826011]]]}},{"type":"Feature","properties":{"h":3.0,"on_route":false},"geometry":{"type":"Polygon","coordinates":[[[6.997594,4.826772],[6.997536,4.826718],[6.997642,4.826604],[6.9977,4.826658],[6.997594,4.826772]]]}},{"type":"Feature","properties":{"h":3.0,"on_route":false},"geometry":{"type":"Polygon","coordinates":[[[6.995064,4.822689],[6.995061,4.822606],[6.995249,4.8226],[6.995254,4.82274],[6.995393,4.822736],[6.995395,4.822789],[6.995255,4.822794],[6.995256,4.822815],[6.995069,4.822821],[6.995067,4.822775],[6.995005,4.822777],[6.995002,4.822692],[6.995064,4.822689]]]}},{"type":"Feature","properties":{"h":3.0,"on_route":false},"geometry":{"type":"Polygon","coordinates":[[[6.999717,4.823571],[6.999458,4.823585],[6.999454,4.823492],[6.99961,4.823484],[6.9996,4.823288],[6.999702,4.823282],[6.999717,4.823571]]]}},{"type":"Feature","properties":{"h":3.0,"on_route":false},"geometry":{"type":"Polygon","coordinates":[[[6.999534,4.820645],[6.999441,4.82066],[6.999434,4.820621],[6.999527,4.820605],[6.999534,4.820645]]]}},{"type":"Feature","properties":{"h":3.0,"on_route":true},"geometry":{"type":"Polygon","coordinates":[[[6.996561,4.82066],[6.996563,4.820727],[6.99651,4.820729],[6.996508,4.820661],[6.996561,4.82066]]]}},{"type":"Feature","properties":{"h":3.0,"on_route":true},"geometry":{"type":"Polygon","coordinates":[[[6.998,4.821543],[6.997929,4.821547],[6.997927,4.821512],[6.997878,4.821515],[6.997873,4.821447],[6.997993,4.821439],[6.998,4.821543]]]}},{"type":"Feature","properties":{"h":3.0,"on_route":false},"geometry":{"type":"Polygon","coordinates":[[[7.000352,4.824848],[7.00034,4.825025],[7.000251,4.825019],[7.000262,4.824842],[7.000352,4.824848]]]}},{"type":"Feature","properties":{"h":3.0,"on_route":false},"geometry":{"type":"Polygon","coordinates":[[[7.001511,4.819382],[7.001383,4.819456],[7.001304,4.819318],[7.001431,4.819244],[7.001511,4.819382]]]}},{"type":"Feature","properties":{"h":3.0,"on_route":false},"geometry":{"type":"Polygon","coordinates":[[[7.002619,4.823675],[7.002593,4.823765],[7.002517,4.823743],[7.002543,4.823653],[7.002619,4.823675]]]}},{"type":"Feature","properties":{"h":3.0,"on_route":true},"geometry":{"type":"Polygon","coordinates":[[[6.997543,4.821221],[6.997552,4.821285],[6.997511,4.821291],[6.997502,4.821227],[6.997543,4.821221]]]}},{"type":"Feature","properties":{"h":3.0,"on_route":false},"geometry":{"type":"Polygon","coordinates":[[[6.996558,4.825386],[6.9965,4.825393],[6.996494,4.82535],[6.996552,4.825343],[6.996558,4.825386]]]}},{"type":"Feature","properties":{"h":3.0,"on_route":false},"geometry":{"type":"Polygon","coordinates":[[[7.001031,4.820337],[7.001035,4.820366],[7.001001,4.82037],[7.000997,4.820342],[7.001031,4.820337]]]}},{"type":"Feature","properties":{"h":3.0,"on_route":false},"geometry":{"type":"Polygon","coordinates":[[[7.001959,4.820227],[7.00185,4.820279],[7.001785,4.820143],[7.001894,4.82009],[7.001959,4.820227]]]}},{"type":"Feature","properties":{"h":3.0,"on_route":false},"geometry":{"type":"Polygon","coordinates":[[[7.000792,4.823291],[7.000788,4.823323],[7.000743,4.823318],[7.000746,4.823285],[7.000792,4.823291]]]}},{"type":"Feature","properties":{"h":3.0,"on_route":false},"geometry":{"type":"Polygon","coordinates":[[[6.999014,4.818781],[6.998964,4.818974],[6.998876,4.818952],[6.998883,4.818928],[6.998835,4.818915],[6.998853,4.818847],[6.998833,4.818842],[6.99886,4.818741],[6.999014,4.818781]]]}},{"type":"Feature","properties":{"h":3.0,"on_route":false},"geometry":{"type":"Polygon","coordinates":[[[6.999566,4.825586],[6.999503,4.825591],[6.999498,4.825539],[6.999562,4.825533],[6.999566,4.825586]]]}},{"type":"Feature","properties":{"h":3.0,"on_route":false},"geometry":{"type":"Polygon","coordinates":[[[6.997717,4.823746],[6.997572,4.823785],[6.997556,4.823725],[6.997702,4.823686],[6.997717,4.823746]]]}},{"type":"Feature","properties":{"h":3.0,"on_route":false},"geometry":{"type":"Polygon","coordinates":[[[7.001337,4.818818],[7.001279,4.818839],[7.001257,4.818777],[7.001314,4.818756],[7.001337,4.818818]]]}},{"type":"Feature","properties":{"h":3.0,"on_route":false},"geometry":{"type":"Polygon","coordinates":[[[6.998306,4.820244],[6.998222,4.820259],[6.998179,4.820019],[6.998263,4.820004],[6.998306,4.820244]]]}},{"type":"Feature","properties":{"h":3.0,"on_route":false},"geometry":{"type":"Polygon","coordinates":[[[7.002436,4.824858],[7.002434,4.824897],[7.00236,4.824892],[7.002363,4.824853],[7.002436,4.824858]]]}},{"type":"Feature","properties":{"h":3.0,"on_route":false},"geometry":{"type":"Polygon","coordinates":[[[7.002534,4.824406],[7.002513,4.824496],[7.002456,4.824483],[7.002477,4.824393],[7.002534,4.824406]]]}},{"type":"Feature","properties":{"h":3.0,"on_route":true},"geometry":{"type":"Polygon","coordinates":[[[6.998817,4.823025],[6.998715,4.82303],[6.998691,4.822527],[6.998793,4.822522],[6.998817,4.823025]]]}},{"type":"Feature","properties":{"h":3.0,"on_route":false},"geometry":{"type":"Polygon","coordinates":[[[6.9968,4.822561],[6.996746,4.822565],[6.996739,4.822488],[6.996794,4.822483],[6.9968,4.822561]]]}},{"type":"Feature","properties":{"h":3.0,"on_route":true},"geometry":{"type":"Polygon","coordinates":[[[6.998927,4.822092],[6.998979,4.822674],[6.998875,4.822683],[6.998823,4.822102],[6.998927,4.822092]]]}},{"type":"Feature","properties":{"h":3.0,"on_route":false},"geometry":{"type":"Polygon","coordinates":[[[6.996881,4.823627],[6.996839,4.823635],[6.996831,4.823588],[6.996873,4.823581],[6.996881,4.823627]]]}}]}