{"type":"FeatureCollection","features":[{"type":"Feature","properties":{"h":3.0,"on_route":false},"geometry":{"type":"Polygon","coordinates":[[[7.063116,4.854532],[7.063068,4.854517],[7.063132,4.854303],[7.06318,4.854319],[7.063116,4.854532]]]}},{"type":"Feature","properties":{"h":3.0,"on_route":false},"geometry":{"type":"Polygon","coordinates":[[[7.070712,4.854966],[7.070696,4.855002],[7.070723,4.855014],[7.070714,4.855033],[7.070585,4.854975],[7.07061,4.85492],[7.070712,4.854966]]]}},{"type":"Feature","properties":{"h":3.0,"on_route":false},"geometry":{"type":"Polygon","coordinates":[[[7.065222,4.856248],[7.06521,4.856306],[7.065139,4.856292],[7.06515,4.856233],[7.065222,4.856248]]]}},{"type":"Feature","properties":{"h":3.0,"on_route":false},"geometry":{"type":"Polygon","coordinates":[[[7.067057,4.858652],[7.067007,4.858665],[7.066995,4.858618],[7.067009,4.858614],[7.066995,4.858559],[7.06703,4.85855],[7.067057,4.858652]]]}},{"type":"Feature","properties":{"h":3.0,"on_route":false},"geometry":{"type":"Polygon","coordinates":[[[7.067044,4.852008],[7.066906,4.852014],[7.066905,4.851977],[7.066778,4.851982],[7.066775,4.851914],[7.067039,4.851903],[7.067044,4.852008]]]}},{"type":"Feature","properties":{"h":3.0,"on_route":false},"geometry":{"type":"Polygon","coordinates":[[[7.068696,4.855128],[7.068711,4.855115],[7.068897,4.855343],[7.068882,4.855356],[7.068892,4.855367],[7.068765,4.855471],[7.068547,4.855205],[7.068562,4.855192],[7.068548,4.855175],[7.068659,4.855083],[7.068696,4.855128]]]}},{"type":"Feature","properties":{"h":3.0,"on_route":false},"geometry":{"type":"Polygon","coordinates":[[[7.065322,4.85269],[7.065511,4.8527],[7.065505,4.85281],[7.065316,4.8528],[7.065322,4.85269]]]}},{"type":"Feature","properties":{"h":3.0,"on_route":false},"geometry":{"type":"Polygon","coordinates":[[[7.063605,4.852853],[7.063619,4.852971],[7.063583,4.852976],[7.063569,4.852858],[7.063605,4.852853]]]}},{"type":"Feature","properties":{"h":3.0,"on_route":false},"geometry":{"type":"Polygon","coordinates":[[[7.068211,4.853205],[7.068181,4.85319],[7.068213,4.853122],[7.068243,4.853136],[7.068211,4.853205]]]}},{"type":"Feature","properties":{"h":3.0,"on_route":false},"geometry":{"type":"Polygon","coordinates":[[[7.06848,4.855573],[7.068527,4.855631],[7.068499,4.855654],[7.068452,4.855596],[7.06848,4.855573]]]}},{"type":"Feature","properties":{"h":3.0,"on_route":false},"geometry":{"type":"Polygon","coordinates":[[[7.064541,4.852891],[7.064527,4.85293],[7.064497,4.852919],[7.064512,4.85288],[7.064541,4.852891]]]}},{"type":"Feature","properties":{"h":3.0,"on_route":false},"geometry":{"type":"Polygon","coordinates":[[[7.067642,4.858051],[7.06743,4.858122],[7.067406,4.85805],[7.067618,4.857978],[7.067642,4.858051]]]}},{"type":"Feature","properties":{"h":3.0,"on_route":false},"geometry":{"type":"Polygon","coordinates":[[[7.063622,4.852203],[7.063619,4.852258],[7.063709,4.852264],[7.063703,4.852371],[7.063612,4.852366],[7.063615,4.852328],[7.063556,4.852325],[7.063564,4.852199],[7.063622,4.852203]]]}},{"type":"Feature","properties":{"h":3.0,"on_route":false},"geometry":{"type":"Polygon","coordinates":[[[7.066513,4.858154],[7.066444,4.858215],[7.066387,4.858149],[7.066456,4.858088],[7.066513,4.858154]]]}},{"type":"Feature","properties":{"h":3.0,"on_route":false},"geometry":{"type":"Polygon","coordinates":[[[7.067092,4.852645],[7.067063,4.852726],[7.066992,4.852701],[7.067021,4.852619],[7.067092,4.852645]]]}},{"type":"Feature","properties":{"h":3.0,"on_route":false},"geometry":{"type":"Polygon","coordinates":[[[7.06952,4.858007],[7.069519,4.85805],[7.069599,4.858053],[7.069585,4.858407],[7.069745,4.858413],[7.069741,4.858499],[7.069398,4.858485],[7.069417,4.858003],[7.06952,4.858007]]]}},{"type":"Feature","properties":{"h":3.0,"on_route":false},"geometry":{"type":"Polygon","coordinates":[[[7.063692,4.855399],[7.063691,4.855421],[7.063712,4.855422],[7.06371,4.855453],[7.063685,4.855451],[7.063683,4.855489],[7.063566,4.855483],[7.063571,4.855392],[7.063692,4.855399]]]}},{"type":"Feature","properties":{"h":3.0,"on_route":false},"geometry":{"type":"Polygon","coordinates":[[[7.06401,4.85631],[7.063836,4.856459],[7.063804,4.856421],[7.063979,4.856273],[7.06401,4.85631]]]}},{"type":"Feature","properties":{"h":3.0,"on_route":false},"geometry":{"type":"Polygon","coordinates":[[[7.067223,4.851184],[7.067148,4.851201],[7.067139,4.85116],[7.067214,4.851143],[7.067223,4.851184]]]}},{"type":"Feature","properties":{"h":3.0,"on_route":false},"geometry":{"type":"Polygon","coordinates":[[[7.067519,4.856532],[7.0675,4.856591],[7.067378,4.85655],[7.067398,4.856492],[7.067519,4.856532]]]}},{"type":"Feature","properties":{"h":3.0,"on_route":false},"geometry":{"type":"Polygon","coordinates":[[[7.063145,4.854083],[7.0631,4.854065],[7.063152,4.853932],[7.063198,4.853951],[7.063145,4.854083]]]}},{"type":"Feature","properties":{"h":3.0,"on_route":false},"geometry":{"type":"Polygon","coordinates":[[[7.067175,4.858841],[7.067186,4.8589],[7.067152,4.858907],[7.067141,4.858848],[7.067175,4.858841]]]}},{"type":"Feature","properties":{"h":3.0,"on_route":false},"geometry":{"type":"Polygon","coordinates":[[[7.069159,4.855062],[7.069177,4.855042],[7.069219,4.85508],[7.069147,4.85516],[7.068992,4.855018],[7.069047,4.854959],[7.069159,4.855062]]]}},{"type":"Feature","properties":{"h":3.0,"on_route":false},"geometry":{"type":"Polygon","coordinates":[[[7.070932,4.852204],[7.071124,4.852386],[7.071104,4.852408],[7.071121,4.852424],[7.071103,4.852444],[7.070894,4.852244],[7.070932,4.852204]]]}},{"type":"Feature","properties":{"h":3.0,"on_route":false},"geometry":{"type":"Polygon","coordinates":[[[7.067867,4.853807],[7.067862,4.853839],[7.067829,4.853833],[7.067834,4.853801],[7.067867,4.853807]]]}},{"type":"Feature","properties":{"h":3.0,"on_route":false},"geometry":{"type":"Polygon","coordinates":[[[7.065905,4.853221],[7.065854,4.85333],[7.065748,4.853281],[7.065799,4.853172],[7.065905,4.853221]]]}},{"type":"Feature","properties":{"h":3.0,"on_route":false},"geometry":{"type":"Polygon","coordinates":[[[7.069508,4.850743],[7.069483,4.850838],[7.069399,4.850816],[7.069424,4.85072],[7.069508,4.850743]]]}},{"type":"Feature","properties":{"h":3.0,"on_route":false},"geometry":{"type":"Polygon","coordinates":[[[7.068861,4.858094],[7.068855,4.858157],[7.068803,4.858152],[7.068808,4.858089],[7.068861,4.858094]]]}},{"type":"Feature","properties":{"h":3.0,"on_route":false},"geometry":{"type":"Polygon","coordinates":[[[7.069462,4.854755],[7.069421,4.854805],[7.069322,4.854723],[7.069364,4.854673],[7.069462,4.854755]]]}},{"type":"Feature","properties":{"h":3.0,"on_route":false},"geometry":{"type":"Polygon","coordinates":[[[7.067443,4.858629],[7.067469,4.858621],[7.067536,4.858826],[7.067458,4.858851],[7.067488,4.858944],[7.067457,4.858954],[7.067344,4.858607],[7.067427,4.85858],[7.067443,4.858629]]]}},{"type":"Feature","properties":{"h":3.0,"on_route":false},"geometry":{"type":"Polygon","coordinates":[[[7.066178,4.853174],[7.066134,4.853269],[7.066004,4.853209],[7.066047,4.853114],[7.066178,4.853174]]]}},{"type":"Feature","properties":{"h":3.0,"on_route":false},"geometry":{"type":"Polygon","coordinates":[[[7.066447,4.853496],[7.066412,4.853546],[7.066259,4.853439],[7.066294,4.853389],[7.066447,4.853496]]]}},{"type":"Feature","properties":{"h":3.0,"on_route":false},"geometry":{"type":"Polygon","coordinates":[[[7.064648,4.852499],[7.064663,4.8526],[7.064615,4.852608],[7.0646,4.852507],[7.064648,4.852499]]]}},{"type":"Feature","properties":{"h":3.0,"on_route":false},"geometry":{"type":"Polygon","coordinates":[[[7.065564,4.858593],[7.065517,4.858641],[7.06547,4.858594],[7.065493,4.858571],[7.065485,4.858563],[7.06551,4.858538],[7.065564,4.858593]]]}},{"type":"Feature","properties":{"h":3.0,"on_route":false},"geometry":{"type":"Polygon","coordinates":[[[7.07205,4.854592],[7.072037,4.854667],[7.071803,4.854626],[7.071816,4.854552],[7.07205,4.854592]]]}},{"type":"Feature","properties":{"h":3.0,"on_route":false},"geometry":{"type":"Polygon","coordinates":[[[7.063044,4.85405],[7.063007,4.854032],[7.063077,4.853884],[7.063114,4.853902],[7.063044,4.85405]]]}},{"type":"Feature","properties":{"h":3.0,"on_route":false},"geometry":{"type":"Polygon","coordinates":[[[7.063891,4.852328],[7.063888,4.852382],[7.063843,4.85238],[7.063846,4.852325],[7.063891,4.852328]]]}},{"type":"Feature","properties":{"h":3.0,"on_route":false},"geometry":{"type":"Polygon","coordinates":[[[7.065203,4.850951],[7.065204,4.850989],[7.065144,4.850991],[7.065143,4.850953],[7.065203,4.850951]]]}},{"type":"Feature","properties":{"h":3.0,"on_route":false},"geometry":{"type":"Polygon","coordinates":[[[7.064802,4.852929],[7.064783,4.852984],[7.064724,4.852964],[7.064743,4.852908],[7.064802,4.852929]]]}},{"type":"Feature","properties":{"h":3.0,"on_route":false},"geometry":{"type":"Polygon","coordinates":[[[7.064424,4.855321],[7.064423,4.855345],[7.064391,4.855344],[7.064392,4.855319],[7.064424,4.855321]]]}},{"type":"Feature","properties":{"h":3.0,"on_route":false},"geometry":{"type":"Polygon","coordinates":[[[7.068094,4.85874],[7.068089,4.858851],[7.068053,4.858849],[7.068058,4.858738],[7.068094,4.85874]]]}},{"type":"Feature","properties":{"h":3.0,"on_route":false},"geometry":{"type":"Polygon","coordinates":[[[7.068163,4.850635],[7.068133,4.850653],[7.068183,4.850736],[7.068163,4.850749],[7.068045,4.850551],[7.068094,4.850522],[7.068163,4.850635]]]}},{"type":"Feature","properties":{"h":3.0,"on_route":false},"geometry":{"type":"Polygon","coordinates":[[[7.068349,4.855242],[7.068331,4.855259],[7.068275,4.8552],[7.068293,4.855183],[7.068349,4.855242]]]}},{"type":"Feature","properties":{"h":3.0,"on_route":false},"geometry":{"type":"Polygon","coordinates":[[[7.068857,4.854388],[7.068979,4.85445],[7.068969,4.854471],[7.068948,4.85446],[7.068933,4.854489],[7.068832,4.854437],[7.068857,4.854388]]]}},{"type":"Feature","properties":{"h":3.0,"on_route":false},"geometry":{"type":"Polygon","coordinates":[[[7.068173,4.851534],[7.068079,4.851545],[7.068062,4.851407],[7.068156,4.851395],[7.068173,4.851534]]]}},{"type":"Feature","properties":{"h":3.0,"on_route":false},"geometry":{"type":"Polygon","coordinates":[[[7.062636,4.853716],[7.062551,4.85366],[7.062691,4.853445],[7.062776,4.853501],[7.062636,4.853716]]]}},{"type":"Feature","properties":{"h":3.0,"on_route":false},"geometry":{"type":"Polygon","coordinates":[[[7.069193,4.851064],[7.069172,4.85113],[7.069124,4.851115],[7.069144,4.851049],[7.069193,4.851064]]]}},{"type":"Feature","properties":{"h":3.0,"on_route":false},"geometry":{"type":"Polygon","coordinates":[[[7.063694,4.852709],[7.063691,4.852744],[7.063634,4.85274],[7.063637,4.852704],[7.063694,4.852709]]]}},{"type":"Feature","properties":{"h":3.0,"on_route":false},"geometry":{"type":"Polygon","coordinates":[[[7.062912,4.854241],[7.062857,4.854221],[7.062914,4.854064],[7.06297,4.854084],[7.062912,4.854241]]]}},{"type":"Feature","properties":{"h":3.0,"on_route":false},"geometry":{"type":"Polygon","coordinates":[[[7.06826,4.851755],[7.068165,4.851777],[7.068117,4.851573],[7.068212,4.851551],[7.06826,4.851755]]]}},{"type":"Feature","properties":{"h":3.0,"on_route":false},"geometry":{"type":"Polygon","coordinates":[[[7.068579,4.857013],[7.068267,4.857322],[7.068229,4.857283],[7.068542,4.856975],[7.068579,4.857013]]]}},{"type":"Feature","properties":{"h":3.0,"on_route":false},"geometry":{"type":"Polygon","coordinates":[[[7.067021,4.857577],[7.067042,4.857683],[7.067019,4.857687],[7.066998,4.857581],[7.067021,4.857577]]]}},{"type":"Feature","properties":{"h":3.0,"on_route":false},"geometry":{"type":"Polygon","coordinates":[[[7.064871,4.853189],[7.064849,4.853232],[7.064776,4.853194],[7.064797,4.853151],[7.064871,4.853189]]]}},{"type":"Feature","properties":{"h":3.0,"on_route":false},"geometry":{"type":"Polygon","coordinates":[[[7.064402,4.853096],[7.064397,4.853134],[7.064363,4.853129],[7.064368,4.853091],[7.064402,4.853096]]]}},{"type":"Feature","properties":{"h":3.0,"on_route":false},"geometry":{"type":"Polygon","coordinates":[[[7.065332,4.852304],[7.065332,4.85241],[7.065255,4.85241],[7.065256,4.852337],[7.065235,4.852337],[7.065235,4.852303],[7.065332,4.852304]]]}},{"type":"Feature","properties":{"h":3.0,"on_route":false},"geometry":{"type":"Polygon","coordinates":[[[7.066132,4.852073],[7.066128,4.85219],[7.065977,4.852186],[7.06598,4.852068],[7.066132,4.852073]]]}},{"type":"Feature","properties":{"h":3.0,"on_route":false},"geometry":{"type":"Polygon","coordinates":[[[7.066463,4.852175],[7.066409,4.852316],[7.066288,4.852269],[7.066342,4.852128],[7.066463,4.852175]]]}},{"type":"Feature","properties":{"h":3.0,"on_route":false},"geometry":{"type":"Polygon","coordinates":[[[7.064276,4.855652],[7.064248,4.855687],[7.064176,4.855628],[7.064204,4.855594],[7.064276,4.855652]]]}},{"type":"Feature","properties":{"h":3.0,"on_route":false},"geometry":{"type":"Polygon","coordinates":[[[7.063343,4.854392],[7.063299,4.854377],[7.063397,4.85409],[7.063441,4.854106],[7.063343,4.854392]]]}},{"type":"Feature","properties":{"h":3.0,"on_route":false},"geometry":{"type":"Polygon","coordinates":[[[7.069887,4.855749],[7.06988,4.855772],[7.069753,4.855732],[7.06976,4.855708],[7.069887,4.855749]]]}},{"type":"Feature","properties":{"h":3.0,"on_route":false},"geometry":{"type":"Polygon","coordinates":[[[7.066899,4.857112],[7.066863,4.857122],[7.066835,4.857015],[7.066871,4.857005],[7.066899,4.857112]]]}},{"type":"Feature","properties":{"h":3.0,"on_route":false},"geometry":{"type":"Polygon","coordinates":[[[7.068634,4.858348],[7.068613,4.858465],[7.068336,4.858414],[7.068357,4.858297],[7.068634,4.858348]]]}},{"type":"Feature","properties":{"h":3.0,"on_route":false},"geometry":{"type":"Polygon","coordinates":[[[7.064662,4.853075],[7.064654,4.853104],[7.064633,4.853098],[7.064641,4.853069],[7.064662,4.853075]]]}},{"type":"Feature","properties":{"h":3.0,"on_route":false},"geometry":{"type":"Polygon","coordinates":[[[7.065467,4.851434],[7.065461,4.851465],[7.065504,4.851473],[7.065498,4.851504],[7.065558,4.851515],[7.065542,4.851601],[7.065394,4.851573],[7.065421,4.851425],[7.065467,4.851434]]]}},{"type":"Feature","properties":{"h":3.0,"on_route":false},"geometry":{"type":"Polygon","coordinates":[[[7.069732,4.852697],[7.069717,4.852728],[7.069682,4.852711],[7.069697,4.85268],[7.069732,4.852697]]]}},{"type":"Feature","properties":{"h":3.0,"on_route":false},"geometry":{"type":"Polygon","coordinates":[[[7.064227,4.855868],[7.064066,4.856005],[7.063995,4.855921],[7.064156,4.855784],[7.064227,4.855868]]]}},{"type":"Feature","properties":{"h":3.0,"on_route":false},"geometry":{"type":"Polygon","coordinates":[[[7.070658,4.856166],[7.070513,4.85651],[7.070452,4.856484],[7.070597,4.85614],[7.070658,4.856166]]]}},{"type":"Feature","properties":{"h":3.0,"on_route":false},"geometry":{"type":"Polygon","coordinates":[[[7.068098,4.858676],[7.068094,4.85874],[7.068025,4.858736],[7.068028,4.858672],[7.068098,4.858676]]]}},{"type":"Feature","properties":{"h":3.0,"on_route":false},"geometry":{"type":"Polygon","coordinates":[[[7.066531,4.85296],[7.066478,4.853058],[7.066251,4.852936],[7.066303,4.852838],[7.066531,4.85296]]]}},{"type":"Feature","properties":{"h":3.0,"on_route":false},"geometry":{"type":"Polygon","coordinates":[[[7.069534,4.853812],[7.069513,4.853849],[7.069471,4.853826],[7.069492,4.853789],[7.069534,4.853812]]]}},{"type":"Feature","properties":{"h":3.0,"on_route":false},"geometry":{"type":"Polygon","coordinates":[[[7.066645,4.852191],[7.066601,4.8523],[7.066511,4.852264],[7.066555,4.852154],[7.066645,4.852191]]]}},{"type":"Feature","properties":{"h":3.0,"on_route":false},"geometry":{"type":"Polygon","coordinates":[[[7.067314,4.850857],[7.067247,4.85087],[7.067232,4.850791],[7.0673,4.850778],[7.067314,4.850857]]]}},{"type":"Feature","properties":{"h":3.0,"on_route":false},"geometry":{"type":"Polygon","coordinates":[[[7.065336,4.852077],[7.065334,4.852196],[7.065316,4.852196],[7.065316,4.85222],[7.065186,4.852218],[7.065186,4.852209],[7.065135,4.852208],[7.065137,4.852074],[7.065336,4.852077]]]}},{"type":"Feature","properties":{"h":3.0,"on_route":false},"geometry":{"type":"Polygon","coordinates":[[[7.063546,4.852265],[7.063447,4.852278],[7.063435,4.852188],[7.063535,4.852174],[7.063546,4.852265]]]}},{"type":"Feature","properties":{"h":3.0,"on_route":false},"geometry":{"type":"Polygon","coordinates":[[[7.066116,4.858049],[7.065969,4.858196],[7.065654,4.85788],[7.065671,4.857863],[7.065668,4.85786],[7.065798,4.85773],[7.066116,4.858049]]]}},{"type":"Feature","properties":{"h":3.0,"on_route":false},"geometry":{"type":"Polygon","coordinates":[[[7.069071,4.854394],[7.069034,4.854362],[7.068975,4.85443],[7.06892,4.854382],[7.069,4.85429],[7.069092,4.85437],[7.069071,4.854394]]]}},{"type":"Feature","properties":{"h":3.0,"on_route":false},"geometry":{"type":"Polygon","coordinates":[[[7.064709,4.85646],[7.064738,4.856489],[7.064761,4.856467],[7.064851,4.856559],[7.06487,4.856541],[7.064901,4.856572],[7.064882,4.856591],[7.06513,4.856848],[7.065101,4.856875],[7.06518,4.856956],[7.065126,4.857009],[7.064651,4.856517],[7.064709,4.85646]]]}},{"type":"Feature","properties":{"h":3.0,"on_route":false},"geometry":{"type":"Polygon","coordinates":[[[7.067209,4.853076],[7.067669,4.853265],[7.067617,4.853393],[7.067157,4.853204],[7.067209,4.853076]]]}},{"type":"Feature","properties":{"h":3.0,"on_route":false},"geometry":{"type":"Polygon","coordinates":[[[7.064592,4.857727],[7.064574,4.857756],[7.064542,4.857735],[7.06456,4.857707],[7.064592,4.857727]]]}},{"type":"Feature","properties":{"h":3.0,"on_route":false},"geometry":{"type":"Polygon","coordinates":[[[7.06395,4.852929],[7.063944,4.852964],[7.06392,4.85296],[7.063926,4.852925],[7.06395,4.852929]]]}},{"type":"Feature","properties":{"h":3.0,"on_route":false},"geometry":{"type":"Polygon","coordinates":[[[7.066563,4.853145],[7.066523,4.853211],[7.066452,4.853168],[7.066492,4.853102],[7.066563,4.853145]]]}},{"type":"Feature","properties":{"h":3.0,"on_route":false},"geometry":{"type":"Polygon","coordinates":[[[7.065811,4.856255],[7.0658,4.856288],[7.06576,4.856275],[7.065771,4.856242],[7.065811,4.856255]]]}},{"type":"Feature","properties":{"h":3.0,"on_route":false},"geometry":{"type":"Polygon","coordinates":[[[7.066289,4.853542],[7.066279,4.853572],[7.066226,4.853553],[7.066236,4.853523],[7.066289,4.853542]]]}},{"type":"Feature","properties":{"h":3.0,"on_route":false},"geometry":{"type":"Polygon","coordinates":[[[7.062796,4.854202],[7.062746,4.854183],[7.06282,4.85399],[7.06287,4.854009],[7.062796,4.854202]]]}},{"type":"Feature","properties":{"h":3.0,"on_route":false},"geometry":{"type":"Polygon","coordinates":[[[7.065809,4.85235],[7.065803,4.85251],[7.06558,4.852501],[7.065586,4.852341],[7.065809,4.85235]]]}},{"type":"Feature","properties":{"h":3.0,"on_route":false},"geometry":{"type":"Polygon","coordinates":[[[7.068147,4.856101],[7.068136,4.856133],[7.068096,4.85612],[7.068107,4.856087],[7.068147,4.856101]]]}},{"type":"Feature","properties":{"h":3.0,"on_route":false},"geometry":{"type":"Polygon","coordinates":[[[7.067267,4.851706],[7.067273,4.851875],[7.067165,4.851879],[7.067159,4.85171],[7.067267,4.851706]]]}},{"type":"Feature","properties":{"h":3.0,"on_route":false},"geometry":{"type":"Polygon","coordinates":[[[7.069501,4.850857],[7.06949,4.850888],[7.069387,4.85085],[7.069398,4.850819],[7.069501,4.850857]]]}},{"type":"Feature","properties":{"h":3.0,"on_route":false},"geometry":{"type":"Polygon","coordinates":[[[7.066004,4.85333],[7.06598,4.853384],[7.066064,4.853423],[7.066027,4.853507],[7.065991,4.85349],[7.066003,4.853466],[7.065953,4.853443],[7.065921,4.853514],[7.065875,4.853493],[7.065958,4.85331],[7.066004,4.85333]]]}},{"type":"Feature","properties":{"h":3.0,"on_route":false},"geometry":{"type":"Polygon","coordinates":[[[7.067104,4.858861],[7.067135,4.858946],[7.0671,4.858959],[7.06708,4.858902],[7.067053,4.858912],[7.067043,4.858883],[7.067104,4.858861]]]}},{"type":"Feature","properties":{"h":3.0,"on_route":false},"geometry":{"type":"Polygon","coordinates":[[[7.068328,4.855012],[7.068326,4.855053],[7.068299,4.855051],[7.068302,4.855011],[7.068328,4.855012]]]}},{"type":"Feature","properties":{"h":3.0,"on_route":false},"geometry":{"type":"Polygon","coordinates":[[[7.066162,4.85637],[7.066123,4.856415],[7.066154,4.856442],[7.066063,4.856547],[7.065877,4.856384],[7.066007,4.856235],[7.066162,4.85637]]]}},{"type":"Feature","properties":{"h":3.0,"on_route":false},"geometry":{"type":"Polygon","coordinates":[[[7.064875,4.855203],[7.064869,4.855294],[7.064827,4.855291],[7.064833,4.8552],[7.064875,4.855203]]]}},{"type":"Feature","properties":{"h":3.0,"on_route":false},"geometry":{"type":"Polygon","coordinates":[[[7.067724,4.858074],[7.067699,4.858087],[7.067664,4.858015],[7.067689,4.858003],[7.067724,4.858074]]]}},{"type":"Feature","properties":{"h":3.0,"on_route":false},"geometry":{"type":"Polygon","coordinates":[[[7.069644,4.856096],[7.069654,4.856069],[7.069753,4.856105],[7.069743,4.856131],[7.069856,4.856172],[7.069823,4.856262],[7.069678,4.85621],[7.069698,4.856154],[7.069605,4.85612],[7.069617,4.856086],[7.069644,4.856096]]]}},{"type":"Feature","properties":{"h":3.0,"on_route":false},"geometry":{"type":"Polygon","coordinates":[[[7.065893,4.853351],[7.065836,4.853479],[7.065779,4.853454],[7.06581,4.853383],[7.065781,4.85337],[7.06575,4.853441],[7.065691,4.853415],[7.065747,4.853286],[7.065893,4.853351]]]}},{"type":"Feature","properties":{"h":3.0,"on_route":false},"geometry":{"type":"Polygon","coordinates":[[[7.065567,4.852896],[7.065547,4.852943],[7.065456,4.852904],[7.065477,4.852857],[7.065567,4.852896]]]}},{"type":"Feature","properties":{"h":3.0,"on_route":false},"geometry":{"type":"Polygon","coordinates":[[[7.066726,4.857193],[7.066642,4.857263],[7.066557,4.857159],[7.066642,4.85709],[7.066726,4.857193]]]}},{"type":"Feature","properties":{"h":3.0,"on_route":false},"geometry":{"type":"Polygon","coordinates":[[[7.067595,4.851598],[7.067467,4.851627],[7.067439,4.851501],[7.067567,4.851473],[7.067595,4.851598]]]}},{"type":"Feature","properties":{"h":3.0,"on_route":false},"geometry":{"type":"Polygon","coordinates":[[[7.064539,4.855776],[7.064492,4.855834],[7.064467,4.855813],[7.064514,4.855755],[7.064539,4.855776]]]}},{"type":"Feature","properties":{"h":3.0,"on_route":false},"geometry":{"type":"Polygon","coordinates":[[[7.064634,4.855823],[7.064567,4.855801],[7.064616,4.85565],[7.064592,4.855643],[7.064645,4.855482],[7.064736,4.855513],[7.064634,4.855823]]]}},{"type":"Feature","properties":{"h":3.0,"on_route":false},"geometry":{"type":"Polygon","coordinates":[[[7.068201,4.857971],[7.068127,4.857961],[7.068144,4.857843],[7.068181,4.857849],[7.068184,4.857825],[7.068221,4.857831],[7.068201,4.857971]]]}},{"type":"Feature","properties":{"h":3.0,"on_route":false},"geometry":{"type":"Polygon","coordinates":[[[7.065679,4.853637],[7.065628,4.853708],[7.065525,4.853634],[7.065576,4.853562],[7.065679,4.853637]]]}},{"type":"Feature","properties":{"h":3.0,"on_route":false},"geometry":{"type":"Polygon","coordinates":[[[7.066001,4.853094],[7.065962,4.853183],[7.065815,4.853116],[7.065854,4.853028],[7.066001,4.853094]]]}},{"type":"Feature","properties":{"h":3.0,"on_route":false},"geometry":{"type":"Polygon","coordinates":[[[7.067901,4.857602],[7.06793,4.857646],[7.0679,4.857666],[7.067871,4.857622],[7.067901,4.857602]]]}},{"type":"Feature","properties":{"h":3.0,"on_route":false},"geometry":{"type":"Polygon","coordinates":[[[7.066711,4.857032],[7.066622,4.857106],[7.066407,4.856842],[7.066497,4.856768],[7.066711,4.857032]]]}},{"type":"Feature","properties":{"h":3.0,"on_route":false},"geometry":{"type":"Polygon","coordinates":[[[7.065825,4.851133],[7.065822,4.851187],[7.065687,4.851181],[7.06569,4.851127],[7.065825,4.851133]]]}},{"type":"Feature","properties":{"h":3.0,"on_route":false},"geometry":{"type":"Polygon","coordinates":[[[7.068379,4.85565],[7.068322,4.855713],[7.068224,4.855623],[7.068281,4.85556],[7.068379,4.85565]]]}},{"type":"Feature","properties":{"h":3.0,"on_route":false},"geometry":{"type":"Polygon","coordinates":[[[7.066272,4.856322],[7.066244,4.856349],[7.066214,4.856318],[7.066242,4.85629],[7.066272,4.856322]]]}},{"type":"Feature","properties":{"h":3.0,"on_route":false},"geometry":{"type":"Polygon","coordinates":[[[7.067684,4.857395],[7.067699,4.857434],[7.067666,4.857446],[7.067651,4.857407],[7.067684,4.857395]]]}},{"type":"Feature","properties":{"h":3.0,"on_route":false},"geometry":{"type":"Polygon","coordinates":[[[7.065457,4.850586],[7.065454,4.85068],[7.065425,4.85068],[7.065426,4.850654],[7.065299,4.850651],[7.065301,4.850582],[7.065457,4.850586]]]}},{"type":"Feature","properties":{"h":3.0,"on_route":false},"geometry":{"type":"Polygon","coordinates":[[[7.064733,4.853025],[7.064721,4.853057],[7.064653,4.853031],[7.064665,4.852999],[7.064733,4.853025]]]}},{"type":"Feature","properties":{"h":3.0,"on_route":false},"geometry":{"type":"Polygon","coordinates":[[[7.070317,4.851617],[7.070247,4.851548],[7.070335,4.851459],[7.070405,4.851529],[7.070317,4.851617]]]}},{"type":"Feature","properties":{"h":3.0,"on_route":false},"geometry":{"type":"Polygon","coordinates":[[[7.063786,4.852296],[7.063781,4.852376],[7.063703,4.852371],[7.063708,4.852291],[7.063786,4.852296]]]}},{"type":"Feature","properties":{"h":3.0,"on_route":false},"geometry":{"type":"Polygon","coordinates":[[[7.064487,4.852274],[7.064424,4.852279],[7.064422,4.852253],[7.064331,4.85226],[7.064324,4.852173],[7.064478,4.852161],[7.064487,4.852274]]]}},{"type":"Feature","properties":{"h":3.0,"on_route":false},"geometry":{"type":"Polygon","coordinates":[[[7.065159,4.853495],[7.06514,4.853524],[7.065064,4.853474],[7.065083,4.853445],[7.065159,4.853495]]]}},{"type":"Feature","properties":{"h":3.0,"on_route":false},"geometry":{"type":"Polygon","coordinates":[[[7.069664,4.857908],[7.06964,4.858056],[7.069605,4.85805],[7.069621,4.85795],[7.069602,4.857947],[7.069609,4.857899],[7.069664,4.857908]]]}},{"type":"Feature","properties":{"h":3.0,"on_route":false},"geometry":{"type":"Polygon","coordinates":[[[7.066959,4.858131],[7.066995,4.858196],[7.066977,4.858206],[7.066941,4.858141],[7.066959,4.858131]]]}},{"type":"Feature","properties":{"h":3.0,"on_route":false},"geometry":{"type":"Polygon","coordinates":[[[7.067157,4.851875],[7.066937,4.851891],[7.066928,4.851774],[7.067149,4.851757],[7.067157,4.851875]]]}},{"type":"Feature","properties":{"h":3.0,"on_route":false},"geometry":{"type":"Polygon","coordinates":[[[7.068443,4.853626],[7.068421,4.85366],[7.068374,4.85363],[7.068396,4.853595],[7.068443,4.853626]]]}},{"type":"Feature","properties":{"h":3.0,"on_route":false},"geometry":{"type":"Polygon","coordinates":[[[7.069915,4.855929],[7.069904,4.855961],[7.069806,4.855929],[7.069817,4.855896],[7.069915,4.855929]]]}},{"type":"Feature","properties":{"h":3.0,"on_route":false},"geometry":{"type":"Polygon","coordinates":[[[7.066395,4.850569],[7.066299,4.850596],[7.066262,4.850467],[7.066358,4.85044],[7.066395,4.850569]]]}},{"type":"Feature","properties":{"h":3.0,"on_route":false},"geometry":{"type":"Polygon","coordinates":[[[7.064764,4.855039],[7.064702,4.855088],[7.064685,4.855066],[7.064702,4.855053],[7.064646,4.854979],[7.064691,4.854944],[7.064764,4.855039]]]}},{"type":"Feature","properties":{"h":3.0,"on_route":false},"geometry":{"type":"Polygon","coordinates":[[[7.068233,4.857534],[7.068139,4.857522],[7.068151,4.857419],[7.068188,4.857423],[7.068192,4.857394],[7.06825,4.857401],[7.068233,4.857534]]]}},{"type":"Feature","properties":{"h":3.0,"on_route":false},"geometry":{"type":"Polygon","coordinates":[[[7.071603,4.85461],[7.071583,4.854752],[7.071455,4.854733],[7.071475,4.854592],[7.071603,4.85461]]]}},{"type":"Feature","properties":{"h":3.0,"on_route":false},"geometry":{"type":"Polygon","coordinates":[[[7.064788,4.857699],[7.064762,4.857671],[7.06481,4.857626],[7.064836,4.857654],[7.064788,4.857699]]]}},{"type":"Feature","properties":{"h":3.0,"on_route":false},"geometry":{"type":"Polygon","coordinates":[[[7.063942,4.855604],[7.063879,4.855659],[7.063804,4.855574],[7.063866,4.855519],[7.063942,4.855604]]]}},{"type":"Feature","properties":{"h":3.0,"on_route":false},"geometry":{"type":"Polygon","coordinates":[[[7.064093,4.856041],[7.063921,4.856187],[7.06389,4.85615],[7.064061,4.856004],[7.064093,4.856041]]]}},{"type":"Feature","properties":{"h":3.0,"on_route":false},"geometry":{"type":"Polygon","coordinates":[[[7.066786,4.851163],[7.066586,4.8512],[7.066567,4.851094],[7.066766,4.851057],[7.066786,4.851163]]]}},{"type":"Feature","properties":{"h":3.0,"on_route":false},"geometry":{"type":"Polygon","coordinates":[[[7.069825,4.855758],[7.069807,4.855814],[7.069745,4.855794],[7.069763,4.855737],[7.069825,4.855758]]]}},{"type":"Feature","properties":{"h":3.0,"on_route":false},"geometry":{"type":"Polygon","coordinates":[[[7.067446,4.858165],[7.067608,4.858118],[7.067631,4.858198],[7.067469,4.858245],[7.067446,4.858165]]]}},{"type":"Feature","properties":{"h":3.0,"on_route":false},"geometry":{"type":"Polygon","coordinates":[[[7.066537,4.853542],[7.066526,4.853584],[7.066466,4.853568],[7.066478,4.853526],[7.066537,4.853542]]]}},{"type":"Feature","properties":{"h":3.0,"on_route":false},"geometry":{"type":"Polygon","coordinates":[[[7.063605,4.852853],[7.063595,4.852855],[7.063588,4.852798],[7.063598,4.852797],[7.063605,4.852853]]]}},{"type":"Feature","properties":{"h":3.0,"on_route":false},"geometry":{"type":"Polygon","coordinates":[[[7.065545,4.852339],[7.065544,4.852449],[7.065331,4.852447],[7.065332,4.852338],[7.065545,4.852339]]]}},{"type":"Feature","properties":{"h":3.0,"on_route":false},"geometry":{"type":"Polygon","coordinates":[[[7.066315,4.854263],[7.066291,4.85431],[7.066225,4.854277],[7.066249,4.854229],[7.066315,4.854263]]]}},{"type":"Feature","properties":{"h":3.0,"on_route":false},"geometry":{"type":"Polygon","coordinates":[[[7.067015,4.853536],[7.066997,4.853578],[7.066922,4.853546],[7.06694,4.853503],[7.067015,4.853536]]]}},{"type":"Feature","properties":{"h":3.0,"on_route":false},"geometry":{"type":"Polygon","coordinates":[[[7.067446,4.857123],[7.067432,4.857164],[7.067386,4.857147],[7.067401,4.857107],[7.067446,4.857123]]]}},{"type":"Feature","properties":{"h":3.0,"on_route":false},"geometry":{"type":"Polygon","coordinates":[[[7.064408,4.852993],[7.064383,4.852997],[7.064377,4.852952],[7.06442,4.852946],[7.064408,4.852993]]]}},{"type":"Feature","properties":{"h":3.0,"on_route":false},"geometry":{"type":"Polygon","coordinates":[[[7.063213,4.854538],[7.06321,4.854585],[7.063095,4.854578],[7.063098,4.85453],[7.063213,4.854538]]]}},{"type":"Feature","properties":{"h":3.0,"on_route":false},"geometry":{"type":"Polygon","coordinates":[[[7.067578,4.856578],[7.067551,4.856658],[7.067485,4.856635],[7.067512,4.856555],[7.067578,4.856578]]]}},{"type":"Feature","properties":{"h":3.0,"on_route":false},"geometry":{"type":"Polygon","coordinates":[[[7.063675,4.853627],[7.063656,4.853656],[7.063621,4.853633],[7.06364,4.853604],[7.063675,4.853627]]]}},{"type":"Feature","properties":{"h":3.0,"on_route":false},"geometry":{"type":"Polygon","coordinates":[[[7.065338,4.853096],[7.065282,4.853072],[7.065333,4.852951],[7.06539,4.852976],[7.065338,4.853096]]]}},{"type":"Feature","properties":{"h":3.0,"on_route":false},"geometry":{"type":"Polygon","coordinates":[[[7.067232,4.85895],[7.067197,4.858959],[7.067187,4.858918],[7.067222,4.858909],[7.067232,4.85895]]]}},{"type":"Feature","properties":{"h":3.0,"on_route":false},"geometry":{"type":"Polygon","coordinates":[[[7.063967,4.85595],[7.063883,4.856024],[7.063829,4.855962],[7.063913,4.855888],[7.063967,4.85595]]]}},{"type":"Feature","properties":{"h":3.0,"on_route":false},"geometry":{"type":"Polygon","coordinates":[[[7.064017,4.856305],[7.063985,4.856268],[7.064321,4.85598],[7.064353,4.856018],[7.064017,4.856305]]]}},{"type":"Feature","properties":{"h":3.0,"on_route":false},"geometry":{"type":"Polygon","coordinates":[[[7.066534,4.857077],[7.066456,4.857158],[7.066579,4.857275],[7.066544,4.857312],[7.066452,4.857225],[7.06643,4.857249],[7.066198,4.857027],[7.066334,4.856885],[7.066534,4.857077]]]}},{"type":"Feature","properties":{"h":3.0,"on_route":false},"geometry":{"type":"Polygon","coordinates":[[[7.065406,4.856524],[7.065392,4.856575],[7.06535,4.856563],[7.065364,4.856512],[7.065406,4.856524]]]}},{"type":"Feature","properties":{"h":3.0,"on_route":false},"geometry":{"type":"Polygon","coordinates":[[[7.069374,4.854461],[7.06935,4.854498],[7.069307,4.85447],[7.069331,4.854433],[7.069374,4.854461]]]}},{"type":"Feature","properties":{"h":3.0,"on_route":false},"geometry":{"type":"Polygon","coordinates":[[[7.066118,4.853306],[7.066064,4.853423],[7.06598,4.853384],[7.066033,4.853267],[7.066118,4.853306]]]}},{"type":"Feature","properties":{"h":3.0,"on_route":false},"geometry":{"type":"Polygon","coordinates":[[[7.069263,4.852126],[7.069219,4.852236],[7.069222,4.852237],[7.069194,4.852308],[7.068927,4.8522],[7.069,4.852019],[7.069263,4.852126]]]}},{"type":"Feature","properties":{"h":3.0,"on_route":false},"geometry":{"type":"Polygon","coordinates":[[[7.070897,4.855071],[7.070913,4.855079],[7.070894,4.855119],[7.070808,4.855077],[7.07091,4.854865],[7.07098,4.854898],[7.070897,4.855071]]]}},{"type":"Feature","properties":{"h":3.0,"on_route":false},"geometry":{"type":"Polygon","coordinates":[[[7.070295,4.856354],[7.070266,4.85648],[7.069942,4.856405],[7.069971,4.856279],[7.070295,4.856354]]]}},{"type":"Feature","properties":{"h":3.0,"on_route":false},"geometry":{"type":"Polygon","coordinates":[[[7.069179,4.85755],[7.069161,4.857621],[7.069062,4.857597],[7.069079,4.857526],[7.069179,4.85755]]]}},{"type":"Feature","properties":{"h":3.0,"on_route":false},"geometry":{"type":"Polygon","coordinates":[[[7.065419,4.853855],[7.065408,4.853886],[7.065349,4.853864],[7.06536,4.853833],[7.065419,4.853855]]]}},{"type":"Feature","properties":{"h":3.0,"on_route":false},"geometry":{"type":"Polygon","coordinates":[[[7.070452,4.851953],[7.070405,4.852],[7.070353,4.851948],[7.0704,4.8519],[7.070452,4.851953]]]}},{"type":"Feature","properties":{"h":3.0,"on_route":false},"geometry":{"type":"Polygon","coordinates":[[[7.066985,4.856752],[7.066837,4.856795],[7.066765,4.856546],[7.066914,4.856503],[7.066985,4.856752]]]}},{"type":"Feature","properties":{"h":3.0,"on_route":false},"geometry":{"type":"Polygon","coordinates":[[[7.066946,4.857426],[7.066979,4.857537],[7.066956,4.857544],[7.066923,4.857433],[7.066946,4.857426]]]}},{"type":"Feature","properties":{"h":3.0,"on_route":false},"geometry":{"type":"Polygon","coordinates":[[[7.070923,4.854827],[7.070865,4.854956],[7.070742,4.8549],[7.0708,4.854772],[7.070923,4.854827]]]}},{"type":"Feature","properties":{"h":3.0,"on_route":false},"geometry":{"type":"Polygon","coordinates":[[[7.070339,4.853954],[7.070301,4.853969],[7.070287,4.853932],[7.070324,4.853917],[7.070339,4.853954]]]}},{"type":"Feature","properties":{"h":3.0,"on_route":false},"geometry":{"type":"Polygon","coordinates":[[[7.066747,4.852226],[7.0667,4.852347],[7.066596,4.852306],[7.066643,4.852186],[7.066747,4.852226]]]}},{"type":"Feature","properties":{"h":3.0,"on_route":false},"geometry":{"type":"Polygon","coordinates":[[[7.067176,4.855358],[7.067102,4.855432],[7.067083,4.855413],[7.067157,4.855338],[7.067176,4.855358]]]}},{"type":"Feature","properties":{"h":3.0,"on_route":false},"geometry":{"type":"Polygon","coordinates":[[[7.06401,4.852453],[7.063982,4.852612],[7.06388,4.852594],[7.063908,4.852435],[7.06401,4.852453]]]}},{"type":"Feature","properties":{"h":3.0,"on_route":false},"geometry":{"type":"Polygon","coordinates":[[[7.06716,4.851674],[7.066942,4.851715],[7.066921,4.8516],[7.067139,4.851559],[7.06716,4.851674]]]}},{"type":"Feature","properties":{"h":3.0,"on_route":false},"geometry":{"type":"Polygon","coordinates":[[[7.063985,4.852351],[7.063983,4.852388],[7.063888,4.852382],[7.06389,4.852345],[7.063985,4.852351]]]}},{"type":"Feature","properties":{"h":3.0,"on_route":false},"geometry":{"type":"Polygon","coordinates":[[[7.064368,4.852939],[7.064352,4.852985],[7.064295,4.852965],[7.064311,4.852919],[7.064368,4.852939]]]}},{"type":"Feature","properties":{"h":3.0,"on_route":false},"geometry":{"type":"Polygon","coordinates":[[[7.067009,4.850499],[7.067026,4.850551],[7.067089,4.850531],[7.067134,4.850672],[7.066999,4.850716],[7.066938,4.850522],[7.067009,4.850499]]]}},{"type":"Feature","properties":{"h":3.0,"on_route":false},"geometry":{"type":"Polygon","coordinates":[[[7.068092,4.857856],[7.068046,4.857853],[7.068055,4.857727],[7.068101,4.85773],[7.068092,4.857856]]]}},{"type":"Feature","properties":{"h":3.0,"on_route":false},"geometry":{"type":"Polygon","coordinates":[[[7.068342,4.85807],[7.068336,4.858112],[7.068209,4.858093],[7.068215,4.858051],[7.068342,4.85807]]]}},{"type":"Feature","properties":{"h":3.0,"on_route":false},"geometry":{"type":"Polygon","coordinates":[[[7.064122,4.856424],[7.063938,4.85658],[7.063903,4.856538],[7.064086,4.856382],[7.064122,4.856424]]]}},{"type":"Feature","properties":{"h":3.0,"on_route":false},"geometry":{"type":"Polygon","coordinates":[[[7.066994,4.853144],[7.066981,4.853175],[7.066966,4.853183],[7.066948,4.853146],[7.066986,4.853127],[7.066994,4.853144]]]}},{"type":"Feature","properties":{"h":3.0,"on_route":false},"geometry":{"type":"Polygon","coordinates":[[[7.06337,4.855027],[7.06338,4.855309],[7.063327,4.855311],[7.063317,4.855029],[7.06337,4.855027]]]}},{"type":"Feature","properties":{"h":3.0,"on_route":false},"geometry":{"type":"Polygon","coordinates":[[[7.068092,4.851562],[7.06811,4.851649],[7.068068,4.851658],[7.068055,4.851597],[7.068031,4.851602],[7.068025,4.851577],[7.068092,4.851562]]]}},{"type":"Feature","properties":{"h":3.0,"on_route":false},"geometry":{"type":"Polygon","coordinates":[[[7.069828,4.857144],[7.069822,4.857185],[7.069781,4.857179],[7.069787,4.857138],[7.069828,4.857144]]]}},{"type":"Feature","properties":{"h":3.0,"on_route":false},"geometry":{"type":"Polygon","coordinates":[[[7.063689,4.854269],[7.063697,4.854251],[7.063787,4.85429],[7.063746,4.854385],[7.063721,4.854375],[7.063711,4.854398],[7.063735,4.854409],[7.063654,4.854598],[7.063546,4.854551],[7.063562,4.854514],[7.063528,4.8545],[7.063638,4.854246],[7.063689,4.854269]]]}},{"type":"Feature","properties":{"h":3.0,"on_route":false},"geometry":{"type":"Polygon","coordinates":[[[7.067776,4.851541],[7.067626,4.851561],[7.067612,4.851457],[7.067761,4.851436],[7.067776,4.851541]]]}},{"type":"Feature","properties":{"h":3.0,"on_route":false},"geometry":{"type":"Polygon","coordinates":[[[7.06654,4.851678],[7.066535,4.851935],[7.06642,4.851933],[7.066424,4.851676],[7.06654,4.851678]]]}},{"type":"Feature","properties":{"h":3.0,"on_route":false},"geometry":{"type":"Polygon","coordinates":[[[7.062664,4.854197],[7.062613,4.85426],[7.062497,4.854166],[7.062549,4.854103],[7.062664,4.854197]]]}},{"type":"Feature","properties":{"h":3.0,"on_route":false},"geometry":{"type":"Polygon","coordinates":[[[7.06842,4.850887],[7.068451,4.850951],[7.068418,4.850968],[7.068387,4.850904],[7.06842,4.850887]]]}},{"type":"Feature","properties":{"h":3.0,"on_route":false},"geometry":{"type":"Polygon","coordinates":[[[7.069339,4.851927],[7.06932,4.851963],[7.069267,4.851934],[7.069286,4.851899],[7.069339,4.851927]]]}},{"type":"Feature","properties":{"h":3.0,"on_route":false},"geometry":{"type":"Polygon","coordinates":[[[7.068131,4.85871],[7.068128,4.858769],[7.068093,4.858767],[7.068096,4.858708],[7.068131,4.85871]]]}},{"type":"Feature","properties":{"h":3.0,"on_route":false},"geometry":{"type":"Polygon","coordinates":[[[7.069616,4.855613],[7.06961,4.855661],[7.06953,4.855651],[7.069536,4.855602],[7.069616,4.855613]]]}},{"type":"Feature","properties":{"h":3.0,"on_route":false},"geometry":{"type":"Polygon","coordinates":[[[7.06516,4.850975],[7.065157,4.851024],[7.065104,4.85102],[7.065108,4.850972],[7.06516,4.850975]]]}},{"type":"Feature","properties":{"h":3.0,"on_route":false},"geometry":{"type":"Polygon","coordinates":[[[7.065257,4.858286],[7.065218,4.858326],[7.065125,4.858237],[7.065164,4.858196],[7.065257,4.858286]]]}},{"type":"Feature","properties":{"h":3.0,"on_route":false},"geometry":{"type":"Polygon","coordinates":[[[7.064482,4.852916],[7.064472,4.852961],[7.064442,4.852954],[7.064451,4.852909],[7.064482,4.852916]]]}},{"type":"Feature","properties":{"h":3.0,"on_route":false},"geometry":{"type":"Polygon","coordinates":[[[7.069049,4.85158],[7.06904,4.851616],[7.069005,4.851607],[7.069014,4.851571],[7.069049,4.85158]]]}},{"type":"Feature","properties":{"h":3.0,"on_route":false},"geometry":{"type":"Polygon","coordinates":[[[7.065025,4.852352],[7.065022,4.852473],[7.065104,4.852475],[7.065101,4.852556],[7.064967,4.852552],[7.064973,4.85235],[7.065025,4.852352]]]}},{"type":"Feature","properties":{"h":3.0,"on_route":false},"geometry":{"type":"Polygon","coordinates":[[[7.069548,4.85282],[7.069467,4.852895],[7.069429,4.852854],[7.069511,4.852779],[7.069548,4.85282]]]}},{"type":"Feature","properties":{"h":3.0,"on_route":false},"geometry":{"type":"Polygon","coordinates":[[[7.06528,4.856164],[7.065278,4.856187],[7.065211,4.85618],[7.065214,4.856157],[7.06528,4.856164]]]}},{"type":"Feature","properties":{"h":3.0,"on_route":false},"geometry":{"type":"Polygon","coordinates":[[[7.065373,4.856569],[7.065577,4.856628],[7.065567,4.856664],[7.065406,4.856618],[7.065397,4.856649],[7.065354,4.856637],[7.065373,4.856569]]]}},{"type":"Feature","properties":{"h":3.0,"on_route":false},"geometry":{"type":"Polygon","coordinates":[[[7.063868,4.855646],[7.063851,4.855661],[7.063863,4.855674],[7.063799,4.855731],[7.063724,4.855646],[7.063804,4.855574],[7.063868,4.855646]]]}},{"type":"Feature","properties":{"h":3.0,"on_route":false},"geometry":{"type":"Polygon","coordinates":[[[7.069465,4.853664],[7.069794,4.853861],[7.069903,4.853679],[7.070009,4.853742],[7.0699,4.853925],[7.069865,4.853904],[7.06982,4.85398],[7.06942,4.85374],[7.069465,4.853664]]]}},{"type":"Feature","properties":{"h":3.0,"on_route":false},"geometry":{"type":"Polygon","coordinates":[[[7.066669,4.853213],[7.066621,4.85329],[7.066534,4.853236],[7.066581,4.853159],[7.066669,4.853213]]]}},{"type":"Feature","properties":{"h":3.0,"on_route":false},"geometry":{"type":"Polygon","coordinates":[[[7.069906,4.851398],[7.069779,4.851588],[7.069633,4.851489],[7.069759,4.8513],[7.069906,4.851398]]]}},{"type":"Feature","properties":{"h":3.0,"on_route":false},"geometry":{"type":"Polygon","coordinates":[[[7.071166,4.855525],[7.071163,4.855551],[7.071142,4.855549],[7.071145,4.855523],[7.071166,4.855525]]]}},{"type":"Feature","properties":{"h":3.0,"on_route":false},"geometry":{"type":"Polygon","coordinates":[[[7.064742,4.852912],[7.064724,4.85296],[7.064636,4.852926],[7.064653,4.852879],[7.064742,4.852912]]]}},{"type":"Feature","properties":{"h":3.0,"on_route":false},"geometry":{"type":"Polygon","coordinates":[[[7.067566,4.853461],[7.067514,4.853588],[7.067069,4.853403],[7.067122,4.853276],[7.067566,4.853461]]]}},{"type":"Feature","properties":{"h":3.0,"on_route":false},"geometry":{"type":"Polygon","coordinates":[[[7.064081,4.851412],[7.064072,4.851332],[7.063964,4.851344],[7.063957,4.851282],[7.063932,4.851285],[7.063927,4.851245],[7.063993,4.851238],[7.06399,4.851214],[7.064198,4.851192],[7.064221,4.851397],[7.064081,4.851412]]]}},{"type":"Feature","properties":{"h":3.0,"on_route":false},"geometry":{"type":"Polygon","coordinates":[[[7.069804,4.856267],[7.069766,4.856402],[7.069615,4.856359],[7.069653,4.856225],[7.069804,4.856267]]]}},{"type":"Feature","properties":{"h":3.0,"on_route":false},"geometry":{"type":"Polygon","coordinates":[[[7.066128,4.853057],[7.066148,4.853013],[7.066233,4.853052],[7.06618,4.853168],[7.06605,4.853108],[7.066083,4.853036],[7.066128,4.853057]]]}},{"type":"Feature","properties":{"h":3.0,"on_route":false},"geometry":{"type":"Polygon","coordinates":[[[7.069022,4.851331],[7.068993,4.851478],[7.068944,4.851468],[7.068951,4.851433],[7.068909,4.851425],[7.068899,4.851473],[7.068846,4.851463],[7.068877,4.851302],[7.069022,4.851331]]]}},{"type":"Feature","properties":{"h":3.0,"on_route":false},"geometry":{"type":"Polygon","coordinates":[[[7.068729,4.855474],[7.06871,4.855495],[7.068673,4.855462],[7.068693,4.85544],[7.068729,4.855474]]]}},{"type":"Feature","properties":{"h":3.0,"on_route":false},"geometry":{"type":"Polygon","coordinates":[[[7.068514,4.852911],[7.068495,4.852966],[7.06845,4.85295],[7.068469,4.852895],[7.068514,4.852911]]]}},{"type":"Feature","properties":{"h":3.0,"on_route":false},"geometry":{"type":"Polygon","coordinates":[[[7.066827,4.850281],[7.066876,4.850411],[7.066838,4.850426],[7.066851,4.850458],[7.066828,4.850467],[7.066835,4.850486],[7.066801,4.850499],[7.066786,4.850458],[7.066748,4.850473],[7.066694,4.850332],[7.066827,4.850281]]]}},{"type":"Feature","properties":{"h":3.0,"on_route":false},"geometry":{"type":"Polygon","coordinates":[[[7.066908,4.851605],[7.066791,4.851619],[7.066773,4.851471],[7.06689,4.851456],[7.066908,4.851605]]]}},{"type":"Feature","properties":{"h":3.0,"on_route":false},"geometry":{"type":"Polygon","coordinates":[[[7.067971,4.856023],[7.067954,4.85607],[7.067889,4.856047],[7.067906,4.855999],[7.067971,4.856023]]]}},{"type":"Feature","properties":{"h":3.0,"on_route":false},"geometry":{"type":"Polygon","coordinates":[[[7.067191,4.858935],[7.06721,4.85901],[7.067179,4.859018],[7.067159,4.858944],[7.067191,4.858935]]]}},{"type":"Feature","properties":{"h":3.0,"on_route":false},"geometry":{"type":"Polygon","coordinates":[[[7.068062,4.857156],[7.068001,4.857212],[7.067966,4.857174],[7.068027,4.857118],[7.068062,4.857156]]]}},{"type":"Feature","properties":{"h":3.0,"on_route":false},"geometry":{"type":"Polygon","coordinates":[[[7.070417,4.854838],[7.070384,4.854912],[7.07022,4.854838],[7.070253,4.854764],[7.070417,4.854838]]]}},{"type":"Feature","properties":{"h":3.0,"on_route":false},"geometry":{"type":"Polygon","coordinates":[[[7.066673,4.858992],[7.066634,4.858963],[7.066678,4.858903],[7.066717,4.858932],[7.066673,4.858992]]]}},{"type":"Feature","properties":{"h":3.0,"on_route":false},"geometry":{"type":"Polygon","coordinates":[[[7.062652,4.853989],[7.062642,4.854023],[7.062483,4.853979],[7.062492,4.853945],[7.062652,4.853989]]]}},{"type":"Feature","properties":{"h":3.0,"on_route":false},"geometry":{"type":"Polygon","coordinates":[[[7.069717,4.855166],[7.069697,4.855208],[7.069505,4.855115],[7.069525,4.855073],[7.069717,4.855166]]]}},{"type":"Feature","properties":{"h":3.0,"on_route":false},"geometry":{"type":"Polygon","coordinates":[[[7.062679,4.854509],[7.062523,4.854518],[7.06252,4.854464],[7.062553,4.854462],[7.062551,4.854433],[7.062675,4.854426],[7.062679,4.854509]]]}},{"type":"Feature","properties":{"h":3.0,"on_route":false},"geometry":{"type":"Polygon","coordinates":[[[7.069908,4.85364],[7.06989,4.85367],[7.069567,4.853476],[7.069585,4.853446],[7.069908,4.85364]]]}},{"type":"Feature","properties":{"h":3.0,"on_route":false},"geometry":{"type":"Polygon","coordinates":[[[7.065422,4.852212],[7.065334,4.852211],[7.065336,4.852043],[7.065424,4.852045],[7.065422,4.852212]]]}},{"type":"Feature","properties":{"h":3.0,"on_route":false},"geometry":{"type":"Polygon","coordinates":[[[7.065746,4.856667],[7.065718,4.856652],[7.065765,4.856563],[7.065793,4.856578],[7.065746,4.856667]]]}},{"type":"Feature","properties":{"h":3.0,"on_route":false},"geometry":{"type":"Polygon","coordinates":[[[7.069029,4.854978],[7.068992,4.855018],[7.068946,4.854975],[7.068983,4.854935],[7.069029,4.854978]]]}},{"type":"Feature","properties":{"h":3.0,"on_route":false},"geometry":{"type":"Polygon","coordinates":[[[7.067324,4.856884],[7.067301,4.856916],[7.067258,4.856885],[7.067281,4.856853],[7.067324,4.856884]]]}},{"type":"Feature","properties":{"h":3.0,"on_route":false},"geometry":{"type":"Polygon","coordinates":[[[7.069873,4.853715],[7.069868,4.853745],[7.069844,4.853741],[7.069849,4.85371],[7.069873,4.853715]]]}},{"type":"Feature","properties":{"h":3.0,"on_route":false},"geometry":{"type":"Polygon","coordinates":[[[7.066918,4.857259],[7.06692,4.857279],[7.066881,4.857284],[7.066878,4.857265],[7.066918,4.857259]]]}},{"type":"Feature","properties":{"h":3.0,"on_route":false},"geometry":{"type":"Polygon","coordinates":[[[7.062929,4.852737],[7.063169,4.852868],[7.06313,4.852939],[7.062994,4.852864],[7.062919,4.853001],[7.062816,4.852945],[7.062929,4.852737]]]}},{"type":"Feature","properties":{"h":3.0,"on_route":false},"geometry":{"type":"Polygon","coordinates":[[[7.071629,4.854898],[7.071622,4.854935],[7.071585,4.854928],[7.071592,4.854891],[7.071629,4.854898]]]}},{"type":"Feature","properties":{"h":3.0,"on_route":false},"geometry":{"type":"Polygon","coordinates":[[[7.064905,4.853136],[7.064878,4.853189],[7.06484,4.85317],[7.064866,4.853117],[7.064905,4.853136]]]}},{"type":"Feature","properties":{"h":3.0,"on_route":false},"geometry":{"type":"Polygon","coordinates":[[[7.066785,4.85174],[7.066787,4.851787],[7.066734,4.851789],[7.066732,4.851742],[7.066785,4.85174]]]}},{"type":"Feature","properties":{"h":3.0,"on_route":false},"geometry":{"type":"Polygon","coordinates":[[[7.064549,4.854924],[7.064492,4.855071],[7.064422,4.855043],[7.064479,4.854896],[7.064549,4.854924]]]}},{"type":"Feature","properties":{"h":3.0,"on_route":false},"geometry":{"type":"Polygon","coordinates":[[[7.06751,4.850335],[7.0674,4.85038],[7.067385,4.850342],[7.067494,4.850297],[7.06751,4.850335]]]}},{"type":"Feature","properties":{"h":3.0,"on_route":false},"geometry":{"type":"Polygon","coordinates":[[[7.066878,4.852163],[7.066869,4.852188],[7.066914,4.852203],[7.066922,4.852178],[7.066969,4.852194],[7.066935,4.852294],[7.066825,4.852257],[7.066859,4.852157],[7.066878,4.852163]]]}},{"type":"Feature","properties":{"h":3.0,"on_route":false},"geometry":{"type":"Polygon","coordinates":[[[7.063307,4.853996],[7.063255,4.854127],[7.063147,4.854084],[7.063199,4.853953],[7.063307,4.853996]]]}},{"type":"Feature","properties":{"h":3.0,"on_route":false},"geometry":{"type":"Polygon","coordinates":[[[7.065894,4.851367],[7.065752,4.85142],[7.065704,4.851288],[7.065845,4.851235],[7.065894,4.851367]]]}},{"type":"Feature","properties":{"h":3.0,"on_route":false},"geometry":{"type":"Polygon","coordinates":[[[7.066095,4.857901],[7.066063,4.857944],[7.066039,4.857926],[7.066072,4.857883],[7.066095,4.857901]]]}},{"type":"Feature","properties":{"h":3.0,"on_route":false},"geometry":{"type":"Polygon","coordinates":[[[7.064646,4.853034],[7.06462,4.853082],[7.064594,4.853068],[7.06462,4.853019],[7.064646,4.853034]]]}},{"type":"Feature","properties":{"h":3.0,"on_route":false},"geometry":{"type":"Polygon","coordinates":[[[7.070888,4.856037],[7.071042,4.856113],[7.070852,4.856505],[7.070881,4.856519],[7.070848,4.856588],[7.070651,4.856491],[7.070863,4.856054],[7.070876,4.856061],[7.070888,4.856037]]]}},{"type":"Feature","properties":{"h":3.0,"on_route":false},"geometry":{"type":"Polygon","coordinates":[[[7.067383,4.851214],[7.067302,4.851231],[7.067288,4.851165],[7.067369,4.851148],[7.067383,4.851214]]]}},{"type":"Feature","properties":{"h":3.0,"on_route":false},"geometry":{"type":"Polygon","coordinates":[[[7.070011,4.854205],[7.069953,4.854273],[7.069885,4.854214],[7.069943,4.854146],[7.070011,4.854205]]]}},{"type":"Feature","properties":{"h":3.0,"on_route":false},"geometry":{"type":"Polygon","coordinates":[[[7.068083,4.857856],[7.068078,4.857932],[7.068041,4.857929],[7.068046,4.857853],[7.068083,4.857856]]]}},{"type":"Feature","properties":{"h":3.0,"on_route":false},"geometry":{"type":"Polygon","coordinates":[[[7.06659,4.858087],[7.066513,4.858154],[7.066445,4.858076],[7.066521,4.858009],[7.06659,4.858087]]]}},{"type":"Feature","properties":{"h":3.0,"on_route":false},"geometry":{"type":"Polygon","coordinates":[[[7.066305,4.852019],[7.066268,4.852222],[7.066134,4.852197],[7.06617,4.851994],[7.066305,4.852019]]]}},{"type":"Feature","properties":{"h":3.0,"on_route":false},"geometry":{"type":"Polygon","coordinates":[[[7.06485,4.855402],[7.064837,4.855438],[7.06478,4.855418],[7.064792,4.855382],[7.06485,4.855402]]]}},{"type":"Feature","properties":{"h":3.0,"on_route":false},"geometry":{"type":"Polygon","coordinates":[[[7.06959,4.85353],[7.069565,4.853564],[7.069512,4.853525],[7.069537,4.853492],[7.06959,4.85353]]]}},{"type":"Feature","properties":{"h":3.0,"on_route":false},"geometry":{"type":"Polygon","coordinates":[[[7.064325,4.855978],[7.063987,4.856265],[7.063938,4.856207],[7.064276,4.85592],[7.064325,4.855978]]]}},{"type":"Feature","properties":{"h":3.0,"on_route":false},"geometry":{"type":"Polygon","coordinates":[[[7.066935,4.852294],[7.066916,4.852351],[7.066824,4.85232],[7.066844,4.852263],[7.066935,4.852294]]]}},{"type":"Feature","properties":{"h":3.0,"on_route":false},"geometry":{"type":"Polygon","coordinates":[[[7.070789,4.853852],[7.070768,4.853871],[7.070794,4.8539],[7.070556,4.854122],[7.070507,4.854069],[7.070766,4.853827],[7.070789,4.853852]]]}},{"type":"Feature","properties":{"h":3.0,"on_route":false},"geometry":{"type":"Polygon","coordinates":[[[7.066784,4.851564],[7.066634,4.851583],[7.066622,4.85149],[7.066643,4.851487],[7.066639,4.851458],[7.066769,4.851442],[7.066784,4.851564]]]}},{"type":"Feature","properties":{"h":3.0,"on_route":false},"geometry":{"type":"Polygon","coordinates":[[[7.063726,4.852373],[7.063722,4.852433],[7.063567,4.852423],[7.06357,4.852363],[7.063726,4.852373]]]}},{"type":"Feature","properties":{"h":3.0,"on_route":false},"geometry":{"type":"Polygon","coordinates":[[[7.063771,4.852193],[7.063609,4.85213],[7.063634,4.852065],[7.063747,4.85211],[7.063762,4.852072],[7.063811,4.852091],[7.063771,4.852193]]]}},{"type":"Feature","properties":{"h":3.0,"on_route":false},"geometry":{"type":"Polygon","coordinates":[[[7.068294,4.853565],[7.068277,4.853589],[7.068224,4.853553],[7.068241,4.853528],[7.068294,4.853565]]]}},{"type":"Feature","properties":{"h":3.0,"on_route":false},"geometry":{"type":"Polygon","coordinates":[[[7.067714,4.853426],[7.067682,4.853521],[7.067609,4.853497],[7.06764,4.853402],[7.067714,4.853426]]]}},{"type":"Feature","properties":{"h":3.0,"on_route":false},"geometry":{"type":"Polygon","coordinates":[[[7.068241,4.855517],[7.068202,4.855555],[7.068178,4.855529],[7.068156,4.855549],[7.06812,4.855511],[7.068141,4.85549],[7.068067,4.855413],[7.068107,4.855375],[7.068241,4.855517]]]}},{"type":"Feature","properties":{"h":3.0,"on_route":false},"geometry":{"type":"Polygon","coordinates":[[[7.069202,4.85079],[7.069149,4.850909],[7.068901,4.850797],[7.068954,4.850678],[7.069202,4.85079]]]}},{"type":"Feature","properties":{"h":3.0,"on_route":false},"geometry":{"type":"Polygon","coordinates":[[[7.066501,4.850971],[7.066464,4.850984],[7.066481,4.851034],[7.066361,4.851073],[7.066319,4.850947],[7.066476,4.850895],[7.066501,4.850971]]]}},{"type":"Feature","properties":{"h":3.0,"on_route":false},"geometry":{"type":"Polygon","coordinates":[[[7.067067,4.858456],[7.067087,4.858535],[7.067055,4.858543],[7.067035,4.858464],[7.067067,4.858456]]]}},{"type":"Feature","properties":{"h":3.0,"on_route":false},"geometry":{"type":"Polygon","coordinates":[[[7.065521,4.851775],[7.065518,4.851875],[7.065384,4.85187],[7.065387,4.851771],[7.065521,4.851775]]]}},{"type":"Feature","properties":{"h":3.0,"on_route":false},"geometry":{"type":"Polygon","coordinates":[[[7.06741,4.857325],[7.067375,4.857345],[7.067356,4.85731],[7.067391,4.85729],[7.06741,4.857325]]]}},{"type":"Feature","properties":{"h":3.0,"on_route":false},"geometry":{"type":"Polygon","coordinates":[[[7.067232,4.851892],[7.067228,4.851934],[7.067176,4.851929],[7.06718,4.851888],[7.067232,4.851892]]]}},{"type":"Feature","properties":{"h":3.0,"on_route":false},"geometry":{"type":"Polygon","coordinates":[[[7.069281,4.851202],[7.069269,4.851239],[7.069114,4.851188],[7.069127,4.851151],[7.069281,4.851202]]]}},{"type":"Feature","properties":{"h":3.0,"on_route":false},"geometry":{"type":"Polygon","coordinates":[[[7.066409,4.853406],[7.066385,4.853447],[7.066307,4.8534],[7.066331,4.853359],[7.066409,4.853406]]]}},{"type":"Feature","properties":{"h":3.0,"on_route":false},"geometry":{"type":"Polygon","coordinates":[[[7.06405,4.852767],[7.064026,4.852839],[7.063938,4.852808],[7.063962,4.852737],[7.06405,4.852767]]]}},{"type":"Feature","properties":{"h":3.0,"on_route":false},"geometry":{"type":"Polygon","coordinates":[[[7.06419,4.855587],[7.064119,4.855528],[7.064345,4.855253],[7.064416,4.855312],[7.06419,4.855587]]]}},{"type":"Feature","properties":{"h":3.0,"on_route":false},"geometry":{"type":"Polygon","coordinates":[[[7.067308,4.850668],[7.067252,4.850678],[7.067243,4.850625],[7.067298,4.850615],[7.067308,4.850668]]]}},{"type":"Feature","properties":{"h":3.0,"on_route":false},"geometry":{"type":"Polygon","coordinates":[[[7.065721,4.851052],[7.065718,4.851113],[7.065539,4.851105],[7.065541,4.851044],[7.065721,4.851052]]]}},{"type":"Feature","properties":{"h":3.0,"on_route":false},"geometry":{"type":"Polygon","coordinates":[[[7.069778,4.855582],[7.069771,4.855607],[7.069727,4.855595],[7.069735,4.855569],[7.069778,4.855582]]]}},{"type":"Feature","properties":{"h":3.0,"on_route":false},"geometry":{"type":"Polygon","coordinates":[[[7.068822,4.85158],[7.0688,4.851722],[7.068696,4.851705],[7.068718,4.851564],[7.068822,4.85158]]]}},{"type":"Feature","properties":{"h":3.0,"on_route":false},"geometry":{"type":"Polygon","coordinates":[[[7.064267,4.852918],[7.064258,4.852961],[7.064226,4.852954],[7.064235,4.852911],[7.064267,4.852918]]]}},{"type":"Feature","properties":{"h":3.0,"on_route":false},"geometry":{"type":"Polygon","coordinates":[[[7.068689,4.851598],[7.068539,4.851608],[7.068532,4.851506],[7.068682,4.851496],[7.068689,4.851598]]]}},{"type":"Feature","properties":{"h":3.0,"on_route":false},"geometry":{"type":"Polygon","coordinates":[[[7.06822,4.851212],[7.067673,4.851341],[7.067629,4.851153],[7.067607,4.851158],[7.067602,4.851134],[7.068171,4.851],[7.06822,4.851212]]]}},{"type":"Feature","properties":{"h":3.0,"on_route":false},"geometry":{"type":"Polygon","coordinates":[[[7.066251,4.853331],[7.066249,4.853354],[7.066222,4.853351],[7.066225,4.853328],[7.066251,4.853331]]]}},{"type":"Feature","properties":{"h":3.0,"on_route":false},"geometry":{"type":"Polygon","coordinates":[[[7.06885,4.850696],[7.068795,4.850748],[7.068743,4.850693],[7.068799,4.850641],[7.06885,4.850696]]]}},{"type":"Feature","properties":{"h":3.0,"on_route":false},"geometry":{"type":"Polygon","coordinates":[[[7.062646,4.853946],[7.062635,4.853983],[7.062502,4.853939],[7.062514,4.853903],[7.062646,4.853946]]]}},{"type":"Feature","properties":{"h":3.0,"on_route":false},"geometry":{"type":"Polygon","coordinates":[[[7.064497,4.855273],[7.064465,4.855318],[7.064431,4.855294],[7.064463,4.855249],[7.064497,4.855273]]]}},{"type":"Feature","properties":{"h":3.0,"on_route":false},"geometry":{"type":"Polygon","coordinates":[[[7.069737,4.85791],[7.069723,4.858022],[7.069665,4.858015],[7.069679,4.857903],[7.069737,4.85791]]]}},{"type":"Feature","properties":{"h":3.0,"on_route":false},"geometry":{"type":"Polygon","coordinates":[[[7.064515,4.855264],[7.064486,4.855246],[7.064546,4.855146],[7.064575,4.855164],[7.064515,4.855264]]]}},{"type":"Feature","properties":{"h":3.0,"on_route":false},"geometry":{"type":"Polygon","coordinates":[[[7.069621,4.851659],[7.069582,4.851742],[7.069476,4.851693],[7.069515,4.851609],[7.069621,4.851659]]]}},{"type":"Feature","properties":{"h":3.0,"on_route":false},"geometry":{"type":"Polygon","coordinates":[[[7.063568,4.855923],[7.063521,4.855933],[7.063479,4.855743],[7.063526,4.855733],[7.063568,4.855923]]]}},{"type":"Feature","properties":{"h":3.0,"on_route":false},"geometry":{"type":"Polygon","coordinates":[[[7.069734,4.857796],[7.069726,4.857845],[7.069702,4.857841],[7.06971,4.857792],[7.069734,4.857796]]]}},{"type":"Feature","properties":{"h":3.0,"on_route":false},"geometry":{"type":"Polygon","coordinates":[[[7.06371,4.852958],[7.063708,4.852995],[7.063672,4.852993],[7.063674,4.852955],[7.06371,4.852958]]]}},{"type":"Feature","properties":{"h":3.0,"on_route":false},"geometry":{"type":"Polygon","coordinates":[[[7.068713,4.852091],[7.068703,4.852117],[7.068787,4.852151],[7.068779,4.852168],[7.068861,4.852201],[7.068843,4.852246],[7.068862,4.852253],[7.068804,4.852399],[7.068578,4.852308],[7.068616,4.852214],[7.068574,4.852198],[7.068586,4.852168],[7.068613,4.852179],[7.068657,4.852069],[7.068713,4.852091]]]}},{"type":"Feature","properties":{"h":3.0,"on_route":false},"geometry":{"type":"Polygon","coordinates":[[[7.071331,4.852278],[7.071304,4.852307],[7.071269,4.852274],[7.071296,4.852245],[7.071331,4.852278]]]}},{"type":"Feature","properties":{"h":3.0,"on_route":false},"geometry":{"type":"Polygon","coordinates":[[[7.071167,4.852114],[7.07113,4.852158],[7.071059,4.852099],[7.071097,4.852054],[7.071167,4.852114]]]}},{"type":"Feature","properties":{"h":3.0,"on_route":false},"geometry":{"type":"Polygon","coordinates":[[[7.068586,4.855026],[7.068574,4.85506],[7.068501,4.855032],[7.068513,4.854999],[7.068586,4.855026]]]}},{"type":"Feature","properties":{"h":3.0,"on_route":false},"geometry":{"type":"Polygon","coordinates":[[[7.066675,4.852329],[7.066669,4.852346],[7.066708,4.852362],[7.066661,4.852479],[7.066458,4.852398],[7.066511,4.852263],[7.066675,4.852329]]]}},{"type":"Feature","properties":{"h":3.0,"on_route":false},"geometry":{"type":"Polygon","coordinates":[[[7.063974,4.856617],[7.063919,4.856665],[7.063609,4.856298],[7.063623,4.856286],[7.063609,4.856269],[7.06365,4.856234],[7.063974,4.856617]]]}},{"type":"Feature","properties":{"h":3.0,"on_route":false},"geometry":{"type":"Polygon","coordinates":[[[7.065263,4.8533],[7.065249,4.85334],[7.065217,4.853329],[7.06523,4.853289],[7.065263,4.8533]]]}},{"type":"Feature","properties":{"h":3.0,"on_route":false},"geometry":{"type":"Polygon","coordinates":[[[7.070067,4.851134],[7.070015,4.85123],[7.069835,4.851131],[7.069888,4.851035],[7.070067,4.851134]]]}},{"type":"Feature","properties":{"h":3.0,"on_route":false},"geometry":{"type":"Polygon","coordinates":[[[7.066807,4.856647],[7.066691,4.856704],[7.066594,4.856502],[7.06671,4.856446],[7.066807,4.856647]]]}},{"type":"Feature","properties":{"h":3.0,"on_route":false},"geometry":{"type":"Polygon","coordinates":[[[7.067367,4.856362],[7.067351,4.856402],[7.067321,4.85639],[7.067337,4.85635],[7.067367,4.856362]]]}},{"type":"Feature","properties":{"h":3.0,"on_route":false},"geometry":{"type":"Polygon","coordinates":[[[7.066802,4.853322],[7.066766,4.853378],[7.066625,4.85329],[7.06666,4.853233],[7.066802,4.853322]]]}},{"type":"Feature","properties":{"h":3.0,"on_route":false},"geometry":{"type":"Polygon","coordinates":[[[7.070019,4.853547],[7.069947,4.853629],[7.069872,4.853564],[7.069944,4.853481],[7.070019,4.853547]]]}},{"type":"Feature","properties":{"h":3.0,"on_route":false},"geometry":{"type":"Polygon","coordinates":[[[7.070825,4.855083],[7.070785,4.855172],[7.07073,4.855147],[7.07077,4.855058],[7.070825,4.855083]]]}},{"type":"Feature","properties":{"h":3.0,"on_route":false},"geometry":{"type":"Polygon","coordinates":[[[7.070152,4.857392],[7.070176,4.857398],[7.070194,4.857335],[7.070223,4.857343],[7.070232,4.857311],[7.070382,4.857352],[7.070387,4.857333],[7.07045,4.85735],[7.070427,4.857435],[7.070612,4.857485],[7.070587,4.857579],[7.070135,4.857456],[7.070152,4.857392]]]}},{"type":"Feature","properties":{"h":3.0,"on_route":false},"geometry":{"type":"Polygon","coordinates":[[[7.067634,4.853506],[7.067631,4.853532],[7.067596,4.853527],[7.0676,4.853501],[7.067634,4.853506]]]}},{"type":"Feature","properties":{"h":3.0,"on_route":false},"geometry":{"type":"Polygon","coordinates":[[[7.063577,4.852758],[7.063575,4.852849],[7.063517,4.852847],[7.063519,4.852757],[7.063577,4.852758]]]}},{"type":"Feature","properties":{"h":3.0,"on_route":false},"geometry":{"type":"Polygon","coordinates":[[[7.068701,4.851976],[7.068627,4.852163],[7.068402,4.852073],[7.068404,4.852067],[7.068431,4.852077],[7.068504,4.851896],[7.068701,4.851976]]]}},{"type":"Feature","properties":{"h":3.0,"on_route":false},"geometry":{"type":"Polygon","coordinates":[[[7.066962,4.850712],[7.066843,4.850749],[7.066795,4.850595],[7.066914,4.850558],[7.066962,4.850712]]]}},{"type":"Feature","properties":{"h":3.0,"on_route":false},"geometry":{"type":"Polygon","coordinates":[[[7.068588,4.853735],[7.068537,4.853812],[7.06845,4.853755],[7.0685,4.853678],[7.068588,4.853735]]]}},{"type":"Feature","properties":{"h":3.0,"on_route":false},"geometry":{"type":"Polygon","coordinates":[[[7.067287,4.856928],[7.067281,4.856959],[7.067246,4.856952],[7.067252,4.856921],[7.067287,4.856928]]]}},{"type":"Feature","properties":{"h":3.0,"on_route":false},"geometry":{"type":"Polygon","coordinates":[[[7.069681,4.851176],[7.069641,4.851274],[7.069428,4.851188],[7.069468,4.851089],[7.069681,4.851176]]]}},{"type":"Feature","properties":{"h":3.0,"on_route":false},"geometry":{"type":"Polygon","coordinates":[[[7.066167,4.857982],[7.066154,4.858007],[7.066117,4.857987],[7.06613,4.857962],[7.066167,4.857982]]]}},{"type":"Feature","properties":{"h":3.0,"on_route":false},"geometry":{"type":"Polygon","coordinates":[[[7.068205,4.858525],[7.068172,4.858521],[7.068185,4.858407],[7.068218,4.858411],[7.068205,4.858525]]]}},{"type":"Feature","properties":{"h":3.0,"on_route":false},"geometry":{"type":"Polygon","coordinates":[[[7.068031,4.850917],[7.067976,4.850926],[7.067973,4.850907],[7.067894,4.85092],[7.067911,4.851021],[7.067768,4.851044],[7.067729,4.850808],[7.068006,4.850763],[7.068031,4.850917]]]}},{"type":"Feature","properties":{"h":3.0,"on_route":false},"geometry":{"type":"Polygon","coordinates":[[[7.068994,4.851927],[7.068974,4.851977],[7.069011,4.851992],[7.068897,4.852274],[7.06888,4.852267],[7.068888,4.852249],[7.068829,4.852225],[7.068871,4.852121],[7.068795,4.85209],[7.068788,4.852108],[7.068662,4.852057],[7.068696,4.851972],[7.068641,4.85195],[7.068656,4.851912],[7.068701,4.85193],[7.068712,4.851903],[7.068742,4.851915],[7.068773,4.851837],[7.068994,4.851927]]]}},{"type":"Feature","properties":{"h":3.0,"on_route":false},"geometry":{"type":"Polygon","coordinates":[[[7.06935,4.854498],[7.06933,4.854529],[7.069287,4.854501],[7.069307,4.85447],[7.06935,4.854498]]]}},{"type":"Feature","properties":{"h":3.0,"on_route":false},"geometry":{"type":"Polygon","coordinates":[[[7.064152,4.853016],[7.064148,4.853044],[7.064123,4.853041],[7.064126,4.853013],[7.064152,4.853016]]]}},{"type":"Feature","properties":{"h":3.0,"on_route":false},"geometry":{"type":"Polygon","coordinates":[[[7.065608,4.852588],[7.065608,4.852619],[7.065577,4.852619],[7.065578,4.852588],[7.065608,4.852588]]]}},{"type":"Feature","properties":{"h":3.0,"on_route":false},"geometry":{"type":"Polygon","coordinates":[[[7.069688,4.85779],[7.069666,4.857905],[7.069611,4.857894],[7.069633,4.85778],[7.069688,4.85779]]]}},{"type":"Feature","properties":{"h":3.0,"on_route":false},"geometry":{"type":"Polygon","coordinates":[[[7.068249,4.858686],[7.068242,4.858793],[7.068202,4.85879],[7.068209,4.858684],[7.068249,4.858686]]]}},{"type":"Feature","properties":{"h":3.0,"on_route":false},"geometry":{"type":"Polygon","coordinates":[[[7.069078,4.85462],[7.069027,4.854762],[7.06895,4.854735],[7.068973,4.854672],[7.068888,4.854641],[7.068916,4.854561],[7.069078,4.85462]]]}},{"type":"Feature","properties":{"h":3.0,"on_route":false},"geometry":{"type":"Polygon","coordinates":[[[7.063433,4.854878],[7.063422,4.855024],[7.063352,4.855019],[7.063363,4.854873],[7.063433,4.854878]]]}},{"type":"Feature","properties":{"h":3.0,"on_route":false},"geometry":{"type":"Polygon","coordinates":[[[7.064044,4.85635],[7.063869,4.856498],[7.063836,4.856459],[7.06401,4.85631],[7.064044,4.85635]]]}},{"type":"Feature","properties":{"h":3.0,"on_route":false},"geometry":{"type":"Polygon","coordinates":[[[7.063258,4.852884],[7.063238,4.852934],[7.063161,4.852903],[7.063181,4.852854],[7.063258,4.852884]]]}},{"type":"Feature","properties":{"h":3.0,"on_route":false},"geometry":{"type":"Polygon","coordinates":[[[7.065346,4.851737],[7.065073,4.85175],[7.065069,4.851664],[7.065342,4.851651],[7.065346,4.851737]]]}},{"type":"Feature","properties":{"h":3.0,"on_route":false},"geometry":{"type":"Polygon","coordinates":[[[7.066404,4.850393],[7.066287,4.850426],[7.066203,4.850123],[7.066319,4.85009],[7.066404,4.850393]]]}},{"type":"Feature","properties":{"h":3.0,"on_route":false},"geometry":{"type":"Polygon","coordinates":[[[7.064403,4.851481],[7.064272,4.851492],[7.064263,4.851395],[7.064277,4.851394],[7.064274,4.851361],[7.064392,4.85135],[7.064403,4.851481]]]}},{"type":"Feature","properties":{"h":3.0,"on_route":false},"geometry":{"type":"Polygon","coordinates":[[[7.065595,4.858562],[7.065548,4.858516],[7.065653,4.85841],[7.0657,4.858456],[7.065595,4.858562]]]}},{"type":"Feature","properties":{"h":3.0,"on_route":false},"geometry":{"type":"Polygon","coordinates":[[[7.065143,4.853372],[7.065115,4.853432],[7.064973,4.853365],[7.065001,4.853306],[7.065143,4.853372]]]}},{"type":"Feature","properties":{"h":3.0,"on_route":false},"geometry":{"type":"Polygon","coordinates":[[[7.064992,4.855845],[7.064976,4.855835],[7.065066,4.855688],[7.065082,4.855698],[7.065135,4.85561],[7.065171,4.855631],[7.065247,4.855507],[7.065319,4.855551],[7.06535,4.855501],[7.066149,4.85599],[7.066069,4.85612],[7.065309,4.855655],[7.065253,4.855747],[7.065219,4.855726],[7.065024,4.856047],[7.064911,4.855978],[7.064992,4.855845]]]}},{"type":"Feature","properties":{"h":3.0,"on_route":false},"geometry":{"type":"Polygon","coordinates":[[[7.068604,4.855024],[7.068698,4.855065],[7.068685,4.855094],[7.068591,4.855053],[7.068604,4.855024]]]}},{"type":"Feature","properties":{"h":3.0,"on_route":false},"geometry":{"type":"Polygon","coordinates":[[[7.064962,4.85305],[7.064947,4.853089],[7.064621,4.852965],[7.064636,4.852926],[7.064962,4.85305]]]}},{"type":"Feature","properties":{"h":3.0,"on_route":false},"geometry":{"type":"Polygon","coordinates":[[[7.067892,4.85601],[7.067887,4.856036],[7.067841,4.856029],[7.067845,4.856002],[7.067892,4.85601]]]}},{"type":"Feature","properties":{"h":3.0,"on_route":false},"geometry":{"type":"Polygon","coordinates":[[[7.066367,4.854164],[7.066341,4.854216],[7.066294,4.854193],[7.066319,4.854141],[7.066367,4.854164]]]}},{"type":"Feature","properties":{"h":3.0,"on_route":false},"geometry":{"type":"Polygon","coordinates":[[[7.067689,4.85732],[7.06772,4.857365],[7.067684,4.85739],[7.067669,4.857369],[7.067654,4.857379],[7.067637,4.857356],[7.067689,4.85732]]]}},{"type":"Feature","properties":{"h":3.0,"on_route":false},"geometry":{"type":"Polygon","coordinates":[[[7.067687,4.856023],[7.06767,4.856055],[7.067636,4.856037],[7.067654,4.856005],[7.067687,4.856023]]]}},{"type":"Feature","properties":{"h":3.0,"on_route":false},"geometry":{"type":"Polygon","coordinates":[[[7.067746,4.85741],[7.067703,4.857429],[7.067685,4.85739],[7.067728,4.85737],[7.067746,4.85741]]]}},{"type":"Feature","properties":{"h":3.0,"on_route":false},"geometry":{"type":"Polygon","coordinates":[[[7.066087,4.852848],[7.066062,4.852905],[7.066028,4.85289],[7.066053,4.852833],[7.066087,4.852848]]]}},{"type":"Feature","properties":{"h":3.0,"on_route":false},"geometry":{"type":"Polygon","coordinates":[[[7.066152,4.853564],[7.066131,4.85361],[7.066068,4.853581],[7.066089,4.853535],[7.066152,4.853564]]]}},{"type":"Feature","properties":{"h":3.0,"on_route":false},"geometry":{"type":"Polygon","coordinates":[[[7.067449,4.857313],[7.067423,4.857331],[7.067386,4.85728],[7.067412,4.857261],[7.067449,4.857313]]]}},{"type":"Feature","properties":{"h":3.0,"on_route":false},"geometry":{"type":"Polygon","coordinates":[[[7.064693,4.857963],[7.064591,4.858059],[7.064522,4.857985],[7.064623,4.857889],[7.064693,4.857963]]]}},{"type":"Feature","properties":{"h":3.0,"on_route":false},"geometry":{"type":"Polygon","coordinates":[[[7.066973,4.855577],[7.066922,4.855624],[7.066901,4.855602],[7.066952,4.855554],[7.066973,4.855577]]]}},{"type":"Feature","properties":{"h":3.0,"on_route":false},"geometry":{"type":"Polygon","coordinates":[[[7.06303,4.853087],[7.062949,4.853042],[7.063033,4.852888],[7.063114,4.852933],[7.06303,4.853087]]]}},{"type":"Feature","properties":{"h":3.0,"on_route":false},"geometry":{"type":"Polygon","coordinates":[[[7.065381,4.857972],[7.065506,4.857854],[7.065898,4.858269],[7.065694,4.858462],[7.065433,4.858186],[7.065444,4.858175],[7.065249,4.857969],[7.065317,4.857904],[7.065381,4.857972]]]}},{"type":"Feature","properties":{"h":3.0,"on_route":false},"geometry":{"type":"Polygon","coordinates":[[[7.062782,4.85378],[7.062703,4.853815],[7.062691,4.853787],[7.062769,4.853753],[7.062782,4.85378]]]}},{"type":"Feature","properties":{"h":3.0,"on_route":false},"geometry":{"type":"Polygon","coordinates":[[[7.063329,4.854218],[7.063312,4.854266],[7.063063,4.854175],[7.063081,4.854126],[7.063329,4.854218]]]}},{"type":"Feature","properties":{"h":3.0,"on_route":false},"geometry":{"type":"Polygon","coordinates":[[[7.063171,4.854526],[7.063121,4.854511],[7.063177,4.854329],[7.063227,4.854344],[7.063171,4.854526]]]}},{"type":"Feature","properties":{"h":3.0,"on_route":false},"geometry":{"type":"Polygon","coordinates":[[[7.071774,4.854181],[7.071763,4.854221],[7.071731,4.854213],[7.071741,4.854172],[7.071774,4.854181]]]}},{"type":"Feature","properties":{"h":3.0,"on_route":false},"geometry":{"type":"Polygon","coordinates":[[[7.06976,4.851282],[7.069825,4.85118],[7.069992,4.851287],[7.069926,4.851389],[7.06976,4.851282]]]}},{"type":"Feature","properties":{"h":3.0,"on_route":false},"geometry":{"type":"Polygon","coordinates":[[[7.064554,4.855609],[7.06442,4.855775],[7.064359,4.855725],[7.064493,4.855559],[7.064554,4.855609]]]}},{"type":"Feature","properties":{"h":3.0,"on_route":false},"geometry":{"type":"Polygon","coordinates":[[[7.067134,4.852104],[7.067077,4.852271],[7.066973,4.852235],[7.067029,4.852068],[7.067134,4.852104]]]}},{"type":"Feature","properties":{"h":3.0,"on_route":false},"geometry":{"type":"Polygon","coordinates":[[[7.068908,4.853518],[7.068896,4.853538],[7.068855,4.853513],[7.068867,4.853493],[7.068908,4.853518]]]}},{"type":"Feature","properties":{"h":3.0,"on_route":false},"geometry":{"type":"Polygon","coordinates":[[[7.069062,4.853428],[7.069003,4.853376],[7.069196,4.853155],[7.069255,4.853207],[7.069062,4.853428]]]}},{"type":"Feature","properties":{"h":3.0,"on_route":false},"geometry":{"type":"Polygon","coordinates":[[[7.067662,4.852446],[7.067616,4.852557],[7.067346,4.852447],[7.067391,4.852335],[7.067662,4.852446]]]}},{"type":"Feature","properties":{"h":3.0,"on_route":false},"geometry":{"type":"Polygon","coordinates":[[[7.068337,4.858112],[7.068295,4.858389],[7.068167,4.85837],[7.068209,4.858092],[7.068337,4.858112]]]}},{"type":"Feature","properties":{"h":3.0,"on_route":false},"geometry":{"type":"Polygon","coordinates":[[[7.063867,4.851938],[7.063871,4.851973],[7.063827,4.851977],[7.063823,4.851943],[7.063867,4.851938]]]}},{"type":"Feature","properties":{"h":3.0,"on_route":false},"geometry":{"type":"Polygon","coordinates":[[[7.067609,4.850538],[7.067513,4.850565],[7.067505,4.850538],[7.067602,4.850511],[7.067609,4.850538]]]}},{"type":"Feature","properties":{"h":3.0,"on_route":false},"geometry":{"type":"Polygon","coordinates":[[[7.066444,4.853641],[7.066339,4.853663],[7.066334,4.853641],[7.066439,4.853619],[7.066444,4.853641]]]}},{"type":"Feature","properties":{"h":3.0,"on_route":false},"geometry":{"type":"Polygon","coordinates":[[[7.063432,4.855306],[7.063475,4.855539],[7.063423,4.855549],[7.06338,4.855316],[7.063432,4.855306]]]}},{"type":"Feature","properties":{"h":3.0,"on_route":false},"geometry":{"type":"Polygon","coordinates":[[[7.064122,4.853223],[7.06411,4.853263],[7.064135,4.85327],[7.064108,4.853355],[7.063898,4.853289],[7.063936,4.853165],[7.064122,4.853223]]]}},{"type":"Feature","properties":{"h":3.0,"on_route":false},"geometry":{"type":"Polygon","coordinates":[[[7.067905,4.858689],[7.067898,4.858764],[7.067845,4.858759],[7.067852,4.858684],[7.067905,4.858689]]]}},{"type":"Feature","properties":{"h":3.0,"on_route":false},"geometry":{"type":"Polygon","coordinates":[[[7.066221,4.857958],[7.066354,4.858004],[7.066341,4.858042],[7.066207,4.857996],[7.066221,4.857958]]]}},{"type":"Feature","properties":{"h":3.0,"on_route":false},"geometry":{"type":"Polygon","coordinates":[[[7.067229,4.850457],[7.067172,4.850478],[7.067154,4.85043],[7.067211,4.850409],[7.067229,4.850457]]]}},{"type":"Feature","properties":{"h":3.0,"on_route":false},"geometry":{"type":"Polygon","coordinates":[[[7.070928,4.855554],[7.070891,4.85564],[7.07081,4.855606],[7.070847,4.855519],[7.070928,4.855554]]]}},{"type":"Feature","properties":{"h":3.0,"on_route":false},"geometry":{"type":"Polygon","coordinates":[[[7.066829,4.858157],[7.066802,4.858127],[7.066814,4.858116],[7.066802,4.858103],[7.066805,4.858101],[7.066793,4.858087],[7.066774,4.858103],[7.066716,4.858036],[7.066672,4.858074],[7.066688,4.858093],[7.066675,4.858105],[7.066729,4.858168],[7.066481,4.858384],[7.066238,4.858604],[7.06623,4.858595],[7.065408,4.859307],[7.065312,4.859196],[7.066275,4.858362],[7.066651,4.858022],[7.066645,4.858016],[7.066648,4.858014],[7.066642,4.858006],[7.066724,4.857934],[7.066834,4.858062],[7.06686,4.858039],[7.066882,4.858065],[7.066855,4.858089],[7.06688,4.858119],[7.066879,4.858119],[7.06689,4.858131],[7.066859,4.858159],[7.066892,4.858198],[7.066888,4.858202],[7.066895,4.85821],[7.066869,4.858232],[7.066817,4.858172],[7.066827,4.858164],[7.066824,4.858161],[7.066829,4.858157]]]}},{"type":"Feature","properties":{"h":3.0,"on_route":false},"geometry":{"type":"Polygon","coordinates":[[[7.066229,4.857392],[7.066269,4.857351],[7.066313,4.857394],[7.066241,4.857469],[7.065939,4.857177],[7.065972,4.857143],[7.066229,4.857392]]]}},{"type":"Feature","properties":{"h":3.0,"on_route":false},"geometry":{"type":"Polygon","coordinates":[[[7.064426,4.85593],[7.06439,4.855973],[7.064197,4.855811],[7.064232,4.855768],[7.064426,4.85593]]]}},{"type":"Feature","properties":{"h":3.0,"on_route":false},"geometry":{"type":"Polygon","coordinates":[[[7.064302,4.853179],[7.064274,4.853248],[7.064198,4.853216],[7.064226,4.853148],[7.064302,4.853179]]]}},{"type":"Feature","properties":{"h":3.0,"on_route":false},"geometry":{"type":"Polygon","coordinates":[[[7.068224,4.855623],[7.068198,4.8556],[7.068256,4.855537],[7.068281,4.85556],[7.068224,4.855623]]]}},{"type":"Feature","properties":{"h":3.0,"on_route":false},"geometry":{"type":"Polygon","coordinates":[[[7.068643,4.855568],[7.068567,4.855652],[7.068531,4.855618],[7.068606,4.855535],[7.068643,4.855568]]]}},{"type":"Feature","properties":{"h":3.0,"on_route":false},"geometry":{"type":"Polygon","coordinates":[[[7.068429,4.855731],[7.068355,4.855812],[7.068288,4.85575],[7.068362,4.855669],[7.068429,4.855731]]]}},{"type":"Feature","properties":{"h":3.0,"on_route":false},"geometry":{"type":"Polygon","coordinates":[[[7.06452,4.856208],[7.064515,4.856212],[7.064712,4.856416],[7.06463,4.856496],[7.065144,4.857027],[7.064694,4.857465],[7.064468,4.857231],[7.064484,4.857216],[7.064451,4.857181],[7.064509,4.857125],[7.064488,4.857102],[7.06443,4.857159],[7.064335,4.857061],[7.064485,4.856916],[7.064469,4.856899],[7.064319,4.857045],[7.064235,4.856958],[7.064249,4.856944],[7.063996,4.856682],[7.064502,4.856189],[7.06452,4.856208]]]}},{"type":"Feature","properties":{"h":3.0,"on_route":false},"geometry":{"type":"Polygon","coordinates":[[[7.066096,4.852251],[7.066094,4.852287],[7.066027,4.852284],[7.066029,4.852248],[7.066096,4.852251]]]}},{"type":"Feature","properties":{"h":3.0,"on_route":false},"geometry":{"type":"Polygon","coordinates":[[[7.067168,4.858848],[7.067111,4.858862],[7.067098,4.858812],[7.067155,4.858797],[7.067168,4.858848]]]}},{"type":"Feature","properties":{"h":3.0,"on_route":false},"geometry":{"type":"Polygon","coordinates":[[[7.067696,4.85843],[7.067654,4.858602],[7.067483,4.858561],[7.06751,4.85845],[7.067464,4.858439],[7.067479,4.858377],[7.067696,4.85843]]]}},{"type":"Feature","properties":{"h":3.0,"on_route":false},"geometry":{"type":"Polygon","coordinates":[[[7.066027,4.853507],[7.066006,4.853553],[7.065948,4.853526],[7.065969,4.85348],[7.066027,4.853507]]]}},{"type":"Feature","properties":{"h":3.0,"on_route":false},"geometry":{"type":"Polygon","coordinates":[[[7.068622,4.858701],[7.068602,4.858825],[7.06855,4.858817],[7.068543,4.858858],[7.068487,4.858849],[7.068494,4.858807],[7.068445,4.858799],[7.068466,4.858675],[7.068622,4.858701]]]}},{"type":"Feature","properties":{"h":3.0,"on_route":false},"geometry":{"type":"Polygon","coordinates":[[[7.068221,4.855019],[7.06848,4.855284],[7.068459,4.855305],[7.068369,4.855213],[7.068346,4.855236],[7.068177,4.855063],[7.068221,4.855019]]]}},{"type":"Feature","properties":{"h":3.0,"on_route":false},"geometry":{"type":"Polygon","coordinates":[[[7.0648,4.857617],[7.064749,4.857662],[7.064526,4.857411],[7.064577,4.857366],[7.0648,4.857617]]]}},{"type":"Feature","properties":{"h":3.0,"on_route":false},"geometry":{"type":"Polygon","coordinates":[[[7.070523,4.85182],[7.070466,4.851771],[7.070601,4.851612],[7.070658,4.851661],[7.070523,4.85182]]]}},{"type":"Feature","properties":{"h":3.0,"on_route":false},"geometry":{"type":"Polygon","coordinates":[[[7.068119,4.857106],[7.068075,4.857072],[7.068163,4.856957],[7.068207,4.856991],[7.068119,4.857106]]]}},{"type":"Feature","properties":{"h":3.0,"on_route":false},"geometry":{"type":"Polygon","coordinates":[[[7.069184,4.858019],[7.069177,4.85815],[7.069036,4.858143],[7.069043,4.858011],[7.069184,4.858019]]]}},{"type":"Feature","properties":{"h":3.0,"on_route":false},"geometry":{"type":"Polygon","coordinates":[[[7.068429,4.852881],[7.068409,4.852936],[7.068203,4.852863],[7.068222,4.852808],[7.068429,4.852881]]]}},{"type":"Feature","properties":{"h":3.0,"on_route":false},"geometry":{"type":"Polygon","coordinates":[[[7.067712,4.851634],[7.067632,4.85165],[7.067619,4.851585],[7.067699,4.851569],[7.067712,4.851634]]]}},{"type":"Feature","properties":{"h":3.0,"on_route":false},"geometry":{"type":"Polygon","coordinates":[[[7.070971,4.855885],[7.070916,4.856],[7.070822,4.855955],[7.070877,4.85584],[7.070971,4.855885]]]}},{"type":"Feature","properties":{"h":3.0,"on_route":false},"geometry":{"type":"Polygon","coordinates":[[[7.069092,4.854582],[7.069078,4.85462],[7.069027,4.854602],[7.069041,4.854563],[7.069092,4.854582]]]}},{"type":"Feature","properties":{"h":3.0,"on_route":false},"geometry":{"type":"Polygon","coordinates":[[[7.064476,4.855431],[7.064461,4.855472],[7.064429,4.855461],[7.064444,4.85542],[7.064476,4.855431]]]}},{"type":"Feature","properties":{"h":3.0,"on_route":false},"geometry":{"type":"Polygon","coordinates":[[[7.068423,4.850837],[7.068396,4.85079],[7.068482,4.850739],[7.068509,4.850785],[7.068423,4.850837]]]}},{"type":"Feature","properties":{"h":3.0,"on_route":false},"geometry":{"type":"Polygon","coordinates":[[[7.063153,4.854654],[7.063142,4.854844],[7.063052,4.854839],[7.063063,4.854649],[7.063153,4.854654]]]}},{"type":"Feature","properties":{"h":3.0,"on_route":false},"geometry":{"type":"Polygon","coordinates":[[[7.065035,4.856352],[7.065085,4.856421],[7.065058,4.85644],[7.065122,4.856529],[7.065096,4.856548],[7.064983,4.85639],[7.065035,4.856352]]]}},{"type":"Feature","properties":{"h":3.0,"on_route":false},"geometry":{"type":"Polygon","coordinates":[[[7.065148,4.858343],[7.065066,4.858428],[7.065407,4.85876],[7.065329,4.85884],[7.064841,4.858365],[7.065001,4.8582],[7.065148,4.858343]]]}},{"type":"Feature","properties":{"h":3.0,"on_route":false},"geometry":{"type":"Polygon","coordinates":[[[7.067622,4.850959],[7.067633,4.851013],[7.067699,4.851],[7.067713,4.851064],[7.067607,4.851086],[7.067582,4.850967],[7.067622,4.850959]]]}},{"type":"Feature","properties":{"h":3.0,"on_route":false},"geometry":{"type":"Polygon","coordinates":[[[7.063903,4.856538],[7.063869,4.856498],[7.064044,4.85635],[7.064078,4.85639],[7.063903,4.856538]]]}},{"type":"Feature","properties":{"h":3.0,"on_route":false},"geometry":{"type":"Polygon","coordinates":[[[7.066993,4.850345],[7.067014,4.850336],[7.06705,4.850423],[7.066963,4.85046],[7.066888,4.850278],[7.066954,4.85025],[7.066993,4.850345]]]}},{"type":"Feature","properties":{"h":3.0,"on_route":false},"geometry":{"type":"Polygon","coordinates":[[[7.067007,4.8524],[7.066975,4.852497],[7.066878,4.852464],[7.066846,4.852556],[7.066755,4.852525],[7.066765,4.852495],[7.066746,4.852489],[7.0668,4.85233],[7.067007,4.8524]]]}},{"type":"Feature","properties":{"h":3.0,"on_route":false},"geometry":{"type":"Polygon","coordinates":[[[7.066125,4.85193],[7.066132,4.852064],[7.065954,4.852073],[7.065946,4.851939],[7.066125,4.85193]]]}},{"type":"Feature","properties":{"h":3.0,"on_route":false},"geometry":{"type":"Polygon","coordinates":[[[7.064493,4.855768],[7.064468,4.855807],[7.064424,4.855778],[7.064449,4.855739],[7.064493,4.855768]]]}},{"type":"Feature","properties":{"h":3.0,"on_route":false},"geometry":{"type":"Polygon","coordinates":[[[7.066683,4.857496],[7.06643,4.857736],[7.066319,4.857619],[7.066573,4.857379],[7.066683,4.857496]]]}},{"type":"Feature","properties":{"h":3.0,"on_route":false},"geometry":{"type":"Polygon","coordinates":[[[7.067086,4.858429],[7.067034,4.858449],[7.067011,4.858386],[7.067063,4.858367],[7.067086,4.858429]]]}},{"type":"Feature","properties":{"h":3.0,"on_route":false},"geometry":{"type":"Polygon","coordinates":[[[7.06573,4.856203],[7.065714,4.85623],[7.065648,4.85619],[7.065665,4.856163],[7.06573,4.856203]]]}},{"type":"Feature","properties":{"h":3.0,"on_route":false},"geometry":{"type":"Polygon","coordinates":[[[7.065523,4.852955],[7.065508,4.852989],[7.065524,4.852996],[7.065518,4.853008],[7.065509,4.853004],[7.065501,4.853024],[7.065367,4.852965],[7.065381,4.852933],[7.065353,4.852921],[7.065368,4.852888],[7.065523,4.852955]]]}},{"type":"Feature","properties":{"h":3.0,"on_route":false},"geometry":{"type":"Polygon","coordinates":[[[7.064141,4.851661],[7.064141,4.851776],[7.064101,4.851776],[7.064101,4.851661],[7.064141,4.851661]]]}},{"type":"Feature","properties":{"h":3.0,"on_route":false},"geometry":{"type":"Polygon","coordinates":[[[7.063255,4.852946],[7.063232,4.852988],[7.063146,4.852941],[7.063169,4.852899],[7.063255,4.852946]]]}},{"type":"Feature","properties":{"h":3.0,"on_route":false},"geometry":{"type":"Polygon","coordinates":[[[7.068558,4.857216],[7.068547,4.857262],[7.068445,4.857238],[7.068456,4.857191],[7.068558,4.857216]]]}},{"type":"Feature","properties":{"h":3.0,"on_route":false},"geometry":{"type":"Polygon","coordinates":[[[7.069564,4.850916],[7.069542,4.850975],[7.069468,4.850947],[7.06949,4.850888],[7.069564,4.850916]]]}},{"type":"Feature","properties":{"h":3.0,"on_route":false},"geometry":{"type":"Polygon","coordinates":[[[7.06436,4.854011],[7.064281,4.854112],[7.064243,4.854082],[7.064323,4.853981],[7.06436,4.854011]]]}},{"type":"Feature","properties":{"h":3.0,"on_route":false},"geometry":{"type":"Polygon","coordinates":[[[7.067874,4.857323],[7.067752,4.857403],[7.067692,4.857311],[7.067724,4.85729],[7.067744,4.857322],[7.067835,4.857262],[7.067874,4.857323]]]}},{"type":"Feature","properties":{"h":3.0,"on_route":false},"geometry":{"type":"Polygon","coordinates":[[[7.068576,4.853113],[7.068552,4.853159],[7.068441,4.853102],[7.068464,4.853056],[7.068576,4.853113]]]}},{"type":"Feature","properties":{"h":3.0,"on_route":false},"geometry":{"type":"Polygon","coordinates":[[[7.068755,4.855826],[7.06873,4.855858],[7.068699,4.855844],[7.068699,4.855802],[7.068742,4.855802],[7.068755,4.855826]]]}},{"type":"Feature","properties":{"h":3.0,"on_route":false},"geometry":{"type":"Polygon","coordinates":[[[7.065808,4.856523],[7.065894,4.856548],[7.065879,4.856599],[7.065793,4.856574],[7.065808,4.856523]]]}},{"type":"Feature","properties":{"h":3.0,"on_route":false},"geometry":{"type":"Polygon","coordinates":[[[7.065001,4.85766],[7.064849,4.857825],[7.064787,4.857767],[7.065091,4.857438],[7.065153,4.857496],[7.065001,4.85766]]]}},{"type":"Feature","properties":{"h":3.0,"on_route":false},"geometry":{"type":"Polygon","coordinates":[[[7.06827,4.855159],[7.068112,4.855314],[7.068019,4.855218],[7.068177,4.855063],[7.06827,4.855159]]]}},{"type":"Feature","properties":{"h":3.0,"on_route":false},"geometry":{"type":"Polygon","coordinates":[[[7.070513,4.85651],[7.070465,4.856625],[7.070404,4.856599],[7.070452,4.856484],[7.070513,4.85651]]]}},{"type":"Feature","properties":{"h":3.0,"on_route":false},"geometry":{"type":"Polygon","coordinates":[[[7.067617,4.851733],[7.067478,4.851761],[7.067456,4.851656],[7.067595,4.851627],[7.067617,4.851733]]]}},{"type":"Feature","properties":{"h":3.0,"on_route":false},"geometry":{"type":"Polygon","coordinates":[[[7.068243,4.850455],[7.068194,4.850485],[7.068105,4.850343],[7.068155,4.850312],[7.068243,4.850455]]]}},{"type":"Feature","properties":{"h":3.0,"on_route":false},"geometry":{"type":"Polygon","coordinates":[[[7.06442,4.856097],[7.064253,4.856239],[7.06422,4.8562],[7.064387,4.856057],[7.06442,4.856097]]]}},{"type":"Feature","properties":{"h":3.0,"on_route":false},"geometry":{"type":"Polygon","coordinates":[[[7.06486,4.852556],[7.064757,4.852561],[7.064745,4.852339],[7.064847,4.852333],[7.06486,4.852556]]]}},{"type":"Feature","properties":{"h":3.0,"on_route":false},"geometry":{"type":"Polygon","coordinates":[[[7.063497,4.854119],[7.063055,4.853795],[7.063094,4.853741],[7.063536,4.854065],[7.063497,4.854119]]]}},{"type":"Feature","properties":{"h":3.0,"on_route":false},"geometry":{"type":"Polygon","coordinates":[[[7.062881,4.854267],[7.062877,4.854318],[7.062667,4.854301],[7.062671,4.85425],[7.062881,4.854267]]]}},{"type":"Feature","properties":{"h":3.0,"on_route":false},"geometry":{"type":"Polygon","coordinates":[[[7.070019,4.853408],[7.07006,4.853368],[7.070194,4.853504],[7.070215,4.853482],[7.070246,4.853513],[7.070143,4.853616],[7.069961,4.853431],[7.070003,4.853391],[7.070019,4.853408]]]}},{"type":"Feature","properties":{"h":3.0,"on_route":false},"geometry":{"type":"Polygon","coordinates":[[[7.064122,4.856424],[7.064086,4.856382],[7.064424,4.856095],[7.064459,4.856137],[7.064122,4.856424]]]}},{"type":"Feature","properties":{"h":3.0,"on_route":false},"geometry":{"type":"Polygon","coordinates":[[[7.065311,4.853086],[7.065277,4.853161],[7.065247,4.853148],[7.065225,4.853197],[7.065148,4.853162],[7.065203,4.853038],[7.065311,4.853086]]]}},{"type":"Feature","properties":{"h":3.0,"on_route":false},"geometry":{"type":"Polygon","coordinates":[[[7.067286,4.852483],[7.067242,4.852594],[7.067127,4.852548],[7.067154,4.85248],[7.06713,4.852471],[7.067147,4.852427],[7.067286,4.852483]]]}},{"type":"Feature","properties":{"h":3.0,"on_route":false},"geometry":{"type":"Polygon","coordinates":[[[7.067192,4.858922],[7.067142,4.858941],[7.067132,4.858914],[7.067182,4.858895],[7.067192,4.858922]]]}},{"type":"Feature","properties":{"h":3.0,"on_route":false},"geometry":{"type":"Polygon","coordinates":[[[7.066181,4.856113],[7.066143,4.856156],[7.06611,4.856126],[7.066148,4.856084],[7.066181,4.856113]]]}},{"type":"Feature","properties":{"h":3.0,"on_route":false},"geometry":{"type":"Polygon","coordinates":[[[7.06366,4.855145],[7.063557,4.855181],[7.063548,4.855155],[7.063651,4.855118],[7.06366,4.855145]]]}},{"type":"Feature","properties":{"h":3.0,"on_route":false},"geometry":{"type":"Polygon","coordinates":[[[7.068872,4.851322],[7.068861,4.851388],[7.068749,4.851368],[7.068761,4.851302],[7.068872,4.851322]]]}},{"type":"Feature","properties":{"h":3.0,"on_route":false},"geometry":{"type":"Polygon","coordinates":[[[7.064374,4.852595],[7.064342,4.852739],[7.064271,4.852724],[7.064303,4.85258],[7.064374,4.852595]]]}},{"type":"Feature","properties":{"h":3.0,"on_route":false},"geometry":{"type":"Polygon","coordinates":[[[7.071667,4.85521],[7.071639,4.855198],[7.071666,4.855135],[7.071694,4.855147],[7.071667,4.85521]]]}},{"type":"Feature","properties":{"h":3.0,"on_route":false},"geometry":{"type":"Polygon","coordinates":[[[7.068003,4.850562],[7.067978,4.850568],[7.06799,4.850619],[7.067913,4.850638],[7.067875,4.850485],[7.067978,4.85046],[7.068003,4.850562]]]}},{"type":"Feature","properties":{"h":3.0,"on_route":false},"geometry":{"type":"Polygon","coordinates":[[[7.06582,4.85094],[7.065829,4.850999],[7.06576,4.85101],[7.065751,4.85095],[7.06582,4.85094]]]}},{"type":"Feature","properties":{"h":3.0,"on_route":false},"geometry":{"type":"Polygon","coordinates":[[[7.068683,4.855524],[7.068659,4.855551],[7.068623,4.855517],[7.068647,4.855491],[7.068683,4.855524]]]}},{"type":"Feature","properties":{"h":3.0,"on_route":false},"geometry":{"type":"Polygon","coordinates":[[[7.066312,4.857659],[7.06631,4.857666],[7.066433,4.857705],[7.066415,4.85776],[7.066138,4.857672],[7.066157,4.85761],[7.066312,4.857659]]]}},{"type":"Feature","properties":{"h":3.0,"on_route":false},"geometry":{"type":"Polygon","coordinates":[[[7.062924,4.854038],[7.062857,4.854221],[7.062802,4.854201],[7.062869,4.854018],[7.062924,4.854038]]]}},{"type":"Feature","properties":{"h":3.0,"on_route":false},"geometry":{"type":"Polygon","coordinates":[[[7.069057,4.850902],[7.069027,4.851023],[7.06885,4.850978],[7.06888,4.850857],[7.069057,4.850902]]]}},{"type":"Feature","properties":{"h":3.0,"on_route":false},"geometry":{"type":"Polygon","coordinates":[[[7.069388,4.857909],[7.069365,4.857999],[7.069244,4.857967],[7.069267,4.857878],[7.069388,4.857909]]]}},{"type":"Feature","properties":{"h":3.0,"on_route":false},"geometry":{"type":"Polygon","coordinates":[[[7.064319,4.854874],[7.064198,4.855015],[7.064141,4.854966],[7.064262,4.854825],[7.064319,4.854874]]]}},{"type":"Feature","properties":{"h":3.0,"on_route":false},"geometry":{"type":"Polygon","coordinates":[[[7.065763,4.856427],[7.065741,4.856504],[7.065623,4.856469],[7.065645,4.856393],[7.065763,4.856427]]]}},{"type":"Feature","properties":{"h":3.0,"on_route":false},"geometry":{"type":"Polygon","coordinates":[[[7.066935,4.850982],[7.066808,4.851006],[7.066777,4.850836],[7.066904,4.850812],[7.066935,4.850982]]]}},{"type":"Feature","properties":{"h":3.0,"on_route":false},"geometry":{"type":"Polygon","coordinates":[[[7.067411,4.852115],[7.067359,4.852288],[7.067219,4.852246],[7.067271,4.852073],[7.067411,4.852115]]]}},{"type":"Feature","properties":{"h":3.0,"on_route":false},"geometry":{"type":"Polygon","coordinates":[[[7.065096,4.852557],[7.065098,4.852588],[7.06506,4.852592],[7.065057,4.852561],[7.065096,4.852557]]]}},{"type":"Feature","properties":{"h":3.0,"on_route":false},"geometry":{"type":"Polygon","coordinates":[[[7.064725,4.856454],[7.064658,4.856518],[7.064633,4.856491],[7.0647,4.856428],[7.064725,4.856454]]]}},{"type":"Feature","properties":{"h":3.0,"on_route":false},"geometry":{"type":"Polygon","coordinates":[[[7.067857,4.857067],[7.067843,4.857091],[7.067814,4.857075],[7.067828,4.857051],[7.067857,4.857067]]]}},{"type":"Feature","properties":{"h":3.0,"on_route":false},"geometry":{"type":"Polygon","coordinates":[[[7.065592,4.858558],[7.065563,4.858586],[7.06552,4.858542],[7.065549,4.858513],[7.065592,4.858558]]]}},{"type":"Feature","properties":{"h":3.0,"on_route":false},"geometry":{"type":"Polygon","coordinates":[[[7.066898,4.853285],[7.066883,4.853322],[7.066819,4.853295],[7.066834,4.853258],[7.066898,4.853285]]]}},{"type":"Feature","properties":{"h":3.0,"on_route":false},"geometry":{"type":"Polygon","coordinates":[[[7.070497,4.853848],[7.070373,4.853933],[7.070185,4.853658],[7.070309,4.853573],[7.070497,4.853848]]]}},{"type":"Feature","properties":{"h":3.0,"on_route":false},"geometry":{"type":"Polygon","coordinates":[[[7.068356,4.857981],[7.068348,4.85803],[7.068297,4.858023],[7.068304,4.857974],[7.068356,4.857981]]]}},{"type":"Feature","properties":{"h":3.0,"on_route":false},"geometry":{"type":"Polygon","coordinates":[[[7.066356,4.856132],[7.066329,4.856179],[7.066221,4.856116],[7.066248,4.856069],[7.066356,4.856132]]]}},{"type":"Feature","properties":{"h":3.0,"on_route":false},"geometry":{"type":"Polygon","coordinates":[[[7.070968,4.852173],[7.07089,4.852239],[7.07082,4.852157],[7.070899,4.852091],[7.070968,4.852173]]]}},{"type":"Feature","properties":{"h":3.0,"on_route":false},"geometry":{"type":"Polygon","coordinates":[[[7.067479,4.856685],[7.067401,4.856796],[7.067347,4.856758],[7.067425,4.856647],[7.067479,4.856685]]]}},{"type":"Feature","properties":{"h":3.0,"on_route":false},"geometry":{"type":"Polygon","coordinates":[[[7.064483,4.855996],[7.06453,4.855948],[7.06458,4.855998],[7.064516,4.856063],[7.064537,4.856083],[7.064495,4.856125],[7.064373,4.856003],[7.064431,4.855945],[7.064483,4.855996]]]}},{"type":"Feature","properties":{"h":3.0,"on_route":false},"geometry":{"type":"Polygon","coordinates":[[[7.071779,4.855185],[7.071738,4.855278],[7.071654,4.855241],[7.071694,4.855147],[7.071779,4.855185]]]}},{"type":"Feature","properties":{"h":3.0,"on_route":false},"geometry":{"type":"Polygon","coordinates":[[[7.068259,4.855472],[7.068257,4.855512],[7.068217,4.855509],[7.06822,4.855469],[7.068259,4.855472]]]}},{"type":"Feature","properties":{"h":3.0,"on_route":false},"geometry":{"type":"Polygon","coordinates":[[[7.067122,4.858526],[7.067087,4.858535],[7.067076,4.858494],[7.067111,4.858485],[7.067122,4.858526]]]}},{"type":"Feature","properties":{"h":3.0,"on_route":false},"geometry":{"type":"Polygon","coordinates":[[[7.064192,4.855354],[7.064152,4.85532],[7.064241,4.855216],[7.064281,4.85525],[7.064192,4.855354]]]}},{"type":"Feature","properties":{"h":3.0,"on_route":false},"geometry":{"type":"Polygon","coordinates":[[[7.069613,4.853035],[7.069577,4.853064],[7.069564,4.853047],[7.0696,4.853018],[7.069613,4.853035]]]}},{"type":"Feature","properties":{"h":3.0,"on_route":false},"geometry":{"type":"Polygon","coordinates":[[[7.068355,4.855812],[7.068344,4.855824],[7.068364,4.855842],[7.068328,4.855883],[7.06824,4.855803],[7.068288,4.85575],[7.068355,4.855812]]]}},{"type":"Feature","properties":{"h":3.0,"on_route":false},"geometry":{"type":"Polygon","coordinates":[[[7.066639,4.85255],[7.066556,4.852782],[7.06645,4.852744],[7.066533,4.852512],[7.066639,4.85255]]]}},{"type":"Feature","properties":{"h":3.0,"on_route":false},"geometry":{"type":"Polygon","coordinates":[[[7.069707,4.854394],[7.069677,4.85444],[7.069628,4.854406],[7.069658,4.854361],[7.069707,4.854394]]]}},{"type":"Feature","properties":{"h":3.0,"on_route":false},"geometry":{"type":"Polygon","coordinates":[[[7.063087,4.854291],[7.063013,4.854519],[7.062951,4.854498],[7.06296,4.854468],[7.062931,4.854459],[7.062995,4.854261],[7.063087,4.854291]]]}},{"type":"Feature","properties":{"h":3.0,"on_route":false},"geometry":{"type":"Polygon","coordinates":[[[7.06565,4.851133],[7.065655,4.851151],[7.065632,4.851158],[7.065637,4.851177],[7.065663,4.851169],[7.065714,4.851339],[7.065608,4.851371],[7.065593,4.851321],[7.065573,4.851327],[7.065526,4.851171],[7.06565,4.851133]]]}},{"type":"Feature","properties":{"h":3.0,"on_route":false},"geometry":{"type":"Polygon","coordinates":[[[7.069246,4.851701],[7.069206,4.851782],[7.069227,4.851792],[7.069182,4.851882],[7.069094,4.851838],[7.069106,4.851813],[7.069014,4.851767],[7.069047,4.851701],[7.069022,4.851689],[7.069063,4.851609],[7.069246,4.851701]]]}},{"type":"Feature","properties":{"h":3.0,"on_route":false},"geometry":{"type":"Polygon","coordinates":[[[7.065076,4.852597],[7.065062,4.852656],[7.0651,4.852665],[7.065087,4.85272],[7.064883,4.852673],[7.064909,4.852558],[7.065076,4.852597]]]}},{"type":"Feature","properties":{"h":3.0,"on_route":false},"geometry":{"type":"Polygon","coordinates":[[[7.065915,4.851491],[7.065863,4.851507],[7.065847,4.851453],[7.065899,4.851437],[7.065915,4.851491]]]}},{"type":"Feature","properties":{"h":3.0,"on_route":false},"geometry":{"type":"Polygon","coordinates":[[[7.062979,4.854023],[7.062923,4.853983],[7.062902,4.854012],[7.062816,4.853951],[7.062853,4.853898],[7.06294,4.853959],[7.063049,4.853803],[7.063105,4.853843],[7.062979,4.854023]]]}},{"type":"Feature","properties":{"h":3.0,"on_route":false},"geometry":{"type":"Polygon","coordinates":[[[7.064799,4.855088],[7.064721,4.855136],[7.064694,4.855092],[7.064772,4.855044],[7.064799,4.855088]]]}},{"type":"Feature","properties":{"h":3.0,"on_route":false},"geometry":{"type":"Polygon","coordinates":[[[7.067474,4.851126],[7.06732,4.851158],[7.067305,4.851084],[7.067459,4.851052],[7.067474,4.851126]]]}},{"type":"Feature","properties":{"h":3.0,"on_route":false},"geometry":{"type":"Polygon","coordinates":[[[7.066298,4.853517],[7.066289,4.853542],[7.066256,4.853531],[7.066266,4.853505],[7.066298,4.853517]]]}},{"type":"Feature","properties":{"h":3.0,"on_route":false},"geometry":{"type":"Polygon","coordinates":[[[7.063053,4.854841],[7.063043,4.854992],[7.063,4.854989],[7.06301,4.854838],[7.063053,4.854841]]]}},{"type":"Feature","properties":{"h":3.0,"on_route":false},"geometry":{"type":"Polygon","coordinates":[[[7.065941,4.851881],[7.065943,4.851923],[7.065866,4.851927],[7.065864,4.851885],[7.065941,4.851881]]]}},{"type":"Feature","properties":{"h":3.0,"on_route":false},"geometry":{"type":"Polygon","coordinates":[[[7.064312,4.855575],[7.064263,4.855637],[7.064204,4.855589],[7.064254,4.855528],[7.064312,4.855575]]]}},{"type":"Feature","properties":{"h":3.0,"on_route":false},"geometry":{"type":"Polygon","coordinates":[[[7.06842,4.857849],[7.068424,4.857828],[7.06858,4.857861],[7.068567,4.857923],[7.068393,4.857887],[7.068402,4.857845],[7.06842,4.857849]]]}},{"type":"Feature","properties":{"h":3.0,"on_route":false},"geometry":{"type":"Polygon","coordinates":[[[7.064877,4.853079],[7.064865,4.853112],[7.064721,4.853057],[7.064733,4.853025],[7.064877,4.853079]]]}},{"type":"Feature","properties":{"h":3.0,"on_route":false},"geometry":{"type":"Polygon","coordinates":[[[7.068014,4.851568],[7.067932,4.851583],[7.067902,4.851418],[7.067984,4.851403],[7.068014,4.851568]]]}},{"type":"Feature","properties":{"h":3.0,"on_route":false},"geometry":{"type":"Polygon","coordinates":[[[7.066445,4.855515],[7.066413,4.855573],[7.066386,4.855558],[7.066418,4.8555],[7.066445,4.855515]]]}},{"type":"Feature","properties":{"h":3.0,"on_route":false},"geometry":{"type":"Polygon","coordinates":[[[7.065344,4.853373],[7.065262,4.853549],[7.0652,4.85352],[7.065281,4.853344],[7.065344,4.853373]]]}},{"type":"Feature","properties":{"h":3.0,"on_route":false},"geometry":{"type":"Polygon","coordinates":[[[7.06672,4.852565],[7.06671,4.852607],[7.066678,4.8526],[7.066688,4.852557],[7.06672,4.852565]]]}},{"type":"Feature","properties":{"h":3.0,"on_route":false},"geometry":{"type":"Polygon","coordinates":[[[7.065561,4.850583],[7.065554,4.850666],[7.065485,4.85066],[7.065493,4.850577],[7.065561,4.850583]]]}},{"type":"Feature","properties":{"h":3.0,"on_route":false},"geometry":{"type":"Polygon","coordinates":[[[7.066189,4.857544],[7.066047,4.857677],[7.065932,4.857554],[7.065961,4.857527],[7.06591,4.857472],[7.065939,4.857444],[7.065864,4.857363],[7.065948,4.857285],[7.066189,4.857544]]]}},{"type":"Feature","properties":{"h":3.0,"on_route":false},"geometry":{"type":"Polygon","coordinates":[[[7.064708,4.85229],[7.064706,4.852346],[7.064575,4.852342],[7.064577,4.852286],[7.064708,4.85229]]]}},{"type":"Feature","properties":{"h":3.0,"on_route":false},"geometry":{"type":"Polygon","coordinates":[[[7.067226,4.851945],[7.067199,4.852018],[7.067158,4.852003],[7.067185,4.85193],[7.067226,4.851945]]]}},{"type":"Feature","properties":{"h":3.0,"on_route":false},"geometry":{"type":"Polygon","coordinates":[[[7.062446,4.854016],[7.06254,4.854102],[7.062519,4.854126],[7.062425,4.85404],[7.062446,4.854016]]]}},{"type":"Feature","properties":{"h":3.0,"on_route":false},"geometry":{"type":"Polygon","coordinates":[[[7.064111,4.854613],[7.064083,4.854652],[7.064045,4.854624],[7.064073,4.854585],[7.064111,4.854613]]]}},{"type":"Feature","properties":{"h":3.0,"on_route":false},"geometry":{"type":"Polygon","coordinates":[[[7.06253,4.854208],[7.06248,4.854281],[7.062413,4.854234],[7.062463,4.854161],[7.06253,4.854208]]]}},{"type":"Feature","properties":{"h":3.0,"on_route":false},"geometry":{"type":"Polygon","coordinates":[[[7.066998,4.853581],[7.066994,4.853614],[7.066944,4.853608],[7.066948,4.853575],[7.066998,4.853581]]]}},{"type":"Feature","properties":{"h":3.0,"on_route":false},"geometry":{"type":"Polygon","coordinates":[[[7.069928,4.854069],[7.069834,4.853993],[7.069937,4.853865],[7.070033,4.853943],[7.069928,4.854069]]]}},{"type":"Feature","properties":{"h":3.0,"on_route":false},"geometry":{"type":"Polygon","coordinates":[[[7.069393,4.857651],[7.069378,4.857702],[7.069199,4.85765],[7.069214,4.857599],[7.069393,4.857651]]]}},{"type":"Feature","properties":{"h":3.0,"on_route":false},"geometry":{"type":"Polygon","coordinates":[[[7.065834,4.856601],[7.065787,4.856666],[7.06576,4.856646],[7.065806,4.856581],[7.065834,4.856601]]]}},{"type":"Feature","properties":{"h":3.0,"on_route":false},"geometry":{"type":"Polygon","coordinates":[[[7.063153,4.854581],[7.063148,4.854658],[7.06296,4.854645],[7.062965,4.854569],[7.063153,4.854581]]]}},{"type":"Feature","properties":{"h":3.0,"on_route":false},"geometry":{"type":"Polygon","coordinates":[[[7.0646,4.852838],[7.064564,4.852844],[7.06455,4.852759],[7.064586,4.852753],[7.0646,4.852838]]]}},{"type":"Feature","properties":{"h":3.0,"on_route":false},"geometry":{"type":"Polygon","coordinates":[[[7.068005,4.857204],[7.067953,4.857251],[7.067924,4.857218],[7.067975,4.857171],[7.068005,4.857204]]]}},{"type":"Feature","properties":{"h":3.0,"on_route":false},"geometry":{"type":"Polygon","coordinates":[[[7.064446,4.855623],[7.064363,4.855728],[7.064258,4.855645],[7.06434,4.855539],[7.064446,4.855623]]]}},{"type":"Feature","properties":{"h":3.0,"on_route":false},"geometry":{"type":"Polygon","coordinates":[[[7.066542,4.853386],[7.066516,4.853449],[7.066461,4.853426],[7.066486,4.853364],[7.066542,4.853386]]]}},{"type":"Feature","properties":{"h":3.0,"on_route":false},"geometry":{"type":"Polygon","coordinates":[[[7.067138,4.858733],[7.067107,4.858741],[7.06709,4.858675],[7.067121,4.858667],[7.067138,4.858733]]]}},{"type":"Feature","properties":{"h":3.0,"on_route":false},"geometry":{"type":"Polygon","coordinates":[[[7.070499,4.85496],[7.070355,4.855282],[7.070295,4.855415],[7.070175,4.855361],[7.07038,4.854906],[7.070499,4.85496]]]}},{"type":"Feature","properties":{"h":3.0,"on_route":false},"geometry":{"type":"Polygon","coordinates":[[[7.066828,4.856473],[7.066805,4.856456],[7.066848,4.856395],[7.066872,4.856412],[7.066828,4.856473]]]}},{"type":"Feature","properties":{"h":3.0,"on_route":false},"geometry":{"type":"Polygon","coordinates":[[[7.062806,4.853944],[7.062808,4.854014],[7.062653,4.85402],[7.06265,4.85395],[7.062806,4.853944]]]}},{"type":"Feature","properties":{"h":3.0,"on_route":false},"geometry":{"type":"Polygon","coordinates":[[[7.063979,4.856273],[7.063804,4.856421],[7.063762,4.856372],[7.063779,4.856357],[7.063772,4.856348],[7.063929,4.856214],[7.063979,4.856273]]]}},{"type":"Feature","properties":{"h":3.0,"on_route":false},"geometry":{"type":"Polygon","coordinates":[[[7.064176,4.855021],[7.064143,4.855036],[7.064131,4.85501],[7.064163,4.854995],[7.064176,4.855021]]]}},{"type":"Feature","properties":{"h":3.0,"on_route":false},"geometry":{"type":"Polygon","coordinates":[[[7.06382,4.85291],[7.063812,4.852946],[7.06378,4.85294],[7.063787,4.852903],[7.06382,4.85291]]]}},{"type":"Feature","properties":{"h":3.0,"on_route":false},"geometry":{"type":"Polygon","coordinates":[[[7.063319,4.854869],[7.063268,4.854865],[7.063294,4.854549],[7.063344,4.854553],[7.063319,4.854869]]]}},{"type":"Feature","properties":{"h":3.0,"on_route":false},"geometry":{"type":"Polygon","coordinates":[[[7.065402,4.850927],[7.065162,4.850934],[7.065159,4.850822],[7.065399,4.850816],[7.065402,4.850927]]]}},{"type":"Feature","properties":{"h":3.0,"on_route":true},"geometry":{"type":"Polygon","coordinates":[[[7.065994,4.854297],[7.065994,4.85432],[7.065946,4.85432],[7.065946,4.854297],[7.065994,4.854297]]]}},{"type":"Feature","properties":{"h":3.0,"on_route":false},"geometry":{"type":"Polygon","coordinates":[[[7.062858,4.854315],[7.062856,4.854362],[7.062669,4.854356],[7.062671,4.854309],[7.062858,4.854315]]]}},{"type":"Feature","properties":{"h":3.0,"on_route":false},"geometry":{"type":"Polygon","coordinates":[[[7.065807,4.851783],[7.065559,4.851787],[7.065558,4.851698],[7.065587,4.851698],[7.065587,4.851652],[7.065805,4.851648],[7.065807,4.851783]]]}},{"type":"Feature","properties":{"h":3.0,"on_route":false},"geometry":{"type":"Polygon","coordinates":[[[7.067903,4.857662],[7.067853,4.857697],[7.067822,4.857654],[7.067872,4.857618],[7.067903,4.857662]]]}},{"type":"Feature","properties":{"h":3.0,"on_route":false},"geometry":{"type":"Polygon","coordinates":[[[7.068562,4.858496],[7.06856,4.858507],[7.068617,4.858518],[7.068613,4.858544],[7.0686,4.858541],[7.06858,4.858653],[7.068276,4.858598],[7.068303,4.858449],[7.068562,4.858496]]]}},{"type":"Feature","properties":{"h":3.0,"on_route":false},"geometry":{"type":"Polygon","coordinates":[[[7.067482,4.857079],[7.067447,4.857124],[7.067394,4.857083],[7.067429,4.857038],[7.067482,4.857079]]]}},{"type":"Feature","properties":{"h":3.0,"on_route":false},"geometry":{"type":"Polygon","coordinates":[[[7.066265,4.858371],[7.066118,4.858498],[7.066093,4.85847],[7.06607,4.85849],[7.066041,4.858456],[7.066211,4.858308],[7.066265,4.858371]]]}},{"type":"Feature","properties":{"h":3.0,"on_route":false},"geometry":{"type":"Polygon","coordinates":[[[7.064118,4.854683],[7.064082,4.854722],[7.064012,4.854656],[7.064048,4.854617],[7.064118,4.854683]]]}},{"type":"Feature","properties":{"h":3.0,"on_route":false},"geometry":{"type":"Polygon","coordinates":[[[7.062667,4.854346],[7.062669,4.85442],[7.062552,4.854423],[7.06255,4.854349],[7.062667,4.854346]]]}},{"type":"Feature","properties":{"h":3.0,"on_route":false},"geometry":{"type":"Polygon","coordinates":[[[7.071527,4.85512],[7.071301,4.855047],[7.071339,4.854929],[7.071469,4.854971],[7.071491,4.854902],[7.071587,4.854933],[7.071527,4.85512]]]}},{"type":"Feature","properties":{"h":3.0,"on_route":false},"geometry":{"type":"Polygon","coordinates":[[[7.070517,4.855695],[7.070497,4.855746],[7.070457,4.85573],[7.070477,4.855679],[7.070517,4.855695]]]}},{"type":"Feature","properties":{"h":3.0,"on_route":false},"geometry":{"type":"Polygon","coordinates":[[[7.069801,4.855623],[7.069791,4.855658],[7.069758,4.855649],[7.069768,4.855614],[7.069801,4.855623]]]}},{"type":"Feature","properties":{"h":3.0,"on_route":false},"geometry":{"type":"Polygon","coordinates":[[[7.066057,4.85297],[7.066015,4.853064],[7.065919,4.85302],[7.065905,4.853051],[7.065854,4.853028],[7.06591,4.852903],[7.066057,4.85297]]]}},{"type":"Feature","properties":{"h":3.0,"on_route":false},"geometry":{"type":"Polygon","coordinates":[[[7.066934,4.853115],[7.066923,4.853157],[7.066879,4.853145],[7.06689,4.853103],[7.066934,4.853115]]]}},{"type":"Feature","properties":{"h":3.0,"on_route":false},"geometry":{"type":"Polygon","coordinates":[[[7.063519,4.852377],[7.063517,4.85242],[7.063473,4.852418],[7.063475,4.852374],[7.063519,4.852377]]]}},{"type":"Feature","properties":{"h":3.0,"on_route":false},"geometry":{"type":"Polygon","coordinates":[[[7.067234,4.854598],[7.067215,4.854653],[7.067168,4.854637],[7.067187,4.854582],[7.067234,4.854598]]]}},{"type":"Feature","properties":{"h":3.0,"on_route":false},"geometry":{"type":"Polygon","coordinates":[[[7.06694,4.851216],[7.066792,4.851246],[7.066775,4.851164],[7.066923,4.851134],[7.06694,4.851216]]]}},{"type":"Feature","properties":{"h":3.0,"on_route":false},"geometry":{"type":"Polygon","coordinates":[[[7.065397,4.856402],[7.065388,4.856433],[7.065314,4.856411],[7.065323,4.85638],[7.065397,4.856402]]]}},{"type":"Feature","properties":{"h":3.0,"on_route":false},"geometry":{"type":"Polygon","coordinates":[[[7.065001,4.851908],[7.064997,4.85184],[7.064701,4.851856],[7.0647,4.851832],[7.064618,4.851836],[7.06461,4.851687],[7.064988,4.851666],[7.064993,4.851753],[7.065067,4.851749],[7.065076,4.851904],[7.065001,4.851908]]]}},{"type":"Feature","properties":{"h":3.0,"on_route":false},"geometry":{"type":"Polygon","coordinates":[[[7.066601,4.852776],[7.066563,4.852762],[7.066639,4.85255],[7.066677,4.852564],[7.066601,4.852776]]]}},{"type":"Feature","properties":{"h":3.0,"on_route":false},"geometry":{"type":"Polygon","coordinates":[[[7.068663,4.853035],[7.068656,4.853066],[7.068605,4.853055],[7.068611,4.853024],[7.068663,4.853035]]]}},{"type":"Feature","properties":{"h":3.0,"on_route":false},"geometry":{"type":"Polygon","coordinates":[[[7.070098,4.857583],[7.070094,4.857705],[7.070069,4.857704],[7.070073,4.857583],[7.070098,4.857583]]]}},{"type":"Feature","properties":{"h":3.0,"on_route":false},"geometry":{"type":"Polygon","coordinates":[[[7.06467,4.85185],[7.064676,4.852002],[7.06483,4.851996],[7.064834,4.852096],[7.064586,4.852106],[7.064576,4.851854],[7.06467,4.85185]]]}},{"type":"Feature","properties":{"h":3.0,"on_route":false},"geometry":{"type":"Polygon","coordinates":[[[7.06919,4.857189],[7.069169,4.857277],[7.069115,4.857265],[7.069136,4.857176],[7.06919,4.857189]]]}},{"type":"Feature","properties":{"h":3.0,"on_route":false},"geometry":{"type":"Polygon","coordinates":[[[7.066661,4.853539],[7.066651,4.853579],[7.066562,4.853557],[7.066572,4.853517],[7.066661,4.853539]]]}},{"type":"Feature","properties":{"h":3.0,"on_route":false},"geometry":{"type":"Polygon","coordinates":[[[7.067852,4.850436],[7.067778,4.85047],[7.067681,4.850254],[7.067755,4.85022],[7.067852,4.850436]]]}},{"type":"Feature","properties":{"h":3.0,"on_route":false},"geometry":{"type":"Polygon","coordinates":[[[7.067811,4.857717],[7.067761,4.857741],[7.067742,4.857701],[7.067792,4.857677],[7.067811,4.857717]]]}},{"type":"Feature","properties":{"h":3.0,"on_route":false},"geometry":{"type":"Polygon","coordinates":[[[7.068595,4.855435],[7.068608,4.855462],[7.068582,4.855475],[7.068569,4.855448],[7.068595,4.855435]]]}},{"type":"Feature","properties":{"h":3.0,"on_route":false},"geometry":{"type":"Polygon","coordinates":[[[7.070879,4.855984],[7.07086,4.856027],[7.070811,4.856006],[7.07083,4.855962],[7.070879,4.855984]]]}},{"type":"Feature","properties":{"h":3.0,"on_route":false},"geometry":{"type":"Polygon","coordinates":[[[7.069109,4.854535],[7.069098,4.854564],[7.069048,4.854546],[7.069058,4.854517],[7.069109,4.854535]]]}},{"type":"Feature","properties":{"h":3.0,"on_route":false},"geometry":{"type":"Polygon","coordinates":[[[7.066406,4.857738],[7.066619,4.857751],[7.066616,4.857804],[7.066403,4.857791],[7.066406,4.857738]]]}},{"type":"Feature","properties":{"h":3.0,"on_route":false},"geometry":{"type":"Polygon","coordinates":[[[7.064988,4.853477],[7.064954,4.853525],[7.064849,4.85345],[7.064883,4.853402],[7.064988,4.853477]]]}},{"type":"Feature","properties":{"h":3.0,"on_route":false},"geometry":{"type":"Polygon","coordinates":[[[7.06883,4.850503],[7.068772,4.850596],[7.068737,4.850575],[7.068721,4.850601],[7.068756,4.850623],[7.068714,4.85069],[7.068809,4.850749],[7.068766,4.850818],[7.068716,4.850787],[7.068736,4.850754],[7.068637,4.850692],[7.068684,4.850616],[7.068646,4.850593],[7.068737,4.850445],[7.06883,4.850503]]]}},{"type":"Feature","properties":{"h":3.0,"on_route":false},"geometry":{"type":"Polygon","coordinates":[[[7.063214,4.852623],[7.06321,4.85269],[7.063176,4.852688],[7.063179,4.852621],[7.063214,4.852623]]]}},{"type":"Feature","properties":{"h":3.0,"on_route":false},"geometry":{"type":"Polygon","coordinates":[[[7.063201,4.852978],[7.063188,4.853007],[7.063109,4.852973],[7.063122,4.852943],[7.063201,4.852978]]]}},{"type":"Feature","properties":{"h":3.0,"on_route":false},"geometry":{"type":"Polygon","coordinates":[[[7.064649,4.855063],[7.064629,4.855163],[7.064596,4.855156],[7.064615,4.855056],[7.064649,4.855063]]]}},{"type":"Feature","properties":{"h":3.0,"on_route":false},"geometry":{"type":"Polygon","coordinates":[[[7.070175,4.853674],[7.070155,4.853644],[7.070289,4.853552],[7.07031,4.853582],[7.070175,4.853674]]]}},{"type":"Feature","properties":{"h":3.0,"on_route":false},"geometry":{"type":"Polygon","coordinates":[[[7.063788,4.85592],[7.063751,4.856026],[7.063695,4.856007],[7.063732,4.855901],[7.063788,4.85592]]]}},{"type":"Feature","properties":{"h":3.0,"on_route":false},"geometry":{"type":"Polygon","coordinates":[[[7.068043,4.857891],[7.068041,4.857929],[7.067997,4.857926],[7.068,4.857888],[7.068043,4.857891]]]}},{"type":"Feature","properties":{"h":3.0,"on_route":false},"geometry":{"type":"Polygon","coordinates":[[[7.069463,4.854867],[7.06943,4.854838],[7.069477,4.854782],[7.069511,4.854812],[7.069463,4.854867]]]}},{"type":"Feature","properties":{"h":3.0,"on_route":false},"geometry":{"type":"Polygon","coordinates":[[[7.064258,4.853013],[7.064244,4.853048],[7.064183,4.853024],[7.064197,4.852989],[7.064258,4.853013]]]}},{"type":"Feature","properties":{"h":3.0,"on_route":false},"geometry":{"type":"Polygon","coordinates":[[[7.06774,4.855947],[7.06773,4.855988],[7.067678,4.855976],[7.067688,4.855935],[7.06774,4.855947]]]}},{"type":"Feature","properties":{"h":3.0,"on_route":false},"geometry":{"type":"Polygon","coordinates":[[[7.066403,4.858117],[7.06603,4.858439],[7.066043,4.858454],[7.066022,4.858472],[7.065973,4.858415],[7.066366,4.858075],[7.066403,4.858117]]]}},{"type":"Feature","properties":{"h":3.0,"on_route":false},"geometry":{"type":"Polygon","coordinates":[[[7.063582,4.853108],[7.063581,4.853202],[7.06352,4.853202],[7.063521,4.853108],[7.063582,4.853108]]]}},{"type":"Feature","properties":{"h":3.0,"on_route":false},"geometry":{"type":"Polygon","coordinates":[[[7.066665,4.858919],[7.066634,4.858963],[7.066611,4.858946],[7.066643,4.858903],[7.066665,4.858919]]]}},{"type":"Feature","properties":{"h":3.0,"on_route":false},"geometry":{"type":"Polygon","coordinates":[[[7.068035,4.85675],[7.067971,4.856817],[7.067825,4.856678],[7.067889,4.85661],[7.068035,4.85675]]]}},{"type":"Feature","properties":{"h":3.0,"on_route":false},"geometry":{"type":"Polygon","coordinates":[[[7.068949,4.854916],[7.068923,4.854898],[7.068945,4.854866],[7.068971,4.854885],[7.068949,4.854916]]]}},{"type":"Feature","properties":{"h":3.0,"on_route":false},"geometry":{"type":"Polygon","coordinates":[[[7.066944,4.85265],[7.066854,4.852887],[7.066736,4.852842],[7.066827,4.852605],[7.066944,4.85265]]]}},{"type":"Feature","properties":{"h":3.0,"on_route":false},"geometry":{"type":"Polygon","coordinates":[[[7.06618,4.856196],[7.066148,4.856249],[7.066105,4.856222],[7.066137,4.85617],[7.06618,4.856196]]]}},{"type":"Feature","properties":{"h":3.0,"on_route":false},"geometry":{"type":"Polygon","coordinates":[[[7.066007,4.852654],[7.065982,4.852738],[7.065935,4.852723],[7.06596,4.85264],[7.066007,4.852654]]]}},{"type":"Feature","properties":{"h":3.0,"on_route":false},"geometry":{"type":"Polygon","coordinates":[[[7.066039,4.857152],[7.066162,4.857271],[7.066134,4.8573],[7.066011,4.857181],[7.066039,4.857152]]]}},{"type":"Feature","properties":{"h":3.0,"on_route":false},"geometry":{"type":"Polygon","coordinates":[[[7.066844,4.852263],[7.066824,4.85232],[7.066786,4.852307],[7.066805,4.85225],[7.066844,4.852263]]]}},{"type":"Feature","properties":{"h":3.0,"on_route":false},"geometry":{"type":"Polygon","coordinates":[[[7.066016,4.850706],[7.066021,4.850729],[7.065978,4.850737],[7.065973,4.850713],[7.066016,4.850706]]]}},{"type":"Feature","properties":{"h":3.0,"on_route":false},"geometry":{"type":"Polygon","coordinates":[[[7.070865,4.854956],[7.07081,4.855077],[7.07077,4.855058],[7.070824,4.854937],[7.070865,4.854956]]]}},{"type":"Feature","properties":{"h":3.0,"on_route":false},"geometry":{"type":"Polygon","coordinates":[[[7.066148,4.855832],[7.066106,4.855904],[7.066051,4.855871],[7.066093,4.855799],[7.066148,4.855832]]]}},{"type":"Feature","properties":{"h":3.0,"on_route":false},"geometry":{"type":"Polygon","coordinates":[[[7.071877,4.854636],[7.071835,4.854873],[7.071851,4.854876],[7.071839,4.854946],[7.07175,4.85493],[7.071804,4.854623],[7.071877,4.854636]]]}},{"type":"Feature","properties":{"h":3.0,"on_route":false},"geometry":{"type":"Polygon","coordinates":[[[7.067897,4.851384],[7.067926,4.851549],[7.067853,4.851562],[7.067824,4.851397],[7.067897,4.851384]]]}},{"type":"Feature","properties":{"h":3.0,"on_route":false},"geometry":{"type":"Polygon","coordinates":[[[7.064323,4.854596],[7.064298,4.854625],[7.064212,4.85455],[7.064237,4.854521],[7.064323,4.854596]]]}},{"type":"Feature","properties":{"h":3.0,"on_route":false},"geometry":{"type":"Polygon","coordinates":[[[7.071304,4.855118],[7.071272,4.855193],[7.071203,4.855163],[7.071236,4.855088],[7.071304,4.855118]]]}},{"type":"Feature","properties":{"h":3.0,"on_route":false},"geometry":{"type":"Polygon","coordinates":[[[7.065663,4.856328],[7.065623,4.856469],[7.065286,4.856372],[7.065326,4.85623],[7.065663,4.856328]]]}},{"type":"Feature","properties":{"h":3.0,"on_route":false},"geometry":{"type":"Polygon","coordinates":[[[7.068403,4.855496],[7.068471,4.855562],[7.068441,4.855593],[7.068373,4.855527],[7.068403,4.855496]]]}},{"type":"Feature","properties":{"h":3.0,"on_route":false},"geometry":{"type":"Polygon","coordinates":[[[7.065809,4.85214],[7.065813,4.852185],[7.065764,4.852189],[7.06576,4.852144],[7.065809,4.85214]]]}},{"type":"Feature","properties":{"h":3.0,"on_route":false},"geometry":{"type":"Polygon","coordinates":[[[7.062746,4.854172],[7.062695,4.854155],[7.062741,4.85402],[7.062792,4.854038],[7.062746,4.854172]]]}},{"type":"Feature","properties":{"h":3.0,"on_route":false},"geometry":{"type":"Polygon","coordinates":[[[7.066338,4.852704],[7.066259,4.852911],[7.066094,4.852849],[7.06611,4.852807],[7.066152,4.852823],[7.066193,4.852714],[7.066179,4.852709],[7.066201,4.852652],[7.066338,4.852704]]]}},{"type":"Feature","properties":{"h":3.0,"on_route":false},"geometry":{"type":"Polygon","coordinates":[[[7.066359,4.853533],[7.066354,4.853556],[7.066312,4.853547],[7.066316,4.853524],[7.066359,4.853533]]]}},{"type":"Feature","properties":{"h":3.0,"on_route":false},"geometry":{"type":"Polygon","coordinates":[[[7.06965,4.851349],[7.069627,4.851413],[7.069584,4.851398],[7.069606,4.851334],[7.06965,4.851349]]]}},{"type":"Feature","properties":{"h":3.0,"on_route":false},"geometry":{"type":"Polygon","coordinates":[[[7.069436,4.854879],[7.069361,4.854972],[7.069273,4.8549],[7.069348,4.854808],[7.069436,4.854879]]]}},{"type":"Feature","properties":{"h":3.0,"on_route":false},"geometry":{"type":"Polygon","coordinates":[[[7.068505,4.851387],[7.068512,4.851455],[7.068478,4.851458],[7.068472,4.85139],[7.068505,4.851387]]]}},{"type":"Feature","properties":{"h":3.0,"on_route":false},"geometry":{"type":"Polygon","coordinates":[[[7.067001,4.855543],[7.066979,4.855522],[7.067051,4.855445],[7.067073,4.855466],[7.067001,4.855543]]]}},{"type":"Feature","properties":{"h":3.0,"on_route":false},"geometry":{"type":"Polygon","coordinates":[[[7.068207,4.856823],[7.068205,4.856847],[7.068242,4.85685],[7.068236,4.856923],[7.068167,4.856918],[7.068175,4.856821],[7.068207,4.856823]]]}},{"type":"Feature","properties":{"h":3.0,"on_route":false},"geometry":{"type":"Polygon","coordinates":[[[7.064432,4.852389],[7.064291,4.8524],[7.064286,4.852333],[7.064427,4.852322],[7.064432,4.852389]]]}},{"type":"Feature","properties":{"h":3.0,"on_route":false},"geometry":{"type":"Polygon","coordinates":[[[7.066191,4.85147],[7.06627,4.85165],[7.066201,4.851681],[7.066122,4.8515],[7.066191,4.85147]]]}},{"type":"Feature","properties":{"h":3.0,"on_route":true},"geometry":{"type":"Polygon","coordinates":[[[7.06597,4.854365],[7.065968,4.854393],[7.065911,4.854388],[7.065914,4.85436],[7.06597,4.854365]]]}},{"type":"Feature","properties":{"h":3.0,"on_route":false},"geometry":{"type":"Polygon","coordinates":[[[7.066444,4.853162],[7.066433,4.853195],[7.066529,4.853229],[7.066506,4.853296],[7.066376,4.85325],[7.066393,4.853202],[7.066373,4.853195],[7.066391,4.853143],[7.066444,4.853162]]]}},{"type":"Feature","properties":{"h":3.0,"on_route":false},"geometry":{"type":"Polygon","coordinates":[[[7.065329,4.851896],[7.065111,4.851907],[7.065105,4.851783],[7.065323,4.851772],[7.065329,4.851896]]]}},{"type":"Feature","properties":{"h":3.0,"on_route":false},"geometry":{"type":"Polygon","coordinates":[[[7.068035,4.851656],[7.068038,4.851711],[7.067902,4.851719],[7.067899,4.851664],[7.068035,4.851656]]]}},{"type":"Feature","properties":{"h":3.0,"on_route":false},"geometry":{"type":"Polygon","coordinates":[[[7.066448,4.854209],[7.066395,4.854161],[7.066461,4.854087],[7.066514,4.854134],[7.066448,4.854209]]]}},{"type":"Feature","properties":{"h":3.0,"on_route":false},"geometry":{"type":"Polygon","coordinates":[[[7.064136,4.854024],[7.064087,4.853999],[7.064129,4.853916],[7.064178,4.853941],[7.064136,4.854024]]]}},{"type":"Feature","properties":{"h":3.0,"on_route":false},"geometry":{"type":"Polygon","coordinates":[[[7.064192,4.85572],[7.064173,4.855741],[7.064116,4.855686],[7.064136,4.855665],[7.064192,4.85572]]]}},{"type":"Feature","properties":{"h":3.0,"on_route":false},"geometry":{"type":"Polygon","coordinates":[[[7.06919,4.854096],[7.069177,4.854124],[7.069133,4.854104],[7.069146,4.854076],[7.06919,4.854096]]]}},{"type":"Feature","properties":{"h":3.0,"on_route":false},"geometry":{"type":"Polygon","coordinates":[[[7.069008,4.857841],[7.069015,4.857812],[7.069267,4.857878],[7.069238,4.857991],[7.068959,4.857918],[7.068981,4.857835],[7.069008,4.857841]]]}},{"type":"Feature","properties":{"h":3.0,"on_route":false},"geometry":{"type":"Polygon","coordinates":[[[7.063582,4.852749],[7.063513,4.852758],[7.063501,4.852657],[7.06357,4.852649],[7.063582,4.852749]]]}},{"type":"Feature","properties":{"h":3.0,"on_route":false},"geometry":{"type":"Polygon","coordinates":[[[7.068916,4.854561],[7.068865,4.854704],[7.068788,4.854675],[7.068839,4.854533],[7.068916,4.854561]]]}},{"type":"Feature","properties":{"h":3.0,"on_route":false},"geometry":{"type":"Polygon","coordinates":[[[7.066982,4.858221],[7.066953,4.858238],[7.066909,4.858164],[7.066938,4.858147],[7.066982,4.858221]]]}},{"type":"Feature","properties":{"h":3.0,"on_route":false},"geometry":{"type":"Polygon","coordinates":[[[7.06618,4.851699],[7.066087,4.851736],[7.066012,4.851545],[7.066105,4.851508],[7.06618,4.851699]]]}},{"type":"Feature","properties":{"h":3.0,"on_route":false},"geometry":{"type":"Polygon","coordinates":[[[7.063653,4.855332],[7.063649,4.855396],[7.063601,4.855394],[7.063605,4.85533],[7.063653,4.855332]]]}},{"type":"Feature","properties":{"h":3.0,"on_route":false},"geometry":{"type":"Polygon","coordinates":[[[7.064469,4.853105],[7.06446,4.853133],[7.064426,4.853121],[7.064436,4.853093],[7.064469,4.853105]]]}},{"type":"Feature","properties":{"h":3.0,"on_route":false},"geometry":{"type":"Polygon","coordinates":[[[7.066238,4.856346],[7.066211,4.856377],[7.06618,4.85635],[7.066207,4.856319],[7.066238,4.856346]]]}},{"type":"Feature","properties":{"h":3.0,"on_route":false},"geometry":{"type":"Polygon","coordinates":[[[7.068605,4.851036],[7.068623,4.851033],[7.068631,4.851079],[7.068657,4.851075],[7.068668,4.851143],[7.068521,4.851167],[7.068493,4.850997],[7.068596,4.85098],[7.068605,4.851036]]]}},{"type":"Feature","properties":{"h":3.0,"on_route":false},"geometry":{"type":"Polygon","coordinates":[[[7.067484,4.853654],[7.067433,4.853777],[7.066988,4.853592],[7.067039,4.853469],[7.067484,4.853654]]]}},{"type":"Feature","properties":{"h":3.0,"on_route":false},"geometry":{"type":"Polygon","coordinates":[[[7.065227,4.850786],[7.065227,4.850701],[7.065249,4.850701],[7.065249,4.850665],[7.065451,4.850666],[7.06545,4.850787],[7.065227,4.850786]]]}},{"type":"Feature","properties":{"h":3.0,"on_route":false},"geometry":{"type":"Polygon","coordinates":[[[7.064052,4.856342],[7.064019,4.856303],[7.064191,4.856157],[7.064224,4.856196],[7.064052,4.856342]]]}},{"type":"Feature","properties":{"h":3.0,"on_route":false},"geometry":{"type":"Polygon","coordinates":[[[7.066968,4.857176],[7.066928,4.857171],[7.066931,4.857141],[7.066971,4.857146],[7.066968,4.857176]]]}},{"type":"Feature","properties":{"h":3.0,"on_route":false},"geometry":{"type":"Polygon","coordinates":[[[7.064671,4.85264],[7.064689,4.852761],[7.064676,4.852763],[7.064691,4.852861],[7.064653,4.852867],[7.06462,4.852648],[7.064671,4.85264]]]}},{"type":"Feature","properties":{"h":3.0,"on_route":false},"geometry":{"type":"Polygon","coordinates":[[[7.063065,4.854649],[7.063053,4.854841],[7.062968,4.854835],[7.06298,4.854644],[7.063065,4.854649]]]}},{"type":"Feature","properties":{"h":3.0,"on_route":false},"geometry":{"type":"Polygon","coordinates":[[[7.06938,4.854453],[7.069337,4.854422],[7.069384,4.854358],[7.069427,4.854389],[7.06938,4.854453]]]}},{"type":"Feature","properties":{"h":3.0,"on_route":false},"geometry":{"type":"Polygon","coordinates":[[[7.064095,4.851541],[7.063959,4.851554],[7.063947,4.851426],[7.064083,4.851413],[7.064095,4.851541]]]}},{"type":"Feature","properties":{"h":3.0,"on_route":false},"geometry":{"type":"Polygon","coordinates":[[[7.062943,4.854421],[7.062894,4.854405],[7.062946,4.854245],[7.062995,4.854261],[7.062943,4.854421]]]}},{"type":"Feature","properties":{"h":3.0,"on_route":false},"geometry":{"type":"Polygon","coordinates":[[[7.067444,4.850578],[7.06736,4.850612],[7.067322,4.850519],[7.067405,4.850484],[7.067444,4.850578]]]}},{"type":"Feature","properties":{"h":3.0,"on_route":false},"geometry":{"type":"Polygon","coordinates":[[[7.071128,4.85674],[7.07096,4.856659],[7.071182,4.856195],[7.07135,4.856276],[7.071128,4.85674]]]}},{"type":"Feature","properties":{"h":3.0,"on_route":false},"geometry":{"type":"Polygon","coordinates":[[[7.064994,4.853544],[7.064959,4.853526],[7.064979,4.853486],[7.065014,4.853504],[7.064994,4.853544]]]}},{"type":"Feature","properties":{"h":3.0,"on_route":false},"geometry":{"type":"Polygon","coordinates":[[[7.067373,4.858489],[7.067377,4.858526],[7.06734,4.85853],[7.067337,4.858493],[7.067373,4.858489]]]}},{"type":"Feature","properties":{"h":3.0,"on_route":false},"geometry":{"type":"Polygon","coordinates":[[[7.066826,4.856759],[7.066764,4.856777],[7.066737,4.85668],[7.066799,4.856662],[7.066826,4.856759]]]}},{"type":"Feature","properties":{"h":3.0,"on_route":false},"geometry":{"type":"Polygon","coordinates":[[[7.067025,4.858559],[7.066991,4.858565],[7.066986,4.858534],[7.067019,4.858528],[7.067025,4.858559]]]}},{"type":"Feature","properties":{"h":3.0,"on_route":false},"geometry":{"type":"Polygon","coordinates":[[[7.063848,4.855312],[7.063844,4.855383],[7.063789,4.85538],[7.063788,4.855404],[7.063649,4.855396],[7.063655,4.855301],[7.063848,4.855312]]]}},{"type":"Feature","properties":{"h":3.0,"on_route":false},"geometry":{"type":"Polygon","coordinates":[[[7.067257,4.851454],[7.067232,4.851458],[7.067238,4.851491],[7.067263,4.851487],[7.067269,4.851518],[7.067162,4.851538],[7.067156,4.851507],[7.067113,4.851515],[7.067122,4.851562],[7.066942,4.851596],[7.066915,4.851446],[7.067244,4.851384],[7.067257,4.851454]]]}},{"type":"Feature","properties":{"h":3.0,"on_route":false},"geometry":{"type":"Polygon","coordinates":[[[7.063092,4.853754],[7.063051,4.853797],[7.063016,4.853763],[7.063057,4.85372],[7.063092,4.853754]]]}},{"type":"Feature","properties":{"h":3.0,"on_route":false},"geometry":{"type":"Polygon","coordinates":[[[7.065966,4.856601],[7.065838,4.856725],[7.065791,4.856675],[7.065919,4.856552],[7.065966,4.856601]]]}},{"type":"Feature","properties":{"h":3.0,"on_route":false},"geometry":{"type":"Polygon","coordinates":[[[7.067659,4.856918],[7.067589,4.856981],[7.067547,4.856935],[7.067616,4.856872],[7.067659,4.856918]]]}},{"type":"Feature","properties":{"h":3.0,"on_route":false},"geometry":{"type":"Polygon","coordinates":[[[7.063889,4.856156],[7.063727,4.856294],[7.063665,4.856221],[7.063828,4.856083],[7.063889,4.856156]]]}},{"type":"Feature","properties":{"h":3.0,"on_route":false},"geometry":{"type":"Polygon","coordinates":[[[7.064634,4.855821],[7.064627,4.85589],[7.064577,4.855885],[7.064583,4.855816],[7.064634,4.855821]]]}},{"type":"Feature","properties":{"h":3.0,"on_route":false},"geometry":{"type":"Polygon","coordinates":[[[7.063421,4.855554],[7.063463,4.855747],[7.063423,4.855756],[7.063381,4.855563],[7.063421,4.855554]]]}},{"type":"Feature","properties":{"h":3.0,"on_route":false},"geometry":{"type":"Polygon","coordinates":[[[7.068014,4.851004],[7.067911,4.851021],[7.067897,4.850939],[7.068001,4.850922],[7.068014,4.851004]]]}},{"type":"Feature","properties":{"h":3.0,"on_route":false},"geometry":{"type":"Polygon","coordinates":[[[7.06442,4.853951],[7.064366,4.854017],[7.064317,4.853977],[7.064339,4.853951],[7.064243,4.853873],[7.064275,4.853834],[7.06442,4.853951]]]}},{"type":"Feature","properties":{"h":3.0,"on_route":false},"geometry":{"type":"Polygon","coordinates":[[[7.069796,4.850869],[7.069784,4.850896],[7.069812,4.850909],[7.06979,4.850957],[7.069762,4.850944],[7.069743,4.850986],[7.069506,4.850877],[7.069559,4.85076],[7.069796,4.850869]]]}},{"type":"Feature","properties":{"h":3.0,"on_route":false},"geometry":{"type":"Polygon","coordinates":[[[7.067143,4.853651],[7.067138,4.853671],[7.067094,4.85366],[7.0671,4.853639],[7.067143,4.853651]]]}},{"type":"Feature","properties":{"h":3.0,"on_route":false},"geometry":{"type":"Polygon","coordinates":[[[7.064547,4.852541],[7.064549,4.852566],[7.064487,4.852568],[7.064486,4.852544],[7.064547,4.852541]]]}},{"type":"Feature","properties":{"h":3.0,"on_route":false},"geometry":{"type":"Polygon","coordinates":[[[7.067077,4.857039],[7.067019,4.857076],[7.066991,4.857032],[7.067048,4.856995],[7.067077,4.857039]]]}},{"type":"Feature","properties":{"h":3.0,"on_route":false},"geometry":{"type":"Polygon","coordinates":[[[7.071358,4.852929],[7.071317,4.852956],[7.071294,4.85292],[7.071335,4.852894],[7.071358,4.852929]]]}},{"type":"Feature","properties":{"h":3.0,"on_route":false},"geometry":{"type":"Polygon","coordinates":[[[7.064036,4.854481],[7.064005,4.854515],[7.063962,4.854475],[7.063993,4.854441],[7.064036,4.854481]]]}},{"type":"Feature","properties":{"h":3.0,"on_route":false},"geometry":{"type":"Polygon","coordinates":[[[7.064137,4.852415],[7.064127,4.852453],[7.064086,4.852443],[7.064095,4.852405],[7.064137,4.852415]]]}},{"type":"Feature","properties":{"h":3.0,"on_route":false},"geometry":{"type":"Polygon","coordinates":[[[7.068276,4.850557],[7.068247,4.850495],[7.068533,4.850358],[7.068563,4.85042],[7.068276,4.850557]]]}},{"type":"Feature","properties":{"h":3.0,"on_route":false},"geometry":{"type":"Polygon","coordinates":[[[7.066049,4.851754],[7.066076,4.851746],[7.066111,4.851868],[7.066063,4.851882],[7.066068,4.8519],[7.065992,4.851921],[7.065987,4.851903],[7.065966,4.851909],[7.065925,4.851762],[7.066043,4.85173],[7.066049,4.851754]]]}},{"type":"Feature","properties":{"h":3.0,"on_route":false},"geometry":{"type":"Polygon","coordinates":[[[7.066434,4.853304],[7.066444,4.853278],[7.066506,4.853302],[7.066472,4.853395],[7.066317,4.853336],[7.066342,4.85327],[7.066434,4.853304]]]}},{"type":"Feature","properties":{"h":3.0,"on_route":false},"geometry":{"type":"Polygon","coordinates":[[[7.065411,4.85668],[7.065415,4.856646],[7.065439,4.85665],[7.065438,4.856658],[7.065456,4.85666],[7.065457,4.856652],[7.065552,4.856665],[7.065547,4.856699],[7.065739,4.856725],[7.065733,4.856769],[7.065708,4.856765],[7.065697,4.856841],[7.065394,4.856799],[7.065402,4.856742],[7.065358,4.856736],[7.065367,4.856674],[7.065411,4.85668]]]}},{"type":"Feature","properties":{"h":3.0,"on_route":false},"geometry":{"type":"Polygon","coordinates":[[[7.064757,4.855381],[7.064747,4.855409],[7.064683,4.855385],[7.064693,4.855358],[7.064757,4.855381]]]}},{"type":"Feature","properties":{"h":3.0,"on_route":false},"geometry":{"type":"Polygon","coordinates":[[[7.06331,4.854259],[7.063294,4.854306],[7.063043,4.854215],[7.06306,4.854168],[7.06331,4.854259]]]}},{"type":"Feature","properties":{"h":3.0,"on_route":false},"geometry":{"type":"Polygon","coordinates":[[[7.069787,4.855566],[7.06978,4.855585],[7.069735,4.855569],[7.069742,4.85555],[7.069787,4.855566]]]}},{"type":"Feature","properties":{"h":3.0,"on_route":false},"geometry":{"type":"Polygon","coordinates":[[[7.063809,4.853399],[7.063735,4.853529],[7.063585,4.853443],[7.063594,4.853426],[7.063563,4.853408],[7.063627,4.853295],[7.063809,4.853399]]]}},{"type":"Feature","properties":{"h":3.0,"on_route":false},"geometry":{"type":"Polygon","coordinates":[[[7.066006,4.851027],[7.065837,4.851052],[7.06582,4.85094],[7.065989,4.850914],[7.066006,4.851027]]]}},{"type":"Feature","properties":{"h":3.0,"on_route":false},"geometry":{"type":"Polygon","coordinates":[[[7.06627,4.852969],[7.066245,4.853024],[7.066115,4.852965],[7.06614,4.852909],[7.06627,4.852969]]]}},{"type":"Feature","properties":{"h":3.0,"on_route":false},"geometry":{"type":"Polygon","coordinates":[[[7.064519,4.855913],[7.064483,4.855959],[7.064421,4.855909],[7.064457,4.855864],[7.064519,4.855913]]]}},{"type":"Feature","properties":{"h":3.0,"on_route":false},"geometry":{"type":"Polygon","coordinates":[[[7.065586,4.852961],[7.065578,4.852992],[7.065544,4.852983],[7.065552,4.852952],[7.065586,4.852961]]]}},{"type":"Feature","properties":{"h":3.0,"on_route":false},"geometry":{"type":"Polygon","coordinates":[[[7.070998,4.855337],[7.070852,4.855269],[7.070806,4.855369],[7.070751,4.855344],[7.070853,4.855121],[7.071054,4.855214],[7.070998,4.855337]]]}},{"type":"Feature","properties":{"h":3.0,"on_route":false},"geometry":{"type":"Polygon","coordinates":[[[7.070095,4.854217],[7.069989,4.854118],[7.070017,4.854088],[7.069965,4.85404],[7.070058,4.85394],[7.070109,4.853988],[7.070211,4.853879],[7.070317,4.853978],[7.070095,4.854217]]]}},{"type":"Feature","properties":{"h":3.0,"on_route":false},"geometry":{"type":"Polygon","coordinates":[[[7.06644,4.856025],[7.066411,4.856073],[7.066354,4.856038],[7.066382,4.855991],[7.06644,4.856025]]]}},{"type":"Feature","properties":{"h":3.0,"on_route":false},"geometry":{"type":"Polygon","coordinates":[[[7.067906,4.850636],[7.067794,4.850667],[7.067783,4.850628],[7.067698,4.850651],[7.067668,4.850539],[7.067865,4.850485],[7.067906,4.850636]]]}},{"type":"Feature","properties":{"h":3.0,"on_route":false},"geometry":{"type":"Polygon","coordinates":[[[7.068557,4.857346],[7.068513,4.85752],[7.068362,4.857481],[7.068406,4.857308],[7.068557,4.857346]]]}},{"type":"Feature","properties":{"h":3.0,"on_route":false},"geometry":{"type":"Polygon","coordinates":[[[7.064174,4.854809],[7.064127,4.854764],[7.064192,4.854694],[7.064239,4.854739],[7.064174,4.854809]]]}},{"type":"Feature","properties":{"h":3.0,"on_route":false},"geometry":{"type":"Polygon","coordinates":[[[7.065108,4.853603],[7.065084,4.853653],[7.065038,4.853631],[7.065063,4.853581],[7.065108,4.853603]]]}},{"type":"Feature","properties":{"h":3.0,"on_route":false},"geometry":{"type":"Polygon","coordinates":[[[7.064845,4.852638],[7.064845,4.852665],[7.06478,4.852663],[7.06478,4.852635],[7.064845,4.852638]]]}},{"type":"Feature","properties":{"h":3.0,"on_route":false},"geometry":{"type":"Polygon","coordinates":[[[7.06746,4.850418],[7.067495,4.850511],[7.067446,4.85053],[7.067411,4.850437],[7.06746,4.850418]]]}},{"type":"Feature","properties":{"h":3.0,"on_route":false},"geometry":{"type":"Polygon","coordinates":[[[7.067098,4.858812],[7.067063,4.858821],[7.067021,4.858662],[7.067057,4.858652],[7.067098,4.858812]]]}},{"type":"Feature","properties":{"h":3.0,"on_route":false},"geometry":{"type":"Polygon","coordinates":[[[7.071373,4.852554],[7.071316,4.852607],[7.071297,4.852587],[7.071354,4.852534],[7.071373,4.852554]]]}},{"type":"Feature","properties":{"h":3.0,"on_route":false},"geometry":{"type":"Polygon","coordinates":[[[7.067574,4.854681],[7.067521,4.854774],[7.067459,4.854739],[7.067511,4.854646],[7.067574,4.854681]]]}},{"type":"Feature","properties":{"h":3.0,"on_route":false},"geometry":{"type":"Polygon","coordinates":[[[7.06939,4.851287],[7.069367,4.851351],[7.069336,4.85134],[7.069343,4.851323],[7.069302,4.851308],[7.069319,4.851261],[7.06939,4.851287]]]}},{"type":"Feature","properties":{"h":3.0,"on_route":false},"geometry":{"type":"Polygon","coordinates":[[[7.067982,4.852021],[7.067736,4.852167],[7.067672,4.852057],[7.067918,4.851912],[7.067982,4.852021]]]}},{"type":"Feature","properties":{"h":3.0,"on_route":false},"geometry":{"type":"Polygon","coordinates":[[[7.064604,4.852959],[7.064586,4.853006],[7.064479,4.852966],[7.064497,4.852919],[7.064604,4.852959]]]}},{"type":"Feature","properties":{"h":3.0,"on_route":false},"geometry":{"type":"Polygon","coordinates":[[[7.068938,4.851695],[7.068926,4.851737],[7.06889,4.851726],[7.068902,4.851684],[7.068938,4.851695]]]}},{"type":"Feature","properties":{"h":3.0,"on_route":false},"geometry":{"type":"Polygon","coordinates":[[[7.070257,4.852004],[7.070042,4.852245],[7.069933,4.852148],[7.070148,4.851906],[7.070257,4.852004]]]}},{"type":"Feature","properties":{"h":3.0,"on_route":false},"geometry":{"type":"Polygon","coordinates":[[[7.069641,4.856054],[7.069628,4.856093],[7.069593,4.856081],[7.069606,4.856042],[7.069641,4.856054]]]}},{"type":"Feature","properties":{"h":3.0,"on_route":false},"geometry":{"type":"Polygon","coordinates":[[[7.065389,4.851227],[7.06517,4.851233],[7.065164,4.851015],[7.065384,4.851009],[7.065389,4.851227]]]}},{"type":"Feature","properties":{"h":3.0,"on_route":false},"geometry":{"type":"Polygon","coordinates":[[[7.067648,4.858905],[7.067651,4.858867],[7.067822,4.858879],[7.067819,4.858917],[7.067877,4.858922],[7.06788,4.858884],[7.067906,4.858886],[7.067894,4.859045],[7.067561,4.85902],[7.067569,4.858899],[7.067648,4.858905]]]}},{"type":"Feature","properties":{"h":3.0,"on_route":false},"geometry":{"type":"Polygon","coordinates":[[[7.066649,4.858742],[7.066631,4.858761],[7.066583,4.858716],[7.0666,4.858697],[7.066649,4.858742]]]}},{"type":"Feature","properties":{"h":3.0,"on_route":false},"geometry":{"type":"Polygon","coordinates":[[[7.067715,4.853583],[7.067683,4.853581],[7.067686,4.853537],[7.067718,4.853539],[7.067715,4.853583]]]}},{"type":"Feature","properties":{"h":3.0,"on_route":false},"geometry":{"type":"Polygon","coordinates":[[[7.070482,4.854931],[7.070482,4.854926],[7.070392,4.854886],[7.070414,4.854835],[7.070235,4.854756],[7.070405,4.854369],[7.07042,4.854376],[7.070449,4.85431],[7.070484,4.854325],[7.070484,4.854272],[7.070653,4.854272],[7.070653,4.8544],[7.070679,4.854411],[7.070653,4.854472],[7.070652,4.854561],[7.070645,4.854561],[7.070645,4.85458],[7.070652,4.85458],[7.070654,4.854583],[7.070652,4.854586],[7.070652,4.854648],[7.070625,4.854647],[7.070623,4.854654],[7.070639,4.854661],[7.070577,4.854802],[7.070576,4.854932],[7.070521,4.854931],[7.070517,4.854941],[7.070493,4.854931],[7.070482,4.854931]]]}},{"type":"Feature","properties":{"h":3.0,"on_route":false},"geometry":{"type":"Polygon","coordinates":[[[7.065167,4.85649],[7.065121,4.856523],[7.065066,4.856445],[7.065113,4.856412],[7.065167,4.85649]]]}},{"type":"Feature","properties":{"h":3.0,"on_route":false},"geometry":{"type":"Polygon","coordinates":[[[7.064423,4.852853],[7.064418,4.852889],[7.064366,4.852881],[7.064371,4.852845],[7.064423,4.852853]]]}},{"type":"Feature","properties":{"h":3.0,"on_route":false},"geometry":{"type":"Polygon","coordinates":[[[7.066208,4.857698],[7.066193,4.85774],[7.066096,4.857706],[7.06611,4.857664],[7.066208,4.857698]]]}},{"type":"Feature","properties":{"h":3.0,"on_route":false},"geometry":{"type":"Polygon","coordinates":[[[7.06646,4.852291],[7.066424,4.852384],[7.066388,4.85237],[7.066424,4.852277],[7.06646,4.852291]]]}},{"type":"Feature","properties":{"h":3.0,"on_route":false},"geometry":{"type":"Polygon","coordinates":[[[7.06538,4.853204],[7.065393,4.853176],[7.065421,4.853188],[7.065387,4.853267],[7.065287,4.853223],[7.065308,4.853173],[7.06538,4.853204]]]}},{"type":"Feature","properties":{"h":3.0,"on_route":false},"geometry":{"type":"Polygon","coordinates":[[[7.064207,4.852487],[7.064196,4.852572],[7.064168,4.852569],[7.064166,4.852587],[7.064193,4.85259],[7.06418,4.85269],[7.064099,4.852679],[7.064126,4.852476],[7.064207,4.852487]]]}},{"type":"Feature","properties":{"h":3.0,"on_route":false},"geometry":{"type":"Polygon","coordinates":[[[7.06536,4.853833],[7.065349,4.853864],[7.065323,4.853855],[7.065334,4.853823],[7.06536,4.853833]]]}},{"type":"Feature","properties":{"h":3.0,"on_route":false},"geometry":{"type":"Polygon","coordinates":[[[7.070044,4.857234],[7.070034,4.857298],[7.070008,4.857294],[7.070018,4.85723],[7.070044,4.857234]]]}},{"type":"Feature","properties":{"h":3.0,"on_route":false},"geometry":{"type":"Polygon","coordinates":[[[7.065942,4.856508],[7.065928,4.856558],[7.065741,4.856504],[7.065755,4.856454],[7.065942,4.856508]]]}},{"type":"Feature","properties":{"h":3.0,"on_route":false},"geometry":{"type":"Polygon","coordinates":[[[7.065612,4.853261],[7.065571,4.853352],[7.06545,4.853296],[7.065491,4.853206],[7.065612,4.853261]]]}},{"type":"Feature","properties":{"h":3.0,"on_route":false},"geometry":{"type":"Polygon","coordinates":[[[7.071078,4.856398],[7.071041,4.856478],[7.07098,4.856449],[7.071017,4.856369],[7.071078,4.856398]]]}},{"type":"Feature","properties":{"h":3.0,"on_route":false},"geometry":{"type":"Polygon","coordinates":[[[7.068389,4.855373],[7.068277,4.855483],[7.068252,4.855458],[7.068365,4.855348],[7.068389,4.855373]]]}},{"type":"Feature","properties":{"h":3.0,"on_route":false},"geometry":{"type":"Polygon","coordinates":[[[7.070978,4.855996],[7.070968,4.856026],[7.070937,4.856016],[7.070947,4.855985],[7.070978,4.855996]]]}},{"type":"Feature","properties":{"h":3.0,"on_route":false},"geometry":{"type":"Polygon","coordinates":[[[7.065497,4.853022],[7.065424,4.85319],[7.065321,4.853144],[7.065394,4.852977],[7.065497,4.853022]]]}},{"type":"Feature","properties":{"h":3.0,"on_route":false},"geometry":{"type":"Polygon","coordinates":[[[7.06357,4.852363],[7.063567,4.852423],[7.06355,4.852422],[7.063554,4.852362],[7.06357,4.852363]]]}},{"type":"Feature","properties":{"h":3.0,"on_route":false},"geometry":{"type":"Polygon","coordinates":[[[7.066276,4.851927],[7.066184,4.851963],[7.066108,4.85177],[7.0662,4.851734],[7.066276,4.851927]]]}},{"type":"Feature","properties":{"h":3.0,"on_route":false},"geometry":{"type":"Polygon","coordinates":[[[7.06459,4.851731],[7.064512,4.851742],[7.064494,4.851609],[7.064572,4.851598],[7.06459,4.851731]]]}},{"type":"Feature","properties":{"h":3.0,"on_route":false},"geometry":{"type":"Polygon","coordinates":[[[7.067528,4.852359],[7.067453,4.852273],[7.067656,4.852097],[7.06773,4.852183],[7.067528,4.852359]]]}},{"type":"Feature","properties":{"h":3.0,"on_route":false},"geometry":{"type":"Polygon","coordinates":[[[7.064281,4.857993],[7.064245,4.85828],[7.06421,4.858276],[7.064213,4.858254],[7.064174,4.85825],[7.064207,4.857984],[7.064281,4.857993]]]}},{"type":"Feature","properties":{"h":3.0,"on_route":false},"geometry":{"type":"Polygon","coordinates":[[[7.06716,4.855187],[7.067106,4.855248],[7.067025,4.855177],[7.067078,4.855115],[7.06716,4.855187]]]}},{"type":"Feature","properties":{"h":3.0,"on_route":false},"geometry":{"type":"Polygon","coordinates":[[[7.067925,4.857281],[7.067883,4.857319],[7.067849,4.85728],[7.06789,4.857243],[7.067925,4.857281]]]}},{"type":"Feature","properties":{"h":3.0,"on_route":false},"geometry":{"type":"Polygon","coordinates":[[[7.064049,4.852196],[7.064048,4.852256],[7.063957,4.852254],[7.063958,4.852194],[7.064049,4.852196]]]}},{"type":"Feature","properties":{"h":3.0,"on_route":false},"geometry":{"type":"Polygon","coordinates":[[[7.066762,4.856961],[7.066826,4.857178],[7.066766,4.857196],[7.066701,4.856979],[7.066762,4.856961]]]}},{"type":"Feature","properties":{"h":3.0,"on_route":false},"geometry":{"type":"Polygon","coordinates":[[[7.063518,4.854218],[7.063475,4.854372],[7.063397,4.85435],[7.06344,4.854196],[7.063518,4.854218]]]}},{"type":"Feature","properties":{"h":3.0,"on_route":false},"geometry":{"type":"Polygon","coordinates":[[[7.069504,4.854722],[7.069471,4.854757],[7.069391,4.854681],[7.069424,4.854646],[7.069504,4.854722]]]}},{"type":"Feature","properties":{"h":3.0,"on_route":false},"geometry":{"type":"Polygon","coordinates":[[[7.065145,4.852478],[7.065142,4.852528],[7.065095,4.852525],[7.065099,4.852475],[7.065145,4.852478]]]}},{"type":"Feature","properties":{"h":3.0,"on_route":false},"geometry":{"type":"Polygon","coordinates":[[[7.066552,4.85361],[7.066521,4.853602],[7.066546,4.853509],[7.066577,4.853518],[7.066552,4.85361]]]}},{"type":"Feature","properties":{"h":3.0,"on_route":false},"geometry":{"type":"Polygon","coordinates":[[[7.068193,4.858601],[7.068202,4.858658],[7.068168,4.858664],[7.068159,4.858606],[7.068193,4.858601]]]}},{"type":"Feature","properties":{"h":3.0,"on_route":false},"geometry":{"type":"Polygon","coordinates":[[[7.063901,4.851742],[7.063956,4.851737],[7.063958,4.851756],[7.063989,4.851753],[7.064,4.851869],[7.063888,4.85188],[7.063876,4.851765],[7.063903,4.851762],[7.063901,4.851742]]]}},{"type":"Feature","properties":{"h":3.0,"on_route":false},"geometry":{"type":"Polygon","coordinates":[[[7.067327,4.851642],[7.06716,4.851674],[7.067139,4.851559],[7.067305,4.851527],[7.067327,4.851642]]]}},{"type":"Feature","properties":{"h":3.0,"on_route":false},"geometry":{"type":"Polygon","coordinates":[[[7.063709,4.856198],[7.063684,4.856185],[7.063751,4.856057],[7.063775,4.85607],[7.063709,4.856198]]]}},{"type":"Feature","properties":{"h":3.0,"on_route":false},"geometry":{"type":"Polygon","coordinates":[[[7.069818,4.851737],[7.069773,4.851788],[7.069687,4.851712],[7.069731,4.851661],[7.069818,4.851737]]]}},{"type":"Feature","properties":{"h":3.0,"on_route":false},"geometry":{"type":"Polygon","coordinates":[[[7.064421,4.854907],[7.064398,4.854898],[7.06442,4.85484],[7.064443,4.854849],[7.064421,4.854907]]]}},{"type":"Feature","properties":{"h":3.0,"on_route":false},"geometry":{"type":"Polygon","coordinates":[[[7.06961,4.855661],[7.069603,4.855714],[7.069561,4.855709],[7.069568,4.855656],[7.06961,4.855661]]]}},{"type":"Feature","properties":{"h":3.0,"on_route":false},"geometry":{"type":"Polygon","coordinates":[[[7.069593,4.852868],[7.069555,4.852903],[7.069511,4.852854],[7.069548,4.85282],[7.069593,4.852868]]]}},{"type":"Feature","properties":{"h":3.0,"on_route":false},"geometry":{"type":"Polygon","coordinates":[[[7.064281,4.855234],[7.064233,4.855212],[7.064363,4.85493],[7.064411,4.854953],[7.064281,4.855234]]]}},{"type":"Feature","properties":{"h":3.0,"on_route":false},"geometry":{"type":"Polygon","coordinates":[[[7.064321,4.855827],[7.064257,4.855774],[7.064321,4.855694],[7.064386,4.855747],[7.064321,4.855827]]]}},{"type":"Feature","properties":{"h":3.0,"on_route":false},"geometry":{"type":"Polygon","coordinates":[[[7.070682,4.856563],[7.070663,4.85661],[7.070591,4.85658],[7.070611,4.856533],[7.070682,4.856563]]]}},{"type":"Feature","properties":{"h":3.0,"on_route":false},"geometry":{"type":"Polygon","coordinates":[[[7.066854,4.857648],[7.066825,4.857663],[7.066859,4.857732],[7.066834,4.857744],[7.06678,4.857636],[7.066834,4.857609],[7.066854,4.857648]]]}},{"type":"Feature","properties":{"h":3.0,"on_route":false},"geometry":{"type":"Polygon","coordinates":[[[7.068513,4.85752],[7.068464,4.857718],[7.068312,4.85768],[7.068362,4.857481],[7.068513,4.85752]]]}},{"type":"Feature","properties":{"h":3.0,"on_route":false},"geometry":{"type":"Polygon","coordinates":[[[7.066496,4.85606],[7.066451,4.856134],[7.066395,4.8561],[7.06644,4.856025],[7.066496,4.85606]]]}},{"type":"Feature","properties":{"h":3.0,"on_route":false},"geometry":{"type":"Polygon","coordinates":[[[7.062886,4.854417],[7.062841,4.854402],[7.062895,4.854245],[7.06294,4.854261],[7.062886,4.854417]]]}},{"type":"Feature","properties":{"h":3.0,"on_route":false},"geometry":{"type":"Polygon","coordinates":[[[7.067938,4.85843],[7.067939,4.85846],[7.067828,4.858464],[7.067826,4.858434],[7.067938,4.85843]]]}},{"type":"Feature","properties":{"h":3.0,"on_route":false},"geometry":{"type":"Polygon","coordinates":[[[7.066009,4.851635],[7.06604,4.851713],[7.065998,4.85173],[7.065967,4.851651],[7.066009,4.851635]]]}},{"type":"Feature","properties":{"h":3.0,"on_route":false},"geometry":{"type":"Polygon","coordinates":[[[7.066769,4.854628],[7.066767,4.854648],[7.066716,4.854643],[7.066717,4.854624],[7.066769,4.854628]]]}},{"type":"Feature","properties":{"h":3.0,"on_route":false},"geometry":{"type":"Polygon","coordinates":[[[7.064258,4.856237],[7.064086,4.856382],[7.064052,4.856342],[7.064224,4.856196],[7.064258,4.856237]]]}},{"type":"Feature","properties":{"h":3.0,"on_route":false},"geometry":{"type":"Polygon","coordinates":[[[7.069284,4.857297],[7.069441,4.857545],[7.069395,4.857575],[7.069383,4.857555],[7.069352,4.857574],[7.069207,4.857345],[7.069284,4.857297]]]}},{"type":"Feature","properties":{"h":3.0,"on_route":false},"geometry":{"type":"Polygon","coordinates":[[[7.063878,4.851996],[7.063901,4.852177],[7.063815,4.852188],[7.063805,4.852107],[7.063827,4.852104],[7.063815,4.852004],[7.063878,4.851996]]]}},{"type":"Feature","properties":{"h":3.0,"on_route":false},"geometry":{"type":"Polygon","coordinates":[[[7.067342,4.85688],[7.067288,4.856842],[7.067347,4.856758],[7.067401,4.856796],[7.067342,4.85688]]]}},{"type":"Feature","properties":{"h":3.0,"on_route":false},"geometry":{"type":"Polygon","coordinates":[[[7.064127,4.853726],[7.064057,4.853816],[7.063921,4.85371],[7.063991,4.85362],[7.064127,4.853726]]]}},{"type":"Feature","properties":{"h":3.0,"on_route":false},"geometry":{"type":"Polygon","coordinates":[[[7.064725,4.853078],[7.064715,4.853108],[7.064689,4.8531],[7.064699,4.85307],[7.064725,4.853078]]]}},{"type":"Feature","properties":{"h":3.0,"on_route":false},"geometry":{"type":"Polygon","coordinates":[[[7.066781,4.850857],[7.066731,4.850867],[7.066723,4.850825],[7.066773,4.850816],[7.066781,4.850857]]]}},{"type":"Feature","properties":{"h":3.0,"on_route":false},"geometry":{"type":"Polygon","coordinates":[[[7.071241,4.85249],[7.071224,4.85247],[7.071271,4.852431],[7.071288,4.852451],[7.071241,4.85249]]]}},{"type":"Feature","properties":{"h":3.0,"on_route":false},"geometry":{"type":"Polygon","coordinates":[[[7.070003,4.853391],[7.069961,4.853432],[7.069882,4.853352],[7.069924,4.853311],[7.070003,4.853391]]]}},{"type":"Feature","properties":{"h":3.0,"on_route":false},"geometry":{"type":"Polygon","coordinates":[[[7.063982,4.852823],[7.063956,4.852897],[7.063878,4.85287],[7.063903,4.852796],[7.063982,4.852823]]]}},{"type":"Feature","properties":{"h":3.0,"on_route":false},"geometry":{"type":"Polygon","coordinates":[[[7.068209,4.857753],[7.068149,4.857739],[7.068181,4.857602],[7.068241,4.857616],[7.068209,4.857753]]]}},{"type":"Feature","properties":{"h":3.0,"on_route":false},"geometry":{"type":"Polygon","coordinates":[[[7.066148,4.856249],[7.066122,4.856293],[7.066078,4.856266],[7.066105,4.856222],[7.066148,4.856249]]]}},{"type":"Feature","properties":{"h":3.0,"on_route":false},"geometry":{"type":"Polygon","coordinates":[[[7.063752,4.855897],[7.063652,4.855906],[7.063641,4.855789],[7.063689,4.855785],[7.063686,4.855761],[7.063739,4.855756],[7.063752,4.855897]]]}},{"type":"Feature","properties":{"h":3.0,"on_route":false},"geometry":{"type":"Polygon","coordinates":[[[7.068194,4.856045],[7.068176,4.856083],[7.068122,4.856058],[7.06814,4.85602],[7.068194,4.856045]]]}},{"type":"Feature","properties":{"h":3.0,"on_route":false},"geometry":{"type":"Polygon","coordinates":[[[7.068481,4.851268],[7.068415,4.851277],[7.068406,4.851203],[7.068472,4.851194],[7.068481,4.851268]]]}},{"type":"Feature","properties":{"h":3.0,"on_route":false},"geometry":{"type":"Polygon","coordinates":[[[7.068841,4.850896],[7.068812,4.851041],[7.068747,4.851028],[7.068767,4.850929],[7.068733,4.850922],[7.068742,4.850876],[7.068841,4.850896]]]}},{"type":"Feature","properties":{"h":3.0,"on_route":false},"geometry":{"type":"Polygon","coordinates":[[[7.063484,4.85554],[7.063526,4.855733],[7.063479,4.855743],[7.063437,4.855551],[7.063484,4.85554]]]}},{"type":"Feature","properties":{"h":3.0,"on_route":false},"geometry":{"type":"Polygon","coordinates":[[[7.065301,4.856098],[7.065293,4.856137],[7.065246,4.856127],[7.065254,4.856088],[7.065301,4.856098]]]}},{"type":"Feature","properties":{"h":3.0,"on_route":false},"geometry":{"type":"Polygon","coordinates":[[[7.066445,4.858871],[7.066404,4.858928],[7.066375,4.858907],[7.066416,4.85885],[7.066445,4.858871]]]}},{"type":"Feature","properties":{"h":3.0,"on_route":false},"geometry":{"type":"Polygon","coordinates":[[[7.070184,4.853391],[7.070143,4.853417],[7.070109,4.853362],[7.070094,4.853372],[7.069981,4.85319],[7.069996,4.853181],[7.069976,4.853148],[7.070016,4.853123],[7.070184,4.853391]]]}},{"type":"Feature","properties":{"h":3.0,"on_route":false},"geometry":{"type":"Polygon","coordinates":[[[7.069084,4.853279],[7.069047,4.853246],[7.069167,4.853115],[7.069203,4.853148],[7.069084,4.853279]]]}},{"type":"Feature","properties":{"h":3.0,"on_route":false},"geometry":{"type":"Polygon","coordinates":[[[7.067692,4.851752],[7.067621,4.851781],[7.067604,4.851739],[7.067675,4.851709],[7.067692,4.851752]]]}},{"type":"Feature","properties":{"h":3.0,"on_route":false},"geometry":{"type":"Polygon","coordinates":[[[7.064175,4.855594],[7.064096,4.855667],[7.064039,4.855604],[7.064118,4.855531],[7.064175,4.855594]]]}},{"type":"Feature","properties":{"h":3.0,"on_route":false},"geometry":{"type":"Polygon","coordinates":[[[7.064123,4.852972],[7.064118,4.853002],[7.06406,4.852992],[7.064065,4.852962],[7.064123,4.852972]]]}},{"type":"Feature","properties":{"h":3.0,"on_route":false},"geometry":{"type":"Polygon","coordinates":[[[7.065267,4.852815],[7.065253,4.852863],[7.065161,4.852836],[7.065175,4.852788],[7.065267,4.852815]]]}},{"type":"Feature","properties":{"h":3.0,"on_route":false},"geometry":{"type":"Polygon","coordinates":[[[7.065789,4.850646],[7.065794,4.850751],[7.065567,4.850762],[7.065562,4.850656],[7.065789,4.850646]]]}},{"type":"Feature","properties":{"h":3.0,"on_route":false},"geometry":{"type":"Polygon","coordinates":[[[7.067036,4.851231],[7.066989,4.85124],[7.066997,4.851285],[7.066943,4.851295],[7.066962,4.851394],[7.066804,4.851424],[7.066786,4.851324],[7.06684,4.851314],[7.066825,4.851237],[7.06703,4.851199],[7.067036,4.851231]]]}},{"type":"Feature","properties":{"h":3.0,"on_route":false},"geometry":{"type":"Polygon","coordinates":[[[7.070774,4.855225],[7.070731,4.855326],[7.070513,4.855233],[7.070556,4.855132],[7.070774,4.855225]]]}},{"type":"Feature","properties":{"h":3.0,"on_route":false},"geometry":{"type":"Polygon","coordinates":[[[7.069904,4.85777],[7.069898,4.857874],[7.069869,4.857872],[7.069874,4.857769],[7.069904,4.85777]]]}},{"type":"Feature","properties":{"h":3.0,"on_route":false},"geometry":{"type":"Polygon","coordinates":[[[7.063948,4.853675],[7.063915,4.853649],[7.063979,4.853567],[7.064012,4.853592],[7.063948,4.853675]]]}},{"type":"Feature","properties":{"h":3.0,"on_route":false},"geometry":{"type":"Polygon","coordinates":[[[7.068995,4.853382],[7.069018,4.853408],[7.069013,4.853426],[7.068986,4.853419],[7.068966,4.853375],[7.068995,4.853382]]]}},{"type":"Feature","properties":{"h":3.0,"on_route":false},"geometry":{"type":"Polygon","coordinates":[[[7.06253,4.854132],[7.0625,4.854169],[7.062398,4.854087],[7.062428,4.85405],[7.06253,4.854132]]]}},{"type":"Feature","properties":{"h":3.0,"on_route":false},"geometry":{"type":"Polygon","coordinates":[[[7.066279,4.853572],[7.066268,4.853601],[7.066216,4.853582],[7.066226,4.853553],[7.066279,4.853572]]]}},{"type":"Feature","properties":{"h":3.0,"on_route":false},"geometry":{"type":"Polygon","coordinates":[[[7.068707,4.858387],[7.068691,4.858486],[7.06861,4.858472],[7.068627,4.858373],[7.068707,4.858387]]]}},{"type":"Feature","properties":{"h":3.0,"on_route":false},"geometry":{"type":"Polygon","coordinates":[[[7.066826,4.857311],[7.066799,4.857336],[7.066824,4.857362],[7.066683,4.857496],[7.066624,4.857434],[7.066758,4.857306],[7.066771,4.85732],[7.066804,4.857288],[7.066826,4.857311]]]}},{"type":"Feature","properties":{"h":3.0,"on_route":false},"geometry":{"type":"Polygon","coordinates":[[[7.06319,4.85257],[7.063183,4.852619],[7.0631,4.852608],[7.063106,4.852559],[7.06319,4.85257]]]}},{"type":"Feature","properties":{"h":3.0,"on_route":false},"geometry":{"type":"Polygon","coordinates":[[[7.06986,4.85778],[7.069854,4.857886],[7.069824,4.857885],[7.06983,4.857778],[7.06986,4.85778]]]}},{"type":"Feature","properties":{"h":3.0,"on_route":false},"geometry":{"type":"Polygon","coordinates":[[[7.064577,4.852533],[7.064589,4.852617],[7.06455,4.852622],[7.064538,4.852539],[7.064577,4.852533]]]}},{"type":"Feature","properties":{"h":3.0,"on_route":false},"geometry":{"type":"Polygon","coordinates":[[[7.064825,4.855269],[7.064786,4.855386],[7.064702,4.855357],[7.064741,4.855241],[7.064825,4.855269]]]}},{"type":"Feature","properties":{"h":3.0,"on_route":false},"geometry":{"type":"Polygon","coordinates":[[[7.064838,4.85221],[7.064591,4.85222],[7.06459,4.852204],[7.064564,4.852205],[7.064562,4.852178],[7.064589,4.852177],[7.064586,4.852106],[7.064834,4.852096],[7.064838,4.85221]]]}},{"type":"Feature","properties":{"h":3.0,"on_route":false},"geometry":{"type":"Polygon","coordinates":[[[7.063795,4.852083],[7.063683,4.852092],[7.063672,4.851949],[7.063784,4.851941],[7.063795,4.852083]]]}},{"type":"Feature","properties":{"h":3.0,"on_route":false},"geometry":{"type":"Polygon","coordinates":[[[7.065805,4.851879],[7.065704,4.851883],[7.0657,4.851793],[7.065802,4.851789],[7.065805,4.851879]]]}},{"type":"Feature","properties":{"h":3.0,"on_route":false},"geometry":{"type":"Polygon","coordinates":[[[7.067043,4.850307],[7.066997,4.850332],[7.06695,4.850247],[7.066997,4.850221],[7.067043,4.850307]]]}},{"type":"Feature","properties":{"h":3.0,"on_route":false},"geometry":{"type":"Polygon","coordinates":[[[7.067361,4.857262],[7.067323,4.85723],[7.067393,4.857148],[7.06743,4.85718],[7.067361,4.857262]]]}},{"type":"Feature","properties":{"h":3.0,"on_route":false},"geometry":{"type":"Polygon","coordinates":[[[7.065161,4.853737],[7.065128,4.85372],[7.065153,4.853671],[7.065186,4.853688],[7.065161,4.853737]]]}},{"type":"Feature","properties":{"h":3.0,"on_route":false},"geometry":{"type":"Polygon","coordinates":[[[7.067396,4.850471],[7.067312,4.850502],[7.067269,4.850387],[7.067353,4.850355],[7.067396,4.850471]]]}},{"type":"Feature","properties":{"h":3.0,"on_route":false},"geometry":{"type":"Polygon","coordinates":[[[7.064541,4.855497],[7.064525,4.855525],[7.064463,4.855488],[7.06448,4.85546],[7.064541,4.855497]]]}},{"type":"Feature","properties":{"h":3.0,"on_route":false},"geometry":{"type":"Polygon","coordinates":[[[7.06885,4.851468],[7.068817,4.851578],[7.068746,4.851557],[7.068779,4.851446],[7.06885,4.851468]]]}},{"type":"Feature","properties":{"h":3.0,"on_route":false},"geometry":{"type":"Polygon","coordinates":[[[7.066213,4.858813],[7.066107,4.858904],[7.066055,4.858843],[7.066162,4.858752],[7.066213,4.858813]]]}},{"type":"Feature","properties":{"h":3.0,"on_route":false},"geometry":{"type":"Polygon","coordinates":[[[7.063023,4.854268],[7.062974,4.854251],[7.063023,4.854109],[7.063072,4.854126],[7.063023,4.854268]]]}},{"type":"Feature","properties":{"h":3.0,"on_route":false},"geometry":{"type":"Polygon","coordinates":[[[7.067899,4.851932],[7.067741,4.852024],[7.067706,4.851964],[7.067864,4.851872],[7.067899,4.851932]]]}},{"type":"Feature","properties":{"h":3.0,"on_route":false},"geometry":{"type":"Polygon","coordinates":[[[7.071066,4.852089],[7.07101,4.852132],[7.070943,4.852043],[7.071,4.852001],[7.071066,4.852089]]]}},{"type":"Feature","properties":{"h":3.0,"on_route":false},"geometry":{"type":"Polygon","coordinates":[[[7.064061,4.856004],[7.06389,4.85615],[7.063823,4.856071],[7.063982,4.855936],[7.063995,4.855952],[7.064008,4.855941],[7.064061,4.856004]]]}},{"type":"Feature","properties":{"h":3.0,"on_route":false},"geometry":{"type":"Polygon","coordinates":[[[7.067156,4.858658],[7.06709,4.858675],[7.06707,4.858599],[7.067101,4.85859],[7.067087,4.858535],[7.067122,4.858526],[7.067156,4.858658]]]}},{"type":"Feature","properties":{"h":3.0,"on_route":false},"geometry":{"type":"Polygon","coordinates":[[[7.067861,4.851877],[7.06776,4.851921],[7.067738,4.851871],[7.067839,4.851827],[7.067861,4.851877]]]}},{"type":"Feature","properties":{"h":3.0,"on_route":false},"geometry":{"type":"Polygon","coordinates":[[[7.067237,4.857357],[7.067154,4.857423],[7.067096,4.85735],[7.067178,4.857284],[7.067237,4.857357]]]}},{"type":"Feature","properties":{"h":3.0,"on_route":false},"geometry":{"type":"Polygon","coordinates":[[[7.066099,4.853253],[7.066086,4.853283],[7.06599,4.853239],[7.066004,4.853209],[7.066099,4.853253]]]}},{"type":"Feature","properties":{"h":3.0,"on_route":false},"geometry":{"type":"Polygon","coordinates":[[[7.069393,4.853715],[7.069347,4.853676],[7.069434,4.853576],[7.069479,4.853615],[7.069393,4.853715]]]}},{"type":"Feature","properties":{"h":3.0,"on_route":false},"geometry":{"type":"Polygon","coordinates":[[[7.070167,4.855308],[7.070132,4.855387],[7.070076,4.855362],[7.070111,4.855283],[7.070167,4.855308]]]}},{"type":"Feature","properties":{"h":3.0,"on_route":false},"geometry":{"type":"Polygon","coordinates":[[[7.064441,4.857556],[7.064415,4.857591],[7.064346,4.85754],[7.064372,4.857504],[7.064441,4.857556]]]}},{"type":"Feature","properties":{"h":3.0,"on_route":false},"geometry":{"type":"Polygon","coordinates":[[[7.06355,4.852269],[7.063556,4.852321],[7.063504,4.852326],[7.063499,4.852275],[7.06355,4.852269]]]}},{"type":"Feature","properties":{"h":3.0,"on_route":false},"geometry":{"type":"Polygon","coordinates":[[[7.066074,4.852304],[7.06607,4.852464],[7.065883,4.852459],[7.065887,4.852299],[7.066074,4.852304]]]}},{"type":"Feature","properties":{"h":3.0,"on_route":false},"geometry":{"type":"Polygon","coordinates":[[[7.063358,4.85486],[7.063343,4.855014],[7.06327,4.855006],[7.063285,4.854854],[7.063358,4.85486]]]}},{"type":"Feature","properties":{"h":3.0,"on_route":false},"geometry":{"type":"Polygon","coordinates":[[[7.066037,4.852463],[7.066032,4.85264],[7.065904,4.852636],[7.065906,4.852571],[7.065849,4.85257],[7.065852,4.852458],[7.066037,4.852463]]]}},{"type":"Feature","properties":{"h":3.0,"on_route":false},"geometry":{"type":"Polygon","coordinates":[[[7.064461,4.852542],[7.06446,4.852608],[7.064377,4.852605],[7.064378,4.852539],[7.064461,4.852542]]]}},{"type":"Feature","properties":{"h":3.0,"on_route":false},"geometry":{"type":"Polygon","coordinates":[[[7.065817,4.851981],[7.065815,4.852145],[7.065595,4.852143],[7.065597,4.851978],[7.065817,4.851981]]]}},{"type":"Feature","properties":{"h":3.0,"on_route":false},"geometry":{"type":"Polygon","coordinates":[[[7.065992,4.851271],[7.065888,4.851299],[7.065839,4.851116],[7.065942,4.851088],[7.065992,4.851271]]]}},{"type":"Feature","properties":{"h":3.0,"on_route":false},"geometry":{"type":"Polygon","coordinates":[[[7.067964,4.857162],[7.067942,4.857188],[7.067899,4.857152],[7.067921,4.857126],[7.067964,4.857162]]]}},{"type":"Feature","properties":{"h":3.0,"on_route":false},"geometry":{"type":"Polygon","coordinates":[[[7.068672,4.857563],[7.06861,4.857867],[7.068458,4.857835],[7.06852,4.857532],[7.068672,4.857563]]]}},{"type":"Feature","properties":{"h":3.0,"on_route":false},"geometry":{"type":"Polygon","coordinates":[[[7.067544,4.857217],[7.067484,4.857159],[7.067516,4.857126],[7.067502,4.857112],[7.067644,4.856964],[7.067718,4.857036],[7.067544,4.857217]]]}},{"type":"Feature","properties":{"h":3.0,"on_route":false},"geometry":{"type":"Polygon","coordinates":[[[7.070379,4.851823],[7.070339,4.851849],[7.070324,4.851825],[7.070365,4.851799],[7.070379,4.851823]]]}},{"type":"Feature","properties":{"h":3.0,"on_route":false},"geometry":{"type":"Polygon","coordinates":[[[7.063928,4.852642],[7.06392,4.852667],[7.063819,4.852633],[7.063828,4.852608],[7.063928,4.852642]]]}},{"type":"Feature","properties":{"h":3.0,"on_route":false},"geometry":{"type":"Polygon","coordinates":[[[7.067009,4.858449],[7.066972,4.858453],[7.066969,4.858424],[7.067006,4.85842],[7.067009,4.858449]]]}},{"type":"Feature","properties":{"h":3.0,"on_route":false},"geometry":{"type":"Polygon","coordinates":[[[7.070623,4.854992],[7.070574,4.8551],[7.07051,4.855071],[7.070558,4.854963],[7.070623,4.854992]]]}},{"type":"Feature","properties":{"h":3.0,"on_route":false},"geometry":{"type":"Polygon","coordinates":[[[7.065294,4.85792],[7.065238,4.857975],[7.0652,4.857936],[7.065256,4.857881],[7.065294,4.85792]]]}},{"type":"Feature","properties":{"h":3.0,"on_route":false},"geometry":{"type":"Polygon","coordinates":[[[7.064734,4.857809],[7.064686,4.857846],[7.063868,4.856787],[7.063916,4.856749],[7.064734,4.857809]]]}},{"type":"Feature","properties":{"h":3.0,"on_route":false},"geometry":{"type":"Polygon","coordinates":[[[7.067194,4.856894],[7.067178,4.856922],[7.067143,4.856902],[7.067159,4.856874],[7.067194,4.856894]]]}},{"type":"Feature","properties":{"h":3.0,"on_route":false},"geometry":{"type":"Polygon","coordinates":[[[7.069854,4.850929],[7.069797,4.850902],[7.069809,4.850875],[7.069827,4.850883],[7.069843,4.850848],[7.069826,4.85084],[7.069847,4.850793],[7.069904,4.85082],[7.069854,4.850929]]]}},{"type":"Feature","properties":{"h":3.0,"on_route":false},"geometry":{"type":"Polygon","coordinates":[[[7.064387,4.856057],[7.06422,4.8562],[7.064187,4.856161],[7.064353,4.856018],[7.064387,4.856057]]]}},{"type":"Feature","properties":{"h":3.0,"on_route":false},"geometry":{"type":"Polygon","coordinates":[[[7.066146,4.850469],[7.066023,4.850491],[7.065979,4.850241],[7.066102,4.850219],[7.066146,4.850469]]]}},{"type":"Feature","properties":{"h":3.0,"on_route":false},"geometry":{"type":"Polygon","coordinates":[[[7.062886,4.854211],[7.062881,4.854267],[7.062671,4.85425],[7.062675,4.854195],[7.062886,4.854211]]]}},{"type":"Feature","properties":{"h":3.0,"on_route":false},"geometry":{"type":"Polygon","coordinates":[[[7.064603,4.853012],[7.064588,4.853054],[7.064571,4.853047],[7.064578,4.853028],[7.064524,4.853007],[7.064532,4.852985],[7.064603,4.853012]]]}},{"type":"Feature","properties":{"h":3.0,"on_route":false},"geometry":{"type":"Polygon","coordinates":[[[7.065828,4.853087],[7.065813,4.85312],[7.065755,4.853094],[7.06577,4.853061],[7.065828,4.853087]]]}},{"type":"Feature","properties":{"h":3.0,"on_route":false},"geometry":{"type":"Polygon","coordinates":[[[7.063131,4.854306],[7.063053,4.854533],[7.063007,4.854517],[7.063085,4.85429],[7.063131,4.854306]]]}},{"type":"Feature","properties":{"h":3.0,"on_route":false},"geometry":{"type":"Polygon","coordinates":[[[7.067526,4.850896],[7.067407,4.850912],[7.067397,4.850834],[7.067516,4.850818],[7.067526,4.850896]]]}},{"type":"Feature","properties":{"h":3.0,"on_route":false},"geometry":{"type":"Polygon","coordinates":[[[7.065256,4.852918],[7.065183,4.853083],[7.065137,4.853062],[7.065123,4.853093],[7.064983,4.85303],[7.065069,4.852834],[7.065256,4.852918]]]}},{"type":"Feature","properties":{"h":3.0,"on_route":false},"geometry":{"type":"Polygon","coordinates":[[[7.071741,4.853926],[7.071693,4.854053],[7.071559,4.854002],[7.071607,4.853875],[7.071741,4.853926]]]}},{"type":"Feature","properties":{"h":3.0,"on_route":false},"geometry":{"type":"Polygon","coordinates":[[[7.063095,4.854521],[7.063093,4.854578],[7.062965,4.854574],[7.062968,4.854517],[7.063095,4.854521]]]}},{"type":"Feature","properties":{"h":3.0,"on_route":false},"geometry":{"type":"Polygon","coordinates":[[[7.070348,4.851787],[7.070274,4.851865],[7.070248,4.85184],[7.070322,4.851762],[7.070348,4.851787]]]}},{"type":"Feature","properties":{"h":3.0,"on_route":false},"geometry":{"type":"Polygon","coordinates":[[[7.06795,4.851905],[7.067893,4.851938],[7.067833,4.851835],[7.06789,4.851802],[7.06795,4.851905]]]}},{"type":"Feature","properties":{"h":3.0,"on_route":false},"geometry":{"type":"Polygon","coordinates":[[[7.06429,4.853075],[7.064262,4.853067],[7.064273,4.853032],[7.064301,4.85304],[7.06429,4.853075]]]}},{"type":"Feature","properties":{"h":3.0,"on_route":false},"geometry":{"type":"Polygon","coordinates":[[[7.068629,4.853871],[7.068592,4.853824],[7.068673,4.853758],[7.068711,4.853805],[7.068629,4.853871]]]}},{"type":"Feature","properties":{"h":3.0,"on_route":false},"geometry":{"type":"Polygon","coordinates":[[[7.067957,4.857251],[7.067925,4.857281],[7.06789,4.857243],[7.067923,4.857213],[7.067957,4.857251]]]}},{"type":"Feature","properties":{"h":3.0,"on_route":false},"geometry":{"type":"Polygon","coordinates":[[[7.067452,4.851702],[7.067465,4.851877],[7.067325,4.851888],[7.067316,4.851766],[7.067346,4.851763],[7.067342,4.851711],[7.067452,4.851702]]]}},{"type":"Feature","properties":{"h":3.0,"on_route":false},"geometry":{"type":"Polygon","coordinates":[[[7.067113,4.856817],[7.06708,4.856796],[7.067116,4.856738],[7.067149,4.856759],[7.067113,4.856817]]]}},{"type":"Feature","properties":{"h":3.0,"on_route":false},"geometry":{"type":"Polygon","coordinates":[[[7.065166,4.851015],[7.065172,4.851233],[7.0651,4.851234],[7.065095,4.851016],[7.065166,4.851015]]]}},{"type":"Feature","properties":{"h":3.0,"on_route":false},"geometry":{"type":"Polygon","coordinates":[[[7.068878,4.85571],[7.068812,4.855777],[7.068773,4.855738],[7.068839,4.855671],[7.068878,4.85571]]]}},{"type":"Feature","properties":{"h":3.0,"on_route":false},"geometry":{"type":"Polygon","coordinates":[[[7.0642,4.856938],[7.064291,4.857057],[7.064258,4.857083],[7.064167,4.856963],[7.0642,4.856938]]]}},{"type":"Feature","properties":{"h":3.0,"on_route":false},"geometry":{"type":"Polygon","coordinates":[[[7.066628,4.850343],[7.066524,4.850376],[7.066497,4.85029],[7.066576,4.850265],[7.066586,4.850297],[7.066612,4.850289],[7.066628,4.850343]]]}},{"type":"Feature","properties":{"h":3.0,"on_route":false},"geometry":{"type":"Polygon","coordinates":[[[7.065403,4.851009],[7.065205,4.851014],[7.065203,4.850951],[7.065402,4.850947],[7.065403,4.851009]]]}},{"type":"Feature","properties":{"h":3.0,"on_route":false},"geometry":{"type":"Polygon","coordinates":[[[7.065257,4.858286],[7.065164,4.858196],[7.065298,4.858056],[7.065391,4.858145],[7.065257,4.858286]]]}},{"type":"Feature","properties":{"h":3.0,"on_route":false},"geometry":{"type":"Polygon","coordinates":[[[7.066383,4.858667],[7.066226,4.858802],[7.066174,4.858741],[7.066332,4.858606],[7.066383,4.858667]]]}},{"type":"Feature","properties":{"h":3.0,"on_route":false},"geometry":{"type":"Polygon","coordinates":[[[7.065375,4.854472],[7.065266,4.854585],[7.065247,4.854567],[7.065357,4.854454],[7.065375,4.854472]]]}},{"type":"Feature","properties":{"h":3.0,"on_route":false},"geometry":{"type":"Polygon","coordinates":[[[7.068458,4.85109],[7.068472,4.851194],[7.068432,4.8512],[7.068426,4.851151],[7.068377,4.851157],[7.06837,4.851101],[7.068458,4.85109]]]}},{"type":"Feature","properties":{"h":3.0,"on_route":false},"geometry":{"type":"Polygon","coordinates":[[[7.069686,4.857755],[7.069659,4.85775],[7.069679,4.857632],[7.069705,4.857637],[7.069686,4.857755]]]}},{"type":"Feature","properties":{"h":3.0,"on_route":false},"geometry":{"type":"Polygon","coordinates":[[[7.064328,4.850864],[7.064331,4.850898],[7.064375,4.850894],[7.064392,4.851058],[7.064348,4.851063],[7.064355,4.851128],[7.064399,4.851124],[7.064416,4.851297],[7.064372,4.851301],[7.064376,4.851332],[7.0643,4.85134],[7.064297,4.851309],[7.064269,4.851312],[7.064251,4.851139],[7.064279,4.851136],[7.064271,4.851059],[7.064243,4.851062],[7.064227,4.850909],[7.064255,4.850906],[7.064252,4.850872],[7.064328,4.850864]]]}},{"type":"Feature","properties":{"h":3.0,"on_route":false},"geometry":{"type":"Polygon","coordinates":[[[7.066725,4.85807],[7.066703,4.858117],[7.066672,4.858102],[7.066694,4.858055],[7.066725,4.85807]]]}},{"type":"Feature","properties":{"h":3.0,"on_route":false},"geometry":{"type":"Polygon","coordinates":[[[7.065163,4.856171],[7.06515,4.856233],[7.065109,4.856225],[7.065121,4.856163],[7.065163,4.856171]]]}},{"type":"Feature","properties":{"h":3.0,"on_route":false},"geometry":{"type":"Polygon","coordinates":[[[7.06347,4.852088],[7.063481,4.852177],[7.063411,4.852186],[7.0634,4.852097],[7.06347,4.852088]]]}},{"type":"Feature","properties":{"h":3.0,"on_route":false},"geometry":{"type":"Polygon","coordinates":[[[7.067557,4.855888],[7.067543,4.855928],[7.067392,4.855877],[7.067406,4.855836],[7.067557,4.855888]]]}},{"type":"Feature","properties":{"h":3.0,"on_route":false},"geometry":{"type":"Polygon","coordinates":[[[7.064971,4.853115],[7.064959,4.853147],[7.064865,4.853112],[7.064877,4.853079],[7.064971,4.853115]]]}},{"type":"Feature","properties":{"h":3.0,"on_route":false},"geometry":{"type":"Polygon","coordinates":[[[7.070645,4.855457],[7.070598,4.855565],[7.07052,4.855532],[7.070531,4.855506],[7.070469,4.855479],[7.070505,4.855397],[7.070645,4.855457]]]}},{"type":"Feature","properties":{"h":3.0,"on_route":false},"geometry":{"type":"Polygon","coordinates":[[[7.065682,4.853103],[7.065653,4.853169],[7.065527,4.853114],[7.065555,4.853048],[7.065682,4.853103]]]}},{"type":"Feature","properties":{"h":3.0,"on_route":false},"geometry":{"type":"Polygon","coordinates":[[[7.065058,4.851956],[7.065063,4.852126],[7.065013,4.852128],[7.065014,4.852159],[7.06485,4.852164],[7.064844,4.851963],[7.065058,4.851956]]]}},{"type":"Feature","properties":{"h":3.0,"on_route":false},"geometry":{"type":"Polygon","coordinates":[[[7.068039,4.8535],[7.068046,4.853482],[7.068067,4.853491],[7.068046,4.853542],[7.067968,4.85351],[7.067981,4.853476],[7.068039,4.8535]]]}},{"type":"Feature","properties":{"h":3.0,"on_route":false},"geometry":{"type":"Polygon","coordinates":[[[7.063903,4.854585],[7.063748,4.854727],[7.063634,4.854602],[7.063766,4.85448],[7.063744,4.854457],[7.063767,4.854436],[7.063903,4.854585]]]}},{"type":"Feature","properties":{"h":3.0,"on_route":false},"geometry":{"type":"Polygon","coordinates":[[[7.069736,4.858043],[7.069727,4.8581],[7.069677,4.858092],[7.069686,4.858035],[7.069736,4.858043]]]}},{"type":"Feature","properties":{"h":3.0,"on_route":false},"geometry":{"type":"Polygon","coordinates":[[[7.067579,4.850508],[7.067505,4.850537],[7.067439,4.850363],[7.067513,4.850334],[7.067579,4.850508]]]}},{"type":"Feature","properties":{"h":3.0,"on_route":false},"geometry":{"type":"Polygon","coordinates":[[[7.068239,4.853637],[7.06823,4.853662],[7.068202,4.853652],[7.06821,4.853628],[7.068239,4.853637]]]}},{"type":"Feature","properties":{"h":3.0,"on_route":false},"geometry":{"type":"Polygon","coordinates":[[[7.066992,4.852865],[7.06695,4.852975],[7.06691,4.85296],[7.066918,4.852939],[7.066845,4.852911],[7.066879,4.852821],[7.066992,4.852865]]]}},{"type":"Feature","properties":{"h":3.0,"on_route":false},"geometry":{"type":"Polygon","coordinates":[[[7.066786,4.851324],[7.066631,4.851353],[7.066603,4.851198],[7.066757,4.851169],[7.066786,4.851324]]]}},{"type":"Feature","properties":{"h":3.0,"on_route":false},"geometry":{"type":"Polygon","coordinates":[[[7.066472,4.852132],[7.066461,4.852171],[7.066378,4.852147],[7.066389,4.852108],[7.066472,4.852132]]]}},{"type":"Feature","properties":{"h":3.0,"on_route":false},"geometry":{"type":"Polygon","coordinates":[[[7.070225,4.855177],[7.070171,4.855299],[7.06981,4.855139],[7.069864,4.855016],[7.070225,4.855177]]]}},{"type":"Feature","properties":{"h":3.0,"on_route":false},"geometry":{"type":"Polygon","coordinates":[[[7.063596,4.856298],[7.063888,4.856718],[7.063842,4.85675],[7.063763,4.856636],[7.063732,4.856658],[7.063519,4.856352],[7.063596,4.856298]]]}},{"type":"Feature","properties":{"h":3.0,"on_route":false},"geometry":{"type":"Polygon","coordinates":[[[7.069702,4.857767],[7.069682,4.857763],[7.069707,4.857647],[7.069727,4.857651],[7.069702,4.857767]]]}},{"type":"Feature","properties":{"h":3.0,"on_route":false},"geometry":{"type":"Polygon","coordinates":[[[7.065922,4.858238],[7.065891,4.858266],[7.065851,4.858223],[7.065882,4.858194],[7.065922,4.858238]]]}},{"type":"Feature","properties":{"h":3.0,"on_route":false},"geometry":{"type":"Polygon","coordinates":[[[7.068209,4.857753],[7.068198,4.857802],[7.068138,4.857788],[7.068149,4.857739],[7.068209,4.857753]]]}},{"type":"Feature","properties":{"h":3.0,"on_route":false},"geometry":{"type":"Polygon","coordinates":[[[7.065837,4.856237],[7.065787,4.856217],[7.065829,4.856116],[7.065878,4.856137],[7.065837,4.856237]]]}},{"type":"Feature","properties":{"h":3.0,"on_route":false},"geometry":{"type":"Polygon","coordinates":[[[7.065974,4.85064],[7.065974,4.850672],[7.065951,4.850672],[7.065951,4.85064],[7.065974,4.85064]]]}},{"type":"Feature","properties":{"h":3.0,"on_route":false},"geometry":{"type":"Polygon","coordinates":[[[7.064471,4.855081],[7.064391,4.855276],[7.064336,4.855253],[7.064416,4.855059],[7.064471,4.855081]]]}},{"type":"Feature","properties":{"h":3.0,"on_route":false},"geometry":{"type":"Polygon","coordinates":[[[7.06614,4.850794],[7.066134,4.850795],[7.066165,4.851003],[7.066044,4.851021],[7.066013,4.850813],[7.066067,4.850805],[7.066064,4.850783],[7.066136,4.850772],[7.06614,4.850794]]]}},{"type":"Feature","properties":{"h":3.0,"on_route":false},"geometry":{"type":"Polygon","coordinates":[[[7.067874,4.856763],[7.067686,4.856934],[7.067618,4.856859],[7.067806,4.856688],[7.067874,4.856763]]]}},{"type":"Feature","properties":{"h":3.0,"on_route":false},"geometry":{"type":"Polygon","coordinates":[[[7.066253,4.857354],[7.066227,4.85738],[7.066189,4.857342],[7.066215,4.857316],[7.066253,4.857354]]]}},{"type":"Feature","properties":{"h":3.0,"on_route":false},"geometry":{"type":"Polygon","coordinates":[[[7.068202,4.851904],[7.068197,4.851853],[7.0683,4.851843],[7.068305,4.851893],[7.068202,4.851904]]]}},{"type":"Feature","properties":{"h":3.0,"on_route":false},"geometry":{"type":"Polygon","coordinates":[[[7.06778,4.853246],[7.067773,4.853277],[7.067718,4.853266],[7.067724,4.853235],[7.06778,4.853246]]]}},{"type":"Feature","properties":{"h":3.0,"on_route":false},"geometry":{"type":"Polygon","coordinates":[[[7.062866,4.854461],[7.06286,4.854542],[7.062666,4.854527],[7.062672,4.854446],[7.062866,4.854461]]]}},{"type":"Feature","properties":{"h":3.0,"on_route":false},"geometry":{"type":"Polygon","coordinates":[[[7.066196,4.853333],[7.06618,4.853367],[7.06623,4.85339],[7.066183,4.853495],[7.066084,4.85345],[7.066091,4.853435],[7.066064,4.853423],[7.066121,4.853299],[7.066196,4.853333]]]}},{"type":"Feature","properties":{"h":3.0,"on_route":false},"geometry":{"type":"Polygon","coordinates":[[[7.065582,4.858411],[7.065498,4.858499],[7.06528,4.85829],[7.065364,4.858202],[7.065582,4.858411]]]}},{"type":"Feature","properties":{"h":3.0,"on_route":false},"geometry":{"type":"Polygon","coordinates":[[[7.069348,4.853881],[7.069387,4.853907],[7.06937,4.853932],[7.069332,4.853906],[7.069348,4.853881]]]}},{"type":"Feature","properties":{"h":3.0,"on_route":false},"geometry":{"type":"Polygon","coordinates":[[[7.065121,4.856163],[7.065103,4.856251],[7.065126,4.856255],[7.065119,4.856288],[7.065029,4.856269],[7.065026,4.856288],[7.065004,4.856284],[7.065024,4.856187],[7.065045,4.856192],[7.065054,4.856149],[7.065121,4.856163]]]}},{"type":"Feature","properties":{"h":3.0,"on_route":false},"geometry":{"type":"Polygon","coordinates":[[[7.064445,4.851295],[7.064463,4.85149],[7.064415,4.851494],[7.064397,4.851299],[7.064445,4.851295]]]}},{"type":"Feature","properties":{"h":3.0,"on_route":false},"geometry":{"type":"Polygon","coordinates":[[[7.06794,4.857197],[7.06789,4.857243],[7.067863,4.857213],[7.067913,4.857167],[7.06794,4.857197]]]}},{"type":"Feature","properties":{"h":3.0,"on_route":false},"geometry":{"type":"Polygon","coordinates":[[[7.064041,4.855487],[7.063988,4.855539],[7.063856,4.855402],[7.063909,4.855351],[7.064041,4.855487]]]}},{"type":"Feature","properties":{"h":3.0,"on_route":false},"geometry":{"type":"Polygon","coordinates":[[[7.065988,4.858585],[7.065681,4.858848],[7.06564,4.8588],[7.065946,4.858536],[7.065988,4.858585]]]}},{"type":"Feature","properties":{"h":3.0,"on_route":false},"geometry":{"type":"Polygon","coordinates":[[[7.068259,4.858542],[7.068257,4.858599],[7.068222,4.858598],[7.068224,4.858541],[7.068259,4.858542]]]}},{"type":"Feature","properties":{"h":3.0,"on_route":false},"geometry":{"type":"Polygon","coordinates":[[[7.064565,4.857351],[7.064512,4.857399],[7.064376,4.857252],[7.064429,4.857203],[7.064565,4.857351]]]}},{"type":"Feature","properties":{"h":3.0,"on_route":false},"geometry":{"type":"Polygon","coordinates":[[[7.067934,4.852548],[7.067889,4.852661],[7.067616,4.852553],[7.067661,4.85244],[7.067934,4.852548]]]}},{"type":"Feature","properties":{"h":3.0,"on_route":false},"geometry":{"type":"Polygon","coordinates":[[[7.06778,4.850468],[7.067647,4.850531],[7.067574,4.850375],[7.067707,4.850312],[7.06778,4.850468]]]}},{"type":"Feature","properties":{"h":3.0,"on_route":false},"geometry":{"type":"Polygon","coordinates":[[[7.065215,4.857973],[7.065197,4.857991],[7.065258,4.85805],[7.0651,4.858212],[7.065061,4.858174],[7.065089,4.858145],[7.065056,4.858112],[7.065202,4.857961],[7.065215,4.857973]]]}},{"type":"Feature","properties":{"h":3.0,"on_route":false},"geometry":{"type":"Polygon","coordinates":[[[7.065567,4.852025],[7.065569,4.852134],[7.065461,4.852136],[7.065458,4.852028],[7.065567,4.852025]]]}},{"type":"Feature","properties":{"h":3.0,"on_route":false},"geometry":{"type":"Polygon","coordinates":[[[7.064662,4.857852],[7.064731,4.857926],[7.064693,4.857963],[7.064623,4.857889],[7.064662,4.857852]]]}},{"type":"Feature","properties":{"h":3.0,"on_route":false},"geometry":{"type":"Polygon","coordinates":[[[7.064353,4.853046],[7.064344,4.853091],[7.064311,4.853084],[7.06432,4.853039],[7.064353,4.853046]]]}},{"type":"Feature","properties":{"h":3.0,"on_route":false},"geometry":{"type":"Polygon","coordinates":[[[7.065972,4.851557],[7.065884,4.851586],[7.065857,4.851504],[7.065945,4.851475],[7.065972,4.851557]]]}},{"type":"Feature","properties":{"h":3.0,"on_route":false},"geometry":{"type":"Polygon","coordinates":[[[7.065091,4.852798],[7.065082,4.852831],[7.065056,4.852825],[7.065064,4.852791],[7.065091,4.852798]]]}},{"type":"Feature","properties":{"h":3.0,"on_route":false},"geometry":{"type":"Polygon","coordinates":[[[7.066196,4.853574],[7.066236,4.853589],[7.066214,4.853649],[7.066174,4.853635],[7.066196,4.853574]]]}},{"type":"Feature","properties":{"h":3.0,"on_route":false},"geometry":{"type":"Polygon","coordinates":[[[7.062844,4.854362],[7.062843,4.854414],[7.062662,4.854411],[7.062663,4.854359],[7.062844,4.854362]]]}},{"type":"Feature","properties":{"h":3.0,"on_route":false},"geometry":{"type":"Polygon","coordinates":[[[7.068945,4.854874],[7.068921,4.8549],[7.068829,4.854819],[7.068852,4.854792],[7.068945,4.854874]]]}},{"type":"Feature","properties":{"h":3.0,"on_route":false},"geometry":{"type":"Polygon","coordinates":[[[7.067333,4.858233],[7.067337,4.858272],[7.067292,4.858276],[7.067289,4.858237],[7.067333,4.858233]]]}},{"type":"Feature","properties":{"h":3.0,"on_route":false},"geometry":{"type":"Polygon","coordinates":[[[7.066064,4.857883],[7.06604,4.85792],[7.065987,4.857884],[7.066011,4.857848],[7.066064,4.857883]]]}},{"type":"Feature","properties":{"h":3.0,"on_route":false},"geometry":{"type":"Polygon","coordinates":[[[7.068725,4.857955],[7.068695,4.858101],[7.068634,4.858088],[7.068627,4.858122],[7.068561,4.858108],[7.068568,4.858075],[7.068378,4.858036],[7.068407,4.857891],[7.068725,4.857955]]]}},{"type":"Feature","properties":{"h":3.0,"on_route":false},"geometry":{"type":"Polygon","coordinates":[[[7.068127,4.858789],[7.068124,4.858853],[7.068089,4.858851],[7.068092,4.858787],[7.068127,4.858789]]]}},{"type":"Feature","properties":{"h":3.0,"on_route":false},"geometry":{"type":"Polygon","coordinates":[[[7.065603,4.85064],[7.0656,4.850571],[7.065764,4.850563],[7.065767,4.850633],[7.065603,4.85064]]]}},{"type":"Feature","properties":{"h":3.0,"on_route":false},"geometry":{"type":"Polygon","coordinates":[[[7.068521,4.85567],[7.068457,4.855736],[7.06831,4.855593],[7.068373,4.855527],[7.068521,4.85567]]]}},{"type":"Feature","properties":{"h":3.0,"on_route":false},"geometry":{"type":"Polygon","coordinates":[[[7.068523,4.853527],[7.0685,4.85351],[7.068532,4.853465],[7.068555,4.853482],[7.068523,4.853527]]]}},{"type":"Feature","properties":{"h":3.0,"on_route":false},"geometry":{"type":"Polygon","coordinates":[[[7.068612,4.851342],[7.068622,4.851455],[7.068531,4.851463],[7.068521,4.85135],[7.068612,4.851342]]]}},{"type":"Feature","properties":{"h":3.0,"on_route":false},"geometry":{"type":"Polygon","coordinates":[[[7.067805,4.851652],[7.067746,4.851671],[7.067729,4.851617],[7.067788,4.851598],[7.067805,4.851652]]]}},{"type":"Feature","properties":{"h":3.0,"on_route":false},"geometry":{"type":"Polygon","coordinates":[[[7.062671,4.85425],[7.062665,4.854322],[7.062592,4.854317],[7.062598,4.854245],[7.062671,4.85425]]]}},{"type":"Feature","properties":{"h":3.0,"on_route":false},"geometry":{"type":"Polygon","coordinates":[[[7.067309,4.850296],[7.067197,4.850349],[7.067106,4.850157],[7.067219,4.850103],[7.067309,4.850296]]]}},{"type":"Feature","properties":{"h":3.0,"on_route":false},"geometry":{"type":"Polygon","coordinates":[[[7.063571,4.853246],[7.063525,4.853251],[7.06352,4.853209],[7.063566,4.853204],[7.063571,4.853246]]]}},{"type":"Feature","properties":{"h":3.0,"on_route":false},"geometry":{"type":"Polygon","coordinates":[[[7.063423,4.855549],[7.063376,4.855558],[7.063332,4.855325],[7.06338,4.855316],[7.063423,4.855549]]]}},{"type":"Feature","properties":{"h":3.0,"on_route":false},"geometry":{"type":"Polygon","coordinates":[[[7.065571,4.85178],[7.065572,4.851814],[7.065556,4.851814],[7.065555,4.85178],[7.065571,4.85178]]]}},{"type":"Feature","properties":{"h":3.0,"on_route":false},"geometry":{"type":"Polygon","coordinates":[[[7.067303,4.856816],[7.067274,4.856854],[7.067232,4.856821],[7.067261,4.856783],[7.067303,4.856816]]]}},{"type":"Feature","properties":{"h":3.0,"on_route":false},"geometry":{"type":"Polygon","coordinates":[[[7.067602,4.85106],[7.067526,4.851076],[7.067518,4.851037],[7.067594,4.851022],[7.067602,4.85106]]]}},{"type":"Feature","properties":{"h":3.0,"on_route":false},"geometry":{"type":"Polygon","coordinates":[[[7.065624,4.851001],[7.06562,4.850952],[7.065686,4.850947],[7.06569,4.850996],[7.065624,4.851001]]]}},{"type":"Feature","properties":{"h":3.0,"on_route":false},"geometry":{"type":"Polygon","coordinates":[[[7.069903,4.853635],[7.070043,4.85372],[7.070024,4.853751],[7.069884,4.853666],[7.069903,4.853635]]]}},{"type":"Feature","properties":{"h":3.0,"on_route":false},"geometry":{"type":"Polygon","coordinates":[[[7.068739,4.853687],[7.068697,4.853656],[7.068713,4.853634],[7.068786,4.853624],[7.068739,4.853687]]]}},{"type":"Feature","properties":{"h":3.0,"on_route":false},"geometry":{"type":"Polygon","coordinates":[[[7.069336,4.858027],[7.069329,4.858159],[7.069177,4.85815],[7.069184,4.858019],[7.069336,4.858027]]]}},{"type":"Feature","properties":{"h":3.0,"on_route":false},"geometry":{"type":"Polygon","coordinates":[[[7.063549,4.852323],[7.06355,4.852363],[7.063504,4.852365],[7.063503,4.852325],[7.063549,4.852323]]]}},{"type":"Feature","properties":{"h":3.0,"on_route":false},"geometry":{"type":"Polygon","coordinates":[[[7.069284,4.851816],[7.069246,4.851897],[7.069189,4.851871],[7.069226,4.85179],[7.069284,4.851816]]]}},{"type":"Feature","properties":{"h":3.0,"on_route":false},"geometry":{"type":"Polygon","coordinates":[[[7.06701,4.858471],[7.067019,4.858509],[7.066984,4.858518],[7.066974,4.85848],[7.06701,4.858471]]]}},{"type":"Feature","properties":{"h":3.0,"on_route":false},"geometry":{"type":"Polygon","coordinates":[[[7.068421,4.85338],[7.068406,4.853411],[7.068298,4.853362],[7.068312,4.85333],[7.068421,4.85338]]]}},{"type":"Feature","properties":{"h":3.0,"on_route":false},"geometry":{"type":"Polygon","coordinates":[[[7.06692,4.858113],[7.066888,4.858124],[7.066874,4.85808],[7.066906,4.85807],[7.06692,4.858113]]]}},{"type":"Feature","properties":{"h":3.0,"on_route":false},"geometry":{"type":"Polygon","coordinates":[[[7.067392,4.856491],[7.067372,4.856552],[7.067317,4.856534],[7.067329,4.8565],[7.067303,4.856492],[7.067312,4.856464],[7.067392,4.856491]]]}},{"type":"Feature","properties":{"h":3.0,"on_route":false},"geometry":{"type":"Polygon","coordinates":[[[7.069672,4.851835],[7.069676,4.85186],[7.069632,4.851866],[7.069624,4.851816],[7.069672,4.851835]]]}},{"type":"Feature","properties":{"h":3.0,"on_route":false},"geometry":{"type":"Polygon","coordinates":[[[7.063738,4.856343],[7.063706,4.856306],[7.063881,4.856157],[7.063913,4.856194],[7.063738,4.856343]]]}},{"type":"Feature","properties":{"h":3.0,"on_route":false},"geometry":{"type":"Polygon","coordinates":[[[7.066527,4.850596],[7.066353,4.850652],[7.066332,4.850585],[7.066386,4.850567],[7.066377,4.850537],[7.066496,4.850499],[7.066527,4.850596]]]}},{"type":"Feature","properties":{"h":3.0,"on_route":false},"geometry":{"type":"Polygon","coordinates":[[[7.063755,4.856025],[7.063723,4.856108],[7.06366,4.856084],[7.063692,4.856001],[7.063755,4.856025]]]}},{"type":"Feature","properties":{"h":3.0,"on_route":false},"geometry":{"type":"Polygon","coordinates":[[[7.069714,4.851038],[7.069679,4.851134],[7.069456,4.851052],[7.069492,4.850956],[7.069714,4.851038]]]}},{"type":"Feature","properties":{"h":3.0,"on_route":false},"geometry":{"type":"Polygon","coordinates":[[[7.068052,4.856052],[7.068035,4.856099],[7.067954,4.85607],[7.067971,4.856023],[7.068052,4.856052]]]}},{"type":"Feature","properties":{"h":3.0,"on_route":false},"geometry":{"type":"Polygon","coordinates":[[[7.067965,4.857622],[7.067942,4.85764],[7.067907,4.857596],[7.067931,4.857577],[7.067965,4.857622]]]}},{"type":"Feature","properties":{"h":3.0,"on_route":false},"geometry":{"type":"Polygon","coordinates":[[[7.064547,4.854411],[7.064524,4.854442],[7.064441,4.854381],[7.064464,4.854349],[7.064547,4.854411]]]}},{"type":"Feature","properties":{"h":3.0,"on_route":false},"geometry":{"type":"Polygon","coordinates":[[[7.065808,4.851642],[7.065567,4.851648],[7.065564,4.851534],[7.065805,4.851528],[7.065808,4.851642]]]}},{"type":"Feature","properties":{"h":3.0,"on_route":false},"geometry":{"type":"Polygon","coordinates":[[[7.0637,4.852843],[7.06368,4.852897],[7.063653,4.852887],[7.063665,4.852856],[7.063643,4.852848],[7.063651,4.852825],[7.0637,4.852843]]]}},{"type":"Feature","properties":{"h":3.0,"on_route":false},"geometry":{"type":"Polygon","coordinates":[[[7.063136,4.852452],[7.063133,4.852552],[7.063052,4.852549],[7.063056,4.852449],[7.063136,4.852452]]]}},{"type":"Feature","properties":{"h":3.0,"on_route":false},"geometry":{"type":"Polygon","coordinates":[[[7.068231,4.855838],[7.068253,4.855814],[7.068328,4.855883],[7.068218,4.856004],[7.068234,4.856018],[7.068199,4.856056],[7.068146,4.856008],[7.068179,4.855971],[7.068105,4.855902],[7.068194,4.855804],[7.068231,4.855838]]]}},{"type":"Feature","properties":{"h":3.0,"on_route":false},"geometry":{"type":"Polygon","coordinates":[[[7.064489,4.856173],[7.063985,4.856601],[7.063955,4.856565],[7.064459,4.856137],[7.064489,4.856173]]]}},{"type":"Feature","properties":{"h":3.0,"on_route":false},"geometry":{"type":"Polygon","coordinates":[[[7.070045,4.857294],[7.069979,4.8577],[7.069878,4.857684],[7.069943,4.857278],[7.070045,4.857294]]]}},{"type":"Feature","properties":{"h":3.0,"on_route":false},"geometry":{"type":"Polygon","coordinates":[[[7.06301,4.854838],[7.063,4.854989],[7.062958,4.854986],[7.062968,4.854835],[7.06301,4.854838]]]}},{"type":"Feature","properties":{"h":3.0,"on_route":false},"geometry":{"type":"Polygon","coordinates":[[[7.067901,4.858343],[7.067896,4.858375],[7.067842,4.858368],[7.067847,4.858336],[7.067901,4.858343]]]}},{"type":"Feature","properties":{"h":3.0,"on_route":false},"geometry":{"type":"Polygon","coordinates":[[[7.068871,4.857982],[7.068572,4.857919],[7.068586,4.857852],[7.068822,4.857902],[7.068839,4.857824],[7.06875,4.857805],[7.068763,4.857743],[7.068914,4.857775],[7.068871,4.857982]]]}},{"type":"Feature","properties":{"h":3.0,"on_route":false},"geometry":{"type":"Polygon","coordinates":[[[7.068863,4.851392],[7.06885,4.851463],[7.068789,4.851451],[7.068802,4.85138],[7.068863,4.851392]]]}},{"type":"Feature","properties":{"h":3.0,"on_route":false},"geometry":{"type":"Polygon","coordinates":[[[7.063028,4.854105],[7.06297,4.854263],[7.062912,4.854241],[7.06297,4.854084],[7.063028,4.854105]]]}},{"type":"Feature","properties":{"h":3.0,"on_route":false},"geometry":{"type":"Polygon","coordinates":[[[7.065167,4.852782],[7.065159,4.852815],[7.065091,4.852798],[7.065099,4.852765],[7.065167,4.852782]]]}},{"type":"Feature","properties":{"h":3.0,"on_route":false},"geometry":{"type":"Polygon","coordinates":[[[7.069357,4.851427],[7.069301,4.851587],[7.06924,4.851565],[7.069268,4.851486],[7.069147,4.851443],[7.069176,4.851363],[7.069357,4.851427]]]}},{"type":"Feature","properties":{"h":3.0,"on_route":false},"geometry":{"type":"Polygon","coordinates":[[[7.065046,4.85635],[7.064966,4.856373],[7.064959,4.856348],[7.065039,4.856326],[7.065046,4.85635]]]}},{"type":"Feature","properties":{"h":3.0,"on_route":false},"geometry":{"type":"Polygon","coordinates":[[[7.064161,4.855784],[7.063966,4.85595],[7.063874,4.855841],[7.064069,4.855675],[7.064161,4.855784]]]}},{"type":"Feature","properties":{"h":3.0,"on_route":false},"geometry":{"type":"Polygon","coordinates":[[[7.071471,4.85583],[7.071416,4.855965],[7.071283,4.855911],[7.071338,4.855776],[7.071471,4.85583]]]}},{"type":"Feature","properties":{"h":3.0,"on_route":false},"geometry":{"type":"Polygon","coordinates":[[[7.065647,4.852538],[7.065647,4.852589],[7.065578,4.852588],[7.065578,4.852537],[7.065647,4.852538]]]}},{"type":"Feature","properties":{"h":3.0,"on_route":false},"geometry":{"type":"Polygon","coordinates":[[[7.065692,4.853341],[7.065644,4.85332],[7.065616,4.853384],[7.065568,4.853364],[7.065682,4.853103],[7.065778,4.853145],[7.065692,4.853341]]]}},{"type":"Feature","properties":{"h":3.0,"on_route":false},"geometry":{"type":"Polygon","coordinates":[[[7.066741,4.853402],[7.066708,4.853456],[7.066581,4.853378],[7.066615,4.853324],[7.066741,4.853402]]]}},{"type":"Feature","properties":{"h":3.0,"on_route":false},"geometry":{"type":"Polygon","coordinates":[[[7.067571,4.856977],[7.067506,4.857038],[7.067492,4.857022],[7.067468,4.857045],[7.067446,4.85702],[7.067535,4.856938],[7.067571,4.856977]]]}},{"type":"Feature","properties":{"h":3.0,"on_route":false},"geometry":{"type":"Polygon","coordinates":[[[7.066935,4.853508],[7.066887,4.853599],[7.066834,4.853571],[7.066882,4.85348],[7.066935,4.853508]]]}},{"type":"Feature","properties":{"h":3.0,"on_route":false},"geometry":{"type":"Polygon","coordinates":[[[7.064212,4.856935],[7.064173,4.856968],[7.064085,4.856862],[7.064123,4.856829],[7.064212,4.856935]]]}},{"type":"Feature","properties":{"h":3.0,"on_route":false},"geometry":{"type":"Polygon","coordinates":[[[7.071305,4.855594],[7.071262,4.85558],[7.071297,4.855477],[7.07134,4.855492],[7.071305,4.855594]]]}},{"type":"Feature","properties":{"h":3.0,"on_route":false},"geometry":{"type":"Polygon","coordinates":[[[7.065792,4.852617],[7.065792,4.852736],[7.065621,4.852736],[7.065621,4.852616],[7.065792,4.852617]]]}},{"type":"Feature","properties":{"h":3.0,"on_route":false},"geometry":{"type":"Polygon","coordinates":[[[7.068948,4.851214],[7.068949,4.85121],[7.06904,4.851227],[7.06902,4.85133],[7.068769,4.851282],[7.068788,4.851184],[7.068948,4.851214]]]}},{"type":"Feature","properties":{"h":3.0,"on_route":false},"geometry":{"type":"Polygon","coordinates":[[[7.068162,4.858711],[7.068157,4.858823],[7.068125,4.858822],[7.068131,4.85871],[7.068162,4.858711]]]}},{"type":"Feature","properties":{"h":3.0,"on_route":false},"geometry":{"type":"Polygon","coordinates":[[[7.071666,4.854217],[7.07161,4.854462],[7.071482,4.854432],[7.071519,4.854274],[7.071484,4.854266],[7.071503,4.85418],[7.071666,4.854217]]]}},{"type":"Feature","properties":{"h":3.0,"on_route":false},"geometry":{"type":"Polygon","coordinates":[[[7.063599,4.851914],[7.063608,4.852085],[7.06355,4.852088],[7.063544,4.85198],[7.063442,4.851986],[7.063439,4.851923],[7.063599,4.851914]]]}},{"type":"Feature","properties":{"h":3.0,"on_route":false},"geometry":{"type":"Polygon","coordinates":[[[7.06948,4.853771],[7.069455,4.853815],[7.069399,4.853782],[7.069423,4.853738],[7.06948,4.853771]]]}},{"type":"Feature","properties":{"h":3.0,"on_route":false},"geometry":{"type":"Polygon","coordinates":[[[7.065854,4.853028],[7.065829,4.853084],[7.065769,4.853057],[7.065794,4.853001],[7.065854,4.853028]]]}},{"type":"Feature","properties":{"h":3.0,"on_route":false},"geometry":{"type":"Polygon","coordinates":[[[7.06634,4.855902],[7.066329,4.855923],[7.06638,4.855948],[7.066362,4.855985],[7.066263,4.855937],[7.066291,4.855879],[7.06634,4.855902]]]}},{"type":"Feature","properties":{"h":3.0,"on_route":false},"geometry":{"type":"Polygon","coordinates":[[[7.064425,4.857167],[7.06436,4.857225],[7.064263,4.857116],[7.064328,4.857058],[7.064425,4.857167]]]}},{"type":"Feature","properties":{"h":3.0,"on_route":false},"geometry":{"type":"Polygon","coordinates":[[[7.068421,4.855258],[7.068412,4.855282],[7.068382,4.85527],[7.068391,4.855246],[7.068421,4.855258]]]}},{"type":"Feature","properties":{"h":3.0,"on_route":false},"geometry":{"type":"Polygon","coordinates":[[[7.070343,4.854301],[7.070318,4.854343],[7.070274,4.854315],[7.070299,4.854274],[7.070343,4.854301]]]}},{"type":"Feature","properties":{"h":3.0,"on_route":false},"geometry":{"type":"Polygon","coordinates":[[[7.063293,4.854305],[7.063277,4.854351],[7.063026,4.85426],[7.063043,4.854214],[7.063293,4.854305]]]}},{"type":"Feature","properties":{"h":3.0,"on_route":false},"geometry":{"type":"Polygon","coordinates":[[[7.069967,4.857774],[7.069961,4.857877],[7.069898,4.857874],[7.069904,4.85777],[7.069967,4.857774]]]}},{"type":"Feature","properties":{"h":3.0,"on_route":false},"geometry":{"type":"Polygon","coordinates":[[[7.068782,4.853459],[7.068745,4.853507],[7.0687,4.853473],[7.068736,4.853425],[7.068782,4.853459]]]}},{"type":"Feature","properties":{"h":3.0,"on_route":false},"geometry":{"type":"Polygon","coordinates":[[[7.063472,4.855746],[7.063531,4.855938],[7.063488,4.855951],[7.06343,4.855758],[7.063472,4.855746]]]}},{"type":"Feature","properties":{"h":3.0,"on_route":false},"geometry":{"type":"Polygon","coordinates":[[[7.066205,4.856283],[7.066148,4.856249],[7.066225,4.856122],[7.066282,4.856157],[7.066205,4.856283]]]}},{"type":"Feature","properties":{"h":3.0,"on_route":false},"geometry":{"type":"Polygon","coordinates":[[[7.06353,4.85252],[7.063541,4.852613],[7.063565,4.852611],[7.063569,4.852648],[7.063496,4.852657],[7.063481,4.852526],[7.06353,4.85252]]]}},{"type":"Feature","properties":{"h":3.0,"on_route":false},"geometry":{"type":"Polygon","coordinates":[[[7.069077,4.851468],[7.069059,4.851542],[7.069024,4.851533],[7.069042,4.851459],[7.069077,4.851468]]]}},{"type":"Feature","properties":{"h":3.0,"on_route":false},"geometry":{"type":"Polygon","coordinates":[[[7.063759,4.852868],[7.063758,4.85289],[7.063733,4.852888],[7.063734,4.852866],[7.063759,4.852868]]]}},{"type":"Feature","properties":{"h":3.0,"on_route":false},"geometry":{"type":"Polygon","coordinates":[[[7.068719,4.8583],[7.068713,4.858355],[7.068668,4.85835],[7.068675,4.858295],[7.068719,4.8583]]]}},{"type":"Feature","properties":{"h":3.0,"on_route":false},"geometry":{"type":"Polygon","coordinates":[[[7.069961,4.856063],[7.06992,4.856174],[7.069628,4.856064],[7.069669,4.855954],[7.069961,4.856063]]]}},{"type":"Feature","properties":{"h":3.0,"on_route":false},"geometry":{"type":"Polygon","coordinates":[[[7.069343,4.853138],[7.069294,4.853092],[7.069377,4.853003],[7.069426,4.853048],[7.069343,4.853138]]]}},{"type":"Feature","properties":{"h":3.0,"on_route":false},"geometry":{"type":"Polygon","coordinates":[[[7.069003,4.850486],[7.069001,4.850542],[7.068922,4.850538],[7.068924,4.850483],[7.069003,4.850486]]]}},{"type":"Feature","properties":{"h":3.0,"on_route":false},"geometry":{"type":"Polygon","coordinates":[[[7.067334,4.850553],[7.06724,4.850587],[7.067198,4.850473],[7.067234,4.85046],[7.067212,4.8504],[7.067271,4.850378],[7.067334,4.850553]]]}},{"type":"Feature","properties":{"h":3.0,"on_route":false},"geometry":{"type":"Polygon","coordinates":[[[7.064736,4.85541],[7.064708,4.855476],[7.064654,4.855453],[7.064683,4.855387],[7.064736,4.85541]]]}},{"type":"Feature","properties":{"h":3.0,"on_route":false},"geometry":{"type":"Polygon","coordinates":[[[7.068367,4.850642],[7.068314,4.850667],[7.068291,4.85062],[7.068343,4.850594],[7.068367,4.850642]]]}},{"type":"Feature","properties":{"h":3.0,"on_route":false},"geometry":{"type":"Polygon","coordinates":[[[7.063247,4.852832],[7.063237,4.852869],[7.063169,4.852852],[7.063179,4.852815],[7.063247,4.852832]]]}},{"type":"Feature","properties":{"h":3.0,"on_route":false},"geometry":{"type":"Polygon","coordinates":[[[7.068956,4.851507],[7.068934,4.851643],[7.06891,4.851639],[7.068897,4.851719],[7.068814,4.851706],[7.068848,4.85149],[7.068956,4.851507]]]}},{"type":"Feature","properties":{"h":3.0,"on_route":false},"geometry":{"type":"Polygon","coordinates":[[[7.063188,4.852756],[7.063259,4.852777],[7.063243,4.852833],[7.063171,4.852811],[7.063188,4.852756]]]}},{"type":"Feature","properties":{"h":3.0,"on_route":false},"geometry":{"type":"Polygon","coordinates":[[[7.066135,4.856173],[7.066102,4.856215],[7.066068,4.856188],[7.066102,4.856146],[7.066135,4.856173]]]}},{"type":"Feature","properties":{"h":3.0,"on_route":false},"geometry":{"type":"Polygon","coordinates":[[[7.064022,4.853527],[7.064003,4.853544],[7.063935,4.853466],[7.063954,4.853449],[7.064022,4.853527]]]}},{"type":"Feature","properties":{"h":3.0,"on_route":false},"geometry":{"type":"Polygon","coordinates":[[[7.063227,4.852575],[7.06322,4.852624],[7.063183,4.852619],[7.06319,4.85257],[7.063227,4.852575]]]}},{"type":"Feature","properties":{"h":3.0,"on_route":false},"geometry":{"type":"Polygon","coordinates":[[[7.066471,4.853436],[7.066452,4.853488],[7.066384,4.853462],[7.066403,4.853411],[7.066471,4.853436]]]}},{"type":"Feature","properties":{"h":3.0,"on_route":false},"geometry":{"type":"Polygon","coordinates":[[[7.063297,4.854528],[7.063258,4.854852],[7.06321,4.854847],[7.063249,4.854522],[7.063297,4.854528]]]}},{"type":"Feature","properties":{"h":3.0,"on_route":false},"geometry":{"type":"Polygon","coordinates":[[[7.065342,4.851651],[7.064753,4.851679],[7.064747,4.851544],[7.065336,4.851515],[7.065342,4.851651]]]}},{"type":"Feature","properties":{"h":3.0,"on_route":false},"geometry":{"type":"Polygon","coordinates":[[[7.068387,4.850916],[7.06831,4.850962],[7.068128,4.850655],[7.068155,4.850639],[7.068086,4.850522],[7.068059,4.850538],[7.06802,4.850471],[7.068097,4.850425],[7.068387,4.850916]]]}},{"type":"Feature","properties":{"h":3.0,"on_route":false},"geometry":{"type":"Polygon","coordinates":[[[7.069866,4.852109],[7.069738,4.852246],[7.069481,4.852005],[7.069609,4.851869],[7.069866,4.852109]]]}},{"type":"Feature","properties":{"h":3.0,"on_route":false},"geometry":{"type":"Polygon","coordinates":[[[7.06366,4.854998],[7.063488,4.855028],[7.063441,4.85475],[7.063614,4.854721],[7.06366,4.854998]]]}},{"type":"Feature","properties":{"h":3.0,"on_route":false},"geometry":{"type":"Polygon","coordinates":[[[7.071853,4.854972],[7.071819,4.855078],[7.071596,4.855005],[7.07163,4.854899],[7.071853,4.854972]]]}},{"type":"Feature","properties":{"h":3.0,"on_route":false},"geometry":{"type":"Polygon","coordinates":[[[7.064546,4.852515],[7.064547,4.852541],[7.064486,4.852544],[7.064484,4.852518],[7.064546,4.852515]]]}},{"type":"Feature","properties":{"h":3.0,"on_route":false},"geometry":{"type":"Polygon","coordinates":[[[7.066945,4.858209],[7.066928,4.858235],[7.066984,4.858271],[7.066971,4.858292],[7.066882,4.858236],[7.066896,4.858214],[7.066874,4.8582],[7.06689,4.858174],[7.066945,4.858209]]]}},{"type":"Feature","properties":{"h":3.0,"on_route":false},"geometry":{"type":"Polygon","coordinates":[[[7.065216,4.853314],[7.065196,4.853358],[7.065261,4.853388],[7.065218,4.85348],[7.065115,4.853432],[7.065178,4.853296],[7.065216,4.853314]]]}},{"type":"Feature","properties":{"h":3.0,"on_route":false},"geometry":{"type":"Polygon","coordinates":[[[7.069512,4.852969],[7.069464,4.853034],[7.069367,4.852962],[7.069416,4.852896],[7.069512,4.852969]]]}},{"type":"Feature","properties":{"h":3.0,"on_route":false},"geometry":{"type":"Polygon","coordinates":[[[7.065704,4.856493],[7.065667,4.856622],[7.0654,4.856545],[7.065406,4.856524],[7.065431,4.856531],[7.065462,4.856423],[7.065704,4.856493]]]}},{"type":"Feature","properties":{"h":3.0,"on_route":false},"geometry":{"type":"Polygon","coordinates":[[[7.064912,4.852279],[7.064909,4.852354],[7.064857,4.852351],[7.064861,4.852277],[7.064912,4.852279]]]}},{"type":"Feature","properties":{"h":3.0,"on_route":false},"geometry":{"type":"Polygon","coordinates":[[[7.069557,4.851381],[7.069526,4.851509],[7.069365,4.85147],[7.069396,4.851341],[7.069557,4.851381]]]}},{"type":"Feature","properties":{"h":3.0,"on_route":false},"geometry":{"type":"Polygon","coordinates":[[[7.068645,4.851601],[7.068653,4.85172],[7.068547,4.851727],[7.068539,4.851608],[7.068645,4.851601]]]}},{"type":"Feature","properties":{"h":3.0,"on_route":false},"geometry":{"type":"Polygon","coordinates":[[[7.067861,4.857161],[7.067844,4.857195],[7.067819,4.857182],[7.067835,4.857149],[7.067861,4.857161]]]}},{"type":"Feature","properties":{"h":3.0,"on_route":false},"geometry":{"type":"Polygon","coordinates":[[[7.067943,4.858313],[7.067943,4.85834],[7.067886,4.85834],[7.067886,4.858313],[7.067943,4.858313]]]}},{"type":"Feature","properties":{"h":3.0,"on_route":false},"geometry":{"type":"Polygon","coordinates":[[[7.070616,4.851566],[7.070526,4.851672],[7.070457,4.851613],[7.070547,4.851507],[7.070616,4.851566]]]}},{"type":"Feature","properties":{"h":3.0,"on_route":false},"geometry":{"type":"Polygon","coordinates":[[[7.066093,4.851069],[7.065946,4.851111],[7.065932,4.851059],[7.066078,4.851017],[7.066093,4.851069]]]}},{"type":"Feature","properties":{"h":3.0,"on_route":false},"geometry":{"type":"Polygon","coordinates":[[[7.067268,4.851337],[7.067001,4.851387],[7.066982,4.851288],[7.06725,4.851238],[7.067268,4.851337]]]}},{"type":"Feature","properties":{"h":3.0,"on_route":false},"geometry":{"type":"Polygon","coordinates":[[[7.067384,4.855873],[7.067358,4.855944],[7.067303,4.855924],[7.067328,4.855853],[7.067384,4.855873]]]}},{"type":"Feature","properties":{"h":3.0,"on_route":false},"geometry":{"type":"Polygon","coordinates":[[[7.068224,4.850867],[7.068202,4.85087],[7.068219,4.850971],[7.068195,4.850975],[7.068193,4.85096],[7.068172,4.850963],[7.068174,4.850978],[7.068014,4.851004],[7.068001,4.850922],[7.068031,4.850917],[7.06802,4.850851],[7.068108,4.850837],[7.068104,4.850813],[7.068212,4.850795],[7.068224,4.850867]]]}},{"type":"Feature","properties":{"h":3.0,"on_route":false},"geometry":{"type":"Polygon","coordinates":[[[7.066433,4.856149],[7.066395,4.85619],[7.066364,4.856161],[7.066401,4.85612],[7.066433,4.856149]]]}},{"type":"Feature","properties":{"h":3.0,"on_route":false},"geometry":{"type":"Polygon","coordinates":[[[7.069923,4.853265],[7.069871,4.853314],[7.069805,4.853243],[7.069856,4.853195],[7.069923,4.853265]]]}},{"type":"Feature","properties":{"h":3.0,"on_route":false},"geometry":{"type":"Polygon","coordinates":[[[7.070187,4.853658],[7.070337,4.85388],[7.070295,4.853909],[7.070144,4.853687],[7.070187,4.853658]]]}},{"type":"Feature","properties":{"h":3.0,"on_route":false},"geometry":{"type":"Polygon","coordinates":[[[7.066726,4.850519],[7.066645,4.850547],[7.066583,4.850364],[7.066664,4.850337],[7.066726,4.850519]]]}},{"type":"Feature","properties":{"h":3.0,"on_route":false},"geometry":{"type":"Polygon","coordinates":[[[7.066847,4.852],[7.066759,4.85222],[7.066671,4.852184],[7.066759,4.851964],[7.066847,4.852]]]}},{"type":"Feature","properties":{"h":3.0,"on_route":false},"geometry":{"type":"Polygon","coordinates":[[[7.066585,4.852828],[7.066537,4.852926],[7.066298,4.852809],[7.066346,4.85271],[7.066585,4.852828]]]}},{"type":"Feature","properties":{"h":3.0,"on_route":false},"geometry":{"type":"Polygon","coordinates":[[[7.064341,4.85249],[7.064335,4.852549],[7.064223,4.852537],[7.06423,4.852478],[7.064341,4.85249]]]}},{"type":"Feature","properties":{"h":3.0,"on_route":false},"geometry":{"type":"Polygon","coordinates":[[[7.070034,4.852403],[7.069981,4.852463],[7.069923,4.852411],[7.069976,4.852351],[7.070034,4.852403]]]}},{"type":"Feature","properties":{"h":3.0,"on_route":false},"geometry":{"type":"Polygon","coordinates":[[[7.06986,4.855832],[7.069836,4.855904],[7.069722,4.855867],[7.069745,4.855795],[7.06986,4.855832]]]}},{"type":"Feature","properties":{"h":3.0,"on_route":false},"geometry":{"type":"Polygon","coordinates":[[[7.065036,4.853559],[7.065005,4.853557],[7.065008,4.853509],[7.065039,4.853512],[7.065036,4.853559]]]}},{"type":"Feature","properties":{"h":3.0,"on_route":false},"geometry":{"type":"Polygon","coordinates":[[[7.064995,4.856168],[7.064986,4.856199],[7.06494,4.856186],[7.064949,4.856155],[7.064995,4.856168]]]}},{"type":"Feature","properties":{"h":3.0,"on_route":false},"geometry":{"type":"Polygon","coordinates":[[[7.066291,4.852983],[7.066282,4.853002],[7.066411,4.853059],[7.066383,4.853123],[7.066235,4.853059],[7.066271,4.852975],[7.066291,4.852983]]]}},{"type":"Feature","properties":{"h":3.0,"on_route":false},"geometry":{"type":"Polygon","coordinates":[[[7.068806,4.851082],[7.068761,4.85126],[7.068686,4.85124],[7.06873,4.851063],[7.068806,4.851082]]]}},{"type":"Feature","properties":{"h":3.0,"on_route":false},"geometry":{"type":"Polygon","coordinates":[[[7.066162,4.853486],[7.066131,4.853554],[7.066089,4.853535],[7.066078,4.853561],[7.066015,4.853532],[7.066058,4.853438],[7.066162,4.853486]]]}},{"type":"Feature","properties":{"h":3.0,"on_route":false},"geometry":{"type":"Polygon","coordinates":[[[7.064106,4.851628],[7.064048,4.851632],[7.064045,4.851598],[7.064104,4.851593],[7.064106,4.851628]]]}},{"type":"Feature","properties":{"h":3.0,"on_route":false},"geometry":{"type":"Polygon","coordinates":[[[7.066913,4.851892],[7.066791,4.851897],[7.066781,4.851633],[7.066903,4.851628],[7.066913,4.851892]]]}},{"type":"Feature","properties":{"h":3.0,"on_route":false},"geometry":{"type":"Polygon","coordinates":[[[7.068303,4.852988],[7.068301,4.853011],[7.068276,4.853009],[7.068278,4.852986],[7.068303,4.852988]]]}},{"type":"Feature","properties":{"h":3.0,"on_route":false},"geometry":{"type":"Polygon","coordinates":[[[7.06478,4.852652],[7.064782,4.852705],[7.064725,4.852708],[7.064723,4.852654],[7.06478,4.852652]]]}},{"type":"Feature","properties":{"h":3.0,"on_route":false},"geometry":{"type":"Polygon","coordinates":[[[7.065288,4.853781],[7.065274,4.853809],[7.065227,4.853786],[7.06524,4.853758],[7.065288,4.853781]]]}},{"type":"Feature","properties":{"h":3.0,"on_route":false},"geometry":{"type":"Polygon","coordinates":[[[7.066214,4.856141],[7.06618,4.856196],[7.066137,4.85617],[7.06617,4.856114],[7.066214,4.856141]]]}},{"type":"Feature","properties":{"h":3.0,"on_route":false},"geometry":{"type":"Polygon","coordinates":[[[7.066724,4.857794],[7.066667,4.857804],[7.066657,4.857751],[7.066714,4.85774],[7.066724,4.857794]]]}},{"type":"Feature","properties":{"h":3.0,"on_route":false},"geometry":{"type":"Polygon","coordinates":[[[7.067354,4.852725],[7.067279,4.852984],[7.067091,4.852929],[7.067141,4.852758],[7.067087,4.852742],[7.067113,4.852654],[7.067354,4.852725]]]}},{"type":"Feature","properties":{"h":3.0,"on_route":false},"geometry":{"type":"Polygon","coordinates":[[[7.06444,4.852908],[7.064431,4.852943],[7.064388,4.852933],[7.064396,4.852897],[7.06444,4.852908]]]}},{"type":"Feature","properties":{"h":3.0,"on_route":false},"geometry":{"type":"Polygon","coordinates":[[[7.068603,4.851311],[7.068515,4.851322],[7.0685,4.851201],[7.068588,4.85119],[7.068603,4.851311]]]}},{"type":"Feature","properties":{"h":3.0,"on_route":false},"geometry":{"type":"Polygon","coordinates":[[[7.069698,4.851796],[7.069697,4.85183],[7.069679,4.851829],[7.069648,4.851806],[7.069648,4.851794],[7.069698,4.851796]]]}},{"type":"Feature","properties":{"h":3.0,"on_route":false},"geometry":{"type":"Polygon","coordinates":[[[7.066451,4.852708],[7.066431,4.852754],[7.06632,4.852706],[7.06634,4.852659],[7.066451,4.852708]]]}},{"type":"Feature","properties":{"h":3.0,"on_route":false},"geometry":{"type":"Polygon","coordinates":[[[7.064781,4.855222],[7.064779,4.855249],[7.064743,4.855247],[7.064745,4.85522],[7.064781,4.855222]]]}},{"type":"Feature","properties":{"h":3.0,"on_route":false},"geometry":{"type":"Polygon","coordinates":[[[7.064973,4.852393],[7.064968,4.852527],[7.064895,4.852524],[7.0649,4.85239],[7.064973,4.852393]]]}},{"type":"Feature","properties":{"h":3.0,"on_route":false},"geometry":{"type":"Polygon","coordinates":[[[7.064123,4.856829],[7.064085,4.856862],[7.063946,4.856695],[7.063984,4.856662],[7.064123,4.856829]]]}},{"type":"Feature","properties":{"h":3.0,"on_route":false},"geometry":{"type":"Polygon","coordinates":[[[7.066494,4.852016],[7.066469,4.852125],[7.06632,4.85209],[7.066345,4.851981],[7.066494,4.852016]]]}},{"type":"Feature","properties":{"h":3.0,"on_route":false},"geometry":{"type":"Polygon","coordinates":[[[7.064493,4.855559],[7.064447,4.855616],[7.064342,4.855531],[7.064389,4.855474],[7.064493,4.855559]]]}},{"type":"Feature","properties":{"h":3.0,"on_route":false},"geometry":{"type":"Polygon","coordinates":[[[7.065829,4.856116],[7.065812,4.856158],[7.065776,4.856143],[7.065751,4.856202],[7.065684,4.856174],[7.065726,4.856073],[7.065829,4.856116]]]}},{"type":"Feature","properties":{"h":3.0,"on_route":false},"geometry":{"type":"Polygon","coordinates":[[[7.064233,4.853862],[7.06418,4.853932],[7.064123,4.853889],[7.064154,4.853848],[7.064141,4.853838],[7.064163,4.853809],[7.064233,4.853862]]]}},{"type":"Feature","properties":{"h":3.0,"on_route":false},"geometry":{"type":"Polygon","coordinates":[[[7.063565,4.852853],[7.063564,4.853108],[7.063521,4.853108],[7.063522,4.852853],[7.063565,4.852853]]]}},{"type":"Feature","properties":{"h":3.0,"on_route":false},"geometry":{"type":"Polygon","coordinates":[[[7.066484,4.852495],[7.066469,4.852538],[7.066518,4.852556],[7.066472,4.852685],[7.066359,4.852644],[7.066345,4.852683],[7.066177,4.852623],[7.066191,4.852584],[7.066236,4.8526],[7.066297,4.852427],[7.066484,4.852495]]]}},{"type":"Feature","properties":{"h":3.0,"on_route":false},"geometry":{"type":"Polygon","coordinates":[[[7.069403,4.854637],[7.069329,4.854727],[7.069229,4.854645],[7.069303,4.854554],[7.069403,4.854637]]]}},{"type":"Feature","properties":{"h":3.0,"on_route":false},"geometry":{"type":"Polygon","coordinates":[[[7.070385,4.857574],[7.070374,4.857837],[7.070317,4.857835],[7.070306,4.858115],[7.070124,4.858107],[7.070147,4.857564],[7.070385,4.857574]]]}},{"type":"Feature","properties":{"h":3.0,"on_route":false},"geometry":{"type":"Polygon","coordinates":[[[7.065202,4.857082],[7.06524,4.857122],[7.065177,4.857182],[7.065197,4.857204],[7.06515,4.857249],[7.065178,4.857278],[7.065136,4.857317],[7.065159,4.857342],[7.065035,4.857459],[7.064964,4.857384],[7.064759,4.857578],[7.064668,4.857482],[7.065192,4.856985],[7.065245,4.857042],[7.065202,4.857082]]]}},{"type":"Feature","properties":{"h":3.0,"on_route":false},"geometry":{"type":"Polygon","coordinates":[[[7.064721,4.850938],[7.064716,4.850989],[7.064589,4.850977],[7.064594,4.850926],[7.064721,4.850938]]]}},{"type":"Feature","properties":{"h":3.0,"on_route":false},"geometry":{"type":"Polygon","coordinates":[[[7.064259,4.855905],[7.064098,4.856045],[7.064061,4.856003],[7.064223,4.855863],[7.064259,4.855905]]]}},{"type":"Feature","properties":{"h":3.0,"on_route":false},"geometry":{"type":"Polygon","coordinates":[[[7.066441,4.85726],[7.066313,4.857393],[7.066221,4.857304],[7.066253,4.857271],[7.066102,4.857126],[7.066198,4.857025],[7.066441,4.85726]]]}},{"type":"Feature","properties":{"h":3.0,"on_route":false},"geometry":{"type":"Polygon","coordinates":[[[7.065363,4.856712],[7.065308,4.85677],[7.065168,4.856637],[7.065224,4.856579],[7.065363,4.856712]]]}},{"type":"Feature","properties":{"h":3.0,"on_route":false},"geometry":{"type":"Polygon","coordinates":[[[7.068441,4.858696],[7.068436,4.858766],[7.068413,4.858765],[7.068403,4.858908],[7.06829,4.8589],[7.068304,4.858687],[7.068441,4.858696]]]}},{"type":"Feature","properties":{"h":3.0,"on_route":false},"geometry":{"type":"Polygon","coordinates":[[[7.063165,4.852617],[7.063151,4.852726],[7.063168,4.852729],[7.063165,4.852756],[7.062958,4.852728],[7.062965,4.852676],[7.063055,4.852688],[7.06306,4.852655],[7.062969,4.852643],[7.062976,4.852591],[7.063165,4.852617]]]}},{"type":"Feature","properties":{"h":3.0,"on_route":false},"geometry":{"type":"Polygon","coordinates":[[[7.064653,4.853241],[7.064641,4.853309],[7.064559,4.853296],[7.06457,4.853227],[7.064653,4.853241]]]}},{"type":"Feature","properties":{"h":3.0,"on_route":false},"geometry":{"type":"Polygon","coordinates":[[[7.068254,4.855211],[7.06834,4.855301],[7.068356,4.855285],[7.068392,4.855323],[7.068351,4.855363],[7.068229,4.855235],[7.068254,4.855211]]]}},{"type":"Feature","properties":{"h":3.0,"on_route":false},"geometry":{"type":"Polygon","coordinates":[[[7.065291,4.850453],[7.065287,4.85065],[7.065221,4.850648],[7.065225,4.850452],[7.065291,4.850453]]]}},{"type":"Feature","properties":{"h":3.0,"on_route":false},"geometry":{"type":"Polygon","coordinates":[[[7.0669,4.856858],[7.066851,4.85687],[7.066839,4.856818],[7.066888,4.856806],[7.0669,4.856858]]]}},{"type":"Feature","properties":{"h":3.0,"on_route":false},"geometry":{"type":"Polygon","coordinates":[[[7.062727,4.854063],[7.062695,4.854155],[7.062669,4.854146],[7.06268,4.854115],[7.062502,4.854053],[7.062523,4.853992],[7.062727,4.854063]]]}},{"type":"Feature","properties":{"h":3.0,"on_route":false},"geometry":{"type":"Polygon","coordinates":[[[7.064174,4.854938],[7.064066,4.855061],[7.063972,4.854978],[7.064054,4.854884],[7.064037,4.85487],[7.064063,4.854841],[7.064174,4.854938]]]}},{"type":"Feature","properties":{"h":3.0,"on_route":false},"geometry":{"type":"Polygon","coordinates":[[[7.0707,4.854227],[7.070684,4.854278],[7.070589,4.854248],[7.070605,4.854197],[7.0707,4.854227]]]}},{"type":"Feature","properties":{"h":3.0,"on_route":false},"geometry":{"type":"Polygon","coordinates":[[[7.064336,4.85233],[7.064224,4.852338],[7.064212,4.852181],[7.064324,4.852172],[7.064336,4.85233]]]}},{"type":"Feature","properties":{"h":3.0,"on_route":false},"geometry":{"type":"Polygon","coordinates":[[[7.066365,4.853116],[7.066338,4.853178],[7.066313,4.853167],[7.066267,4.853273],[7.066152,4.853223],[7.066225,4.853055],[7.066365,4.853116]]]}},{"type":"Feature","properties":{"h":3.0,"on_route":false},"geometry":{"type":"Polygon","coordinates":[[[7.065652,4.853174],[7.065612,4.853261],[7.06556,4.853237],[7.065571,4.853213],[7.065502,4.853181],[7.065531,4.853118],[7.065652,4.853174]]]}},{"type":"Feature","properties":{"h":3.0,"on_route":false},"geometry":{"type":"Polygon","coordinates":[[[7.065615,4.851836],[7.065615,4.851829],[7.065682,4.85183],[7.06568,4.851965],[7.065565,4.851963],[7.065567,4.851836],[7.065615,4.851836]]]}},{"type":"Feature","properties":{"h":3.0,"on_route":false},"geometry":{"type":"Polygon","coordinates":[[[7.070559,4.855679],[7.070548,4.855723],[7.070505,4.855713],[7.070515,4.855669],[7.070559,4.855679]]]}},{"type":"Feature","properties":{"h":3.0,"on_route":false},"geometry":{"type":"Polygon","coordinates":[[[7.06368,4.855602],[7.063589,4.855613],[7.063577,4.855511],[7.063668,4.855501],[7.06368,4.855602]]]}},{"type":"Feature","properties":{"h":3.0,"on_route":false},"geometry":{"type":"Polygon","coordinates":[[[7.068004,4.851633],[7.06787,4.851657],[7.067859,4.851597],[7.067993,4.851572],[7.068004,4.851633]]]}},{"type":"Feature","properties":{"h":3.0,"on_route":false},"geometry":{"type":"Polygon","coordinates":[[[7.064933,4.853217],[7.064903,4.853205],[7.064921,4.853157],[7.064951,4.853169],[7.064933,4.853217]]]}},{"type":"Feature","properties":{"h":3.0,"on_route":false},"geometry":{"type":"Polygon","coordinates":[[[7.064188,4.852832],[7.064166,4.852896],[7.06411,4.852877],[7.064132,4.852813],[7.064188,4.852832]]]}},{"type":"Feature","properties":{"h":3.0,"on_route":false},"geometry":{"type":"Polygon","coordinates":[[[7.069417,4.851165],[7.069385,4.85125],[7.069162,4.851164],[7.069195,4.85108],[7.069417,4.851165]]]}},{"type":"Feature","properties":{"h":3.0,"on_route":false},"geometry":{"type":"Polygon","coordinates":[[[7.066517,4.858863],[7.066478,4.858921],[7.066452,4.858903],[7.066491,4.858845],[7.066517,4.858863]]]}},{"type":"Feature","properties":{"h":3.0,"on_route":false},"geometry":{"type":"Polygon","coordinates":[[[7.066954,4.85829],[7.066943,4.858315],[7.066892,4.858293],[7.066903,4.858268],[7.066954,4.85829]]]}},{"type":"Feature","properties":{"h":3.0,"on_route":false},"geometry":{"type":"Polygon","coordinates":[[[7.06832,4.855383],[7.068298,4.855405],[7.068186,4.855289],[7.068207,4.855268],[7.06832,4.855383]]]}},{"type":"Feature","properties":{"h":3.0,"on_route":false},"geometry":{"type":"Polygon","coordinates":[[[7.066671,4.852184],[7.066561,4.85214],[7.066649,4.85192],[7.066683,4.851933],[7.066694,4.851906],[7.06677,4.851937],[7.066671,4.852184]]]}},{"type":"Feature","properties":{"h":3.0,"on_route":false},"geometry":{"type":"Polygon","coordinates":[[[7.071255,4.85445],[7.071235,4.85451],[7.071431,4.854578],[7.071325,4.854884],[7.07124,4.854854],[7.071243,4.854847],[7.071153,4.854816],[7.071134,4.854869],[7.070948,4.854805],[7.071016,4.854608],[7.070959,4.854588],[7.070981,4.854525],[7.070753,4.854446],[7.070805,4.854293],[7.071255,4.85445]]]}},{"type":"Feature","properties":{"h":3.0,"on_route":false},"geometry":{"type":"Polygon","coordinates":[[[7.069661,4.851556],[7.069645,4.851599],[7.069589,4.851577],[7.069605,4.851535],[7.069661,4.851556]]]}},{"type":"Feature","properties":{"h":3.0,"on_route":false},"geometry":{"type":"Polygon","coordinates":[[[7.06395,4.853072],[7.063938,4.853117],[7.063914,4.853111],[7.063925,4.853066],[7.06395,4.853072]]]}},{"type":"Feature","properties":{"h":3.0,"on_route":false},"geometry":{"type":"Polygon","coordinates":[[[7.066357,4.850804],[7.066362,4.850916],[7.066227,4.850922],[7.066222,4.850811],[7.066357,4.850804]]]}},{"type":"Feature","properties":{"h":3.0,"on_route":false},"geometry":{"type":"Polygon","coordinates":[[[7.064231,4.851491],[7.064091,4.851506],[7.064081,4.851412],[7.064221,4.851397],[7.064231,4.851491]]]}},{"type":"Feature","properties":{"h":3.0,"on_route":false},"geometry":{"type":"Polygon","coordinates":[[[7.06889,4.851013],[7.068885,4.851039],[7.068902,4.851042],[7.068907,4.851016],[7.069088,4.851047],[7.069069,4.851154],[7.068906,4.851126],[7.068897,4.851182],[7.068815,4.851168],[7.068843,4.851005],[7.06889,4.851013]]]}},{"type":"Feature","properties":{"h":3.0,"on_route":false},"geometry":{"type":"Polygon","coordinates":[[[7.063998,4.85302],[7.063987,4.853061],[7.063947,4.853051],[7.063957,4.85301],[7.063998,4.85302]]]}},{"type":"Feature","properties":{"h":3.0,"on_route":false},"geometry":{"type":"Polygon","coordinates":[[[7.064484,4.854002],[7.065049,4.854421],[7.064973,4.854523],[7.064409,4.854104],[7.064484,4.854002]]]}}]}