{"type":"FeatureCollection","features":[{"type":"Feature","properties":{"h":3.0,"on_route":true},"geometry":{"type":"Polygon","coordinates":[[[6.979264,4.821547],[6.979261,4.821591],[6.979232,4.821589],[6.979235,4.821544],[6.979264,4.821547]]]}},{"type":"Feature","properties":{"h":3.0,"on_route":false},"geometry":{"type":"Polygon","coordinates":[[[6.976074,4.819512],[6.975946,4.819531],[6.975927,4.819408],[6.976056,4.819389],[6.976074,4.819512]]]}},{"type":"Feature","properties":{"h":3.0,"on_route":false},"geometry":{"type":"Polygon","coordinates":[[[6.973458,4.822912],[6.973485,4.823232],[6.973397,4.82324],[6.97337,4.822919],[6.973458,4.822912]]]}},{"type":"Feature","properties":{"h":3.0,"on_route":false},"geometry":{"type":"Polygon","coordinates":[[[6.975873,4.825731],[6.97586,4.825783],[6.975824,4.825774],[6.975837,4.825722],[6.975873,4.825731]]]}},{"type":"Feature","properties":{"h":3.0,"on_route":false},"geometry":{"type":"Polygon","coordinates":[[[6.974437,4.821079],[6.974416,4.821132],[6.974176,4.821036],[6.974197,4.820983],[6.974437,4.821079]]]}},{"type":"Feature","properties":{"h":3.0,"on_route":false},"geometry":{"type":"Polygon","coordinates":[[[6.976255,4.819786],[6.976067,4.819847],[6.976024,4.819712],[6.976211,4.81965],[6.976255,4.819786]]]}},{"type":"Feature","properties":{"h":3.0,"on_route":false},"geometry":{"type":"Polygon","coordinates":[[[6.980716,4.825485],[6.980736,4.825484],[6.980738,4.8255],[6.980648,4.825507],[6.98064,4.825414],[6.98071,4.825408],[6.980716,4.825485]]]}},{"type":"Feature","properties":{"h":3.0,"on_route":false},"geometry":{"type":"Polygon","coordinates":[[[6.980791,4.825206],[6.980654,4.825224],[6.98066,4.825265],[6.98046,4.825292],[6.980451,4.825224],[6.980603,4.825204],[6.980599,4.825175],[6.980783,4.825151],[6.980791,4.825206]]]}},{"type":"Feature","properties":{"h":3.0,"on_route":false},"geometry":{"type":"Polygon","coordinates":[[[6.977431,4.819328],[6.977426,4.819462],[6.977376,4.819461],[6.977381,4.819327],[6.977431,4.819328]]]}},{"type":"Feature","properties":{"h":3.0,"on_route":false},"geometry":{"type":"Polygon","coordinates":[[[6.981459,4.822718],[6.981447,4.8228],[6.981405,4.822794],[6.981411,4.822757],[6.981332,4.822746],[6.981338,4.822701],[6.981459,4.822718]]]}},{"type":"Feature","properties":{"h":3.0,"on_route":false},"geometry":{"type":"Polygon","coordinates":[[[6.975793,4.820228],[6.975609,4.820248],[6.9756,4.820159],[6.975784,4.820139],[6.975793,4.820228]]]}},{"type":"Feature","properties":{"h":3.0,"on_route":false},"geometry":{"type":"Polygon","coordinates":[[[6.974818,4.82517],[6.974727,4.825181],[6.97472,4.825124],[6.974753,4.82512],[6.974736,4.824985],[6.974794,4.824978],[6.974818,4.82517]]]}},{"type":"Feature","properties":{"h":3.0,"on_route":false},"geometry":{"type":"Polygon","coordinates":[[[6.980236,4.822437],[6.980228,4.822605],[6.980127,4.822601],[6.980134,4.822433],[6.980236,4.822437]]]}},{"type":"Feature","properties":{"h":3.0,"on_route":false},"geometry":{"type":"Polygon","coordinates":[[[6.977199,4.825504],[6.977186,4.825578],[6.977126,4.825567],[6.977139,4.825494],[6.977199,4.825504]]]}},{"type":"Feature","properties":{"h":3.0,"on_route":false},"geometry":{"type":"Polygon","coordinates":[[[6.977676,4.825772],[6.977868,4.825822],[6.977856,4.825869],[6.977835,4.825864],[6.977824,4.825903],[6.977653,4.825859],[6.977676,4.825772]]]}},{"type":"Feature","properties":{"h":3.0,"on_route":false},"geometry":{"type":"Polygon","coordinates":[[[6.977591,4.827125],[6.977583,4.827236],[6.977528,4.827232],[6.977536,4.827121],[6.977591,4.827125]]]}},{"type":"Feature","properties":{"h":3.0,"on_route":false},"geometry":{"type":"Polygon","coordinates":[[[6.976726,4.822404],[6.976723,4.822447],[6.976677,4.822444],[6.97668,4.822401],[6.976726,4.822404]]]}},{"type":"Feature","properties":{"h":3.0,"on_route":false},"geometry":{"type":"Polygon","coordinates":[[[6.979222,4.826568],[6.979167,4.826743],[6.97907,4.826713],[6.979125,4.826538],[6.979222,4.826568]]]}},{"type":"Feature","properties":{"h":3.0,"on_route":false},"geometry":{"type":"Polygon","coordinates":[[[6.976344,4.827143],[6.976301,4.827151],[6.97629,4.827096],[6.976333,4.827087],[6.976344,4.827143]]]}},{"type":"Feature","properties":{"h":3.0,"on_route":false},"geometry":{"type":"Polygon","coordinates":[[[6.976762,4.825938],[6.976707,4.826065],[6.97649,4.82597],[6.976545,4.825843],[6.976762,4.825938]]]}},{"type":"Feature","properties":{"h":3.0,"on_route":false},"geometry":{"type":"Polygon","coordinates":[[[6.975292,4.823806],[6.975286,4.823855],[6.975252,4.82385],[6.975259,4.823801],[6.975292,4.823806]]]}},{"type":"Feature","properties":{"h":3.0,"on_route":false},"geometry":{"type":"Polygon","coordinates":[[[6.973592,4.82437],[6.973598,4.824416],[6.973548,4.824423],[6.973541,4.824377],[6.973592,4.82437]]]}},{"type":"Feature","properties":{"h":3.0,"on_route":false},"geometry":{"type":"Polygon","coordinates":[[[6.974602,4.825662],[6.974473,4.82574],[6.974388,4.825597],[6.974516,4.825519],[6.974602,4.825662]]]}},{"type":"Feature","properties":{"h":3.0,"on_route":false},"geometry":{"type":"Polygon","coordinates":[[[6.976197,4.825767],[6.976158,4.825886],[6.975947,4.825815],[6.975986,4.825696],[6.976197,4.825767]]]}},{"type":"Feature","properties":{"h":3.0,"on_route":false},"geometry":{"type":"Polygon","coordinates":[[[6.977151,4.819864],[6.977154,4.819898],[6.977122,4.819901],[6.977119,4.819868],[6.977151,4.819864]]]}},{"type":"Feature","properties":{"h":3.0,"on_route":false},"geometry":{"type":"Polygon","coordinates":[[[6.975524,4.824043],[6.975521,4.824091],[6.975452,4.824087],[6.975455,4.824039],[6.975524,4.824043]]]}},{"type":"Feature","properties":{"h":3.0,"on_route":false},"geometry":{"type":"Polygon","coordinates":[[[6.973983,4.823816],[6.973977,4.823854],[6.973926,4.823846],[6.973932,4.823807],[6.973983,4.823816]]]}},{"type":"Feature","properties":{"h":3.0,"on_route":false},"geometry":{"type":"Polygon","coordinates":[[[6.97453,4.824239],[6.974527,4.824281],[6.974472,4.824277],[6.974475,4.824235],[6.97453,4.824239]]]}},{"type":"Feature","properties":{"h":3.0,"on_route":false},"geometry":{"type":"Polygon","coordinates":[[[6.976196,4.825369],[6.976138,4.825517],[6.976062,4.825487],[6.976055,4.825506],[6.976031,4.825497],[6.976096,4.82533],[6.976196,4.825369]]]}},{"type":"Feature","properties":{"h":3.0,"on_route":false},"geometry":{"type":"Polygon","coordinates":[[[6.98046,4.821674],[6.980452,4.821736],[6.980394,4.821729],[6.980401,4.821667],[6.98046,4.821674]]]}},{"type":"Feature","properties":{"h":3.0,"on_route":false},"geometry":{"type":"Polygon","coordinates":[[[6.97607,4.82733],[6.975972,4.827347],[6.975929,4.827097],[6.976027,4.82708],[6.97607,4.82733]]]}},{"type":"Feature","properties":{"h":3.0,"on_route":false},"geometry":{"type":"Polygon","coordinates":[[[6.974077,4.821295],[6.974039,4.821281],[6.974064,4.821211],[6.974102,4.821225],[6.974077,4.821295]]]}},{"type":"Feature","properties":{"h":3.0,"on_route":false},"geometry":{"type":"Polygon","coordinates":[[[6.980732,4.82459],[6.980743,4.824684],[6.9807,4.824688],[6.980689,4.824594],[6.980732,4.82459]]]}},{"type":"Feature","properties":{"h":3.0,"on_route":false},"geometry":{"type":"Polygon","coordinates":[[[6.980632,4.822162],[6.980548,4.822173],[6.980535,4.822062],[6.980618,4.822052],[6.980632,4.822162]]]}},{"type":"Feature","properties":{"h":3.0,"on_route":false},"geometry":{"type":"Polygon","coordinates":[[[6.973946,4.824736],[6.973821,4.824776],[6.973769,4.824614],[6.973894,4.824574],[6.973946,4.824736]]]}},{"type":"Feature","properties":{"h":3.0,"on_route":false},"geometry":{"type":"Polygon","coordinates":[[[6.979394,4.82514],[6.979393,4.82517],[6.979357,4.825168],[6.979358,4.825138],[6.979394,4.82514]]]}},{"type":"Feature","properties":{"h":3.0,"on_route":false},"geometry":{"type":"Polygon","coordinates":[[[6.978911,4.826361],[6.978867,4.826447],[6.978959,4.826495],[6.978861,4.826687],[6.978768,4.826639],[6.978854,4.826473],[6.978821,4.826455],[6.978809,4.826478],[6.978765,4.826456],[6.978777,4.826433],[6.978724,4.826406],[6.978781,4.826294],[6.978911,4.826361]]]}},{"type":"Feature","properties":{"h":3.0,"on_route":false},"geometry":{"type":"Polygon","coordinates":[[[6.980351,4.823526],[6.980455,4.82355],[6.980446,4.823591],[6.980366,4.823573],[6.980358,4.823608],[6.980333,4.823602],[6.980351,4.823526]]]}},{"type":"Feature","properties":{"h":3.0,"on_route":true},"geometry":{"type":"Polygon","coordinates":[[[6.979403,4.820388],[6.979407,4.820482],[6.979375,4.820483],[6.979371,4.82039],[6.979403,4.820388]]]}},{"type":"Feature","properties":{"h":3.0,"on_route":false},"geometry":{"type":"Polygon","coordinates":[[[6.97686,4.82071],[6.976772,4.820735],[6.976757,4.820683],[6.976845,4.820658],[6.97686,4.82071]]]}},{"type":"Feature","properties":{"h":3.0,"on_route":false},"geometry":{"type":"Polygon","coordinates":[[[6.977877,4.826785],[6.977844,4.826888],[6.9777,4.826841],[6.977733,4.826738],[6.977877,4.826785]]]}},{"type":"Feature","properties":{"h":3.0,"on_route":false},"geometry":{"type":"Polygon","coordinates":[[[6.977158,4.823329],[6.977145,4.823363],[6.977117,4.823352],[6.97713,4.823318],[6.977158,4.823329]]]}},{"type":"Feature","properties":{"h":3.0,"on_route":false},"geometry":{"type":"Polygon","coordinates":[[[6.976658,4.822322],[6.976616,4.822469],[6.976449,4.82242],[6.976491,4.822273],[6.976658,4.822322]]]}},{"type":"Feature","properties":{"h":3.0,"on_route":false},"geometry":{"type":"Polygon","coordinates":[[[6.976867,4.822496],[6.976859,4.822606],[6.976899,4.822609],[6.976894,4.822673],[6.976855,4.822671],[6.97685,4.822738],[6.976719,4.822729],[6.976736,4.822487],[6.976867,4.822496]]]}},{"type":"Feature","properties":{"h":3.0,"on_route":false},"geometry":{"type":"Polygon","coordinates":[[[6.981293,4.823797],[6.981283,4.823852],[6.981215,4.823839],[6.981226,4.823784],[6.981293,4.823797]]]}},{"type":"Feature","properties":{"h":3.0,"on_route":false},"geometry":{"type":"Polygon","coordinates":[[[6.980659,4.821255],[6.980448,4.821262],[6.980445,4.821171],[6.980655,4.821164],[6.980659,4.821255]]]}},{"type":"Feature","properties":{"h":3.0,"on_route":false},"geometry":{"type":"Polygon","coordinates":[[[6.976993,4.824162],[6.976954,4.824261],[6.976743,4.824177],[6.976782,4.824078],[6.976993,4.824162]]]}},{"type":"Feature","properties":{"h":3.0,"on_route":false},"geometry":{"type":"Polygon","coordinates":[[[6.98076,4.822944],[6.980748,4.822987],[6.980676,4.822968],[6.980688,4.822925],[6.98076,4.822944]]]}},{"type":"Feature","properties":{"h":3.0,"on_route":false},"geometry":{"type":"Polygon","coordinates":[[[6.980486,4.821409],[6.980471,4.821484],[6.980395,4.821468],[6.98041,4.821394],[6.980486,4.821409]]]}},{"type":"Feature","properties":{"h":3.0,"on_route":false},"geometry":{"type":"Polygon","coordinates":[[[6.97895,4.825704],[6.978897,4.825686],[6.978945,4.825543],[6.978998,4.82556],[6.97895,4.825704]]]}},{"type":"Feature","properties":{"h":3.0,"on_route":false},"geometry":{"type":"Polygon","coordinates":[[[6.979122,4.826365],[6.979109,4.826418],[6.979035,4.8264],[6.979048,4.826348],[6.979122,4.826365]]]}},{"type":"Feature","properties":{"h":3.0,"on_route":false},"geometry":{"type":"Polygon","coordinates":[[[6.973871,4.821766],[6.973838,4.821968],[6.973793,4.821961],[6.973827,4.821759],[6.973871,4.821766]]]}},{"type":"Feature","properties":{"h":3.0,"on_route":false},"geometry":{"type":"Polygon","coordinates":[[[6.978321,4.827165],[6.978304,4.827306],[6.978223,4.827296],[6.97824,4.827155],[6.978321,4.827165]]]}},{"type":"Feature","properties":{"h":3.0,"on_route":false},"geometry":{"type":"Polygon","coordinates":[[[6.975467,4.821735],[6.975448,4.821785],[6.975406,4.821769],[6.975425,4.821719],[6.975467,4.821735]]]}},{"type":"Feature","properties":{"h":3.0,"on_route":false},"geometry":{"type":"Polygon","coordinates":[[[6.974777,4.823349],[6.974754,4.823463],[6.974709,4.823454],[6.974732,4.82334],[6.974777,4.823349]]]}},{"type":"Feature","properties":{"h":3.0,"on_route":false},"geometry":{"type":"Polygon","coordinates":[[[6.97684,4.820321],[6.976846,4.820574],[6.976743,4.820577],[6.976737,4.820323],[6.97684,4.820321]]]}},{"type":"Feature","properties":{"h":3.0,"on_route":false},"geometry":{"type":"Polygon","coordinates":[[[6.979719,4.826396],[6.979699,4.826507],[6.979468,4.826465],[6.979488,4.826354],[6.979719,4.826396]]]}},{"type":"Feature","properties":{"h":3.0,"on_route":false},"geometry":{"type":"Polygon","coordinates":[[[6.980962,4.822298],[6.980983,4.8223],[6.980981,4.822324],[6.980885,4.822316],[6.980892,4.822236],[6.980966,4.822243],[6.980962,4.822298]]]}},{"type":"Feature","properties":{"h":3.0,"on_route":false},"geometry":{"type":"Polygon","coordinates":[[[6.975448,4.825369],[6.975649,4.825412],[6.975633,4.82549],[6.975431,4.825447],[6.975448,4.825369]]]}},{"type":"Feature","properties":{"h":3.0,"on_route":false},"geometry":{"type":"Polygon","coordinates":[[[6.980473,4.821486],[6.980433,4.821652],[6.98038,4.82164],[6.980394,4.821579],[6.980376,4.821575],[6.9804,4.82147],[6.980473,4.821486]]]}},{"type":"Feature","properties":{"h":3.0,"on_route":false},"geometry":{"type":"Polygon","coordinates":[[[6.97466,4.821568],[6.974597,4.821745],[6.97449,4.821707],[6.974554,4.821529],[6.97466,4.821568]]]}},{"type":"Feature","properties":{"h":3.0,"on_route":false},"geometry":{"type":"Polygon","coordinates":[[[6.974799,4.823699],[6.974789,4.823744],[6.974704,4.823726],[6.974714,4.823681],[6.974799,4.823699]]]}},{"type":"Feature","properties":{"h":3.0,"on_route":true},"geometry":{"type":"Polygon","coordinates":[[[6.978972,4.821358],[6.978979,4.821546],[6.978864,4.82155],[6.978857,4.821362],[6.978972,4.821358]]]}},{"type":"Feature","properties":{"h":3.0,"on_route":false},"geometry":{"type":"Polygon","coordinates":[[[6.980629,4.82559],[6.980634,4.82564],[6.980565,4.825646],[6.98056,4.825597],[6.980629,4.82559]]]}},{"type":"Feature","properties":{"h":3.0,"on_route":false},"geometry":{"type":"Polygon","coordinates":[[[6.978308,4.820757],[6.978173,4.820762],[6.97817,4.820694],[6.978305,4.820688],[6.978308,4.820757]]]}},{"type":"Feature","properties":{"h":3.0,"on_route":false},"geometry":{"type":"Polygon","coordinates":[[[6.981598,4.822053],[6.981576,4.82215],[6.981401,4.822111],[6.981423,4.822013],[6.981598,4.822053]]]}},{"type":"Feature","properties":{"h":3.0,"on_route":false},"geometry":{"type":"Polygon","coordinates":[[[6.981368,4.823892],[6.981344,4.823971],[6.981252,4.823945],[6.981275,4.823864],[6.981368,4.823892]]]}},{"type":"Feature","properties":{"h":3.0,"on_route":true},"geometry":{"type":"Polygon","coordinates":[[[6.979483,4.82108],[6.97951,4.821215],[6.979457,4.821226],[6.97943,4.821091],[6.979483,4.82108]]]}},{"type":"Feature","properties":{"h":3.0,"on_route":false},"geometry":{"type":"Polygon","coordinates":[[[6.975709,4.826036],[6.975684,4.826154],[6.975593,4.826135],[6.975618,4.826016],[6.975709,4.826036]]]}},{"type":"Feature","properties":{"h":3.0,"on_route":false},"geometry":{"type":"Polygon","coordinates":[[[6.977526,4.82712],[6.977518,4.827231],[6.977372,4.82722],[6.97738,4.82711],[6.977526,4.82712]]]}},{"type":"Feature","properties":{"h":3.0,"on_route":false},"geometry":{"type":"Polygon","coordinates":[[[6.977932,4.823979],[6.977913,4.824092],[6.97799,4.824105],[6.97798,4.824166],[6.977903,4.824153],[6.977891,4.824222],[6.977808,4.824208],[6.977849,4.823965],[6.977932,4.823979]]]}},{"type":"Feature","properties":{"h":3.0,"on_route":false},"geometry":{"type":"Polygon","coordinates":[[[6.97824,4.820995],[6.978119,4.821004],[6.978113,4.82092],[6.978234,4.820912],[6.97824,4.820995]]]}},{"type":"Feature","properties":{"h":3.0,"on_route":false},"geometry":{"type":"Polygon","coordinates":[[[6.975781,4.822057],[6.975734,4.822045],[6.975781,4.821864],[6.975828,4.821877],[6.975781,4.822057]]]}},{"type":"Feature","properties":{"h":3.0,"on_route":true},"geometry":{"type":"Polygon","coordinates":[[[6.978984,4.82195],[6.978981,4.822061],[6.978909,4.822059],[6.978912,4.821948],[6.978984,4.82195]]]}},{"type":"Feature","properties":{"h":3.0,"on_route":true},"geometry":{"type":"Polygon","coordinates":[[[6.978521,4.822495],[6.978513,4.82254],[6.97856,4.822548],[6.978548,4.822615],[6.978425,4.822592],[6.978446,4.822481],[6.978521,4.822495]]]}},{"type":"Feature","properties":{"h":3.0,"on_route":false},"geometry":{"type":"Polygon","coordinates":[[[6.980862,4.821461],[6.980855,4.821563],[6.980717,4.821553],[6.980724,4.821451],[6.980862,4.821461]]]}},{"type":"Feature","properties":{"h":3.0,"on_route":false},"geometry":{"type":"Polygon","coordinates":[[[6.981588,4.823436],[6.981583,4.823493],[6.981438,4.82348],[6.981443,4.823424],[6.981588,4.823436]]]}},{"type":"Feature","properties":{"h":3.0,"on_route":false},"geometry":{"type":"Polygon","coordinates":[[[6.978544,4.825233],[6.978533,4.825288],[6.978397,4.825261],[6.978407,4.825207],[6.978544,4.825233]]]}},{"type":"Feature","properties":{"h":3.0,"on_route":true},"geometry":{"type":"Polygon","coordinates":[[[6.978314,4.822235],[6.978311,4.822351],[6.978257,4.82235],[6.978258,4.822282],[6.97824,4.822281],[6.978241,4.822233],[6.978314,4.822235]]]}},{"type":"Feature","properties":{"h":3.0,"on_route":false},"geometry":{"type":"Polygon","coordinates":[[[6.979759,4.82527],[6.979771,4.825209],[6.979708,4.825196],[6.97972,4.825138],[6.979885,4.825171],[6.97985,4.825345],[6.979571,4.825289],[6.979581,4.825235],[6.979759,4.82527]]]}},{"type":"Feature","properties":{"h":3.0,"on_route":false},"geometry":{"type":"Polygon","coordinates":[[[6.976038,4.821235],[6.97603,4.821267],[6.976114,4.821287],[6.976089,4.821391],[6.975837,4.821329],[6.97587,4.821194],[6.976038,4.821235]]]}},{"type":"Feature","properties":{"h":3.0,"on_route":false},"geometry":{"type":"Polygon","coordinates":[[[6.979664,4.825518],[6.979649,4.825612],[6.979489,4.825587],[6.979504,4.825493],[6.979664,4.825518]]]}},{"type":"Feature","properties":{"h":3.0,"on_route":false},"geometry":{"type":"Polygon","coordinates":[[[6.979422,4.826378],[6.979445,4.826266],[6.979506,4.826278],[6.979484,4.826387],[6.979464,4.826383],[6.979456,4.826425],[6.979428,4.826419],[6.979422,4.82645],[6.979635,4.826493],[6.979622,4.826558],[6.979281,4.826489],[6.979308,4.826355],[6.979422,4.826378]]]}},{"type":"Feature","properties":{"h":3.0,"on_route":false},"geometry":{"type":"Polygon","coordinates":[[[6.980809,4.824531],[6.980813,4.82458],[6.980772,4.824583],[6.980768,4.824535],[6.980809,4.824531]]]}},{"type":"Feature","properties":{"h":3.0,"on_route":false},"geometry":{"type":"Polygon","coordinates":[[[6.977993,4.821457],[6.977972,4.821661],[6.977808,4.821644],[6.977815,4.821579],[6.977917,4.82159],[6.977924,4.821519],[6.977823,4.821508],[6.97783,4.82144],[6.977993,4.821457]]]}},{"type":"Feature","properties":{"h":3.0,"on_route":false},"geometry":{"type":"Polygon","coordinates":[[[6.981311,4.82303],[6.981249,4.823039],[6.981242,4.822988],[6.981304,4.82298],[6.981311,4.82303]]]}},{"type":"Feature","properties":{"h":3.0,"on_route":false},"geometry":{"type":"Polygon","coordinates":[[[6.978304,4.826994],[6.978312,4.826967],[6.978389,4.82699],[6.978341,4.827151],[6.978232,4.827119],[6.978243,4.827081],[6.978219,4.827074],[6.978248,4.826977],[6.978304,4.826994]]]}},{"type":"Feature","properties":{"h":3.0,"on_route":false},"geometry":{"type":"Polygon","coordinates":[[[6.979291,4.824953],[6.979258,4.825124],[6.979152,4.825104],[6.979184,4.824933],[6.979291,4.824953]]]}},{"type":"Feature","properties":{"h":3.0,"on_route":false},"geometry":{"type":"Polygon","coordinates":[[[6.979519,4.824024],[6.979501,4.824177],[6.97942,4.824167],[6.979437,4.824014],[6.979519,4.824024]]]}},{"type":"Feature","properties":{"h":3.0,"on_route":false},"geometry":{"type":"Polygon","coordinates":[[[6.97449,4.821349],[6.974422,4.821329],[6.974467,4.821173],[6.974534,4.821192],[6.97449,4.821349]]]}},{"type":"Feature","properties":{"h":3.0,"on_route":false},"geometry":{"type":"Polygon","coordinates":[[[6.976121,4.821747],[6.976102,4.821809],[6.976067,4.821799],[6.976075,4.821775],[6.976047,4.821766],[6.976058,4.821728],[6.976121,4.821747]]]}},{"type":"Feature","properties":{"h":3.0,"on_route":false},"geometry":{"type":"Polygon","coordinates":[[[6.981069,4.822387],[6.981051,4.822386],[6.981044,4.822493],[6.98098,4.822488],[6.98099,4.822363],[6.981012,4.822365],[6.981014,4.822332],[6.981073,4.822336],[6.981069,4.822387]]]}},{"type":"Feature","properties":{"h":3.0,"on_route":false},"geometry":{"type":"Polygon","coordinates":[[[6.980053,4.824766],[6.980002,4.824782],[6.979963,4.824657],[6.980014,4.824641],[6.980053,4.824766]]]}},{"type":"Feature","properties":{"h":3.0,"on_route":false},"geometry":{"type":"Polygon","coordinates":[[[6.974732,4.825882],[6.974747,4.825921],[6.97482,4.825895],[6.97484,4.82595],[6.974634,4.826025],[6.9746,4.82593],[6.974732,4.825882]]]}},{"type":"Feature","properties":{"h":3.0,"on_route":false},"geometry":{"type":"Polygon","coordinates":[[[6.97521,4.823179],[6.975171,4.823421],[6.975064,4.823404],[6.975103,4.823162],[6.97521,4.823179]]]}},{"type":"Feature","properties":{"h":3.0,"on_route":false},"geometry":{"type":"Polygon","coordinates":[[[6.981404,4.822762],[6.981386,4.822849],[6.981311,4.822834],[6.98133,4.822747],[6.981404,4.822762]]]}},{"type":"Feature","properties":{"h":3.0,"on_route":false},"geometry":{"type":"Polygon","coordinates":[[[6.975275,4.826797],[6.975293,4.826872],[6.975254,4.826881],[6.975235,4.826806],[6.975275,4.826797]]]}},{"type":"Feature","properties":{"h":3.0,"on_route":false},"geometry":{"type":"Polygon","coordinates":[[[6.97445,4.822744],[6.974445,4.822811],[6.974393,4.822807],[6.974398,4.82274],[6.97445,4.822744]]]}},{"type":"Feature","properties":{"h":3.0,"on_route":false},"geometry":{"type":"Polygon","coordinates":[[[6.980184,4.822877],[6.980194,4.822831],[6.980361,4.822868],[6.980339,4.82297],[6.980139,4.822925],[6.980151,4.822869],[6.980184,4.822877]]]}},{"type":"Feature","properties":{"h":3.0,"on_route":false},"geometry":{"type":"Polygon","coordinates":[[[6.975457,4.821648],[6.975431,4.821734],[6.975272,4.821685],[6.975298,4.821599],[6.975457,4.821648]]]}},{"type":"Feature","properties":{"h":3.0,"on_route":false},"geometry":{"type":"Polygon","coordinates":[[[6.979441,4.821884],[6.979437,4.821962],[6.979301,4.821955],[6.979305,4.821876],[6.979441,4.821884]]]}},{"type":"Feature","properties":{"h":3.0,"on_route":false},"geometry":{"type":"Polygon","coordinates":[[[6.978417,4.819673],[6.978249,4.81969],[6.978237,4.819568],[6.978405,4.819551],[6.978417,4.819673]]]}},{"type":"Feature","properties":{"h":3.0,"on_route":false},"geometry":{"type":"Polygon","coordinates":[[[6.979343,4.823867],[6.979245,4.824217],[6.979086,4.824172],[6.979159,4.823912],[6.979126,4.823903],[6.979142,4.823846],[6.979175,4.823855],[6.979184,4.823822],[6.979343,4.823867]]]}},{"type":"Feature","properties":{"h":3.0,"on_route":false},"geometry":{"type":"Polygon","coordinates":[[[6.976612,4.825465],[6.976603,4.825509],[6.97657,4.825502],[6.976579,4.825458],[6.976612,4.825465]]]}},{"type":"Feature","properties":{"h":3.0,"on_route":false},"geometry":{"type":"Polygon","coordinates":[[[6.979593,4.825741],[6.979586,4.825782],[6.979535,4.825774],[6.979542,4.825733],[6.979593,4.825741]]]}},{"type":"Feature","properties":{"h":3.0,"on_route":false},"geometry":{"type":"Polygon","coordinates":[[[6.980899,4.823116],[6.98088,4.823197],[6.980768,4.823172],[6.980787,4.823091],[6.980899,4.823116]]]}},{"type":"Feature","properties":{"h":3.0,"on_route":false},"geometry":{"type":"Polygon","coordinates":[[[6.974638,4.824752],[6.974635,4.824706],[6.974606,4.824708],[6.9746,4.82463],[6.974828,4.824614],[6.974836,4.824738],[6.974638,4.824752]]]}},{"type":"Feature","properties":{"h":3.0,"on_route":false},"geometry":{"type":"Polygon","coordinates":[[[6.975268,4.822027],[6.97522,4.822157],[6.975117,4.822119],[6.975165,4.821989],[6.975268,4.822027]]]}},{"type":"Feature","properties":{"h":3.0,"on_route":false},"geometry":{"type":"Polygon","coordinates":[[[6.97474,4.821303],[6.974718,4.821366],[6.974674,4.821351],[6.974695,4.821287],[6.97474,4.821303]]]}},{"type":"Feature","properties":{"h":3.0,"on_route":false},"geometry":{"type":"Polygon","coordinates":[[[6.973955,4.824731],[6.974015,4.824916],[6.973953,4.824936],[6.973916,4.824822],[6.973872,4.824837],[6.973849,4.824766],[6.973955,4.824731]]]}},{"type":"Feature","properties":{"h":3.0,"on_route":false},"geometry":{"type":"Polygon","coordinates":[[[6.98034,4.823509],[6.98032,4.823564],[6.980079,4.823474],[6.980099,4.82342],[6.98034,4.823509]]]}},{"type":"Feature","properties":{"h":3.0,"on_route":false},"geometry":{"type":"Polygon","coordinates":[[[6.979915,4.822782],[6.979898,4.822848],[6.979774,4.822817],[6.979791,4.822751],[6.979915,4.822782]]]}},{"type":"Feature","properties":{"h":3.0,"on_route":false},"geometry":{"type":"Polygon","coordinates":[[[6.976257,4.827091],[6.976183,4.827106],[6.976162,4.827002],[6.976237,4.826987],[6.976257,4.827091]]]}},{"type":"Feature","properties":{"h":3.0,"on_route":false},"geometry":{"type":"Polygon","coordinates":[[[6.978565,4.826917],[6.978469,4.826866],[6.978546,4.82672],[6.978642,4.826771],[6.978565,4.826917]]]}},{"type":"Feature","properties":{"h":3.0,"on_route":false},"geometry":{"type":"Polygon","coordinates":[[[6.9756,4.824624],[6.975613,4.824819],[6.975514,4.824826],[6.975501,4.824631],[6.9756,4.824624]]]}},{"type":"Feature","properties":{"h":3.0,"on_route":false},"geometry":{"type":"Polygon","coordinates":[[[6.974758,4.824065],[6.974749,4.824194],[6.97467,4.824187],[6.974678,4.824085],[6.9747,4.824087],[6.974702,4.824061],[6.974758,4.824065]]]}},{"type":"Feature","properties":{"h":3.0,"on_route":false},"geometry":{"type":"Polygon","coordinates":[[[6.981012,4.822882],[6.980941,4.822878],[6.980937,4.822944],[6.981008,4.822948],[6.981003,4.82304],[6.980932,4.823037],[6.980933,4.823016],[6.980834,4.823011],[6.980836,4.822958],[6.980882,4.822961],[6.980883,4.822941],[6.980713,4.822932],[6.980719,4.822825],[6.981014,4.822842],[6.981012,4.822882]]]}},{"type":"Feature","properties":{"h":3.0,"on_route":false},"geometry":{"type":"Polygon","coordinates":[[[6.980924,4.82358],[6.980913,4.823631],[6.980801,4.823606],[6.980812,4.823555],[6.980924,4.82358]]]}},{"type":"Feature","properties":{"h":3.0,"on_route":false},"geometry":{"type":"Polygon","coordinates":[[[6.980209,4.821643],[6.980197,4.821785],[6.980051,4.821772],[6.980063,4.82163],[6.980209,4.821643]]]}},{"type":"Feature","properties":{"h":3.0,"on_route":false},"geometry":{"type":"Polygon","coordinates":[[[6.980569,4.820303],[6.980458,4.820395],[6.980404,4.820331],[6.980516,4.820238],[6.980569,4.820303]]]}},{"type":"Feature","properties":{"h":3.0,"on_route":false},"geometry":{"type":"Polygon","coordinates":[[[6.973563,4.821988],[6.973555,4.822036],[6.973526,4.822031],[6.973534,4.821983],[6.973563,4.821988]]]}},{"type":"Feature","properties":{"h":3.0,"on_route":false},"geometry":{"type":"Polygon","coordinates":[[[6.973628,4.823822],[6.973324,4.823884],[6.97334,4.823967],[6.973278,4.82398],[6.973247,4.823825],[6.973614,4.823751],[6.973628,4.823822]]]}},{"type":"Feature","properties":{"h":3.0,"on_route":false},"geometry":{"type":"Polygon","coordinates":[[[6.976646,4.82105],[6.976611,4.821064],[6.976565,4.820947],[6.9766,4.820933],[6.976646,4.82105]]]}},{"type":"Feature","properties":{"h":3.0,"on_route":false},"geometry":{"type":"Polygon","coordinates":[[[6.980733,4.821844],[6.980719,4.82193],[6.980561,4.821903],[6.980575,4.821818],[6.980733,4.821844]]]}},{"type":"Feature","properties":{"h":3.0,"on_route":false},"geometry":{"type":"Polygon","coordinates":[[[6.974853,4.822228],[6.974901,4.822232],[6.974899,4.82226],[6.974851,4.822256],[6.974853,4.822228]]]}},{"type":"Feature","properties":{"h":3.0,"on_route":false},"geometry":{"type":"Polygon","coordinates":[[[6.97562,4.819796],[6.975648,4.819924],[6.975594,4.819936],[6.975566,4.819808],[6.97562,4.819796]]]}},{"type":"Feature","properties":{"h":3.0,"on_route":false},"geometry":{"type":"Polygon","coordinates":[[[6.97438,4.82246],[6.974371,4.822527],[6.974301,4.822519],[6.974309,4.822452],[6.97438,4.82246]]]}},{"type":"Feature","properties":{"h":3.0,"on_route":false},"geometry":{"type":"Polygon","coordinates":[[[6.974683,4.822769],[6.97447,4.822774],[6.974467,4.822677],[6.97468,4.822671],[6.974683,4.822769]]]}},{"type":"Feature","properties":{"h":3.0,"on_route":false},"geometry":{"type":"Polygon","coordinates":[[[6.980404,4.820788],[6.980409,4.820831],[6.980473,4.820823],[6.98047,4.820801],[6.98054,4.820792],[6.980555,4.820914],[6.980345,4.820939],[6.980328,4.820797],[6.980404,4.820788]]]}},{"type":"Feature","properties":{"h":3.0,"on_route":false},"geometry":{"type":"Polygon","coordinates":[[[6.975778,4.82139],[6.975731,4.82138],[6.975747,4.82131],[6.975793,4.82132],[6.975778,4.82139]]]}},{"type":"Feature","properties":{"h":3.0,"on_route":false},"geometry":{"type":"Polygon","coordinates":[[[6.975307,4.824076],[6.975297,4.824219],[6.975223,4.824214],[6.975233,4.824071],[6.975307,4.824076]]]}},{"type":"Feature","properties":{"h":3.0,"on_route":false},"geometry":{"type":"Polygon","coordinates":[[[6.976358,4.825278],[6.976317,4.825408],[6.976221,4.825377],[6.976228,4.825355],[6.976185,4.825341],[6.976194,4.82531],[6.976138,4.825293],[6.976161,4.825217],[6.976358,4.825278]]]}},{"type":"Feature","properties":{"h":3.0,"on_route":false},"geometry":{"type":"Polygon","coordinates":[[[6.980053,4.821845],[6.980016,4.822052],[6.979939,4.822038],[6.979975,4.821831],[6.980053,4.821845]]]}},{"type":"Feature","properties":{"h":3.0,"on_route":false},"geometry":{"type":"Polygon","coordinates":[[[6.97713,4.822434],[6.977066,4.822563],[6.976745,4.822402],[6.976809,4.822273],[6.97713,4.822434]]]}},{"type":"Feature","properties":{"h":3.0,"on_route":false},"geometry":{"type":"Polygon","coordinates":[[[6.978758,4.825577],[6.978747,4.825624],[6.978714,4.825616],[6.978724,4.825569],[6.978758,4.825577]]]}},{"type":"Feature","properties":{"h":3.0,"on_route":false},"geometry":{"type":"Polygon","coordinates":[[[6.980486,4.824491],[6.980492,4.824541],[6.980448,4.824545],[6.980443,4.824496],[6.980486,4.824491]]]}},{"type":"Feature","properties":{"h":3.0,"on_route":false},"geometry":{"type":"Polygon","coordinates":[[[6.980924,4.824036],[6.980916,4.824145],[6.98071,4.82413],[6.980718,4.824021],[6.980924,4.824036]]]}},{"type":"Feature","properties":{"h":3.0,"on_route":false},"geometry":{"type":"Polygon","coordinates":[[[6.973316,4.822773],[6.973322,4.82285],[6.97324,4.822857],[6.973234,4.82278],[6.973316,4.822773]]]}},{"type":"Feature","properties":{"h":3.0,"on_route":false},"geometry":{"type":"Polygon","coordinates":[[[6.975647,4.819487],[6.975671,4.819608],[6.975639,4.819614],[6.975615,4.819494],[6.975647,4.819487]]]}},{"type":"Feature","properties":{"h":3.0,"on_route":false},"geometry":{"type":"Polygon","coordinates":[[[6.977115,4.820911],[6.977122,4.820976],[6.977089,4.82098],[6.977082,4.820914],[6.977115,4.820911]]]}},{"type":"Feature","properties":{"h":3.0,"on_route":false},"geometry":{"type":"Polygon","coordinates":[[[6.977948,4.826605],[6.977861,4.826761],[6.977767,4.826709],[6.977853,4.826553],[6.977948,4.826605]]]}},{"type":"Feature","properties":{"h":3.0,"on_route":false},"geometry":{"type":"Polygon","coordinates":[[[6.97605,4.820435],[6.976056,4.820466],[6.976015,4.820473],[6.976009,4.820443],[6.97605,4.820435]]]}},{"type":"Feature","properties":{"h":3.0,"on_route":false},"geometry":{"type":"Polygon","coordinates":[[[6.98093,4.824665],[6.980746,4.824682],[6.980738,4.824598],[6.980818,4.82459],[6.980812,4.82453],[6.980916,4.82452],[6.98093,4.824665]]]}},{"type":"Feature","properties":{"h":3.0,"on_route":false},"geometry":{"type":"Polygon","coordinates":[[[6.980444,4.824093],[6.980396,4.824098],[6.980391,4.824053],[6.980439,4.824048],[6.980444,4.824093]]]}},{"type":"Feature","properties":{"h":3.0,"on_route":false},"geometry":{"type":"Polygon","coordinates":[[[6.979056,4.826183],[6.979025,4.826315],[6.978945,4.826296],[6.978975,4.826164],[6.979056,4.826183]]]}},{"type":"Feature","properties":{"h":3.0,"on_route":false},"geometry":{"type":"Polygon","coordinates":[[[6.980459,4.821961],[6.980452,4.82201],[6.980279,4.821983],[6.980287,4.821934],[6.980459,4.821961]]]}},{"type":"Feature","properties":{"h":3.0,"on_route":false},"geometry":{"type":"Polygon","coordinates":[[[6.978587,4.821314],[6.978581,4.821388],[6.978415,4.821376],[6.978421,4.821301],[6.978587,4.821314]]]}},{"type":"Feature","properties":{"h":3.0,"on_route":false},"geometry":{"type":"Polygon","coordinates":[[[6.974733,4.82432],[6.974619,4.824332],[6.974613,4.824277],[6.974727,4.824265],[6.974733,4.82432]]]}},{"type":"Feature","properties":{"h":3.0,"on_route":false},"geometry":{"type":"Polygon","coordinates":[[[6.978687,4.826139],[6.978669,4.826209],[6.978585,4.826187],[6.978603,4.826117],[6.978687,4.826139]]]}},{"type":"Feature","properties":{"h":3.0,"on_route":false},"geometry":{"type":"Polygon","coordinates":[[[6.977702,4.819285],[6.977695,4.819343],[6.977534,4.819322],[6.977542,4.819264],[6.977702,4.819285]]]}},{"type":"Feature","properties":{"h":3.0,"on_route":false},"geometry":{"type":"Polygon","coordinates":[[[6.978603,4.826484],[6.978556,4.826575],[6.978429,4.826509],[6.978476,4.826417],[6.978603,4.826484]]]}},{"type":"Feature","properties":{"h":3.0,"on_route":false},"geometry":{"type":"Polygon","coordinates":[[[6.979986,4.821539],[6.979979,4.82167],[6.979847,4.821664],[6.979854,4.821532],[6.979986,4.821539]]]}},{"type":"Feature","properties":{"h":3.0,"on_route":false},"geometry":{"type":"Polygon","coordinates":[[[6.980969,4.823448],[6.980948,4.823532],[6.980848,4.823507],[6.980869,4.823423],[6.980969,4.823448]]]}},{"type":"Feature","properties":{"h":3.0,"on_route":false},"geometry":{"type":"Polygon","coordinates":[[[6.981247,4.823942],[6.981229,4.824027],[6.981269,4.824036],[6.981254,4.824111],[6.981142,4.824088],[6.981176,4.823927],[6.981247,4.823942]]]}},{"type":"Feature","properties":{"h":3.0,"on_route":false},"geometry":{"type":"Polygon","coordinates":[[[6.977397,4.820936],[6.977263,4.820953],[6.977253,4.82087],[6.977279,4.820867],[6.97727,4.820793],[6.977377,4.820779],[6.977397,4.820936]]]}},{"type":"Feature","properties":{"h":3.0,"on_route":true},"geometry":{"type":"Polygon","coordinates":[[[6.97831,4.822033],[6.978307,4.822097],[6.978243,4.822094],[6.978246,4.82203],[6.97831,4.822033]]]}},{"type":"Feature","properties":{"h":3.0,"on_route":false},"geometry":{"type":"Polygon","coordinates":[[[6.979906,4.821814],[6.979899,4.821875],[6.979794,4.821864],[6.9798,4.821804],[6.979906,4.821814]]]}},{"type":"Feature","properties":{"h":3.0,"on_route":false},"geometry":{"type":"Polygon","coordinates":[[[6.976464,4.819396],[6.976469,4.819435],[6.976432,4.81944],[6.976427,4.819401],[6.976464,4.819396]]]}},{"type":"Feature","properties":{"h":3.0,"on_route":false},"geometry":{"type":"Polygon","coordinates":[[[6.98082,4.8253],[6.980742,4.825318],[6.980721,4.825226],[6.980799,4.825208],[6.98082,4.8253]]]}},{"type":"Feature","properties":{"h":3.0,"on_route":false},"geometry":{"type":"Polygon","coordinates":[[[6.977527,4.819379],[6.977508,4.819494],[6.977451,4.819485],[6.977471,4.819369],[6.977527,4.819379]]]}},{"type":"Feature","properties":{"h":3.0,"on_route":false},"geometry":{"type":"Polygon","coordinates":[[[6.973719,4.822012],[6.973716,4.822212],[6.973625,4.82221],[6.973626,4.822143],[6.973598,4.822143],[6.9736,4.822035],[6.973635,4.822036],[6.973636,4.822011],[6.973719,4.822012]]]}},{"type":"Feature","properties":{"h":3.0,"on_route":false},"geometry":{"type":"Polygon","coordinates":[[[6.975196,4.820067],[6.97506,4.82008],[6.975035,4.819822],[6.975172,4.819808],[6.975196,4.820067]]]}},{"type":"Feature","properties":{"h":3.0,"on_route":false},"geometry":{"type":"Polygon","coordinates":[[[6.980221,4.823982],[6.980217,4.824037],[6.980147,4.824032],[6.980151,4.823976],[6.980221,4.823982]]]}},{"type":"Feature","properties":{"h":3.0,"on_route":false},"geometry":{"type":"Polygon","coordinates":[[[6.981453,4.823911],[6.981428,4.823996],[6.981349,4.823972],[6.981374,4.823888],[6.981453,4.823911]]]}},{"type":"Feature","properties":{"h":3.0,"on_route":false},"geometry":{"type":"Polygon","coordinates":[[[6.974763,4.825372],[6.974761,4.82539],[6.974832,4.825399],[6.974811,4.825567],[6.97468,4.82555],[6.974703,4.825364],[6.974763,4.825372]]]}},{"type":"Feature","properties":{"h":3.0,"on_route":false},"geometry":{"type":"Polygon","coordinates":[[[6.980944,4.82313],[6.980929,4.823205],[6.980876,4.823195],[6.980892,4.823119],[6.980944,4.82313]]]}},{"type":"Feature","properties":{"h":3.0,"on_route":false},"geometry":{"type":"Polygon","coordinates":[[[6.979916,4.823191],[6.979904,4.823238],[6.979817,4.823215],[6.97983,4.823168],[6.979916,4.823191]]]}},{"type":"Feature","properties":{"h":3.0,"on_route":false},"geometry":{"type":"Polygon","coordinates":[[[6.979539,4.825683],[6.979792,4.82573],[6.979776,4.825818],[6.979592,4.825784],[6.9796,4.825739],[6.979531,4.825726],[6.979539,4.825683]]]}},{"type":"Feature","properties":{"h":3.0,"on_route":false},"geometry":{"type":"Polygon","coordinates":[[[6.974099,4.821432],[6.974108,4.821394],[6.97422,4.821419],[6.974211,4.821457],[6.974291,4.821475],[6.974266,4.821584],[6.974187,4.821566],[6.974182,4.821587],[6.97407,4.821562],[6.974075,4.821541],[6.97403,4.821531],[6.974054,4.821422],[6.974099,4.821432]]]}},{"type":"Feature","properties":{"h":3.0,"on_route":false},"geometry":{"type":"Polygon","coordinates":[[[6.975618,4.826016],[6.975575,4.826222],[6.975481,4.826202],[6.975525,4.825996],[6.975618,4.826016]]]}},{"type":"Feature","properties":{"h":3.0,"on_route":false},"geometry":{"type":"Polygon","coordinates":[[[6.975876,4.821443],[6.97585,4.821532],[6.975794,4.821516],[6.97582,4.821426],[6.975876,4.821443]]]}},{"type":"Feature","properties":{"h":3.0,"on_route":false},"geometry":{"type":"Polygon","coordinates":[[[6.981519,4.82214],[6.98151,4.822255],[6.981436,4.822249],[6.981439,4.822211],[6.981342,4.822204],[6.981348,4.822127],[6.981519,4.82214]]]}},{"type":"Feature","properties":{"h":3.0,"on_route":false},"geometry":{"type":"Polygon","coordinates":[[[6.98084,4.822124],[6.980845,4.822181],[6.980794,4.822185],[6.98079,4.822128],[6.98084,4.822124]]]}},{"type":"Feature","properties":{"h":3.0,"on_route":false},"geometry":{"type":"Polygon","coordinates":[[[6.974503,4.820718],[6.974483,4.820781],[6.974405,4.820756],[6.974426,4.820692],[6.974503,4.820718]]]}},{"type":"Feature","properties":{"h":3.0,"on_route":false},"geometry":{"type":"Polygon","coordinates":[[[6.980499,4.82275],[6.980497,4.822793],[6.980409,4.822788],[6.980411,4.822745],[6.980499,4.82275]]]}},{"type":"Feature","properties":{"h":3.0,"on_route":false},"geometry":{"type":"Polygon","coordinates":[[[6.976805,4.819277],[6.976783,4.81928],[6.976788,4.819318],[6.976645,4.819335],[6.976632,4.819227],[6.976797,4.819207],[6.976805,4.819277]]]}},{"type":"Feature","properties":{"h":3.0,"on_route":false},"geometry":{"type":"Polygon","coordinates":[[[6.973611,4.822638],[6.973794,4.822656],[6.973787,4.822727],[6.973674,4.822715],[6.973673,4.822735],[6.973602,4.822728],[6.973611,4.822638]]]}},{"type":"Feature","properties":{"h":3.0,"on_route":false},"geometry":{"type":"Polygon","coordinates":[[[6.977612,4.820813],[6.97761,4.820944],[6.977447,4.820941],[6.97745,4.82081],[6.977612,4.820813]]]}},{"type":"Feature","properties":{"h":3.0,"on_route":false},"geometry":{"type":"Polygon","coordinates":[[[6.98054,4.823236],[6.980519,4.823281],[6.980411,4.823231],[6.980432,4.823186],[6.98054,4.823236]]]}},{"type":"Feature","properties":{"h":3.0,"on_route":false},"geometry":{"type":"Polygon","coordinates":[[[6.975387,4.825034],[6.975395,4.825102],[6.975288,4.825114],[6.97528,4.825046],[6.975387,4.825034]]]}},{"type":"Feature","properties":{"h":3.0,"on_route":false},"geometry":{"type":"Polygon","coordinates":[[[6.976334,4.821646],[6.976315,4.821711],[6.976246,4.821691],[6.976264,4.821626],[6.976334,4.821646]]]}},{"type":"Feature","properties":{"h":3.0,"on_route":false},"geometry":{"type":"Polygon","coordinates":[[[6.981411,4.82375],[6.981369,4.823889],[6.981282,4.823863],[6.981324,4.823723],[6.981411,4.82375]]]}},{"type":"Feature","properties":{"h":3.0,"on_route":false},"geometry":{"type":"Polygon","coordinates":[[[6.98075,4.824126],[6.980746,4.824169],[6.980707,4.824166],[6.980701,4.824235],[6.980589,4.824226],[6.980599,4.824114],[6.98075,4.824126]]]}},{"type":"Feature","properties":{"h":3.0,"on_route":false},"geometry":{"type":"Polygon","coordinates":[[[6.977629,4.820345],[6.977421,4.820391],[6.977395,4.820277],[6.977604,4.820231],[6.977629,4.820345]]]}},{"type":"Feature","properties":{"h":3.0,"on_route":false},"geometry":{"type":"Polygon","coordinates":[[[6.981031,4.822766],[6.981012,4.822767],[6.981014,4.822816],[6.98078,4.822828],[6.980777,4.82278],[6.980797,4.822779],[6.980794,4.822729],[6.981029,4.822716],[6.981031,4.822766]]]}},{"type":"Feature","properties":{"h":3.0,"on_route":false},"geometry":{"type":"Polygon","coordinates":[[[6.975565,4.822005],[6.975528,4.822118],[6.975454,4.822094],[6.975492,4.821981],[6.975565,4.822005]]]}},{"type":"Feature","properties":{"h":3.0,"on_route":false},"geometry":{"type":"Polygon","coordinates":[[[6.977384,4.825563],[6.977608,4.825622],[6.977588,4.825698],[6.977435,4.825659],[6.977424,4.8257],[6.977353,4.825681],[6.977384,4.825563]]]}},{"type":"Feature","properties":{"h":3.0,"on_route":false},"geometry":{"type":"Polygon","coordinates":[[[6.978407,4.825207],[6.978397,4.825261],[6.978354,4.825253],[6.978365,4.825198],[6.978407,4.825207]]]}},{"type":"Feature","properties":{"h":3.0,"on_route":false},"geometry":{"type":"Polygon","coordinates":[[[6.979783,4.824488],[6.979776,4.824564],[6.979711,4.824558],[6.979717,4.824482],[6.979783,4.824488]]]}},{"type":"Feature","properties":{"h":3.0,"on_route":false},"geometry":{"type":"Polygon","coordinates":[[[6.974111,4.822039],[6.974103,4.822146],[6.973974,4.822137],[6.973982,4.822029],[6.974111,4.822039]]]}},{"type":"Feature","properties":{"h":3.0,"on_route":false},"geometry":{"type":"Polygon","coordinates":[[[6.974049,4.822168],[6.974012,4.822397],[6.973951,4.822388],[6.973954,4.822365],[6.973911,4.822358],[6.973944,4.822151],[6.974049,4.822168]]]}},{"type":"Feature","properties":{"h":3.0,"on_route":true},"geometry":{"type":"Polygon","coordinates":[[[6.978555,4.821797],[6.978548,4.821866],[6.978509,4.821862],[6.978516,4.821793],[6.978555,4.821797]]]}},{"type":"Feature","properties":{"h":3.0,"on_route":false},"geometry":{"type":"Polygon","coordinates":[[[6.980838,4.823875],[6.98083,4.823987],[6.980721,4.82398],[6.980729,4.823867],[6.980838,4.823875]]]}},{"type":"Feature","properties":{"h":3.0,"on_route":false},"geometry":{"type":"Polygon","coordinates":[[[6.980708,4.825227],[6.980739,4.825351],[6.980693,4.825363],[6.980661,4.825239],[6.980708,4.825227]]]}},{"type":"Feature","properties":{"h":3.0,"on_route":false},"geometry":{"type":"Polygon","coordinates":[[[6.975572,4.826683],[6.975569,4.826763],[6.975511,4.82676],[6.975514,4.826681],[6.975572,4.826683]]]}},{"type":"Feature","properties":{"h":3.0,"on_route":false},"geometry":{"type":"Polygon","coordinates":[[[6.976094,4.82012],[6.975955,4.820153],[6.975894,4.819899],[6.976033,4.819865],[6.976094,4.82012]]]}},{"type":"Feature","properties":{"h":3.0,"on_route":false},"geometry":{"type":"Polygon","coordinates":[[[6.97627,4.822497],[6.976258,4.822605],[6.976047,4.822581],[6.976059,4.822473],[6.97627,4.822497]]]}},{"type":"Feature","properties":{"h":3.0,"on_route":false},"geometry":{"type":"Polygon","coordinates":[[[6.981288,4.822657],[6.981297,4.822557],[6.981265,4.822554],[6.981271,4.822489],[6.981498,4.822509],[6.981488,4.822621],[6.98162,4.822632],[6.981616,4.822686],[6.981288,4.822657]],[[6.981469,4.822629],[6.981448,4.822627],[6.981449,4.822617],[6.98147,4.822619],[6.981469,4.822629]]]}},{"type":"Feature","properties":{"h":3.0,"on_route":false},"geometry":{"type":"Polygon","coordinates":[[[6.977711,4.819845],[6.977708,4.819908],[6.977444,4.819897],[6.977446,4.819834],[6.977711,4.819845]]]}},{"type":"Feature","properties":{"h":3.0,"on_route":false},"geometry":{"type":"Polygon","coordinates":[[[6.975695,4.821384],[6.975674,4.821451],[6.975597,4.821426],[6.975619,4.821359],[6.975695,4.821384]]]}},{"type":"Feature","properties":{"h":3.0,"on_route":false},"geometry":{"type":"Polygon","coordinates":[[[6.976951,4.820783],[6.976894,4.820793],[6.976874,4.820683],[6.976931,4.820673],[6.976951,4.820783]]]}},{"type":"Feature","properties":{"h":3.0,"on_route":false},"geometry":{"type":"Polygon","coordinates":[[[6.97678,4.825568],[6.97672,4.825662],[6.976581,4.825573],[6.976642,4.825479],[6.97678,4.825568]]]}},{"type":"Feature","properties":{"h":3.0,"on_route":false},"geometry":{"type":"Polygon","coordinates":[[[6.974771,4.825625],[6.974762,4.825694],[6.974666,4.825682],[6.974675,4.825612],[6.974771,4.825625]]]}},{"type":"Feature","properties":{"h":3.0,"on_route":false},"geometry":{"type":"Polygon","coordinates":[[[6.975324,4.822433],[6.975312,4.82249],[6.975433,4.822516],[6.975411,4.822619],[6.975332,4.822602],[6.975323,4.822644],[6.974992,4.822573],[6.975035,4.822371],[6.975324,4.822433]]]}},{"type":"Feature","properties":{"h":3.0,"on_route":false},"geometry":{"type":"Polygon","coordinates":[[[6.976282,4.822736],[6.976269,4.822836],[6.976101,4.822813],[6.976114,4.822714],[6.976282,4.822736]]]}},{"type":"Feature","properties":{"h":3.0,"on_route":false},"geometry":{"type":"Polygon","coordinates":[[[6.980492,4.822946],[6.980451,4.823128],[6.980408,4.823119],[6.980449,4.822936],[6.980492,4.822946]]]}},{"type":"Feature","properties":{"h":3.0,"on_route":false},"geometry":{"type":"Polygon","coordinates":[[[6.974206,4.824919],[6.974165,4.824929],[6.974145,4.824845],[6.974186,4.824835],[6.974206,4.824919]]]}},{"type":"Feature","properties":{"h":3.0,"on_route":false},"geometry":{"type":"Polygon","coordinates":[[[6.976998,4.821948],[6.976979,4.821996],[6.976935,4.821978],[6.976954,4.82193],[6.976998,4.821948]]]}},{"type":"Feature","properties":{"h":3.0,"on_route":false},"geometry":{"type":"Polygon","coordinates":[[[6.976108,4.826934],[6.976022,4.82694],[6.976015,4.82685],[6.976101,4.826844],[6.976108,4.826934]]]}},{"type":"Feature","properties":{"h":3.0,"on_route":false},"geometry":{"type":"Polygon","coordinates":[[[6.980615,4.821518],[6.980599,4.821579],[6.98046,4.821545],[6.980475,4.821483],[6.980615,4.821518]]]}},{"type":"Feature","properties":{"h":3.0,"on_route":false},"geometry":{"type":"Polygon","coordinates":[[[6.975537,4.820121],[6.975472,4.82013],[6.975461,4.820057],[6.975526,4.820048],[6.975537,4.820121]]]}},{"type":"Feature","properties":{"h":3.0,"on_route":false},"geometry":{"type":"Polygon","coordinates":[[[6.979454,4.825278],[6.979432,4.825419],[6.97939,4.825413],[6.979385,4.825445],[6.979401,4.825448],[6.97939,4.82552],[6.979303,4.825507],[6.979342,4.825261],[6.979454,4.825278]]]}},{"type":"Feature","properties":{"h":3.0,"on_route":false},"geometry":{"type":"Polygon","coordinates":[[[6.980099,4.82342],[6.980043,4.823571],[6.980005,4.823557],[6.980009,4.823546],[6.979959,4.823528],[6.980011,4.823387],[6.980099,4.82342]]]}},{"type":"Feature","properties":{"h":3.0,"on_route":false},"geometry":{"type":"Polygon","coordinates":[[[6.975479,4.824694],[6.975492,4.824857],[6.975388,4.824865],[6.975375,4.824702],[6.975479,4.824694]]]}},{"type":"Feature","properties":{"h":3.0,"on_route":false},"geometry":{"type":"Polygon","coordinates":[[[6.973963,4.821168],[6.973941,4.821231],[6.973896,4.821215],[6.973918,4.821152],[6.973963,4.821168]]]}},{"type":"Feature","properties":{"h":3.0,"on_route":false},"geometry":{"type":"Polygon","coordinates":[[[6.975158,4.824263],[6.975166,4.824576],[6.975071,4.824578],[6.975063,4.824266],[6.975158,4.824263]]]}},{"type":"Feature","properties":{"h":3.0,"on_route":false},"geometry":{"type":"Polygon","coordinates":[[[6.980154,4.823932],[6.980224,4.823937],[6.980221,4.823982],[6.980151,4.823976],[6.980154,4.823932]]]}},{"type":"Feature","properties":{"h":3.0,"on_route":false},"geometry":{"type":"Polygon","coordinates":[[[6.977875,4.825874],[6.977865,4.825914],[6.977824,4.825903],[6.977835,4.825864],[6.977875,4.825874]]]}},{"type":"Feature","properties":{"h":3.0,"on_route":true},"geometry":{"type":"Polygon","coordinates":[[[6.979272,4.820865],[6.979281,4.820898],[6.979261,4.820903],[6.979253,4.82087],[6.979272,4.820865]]]}},{"type":"Feature","properties":{"h":3.0,"on_route":false},"geometry":{"type":"Polygon","coordinates":[[[6.975542,4.821997],[6.975492,4.821981],[6.975548,4.821808],[6.975599,4.821824],[6.975542,4.821997]]]}},{"type":"Feature","properties":{"h":3.0,"on_route":false},"geometry":{"type":"Polygon","coordinates":[[[6.975663,4.824319],[6.975669,4.824387],[6.97557,4.824396],[6.975565,4.824328],[6.975663,4.824319]]]}},{"type":"Feature","properties":{"h":3.0,"on_route":false},"geometry":{"type":"Polygon","coordinates":[[[6.98021,4.822053],[6.980183,4.822046],[6.980189,4.822021],[6.980134,4.822008],[6.980154,4.821923],[6.980127,4.821917],[6.980137,4.821875],[6.980183,4.821886],[6.98019,4.821854],[6.980253,4.821869],[6.98021,4.822053]]]}},{"type":"Feature","properties":{"h":3.0,"on_route":false},"geometry":{"type":"Polygon","coordinates":[[[6.973738,4.824621],[6.973667,4.824663],[6.973625,4.824592],[6.973696,4.82455],[6.973738,4.824621]]]}},{"type":"Feature","properties":{"h":3.0,"on_route":false},"geometry":{"type":"Polygon","coordinates":[[[6.975579,4.819631],[6.975594,4.819685],[6.975552,4.819697],[6.975537,4.819642],[6.975579,4.819631]]]}},{"type":"Feature","properties":{"h":3.0,"on_route":false},"geometry":{"type":"Polygon","coordinates":[[[6.979605,4.825138],[6.979598,4.825176],[6.979542,4.825166],[6.979549,4.825127],[6.979605,4.825138]]]}},{"type":"Feature","properties":{"h":3.0,"on_route":false},"geometry":{"type":"Polygon","coordinates":[[[6.975104,4.825499],[6.975094,4.825576],[6.97501,4.825565],[6.97502,4.825488],[6.975104,4.825499]]]}},{"type":"Feature","properties":{"h":3.0,"on_route":false},"geometry":{"type":"Polygon","coordinates":[[[6.976674,4.822496],[6.976649,4.822631],[6.976554,4.822613],[6.97658,4.822478],[6.976674,4.822496]]]}},{"type":"Feature","properties":{"h":3.0,"on_route":false},"geometry":{"type":"Polygon","coordinates":[[[6.974007,4.821774],[6.973969,4.82195],[6.973865,4.821927],[6.973903,4.821751],[6.974007,4.821774]]]}},{"type":"Feature","properties":{"h":3.0,"on_route":false},"geometry":{"type":"Polygon","coordinates":[[[6.97553,4.820411],[6.975424,4.82044],[6.975411,4.820389],[6.975517,4.820361],[6.97553,4.820411]]]}},{"type":"Feature","properties":{"h":3.0,"on_route":false},"geometry":{"type":"Polygon","coordinates":[[[6.977931,4.824967],[6.977905,4.825062],[6.977929,4.825069],[6.977884,4.825235],[6.977689,4.825182],[6.97776,4.824921],[6.977931,4.824967]]]}},{"type":"Feature","properties":{"h":3.0,"on_route":false},"geometry":{"type":"Polygon","coordinates":[[[6.974844,4.822108],[6.974831,4.822209],[6.974581,4.822176],[6.974595,4.822076],[6.974844,4.822108]]]}},{"type":"Feature","properties":{"h":3.0,"on_route":false},"geometry":{"type":"Polygon","coordinates":[[[6.974074,4.82372],[6.974053,4.823769],[6.973967,4.823733],[6.973988,4.823683],[6.974074,4.82372]]]}},{"type":"Feature","properties":{"h":3.0,"on_route":true},"geometry":{"type":"Polygon","coordinates":[[[6.979955,4.819765],[6.979967,4.819813],[6.979946,4.819818],[6.979934,4.81977],[6.979955,4.819765]]]}},{"type":"Feature","properties":{"h":3.0,"on_route":false},"geometry":{"type":"Polygon","coordinates":[[[6.980452,4.822011],[6.980445,4.82208],[6.980269,4.822064],[6.980276,4.821995],[6.980452,4.822011]]]}},{"type":"Feature","properties":{"h":3.0,"on_route":false},"geometry":{"type":"Polygon","coordinates":[[[6.981067,4.822702],[6.980799,4.822726],[6.98079,4.822621],[6.981057,4.822598],[6.981067,4.822702]]]}},{"type":"Feature","properties":{"h":3.0,"on_route":false},"geometry":{"type":"Polygon","coordinates":[[[6.97923,4.826823],[6.979281,4.826839],[6.979252,4.826931],[6.979174,4.826906],[6.979195,4.826839],[6.979222,4.826848],[6.97923,4.826823]]]}},{"type":"Feature","properties":{"h":3.0,"on_route":false},"geometry":{"type":"Polygon","coordinates":[[[6.9804,4.820258],[6.980343,4.820265],[6.980334,4.820186],[6.980391,4.820179],[6.9804,4.820258]]]}},{"type":"Feature","properties":{"h":3.0,"on_route":false},"geometry":{"type":"Polygon","coordinates":[[[6.97471,4.820556],[6.97468,4.820635],[6.974581,4.820598],[6.97461,4.820518],[6.97471,4.820556]]]}},{"type":"Feature","properties":{"h":3.0,"on_route":false},"geometry":{"type":"Polygon","coordinates":[[[6.98034,4.824107],[6.98026,4.824117],[6.980251,4.824041],[6.980331,4.824032],[6.98034,4.824107]]]}},{"type":"Feature","properties":{"h":3.0,"on_route":false},"geometry":{"type":"Polygon","coordinates":[[[6.976722,4.824098],[6.976679,4.824179],[6.976631,4.824153],[6.976675,4.824072],[6.976722,4.824098]]]}},{"type":"Feature","properties":{"h":3.0,"on_route":false},"geometry":{"type":"Polygon","coordinates":[[[6.974076,4.825655],[6.974059,4.825663],[6.974076,4.825704],[6.973908,4.825775],[6.973858,4.825655],[6.974026,4.825584],[6.974041,4.825621],[6.974059,4.825613],[6.974076,4.825655]]]}},{"type":"Feature","properties":{"h":3.0,"on_route":false},"geometry":{"type":"Polygon","coordinates":[[[6.977256,4.820446],[6.977154,4.820455],[6.977143,4.820319],[6.977245,4.820311],[6.977256,4.820446]]]}},{"type":"Feature","properties":{"h":3.0,"on_route":false},"geometry":{"type":"Polygon","coordinates":[[[6.979809,4.821863],[6.979809,4.821889],[6.979836,4.821889],[6.979835,4.821997],[6.979789,4.821997],[6.97979,4.821933],[6.979766,4.821933],[6.979766,4.821863],[6.979809,4.821863]]]}},{"type":"Feature","properties":{"h":3.0,"on_route":false},"geometry":{"type":"Polygon","coordinates":[[[6.979761,4.826524],[6.979751,4.826589],[6.979631,4.82657],[6.979641,4.826505],[6.979761,4.826524]]]}},{"type":"Feature","properties":{"h":3.0,"on_route":false},"geometry":{"type":"Polygon","coordinates":[[[6.977805,4.826982],[6.977749,4.827144],[6.977651,4.82711],[6.977707,4.826948],[6.977805,4.826982]]]}},{"type":"Feature","properties":{"h":3.0,"on_route":false},"geometry":{"type":"Polygon","coordinates":[[[6.978352,4.821182],[6.978212,4.821193],[6.9782,4.821045],[6.978341,4.821034],[6.978352,4.821182]]]}},{"type":"Feature","properties":{"h":3.0,"on_route":false},"geometry":{"type":"Polygon","coordinates":[[[6.975312,4.820503],[6.975163,4.820525],[6.975154,4.820466],[6.975303,4.820443],[6.975312,4.820503]]]}},{"type":"Feature","properties":{"h":3.0,"on_route":false},"geometry":{"type":"Polygon","coordinates":[[[6.980438,4.825632],[6.980436,4.825698],[6.980376,4.825696],[6.980378,4.82563],[6.980438,4.825632]]]}},{"type":"Feature","properties":{"h":3.0,"on_route":false},"geometry":{"type":"Polygon","coordinates":[[[6.976636,4.822831],[6.976601,4.823],[6.976554,4.82299],[6.976566,4.822931],[6.976457,4.822908],[6.97648,4.822798],[6.976636,4.822831]]]}},{"type":"Feature","properties":{"h":3.0,"on_route":false},"geometry":{"type":"Polygon","coordinates":[[[6.973526,4.824635],[6.973533,4.824664],[6.9735,4.824671],[6.973494,4.824643],[6.973526,4.824635]]]}},{"type":"Feature","properties":{"h":3.0,"on_route":false},"geometry":{"type":"Polygon","coordinates":[[[6.977355,4.819264],[6.977351,4.819477],[6.977237,4.819475],[6.97724,4.819263],[6.977355,4.819264]]]}},{"type":"Feature","properties":{"h":3.0,"on_route":false},"geometry":{"type":"Polygon","coordinates":[[[6.981425,4.823244],[6.981322,4.823252],[6.98131,4.823096],[6.981413,4.823088],[6.981425,4.823244]]]}},{"type":"Feature","properties":{"h":3.0,"on_route":false},"geometry":{"type":"Polygon","coordinates":[[[6.974266,4.825053],[6.974269,4.825116],[6.974191,4.82512],[6.974189,4.825057],[6.974266,4.825053]]]}},{"type":"Feature","properties":{"h":3.0,"on_route":false},"geometry":{"type":"Polygon","coordinates":[[[6.976355,4.821178],[6.976272,4.821201],[6.976259,4.821153],[6.976342,4.821131],[6.976355,4.821178]]]}},{"type":"Feature","properties":{"h":3.0,"on_route":true},"geometry":{"type":"Polygon","coordinates":[[[6.979751,4.820606],[6.979599,4.820622],[6.979586,4.820497],[6.979737,4.82048],[6.979751,4.820606]]]}},{"type":"Feature","properties":{"h":3.0,"on_route":false},"geometry":{"type":"Polygon","coordinates":[[[6.97905,4.821028],[6.978992,4.82106],[6.97896,4.821001],[6.979018,4.820969],[6.97905,4.821028]]]}},{"type":"Feature","properties":{"h":3.0,"on_route":false},"geometry":{"type":"Polygon","coordinates":[[[6.976373,4.819411],[6.976327,4.819417],[6.976322,4.819377],[6.976367,4.81937],[6.976373,4.819411]]]}},{"type":"Feature","properties":{"h":3.0,"on_route":false},"geometry":{"type":"Polygon","coordinates":[[[6.98075,4.82549],[6.980761,4.825569],[6.980585,4.825593],[6.980583,4.825573],[6.98055,4.825578],[6.980542,4.825519],[6.98075,4.82549]]]}},{"type":"Feature","properties":{"h":3.0,"on_route":false},"geometry":{"type":"Polygon","coordinates":[[[6.976043,4.826153],[6.976022,4.826275],[6.975904,4.826255],[6.975896,4.826303],[6.975823,4.826291],[6.975832,4.826242],[6.975808,4.826238],[6.975829,4.826116],[6.976043,4.826153]]]}},{"type":"Feature","properties":{"h":3.0,"on_route":true},"geometry":{"type":"Polygon","coordinates":[[[6.978793,4.821435],[6.978791,4.82154],[6.978671,4.821538],[6.978673,4.821433],[6.978793,4.821435]]]}},{"type":"Feature","properties":{"h":3.0,"on_route":false},"geometry":{"type":"Polygon","coordinates":[[[6.979629,4.822368],[6.97962,4.822442],[6.97957,4.822436],[6.979579,4.822362],[6.979629,4.822368]]]}},{"type":"Feature","properties":{"h":3.0,"on_route":false},"geometry":{"type":"Polygon","coordinates":[[[6.976411,4.82219],[6.976377,4.822395],[6.976237,4.822372],[6.976271,4.822167],[6.976411,4.82219]]]}},{"type":"Feature","properties":{"h":3.0,"on_route":false},"geometry":{"type":"Polygon","coordinates":[[[6.979384,4.822494],[6.979375,4.822571],[6.979231,4.822553],[6.97924,4.822476],[6.979384,4.822494]]]}},{"type":"Feature","properties":{"h":3.0,"on_route":false},"geometry":{"type":"Polygon","coordinates":[[[6.978239,4.821611],[6.978221,4.821695],[6.978161,4.821681],[6.978179,4.821597],[6.978239,4.821611]]]}},{"type":"Feature","properties":{"h":3.0,"on_route":false},"geometry":{"type":"Polygon","coordinates":[[[6.977513,4.82482],[6.977499,4.8249],[6.977459,4.824894],[6.977446,4.824976],[6.977328,4.824956],[6.977341,4.824874],[6.977296,4.824867],[6.977309,4.824787],[6.977513,4.82482]]]}},{"type":"Feature","properties":{"h":3.0,"on_route":false},"geometry":{"type":"Polygon","coordinates":[[[6.977238,4.820829],[6.977198,4.82084],[6.977245,4.821014],[6.977166,4.821035],[6.977107,4.820817],[6.977226,4.820785],[6.977238,4.820829]]]}},{"type":"Feature","properties":{"h":3.0,"on_route":false},"geometry":{"type":"Polygon","coordinates":[[[6.975635,4.82658],[6.975631,4.826664],[6.97552,4.826658],[6.975524,4.826574],[6.975635,4.82658]]]}},{"type":"Feature","properties":{"h":3.0,"on_route":false},"geometry":{"type":"Polygon","coordinates":[[[6.977518,4.82681],[6.977501,4.827082],[6.976999,4.827051],[6.977016,4.826779],[6.977518,4.82681]]]}},{"type":"Feature","properties":{"h":3.0,"on_route":false},"geometry":{"type":"Polygon","coordinates":[[[6.97418,4.821857],[6.974148,4.821957],[6.974,4.821909],[6.974033,4.821808],[6.97418,4.821857]]]}},{"type":"Feature","properties":{"h":3.0,"on_route":false},"geometry":{"type":"Polygon","coordinates":[[[6.973954,4.822882],[6.973948,4.822928],[6.97391,4.822923],[6.973916,4.822878],[6.973954,4.822882]]]}},{"type":"Feature","properties":{"h":3.0,"on_route":false},"geometry":{"type":"Polygon","coordinates":[[[6.976737,4.823452],[6.976747,4.823432],[6.976936,4.823527],[6.976926,4.823547],[6.976979,4.823573],[6.976897,4.823737],[6.976905,4.823741],[6.976874,4.823803],[6.976623,4.823678],[6.976637,4.82365],[6.976569,4.823616],[6.976667,4.823417],[6.976737,4.823452]]]}},{"type":"Feature","properties":{"h":3.0,"on_route":false},"geometry":{"type":"Polygon","coordinates":[[[6.979084,4.82597],[6.979065,4.826041],[6.978948,4.82601],[6.978967,4.825939],[6.979084,4.82597]]]}},{"type":"Feature","properties":{"h":3.0,"on_route":false},"geometry":{"type":"Polygon","coordinates":[[[6.976422,4.821287],[6.976282,4.821324],[6.976266,4.821264],[6.976406,4.821227],[6.976422,4.821287]]]}},{"type":"Feature","properties":{"h":3.0,"on_route":false},"geometry":{"type":"Polygon","coordinates":[[[6.977622,4.826676],[6.977563,4.826798],[6.977507,4.826771],[6.977566,4.826649],[6.977622,4.826676]]]}},{"type":"Feature","properties":{"h":3.0,"on_route":false},"geometry":{"type":"Polygon","coordinates":[[[6.978072,4.827116],[6.978022,4.827284],[6.978002,4.827278],[6.977972,4.827378],[6.977881,4.82735],[6.977962,4.827082],[6.978072,4.827116]]]}},{"type":"Feature","properties":{"h":3.0,"on_route":false},"geometry":{"type":"Polygon","coordinates":[[[6.979632,4.824275],[6.979623,4.824381],[6.979583,4.824377],[6.97958,4.824411],[6.979453,4.8244],[6.979466,4.82426],[6.979632,4.824275]]]}},{"type":"Feature","properties":{"h":3.0,"on_route":true},"geometry":{"type":"Polygon","coordinates":[[[6.979496,4.821543],[6.979359,4.821552],[6.979356,4.821505],[6.979493,4.821496],[6.979496,4.821543]]]}},{"type":"Feature","properties":{"h":3.0,"on_route":false},"geometry":{"type":"Polygon","coordinates":[[[6.980256,4.82271],[6.98039,4.82274],[6.980379,4.822788],[6.980245,4.822758],[6.980256,4.82271]]]}},{"type":"Feature","properties":{"h":3.0,"on_route":false},"geometry":{"type":"Polygon","coordinates":[[[6.980511,4.824635],[6.98047,4.824643],[6.980452,4.824548],[6.980492,4.82454],[6.980511,4.824635]]]}},{"type":"Feature","properties":{"h":3.0,"on_route":false},"geometry":{"type":"Polygon","coordinates":[[[6.979166,4.826838],[6.979138,4.826896],[6.979033,4.826846],[6.97906,4.826788],[6.979166,4.826838]]]}},{"type":"Feature","properties":{"h":3.0,"on_route":false},"geometry":{"type":"Polygon","coordinates":[[[6.978892,4.822514],[6.97887,4.822621],[6.978699,4.822585],[6.978721,4.822479],[6.978892,4.822514]]]}},{"type":"Feature","properties":{"h":3.0,"on_route":false},"geometry":{"type":"Polygon","coordinates":[[[6.975411,4.820385],[6.975445,4.820546],[6.975382,4.820559],[6.975348,4.820398],[6.975411,4.820385]]]}},{"type":"Feature","properties":{"h":3.0,"on_route":false},"geometry":{"type":"Polygon","coordinates":[[[6.977254,4.82007],[6.977263,4.82018],[6.977205,4.820185],[6.977196,4.820075],[6.977254,4.82007]]]}},{"type":"Feature","properties":{"h":3.0,"on_route":false},"geometry":{"type":"Polygon","coordinates":[[[6.980303,4.825955],[6.980284,4.826063],[6.980197,4.826048],[6.980216,4.825939],[6.980303,4.825955]]]}},{"type":"Feature","properties":{"h":3.0,"on_route":false},"geometry":{"type":"Polygon","coordinates":[[[6.97622,4.826299],[6.976187,4.82644],[6.976008,4.826398],[6.976041,4.826257],[6.97622,4.826299]]]}},{"type":"Feature","properties":{"h":3.0,"on_route":false},"geometry":{"type":"Polygon","coordinates":[[[6.979642,4.823688],[6.979605,4.82369],[6.979603,4.823647],[6.97964,4.823645],[6.979642,4.823688]]]}},{"type":"Feature","properties":{"h":3.0,"on_route":false},"geometry":{"type":"Polygon","coordinates":[[[6.980724,4.822777],[6.980678,4.822962],[6.980561,4.822933],[6.980591,4.822809],[6.980643,4.822822],[6.980652,4.822785],[6.980678,4.822792],[6.980684,4.822767],[6.980724,4.822777]]]}},{"type":"Feature","properties":{"h":3.0,"on_route":false},"geometry":{"type":"Polygon","coordinates":[[[6.976417,4.826532],[6.976395,4.826656],[6.976156,4.826613],[6.976179,4.826489],[6.976417,4.826532]]]}},{"type":"Feature","properties":{"h":3.0,"on_route":false},"geometry":{"type":"Polygon","coordinates":[[[6.979473,4.826562],[6.979462,4.826627],[6.9794,4.826617],[6.97941,4.826551],[6.979473,4.826562]]]}},{"type":"Feature","properties":{"h":3.0,"on_route":false},"geometry":{"type":"Polygon","coordinates":[[[6.97667,4.820096],[6.976688,4.820208],[6.976617,4.820219],[6.9766,4.820107],[6.97667,4.820096]]]}},{"type":"Feature","properties":{"h":3.0,"on_route":false},"geometry":{"type":"Polygon","coordinates":[[[6.980344,4.824156],[6.980281,4.82417],[6.980272,4.824128],[6.980335,4.824115],[6.980344,4.824156]]]}},{"type":"Feature","properties":{"h":3.0,"on_route":false},"geometry":{"type":"Polygon","coordinates":[[[6.975452,4.826178],[6.975445,4.826255],[6.975381,4.82625],[6.975388,4.826172],[6.975452,4.826178]]]}},{"type":"Feature","properties":{"h":3.0,"on_route":false},"geometry":{"type":"Polygon","coordinates":[[[6.976185,4.819586],[6.976198,4.819639],[6.976169,4.819647],[6.976156,4.819593],[6.976185,4.819586]]]}},{"type":"Feature","properties":{"h":3.0,"on_route":false},"geometry":{"type":"Polygon","coordinates":[[[6.977216,4.819254],[6.97721,4.819494],[6.977096,4.819491],[6.977102,4.819251],[6.977216,4.819254]]]}},{"type":"Feature","properties":{"h":3.0,"on_route":false},"geometry":{"type":"Polygon","coordinates":[[[6.977329,4.821029],[6.97744,4.821312],[6.977385,4.821334],[6.977274,4.821051],[6.977329,4.821029]]]}},{"type":"Feature","properties":{"h":3.0,"on_route":false},"geometry":{"type":"Polygon","coordinates":[[[6.979863,4.825957],[6.979844,4.826056],[6.979586,4.826009],[6.979604,4.82591],[6.979863,4.825957]]]}},{"type":"Feature","properties":{"h":3.0,"on_route":false},"geometry":{"type":"Polygon","coordinates":[[[6.979872,4.822649],[6.97988,4.822615],[6.979977,4.822638],[6.979942,4.822784],[6.979804,4.82275],[6.97983,4.822638],[6.979872,4.822649]]]}},{"type":"Feature","properties":{"h":3.0,"on_route":false},"geometry":{"type":"Polygon","coordinates":[[[6.980764,4.824521],[6.980766,4.824585],[6.980685,4.824588],[6.980683,4.824524],[6.980764,4.824521]]]}},{"type":"Feature","properties":{"h":3.0,"on_route":false},"geometry":{"type":"Polygon","coordinates":[[[6.976538,4.822456],[6.976519,4.822554],[6.976344,4.82252],[6.976362,4.822422],[6.976538,4.822456]]]}},{"type":"Feature","properties":{"h":3.0,"on_route":false},"geometry":{"type":"Polygon","coordinates":[[[6.979682,4.821781],[6.979586,4.82179],[6.979575,4.821671],[6.979671,4.821662],[6.979682,4.821781]]]}},{"type":"Feature","properties":{"h":3.0,"on_route":false},"geometry":{"type":"Polygon","coordinates":[[[6.975837,4.823026],[6.975829,4.823074],[6.975794,4.823068],[6.975802,4.82302],[6.975837,4.823026]]]}},{"type":"Feature","properties":{"h":3.0,"on_route":false},"geometry":{"type":"Polygon","coordinates":[[[6.97701,4.822136],[6.976996,4.822184],[6.976974,4.822177],[6.976944,4.822282],[6.97688,4.822263],[6.976923,4.822111],[6.97701,4.822136]]]}},{"type":"Feature","properties":{"h":3.0,"on_route":false},"geometry":{"type":"Polygon","coordinates":[[[6.980963,4.821323],[6.980959,4.821374],[6.980849,4.821365],[6.980853,4.821314],[6.980963,4.821323]]]}},{"type":"Feature","properties":{"h":3.0,"on_route":false},"geometry":{"type":"Polygon","coordinates":[[[6.979965,4.820855],[6.979874,4.820865],[6.979863,4.820769],[6.979954,4.820759],[6.979965,4.820855]]]}},{"type":"Feature","properties":{"h":3.0,"on_route":false},"geometry":{"type":"Polygon","coordinates":[[[6.980059,4.826404],[6.980033,4.826516],[6.979904,4.826487],[6.979929,4.826374],[6.980059,4.826404]]]}},{"type":"Feature","properties":{"h":3.0,"on_route":false},"geometry":{"type":"Polygon","coordinates":[[[6.975739,4.820723],[6.975649,4.820772],[6.97556,4.82061],[6.97565,4.82056],[6.975739,4.820723]]]}},{"type":"Feature","properties":{"h":3.0,"on_route":false},"geometry":{"type":"Polygon","coordinates":[[[6.980778,4.823148],[6.980771,4.823184],[6.980719,4.823173],[6.980727,4.823137],[6.980778,4.823148]]]}},{"type":"Feature","properties":{"h":3.0,"on_route":false},"geometry":{"type":"Polygon","coordinates":[[[6.980694,4.824808],[6.980689,4.82488],[6.98054,4.824871],[6.980544,4.824799],[6.980694,4.824808]]]}},{"type":"Feature","properties":{"h":3.0,"on_route":false},"geometry":{"type":"Polygon","coordinates":[[[6.977084,4.819203],[6.976876,4.819219],[6.976868,4.819105],[6.977076,4.819089],[6.977084,4.819203]]]}},{"type":"Feature","properties":{"h":3.0,"on_route":false},"geometry":{"type":"Polygon","coordinates":[[[6.979687,4.822455],[6.979674,4.822516],[6.979634,4.822508],[6.979647,4.822447],[6.979687,4.822455]]]}},{"type":"Feature","properties":{"h":3.0,"on_route":false},"geometry":{"type":"Polygon","coordinates":[[[6.977701,4.819548],[6.977683,4.819661],[6.977457,4.819624],[6.977475,4.819511],[6.977701,4.819548]]]}},{"type":"Feature","properties":{"h":3.0,"on_route":false},"geometry":{"type":"Polygon","coordinates":[[[6.98066,4.821776],[6.980653,4.821825],[6.980403,4.821788],[6.98041,4.82174],[6.98066,4.821776]]]}},{"type":"Feature","properties":{"h":3.0,"on_route":false},"geometry":{"type":"Polygon","coordinates":[[[6.979089,4.826048],[6.979057,4.826166],[6.978937,4.826133],[6.978969,4.826016],[6.979089,4.826048]]]}},{"type":"Feature","properties":{"h":3.0,"on_route":false},"geometry":{"type":"Polygon","coordinates":[[[6.980303,4.822771],[6.980285,4.822851],[6.980061,4.822801],[6.980079,4.822721],[6.980303,4.822771]]]}},{"type":"Feature","properties":{"h":3.0,"on_route":false},"geometry":{"type":"Polygon","coordinates":[[[6.975838,4.821838],[6.975791,4.821825],[6.975836,4.821653],[6.975883,4.821665],[6.975838,4.821838]]]}},{"type":"Feature","properties":{"h":3.0,"on_route":false},"geometry":{"type":"Polygon","coordinates":[[[6.975238,4.820606],[6.975237,4.820626],[6.97527,4.820628],[6.975267,4.820681],[6.975163,4.820676],[6.975167,4.820603],[6.975238,4.820606]]]}},{"type":"Feature","properties":{"h":3.0,"on_route":false},"geometry":{"type":"Polygon","coordinates":[[[6.975242,4.821021],[6.97524,4.821039],[6.97538,4.821055],[6.975365,4.821186],[6.975148,4.821161],[6.975165,4.821013],[6.975242,4.821021]]]}},{"type":"Feature","properties":{"h":3.0,"on_route":false},"geometry":{"type":"Polygon","coordinates":[[[6.981291,4.823628],[6.981284,4.823657],[6.981433,4.823697],[6.981421,4.823743],[6.981311,4.823714],[6.981301,4.823753],[6.981193,4.823724],[6.981224,4.82361],[6.981291,4.823628]]]}},{"type":"Feature","properties":{"h":3.0,"on_route":false},"geometry":{"type":"Polygon","coordinates":[[[6.98135,4.823252],[6.981346,4.8233],[6.981326,4.823298],[6.981331,4.82325],[6.98135,4.823252]]]}},{"type":"Feature","properties":{"h":3.0,"on_route":false},"geometry":{"type":"Polygon","coordinates":[[[6.975492,4.826752],[6.975493,4.826775],[6.975555,4.826772],[6.975559,4.826867],[6.975497,4.826869],[6.975498,4.826894],[6.975448,4.826896],[6.975443,4.826754],[6.975492,4.826752]]]}},{"type":"Feature","properties":{"h":3.0,"on_route":false},"geometry":{"type":"Polygon","coordinates":[[[6.974583,4.821755],[6.974534,4.821885],[6.974503,4.821873],[6.974511,4.821853],[6.974332,4.821786],[6.974373,4.821676],[6.974583,4.821755]]]}},{"type":"Feature","properties":{"h":3.0,"on_route":false},"geometry":{"type":"Polygon","coordinates":[[[6.975734,4.820429],[6.975749,4.82056],[6.975669,4.82057],[6.975654,4.820438],[6.975734,4.820429]]]}},{"type":"Feature","properties":{"h":3.0,"on_route":false},"geometry":{"type":"Polygon","coordinates":[[[6.975088,4.821078],[6.975083,4.821173],[6.975036,4.821171],[6.975041,4.821076],[6.975088,4.821078]]]}},{"type":"Feature","properties":{"h":3.0,"on_route":false},"geometry":{"type":"Polygon","coordinates":[[[6.978123,4.821308],[6.978111,4.821358],[6.978045,4.821342],[6.978057,4.821292],[6.978123,4.821308]]]}},{"type":"Feature","properties":{"h":3.0,"on_route":false},"geometry":{"type":"Polygon","coordinates":[[[6.976175,4.822882],[6.976148,4.822971],[6.976055,4.822943],[6.976082,4.822854],[6.976175,4.822882]]]}},{"type":"Feature","properties":{"h":3.0,"on_route":false},"geometry":{"type":"Polygon","coordinates":[[[6.975388,4.820896],[6.975373,4.821048],[6.975272,4.821038],[6.975288,4.820886],[6.975388,4.820896]]]}},{"type":"Feature","properties":{"h":3.0,"on_route":false},"geometry":{"type":"Polygon","coordinates":[[[6.975085,4.820367],[6.975073,4.820471],[6.97491,4.820452],[6.974922,4.820348],[6.975085,4.820367]]]}},{"type":"Feature","properties":{"h":3.0,"on_route":false},"geometry":{"type":"Polygon","coordinates":[[[6.981096,4.822058],[6.981038,4.822062],[6.981033,4.821998],[6.980977,4.822003],[6.980972,4.821936],[6.981086,4.821927],[6.981096,4.822058]]]}},{"type":"Feature","properties":{"h":3.0,"on_route":false},"geometry":{"type":"Polygon","coordinates":[[[6.980077,4.82421],[6.98008,4.824239],[6.979888,4.824259],[6.979879,4.824171],[6.980241,4.824134],[6.980248,4.824193],[6.980077,4.82421]]]}},{"type":"Feature","properties":{"h":3.0,"on_route":false},"geometry":{"type":"Polygon","coordinates":[[[6.974825,4.820918],[6.974817,4.821053],[6.974791,4.821051],[6.9748,4.820916],[6.974825,4.820918]]]}},{"type":"Feature","properties":{"h":3.0,"on_route":false},"geometry":{"type":"Polygon","coordinates":[[[6.979317,4.825632],[6.979307,4.825696],[6.979255,4.825687],[6.979265,4.825624],[6.979317,4.825632]]]}},{"type":"Feature","properties":{"h":3.0,"on_route":false},"geometry":{"type":"Polygon","coordinates":[[[6.977039,4.821496],[6.976895,4.821515],[6.976871,4.821333],[6.977016,4.821314],[6.977039,4.821496]]]}},{"type":"Feature","properties":{"h":3.0,"on_route":false},"geometry":{"type":"Polygon","coordinates":[[[6.974729,4.820463],[6.974715,4.820514],[6.974658,4.820497],[6.974672,4.820447],[6.974729,4.820463]]]}},{"type":"Feature","properties":{"h":3.0,"on_route":false},"geometry":{"type":"Polygon","coordinates":[[[6.973506,4.824211],[6.973454,4.82424],[6.973406,4.824156],[6.973458,4.824127],[6.973506,4.824211]]]}},{"type":"Feature","properties":{"h":3.0,"on_route":false},"geometry":{"type":"Polygon","coordinates":[[[6.980692,4.820765],[6.980689,4.820918],[6.980582,4.820916],[6.980585,4.820762],[6.980692,4.820765]]]}},{"type":"Feature","properties":{"h":3.0,"on_route":false},"geometry":{"type":"Polygon","coordinates":[[[6.975173,4.823795],[6.975166,4.823846],[6.975125,4.82384],[6.975132,4.823789],[6.975173,4.823795]]]}},{"type":"Feature","properties":{"h":3.0,"on_route":false},"geometry":{"type":"Polygon","coordinates":[[[6.975375,4.825044],[6.975285,4.825053],[6.975269,4.824896],[6.975359,4.824887],[6.975375,4.825044]]]}},{"type":"Feature","properties":{"h":3.0,"on_route":false},"geometry":{"type":"Polygon","coordinates":[[[6.980856,4.825194],[6.980865,4.825264],[6.980811,4.825272],[6.980801,4.825202],[6.980856,4.825194]]]}},{"type":"Feature","properties":{"h":3.0,"on_route":false},"geometry":{"type":"Polygon","coordinates":[[[6.979726,4.822213],[6.979724,4.822261],[6.979594,4.822255],[6.979596,4.822207],[6.979726,4.822213]]]}},{"type":"Feature","properties":{"h":3.0,"on_route":false},"geometry":{"type":"Polygon","coordinates":[[[6.975681,4.825404],[6.975965,4.825477],[6.975958,4.825504],[6.97593,4.825497],[6.975914,4.825562],[6.975658,4.825495],[6.975681,4.825404]]]}},{"type":"Feature","properties":{"h":3.0,"on_route":false},"geometry":{"type":"Polygon","coordinates":[[[6.975924,4.82343],[6.975841,4.823873],[6.975772,4.82386],[6.975854,4.823417],[6.975924,4.82343]]]}},{"type":"Feature","properties":{"h":3.0,"on_route":false},"geometry":{"type":"Polygon","coordinates":[[[6.979945,4.825379],[6.979936,4.825424],[6.979898,4.825417],[6.979906,4.825372],[6.979945,4.825379]]]}},{"type":"Feature","properties":{"h":3.0,"on_route":false},"geometry":{"type":"Polygon","coordinates":[[[6.974815,4.823129],[6.974803,4.823201],[6.974757,4.823193],[6.974769,4.823121],[6.974815,4.823129]]]}},{"type":"Feature","properties":{"h":3.0,"on_route":false},"geometry":{"type":"Polygon","coordinates":[[[6.973654,4.82396],[6.973477,4.82398],[6.97347,4.823916],[6.973647,4.823896],[6.973654,4.82396]]]}},{"type":"Feature","properties":{"h":3.0,"on_route":false},"geometry":{"type":"Polygon","coordinates":[[[6.980263,4.822953],[6.980253,4.822994],[6.980121,4.822964],[6.98013,4.822923],[6.980263,4.822953]]]}},{"type":"Feature","properties":{"h":3.0,"on_route":true},"geometry":{"type":"Polygon","coordinates":[[[6.979094,4.820684],[6.979021,4.820706],[6.979013,4.820681],[6.979086,4.820659],[6.979094,4.820684]]]}},{"type":"Feature","properties":{"h":3.0,"on_route":false},"geometry":{"type":"Polygon","coordinates":[[[6.974154,4.824122],[6.974141,4.824246],[6.974075,4.824239],[6.974088,4.824115],[6.974154,4.824122]]]}},{"type":"Feature","properties":{"h":3.0,"on_route":false},"geometry":{"type":"Polygon","coordinates":[[[6.975076,4.825846],[6.975068,4.825918],[6.975014,4.825911],[6.975022,4.82584],[6.975076,4.825846]]]}},{"type":"Feature","properties":{"h":3.0,"on_route":false},"geometry":{"type":"Polygon","coordinates":[[[6.973527,4.823427],[6.973469,4.823435],[6.973459,4.823358],[6.973517,4.82335],[6.973527,4.823427]]]}},{"type":"Feature","properties":{"h":3.0,"on_route":false},"geometry":{"type":"Polygon","coordinates":[[[6.973678,4.823639],[6.973575,4.82366],[6.973565,4.823608],[6.973667,4.823588],[6.973678,4.823639]]]}},{"type":"Feature","properties":{"h":3.0,"on_route":false},"geometry":{"type":"Polygon","coordinates":[[[6.974402,4.824454],[6.974368,4.824455],[6.974368,4.824507],[6.974219,4.824507],[6.974219,4.824481],[6.974144,4.824481],[6.974144,4.824313],[6.974401,4.824312],[6.974402,4.824454]]]}},{"type":"Feature","properties":{"h":3.0,"on_route":false},"geometry":{"type":"Polygon","coordinates":[[[6.975902,4.820993],[6.975885,4.821081],[6.975828,4.82107],[6.975845,4.820982],[6.975902,4.820993]]]}},{"type":"Feature","properties":{"h":3.0,"on_route":false},"geometry":{"type":"Polygon","coordinates":[[[6.975564,4.819918],[6.975379,4.819963],[6.975355,4.819867],[6.97554,4.819822],[6.975564,4.819918]]]}},{"type":"Feature","properties":{"h":3.0,"on_route":false},"geometry":{"type":"Polygon","coordinates":[[[6.980344,4.82264],[6.98034,4.822685],[6.980522,4.822703],[6.980527,4.822658],[6.980632,4.822669],[6.980628,4.822714],[6.980654,4.822716],[6.98065,4.822762],[6.980301,4.822727],[6.98031,4.822637],[6.980344,4.82264]]]}},{"type":"Feature","properties":{"h":3.0,"on_route":false},"geometry":{"type":"Polygon","coordinates":[[[6.978378,4.820974],[6.978382,4.82103],[6.978322,4.821035],[6.978318,4.820979],[6.978378,4.820974]]]}},{"type":"Feature","properties":{"h":3.0,"on_route":false},"geometry":{"type":"Polygon","coordinates":[[[6.973828,4.824215],[6.973767,4.824222],[6.973763,4.824184],[6.973824,4.824178],[6.973828,4.824215]]]}},{"type":"Feature","properties":{"h":3.0,"on_route":false},"geometry":{"type":"Polygon","coordinates":[[[6.977914,4.825701],[6.977894,4.825778],[6.977588,4.825698],[6.977608,4.825622],[6.977914,4.825701]]]}},{"type":"Feature","properties":{"h":3.0,"on_route":false},"geometry":{"type":"Polygon","coordinates":[[[6.97672,4.820358],[6.976646,4.82037],[6.976624,4.820223],[6.976698,4.820212],[6.97672,4.820358]]]}},{"type":"Feature","properties":{"h":3.0,"on_route":false},"geometry":{"type":"Polygon","coordinates":[[[6.980914,4.823063],[6.980903,4.82311],[6.9808,4.823085],[6.980811,4.823038],[6.980914,4.823063]]]}},{"type":"Feature","properties":{"h":3.0,"on_route":false},"geometry":{"type":"Polygon","coordinates":[[[6.980475,4.822319],[6.98047,4.822394],[6.980314,4.822384],[6.980319,4.822309],[6.980475,4.822319]]]}},{"type":"Feature","properties":{"h":3.0,"on_route":false},"geometry":{"type":"Polygon","coordinates":[[[6.974266,4.822448],[6.97426,4.822495],[6.974187,4.822485],[6.974193,4.822438],[6.974266,4.822448]]]}},{"type":"Feature","properties":{"h":3.0,"on_route":false},"geometry":{"type":"Polygon","coordinates":[[[6.980472,4.820752],[6.980477,4.820796],[6.98041,4.820804],[6.980405,4.820759],[6.980472,4.820752]]]}},{"type":"Feature","properties":{"h":3.0,"on_route":false},"geometry":{"type":"Polygon","coordinates":[[[6.974088,4.824115],[6.974078,4.824212],[6.973883,4.824191],[6.973893,4.824094],[6.974088,4.824115]]]}},{"type":"Feature","properties":{"h":3.0,"on_route":false},"geometry":{"type":"Polygon","coordinates":[[[6.98051,4.821596],[6.980496,4.821659],[6.980456,4.82165],[6.98047,4.821587],[6.98051,4.821596]]]}},{"type":"Feature","properties":{"h":3.0,"on_route":false},"geometry":{"type":"Polygon","coordinates":[[[6.980777,4.821271],[6.980768,4.821398],[6.980651,4.821389],[6.98066,4.821263],[6.980777,4.821271]]]}},{"type":"Feature","properties":{"h":3.0,"on_route":false},"geometry":{"type":"Polygon","coordinates":[[[6.980449,4.823141],[6.980418,4.823234],[6.980236,4.823172],[6.980267,4.82308],[6.980449,4.823141]]]}},{"type":"Feature","properties":{"h":3.0,"on_route":false},"geometry":{"type":"Polygon","coordinates":[[[6.978338,4.821258],[6.978314,4.821349],[6.978108,4.821295],[6.978132,4.821204],[6.978338,4.821258]]]}},{"type":"Feature","properties":{"h":3.0,"on_route":false},"geometry":{"type":"Polygon","coordinates":[[[6.975371,4.822315],[6.975345,4.822435],[6.975137,4.82239],[6.975163,4.822269],[6.975371,4.822315]]]}},{"type":"Feature","properties":{"h":3.0,"on_route":false},"geometry":{"type":"Polygon","coordinates":[[[6.978353,4.826821],[6.978342,4.826859],[6.978281,4.826841],[6.978292,4.826804],[6.978353,4.826821]]]}},{"type":"Feature","properties":{"h":3.0,"on_route":false},"geometry":{"type":"Polygon","coordinates":[[[6.975218,4.820522],[6.975214,4.820605],[6.975167,4.820603],[6.975171,4.820519],[6.975218,4.820522]]]}},{"type":"Feature","properties":{"h":3.0,"on_route":false},"geometry":{"type":"Polygon","coordinates":[[[6.975071,4.824056],[6.975058,4.824181],[6.974992,4.824174],[6.974996,4.824141],[6.974966,4.824138],[6.974976,4.824045],[6.975071,4.824056]]]}},{"type":"Feature","properties":{"h":3.0,"on_route":false},"geometry":{"type":"Polygon","coordinates":[[[6.98074,4.821182],[6.980732,4.821276],[6.980657,4.82127],[6.980665,4.821176],[6.98074,4.821182]]]}},{"type":"Feature","properties":{"h":3.0,"on_route":false},"geometry":{"type":"Polygon","coordinates":[[[6.97382,4.821748],[6.973798,4.821814],[6.973611,4.82175],[6.973633,4.821684],[6.97382,4.821748]]]}},{"type":"Feature","properties":{"h":3.0,"on_route":false},"geometry":{"type":"Polygon","coordinates":[[[6.976714,4.824619],[6.976636,4.824841],[6.976583,4.824822],[6.976661,4.8246],[6.976714,4.824619]]]}},{"type":"Feature","properties":{"h":3.0,"on_route":false},"geometry":{"type":"Polygon","coordinates":[[[6.977002,4.821056],[6.976956,4.82107],[6.976962,4.821091],[6.976876,4.821117],[6.976821,4.820935],[6.976953,4.820895],[6.977002,4.821056]]]}},{"type":"Feature","properties":{"h":3.0,"on_route":false},"geometry":{"type":"Polygon","coordinates":[[[6.980903,4.825382],[6.980742,4.825399],[6.980737,4.82536],[6.980899,4.825343],[6.980903,4.825382]]]}},{"type":"Feature","properties":{"h":3.0,"on_route":false},"geometry":{"type":"Polygon","coordinates":[[[6.979075,4.826972],[6.978968,4.827225],[6.978889,4.827191],[6.978944,4.827061],[6.978863,4.827026],[6.978915,4.826903],[6.979075,4.826972]]]}},{"type":"Feature","properties":{"h":3.0,"on_route":false},"geometry":{"type":"Polygon","coordinates":[[[6.973785,4.823716],[6.973549,4.823764],[6.973537,4.823704],[6.973773,4.823656],[6.973785,4.823716]]]}},{"type":"Feature","properties":{"h":3.0,"on_route":false},"geometry":{"type":"Polygon","coordinates":[[[6.976302,4.82545],[6.976293,4.8255],[6.976238,4.825491],[6.976247,4.82544],[6.976302,4.82545]]]}},{"type":"Feature","properties":{"h":3.0,"on_route":false},"geometry":{"type":"Polygon","coordinates":[[[6.975099,4.825618],[6.975088,4.825719],[6.975034,4.825713],[6.97503,4.825746],[6.974975,4.82574],[6.974979,4.825707],[6.974799,4.825687],[6.974811,4.825585],[6.975099,4.825618]]]}},{"type":"Feature","properties":{"h":3.0,"on_route":false},"geometry":{"type":"Polygon","coordinates":[[[6.976827,4.825592],[6.976787,4.82569],[6.976733,4.825667],[6.976773,4.82557],[6.976827,4.825592]]]}},{"type":"Feature","properties":{"h":3.0,"on_route":false},"geometry":{"type":"Polygon","coordinates":[[[6.979952,4.826093],[6.979943,4.826164],[6.979899,4.826158],[6.979908,4.826087],[6.979952,4.826093]]]}},{"type":"Feature","properties":{"h":3.0,"on_route":false},"geometry":{"type":"Polygon","coordinates":[[[6.975308,4.821478],[6.975333,4.821487],[6.975268,4.821659],[6.975243,4.82165],[6.975235,4.821672],[6.975033,4.821596],[6.975106,4.821401],[6.975202,4.821438],[6.975218,4.821394],[6.975324,4.821434],[6.975308,4.821478]]]}},{"type":"Feature","properties":{"h":3.0,"on_route":false},"geometry":{"type":"Polygon","coordinates":[[[6.980664,4.823927],[6.980661,4.823976],[6.980714,4.82398],[6.980709,4.824065],[6.98055,4.824055],[6.980558,4.823921],[6.980664,4.823927]]]}},{"type":"Feature","properties":{"h":3.0,"on_route":false},"geometry":{"type":"Polygon","coordinates":[[[6.977656,4.827364],[6.977613,4.827565],[6.977484,4.827538],[6.977527,4.827336],[6.977656,4.827364]]]}},{"type":"Feature","properties":{"h":3.0,"on_route":false},"geometry":{"type":"Polygon","coordinates":[[[6.980067,4.824514],[6.980085,4.824581],[6.980039,4.824593],[6.980021,4.824526],[6.980067,4.824514]]]}},{"type":"Feature","properties":{"h":3.0,"on_route":false},"geometry":{"type":"Polygon","coordinates":[[[6.976173,4.825205],[6.976127,4.825325],[6.976083,4.825308],[6.976129,4.825188],[6.976173,4.825205]]]}},{"type":"Feature","properties":{"h":3.0,"on_route":false},"geometry":{"type":"Polygon","coordinates":[[[6.973416,4.824636],[6.973345,4.824666],[6.973306,4.824573],[6.973377,4.824544],[6.973416,4.824636]]]}},{"type":"Feature","properties":{"h":3.0,"on_route":false},"geometry":{"type":"Polygon","coordinates":[[[6.978201,4.825487],[6.978186,4.825542],[6.978119,4.825523],[6.978134,4.825469],[6.978201,4.825487]]]}},{"type":"Feature","properties":{"h":3.0,"on_route":false},"geometry":{"type":"Polygon","coordinates":[[[6.981302,4.822413],[6.981304,4.822449],[6.981264,4.822451],[6.981262,4.822416],[6.981302,4.822413]]]}},{"type":"Feature","properties":{"h":3.0,"on_route":false},"geometry":{"type":"Polygon","coordinates":[[[6.976794,4.821317],[6.976766,4.82132],[6.976774,4.821388],[6.976727,4.821394],[6.976719,4.821321],[6.976793,4.821313],[6.976794,4.821317]]]}},{"type":"Feature","properties":{"h":3.0,"on_route":false},"geometry":{"type":"Polygon","coordinates":[[[6.977729,4.81967],[6.977716,4.819782],[6.977653,4.819774],[6.977667,4.819662],[6.977729,4.81967]]]}},{"type":"Feature","properties":{"h":3.0,"on_route":false},"geometry":{"type":"Polygon","coordinates":[[[6.975666,4.8229],[6.975644,4.823014],[6.975438,4.822973],[6.975461,4.822859],[6.975666,4.8229]]]}},{"type":"Feature","properties":{"h":3.0,"on_route":false},"geometry":{"type":"Polygon","coordinates":[[[6.975311,4.821192],[6.9753,4.821272],[6.975137,4.821249],[6.975148,4.821169],[6.975311,4.821192]]]}},{"type":"Feature","properties":{"h":3.0,"on_route":false},"geometry":{"type":"Polygon","coordinates":[[[6.974399,4.820842],[6.974362,4.820943],[6.974251,4.820902],[6.974288,4.820801],[6.974399,4.820842]]]}},{"type":"Feature","properties":{"h":3.0,"on_route":false},"geometry":{"type":"Polygon","coordinates":[[[6.974181,4.823993],[6.974179,4.82403],[6.97415,4.824029],[6.974153,4.823991],[6.974181,4.823993]]]}},{"type":"Feature","properties":{"h":3.0,"on_route":false},"geometry":{"type":"Polygon","coordinates":[[[6.975004,4.820627],[6.974959,4.820757],[6.974863,4.820724],[6.974909,4.820593],[6.975004,4.820627]]]}},{"type":"Feature","properties":{"h":3.0,"on_route":false},"geometry":{"type":"Polygon","coordinates":[[[6.981353,4.82333],[6.981346,4.823415],[6.981203,4.823403],[6.98121,4.823318],[6.981353,4.82333]]]}},{"type":"Feature","properties":{"h":3.0,"on_route":false},"geometry":{"type":"Polygon","coordinates":[[[6.977831,4.822157],[6.977826,4.82218],[6.977857,4.822188],[6.977863,4.822164],[6.977993,4.822197],[6.977957,4.822338],[6.97771,4.822276],[6.977745,4.822135],[6.977831,4.822157]]]}},{"type":"Feature","properties":{"h":3.0,"on_route":false},"geometry":{"type":"Polygon","coordinates":[[[6.973623,4.822227],[6.973588,4.822446],[6.97349,4.82243],[6.973525,4.822212],[6.973623,4.822227]]]}},{"type":"Feature","properties":{"h":3.0,"on_route":false},"geometry":{"type":"Polygon","coordinates":[[[6.976638,4.824883],[6.9766,4.824981],[6.976385,4.824897],[6.976424,4.824799],[6.976638,4.824883]]]}},{"type":"Feature","properties":{"h":3.0,"on_route":false},"geometry":{"type":"Polygon","coordinates":[[[6.977153,4.821589],[6.977487,4.821617],[6.977481,4.821688],[6.977148,4.82166],[6.977153,4.821589]]]}},{"type":"Feature","properties":{"h":3.0,"on_route":false},"geometry":{"type":"Polygon","coordinates":[[[6.980865,4.822058],[6.980868,4.822106],[6.980698,4.822116],[6.980695,4.822067],[6.980865,4.822058]]]}},{"type":"Feature","properties":{"h":3.0,"on_route":false},"geometry":{"type":"Polygon","coordinates":[[[6.974834,4.820698],[6.974821,4.820735],[6.974576,4.820643],[6.974589,4.820607],[6.974834,4.820698]]]}},{"type":"Feature","properties":{"h":3.0,"on_route":false},"geometry":{"type":"Polygon","coordinates":[[[6.97798,4.820314],[6.977972,4.820397],[6.977941,4.820394],[6.97795,4.820311],[6.97798,4.820314]]]}},{"type":"Feature","properties":{"h":3.0,"on_route":false},"geometry":{"type":"Polygon","coordinates":[[[6.975372,4.822098],[6.97534,4.822192],[6.975248,4.82216],[6.975281,4.822066],[6.975372,4.822098]]]}},{"type":"Feature","properties":{"h":3.0,"on_route":false},"geometry":{"type":"Polygon","coordinates":[[[6.975949,4.819521],[6.975953,4.819561],[6.975895,4.819567],[6.975891,4.819528],[6.975949,4.819521]]]}},{"type":"Feature","properties":{"h":3.0,"on_route":false},"geometry":{"type":"Polygon","coordinates":[[[6.976999,4.822881],[6.976992,4.822904],[6.977152,4.822955],[6.977116,4.823067],[6.977091,4.823059],[6.977046,4.823199],[6.976769,4.823109],[6.976772,4.823098],[6.976644,4.823057],[6.976717,4.822828],[6.976737,4.822835],[6.976748,4.8228],[6.976999,4.822881]]]}},{"type":"Feature","properties":{"h":3.0,"on_route":false},"geometry":{"type":"Polygon","coordinates":[[[6.973896,4.825309],[6.973881,4.825315],[6.973943,4.825452],[6.973694,4.825565],[6.973678,4.825529],[6.973638,4.825547],[6.973567,4.825389],[6.97387,4.825252],[6.973896,4.825309]]]}},{"type":"Feature","properties":{"h":3.0,"on_route":false},"geometry":{"type":"Polygon","coordinates":[[[6.975058,4.821342],[6.975039,4.821396],[6.974917,4.821355],[6.974909,4.82138],[6.974759,4.82133],[6.974785,4.82125],[6.975058,4.821342]]]}},{"type":"Feature","properties":{"h":3.0,"on_route":false},"geometry":{"type":"Polygon","coordinates":[[[6.980463,4.825457],[6.980467,4.825502],[6.98041,4.825507],[6.980407,4.825462],[6.980463,4.825457]]]}},{"type":"Feature","properties":{"h":3.0,"on_route":false},"geometry":{"type":"Polygon","coordinates":[[[6.980276,4.825537],[6.980273,4.825627],[6.980075,4.825621],[6.980078,4.825531],[6.980276,4.825537]]]}},{"type":"Feature","properties":{"h":3.0,"on_route":false},"geometry":{"type":"Polygon","coordinates":[[[6.976947,4.819232],[6.976941,4.819471],[6.976809,4.819468],[6.976816,4.819229],[6.976947,4.819232]]]}},{"type":"Feature","properties":{"h":3.0,"on_route":false},"geometry":{"type":"Polygon","coordinates":[[[6.980477,4.820433],[6.980409,4.820484],[6.980365,4.820424],[6.980433,4.820373],[6.980477,4.820433]]]}},{"type":"Feature","properties":{"h":3.0,"on_route":false},"geometry":{"type":"Polygon","coordinates":[[[6.976844,4.825206],[6.976806,4.825199],[6.976833,4.825049],[6.976871,4.825056],[6.976844,4.825206]]]}},{"type":"Feature","properties":{"h":3.0,"on_route":false},"geometry":{"type":"Polygon","coordinates":[[[6.97954,4.82205],[6.979532,4.822143],[6.979491,4.82214],[6.979499,4.822046],[6.97954,4.82205]]]}},{"type":"Feature","properties":{"h":3.0,"on_route":false},"geometry":{"type":"Polygon","coordinates":[[[6.981508,4.82404],[6.981465,4.824153],[6.981422,4.824137],[6.981431,4.824113],[6.981405,4.824103],[6.981382,4.824163],[6.981335,4.824146],[6.981349,4.824109],[6.981318,4.824098],[6.98136,4.823985],[6.981508,4.82404]]]}},{"type":"Feature","properties":{"h":3.0,"on_route":false},"geometry":{"type":"Polygon","coordinates":[[[6.979926,4.822212],[6.979901,4.822368],[6.979804,4.822352],[6.979829,4.822197],[6.979926,4.822212]]]}},{"type":"Feature","properties":{"h":3.0,"on_route":false},"geometry":{"type":"Polygon","coordinates":[[[6.980292,4.822259],[6.9803,4.822403],[6.980154,4.822411],[6.980146,4.822267],[6.980292,4.822259]]]}},{"type":"Feature","properties":{"h":3.0,"on_route":false},"geometry":{"type":"Polygon","coordinates":[[[6.977548,4.821343],[6.977543,4.82141],[6.977373,4.821396],[6.977379,4.821329],[6.977548,4.821343]]]}},{"type":"Feature","properties":{"h":3.0,"on_route":false},"geometry":{"type":"Polygon","coordinates":[[[6.980715,4.822435],[6.980708,4.82253],[6.980622,4.822524],[6.980629,4.822428],[6.980715,4.822435]]]}},{"type":"Feature","properties":{"h":3.0,"on_route":false},"geometry":{"type":"Polygon","coordinates":[[[6.973504,4.823773],[6.973289,4.823817],[6.973276,4.823757],[6.973418,4.823728],[6.973416,4.823719],[6.973447,4.823712],[6.973449,4.823722],[6.973491,4.823713],[6.973504,4.823773]]]}},{"type":"Feature","properties":{"h":3.0,"on_route":false},"geometry":{"type":"Polygon","coordinates":[[[6.975709,4.82476],[6.975652,4.824763],[6.975644,4.824604],[6.975701,4.824601],[6.975709,4.82476]]]}},{"type":"Feature","properties":{"h":3.0,"on_route":false},"geometry":{"type":"Polygon","coordinates":[[[6.980774,4.821938],[6.980771,4.822003],[6.980793,4.822004],[6.98079,4.822055],[6.980673,4.822048],[6.980679,4.821933],[6.980774,4.821938]]]}},{"type":"Feature","properties":{"h":3.0,"on_route":false},"geometry":{"type":"Polygon","coordinates":[[[6.975369,4.824879],[6.975271,4.82489],[6.975243,4.824654],[6.975341,4.824642],[6.975369,4.824879]]]}},{"type":"Feature","properties":{"h":3.0,"on_route":false},"geometry":{"type":"Polygon","coordinates":[[[6.973898,4.822137],[6.973891,4.822224],[6.973743,4.822213],[6.973749,4.822125],[6.973898,4.822137]]]}},{"type":"Feature","properties":{"h":3.0,"on_route":false},"geometry":{"type":"Polygon","coordinates":[[[6.978113,4.827342],[6.978107,4.827391],[6.978062,4.827386],[6.978068,4.827336],[6.978113,4.827342]]]}},{"type":"Feature","properties":{"h":3.0,"on_route":false},"geometry":{"type":"Polygon","coordinates":[[[6.975691,4.824782],[6.975695,4.824831],[6.975627,4.824836],[6.975624,4.824787],[6.975691,4.824782]]]}},{"type":"Feature","properties":{"h":3.0,"on_route":false},"geometry":{"type":"Polygon","coordinates":[[[6.978343,4.826335],[6.978319,4.826394],[6.978215,4.826352],[6.97824,4.826292],[6.978343,4.826335]]]}},{"type":"Feature","properties":{"h":3.0,"on_route":false},"geometry":{"type":"Polygon","coordinates":[[[6.979053,4.825771],[6.979029,4.825914],[6.978968,4.825904],[6.978992,4.825761],[6.979053,4.825771]]]}},{"type":"Feature","properties":{"h":3.0,"on_route":false},"geometry":{"type":"Polygon","coordinates":[[[6.977856,4.826939],[6.977923,4.826722],[6.978139,4.826791],[6.978117,4.826862],[6.977969,4.826814],[6.977924,4.82696],[6.977856,4.826939]]]}},{"type":"Feature","properties":{"h":3.0,"on_route":false},"geometry":{"type":"Polygon","coordinates":[[[6.977114,4.821862],[6.977151,4.821951],[6.977117,4.821965],[6.97708,4.821876],[6.977114,4.821862]]]}},{"type":"Feature","properties":{"h":3.0,"on_route":false},"geometry":{"type":"Polygon","coordinates":[[[6.977299,4.827104],[6.97729,4.827238],[6.977215,4.827232],[6.977225,4.827098],[6.977299,4.827104]]]}},{"type":"Feature","properties":{"h":3.0,"on_route":false},"geometry":{"type":"Polygon","coordinates":[[[6.974224,4.822836],[6.974227,4.822884],[6.974176,4.822887],[6.974174,4.822839],[6.974224,4.822836]]]}},{"type":"Feature","properties":{"h":3.0,"on_route":false},"geometry":{"type":"Polygon","coordinates":[[[6.978821,4.823386],[6.978762,4.823394],[6.978759,4.823373],[6.978818,4.823365],[6.978821,4.823386]]]}},{"type":"Feature","properties":{"h":3.0,"on_route":false},"geometry":{"type":"Polygon","coordinates":[[[6.976427,4.820138],[6.976433,4.820184],[6.976378,4.820191],[6.976372,4.820145],[6.976427,4.820138]]]}},{"type":"Feature","properties":{"h":3.0,"on_route":false},"geometry":{"type":"Polygon","coordinates":[[[6.98013,4.821849],[6.980111,4.821947],[6.980099,4.821944],[6.980081,4.822039],[6.980019,4.822027],[6.980056,4.821834],[6.98013,4.821849]]]}},{"type":"Feature","properties":{"h":3.0,"on_route":false},"geometry":{"type":"Polygon","coordinates":[[[6.975045,4.822124],[6.975146,4.82213],[6.975145,4.822155],[6.975298,4.822165],[6.975295,4.822214],[6.975156,4.822204],[6.975146,4.822352],[6.975031,4.822345],[6.975045,4.822124]]]}},{"type":"Feature","properties":{"h":3.0,"on_route":false},"geometry":{"type":"Polygon","coordinates":[[[6.973563,4.822155],[6.973559,4.822202],[6.973483,4.822196],[6.973487,4.822149],[6.973563,4.822155]]]}},{"type":"Feature","properties":{"h":3.0,"on_route":false},"geometry":{"type":"Polygon","coordinates":[[[6.9755,4.825938],[6.975767,4.825999],[6.975755,4.826051],[6.975488,4.82599],[6.9755,4.825938]]]}},{"type":"Feature","properties":{"h":3.0,"on_route":false},"geometry":{"type":"Polygon","coordinates":[[[6.980494,4.824483],[6.980435,4.82448],[6.980438,4.824428],[6.980497,4.824431],[6.980494,4.824483]]]}},{"type":"Feature","properties":{"h":3.0,"on_route":false},"geometry":{"type":"Polygon","coordinates":[[[6.978123,4.825728],[6.978092,4.825838],[6.97802,4.825818],[6.978051,4.825707],[6.978123,4.825728]]]}},{"type":"Feature","properties":{"h":3.0,"on_route":false},"geometry":{"type":"Polygon","coordinates":[[[6.979449,4.825719],[6.979435,4.82581],[6.979241,4.825779],[6.979255,4.825689],[6.979449,4.825719]]]}},{"type":"Feature","properties":{"h":3.0,"on_route":false},"geometry":{"type":"Polygon","coordinates":[[[6.981407,4.822086],[6.981326,4.82208],[6.981323,4.822128],[6.981347,4.822129],[6.981338,4.822269],[6.98127,4.822264],[6.981272,4.822236],[6.98129,4.822237],[6.981297,4.822133],[6.981279,4.822132],[6.981286,4.822029],[6.981329,4.822032],[6.981331,4.822001],[6.981355,4.822002],[6.981353,4.822034],[6.98141,4.822038],[6.981407,4.822086]]]}},{"type":"Feature","properties":{"h":3.0,"on_route":false},"geometry":{"type":"Polygon","coordinates":[[[6.980505,4.82135],[6.980458,4.821347],[6.980455,4.821387],[6.980404,4.821384],[6.980412,4.821262],[6.98051,4.821268],[6.980505,4.82135]]]}},{"type":"Feature","properties":{"h":3.0,"on_route":false},"geometry":{"type":"Polygon","coordinates":[[[6.980535,4.822803],[6.980511,4.822904],[6.98042,4.822882],[6.980444,4.822781],[6.980535,4.822803]]]}},{"type":"Feature","properties":{"h":3.0,"on_route":false},"geometry":{"type":"Polygon","coordinates":[[[6.975945,4.823313],[6.975924,4.82343],[6.975854,4.823417],[6.975864,4.823364],[6.975846,4.823361],[6.975858,4.823296],[6.975945,4.823313]]]}},{"type":"Feature","properties":{"h":3.0,"on_route":false},"geometry":{"type":"Polygon","coordinates":[[[6.980826,4.821448],[6.980684,4.821437],[6.980687,4.82139],[6.980779,4.821398],[6.980786,4.821309],[6.980837,4.821313],[6.980826,4.821448]]]}},{"type":"Feature","properties":{"h":3.0,"on_route":false},"geometry":{"type":"Polygon","coordinates":[[[6.976163,4.826458],[6.976158,4.826482],[6.976179,4.826486],[6.976156,4.826613],[6.976096,4.826602],[6.976115,4.826497],[6.976092,4.826493],[6.9761,4.826446],[6.976163,4.826458]]]}},{"type":"Feature","properties":{"h":3.0,"on_route":false},"geometry":{"type":"Polygon","coordinates":[[[6.98022,4.820688],[6.980074,4.82072],[6.980067,4.82069],[6.980214,4.820658],[6.98022,4.820688]]]}},{"type":"Feature","properties":{"h":3.0,"on_route":false},"geometry":{"type":"Polygon","coordinates":[[[6.976959,4.82054],[6.976936,4.82054],[6.976937,4.820579],[6.976887,4.820579],[6.976881,4.820071],[6.976953,4.82007],[6.976959,4.82054]]]}},{"type":"Feature","properties":{"h":3.0,"on_route":false},"geometry":{"type":"Polygon","coordinates":[[[6.9788,4.826089],[6.978762,4.826233],[6.978669,4.826209],[6.978706,4.826065],[6.9788,4.826089]]]}},{"type":"Feature","properties":{"h":3.0,"on_route":false},"geometry":{"type":"Polygon","coordinates":[[[6.976487,4.827348],[6.976421,4.827357],[6.976413,4.827299],[6.976479,4.82729],[6.976487,4.827348]]]}},{"type":"Feature","properties":{"h":3.0,"on_route":true},"geometry":{"type":"Polygon","coordinates":[[[6.979369,4.821679],[6.979327,4.821682],[6.979325,4.821655],[6.979271,4.821658],[6.979264,4.821559],[6.97936,4.821552],[6.979369,4.821679]]]}},{"type":"Feature","properties":{"h":3.0,"on_route":false},"geometry":{"type":"Polygon","coordinates":[[[6.978028,4.82701],[6.978001,4.8271],[6.977823,4.827046],[6.977851,4.826955],[6.978028,4.82701]]]}},{"type":"Feature","properties":{"h":3.0,"on_route":false},"geometry":{"type":"Polygon","coordinates":[[[6.980691,4.824725],[6.980688,4.824769],[6.980635,4.824765],[6.980638,4.824722],[6.980691,4.824725]]]}},{"type":"Feature","properties":{"h":3.0,"on_route":false},"geometry":{"type":"Polygon","coordinates":[[[6.979865,4.82537],[6.979842,4.825493],[6.979595,4.825445],[6.979618,4.825323],[6.979865,4.82537]]]}},{"type":"Feature","properties":{"h":3.0,"on_route":false},"geometry":{"type":"Polygon","coordinates":[[[6.976118,4.824402],[6.976115,4.824438],[6.976089,4.824435],[6.976086,4.824465],[6.975988,4.824456],[6.975994,4.82439],[6.976118,4.824402]]]}},{"type":"Feature","properties":{"h":3.0,"on_route":false},"geometry":{"type":"Polygon","coordinates":[[[6.975769,4.82329],[6.97575,4.823411],[6.975693,4.823403],[6.975711,4.823281],[6.975769,4.82329]]]}},{"type":"Feature","properties":{"h":3.0,"on_route":false},"geometry":{"type":"Polygon","coordinates":[[[6.980706,4.821455],[6.980678,4.821564],[6.980606,4.821545],[6.980635,4.821435],[6.980706,4.821455]]]}},{"type":"Feature","properties":{"h":3.0,"on_route":false},"geometry":{"type":"Polygon","coordinates":[[[6.973431,4.823642],[6.973284,4.823702],[6.973265,4.823654],[6.973412,4.823594],[6.973431,4.823642]]]}},{"type":"Feature","properties":{"h":3.0,"on_route":false},"geometry":{"type":"Polygon","coordinates":[[[6.975399,4.825767],[6.975393,4.825795],[6.975419,4.8258],[6.975413,4.825828],[6.975324,4.825808],[6.975335,4.825753],[6.975399,4.825767]]]}},{"type":"Feature","properties":{"h":3.0,"on_route":false},"geometry":{"type":"Polygon","coordinates":[[[6.975946,4.825171],[6.975936,4.82522],[6.975798,4.825192],[6.975808,4.825143],[6.975946,4.825171]]]}},{"type":"Feature","properties":{"h":3.0,"on_route":false},"geometry":{"type":"Polygon","coordinates":[[[6.980412,4.825037],[6.980394,4.825212],[6.9803,4.825201],[6.980306,4.825141],[6.980328,4.825143],[6.98034,4.82503],[6.980412,4.825037]]]}},{"type":"Feature","properties":{"h":3.0,"on_route":false},"geometry":{"type":"Polygon","coordinates":[[[6.975314,4.825928],[6.975288,4.826164],[6.975133,4.826146],[6.97516,4.825911],[6.975314,4.825928]]]}},{"type":"Feature","properties":{"h":3.0,"on_route":false},"geometry":{"type":"Polygon","coordinates":[[[6.975797,4.82122],[6.975789,4.821273],[6.975693,4.821257],[6.975701,4.821205],[6.975797,4.82122]]]}},{"type":"Feature","properties":{"h":3.0,"on_route":false},"geometry":{"type":"Polygon","coordinates":[[[6.976351,4.827273],[6.976207,4.827298],[6.97619,4.827198],[6.976334,4.827174],[6.976351,4.827273]]]}},{"type":"Feature","properties":{"h":3.0,"on_route":false},"geometry":{"type":"Polygon","coordinates":[[[6.975115,4.82406],[6.975112,4.82408],[6.97522,4.824092],[6.975207,4.824213],[6.975056,4.824196],[6.975071,4.824056],[6.975115,4.82406]]]}},{"type":"Feature","properties":{"h":3.0,"on_route":false},"geometry":{"type":"Polygon","coordinates":[[[6.974012,4.822743],[6.974006,4.822819],[6.973948,4.822815],[6.973953,4.822739],[6.974012,4.822743]]]}},{"type":"Feature","properties":{"h":3.0,"on_route":false},"geometry":{"type":"Polygon","coordinates":[[[6.976079,4.824493],[6.976074,4.824579],[6.975954,4.824571],[6.975959,4.824485],[6.976079,4.824493]]]}},{"type":"Feature","properties":{"h":3.0,"on_route":false},"geometry":{"type":"Polygon","coordinates":[[[6.975518,4.823859],[6.975509,4.823928],[6.975459,4.823921],[6.975468,4.823852],[6.975518,4.823859]]]}},{"type":"Feature","properties":{"h":3.0,"on_route":false},"geometry":{"type":"Polygon","coordinates":[[[6.981337,4.823969],[6.981325,4.824013],[6.981281,4.824],[6.981294,4.823957],[6.981337,4.823969]]]}},{"type":"Feature","properties":{"h":3.0,"on_route":false},"geometry":{"type":"Polygon","coordinates":[[[6.976122,4.8226],[6.976113,4.82263],[6.976056,4.822612],[6.976065,4.822583],[6.976122,4.8226]]]}},{"type":"Feature","properties":{"h":3.0,"on_route":false},"geometry":{"type":"Polygon","coordinates":[[[6.975456,4.821259],[6.975438,4.821336],[6.975338,4.821313],[6.975356,4.821236],[6.975456,4.821259]]]}},{"type":"Feature","properties":{"h":3.0,"on_route":false},"geometry":{"type":"Polygon","coordinates":[[[6.977747,4.824451],[6.977719,4.824588],[6.977667,4.824578],[6.977695,4.82444],[6.977747,4.824451]]]}},{"type":"Feature","properties":{"h":3.0,"on_route":false},"geometry":{"type":"Polygon","coordinates":[[[6.977131,4.827322],[6.977131,4.827346],[6.977261,4.82735],[6.977258,4.827448],[6.977182,4.827446],[6.977181,4.827469],[6.977089,4.827466],[6.977094,4.827321],[6.977131,4.827322]]]}},{"type":"Feature","properties":{"h":3.0,"on_route":false},"geometry":{"type":"Polygon","coordinates":[[[6.980572,4.821091],[6.980469,4.821104],[6.980447,4.820923],[6.98055,4.82091],[6.980572,4.821091]]]}},{"type":"Feature","properties":{"h":3.0,"on_route":false},"geometry":{"type":"Polygon","coordinates":[[[6.975818,4.825867],[6.975791,4.825997],[6.975545,4.825944],[6.975573,4.825815],[6.975818,4.825867]]]}},{"type":"Feature","properties":{"h":3.0,"on_route":false},"geometry":{"type":"Polygon","coordinates":[[[6.978804,4.827127],[6.978795,4.827173],[6.978716,4.827156],[6.978726,4.827111],[6.978804,4.827127]]]}},{"type":"Feature","properties":{"h":3.0,"on_route":false},"geometry":{"type":"Polygon","coordinates":[[[6.979603,4.82591],[6.979575,4.826089],[6.979488,4.826075],[6.979516,4.825896],[6.979603,4.82591]]]}},{"type":"Feature","properties":{"h":3.0,"on_route":false},"geometry":{"type":"Polygon","coordinates":[[[6.978984,4.82088],[6.978793,4.820935],[6.97877,4.820855],[6.978961,4.8208],[6.978984,4.82088]]]}},{"type":"Feature","properties":{"h":3.0,"on_route":false},"geometry":{"type":"Polygon","coordinates":[[[6.976782,4.819916],[6.976696,4.819919],[6.976692,4.819827],[6.976778,4.819823],[6.976782,4.819916]]]}},{"type":"Feature","properties":{"h":3.0,"on_route":false},"geometry":{"type":"Polygon","coordinates":[[[6.975609,4.820434],[6.97564,4.820552],[6.975569,4.820571],[6.975538,4.820453],[6.975609,4.820434]]]}},{"type":"Feature","properties":{"h":3.0,"on_route":false},"geometry":{"type":"Polygon","coordinates":[[[6.97924,4.825372],[6.979227,4.82541],[6.979174,4.825392],[6.979187,4.825354],[6.97924,4.825372]]]}},{"type":"Feature","properties":{"h":3.0,"on_route":false},"geometry":{"type":"Polygon","coordinates":[[[6.977537,4.819022],[6.977543,4.819095],[6.977467,4.819101],[6.977461,4.819027],[6.977537,4.819022]]]}},{"type":"Feature","properties":{"h":3.0,"on_route":false},"geometry":{"type":"Polygon","coordinates":[[[6.981561,4.823301],[6.981363,4.823315],[6.981359,4.823249],[6.981557,4.823236],[6.981561,4.823301]]]}},{"type":"Feature","properties":{"h":3.0,"on_route":true},"geometry":{"type":"Polygon","coordinates":[[[6.979077,4.820854],[6.979096,4.82089],[6.979146,4.820864],[6.979186,4.82094],[6.979135,4.820966],[6.979155,4.821004],[6.979121,4.821022],[6.979079,4.820941],[6.97906,4.820951],[6.979024,4.820882],[6.979077,4.820854]]]}},{"type":"Feature","properties":{"h":3.0,"on_route":false},"geometry":{"type":"Polygon","coordinates":[[[6.976257,4.821819],[6.976246,4.821879],[6.976227,4.821875],[6.976181,4.822118],[6.976089,4.822101],[6.976147,4.821798],[6.976257,4.821819]]]}},{"type":"Feature","properties":{"h":3.0,"on_route":false},"geometry":{"type":"Polygon","coordinates":[[[6.977969,4.826919],[6.977981,4.82688],[6.97804,4.826898],[6.978029,4.826937],[6.978052,4.826944],[6.978064,4.826905],[6.978099,4.826916],[6.978073,4.827002],[6.977925,4.826957],[6.977939,4.82691],[6.977969,4.826919]]]}},{"type":"Feature","properties":{"h":3.0,"on_route":false},"geometry":{"type":"Polygon","coordinates":[[[6.977071,4.819575],[6.977066,4.819622],[6.977008,4.819615],[6.977013,4.819568],[6.977071,4.819575]]]}},{"type":"Feature","properties":{"h":3.0,"on_route":false},"geometry":{"type":"Polygon","coordinates":[[[6.975001,4.824726],[6.974836,4.824738],[6.974828,4.824614],[6.974993,4.824602],[6.975001,4.824726]]]}},{"type":"Feature","properties":{"h":3.0,"on_route":false},"geometry":{"type":"Polygon","coordinates":[[[6.980051,4.821016],[6.979969,4.821026],[6.97997,4.821039],[6.979935,4.821043],[6.979919,4.82091],[6.979974,4.820904],[6.979971,4.820878],[6.980035,4.82087],[6.980051,4.821016]]]}},{"type":"Feature","properties":{"h":3.0,"on_route":false},"geometry":{"type":"Polygon","coordinates":[[[6.975366,4.822989],[6.975341,4.823119],[6.975233,4.823099],[6.975239,4.823068],[6.975194,4.82306],[6.975213,4.82296],[6.975366,4.822989]]]}},{"type":"Feature","properties":{"h":3.0,"on_route":false},"geometry":{"type":"Polygon","coordinates":[[[6.9747,4.822913],[6.974694,4.82297],[6.974646,4.822965],[6.974652,4.822908],[6.9747,4.822913]]]}},{"type":"Feature","properties":{"h":3.0,"on_route":false},"geometry":{"type":"Polygon","coordinates":[[[6.973593,4.824284],[6.973532,4.824289],[6.973528,4.824241],[6.973589,4.824236],[6.973593,4.824284]]]}},{"type":"Feature","properties":{"h":3.0,"on_route":false},"geometry":{"type":"Polygon","coordinates":[[[6.980933,4.824942],[6.980953,4.825172],[6.98084,4.825182],[6.980839,4.825167],[6.980833,4.825167],[6.980827,4.8251],[6.980873,4.825096],[6.98087,4.82507],[6.980831,4.825073],[6.98082,4.824952],[6.980933,4.824942]]]}},{"type":"Feature","properties":{"h":3.0,"on_route":true},"geometry":{"type":"Polygon","coordinates":[[[6.979933,4.819697],[6.97991,4.819713],[6.979881,4.819671],[6.979904,4.819655],[6.979933,4.819697]]]}},{"type":"Feature","properties":{"h":3.0,"on_route":false},"geometry":{"type":"Polygon","coordinates":[[[6.981314,4.823459],[6.981295,4.823555],[6.981206,4.823536],[6.981225,4.82344],[6.981314,4.823459]]]}},{"type":"Feature","properties":{"h":3.0,"on_route":false},"geometry":{"type":"Polygon","coordinates":[[[6.973949,4.824231],[6.973951,4.82427],[6.973886,4.824273],[6.973885,4.824234],[6.973949,4.824231]]]}},{"type":"Feature","properties":{"h":3.0,"on_route":false},"geometry":{"type":"Polygon","coordinates":[[[6.977766,4.819526],[6.977675,4.819515],[6.977681,4.819462],[6.977703,4.819464],[6.977707,4.819423],[6.977749,4.819428],[6.977753,4.81939],[6.977781,4.819393],[6.977766,4.819526]]]}},{"type":"Feature","properties":{"h":3.0,"on_route":false},"geometry":{"type":"Polygon","coordinates":[[[6.975362,4.821216],[6.975355,4.821273],[6.97531,4.821268],[6.975316,4.821211],[6.975362,4.821216]]]}},{"type":"Feature","properties":{"h":3.0,"on_route":false},"geometry":{"type":"Polygon","coordinates":[[[6.97539,4.821878],[6.975383,4.8219],[6.975458,4.821926],[6.975413,4.822055],[6.97521,4.821983],[6.975263,4.821833],[6.97539,4.821878]]]}},{"type":"Feature","properties":{"h":3.0,"on_route":false},"geometry":{"type":"Polygon","coordinates":[[[6.980385,4.82542],[6.980382,4.825522],[6.980198,4.825516],[6.980201,4.825414],[6.980385,4.82542]]]}},{"type":"Feature","properties":{"h":3.0,"on_route":false},"geometry":{"type":"Polygon","coordinates":[[[6.974171,4.823786],[6.974161,4.823844],[6.974118,4.823838],[6.974127,4.82378],[6.974171,4.823786]]]}},{"type":"Feature","properties":{"h":3.0,"on_route":false},"geometry":{"type":"Polygon","coordinates":[[[6.980359,4.824543],[6.980217,4.824588],[6.980177,4.824462],[6.980319,4.824417],[6.980359,4.824543]]]}},{"type":"Feature","properties":{"h":3.0,"on_route":false},"geometry":{"type":"Polygon","coordinates":[[[6.974385,4.825502],[6.974324,4.825609],[6.974259,4.825572],[6.974284,4.825528],[6.974242,4.825504],[6.974278,4.825441],[6.974385,4.825502]]]}},{"type":"Feature","properties":{"h":3.0,"on_route":false},"geometry":{"type":"Polygon","coordinates":[[[6.9745,4.820564],[6.974454,4.820677],[6.974268,4.8206],[6.974314,4.820488],[6.9745,4.820564]]]}},{"type":"Feature","properties":{"h":3.0,"on_route":false},"geometry":{"type":"Polygon","coordinates":[[[6.974518,4.823217],[6.974487,4.823362],[6.974324,4.823327],[6.97433,4.823296],[6.974313,4.823292],[6.974325,4.823236],[6.974342,4.82324],[6.974355,4.823182],[6.974518,4.823217]]]}},{"type":"Feature","properties":{"h":3.0,"on_route":false},"geometry":{"type":"Polygon","coordinates":[[[6.976817,4.82513],[6.976752,4.825302],[6.976753,4.825302],[6.976741,4.825335],[6.976612,4.825286],[6.976689,4.825082],[6.976817,4.82513]]]}},{"type":"Feature","properties":{"h":3.0,"on_route":false},"geometry":{"type":"Polygon","coordinates":[[[6.974628,4.823683],[6.974549,4.823888],[6.97444,4.823845],[6.974519,4.823641],[6.974628,4.823683]]]}},{"type":"Feature","properties":{"h":3.0,"on_route":false},"geometry":{"type":"Polygon","coordinates":[[[6.975258,4.820899],[6.975247,4.820999],[6.975163,4.82099],[6.975174,4.82089],[6.975258,4.820899]]]}},{"type":"Feature","properties":{"h":3.0,"on_route":false},"geometry":{"type":"Polygon","coordinates":[[[6.975052,4.823427],[6.975046,4.823457],[6.974989,4.823447],[6.974995,4.823416],[6.975052,4.823427]]]}},{"type":"Feature","properties":{"h":3.0,"on_route":false},"geometry":{"type":"Polygon","coordinates":[[[6.974399,4.824673],[6.974292,4.824693],[6.974277,4.82461],[6.974384,4.82459],[6.974399,4.824673]]]}},{"type":"Feature","properties":{"h":3.0,"on_route":false},"geometry":{"type":"Polygon","coordinates":[[[6.976417,4.820224],[6.976433,4.820292],[6.976528,4.82027],[6.976525,4.820257],[6.976578,4.820245],[6.976607,4.820371],[6.97636,4.820428],[6.976318,4.820247],[6.976417,4.820224]]]}},{"type":"Feature","properties":{"h":3.0,"on_route":false},"geometry":{"type":"Polygon","coordinates":[[[6.978458,4.826103],[6.978373,4.826317],[6.978267,4.826275],[6.978352,4.826061],[6.978458,4.826103]]]}},{"type":"Feature","properties":{"h":3.0,"on_route":false},"geometry":{"type":"Polygon","coordinates":[[[6.980588,4.824462],[6.980706,4.824456],[6.98071,4.824523],[6.980592,4.824528],[6.980588,4.824462]]]}},{"type":"Feature","properties":{"h":3.0,"on_route":false},"geometry":{"type":"Polygon","coordinates":[[[6.978933,4.824279],[6.978921,4.824339],[6.978881,4.824331],[6.978893,4.824271],[6.978933,4.824279]]]}},{"type":"Feature","properties":{"h":3.0,"on_route":false},"geometry":{"type":"Polygon","coordinates":[[[6.976263,4.822894],[6.976257,4.822935],[6.976207,4.822928],[6.976212,4.822888],[6.976263,4.822894]]]}},{"type":"Feature","properties":{"h":3.0,"on_route":false},"geometry":{"type":"Polygon","coordinates":[[[6.975839,4.820852],[6.975819,4.820897],[6.975757,4.820871],[6.975777,4.820825],[6.975839,4.820852]]]}},{"type":"Feature","properties":{"h":3.0,"on_route":false},"geometry":{"type":"Polygon","coordinates":[[[6.976572,4.822621],[6.976534,4.822753],[6.976367,4.822704],[6.976405,4.822572],[6.976572,4.822621]]]}},{"type":"Feature","properties":{"h":3.0,"on_route":false},"geometry":{"type":"Polygon","coordinates":[[[6.980565,4.821951],[6.980559,4.822038],[6.980494,4.822033],[6.9805,4.821947],[6.980565,4.821951]]]}},{"type":"Feature","properties":{"h":3.0,"on_route":false},"geometry":{"type":"Polygon","coordinates":[[[6.973723,4.822448],[6.973718,4.822494],[6.973638,4.822485],[6.973643,4.822439],[6.973723,4.822448]]]}},{"type":"Feature","properties":{"h":3.0,"on_route":false},"geometry":{"type":"Polygon","coordinates":[[[6.980651,4.823369],[6.980614,4.823485],[6.980448,4.823431],[6.980485,4.823314],[6.980651,4.823369]]]}},{"type":"Feature","properties":{"h":3.0,"on_route":false},"geometry":{"type":"Polygon","coordinates":[[[6.981002,4.820928],[6.980941,4.820943],[6.980925,4.820877],[6.980985,4.820862],[6.981002,4.820928]]]}},{"type":"Feature","properties":{"h":3.0,"on_route":false},"geometry":{"type":"Polygon","coordinates":[[[6.980433,4.822977],[6.980422,4.823063],[6.980383,4.823058],[6.980294,4.823046],[6.980305,4.82296],[6.980433,4.822977]]]}},{"type":"Feature","properties":{"h":3.0,"on_route":false},"geometry":{"type":"Polygon","coordinates":[[[6.979837,4.821068],[6.979781,4.821086],[6.979794,4.821124],[6.979746,4.82114],[6.979693,4.820975],[6.979795,4.820941],[6.979837,4.821068]]]}},{"type":"Feature","properties":{"h":3.0,"on_route":false},"geometry":{"type":"Polygon","coordinates":[[[6.973837,4.824094],[6.973555,4.824116],[6.973545,4.82399],[6.973828,4.823967],[6.973837,4.824094]]]}},{"type":"Feature","properties":{"h":3.0,"on_route":false},"geometry":{"type":"Polygon","coordinates":[[[6.975845,4.820982],[6.975822,4.821101],[6.975723,4.821082],[6.975738,4.821003],[6.97577,4.821009],[6.975778,4.820969],[6.975845,4.820982]]]}},{"type":"Feature","properties":{"h":3.0,"on_route":false},"geometry":{"type":"Polygon","coordinates":[[[6.981455,4.821867],[6.981463,4.821921],[6.981359,4.821935],[6.981352,4.821882],[6.981455,4.821867]]]}},{"type":"Feature","properties":{"h":3.0,"on_route":false},"geometry":{"type":"Polygon","coordinates":[[[6.980543,4.825667],[6.980547,4.825724],[6.980607,4.825719],[6.980605,4.825693],[6.980662,4.825688],[6.98067,4.825788],[6.980512,4.825801],[6.980507,4.825727],[6.98045,4.825732],[6.980445,4.825675],[6.980543,4.825667]]]}},{"type":"Feature","properties":{"h":3.0,"on_route":false},"geometry":{"type":"Polygon","coordinates":[[[6.980325,4.820748],[6.980343,4.820911],[6.980256,4.820921],[6.980247,4.820846],[6.980283,4.820842],[6.980273,4.820754],[6.980325,4.820748]]]}},{"type":"Feature","properties":{"h":3.0,"on_route":false},"geometry":{"type":"Polygon","coordinates":[[[6.977127,4.822193],[6.97711,4.822237],[6.97703,4.822207],[6.977047,4.822162],[6.977127,4.822193]]]}},{"type":"Feature","properties":{"h":3.0,"on_route":false},"geometry":{"type":"Polygon","coordinates":[[[6.979158,4.826207],[6.979122,4.826365],[6.979019,4.826341],[6.979056,4.826183],[6.979158,4.826207]]]}},{"type":"Feature","properties":{"h":3.0,"on_route":false},"geometry":{"type":"Polygon","coordinates":[[[6.975397,4.820774],[6.975389,4.820874],[6.975298,4.820866],[6.975306,4.820767],[6.975397,4.820774]]]}},{"type":"Feature","properties":{"h":3.0,"on_route":false},"geometry":{"type":"Polygon","coordinates":[[[6.974253,4.821661],[6.974235,4.821723],[6.974197,4.821711],[6.974216,4.82165],[6.974253,4.821661]]]}},{"type":"Feature","properties":{"h":3.0,"on_route":true},"geometry":{"type":"Polygon","coordinates":[[[6.979663,4.821204],[6.97961,4.821221],[6.979604,4.821201],[6.979523,4.821227],[6.979485,4.821106],[6.979618,4.821063],[6.979663,4.821204]]]}},{"type":"Feature","properties":{"h":3.0,"on_route":false},"geometry":{"type":"Polygon","coordinates":[[[6.979215,4.824699],[6.979196,4.824799],[6.978986,4.824757],[6.979006,4.824657],[6.979215,4.824699]]]}},{"type":"Feature","properties":{"h":3.0,"on_route":false},"geometry":{"type":"Polygon","coordinates":[[[6.973905,4.823636],[6.973939,4.823525],[6.974166,4.823594],[6.974135,4.823696],[6.974,4.823655],[6.974005,4.823638],[6.973983,4.823631],[6.973975,4.823657],[6.973905,4.823636]]]}},{"type":"Feature","properties":{"h":3.0,"on_route":false},"geometry":{"type":"Polygon","coordinates":[[[6.979791,4.82613],[6.979777,4.826205],[6.979524,4.826158],[6.979537,4.826084],[6.979791,4.82613]]]}},{"type":"Feature","properties":{"h":3.0,"on_route":false},"geometry":{"type":"Polygon","coordinates":[[[6.980061,4.820729],[6.979952,4.820742],[6.979943,4.820659],[6.980052,4.820646],[6.980061,4.820729]]]}},{"type":"Feature","properties":{"h":3.0,"on_route":false},"geometry":{"type":"Polygon","coordinates":[[[6.97661,4.821073],[6.976615,4.821091],[6.976651,4.821083],[6.976678,4.821199],[6.976544,4.82123],[6.976513,4.821095],[6.97661,4.821073]]]}},{"type":"Feature","properties":{"h":3.0,"on_route":false},"geometry":{"type":"Polygon","coordinates":[[[6.975874,4.820427],[6.975882,4.820553],[6.975762,4.820561],[6.975754,4.820435],[6.975874,4.820427]]]}},{"type":"Feature","properties":{"h":3.0,"on_route":false},"geometry":{"type":"Polygon","coordinates":[[[6.974416,4.821132],[6.974381,4.82122],[6.974141,4.821124],[6.974176,4.821036],[6.974416,4.821132]]]}},{"type":"Feature","properties":{"h":3.0,"on_route":false},"geometry":{"type":"Polygon","coordinates":[[[6.980139,4.822211],[6.980119,4.822381],[6.980036,4.822371],[6.980057,4.822201],[6.980139,4.822211]]]}},{"type":"Feature","properties":{"h":3.0,"on_route":false},"geometry":{"type":"Polygon","coordinates":[[[6.98038,4.821118],[6.98028,4.821129],[6.980256,4.820921],[6.980356,4.82091],[6.98038,4.821118]]]}},{"type":"Feature","properties":{"h":3.0,"on_route":false},"geometry":{"type":"Polygon","coordinates":[[[6.978646,4.825417],[6.978635,4.825483],[6.978508,4.825462],[6.978519,4.825396],[6.978646,4.825417]]]}},{"type":"Feature","properties":{"h":3.0,"on_route":false},"geometry":{"type":"Polygon","coordinates":[[[6.976935,4.819935],[6.976905,4.819937],[6.9769,4.819887],[6.97693,4.819884],[6.976935,4.819935]]]}},{"type":"Feature","properties":{"h":3.0,"on_route":false},"geometry":{"type":"Polygon","coordinates":[[[6.979795,4.821489],[6.979783,4.821631],[6.979694,4.821623],[6.979706,4.821482],[6.979795,4.821489]]]}},{"type":"Feature","properties":{"h":3.0,"on_route":false},"geometry":{"type":"Polygon","coordinates":[[[6.975722,4.819472],[6.975733,4.819604],[6.975684,4.819608],[6.975673,4.819476],[6.975722,4.819472]]]}},{"type":"Feature","properties":{"h":3.0,"on_route":false},"geometry":{"type":"Polygon","coordinates":[[[6.977333,4.826236],[6.977265,4.826407],[6.977058,4.826324],[6.977085,4.826259],[6.97711,4.826269],[6.977152,4.826163],[6.977333,4.826236]]]}},{"type":"Feature","properties":{"h":3.0,"on_route":true},"geometry":{"type":"Polygon","coordinates":[[[6.979409,4.821123],[6.979333,4.821133],[6.979326,4.821082],[6.979403,4.821073],[6.979409,4.821123]]]}},{"type":"Feature","properties":{"h":3.0,"on_route":false},"geometry":{"type":"Polygon","coordinates":[[[6.977424,4.821903],[6.977416,4.821958],[6.977368,4.821951],[6.977377,4.821896],[6.977424,4.821903]]]}},{"type":"Feature","properties":{"h":3.0,"on_route":false},"geometry":{"type":"Polygon","coordinates":[[[6.979284,4.825506],[6.97927,4.825596],[6.979175,4.825581],[6.97917,4.825608],[6.979124,4.8256],[6.979143,4.825483],[6.979284,4.825506]]]}},{"type":"Feature","properties":{"h":3.0,"on_route":false},"geometry":{"type":"Polygon","coordinates":[[[6.97964,4.821266],[6.979645,4.821317],[6.979557,4.821326],[6.979551,4.821276],[6.97964,4.821266]]]}},{"type":"Feature","properties":{"h":3.0,"on_route":false},"geometry":{"type":"Polygon","coordinates":[[[6.9802,4.826125],[6.980184,4.82625],[6.980225,4.826255],[6.980212,4.826351],[6.980203,4.82635],[6.980196,4.826406],[6.980084,4.826391],[6.980091,4.826335],[6.980113,4.826338],[6.980141,4.826117],[6.9802,4.826125]]]}},{"type":"Feature","properties":{"h":3.0,"on_route":false},"geometry":{"type":"Polygon","coordinates":[[[6.977475,4.819239],[6.977265,4.819254],[6.977256,4.819131],[6.977466,4.819116],[6.977475,4.819239]]]}},{"type":"Feature","properties":{"h":3.0,"on_route":false},"geometry":{"type":"Polygon","coordinates":[[[6.975706,4.826997],[6.975705,4.827087],[6.975451,4.827083],[6.975452,4.826993],[6.975706,4.826997]]]}},{"type":"Feature","properties":{"h":3.0,"on_route":false},"geometry":{"type":"Polygon","coordinates":[[[6.976452,4.827253],[6.976369,4.827257],[6.976361,4.827107],[6.976444,4.827102],[6.976452,4.827253]]]}},{"type":"Feature","properties":{"h":3.0,"on_route":false},"geometry":{"type":"Polygon","coordinates":[[[6.975507,4.823973],[6.975502,4.824037],[6.975452,4.824033],[6.975456,4.82397],[6.975507,4.823973]]]}},{"type":"Feature","properties":{"h":3.0,"on_route":false},"geometry":{"type":"Polygon","coordinates":[[[6.980832,4.823398],[6.980801,4.823531],[6.980689,4.823505],[6.980695,4.823482],[6.980633,4.823468],[6.980659,4.823358],[6.980832,4.823398]]]}},{"type":"Feature","properties":{"h":3.0,"on_route":false},"geometry":{"type":"Polygon","coordinates":[[[6.973511,4.824046],[6.973471,4.824068],[6.973441,4.824013],[6.97348,4.823991],[6.973511,4.824046]]]}},{"type":"Feature","properties":{"h":3.0,"on_route":false},"geometry":{"type":"Polygon","coordinates":[[[6.977199,4.823097],[6.977182,4.823138],[6.977123,4.823114],[6.97714,4.823072],[6.977199,4.823097]]]}},{"type":"Feature","properties":{"h":3.0,"on_route":false},"geometry":{"type":"Polygon","coordinates":[[[6.976326,4.825979],[6.976289,4.826121],[6.97611,4.826074],[6.976148,4.825932],[6.976326,4.825979]]]}},{"type":"Feature","properties":{"h":3.0,"on_route":false},"geometry":{"type":"Polygon","coordinates":[[[6.981031,4.823292],[6.981003,4.823422],[6.980892,4.823398],[6.980921,4.823268],[6.981031,4.823292]]]}},{"type":"Feature","properties":{"h":3.0,"on_route":false},"geometry":{"type":"Polygon","coordinates":[[[6.978026,4.82645],[6.97794,4.8266],[6.977845,4.826546],[6.97793,4.826396],[6.978026,4.82645]]]}},{"type":"Feature","properties":{"h":3.0,"on_route":false},"geometry":{"type":"Polygon","coordinates":[[[6.978858,4.82224],[6.978851,4.82232],[6.978718,4.822308],[6.978725,4.822228],[6.978858,4.82224]]]}},{"type":"Feature","properties":{"h":3.0,"on_route":false},"geometry":{"type":"Polygon","coordinates":[[[6.975818,4.823187],[6.975811,4.823232],[6.975712,4.823217],[6.975719,4.823173],[6.975818,4.823187]]]}},{"type":"Feature","properties":{"h":3.0,"on_route":false},"geometry":{"type":"Polygon","coordinates":[[[6.97976,4.826615],[6.979727,4.826794],[6.979645,4.826779],[6.979665,4.826667],[6.979461,4.826629],[6.979473,4.826562],[6.97976,4.826615]]]}},{"type":"Feature","properties":{"h":3.0,"on_route":false},"geometry":{"type":"Polygon","coordinates":[[[6.974042,4.824965],[6.974026,4.825022],[6.973898,4.824985],[6.973914,4.824928],[6.974042,4.824965]]]}},{"type":"Feature","properties":{"h":3.0,"on_route":false},"geometry":{"type":"Polygon","coordinates":[[[6.978759,4.826891],[6.978674,4.827062],[6.978576,4.827013],[6.978661,4.826842],[6.978759,4.826891]]]}},{"type":"Feature","properties":{"h":3.0,"on_route":false},"geometry":{"type":"Polygon","coordinates":[[[6.979616,4.822464],[6.97961,4.822522],[6.979561,4.822517],[6.979567,4.822459],[6.979616,4.822464]]]}},{"type":"Feature","properties":{"h":3.0,"on_route":false},"geometry":{"type":"Polygon","coordinates":[[[6.97865,4.82493],[6.978609,4.825175],[6.978455,4.825149],[6.978497,4.824904],[6.97865,4.82493]]]}},{"type":"Feature","properties":{"h":3.0,"on_route":false},"geometry":{"type":"Polygon","coordinates":[[[6.975015,4.822368],[6.974968,4.822597],[6.974864,4.822576],[6.974912,4.822347],[6.975015,4.822368]]]}},{"type":"Feature","properties":{"h":3.0,"on_route":false},"geometry":{"type":"Polygon","coordinates":[[[6.97617,4.823222],[6.97616,4.823266],[6.976048,4.823241],[6.976057,4.823197],[6.97617,4.823222]]]}},{"type":"Feature","properties":{"h":3.0,"on_route":false},"geometry":{"type":"Polygon","coordinates":[[[6.980103,4.823913],[6.980095,4.824028],[6.980217,4.824037],[6.980215,4.824056],[6.980238,4.824057],[6.980233,4.824127],[6.980188,4.824124],[6.98019,4.824092],[6.979859,4.824068],[6.979864,4.824011],[6.979976,4.82402],[6.97998,4.823964],[6.979868,4.823955],[6.979872,4.823896],[6.980103,4.823913]]]}},{"type":"Feature","properties":{"h":3.0,"on_route":false},"geometry":{"type":"Polygon","coordinates":[[[6.975776,4.826699],[6.975773,4.826763],[6.975743,4.826761],[6.975742,4.826806],[6.975567,4.826799],[6.975572,4.826691],[6.975776,4.826699]]]}},{"type":"Feature","properties":{"h":3.0,"on_route":false},"geometry":{"type":"Polygon","coordinates":[[[6.976091,4.822101],[6.97605,4.822323],[6.975952,4.822305],[6.975992,4.822083],[6.976091,4.822101]]]}},{"type":"Feature","properties":{"h":3.0,"on_route":false},"geometry":{"type":"Polygon","coordinates":[[[6.975681,4.826159],[6.975669,4.826212],[6.975582,4.826192],[6.975594,4.826139],[6.975681,4.826159]]]}},{"type":"Feature","properties":{"h":3.0,"on_route":false},"geometry":{"type":"Polygon","coordinates":[[[6.973436,4.824094],[6.973374,4.824131],[6.973329,4.824055],[6.973391,4.824018],[6.973436,4.824094]]]}},{"type":"Feature","properties":{"h":3.0,"on_route":false},"geometry":{"type":"Polygon","coordinates":[[[6.976589,4.820931],[6.976475,4.820969],[6.976511,4.821076],[6.976326,4.821137],[6.976297,4.82105],[6.976378,4.821023],[6.976371,4.821004],[6.976346,4.821013],[6.976321,4.820941],[6.976344,4.820933],[6.976327,4.820882],[6.976548,4.820808],[6.976589,4.820931]]]}},{"type":"Feature","properties":{"h":3.0,"on_route":false},"geometry":{"type":"Polygon","coordinates":[[[6.979398,4.824499],[6.979247,4.824481],[6.979277,4.824233],[6.979363,4.824243],[6.979367,4.82421],[6.979432,4.824217],[6.979398,4.824499]]]}},{"type":"Feature","properties":{"h":3.0,"on_route":false},"geometry":{"type":"Polygon","coordinates":[[[6.980153,4.823755],[6.980148,4.823817],[6.980092,4.823812],[6.980097,4.82375],[6.980153,4.823755]]]}},{"type":"Feature","properties":{"h":3.0,"on_route":false},"geometry":{"type":"Polygon","coordinates":[[[6.975988,4.826368],[6.975981,4.826405],[6.975946,4.826398],[6.975952,4.826361],[6.975988,4.826368]]]}},{"type":"Feature","properties":{"h":3.0,"on_route":false},"geometry":{"type":"Polygon","coordinates":[[[6.975272,4.825133],[6.975239,4.825136],[6.975234,4.825089],[6.975268,4.825086],[6.975272,4.825133]]]}},{"type":"Feature","properties":{"h":3.0,"on_route":false},"geometry":{"type":"Polygon","coordinates":[[[6.97582,4.819554],[6.975824,4.819587],[6.975794,4.81959],[6.97579,4.819558],[6.97582,4.819554]]]}},{"type":"Feature","properties":{"h":3.0,"on_route":false},"geometry":{"type":"Polygon","coordinates":[[[6.974336,4.82139],[6.974314,4.821456],[6.974276,4.821443],[6.974298,4.821377],[6.974336,4.82139]]]}},{"type":"Feature","properties":{"h":3.0,"on_route":false},"geometry":{"type":"Polygon","coordinates":[[[6.975103,4.820858],[6.97509,4.820978],[6.975029,4.820972],[6.975042,4.820852],[6.975103,4.820858]]]}},{"type":"Feature","properties":{"h":3.0,"on_route":false},"geometry":{"type":"Polygon","coordinates":[[[6.980063,4.822667],[6.980038,4.822769],[6.979951,4.822748],[6.979975,4.822646],[6.980063,4.822667]]]}},{"type":"Feature","properties":{"h":3.0,"on_route":false},"geometry":{"type":"Polygon","coordinates":[[[6.97587,4.82642],[6.97588,4.826568],[6.975819,4.826573],[6.975809,4.826424],[6.97587,4.82642]]]}},{"type":"Feature","properties":{"h":3.0,"on_route":false},"geometry":{"type":"Polygon","coordinates":[[[6.976211,4.82569],[6.976186,4.825762],[6.976124,4.825741],[6.976148,4.825668],[6.976211,4.82569]]]}},{"type":"Feature","properties":{"h":3.0,"on_route":false},"geometry":{"type":"Polygon","coordinates":[[[6.976425,4.822139],[6.976415,4.822175],[6.976386,4.822166],[6.976397,4.822131],[6.976425,4.822139]]]}},{"type":"Feature","properties":{"h":3.0,"on_route":false},"geometry":{"type":"Polygon","coordinates":[[[6.974737,4.823082],[6.974718,4.82317],[6.974557,4.823135],[6.974576,4.823047],[6.974737,4.823082]]]}},{"type":"Feature","properties":{"h":3.0,"on_route":true},"geometry":{"type":"Polygon","coordinates":[[[6.979747,4.820702],[6.979689,4.820707],[6.979682,4.820628],[6.97974,4.820623],[6.979747,4.820702]]]}},{"type":"Feature","properties":{"h":3.0,"on_route":false},"geometry":{"type":"Polygon","coordinates":[[[6.974445,4.823748],[6.974403,4.823849],[6.97418,4.823755],[6.974222,4.823655],[6.974445,4.823748]]]}},{"type":"Feature","properties":{"h":3.0,"on_route":false},"geometry":{"type":"Polygon","coordinates":[[[6.976754,4.821522],[6.976742,4.821793],[6.976642,4.821788],[6.976654,4.821518],[6.976754,4.821522]]]}},{"type":"Feature","properties":{"h":3.0,"on_route":false},"geometry":{"type":"Polygon","coordinates":[[[6.980006,4.825589],[6.980007,4.825567],[6.980047,4.825569],[6.980046,4.82559],[6.980076,4.825591],[6.980075,4.825621],[6.979983,4.825618],[6.979984,4.825588],[6.980006,4.825589]]]}},{"type":"Feature","properties":{"h":3.0,"on_route":false},"geometry":{"type":"Polygon","coordinates":[[[6.977015,4.826589],[6.977395,4.826674],[6.977376,4.826758],[6.976996,4.826674],[6.977015,4.826589]]]}},{"type":"Feature","properties":{"h":3.0,"on_route":false},"geometry":{"type":"Polygon","coordinates":[[[6.980672,4.825328],[6.980533,4.825359],[6.980519,4.825295],[6.980658,4.825264],[6.980672,4.825328]]]}},{"type":"Feature","properties":{"h":3.0,"on_route":false},"geometry":{"type":"Polygon","coordinates":[[[6.975441,4.823038],[6.975427,4.823124],[6.975362,4.823113],[6.975376,4.823028],[6.975441,4.823038]]]}},{"type":"Feature","properties":{"h":3.0,"on_route":false},"geometry":{"type":"Polygon","coordinates":[[[6.975895,4.820786],[6.97602,4.820822],[6.976009,4.820861],[6.976159,4.820906],[6.976132,4.820998],[6.975888,4.820927],[6.975907,4.82086],[6.975876,4.820851],[6.975895,4.820786]]]}},{"type":"Feature","properties":{"h":3.0,"on_route":false},"geometry":{"type":"Polygon","coordinates":[[[6.980736,4.823841],[6.980713,4.823933],[6.980608,4.823907],[6.980631,4.823815],[6.980736,4.823841]]]}},{"type":"Feature","properties":{"h":3.0,"on_route":false},"geometry":{"type":"Polygon","coordinates":[[[6.975626,4.821265],[6.975618,4.82133],[6.975561,4.821322],[6.975569,4.821258],[6.975626,4.821265]]]}},{"type":"Feature","properties":{"h":3.0,"on_route":false},"geometry":{"type":"Polygon","coordinates":[[[6.978869,4.823798],[6.978827,4.824034],[6.978652,4.824003],[6.978659,4.823965],[6.978679,4.823968],[6.978693,4.823892],[6.978673,4.823888],[6.978687,4.823806],[6.978707,4.82381],[6.978714,4.823771],[6.978869,4.823798]]]}},{"type":"Feature","properties":{"h":3.0,"on_route":false},"geometry":{"type":"Polygon","coordinates":[[[6.980421,4.82093],[6.980431,4.821015],[6.980366,4.821023],[6.980356,4.820938],[6.980421,4.82093]]]}},{"type":"Feature","properties":{"h":3.0,"on_route":false},"geometry":{"type":"Polygon","coordinates":[[[6.974228,4.822564],[6.974216,4.82269],[6.974095,4.822679],[6.974107,4.822553],[6.974228,4.822564]]]}},{"type":"Feature","properties":{"h":3.0,"on_route":false},"geometry":{"type":"Polygon","coordinates":[[[6.974764,4.820362],[6.974753,4.820428],[6.974691,4.820418],[6.974702,4.820352],[6.974764,4.820362]]]}},{"type":"Feature","properties":{"h":3.0,"on_route":false},"geometry":{"type":"Polygon","coordinates":[[[6.978035,4.820648],[6.978019,4.820825],[6.977949,4.820819],[6.977965,4.820641],[6.978035,4.820648]]]}},{"type":"Feature","properties":{"h":3.0,"on_route":false},"geometry":{"type":"Polygon","coordinates":[[[6.975631,4.819743],[6.975574,4.819759],[6.975556,4.819695],[6.975613,4.819679],[6.975631,4.819743]]]}},{"type":"Feature","properties":{"h":3.0,"on_route":false},"geometry":{"type":"Polygon","coordinates":[[[6.974935,4.822691],[6.974933,4.822725],[6.974898,4.822723],[6.9749,4.822688],[6.974935,4.822691]]]}},{"type":"Feature","properties":{"h":3.0,"on_route":false},"geometry":{"type":"Polygon","coordinates":[[[6.980146,4.82322],[6.980108,4.823328],[6.980024,4.823299],[6.980062,4.82319],[6.980146,4.82322]]]}},{"type":"Feature","properties":{"h":3.0,"on_route":false},"geometry":{"type":"Polygon","coordinates":[[[6.980075,4.820832],[6.979965,4.820845],[6.979956,4.820762],[6.980065,4.820749],[6.980075,4.820832]]]}},{"type":"Feature","properties":{"h":3.0,"on_route":false},"geometry":{"type":"Polygon","coordinates":[[[6.978625,4.823387],[6.978609,4.82348],[6.978545,4.823469],[6.978561,4.823376],[6.978625,4.823387]]]}},{"type":"Feature","properties":{"h":3.0,"on_route":false},"geometry":{"type":"Polygon","coordinates":[[[6.9744,4.822714],[6.97439,4.822853],[6.974238,4.822842],[6.974248,4.822702],[6.9744,4.822714]]]}},{"type":"Feature","properties":{"h":3.0,"on_route":false},"geometry":{"type":"Polygon","coordinates":[[[6.974144,4.823418],[6.974136,4.823452],[6.974089,4.823442],[6.974097,4.823408],[6.974144,4.823418]]]}},{"type":"Feature","properties":{"h":3.0,"on_route":false},"geometry":{"type":"Polygon","coordinates":[[[6.974002,4.821458],[6.97397,4.821552],[6.973958,4.821588],[6.973885,4.821563],[6.973928,4.821433],[6.974002,4.821458]]]}},{"type":"Feature","properties":{"h":3.0,"on_route":false},"geometry":{"type":"Polygon","coordinates":[[[6.973445,4.823549],[6.97322,4.823633],[6.973199,4.823578],[6.973424,4.823494],[6.973445,4.823549]]]}},{"type":"Feature","properties":{"h":3.0,"on_route":false},"geometry":{"type":"Polygon","coordinates":[[[6.97635,4.824899],[6.976313,4.824883],[6.976344,4.82481],[6.976381,4.824826],[6.97635,4.824899]]]}},{"type":"Feature","properties":{"h":3.0,"on_route":false},"geometry":{"type":"Polygon","coordinates":[[[6.974279,4.825448],[6.974197,4.825469],[6.974181,4.825406],[6.97421,4.825399],[6.974205,4.825378],[6.974258,4.825364],[6.974279,4.825448]]]}},{"type":"Feature","properties":{"h":3.0,"on_route":false},"geometry":{"type":"Polygon","coordinates":[[[6.979783,4.821263],[6.979775,4.821464],[6.979703,4.821461],[6.97971,4.82126],[6.979783,4.821263]]]}},{"type":"Feature","properties":{"h":3.0,"on_route":false},"geometry":{"type":"Polygon","coordinates":[[[6.973512,4.824821],[6.973316,4.824901],[6.973273,4.824794],[6.973468,4.824714],[6.973512,4.824821]]]}},{"type":"Feature","properties":{"h":3.0,"on_route":false},"geometry":{"type":"Polygon","coordinates":[[[6.97636,4.823041],[6.976352,4.823071],[6.976319,4.823062],[6.976327,4.823032],[6.97636,4.823041]]]}},{"type":"Feature","properties":{"h":3.0,"on_route":false},"geometry":{"type":"Polygon","coordinates":[[[6.980547,4.82451],[6.980553,4.824563],[6.980504,4.824569],[6.980498,4.824516],[6.980547,4.82451]]]}},{"type":"Feature","properties":{"h":3.0,"on_route":false},"geometry":{"type":"Polygon","coordinates":[[[6.973784,4.824549],[6.973803,4.824607],[6.973731,4.82463],[6.973712,4.824572],[6.973784,4.824549]]]}},{"type":"Feature","properties":{"h":3.0,"on_route":false},"geometry":{"type":"Polygon","coordinates":[[[6.980091,4.82115],[6.979949,4.821167],[6.979935,4.821043],[6.980077,4.821026],[6.980091,4.82115]]]}},{"type":"Feature","properties":{"h":3.0,"on_route":false},"geometry":{"type":"Polygon","coordinates":[[[6.980124,4.824429],[6.979991,4.824464],[6.979957,4.82433],[6.980089,4.824296],[6.980124,4.824429]]]}},{"type":"Feature","properties":{"h":3.0,"on_route":false},"geometry":{"type":"Polygon","coordinates":[[[6.976408,4.825343],[6.976395,4.825395],[6.976349,4.825382],[6.976362,4.825331],[6.976408,4.825343]]]}},{"type":"Feature","properties":{"h":3.0,"on_route":false},"geometry":{"type":"Polygon","coordinates":[[[6.974172,4.821038],[6.974112,4.821203],[6.973998,4.821162],[6.974058,4.820996],[6.974172,4.821038]]]}},{"type":"Feature","properties":{"h":3.0,"on_route":false},"geometry":{"type":"Polygon","coordinates":[[[6.974269,4.821733],[6.974235,4.821843],[6.974056,4.821788],[6.974089,4.821678],[6.974269,4.821733]]]}},{"type":"Feature","properties":{"h":3.0,"on_route":false},"geometry":{"type":"Polygon","coordinates":[[[6.973964,4.823772],[6.973863,4.823763],[6.973869,4.823703],[6.973924,4.823708],[6.973928,4.823662],[6.973974,4.823666],[6.973964,4.823772]]]}},{"type":"Feature","properties":{"h":3.0,"on_route":false},"geometry":{"type":"Polygon","coordinates":[[[6.980822,4.825141],[6.980832,4.825196],[6.980797,4.825202],[6.980787,4.825147],[6.980822,4.825141]]]}},{"type":"Feature","properties":{"h":3.0,"on_route":false},"geometry":{"type":"Polygon","coordinates":[[[6.979564,4.82583],[6.979566,4.825811],[6.979635,4.825822],[6.979621,4.825913],[6.979516,4.825896],[6.979527,4.825824],[6.979564,4.82583]]]}},{"type":"Feature","properties":{"h":3.0,"on_route":false},"geometry":{"type":"Polygon","coordinates":[[[6.976377,4.826708],[6.976346,4.826838],[6.976297,4.826826],[6.976304,4.8268],[6.976251,4.826787],[6.976277,4.826683],[6.976377,4.826708]]]}},{"type":"Feature","properties":{"h":3.0,"on_route":false},"geometry":{"type":"Polygon","coordinates":[[[6.98041,4.821736],[6.980395,4.821798],[6.980484,4.821818],[6.980472,4.821867],[6.980336,4.821835],[6.980361,4.821725],[6.98041,4.821736]]]}},{"type":"Feature","properties":{"h":3.0,"on_route":false},"geometry":{"type":"Polygon","coordinates":[[[6.980025,4.826289],[6.980025,4.82633],[6.979989,4.82633],[6.979989,4.826289],[6.980025,4.826289]]]}},{"type":"Feature","properties":{"h":3.0,"on_route":false},"geometry":{"type":"Polygon","coordinates":[[[6.976673,4.825661],[6.976604,4.825811],[6.976653,4.825833],[6.976625,4.825895],[6.976537,4.825854],[6.97655,4.825826],[6.976481,4.825795],[6.976565,4.825611],[6.976673,4.825661]]]}},{"type":"Feature","properties":{"h":3.0,"on_route":false},"geometry":{"type":"Polygon","coordinates":[[[6.979181,4.824949],[6.979162,4.825049],[6.978933,4.825005],[6.978929,4.825024],[6.97888,4.825014],[6.978902,4.824896],[6.979181,4.824949]]]}},{"type":"Feature","properties":{"h":3.0,"on_route":false},"geometry":{"type":"Polygon","coordinates":[[[6.974058,4.822579],[6.974049,4.822729],[6.973927,4.822721],[6.973936,4.822571],[6.974058,4.822579]]]}},{"type":"Feature","properties":{"h":3.0,"on_route":false},"geometry":{"type":"Polygon","coordinates":[[[6.978532,4.824324],[6.978523,4.824361],[6.978473,4.824349],[6.978482,4.824312],[6.978532,4.824324]]]}},{"type":"Feature","properties":{"h":3.0,"on_route":false},"geometry":{"type":"Polygon","coordinates":[[[6.973948,4.822928],[6.97394,4.822995],[6.973902,4.82299],[6.97391,4.822923],[6.973948,4.822928]]]}},{"type":"Feature","properties":{"h":3.0,"on_route":false},"geometry":{"type":"Polygon","coordinates":[[[6.977249,4.820201],[6.97726,4.820275],[6.977204,4.820283],[6.977193,4.82021],[6.977249,4.820201]]]}},{"type":"Feature","properties":{"h":3.0,"on_route":false},"geometry":{"type":"Polygon","coordinates":[[[6.978956,4.82416],[6.978939,4.824236],[6.978908,4.824229],[6.978924,4.824153],[6.978956,4.82416]]]}},{"type":"Feature","properties":{"h":3.0,"on_route":false},"geometry":{"type":"Polygon","coordinates":[[[6.980431,4.8228],[6.980413,4.82288],[6.980285,4.822851],[6.980303,4.822771],[6.980431,4.8228]]]}},{"type":"Feature","properties":{"h":3.0,"on_route":false},"geometry":{"type":"Polygon","coordinates":[[[6.980657,4.82127],[6.980646,4.821411],[6.980497,4.821399],[6.980508,4.821258],[6.980657,4.82127]]]}},{"type":"Feature","properties":{"h":3.0,"on_route":false},"geometry":{"type":"Polygon","coordinates":[[[6.974508,4.822193],[6.974477,4.822366],[6.974359,4.822346],[6.974389,4.822172],[6.974508,4.822193]]]}},{"type":"Feature","properties":{"h":3.0,"on_route":false},"geometry":{"type":"Polygon","coordinates":[[[6.980146,4.82564],[6.980143,4.82573],[6.980002,4.825725],[6.980005,4.825635],[6.980146,4.82564]]]}},{"type":"Feature","properties":{"h":3.0,"on_route":false},"geometry":{"type":"Polygon","coordinates":[[[6.973912,4.823951],[6.973906,4.824007],[6.973879,4.824005],[6.973885,4.823948],[6.973912,4.823951]]]}},{"type":"Feature","properties":{"h":3.0,"on_route":false},"geometry":{"type":"Polygon","coordinates":[[[6.975171,4.826369],[6.975181,4.826628],[6.975125,4.826631],[6.975115,4.826371],[6.975171,4.826369]]]}},{"type":"Feature","properties":{"h":3.0,"on_route":false},"geometry":{"type":"Polygon","coordinates":[[[6.976292,4.820011],[6.976271,4.820016],[6.976285,4.820073],[6.976093,4.82012],[6.976059,4.819979],[6.976271,4.819926],[6.976292,4.820011]]]}},{"type":"Feature","properties":{"h":3.0,"on_route":false},"geometry":{"type":"Polygon","coordinates":[[[6.979856,4.82292],[6.979841,4.822981],[6.9797,4.822947],[6.979715,4.822886],[6.979856,4.82292]]]}},{"type":"Feature","properties":{"h":3.0,"on_route":false},"geometry":{"type":"Polygon","coordinates":[[[6.974189,4.822195],[6.974139,4.822432],[6.974036,4.822411],[6.974086,4.822174],[6.974189,4.822195]]]}},{"type":"Feature","properties":{"h":3.0,"on_route":false},"geometry":{"type":"Polygon","coordinates":[[[6.974583,4.821142],[6.974566,4.821191],[6.974468,4.821157],[6.974486,4.821107],[6.974583,4.821142]]]}},{"type":"Feature","properties":{"h":3.0,"on_route":false},"geometry":{"type":"Polygon","coordinates":[[[6.974461,4.822363],[6.974454,4.822401],[6.974353,4.822383],[6.974359,4.822346],[6.974461,4.822363]]]}},{"type":"Feature","properties":{"h":3.0,"on_route":false},"geometry":{"type":"Polygon","coordinates":[[[6.973772,4.823911],[6.97367,4.823929],[6.973644,4.823782],[6.973746,4.823764],[6.973772,4.823911]]]}},{"type":"Feature","properties":{"h":3.0,"on_route":false},"geometry":{"type":"Polygon","coordinates":[[[6.980439,4.825226],[6.980432,4.82531],[6.980193,4.825288],[6.980201,4.825205],[6.980439,4.825226]]]}},{"type":"Feature","properties":{"h":3.0,"on_route":false},"geometry":{"type":"Polygon","coordinates":[[[6.981458,4.823505],[6.981457,4.823525],[6.981481,4.823527],[6.981477,4.823566],[6.981385,4.823557],[6.981391,4.823499],[6.981458,4.823505]]]}},{"type":"Feature","properties":{"h":3.0,"on_route":false},"geometry":{"type":"Polygon","coordinates":[[[6.979598,4.825176],[6.979581,4.825261],[6.979525,4.82525],[6.979542,4.825166],[6.979598,4.825176]]]}},{"type":"Feature","properties":{"h":3.0,"on_route":false},"geometry":{"type":"Polygon","coordinates":[[[6.981052,4.82225],[6.981047,4.822305],[6.980992,4.822301],[6.980997,4.822245],[6.981052,4.82225]]]}},{"type":"Feature","properties":{"h":3.0,"on_route":false},"geometry":{"type":"Polygon","coordinates":[[[6.979962,4.823101],[6.980163,4.823144],[6.98015,4.823205],[6.979949,4.823162],[6.979962,4.823101]]]}},{"type":"Feature","properties":{"h":3.0,"on_route":false},"geometry":{"type":"Polygon","coordinates":[[[6.976624,4.821978],[6.976766,4.822036],[6.976744,4.82209],[6.976602,4.822032],[6.976624,4.821978]]]}},{"type":"Feature","properties":{"h":3.0,"on_route":false},"geometry":{"type":"Polygon","coordinates":[[[6.979482,4.822468],[6.979478,4.822506],[6.979419,4.822499],[6.979424,4.822461],[6.979482,4.822468]]]}},{"type":"Feature","properties":{"h":3.0,"on_route":false},"geometry":{"type":"Polygon","coordinates":[[[6.975604,4.820152],[6.975478,4.82017],[6.975472,4.82013],[6.975537,4.820121],[6.975526,4.820048],[6.975587,4.820039],[6.975604,4.820152]]]}},{"type":"Feature","properties":{"h":3.0,"on_route":false},"geometry":{"type":"Polygon","coordinates":[[[6.979686,4.821483],[6.979692,4.821572],[6.979499,4.821585],[6.979493,4.821496],[6.979686,4.821483]]]}},{"type":"Feature","properties":{"h":3.0,"on_route":false},"geometry":{"type":"Polygon","coordinates":[[[6.976745,4.820148],[6.97668,4.820158],[6.97667,4.820096],[6.976735,4.820086],[6.976745,4.820148]]]}},{"type":"Feature","properties":{"h":3.0,"on_route":false},"geometry":{"type":"Polygon","coordinates":[[[6.975718,4.824524],[6.975583,4.824536],[6.97557,4.824396],[6.975705,4.824384],[6.975718,4.824524]]]}},{"type":"Feature","properties":{"h":3.0,"on_route":false},"geometry":{"type":"Polygon","coordinates":[[[6.98131,4.823248],[6.981302,4.823329],[6.981218,4.823321],[6.981225,4.82324],[6.98131,4.823248]]]}},{"type":"Feature","properties":{"h":3.0,"on_route":false},"geometry":{"type":"Polygon","coordinates":[[[6.977414,4.819731],[6.977403,4.819893],[6.977303,4.819886],[6.977314,4.819724],[6.977414,4.819731]]]}},{"type":"Feature","properties":{"h":3.0,"on_route":false},"geometry":{"type":"Polygon","coordinates":[[[6.979956,4.820762],[6.979861,4.820773],[6.979855,4.820728],[6.979874,4.820726],[6.979867,4.82067],[6.979944,4.820661],[6.979956,4.820762]]]}},{"type":"Feature","properties":{"h":3.0,"on_route":false},"geometry":{"type":"Polygon","coordinates":[[[6.977889,4.827077],[6.977836,4.827254],[6.97774,4.827225],[6.977793,4.827048],[6.977889,4.827077]]]}},{"type":"Feature","properties":{"h":3.0,"on_route":false},"geometry":{"type":"Polygon","coordinates":[[[6.97817,4.824712],[6.978143,4.824835],[6.97793,4.824788],[6.977957,4.824665],[6.97817,4.824712]]]}},{"type":"Feature","properties":{"h":3.0,"on_route":false},"geometry":{"type":"Polygon","coordinates":[[[6.976095,4.824629],[6.976061,4.824868],[6.975814,4.824832],[6.975828,4.824734],[6.97598,4.824756],[6.975987,4.824707],[6.975835,4.824685],[6.975848,4.824593],[6.976095,4.824629]]]}},{"type":"Feature","properties":{"h":3.0,"on_route":false},"geometry":{"type":"Polygon","coordinates":[[[6.973837,4.82448],[6.973785,4.824482],[6.973786,4.824512],[6.973713,4.824516],[6.97371,4.824459],[6.973628,4.824464],[6.973623,4.82436],[6.973804,4.82435],[6.973805,4.824379],[6.973832,4.824377],[6.973837,4.82448]]]}},{"type":"Feature","properties":{"h":3.0,"on_route":false},"geometry":{"type":"Polygon","coordinates":[[[6.97703,4.819636],[6.977029,4.819681],[6.976985,4.819679],[6.976986,4.819635],[6.97703,4.819636]]]}},{"type":"Feature","properties":{"h":3.0,"on_route":false},"geometry":{"type":"Polygon","coordinates":[[[6.980809,4.823524],[6.980801,4.823563],[6.98073,4.823548],[6.980739,4.823509],[6.980809,4.823524]]]}},{"type":"Feature","properties":{"h":3.0,"on_route":false},"geometry":{"type":"Polygon","coordinates":[[[6.975005,4.821408],[6.974975,4.821493],[6.974952,4.821485],[6.974945,4.821504],[6.974968,4.821512],[6.974948,4.821568],[6.974851,4.821533],[6.974907,4.821373],[6.975005,4.821408]]]}},{"type":"Feature","properties":{"h":3.0,"on_route":false},"geometry":{"type":"Polygon","coordinates":[[[6.977911,4.825539],[6.977862,4.825673],[6.977801,4.82565],[6.97785,4.825516],[6.977911,4.825539]]]}},{"type":"Feature","properties":{"h":3.0,"on_route":false},"geometry":{"type":"Polygon","coordinates":[[[6.975787,4.822626],[6.97577,4.822695],[6.975706,4.822678],[6.975723,4.822609],[6.975787,4.822626]]]}},{"type":"Feature","properties":{"h":3.0,"on_route":false},"geometry":{"type":"Polygon","coordinates":[[[6.975638,4.820736],[6.97562,4.820796],[6.975534,4.820769],[6.975552,4.82071],[6.975638,4.820736]]]}},{"type":"Feature","properties":{"h":3.0,"on_route":false},"geometry":{"type":"Polygon","coordinates":[[[6.979127,4.824247],[6.979116,4.824286],[6.979058,4.82427],[6.97907,4.824231],[6.979127,4.824247]]]}},{"type":"Feature","properties":{"h":3.0,"on_route":false},"geometry":{"type":"Polygon","coordinates":[[[6.97863,4.826335],[6.978581,4.826431],[6.978493,4.826385],[6.978542,4.82629],[6.97863,4.826335]]]}},{"type":"Feature","properties":{"h":3.0,"on_route":false},"geometry":{"type":"Polygon","coordinates":[[[6.979022,4.82382],[6.979014,4.823877],[6.978968,4.823871],[6.978976,4.823814],[6.979022,4.82382]]]}},{"type":"Feature","properties":{"h":3.0,"on_route":false},"geometry":{"type":"Polygon","coordinates":[[[6.980916,4.822439],[6.980646,4.822419],[6.98065,4.822374],[6.980919,4.822395],[6.980916,4.822439]]]}},{"type":"Feature","properties":{"h":3.0,"on_route":false},"geometry":{"type":"Polygon","coordinates":[[[6.976484,4.82218],[6.97648,4.82222],[6.976425,4.822214],[6.976429,4.822175],[6.976484,4.82218]]]}},{"type":"Feature","properties":{"h":3.0,"on_route":false},"geometry":{"type":"Polygon","coordinates":[[[6.980261,4.823742],[6.980248,4.823924],[6.980155,4.823917],[6.980169,4.823735],[6.980261,4.823742]]]}},{"type":"Feature","properties":{"h":3.0,"on_route":false},"geometry":{"type":"Polygon","coordinates":[[[6.976028,4.826435],[6.97603,4.826565],[6.975893,4.826568],[6.975891,4.826437],[6.976028,4.826435]]]}},{"type":"Feature","properties":{"h":3.0,"on_route":false},"geometry":{"type":"Polygon","coordinates":[[[6.975137,4.825265],[6.97514,4.825234],[6.975251,4.825245],[6.975238,4.825378],[6.975089,4.825363],[6.975099,4.825262],[6.975137,4.825265]]]}},{"type":"Feature","properties":{"h":3.0,"on_route":false},"geometry":{"type":"Polygon","coordinates":[[[6.976485,4.826602],[6.976474,4.826655],[6.976433,4.826647],[6.976444,4.826594],[6.976485,4.826602]]]}},{"type":"Feature","properties":{"h":3.0,"on_route":false},"geometry":{"type":"Polygon","coordinates":[[[6.980515,4.824807],[6.98051,4.82486],[6.980451,4.824855],[6.980456,4.824801],[6.980515,4.824807]]]}},{"type":"Feature","properties":{"h":3.0,"on_route":false},"geometry":{"type":"Polygon","coordinates":[[[6.976392,4.822116],[6.976383,4.822163],[6.976292,4.822144],[6.976302,4.822097],[6.976392,4.822116]]]}},{"type":"Feature","properties":{"h":3.0,"on_route":false},"geometry":{"type":"Polygon","coordinates":[[[6.975957,4.82045],[6.975952,4.820539],[6.975992,4.820541],[6.975991,4.820562],[6.975881,4.820557],[6.975887,4.820447],[6.975957,4.82045]]]}},{"type":"Feature","properties":{"h":3.0,"on_route":false},"geometry":{"type":"Polygon","coordinates":[[[6.978635,4.825483],[6.978622,4.825558],[6.978496,4.825537],[6.978508,4.825462],[6.978635,4.825483]]]}},{"type":"Feature","properties":{"h":3.0,"on_route":false},"geometry":{"type":"Polygon","coordinates":[[[6.97419,4.825167],[6.974235,4.825328],[6.97414,4.825355],[6.974116,4.825269],[6.974102,4.825273],[6.974081,4.825197],[6.97419,4.825167]]]}},{"type":"Feature","properties":{"h":3.0,"on_route":false},"geometry":{"type":"Polygon","coordinates":[[[6.977673,4.827244],[6.977666,4.827346],[6.977536,4.827337],[6.977543,4.827235],[6.977673,4.827244]]]}},{"type":"Feature","properties":{"h":3.0,"on_route":false},"geometry":{"type":"Polygon","coordinates":[[[6.976444,4.824952],[6.976358,4.825156],[6.97626,4.825115],[6.976346,4.82491],[6.976444,4.824952]]]}},{"type":"Feature","properties":{"h":3.0,"on_route":false},"geometry":{"type":"Polygon","coordinates":[[[6.976633,4.824572],[6.976615,4.82462],[6.976511,4.824581],[6.976529,4.824533],[6.976633,4.824572]]]}},{"type":"Feature","properties":{"h":3.0,"on_route":false},"geometry":{"type":"Polygon","coordinates":[[[6.981278,4.823995],[6.981269,4.824032],[6.981235,4.824024],[6.981244,4.823987],[6.981278,4.823995]]]}},{"type":"Feature","properties":{"h":3.0,"on_route":false},"geometry":{"type":"Polygon","coordinates":[[[6.976082,4.826436],[6.976081,4.826562],[6.976028,4.826562],[6.976029,4.826436],[6.976082,4.826436]]]}},{"type":"Feature","properties":{"h":3.0,"on_route":false},"geometry":{"type":"Polygon","coordinates":[[[6.979572,4.821676],[6.979582,4.821802],[6.979491,4.821809],[6.979481,4.821683],[6.979572,4.821676]]]}},{"type":"Feature","properties":{"h":3.0,"on_route":false},"geometry":{"type":"Polygon","coordinates":[[[6.977702,4.826857],[6.977691,4.826904],[6.977601,4.826884],[6.977611,4.826837],[6.977702,4.826857]]]}},{"type":"Feature","properties":{"h":3.0,"on_route":false},"geometry":{"type":"Polygon","coordinates":[[[6.980803,4.823019],[6.980788,4.823082],[6.980686,4.823057],[6.980701,4.822995],[6.980803,4.823019]]]}},{"type":"Feature","properties":{"h":3.0,"on_route":true},"geometry":{"type":"Polygon","coordinates":[[[6.978754,4.821555],[6.978756,4.821608],[6.978656,4.821612],[6.978653,4.821559],[6.978754,4.821555]]]}},{"type":"Feature","properties":{"h":3.0,"on_route":false},"geometry":{"type":"Polygon","coordinates":[[[6.974836,4.821071],[6.974818,4.821124],[6.974676,4.821075],[6.974694,4.821022],[6.974836,4.821071]]]}},{"type":"Feature","properties":{"h":3.0,"on_route":false},"geometry":{"type":"Polygon","coordinates":[[[6.975726,4.823565],[6.975562,4.823533],[6.975568,4.823502],[6.975599,4.823509],[6.975605,4.823477],[6.975683,4.823492],[6.975688,4.823466],[6.975744,4.823477],[6.975726,4.823565]]]}},{"type":"Feature","properties":{"h":3.0,"on_route":false},"geometry":{"type":"Polygon","coordinates":[[[6.975391,4.824083],[6.975521,4.824091],[6.975516,4.824165],[6.975447,4.824161],[6.975443,4.82422],[6.975383,4.824216],[6.975391,4.824083]]]}},{"type":"Feature","properties":{"h":3.0,"on_route":false},"geometry":{"type":"Polygon","coordinates":[[[6.980936,4.824313],[6.980838,4.824307],[6.980842,4.824241],[6.98094,4.824247],[6.980936,4.824313]]]}},{"type":"Feature","properties":{"h":3.0,"on_route":false},"geometry":{"type":"Polygon","coordinates":[[[6.980244,4.822992],[6.980225,4.823078],[6.980143,4.82306],[6.980163,4.822974],[6.980244,4.822992]]]}},{"type":"Feature","properties":{"h":3.0,"on_route":false},"geometry":{"type":"Polygon","coordinates":[[[6.973995,4.824448],[6.973998,4.824516],[6.973895,4.824521],[6.973892,4.824453],[6.973995,4.824448]]]}},{"type":"Feature","properties":{"h":3.0,"on_route":false},"geometry":{"type":"Polygon","coordinates":[[[6.976208,4.819416],[6.976219,4.81949],[6.976074,4.819512],[6.976063,4.819438],[6.976208,4.819416]]]}},{"type":"Feature","properties":{"h":3.0,"on_route":false},"geometry":{"type":"Polygon","coordinates":[[[6.975088,4.821653],[6.975077,4.821685],[6.97497,4.821646],[6.974981,4.821614],[6.975088,4.821653]]]}},{"type":"Feature","properties":{"h":3.0,"on_route":false},"geometry":{"type":"Polygon","coordinates":[[[6.976435,4.826218],[6.976405,4.82634],[6.976287,4.826311],[6.976317,4.826188],[6.976435,4.826218]]]}},{"type":"Feature","properties":{"h":3.0,"on_route":false},"geometry":{"type":"Polygon","coordinates":[[[6.974882,4.820592],[6.974843,4.820697],[6.97473,4.820654],[6.974769,4.820549],[6.974882,4.820592]]]}},{"type":"Feature","properties":{"h":3.0,"on_route":false},"geometry":{"type":"Polygon","coordinates":[[[6.980432,4.822258],[6.980428,4.822316],[6.980356,4.822312],[6.98036,4.822254],[6.980432,4.822258]]]}},{"type":"Feature","properties":{"h":3.0,"on_route":false},"geometry":{"type":"Polygon","coordinates":[[[6.979388,4.822057],[6.979382,4.822131],[6.979318,4.822125],[6.979325,4.822051],[6.979388,4.822057]]]}},{"type":"Feature","properties":{"h":3.0,"on_route":false},"geometry":{"type":"Polygon","coordinates":[[[6.97932,4.822382],[6.979307,4.822485],[6.97924,4.822476],[6.979253,4.822374],[6.97932,4.822382]]]}},{"type":"Feature","properties":{"h":3.0,"on_route":false},"geometry":{"type":"Polygon","coordinates":[[[6.980936,4.821692],[6.980925,4.821842],[6.980819,4.821835],[6.980825,4.821754],[6.980756,4.821749],[6.98075,4.82183],[6.980687,4.821825],[6.980697,4.821675],[6.980936,4.821692]]]}},{"type":"Feature","properties":{"h":3.0,"on_route":false},"geometry":{"type":"Polygon","coordinates":[[[6.973873,4.821593],[6.973841,4.821686],[6.973677,4.82163],[6.973709,4.821537],[6.973873,4.821593]]]}},{"type":"Feature","properties":{"h":3.0,"on_route":false},"geometry":{"type":"Polygon","coordinates":[[[6.975199,4.825122],[6.97512,4.825132],[6.97511,4.82505],[6.975003,4.825063],[6.975014,4.825145],[6.974818,4.82517],[6.974798,4.825003],[6.975178,4.824956],[6.975199,4.825122]]]}},{"type":"Feature","properties":{"h":3.0,"on_route":false},"geometry":{"type":"Polygon","coordinates":[[[6.977854,4.826407],[6.977777,4.826557],[6.977653,4.826492],[6.97769,4.826422],[6.977707,4.826431],[6.97772,4.826407],[6.977702,4.826398],[6.977731,4.826343],[6.977854,4.826407]]]}},{"type":"Feature","properties":{"h":3.0,"on_route":false},"geometry":{"type":"Polygon","coordinates":[[[6.979394,4.825974],[6.979383,4.826033],[6.979406,4.826038],[6.979388,4.826133],[6.979309,4.826119],[6.979317,4.826072],[6.979292,4.826068],[6.979283,4.826114],[6.979232,4.826105],[6.979261,4.825949],[6.979394,4.825974]]]}},{"type":"Feature","properties":{"h":3.0,"on_route":false},"geometry":{"type":"Polygon","coordinates":[[[6.978557,4.823586],[6.978526,4.823581],[6.978541,4.823486],[6.978571,4.823491],[6.978557,4.823586]]]}},{"type":"Feature","properties":{"h":3.0,"on_route":false},"geometry":{"type":"Polygon","coordinates":[[[6.980674,4.824692],[6.980594,4.824695],[6.980588,4.824538],[6.980668,4.824535],[6.980674,4.824692]]]}},{"type":"Feature","properties":{"h":3.0,"on_route":false},"geometry":{"type":"Polygon","coordinates":[[[6.980713,4.821066],[6.980581,4.821086],[6.980561,4.820954],[6.980693,4.820934],[6.980713,4.821066]]]}},{"type":"Feature","properties":{"h":3.0,"on_route":false},"geometry":{"type":"Polygon","coordinates":[[[6.97843,4.827088],[6.978406,4.82717],[6.978341,4.827151],[6.978365,4.827069],[6.97843,4.827088]]]}},{"type":"Feature","properties":{"h":3.0,"on_route":false},"geometry":{"type":"Polygon","coordinates":[[[6.980564,4.824581],[6.980568,4.824616],[6.980506,4.824623],[6.980502,4.824587],[6.980564,4.824581]]]}},{"type":"Feature","properties":{"h":3.0,"on_route":false},"geometry":{"type":"Polygon","coordinates":[[[6.981353,4.824388],[6.981333,4.824469],[6.981233,4.824444],[6.981254,4.824362],[6.981353,4.824388]]]}},{"type":"Feature","properties":{"h":3.0,"on_route":true},"geometry":{"type":"Polygon","coordinates":[[[6.979462,4.820578],[6.979465,4.820622],[6.979382,4.820627],[6.979379,4.820583],[6.979462,4.820578]]]}},{"type":"Feature","properties":{"h":3.0,"on_route":false},"geometry":{"type":"Polygon","coordinates":[[[6.975823,4.821416],[6.975804,4.821479],[6.975686,4.821445],[6.975704,4.821381],[6.975823,4.821416]]]}},{"type":"Feature","properties":{"h":3.0,"on_route":false},"geometry":{"type":"Polygon","coordinates":[[[6.981026,4.821484],[6.980984,4.821481],[6.980985,4.821461],[6.980842,4.82145],[6.980846,4.821403],[6.980922,4.821409],[6.980925,4.821371],[6.981034,4.82138],[6.981026,4.821484]]]}},{"type":"Feature","properties":{"h":3.0,"on_route":false},"geometry":{"type":"Polygon","coordinates":[[[6.975458,4.820548],[6.975462,4.820576],[6.975511,4.820569],[6.975533,4.820711],[6.975423,4.820727],[6.975398,4.820557],[6.975458,4.820548]]]}},{"type":"Feature","properties":{"h":3.0,"on_route":false},"geometry":{"type":"Polygon","coordinates":[[[6.981161,4.82145],[6.981156,4.821523],[6.981076,4.821517],[6.981081,4.821444],[6.981161,4.82145]]]}},{"type":"Feature","properties":{"h":3.0,"on_route":true},"geometry":{"type":"Polygon","coordinates":[[[6.978704,4.821625],[6.978703,4.821682],[6.978644,4.821681],[6.978644,4.821624],[6.978704,4.821625]]]}},{"type":"Feature","properties":{"h":3.0,"on_route":false},"geometry":{"type":"Polygon","coordinates":[[[6.97576,4.819754],[6.975705,4.81977],[6.975689,4.819714],[6.975744,4.819698],[6.97576,4.819754]]]}},{"type":"Feature","properties":{"h":3.0,"on_route":false},"geometry":{"type":"Polygon","coordinates":[[[6.975901,4.819713],[6.97576,4.819754],[6.975737,4.819674],[6.975878,4.819633],[6.975901,4.819713]]]}},{"type":"Feature","properties":{"h":3.0,"on_route":false},"geometry":{"type":"Polygon","coordinates":[[[6.973803,4.82435],[6.973622,4.82436],[6.973616,4.824241],[6.973797,4.824231],[6.973803,4.82435]]]}},{"type":"Feature","properties":{"h":3.0,"on_route":false},"geometry":{"type":"Polygon","coordinates":[[[6.981074,4.821488],[6.981059,4.821676],[6.981011,4.821672],[6.981026,4.821484],[6.981074,4.821488]]]}},{"type":"Feature","properties":{"h":3.0,"on_route":false},"geometry":{"type":"Polygon","coordinates":[[[6.977089,4.827239],[6.977085,4.827368],[6.977006,4.827365],[6.977007,4.827342],[6.976966,4.827341],[6.976969,4.827235],[6.977089,4.827239]]]}},{"type":"Feature","properties":{"h":3.0,"on_route":false},"geometry":{"type":"Polygon","coordinates":[[[6.977143,4.820297],[6.977151,4.820445],[6.97701,4.820452],[6.977002,4.820305],[6.977143,4.820297]]]}},{"type":"Feature","properties":{"h":3.0,"on_route":false},"geometry":{"type":"Polygon","coordinates":[[[6.978705,4.82721],[6.978673,4.827203],[6.978684,4.82715],[6.978834,4.827181],[6.978823,4.827234],[6.978752,4.827219],[6.978738,4.827284],[6.978692,4.827274],[6.978705,4.82721]]]}},{"type":"Feature","properties":{"h":3.0,"on_route":false},"geometry":{"type":"Polygon","coordinates":[[[6.980851,4.823758],[6.980825,4.823863],[6.980582,4.823803],[6.980608,4.823698],[6.980851,4.823758]]]}},{"type":"Feature","properties":{"h":3.0,"on_route":false},"geometry":{"type":"Polygon","coordinates":[[[6.974105,4.823794],[6.974099,4.823834],[6.973932,4.823807],[6.973939,4.823767],[6.974105,4.823794]]]}},{"type":"Feature","properties":{"h":3.0,"on_route":false},"geometry":{"type":"Polygon","coordinates":[[[6.975471,4.826681],[6.975468,4.826758],[6.975428,4.826756],[6.975432,4.82668],[6.975471,4.826681]]]}},{"type":"Feature","properties":{"h":3.0,"on_route":false},"geometry":{"type":"Polygon","coordinates":[[[6.97502,4.825492],[6.975003,4.825596],[6.974812,4.825565],[6.974829,4.825461],[6.97502,4.825492]]]}},{"type":"Feature","properties":{"h":3.0,"on_route":false},"geometry":{"type":"Polygon","coordinates":[[[6.979708,4.823921],[6.979693,4.824045],[6.979455,4.824017],[6.97947,4.823893],[6.979708,4.823921]]]}},{"type":"Feature","properties":{"h":3.0,"on_route":false},"geometry":{"type":"Polygon","coordinates":[[[6.975328,4.825653],[6.975314,4.82574],[6.975174,4.825717],[6.975188,4.825631],[6.975328,4.825653]]]}},{"type":"Feature","properties":{"h":3.0,"on_route":false},"geometry":{"type":"Polygon","coordinates":[[[6.978981,4.825434],[6.978945,4.825543],[6.97886,4.825514],[6.978896,4.825406],[6.978981,4.825434]]]}},{"type":"Feature","properties":{"h":3.0,"on_route":false},"geometry":{"type":"Polygon","coordinates":[[[6.977092,4.819248],[6.97709,4.819431],[6.976964,4.819429],[6.976965,4.819247],[6.977092,4.819248]]]}},{"type":"Feature","properties":{"h":3.0,"on_route":false},"geometry":{"type":"Polygon","coordinates":[[[6.976931,4.820673],[6.976874,4.820683],[6.976868,4.820647],[6.976925,4.820637],[6.976931,4.820673]]]}},{"type":"Feature","properties":{"h":3.0,"on_route":false},"geometry":{"type":"Polygon","coordinates":[[[6.974377,4.821224],[6.974335,4.82133],[6.974275,4.821307],[6.974288,4.821273],[6.974127,4.821209],[6.974155,4.821136],[6.974377,4.821224]]]}},{"type":"Feature","properties":{"h":3.0,"on_route":false},"geometry":{"type":"Polygon","coordinates":[[[6.976908,4.823423],[6.976887,4.823468],[6.976777,4.823414],[6.976799,4.823369],[6.976908,4.823423]]]}},{"type":"Feature","properties":{"h":3.0,"on_route":false},"geometry":{"type":"Polygon","coordinates":[[[6.980306,4.822624],[6.9803,4.822707],[6.980189,4.822699],[6.980195,4.822616],[6.980306,4.822624]]]}},{"type":"Feature","properties":{"h":3.0,"on_route":false},"geometry":{"type":"Polygon","coordinates":[[[6.977385,4.819899],[6.977385,4.819921],[6.977327,4.819921],[6.977327,4.819898],[6.977385,4.819899]]]}},{"type":"Feature","properties":{"h":3.0,"on_route":false},"geometry":{"type":"Polygon","coordinates":[[[6.980016,4.823176],[6.979994,4.823279],[6.979927,4.823265],[6.979949,4.823162],[6.980016,4.823176]]]}},{"type":"Feature","properties":{"h":3.0,"on_route":false},"geometry":{"type":"Polygon","coordinates":[[[6.981083,4.821834],[6.981095,4.821915],[6.980892,4.821947],[6.98088,4.821864],[6.981083,4.821834]]]}},{"type":"Feature","properties":{"h":3.0,"on_route":false},"geometry":{"type":"Polygon","coordinates":[[[6.98036,4.823409],[6.980345,4.823443],[6.980257,4.823405],[6.980272,4.823371],[6.98036,4.823409]]]}},{"type":"Feature","properties":{"h":3.0,"on_route":false},"geometry":{"type":"Polygon","coordinates":[[[6.977668,4.820736],[6.977645,4.82074],[6.977651,4.820777],[6.977468,4.820805],[6.977456,4.820726],[6.977662,4.820694],[6.977668,4.820736]]]}},{"type":"Feature","properties":{"h":3.0,"on_route":false},"geometry":{"type":"Polygon","coordinates":[[[6.979009,4.825179],[6.978949,4.825361],[6.979042,4.825391],[6.979023,4.825448],[6.978868,4.825396],[6.978947,4.825158],[6.979009,4.825179]]]}},{"type":"Feature","properties":{"h":3.0,"on_route":false},"geometry":{"type":"Polygon","coordinates":[[[6.97613,4.825569],[6.976138,4.825543],[6.976275,4.825584],[6.976242,4.825696],[6.976105,4.825654],[6.976112,4.82563],[6.976086,4.825623],[6.976105,4.825561],[6.97613,4.825569]]]}},{"type":"Feature","properties":{"h":3.0,"on_route":false},"geometry":{"type":"Polygon","coordinates":[[[6.978275,4.821769],[6.978245,4.82192],[6.978106,4.821891],[6.978136,4.821741],[6.978275,4.821769]]]}},{"type":"Feature","properties":{"h":3.0,"on_route":false},"geometry":{"type":"Polygon","coordinates":[[[6.979002,4.820941],[6.978928,4.820962],[6.978911,4.820901],[6.978984,4.82088],[6.979002,4.820941]]]}},{"type":"Feature","properties":{"h":3.0,"on_route":false},"geometry":{"type":"Polygon","coordinates":[[[6.974651,4.82178],[6.974578,4.821976],[6.97451,4.82195],[6.974583,4.821755],[6.974651,4.82178]]]}},{"type":"Feature","properties":{"h":3.0,"on_route":false},"geometry":{"type":"Polygon","coordinates":[[[6.978975,4.826164],[6.978945,4.826296],[6.978888,4.826283],[6.978919,4.826151],[6.978975,4.826164]]]}},{"type":"Feature","properties":{"h":3.0,"on_route":false},"geometry":{"type":"Polygon","coordinates":[[[6.980367,4.82327],[6.980353,4.823295],[6.980455,4.82335],[6.98043,4.823398],[6.980452,4.82341],[6.980421,4.823467],[6.980355,4.823431],[6.98037,4.823403],[6.980271,4.82335],[6.980325,4.823248],[6.980367,4.82327]]]}},{"type":"Feature","properties":{"h":3.0,"on_route":false},"geometry":{"type":"Polygon","coordinates":[[[6.978238,4.818847],[6.978244,4.819081],[6.978175,4.819083],[6.978169,4.818849],[6.978238,4.818847]]]}},{"type":"Feature","properties":{"h":3.0,"on_route":false},"geometry":{"type":"Polygon","coordinates":[[[6.973785,4.821858],[6.973775,4.821959],[6.973572,4.821941],[6.973581,4.82184],[6.973785,4.821858]]]}},{"type":"Feature","properties":{"h":3.0,"on_route":false},"geometry":{"type":"Polygon","coordinates":[[[6.979298,4.826324],[6.979272,4.826435],[6.979151,4.826406],[6.979177,4.826295],[6.979298,4.826324]]]}},{"type":"Feature","properties":{"h":3.0,"on_route":false},"geometry":{"type":"Polygon","coordinates":[[[6.977142,4.822764],[6.977039,4.822702],[6.977169,4.822482],[6.977273,4.822544],[6.977142,4.822764]]]}},{"type":"Feature","properties":{"h":3.0,"on_route":false},"geometry":{"type":"Polygon","coordinates":[[[6.975971,4.825825],[6.975949,4.825892],[6.975882,4.825869],[6.975904,4.825802],[6.975971,4.825825]]]}},{"type":"Feature","properties":{"h":3.0,"on_route":false},"geometry":{"type":"Polygon","coordinates":[[[6.979697,4.820883],[6.979653,4.82089],[6.979649,4.820866],[6.979693,4.820859],[6.979697,4.820883]]]}},{"type":"Feature","properties":{"h":3.0,"on_route":false},"geometry":{"type":"Polygon","coordinates":[[[6.981083,4.821239],[6.980826,4.821306],[6.980798,4.821197],[6.981055,4.82113],[6.981083,4.821239]]]}},{"type":"Feature","properties":{"h":3.0,"on_route":false},"geometry":{"type":"Polygon","coordinates":[[[6.979988,4.823431],[6.979955,4.82356],[6.979899,4.823545],[6.979932,4.823417],[6.979988,4.823431]]]}},{"type":"Feature","properties":{"h":3.0,"on_route":false},"geometry":{"type":"Polygon","coordinates":[[[6.974226,4.823567],[6.97422,4.823628],[6.974173,4.823623],[6.974179,4.823562],[6.974226,4.823567]]]}},{"type":"Feature","properties":{"h":3.0,"on_route":false},"geometry":{"type":"Polygon","coordinates":[[[6.980903,4.824894],[6.980689,4.82488],[6.980701,4.824697],[6.980914,4.82471],[6.980903,4.824894]]]}},{"type":"Feature","properties":{"h":3.0,"on_route":false},"geometry":{"type":"Polygon","coordinates":[[[6.977231,4.825403],[6.97724,4.825356],[6.977316,4.82537],[6.97732,4.825346],[6.977453,4.82537],[6.977425,4.82553],[6.97719,4.825488],[6.977206,4.825398],[6.977231,4.825403]]]}},{"type":"Feature","properties":{"h":3.0,"on_route":false},"geometry":{"type":"Polygon","coordinates":[[[6.974082,4.823174],[6.974037,4.823451],[6.973858,4.823422],[6.973876,4.823313],[6.973916,4.823319],[6.973905,4.823386],[6.973926,4.823389],[6.973964,4.823155],[6.974082,4.823174]]]}},{"type":"Feature","properties":{"h":3.0,"on_route":false},"geometry":{"type":"Polygon","coordinates":[[[6.978565,4.826917],[6.978528,4.826987],[6.978432,4.826936],[6.978469,4.826866],[6.978565,4.826917]]]}},{"type":"Feature","properties":{"h":3.0,"on_route":false},"geometry":{"type":"Polygon","coordinates":[[[6.980448,4.823247],[6.980433,4.823294],[6.980355,4.823269],[6.980359,4.823254],[6.980334,4.823246],[6.980343,4.823214],[6.980448,4.823247]]]}},{"type":"Feature","properties":{"h":3.0,"on_route":false},"geometry":{"type":"Polygon","coordinates":[[[6.97678,4.820576],[6.976781,4.820625],[6.97674,4.820626],[6.976739,4.820577],[6.97678,4.820576]]]}},{"type":"Feature","properties":{"h":3.0,"on_route":false},"geometry":{"type":"Polygon","coordinates":[[[6.975459,4.825954],[6.975445,4.826164],[6.975385,4.82616],[6.975399,4.825949],[6.975459,4.825954]]]}},{"type":"Feature","properties":{"h":3.0,"on_route":false},"geometry":{"type":"Polygon","coordinates":[[[6.97988,4.825724],[6.979864,4.825826],[6.979805,4.825816],[6.979821,4.825714],[6.97988,4.825724]]]}},{"type":"Feature","properties":{"h":3.0,"on_route":false},"geometry":{"type":"Polygon","coordinates":[[[6.977077,4.823859],[6.977068,4.823919],[6.977007,4.823911],[6.977015,4.823851],[6.977077,4.823859]]]}},{"type":"Feature","properties":{"h":3.0,"on_route":false},"geometry":{"type":"Polygon","coordinates":[[[6.980501,4.82188],[6.980488,4.821946],[6.980423,4.821933],[6.980419,4.821952],[6.980314,4.821931],[6.980331,4.821846],[6.980501,4.82188]]]}},{"type":"Feature","properties":{"h":3.0,"on_route":false},"geometry":{"type":"Polygon","coordinates":[[[6.98042,4.821198],[6.980417,4.821229],[6.980384,4.821226],[6.980386,4.821195],[6.98042,4.821198]]]}},{"type":"Feature","properties":{"h":3.0,"on_route":false},"geometry":{"type":"Polygon","coordinates":[[[6.975683,4.821249],[6.975669,4.821342],[6.975634,4.821337],[6.975647,4.821244],[6.975683,4.821249]]]}},{"type":"Feature","properties":{"h":3.0,"on_route":false},"geometry":{"type":"Polygon","coordinates":[[[6.973324,4.822911],[6.97333,4.82299],[6.9733,4.822993],[6.973294,4.822913],[6.973324,4.822911]]]}},{"type":"Feature","properties":{"h":3.0,"on_route":false},"geometry":{"type":"Polygon","coordinates":[[[6.976352,4.824779],[6.976311,4.824767],[6.976334,4.824692],[6.976374,4.824704],[6.976352,4.824779]]]}},{"type":"Feature","properties":{"h":3.0,"on_route":false},"geometry":{"type":"Polygon","coordinates":[[[6.97849,4.825936],[6.978469,4.825998],[6.978108,4.825875],[6.978129,4.825812],[6.97849,4.825936]]]}},{"type":"Feature","properties":{"h":3.0,"on_route":false},"geometry":{"type":"Polygon","coordinates":[[[6.979178,4.82448],[6.979167,4.824533],[6.978996,4.824497],[6.979007,4.824445],[6.979178,4.82448]]]}},{"type":"Feature","properties":{"h":3.0,"on_route":false},"geometry":{"type":"Polygon","coordinates":[[[6.98086,4.824516],[6.98071,4.824523],[6.980703,4.824397],[6.980852,4.824388],[6.98086,4.824516]]]}},{"type":"Feature","properties":{"h":3.0,"on_route":false},"geometry":{"type":"Polygon","coordinates":[[[6.975106,4.822902],[6.975087,4.823027],[6.974903,4.823],[6.974922,4.822874],[6.975106,4.822902]]]}},{"type":"Feature","properties":{"h":3.0,"on_route":false},"geometry":{"type":"Polygon","coordinates":[[[6.978806,4.826515],[6.978781,4.826579],[6.978738,4.826562],[6.978763,4.826498],[6.978806,4.826515]]]}},{"type":"Feature","properties":{"h":3.0,"on_route":false},"geometry":{"type":"Polygon","coordinates":[[[6.975058,4.824492],[6.974878,4.824502],[6.974869,4.824313],[6.975048,4.824304],[6.975058,4.824492]]]}},{"type":"Feature","properties":{"h":3.0,"on_route":false},"geometry":{"type":"Polygon","coordinates":[[[6.979439,4.826255],[6.97942,4.826372],[6.97932,4.826355],[6.979339,4.826239],[6.979439,4.826255]]]}},{"type":"Feature","properties":{"h":3.0,"on_route":false},"geometry":{"type":"Polygon","coordinates":[[[6.975316,4.820749],[6.975307,4.820849],[6.975172,4.820836],[6.975181,4.820736],[6.975316,4.820749]]]}},{"type":"Feature","properties":{"h":3.0,"on_route":false},"geometry":{"type":"Polygon","coordinates":[[[6.975254,4.823809],[6.975244,4.823852],[6.975171,4.823836],[6.975181,4.823793],[6.975254,4.823809]]]}},{"type":"Feature","properties":{"h":3.0,"on_route":false},"geometry":{"type":"Polygon","coordinates":[[[6.976193,4.821245],[6.976188,4.821279],[6.976131,4.821271],[6.976136,4.821237],[6.976193,4.821245]]]}},{"type":"Feature","properties":{"h":3.0,"on_route":false},"geometry":{"type":"Polygon","coordinates":[[[6.973498,4.824214],[6.973545,4.824316],[6.973502,4.824336],[6.973455,4.824234],[6.973498,4.824214]]]}},{"type":"Feature","properties":{"h":3.0,"on_route":false},"geometry":{"type":"Polygon","coordinates":[[[6.979954,4.82605],[6.979956,4.826031],[6.980067,4.826045],[6.980059,4.826107],[6.979922,4.826089],[6.979927,4.826046],[6.979954,4.82605]]]}},{"type":"Feature","properties":{"h":3.0,"on_route":false},"geometry":{"type":"Polygon","coordinates":[[[6.977505,4.825121],[6.977487,4.825225],[6.977164,4.825169],[6.977182,4.825065],[6.977505,4.825121]]]}},{"type":"Feature","properties":{"h":3.0,"on_route":false},"geometry":{"type":"Polygon","coordinates":[[[6.974063,4.821583],[6.974,4.821768],[6.973907,4.821737],[6.97397,4.821552],[6.974063,4.821583]]]}},{"type":"Feature","properties":{"h":3.0,"on_route":false},"geometry":{"type":"Polygon","coordinates":[[[6.974133,4.822938],[6.974091,4.823177],[6.973971,4.823156],[6.974012,4.822917],[6.974133,4.822938]]]}},{"type":"Feature","properties":{"h":3.0,"on_route":false},"geometry":{"type":"Polygon","coordinates":[[[6.978572,4.825617],[6.978553,4.825691],[6.978464,4.825669],[6.978483,4.825594],[6.978572,4.825617]]]}},{"type":"Feature","properties":{"h":3.0,"on_route":false},"geometry":{"type":"Polygon","coordinates":[[[6.977092,4.820917],[6.976971,4.820954],[6.976953,4.820895],[6.977074,4.820857],[6.977092,4.820917]]]}},{"type":"Feature","properties":{"h":3.0,"on_route":false},"geometry":{"type":"Polygon","coordinates":[[[6.976449,4.8271],[6.976365,4.827106],[6.976355,4.826974],[6.97644,4.826968],[6.976449,4.8271]]]}},{"type":"Feature","properties":{"h":3.0,"on_route":false},"geometry":{"type":"Polygon","coordinates":[[[6.974523,4.821416],[6.974496,4.821498],[6.974401,4.821466],[6.974428,4.821384],[6.974523,4.821416]]]}},{"type":"Feature","properties":{"h":3.0,"on_route":false},"geometry":{"type":"Polygon","coordinates":[[[6.974949,4.824027],[6.974939,4.824162],[6.974755,4.824149],[6.974764,4.824014],[6.974949,4.824027]]]}},{"type":"Feature","properties":{"h":3.0,"on_route":false},"geometry":{"type":"Polygon","coordinates":[[[6.97467,4.825057],[6.974687,4.82519],[6.97463,4.825198],[6.974613,4.825064],[6.97467,4.825057]]]}},{"type":"Feature","properties":{"h":3.0,"on_route":false},"geometry":{"type":"Polygon","coordinates":[[[6.974943,4.820486],[6.974933,4.820587],[6.974884,4.820582],[6.974894,4.820481],[6.974943,4.820486]]]}},{"type":"Feature","properties":{"h":3.0,"on_route":false},"geometry":{"type":"Polygon","coordinates":[[[6.973803,4.821812],[6.973789,4.821869],[6.97359,4.82182],[6.973604,4.821763],[6.973803,4.821812]]]}},{"type":"Feature","properties":{"h":3.0,"on_route":false},"geometry":{"type":"Polygon","coordinates":[[[6.979963,4.820263],[6.97997,4.820323],[6.979915,4.820329],[6.979909,4.820269],[6.979963,4.820263]]]}},{"type":"Feature","properties":{"h":3.0,"on_route":false},"geometry":{"type":"Polygon","coordinates":[[[6.980915,4.82245],[6.98091,4.822524],[6.981027,4.822533],[6.981024,4.822579],[6.980849,4.822565],[6.980854,4.822504],[6.980764,4.822497],[6.980757,4.82259],[6.980704,4.822586],[6.980715,4.822435],[6.980915,4.82245]]]}},{"type":"Feature","properties":{"h":3.0,"on_route":false},"geometry":{"type":"Polygon","coordinates":[[[6.979943,4.826164],[6.979952,4.826093],[6.980119,4.826114],[6.980106,4.826221],[6.979908,4.826196],[6.979913,4.82616],[6.979943,4.826164]]]}},{"type":"Feature","properties":{"h":3.0,"on_route":false},"geometry":{"type":"Polygon","coordinates":[[[6.976505,4.825223],[6.976489,4.825266],[6.976462,4.825255],[6.976478,4.825213],[6.976505,4.825223]]]}},{"type":"Feature","properties":{"h":3.0,"on_route":false},"geometry":{"type":"Polygon","coordinates":[[[6.975903,4.825612],[6.975873,4.825731],[6.975617,4.825667],[6.975646,4.825548],[6.975903,4.825612]]]}},{"type":"Feature","properties":{"h":3.0,"on_route":false},"geometry":{"type":"Polygon","coordinates":[[[6.980309,4.825136],[6.980303,4.825195],[6.980026,4.82517],[6.980031,4.825111],[6.980309,4.825136]]]}},{"type":"Feature","properties":{"h":3.0,"on_route":false},"geometry":{"type":"Polygon","coordinates":[[[6.981502,4.822012],[6.981355,4.822002],[6.98136,4.82193],[6.981507,4.821939],[6.981502,4.822012]]]}},{"type":"Feature","properties":{"h":3.0,"on_route":false},"geometry":{"type":"Polygon","coordinates":[[[6.975898,4.821438],[6.975904,4.821417],[6.975964,4.821434],[6.975944,4.821502],[6.975866,4.821479],[6.975879,4.821432],[6.975898,4.821438]]]}},{"type":"Feature","properties":{"h":3.0,"on_route":false},"geometry":{"type":"Polygon","coordinates":[[[6.978165,4.825598],[6.978136,4.825708],[6.978065,4.825689],[6.978094,4.825579],[6.978165,4.825598]]]}},{"type":"Feature","properties":{"h":3.0,"on_route":false},"geometry":{"type":"Polygon","coordinates":[[[6.979859,4.825857],[6.979845,4.825948],[6.979621,4.825913],[6.979635,4.825822],[6.979859,4.825857]]]}},{"type":"Feature","properties":{"h":3.0,"on_route":false},"geometry":{"type":"Polygon","coordinates":[[[6.979574,4.825],[6.979542,4.825166],[6.979445,4.825147],[6.979477,4.824982],[6.979574,4.825]]]}},{"type":"Feature","properties":{"h":3.0,"on_route":true},"geometry":{"type":"Polygon","coordinates":[[[6.979509,4.820398],[6.97952,4.820574],[6.979413,4.820581],[6.979402,4.820405],[6.979509,4.820398]]]}},{"type":"Feature","properties":{"h":3.0,"on_route":false},"geometry":{"type":"Polygon","coordinates":[[[6.981341,4.823544],[6.981442,4.823562],[6.981435,4.823598],[6.981404,4.823592],[6.981394,4.823643],[6.981325,4.82363],[6.981341,4.823544]]]}},{"type":"Feature","properties":{"h":3.0,"on_route":false},"geometry":{"type":"Polygon","coordinates":[[[6.979899,4.825377],[6.979894,4.825408],[6.979929,4.825414],[6.979913,4.825518],[6.979878,4.825512],[6.979881,4.825492],[6.979841,4.825485],[6.979859,4.825371],[6.979899,4.825377]]]}},{"type":"Feature","properties":{"h":3.0,"on_route":false},"geometry":{"type":"Polygon","coordinates":[[[6.978838,4.825841],[6.978816,4.825923],[6.978665,4.825882],[6.978687,4.8258],[6.978838,4.825841]]]}},{"type":"Feature","properties":{"h":3.0,"on_route":false},"geometry":{"type":"Polygon","coordinates":[[[6.97669,4.825342],[6.976671,4.825391],[6.976585,4.825358],[6.976603,4.825309],[6.97669,4.825342]]]}},{"type":"Feature","properties":{"h":3.0,"on_route":false},"geometry":{"type":"Polygon","coordinates":[[[6.975429,4.823918],[6.975427,4.823942],[6.975461,4.823944],[6.975452,4.824087],[6.9753,4.824077],[6.975311,4.82391],[6.975429,4.823918]]]}},{"type":"Feature","properties":{"h":3.0,"on_route":false},"geometry":{"type":"Polygon","coordinates":[[[6.979513,4.825917],[6.979493,4.826046],[6.979378,4.826028],[6.979398,4.825899],[6.979513,4.825917]]]}},{"type":"Feature","properties":{"h":3.0,"on_route":false},"geometry":{"type":"Polygon","coordinates":[[[6.97779,4.824667],[6.97779,4.824663],[6.977882,4.824671],[6.977879,4.824699],[6.977919,4.824702],[6.977907,4.824842],[6.977838,4.824836],[6.977841,4.824808],[6.977705,4.824796],[6.977717,4.82466],[6.97779,4.824667]]]}},{"type":"Feature","properties":{"h":3.0,"on_route":false},"geometry":{"type":"Polygon","coordinates":[[[6.979531,4.824767],[6.979533,4.824716],[6.979643,4.824721],[6.979641,4.824772],[6.979735,4.824776],[6.979729,4.824914],[6.979678,4.824911],[6.979677,4.824931],[6.979524,4.824924],[6.979527,4.82486],[6.979459,4.824858],[6.979462,4.824765],[6.979531,4.824767]]]}},{"type":"Feature","properties":{"h":3.0,"on_route":false},"geometry":{"type":"Polygon","coordinates":[[[6.975762,4.820127],[6.975724,4.820141],[6.975682,4.820027],[6.97572,4.820013],[6.975762,4.820127]]]}},{"type":"Feature","properties":{"h":3.0,"on_route":false},"geometry":{"type":"Polygon","coordinates":[[[6.978215,4.821192],[6.978079,4.821203],[6.978075,4.821155],[6.978211,4.821144],[6.978215,4.821192]]]}},{"type":"Feature","properties":{"h":3.0,"on_route":false},"geometry":{"type":"Polygon","coordinates":[[[6.974883,4.821841],[6.974858,4.821939],[6.974714,4.821901],[6.974739,4.821803],[6.974883,4.821841]]]}},{"type":"Feature","properties":{"h":3.0,"on_route":true},"geometry":{"type":"Polygon","coordinates":[[[6.979427,4.820742],[6.979429,4.820765],[6.97941,4.820768],[6.979407,4.820744],[6.979427,4.820742]]]}},{"type":"Feature","properties":{"h":3.0,"on_route":false},"geometry":{"type":"Polygon","coordinates":[[[6.975236,4.824022],[6.975233,4.824071],[6.975146,4.824065],[6.975149,4.824016],[6.975236,4.824022]]]}},{"type":"Feature","properties":{"h":3.0,"on_route":false},"geometry":{"type":"Polygon","coordinates":[[[6.974542,4.825005],[6.974568,4.825116],[6.97444,4.825146],[6.974431,4.825109],[6.97441,4.825114],[6.974392,4.82504],[6.974542,4.825005]]]}},{"type":"Feature","properties":{"h":3.0,"on_route":false},"geometry":{"type":"Polygon","coordinates":[[[6.974789,4.823744],[6.974747,4.82394],[6.974626,4.823914],[6.974668,4.823718],[6.974789,4.823744]]]}},{"type":"Feature","properties":{"h":3.0,"on_route":false},"geometry":{"type":"Polygon","coordinates":[[[6.981001,4.823071],[6.980997,4.82312],[6.980912,4.823114],[6.980916,4.823065],[6.981001,4.823071]]]}},{"type":"Feature","properties":{"h":3.0,"on_route":false},"geometry":{"type":"Polygon","coordinates":[[[6.98051,4.823597],[6.9805,4.823715],[6.980404,4.823707],[6.980413,4.823589],[6.98051,4.823597]]]}},{"type":"Feature","properties":{"h":3.0,"on_route":false},"geometry":{"type":"Polygon","coordinates":[[[6.980155,4.823917],[6.980151,4.823976],[6.980099,4.823973],[6.980103,4.823913],[6.980155,4.823917]]]}},{"type":"Feature","properties":{"h":3.0,"on_route":false},"geometry":{"type":"Polygon","coordinates":[[[6.980878,4.821848],[6.980892,4.821947],[6.980829,4.821957],[6.980814,4.821858],[6.980878,4.821848]]]}},{"type":"Feature","properties":{"h":3.0,"on_route":false},"geometry":{"type":"Polygon","coordinates":[[[6.979801,4.826073],[6.979791,4.82613],[6.979627,4.8261],[6.979638,4.826043],[6.979801,4.826073]]]}},{"type":"Feature","properties":{"h":3.0,"on_route":false},"geometry":{"type":"Polygon","coordinates":[[[6.978966,4.821081],[6.978919,4.821108],[6.978907,4.821088],[6.978955,4.82106],[6.978966,4.821081]]]}},{"type":"Feature","properties":{"h":3.0,"on_route":false},"geometry":{"type":"Polygon","coordinates":[[[6.978314,4.821628],[6.978303,4.821688],[6.978243,4.821677],[6.978254,4.821617],[6.978314,4.821628]]]}},{"type":"Feature","properties":{"h":3.0,"on_route":false},"geometry":{"type":"Polygon","coordinates":[[[6.981517,4.823146],[6.981427,4.823152],[6.981422,4.823087],[6.981512,4.82308],[6.981517,4.823146]]]}},{"type":"Feature","properties":{"h":3.0,"on_route":false},"geometry":{"type":"Polygon","coordinates":[[[6.979048,4.825093],[6.979028,4.825157],[6.978857,4.825104],[6.978877,4.82504],[6.979048,4.825093]]]}},{"type":"Feature","properties":{"h":3.0,"on_route":false},"geometry":{"type":"Polygon","coordinates":[[[6.980609,4.823077],[6.980527,4.82306],[6.980502,4.823174],[6.980444,4.823162],[6.980491,4.822944],[6.980631,4.822975],[6.980609,4.823077]]]}},{"type":"Feature","properties":{"h":3.0,"on_route":false},"geometry":{"type":"Polygon","coordinates":[[[6.979207,4.825247],[6.979127,4.825453],[6.979035,4.825417],[6.979046,4.82539],[6.978989,4.825368],[6.979058,4.825189],[6.979207,4.825247]]]}},{"type":"Feature","properties":{"h":3.0,"on_route":false},"geometry":{"type":"Polygon","coordinates":[[[6.980002,4.822194],[6.979996,4.822235],[6.980017,4.822238],[6.979998,4.822373],[6.9799,4.82236],[6.979924,4.822183],[6.980002,4.822194]]]}},{"type":"Feature","properties":{"h":3.0,"on_route":false},"geometry":{"type":"Polygon","coordinates":[[[6.980317,4.820362],[6.980327,4.820599],[6.980208,4.820604],[6.980198,4.820367],[6.980317,4.820362]]]}},{"type":"Feature","properties":{"h":3.0,"on_route":false},"geometry":{"type":"Polygon","coordinates":[[[6.978292,4.826804],[6.978262,4.82691],[6.978176,4.826886],[6.978206,4.82678],[6.978292,4.826804]]]}},{"type":"Feature","properties":{"h":3.0,"on_route":false},"geometry":{"type":"Polygon","coordinates":[[[6.973882,4.822458],[6.973879,4.8225],[6.973837,4.822497],[6.973841,4.822454],[6.973882,4.822458]]]}},{"type":"Feature","properties":{"h":3.0,"on_route":false},"geometry":{"type":"Polygon","coordinates":[[[6.980074,4.820513],[6.979938,4.820528],[6.979927,4.820429],[6.980063,4.820413],[6.980074,4.820513]]]}},{"type":"Feature","properties":{"h":3.0,"on_route":false},"geometry":{"type":"Polygon","coordinates":[[[6.976196,4.822143],[6.976185,4.822204],[6.976075,4.822184],[6.976086,4.822122],[6.976196,4.822143]]]}},{"type":"Feature","properties":{"h":3.0,"on_route":false},"geometry":{"type":"Polygon","coordinates":[[[6.976526,4.826991],[6.976525,4.826969],[6.976595,4.826966],[6.976601,4.827094],[6.976462,4.827101],[6.976456,4.826995],[6.976526,4.826991]]]}},{"type":"Feature","properties":{"h":3.0,"on_route":false},"geometry":{"type":"Polygon","coordinates":[[[6.976111,4.822368],[6.976108,4.82239],[6.976147,4.822395],[6.97615,4.822373],[6.976292,4.822392],[6.976278,4.822495],[6.976071,4.822468],[6.976084,4.822364],[6.976111,4.822368]]]}},{"type":"Feature","properties":{"h":3.0,"on_route":false},"geometry":{"type":"Polygon","coordinates":[[[6.980709,4.824065],[6.980705,4.824125],[6.980546,4.824115],[6.98055,4.824055],[6.980709,4.824065]]]}},{"type":"Feature","properties":{"h":3.0,"on_route":false},"geometry":{"type":"Polygon","coordinates":[[[6.980401,4.823619],[6.980383,4.823706],[6.980328,4.823695],[6.980346,4.823608],[6.980401,4.823619]]]}},{"type":"Feature","properties":{"h":3.0,"on_route":false},"geometry":{"type":"Polygon","coordinates":[[[6.978757,4.821133],[6.978686,4.821139],[6.978675,4.820994],[6.978747,4.820989],[6.978757,4.821133]]]}},{"type":"Feature","properties":{"h":3.0,"on_route":false},"geometry":{"type":"Polygon","coordinates":[[[6.9757,4.821101],[6.975676,4.821239],[6.97563,4.821231],[6.97564,4.821174],[6.975584,4.821164],[6.975598,4.821083],[6.9757,4.821101]]]}},{"type":"Feature","properties":{"h":3.0,"on_route":false},"geometry":{"type":"Polygon","coordinates":[[[6.974564,4.824343],[6.974568,4.824386],[6.974522,4.82439],[6.974529,4.824474],[6.974479,4.824478],[6.974469,4.82435],[6.974564,4.824343]]]}},{"type":"Feature","properties":{"h":3.0,"on_route":false},"geometry":{"type":"Polygon","coordinates":[[[6.974404,4.822586],[6.974388,4.822707],[6.974243,4.822687],[6.97426,4.822566],[6.974404,4.822586]]]}},{"type":"Feature","properties":{"h":3.0,"on_route":false},"geometry":{"type":"Polygon","coordinates":[[[6.977994,4.8254],[6.977959,4.825533],[6.977822,4.825497],[6.977858,4.825363],[6.977994,4.8254]]]}},{"type":"Feature","properties":{"h":3.0,"on_route":false},"geometry":{"type":"Polygon","coordinates":[[[6.978669,4.820057],[6.978508,4.820069],[6.978518,4.82019],[6.978454,4.820195],[6.978438,4.819997],[6.978663,4.81998],[6.978669,4.820057]]]}},{"type":"Feature","properties":{"h":3.0,"on_route":false},"geometry":{"type":"Polygon","coordinates":[[[6.97604,4.821717],[6.975958,4.822029],[6.975851,4.822],[6.975934,4.821689],[6.97604,4.821717]]]}},{"type":"Feature","properties":{"h":3.0,"on_route":false},"geometry":{"type":"Polygon","coordinates":[[[6.980049,4.822858],[6.980149,4.822881],[6.980143,4.822908],[6.980042,4.822885],[6.980049,4.822858]]]}},{"type":"Feature","properties":{"h":3.0,"on_route":false},"geometry":{"type":"Polygon","coordinates":[[[6.978555,4.823908],[6.978666,4.823928],[6.978659,4.823965],[6.978548,4.823945],[6.978555,4.823908]]]}},{"type":"Feature","properties":{"h":3.0,"on_route":false},"geometry":{"type":"Polygon","coordinates":[[[6.979685,4.821405],[6.979692,4.821489],[6.979591,4.821497],[6.979585,4.821413],[6.979685,4.821405]]]}},{"type":"Feature","properties":{"h":3.0,"on_route":false},"geometry":{"type":"Polygon","coordinates":[[[6.979903,4.826361],[6.979897,4.826409],[6.979862,4.826404],[6.979869,4.826356],[6.979903,4.826361]]]}},{"type":"Feature","properties":{"h":3.0,"on_route":false},"geometry":{"type":"Polygon","coordinates":[[[6.979703,4.823708],[6.979695,4.823828],[6.979582,4.82382],[6.979578,4.823878],[6.979536,4.823875],[6.979538,4.82384],[6.979488,4.823837],[6.979497,4.823694],[6.979703,4.823708]]]}},{"type":"Feature","properties":{"h":3.0,"on_route":false},"geometry":{"type":"Polygon","coordinates":[[[6.98129,4.824179],[6.981281,4.824243],[6.981151,4.824226],[6.98116,4.824162],[6.98129,4.824179]]]}},{"type":"Feature","properties":{"h":3.0,"on_route":false},"geometry":{"type":"Polygon","coordinates":[[[6.979251,4.824305],[6.979214,4.824482],[6.9791,4.824458],[6.979137,4.824281],[6.979251,4.824305]]]}},{"type":"Feature","properties":{"h":3.0,"on_route":false},"geometry":{"type":"Polygon","coordinates":[[[6.976493,4.824477],[6.976478,4.824517],[6.976369,4.824475],[6.976385,4.824435],[6.976493,4.824477]]]}},{"type":"Feature","properties":{"h":3.0,"on_route":false},"geometry":{"type":"Polygon","coordinates":[[[6.979606,4.825316],[6.979577,4.825504],[6.979504,4.825493],[6.979533,4.825305],[6.979606,4.825316]]]}},{"type":"Feature","properties":{"h":3.0,"on_route":false},"geometry":{"type":"Polygon","coordinates":[[[6.975078,4.82465],[6.975081,4.82469],[6.975039,4.824694],[6.975036,4.824653],[6.975078,4.82465]]]}},{"type":"Feature","properties":{"h":3.0,"on_route":false},"geometry":{"type":"Polygon","coordinates":[[[6.975298,4.820025],[6.975256,4.820035],[6.975247,4.819996],[6.975289,4.819986],[6.975298,4.820025]]]}},{"type":"Feature","properties":{"h":3.0,"on_route":false},"geometry":{"type":"Polygon","coordinates":[[[6.979423,4.825656],[6.979413,4.825721],[6.979302,4.825703],[6.979312,4.825639],[6.979423,4.825656]]]}},{"type":"Feature","properties":{"h":3.0,"on_route":false},"geometry":{"type":"Polygon","coordinates":[[[6.978791,4.827111],[6.978694,4.827059],[6.978794,4.826871],[6.978891,4.826923],[6.978791,4.827111]]]}},{"type":"Feature","properties":{"h":3.0,"on_route":false},"geometry":{"type":"Polygon","coordinates":[[[6.981102,4.821714],[6.981092,4.821846],[6.98098,4.821837],[6.98099,4.821705],[6.981102,4.821714]]]}},{"type":"Feature","properties":{"h":3.0,"on_route":true},"geometry":{"type":"Polygon","coordinates":[[[6.979282,4.820812],[6.979252,4.820829],[6.979266,4.820854],[6.979231,4.820873],[6.979188,4.820797],[6.979253,4.82076],[6.979282,4.820812]]]}},{"type":"Feature","properties":{"h":3.0,"on_route":false},"geometry":{"type":"Polygon","coordinates":[[[6.975758,4.824997],[6.975979,4.82503],[6.97597,4.825089],[6.97575,4.825055],[6.975758,4.824997]]]}},{"type":"Feature","properties":{"h":3.0,"on_route":false},"geometry":{"type":"Polygon","coordinates":[[[6.976306,4.82035],[6.976366,4.820462],[6.976328,4.820482],[6.976268,4.82037],[6.976306,4.82035]]]}},{"type":"Feature","properties":{"h":3.0,"on_route":false},"geometry":{"type":"Polygon","coordinates":[[[6.98038,4.825528],[6.980376,4.825629],[6.980318,4.825627],[6.980322,4.825526],[6.98038,4.825528]]]}},{"type":"Feature","properties":{"h":3.0,"on_route":false},"geometry":{"type":"Polygon","coordinates":[[[6.975836,4.821653],[6.975825,4.821694],[6.97577,4.821679],[6.97578,4.821639],[6.975836,4.821653]]]}},{"type":"Feature","properties":{"h":3.0,"on_route":false},"geometry":{"type":"Polygon","coordinates":[[[6.979623,4.822998],[6.979603,4.823078],[6.979528,4.823059],[6.979548,4.822979],[6.979623,4.822998]]]}},{"type":"Feature","properties":{"h":3.0,"on_route":false},"geometry":{"type":"Polygon","coordinates":[[[6.978947,4.825158],[6.978925,4.825224],[6.978901,4.825216],[6.97887,4.825312],[6.978893,4.82532],[6.978868,4.825396],[6.978896,4.825406],[6.97886,4.825514],[6.97892,4.825534],[6.978873,4.825678],[6.978761,4.825641],[6.978824,4.82545],[6.978752,4.825426],[6.978851,4.825126],[6.978947,4.825158]]]}},{"type":"Feature","properties":{"h":3.0,"on_route":false},"geometry":{"type":"Polygon","coordinates":[[[6.973769,4.823343],[6.973765,4.823427],[6.973706,4.823424],[6.97371,4.82334],[6.973769,4.823343]]]}},{"type":"Feature","properties":{"h":3.0,"on_route":false},"geometry":{"type":"Polygon","coordinates":[[[6.980199,4.825709],[6.980448,4.825702],[6.98045,4.825791],[6.980553,4.825787],[6.980555,4.825845],[6.980356,4.825851],[6.980355,4.82582],[6.980202,4.825824],[6.980199,4.825709]]]}},{"type":"Feature","properties":{"h":3.0,"on_route":false},"geometry":{"type":"Polygon","coordinates":[[[6.977952,4.82561],[6.977921,4.825695],[6.977862,4.825673],[6.977893,4.825588],[6.977952,4.82561]]]}},{"type":"Feature","properties":{"h":3.0,"on_route":false},"geometry":{"type":"Polygon","coordinates":[[[6.979923,4.82212],[6.979787,4.822093],[6.979805,4.822006],[6.979874,4.822019],[6.979914,4.821813],[6.979981,4.821826],[6.979923,4.82212]]]}},{"type":"Feature","properties":{"h":3.0,"on_route":false},"geometry":{"type":"Polygon","coordinates":[[[6.97575,4.82357],[6.975735,4.823649],[6.975655,4.823633],[6.975635,4.823732],[6.975715,4.823748],[6.9757,4.823822],[6.975446,4.823772],[6.975461,4.823697],[6.975558,4.823717],[6.975578,4.823618],[6.975546,4.823612],[6.975541,4.823636],[6.975476,4.823623],[6.975496,4.823519],[6.97575,4.82357]]]}},{"type":"Feature","properties":{"h":3.0,"on_route":false},"geometry":{"type":"Polygon","coordinates":[[[6.977007,4.821553],[6.97698,4.821812],[6.976929,4.821806],[6.976927,4.821831],[6.976858,4.821824],[6.97686,4.821799],[6.976797,4.821793],[6.976813,4.821648],[6.976772,4.821643],[6.976784,4.821529],[6.977007,4.821553]]]}},{"type":"Feature","properties":{"h":3.0,"on_route":false},"geometry":{"type":"Polygon","coordinates":[[[6.977922,4.821923],[6.977918,4.82195],[6.977941,4.821953],[6.97792,4.822093],[6.977897,4.822089],[6.977894,4.822112],[6.977759,4.822092],[6.977787,4.821903],[6.977922,4.821923]]]}},{"type":"Feature","properties":{"h":3.0,"on_route":false},"geometry":{"type":"Polygon","coordinates":[[[6.973951,4.822388],[6.973942,4.822441],[6.973898,4.822434],[6.973907,4.822381],[6.973951,4.822388]]]}},{"type":"Feature","properties":{"h":3.0,"on_route":false},"geometry":{"type":"Polygon","coordinates":[[[6.981062,4.821044],[6.981021,4.821055],[6.981003,4.82099],[6.981044,4.820979],[6.981062,4.821044]]]}},{"type":"Feature","properties":{"h":3.0,"on_route":false},"geometry":{"type":"Polygon","coordinates":[[[6.979246,4.826065],[6.979099,4.826041],[6.979113,4.825957],[6.979192,4.82597],[6.979197,4.825942],[6.979265,4.825953],[6.979246,4.826065]]]}},{"type":"Feature","properties":{"h":3.0,"on_route":false},"geometry":{"type":"Polygon","coordinates":[[[6.980464,4.825042],[6.980466,4.825069],[6.980591,4.82506],[6.980602,4.825209],[6.980424,4.825222],[6.980411,4.825045],[6.980464,4.825042]]]}},{"type":"Feature","properties":{"h":3.0,"on_route":false},"geometry":{"type":"Polygon","coordinates":[[[6.97782,4.826038],[6.977809,4.826072],[6.977712,4.826042],[6.977723,4.826008],[6.97782,4.826038]]]}},{"type":"Feature","properties":{"h":3.0,"on_route":false},"geometry":{"type":"Polygon","coordinates":[[[6.976209,4.822271],[6.976207,4.822339],[6.976138,4.822336],[6.97614,4.822269],[6.976209,4.822271]]]}},{"type":"Feature","properties":{"h":3.0,"on_route":false},"geometry":{"type":"Polygon","coordinates":[[[6.979607,4.823566],[6.979594,4.823693],[6.979279,4.823659],[6.979292,4.823532],[6.979607,4.823566]]]}},{"type":"Feature","properties":{"h":3.0,"on_route":false},"geometry":{"type":"Polygon","coordinates":[[[6.980153,4.822822],[6.980142,4.822867],[6.98003,4.822842],[6.98004,4.822796],[6.980153,4.822822]]]}},{"type":"Feature","properties":{"h":3.0,"on_route":false},"geometry":{"type":"Polygon","coordinates":[[[6.979293,4.825251],[6.979245,4.825384],[6.97919,4.825364],[6.979238,4.825231],[6.979293,4.825251]]]}},{"type":"Feature","properties":{"h":3.0,"on_route":false},"geometry":{"type":"Polygon","coordinates":[[[6.979452,4.825813],[6.979441,4.825883],[6.979398,4.825876],[6.979393,4.825909],[6.979298,4.825894],[6.979315,4.82579],[6.979452,4.825813]]]}},{"type":"Feature","properties":{"h":3.0,"on_route":false},"geometry":{"type":"Polygon","coordinates":[[[6.977903,4.826324],[6.977861,4.826401],[6.977817,4.826377],[6.977829,4.826353],[6.977769,4.826321],[6.977798,4.826267],[6.977903,4.826324]]]}},{"type":"Feature","properties":{"h":3.0,"on_route":false},"geometry":{"type":"Polygon","coordinates":[[[6.974893,4.820332],[6.97488,4.820436],[6.974797,4.820425],[6.974811,4.820322],[6.974893,4.820332]]]}},{"type":"Feature","properties":{"h":3.0,"on_route":false},"geometry":{"type":"Polygon","coordinates":[[[6.974559,4.823043],[6.974534,4.823182],[6.97437,4.823152],[6.974376,4.823122],[6.974348,4.823117],[6.974361,4.823048],[6.974388,4.823053],[6.974396,4.823013],[6.974559,4.823043]]]}},{"type":"Feature","properties":{"h":3.0,"on_route":false},"geometry":{"type":"Polygon","coordinates":[[[6.978426,4.826842],[6.978385,4.826986],[6.978312,4.826965],[6.978353,4.826821],[6.978426,4.826842]]]}},{"type":"Feature","properties":{"h":3.0,"on_route":false},"geometry":{"type":"Polygon","coordinates":[[[6.97592,4.824394],[6.975917,4.824447],[6.97587,4.824444],[6.975873,4.824391],[6.97592,4.824394]]]}},{"type":"Feature","properties":{"h":3.0,"on_route":false},"geometry":{"type":"Polygon","coordinates":[[[6.981134,4.821367],[6.981062,4.82138],[6.981046,4.82129],[6.981091,4.821282],[6.981086,4.821254],[6.981114,4.82125],[6.981134,4.821367]]]}},{"type":"Feature","properties":{"h":3.0,"on_route":false},"geometry":{"type":"Polygon","coordinates":[[[6.974296,4.822968],[6.974289,4.82301],[6.974234,4.823001],[6.974242,4.822958],[6.974296,4.822968]]]}},{"type":"Feature","properties":{"h":3.0,"on_route":false},"geometry":{"type":"Polygon","coordinates":[[[6.976048,4.821538],[6.97603,4.821596],[6.97586,4.821543],[6.975878,4.821485],[6.976048,4.821538]]]}},{"type":"Feature","properties":{"h":3.0,"on_route":false},"geometry":{"type":"Polygon","coordinates":[[[6.97766,4.819401],[6.97764,4.819517],[6.977508,4.819494],[6.977527,4.819379],[6.97766,4.819401]]]}},{"type":"Feature","properties":{"h":3.0,"on_route":false},"geometry":{"type":"Polygon","coordinates":[[[6.975357,4.820445],[6.975413,4.82071],[6.975355,4.820723],[6.975298,4.820458],[6.975357,4.820445]]]}},{"type":"Feature","properties":{"h":3.0,"on_route":false},"geometry":{"type":"Polygon","coordinates":[[[6.979287,4.826955],[6.97925,4.826943],[6.979274,4.826867],[6.97931,4.826879],[6.979287,4.826955]]]}},{"type":"Feature","properties":{"h":3.0,"on_route":false},"geometry":{"type":"Polygon","coordinates":[[[6.975411,4.820385],[6.975238,4.820422],[6.975216,4.820319],[6.975389,4.820283],[6.975411,4.820385]]]}},{"type":"Feature","properties":{"h":3.0,"on_route":false},"geometry":{"type":"Polygon","coordinates":[[[6.979613,4.820864],[6.97963,4.820918],[6.979594,4.82093],[6.979576,4.820876],[6.979613,4.820864]]]}},{"type":"Feature","properties":{"h":3.0,"on_route":false},"geometry":{"type":"Polygon","coordinates":[[[6.976048,4.820691],[6.976008,4.820701],[6.975998,4.820661],[6.976038,4.820652],[6.976048,4.820691]]]}},{"type":"Feature","properties":{"h":3.0,"on_route":false},"geometry":{"type":"Polygon","coordinates":[[[6.979437,4.824014],[6.97942,4.824167],[6.979373,4.824162],[6.97938,4.824108],[6.979329,4.824102],[6.979341,4.824003],[6.979437,4.824014]]]}},{"type":"Feature","properties":{"h":3.0,"on_route":false},"geometry":{"type":"Polygon","coordinates":[[[6.980807,4.82187],[6.980809,4.82191],[6.980747,4.821912],[6.980745,4.821872],[6.980807,4.82187]]]}},{"type":"Feature","properties":{"h":3.0,"on_route":false},"geometry":{"type":"Polygon","coordinates":[[[6.979138,4.825471],[6.979129,4.825506],[6.979078,4.825493],[6.979087,4.825458],[6.979138,4.825471]]]}},{"type":"Feature","properties":{"h":3.0,"on_route":false},"geometry":{"type":"Polygon","coordinates":[[[6.980915,4.820689],[6.980877,4.820702],[6.980908,4.82079],[6.98075,4.820847],[6.980695,4.820693],[6.980891,4.820622],[6.980915,4.820689]]]}},{"type":"Feature","properties":{"h":3.0,"on_route":false},"geometry":{"type":"Polygon","coordinates":[[[6.974193,4.822947],[6.974184,4.823001],[6.974125,4.822991],[6.974134,4.822938],[6.974193,4.822947]]]}},{"type":"Feature","properties":{"h":3.0,"on_route":false},"geometry":{"type":"Polygon","coordinates":[[[6.975203,4.825843],[6.975198,4.825897],[6.975165,4.825893],[6.97517,4.82584],[6.975203,4.825843]]]}},{"type":"Feature","properties":{"h":3.0,"on_route":false},"geometry":{"type":"Polygon","coordinates":[[[6.980091,4.825941],[6.980088,4.826016],[6.979942,4.826009],[6.979945,4.825935],[6.980091,4.825941]]]}},{"type":"Feature","properties":{"h":3.0,"on_route":false},"geometry":{"type":"Polygon","coordinates":[[[6.978011,4.821285],[6.977993,4.821457],[6.977859,4.821443],[6.977877,4.821271],[6.978011,4.821285]]]}},{"type":"Feature","properties":{"h":3.0,"on_route":false},"geometry":{"type":"Polygon","coordinates":[[[6.978009,4.823992],[6.978002,4.824033],[6.977925,4.82402],[6.977932,4.823979],[6.978009,4.823992]]]}},{"type":"Feature","properties":{"h":3.0,"on_route":false},"geometry":{"type":"Polygon","coordinates":[[[6.97621,4.819564],[6.976217,4.819599],[6.976185,4.819605],[6.976178,4.81957],[6.97621,4.819564]]]}},{"type":"Feature","properties":{"h":3.0,"on_route":false},"geometry":{"type":"Polygon","coordinates":[[[6.975998,4.824904],[6.975984,4.824996],[6.975764,4.824963],[6.975777,4.82487],[6.975998,4.824904]]]}},{"type":"Feature","properties":{"h":3.0,"on_route":false},"geometry":{"type":"Polygon","coordinates":[[[6.978234,4.827154],[6.978218,4.827279],[6.978103,4.827264],[6.978119,4.82714],[6.978234,4.827154]]]}},{"type":"Feature","properties":{"h":3.0,"on_route":false},"geometry":{"type":"Polygon","coordinates":[[[6.975368,4.825396],[6.97536,4.825516],[6.975285,4.82551],[6.975287,4.825472],[6.975165,4.825464],[6.97517,4.825382],[6.975368,4.825396]]]}},{"type":"Feature","properties":{"h":3.0,"on_route":false},"geometry":{"type":"Polygon","coordinates":[[[6.977098,4.819461],[6.977097,4.819502],[6.977013,4.8195],[6.977014,4.819458],[6.977098,4.819461]]]}},{"type":"Feature","properties":{"h":3.0,"on_route":false},"geometry":{"type":"Polygon","coordinates":[[[6.975235,4.822834],[6.975232,4.822854],[6.975253,4.822857],[6.975256,4.822838],[6.975386,4.822858],[6.975369,4.822965],[6.975129,4.822927],[6.975146,4.82282],[6.975235,4.822834]]]}},{"type":"Feature","properties":{"h":3.0,"on_route":false},"geometry":{"type":"Polygon","coordinates":[[[6.976067,4.819847],[6.976005,4.819867],[6.975939,4.819665],[6.976002,4.819645],[6.976067,4.819847]]]}},{"type":"Feature","properties":{"h":3.0,"on_route":false},"geometry":{"type":"Polygon","coordinates":[[[6.980337,4.820208],[6.980343,4.820265],[6.98031,4.820269],[6.980304,4.820212],[6.980337,4.820208]]]}},{"type":"Feature","properties":{"h":3.0,"on_route":false},"geometry":{"type":"Polygon","coordinates":[[[6.980466,4.825502],[6.980457,4.825383],[6.980565,4.825375],[6.980564,4.825371],[6.980643,4.825365],[6.980652,4.825487],[6.980466,4.825502]]]}},{"type":"Feature","properties":{"h":3.0,"on_route":false},"geometry":{"type":"Polygon","coordinates":[[[6.97516,4.824337],[6.975158,4.824263],[6.975247,4.824261],[6.975249,4.824334],[6.97516,4.824337]]]}},{"type":"Feature","properties":{"h":3.0,"on_route":false},"geometry":{"type":"Polygon","coordinates":[[[6.979441,4.825542],[6.979423,4.825656],[6.979262,4.825631],[6.97928,4.825516],[6.979441,4.825542]]]}},{"type":"Feature","properties":{"h":3.0,"on_route":false},"geometry":{"type":"Polygon","coordinates":[[[6.977477,4.827563],[6.977426,4.827552],[6.97742,4.827581],[6.97736,4.827569],[6.977425,4.827247],[6.977535,4.82727],[6.977477,4.827563]]]}},{"type":"Feature","properties":{"h":3.0,"on_route":false},"geometry":{"type":"Polygon","coordinates":[[[6.976155,4.825889],[6.976111,4.826038],[6.976,4.826005],[6.976044,4.825856],[6.976155,4.825889]]]}},{"type":"Feature","properties":{"h":3.0,"on_route":false},"geometry":{"type":"Polygon","coordinates":[[[6.981232,4.824261],[6.981205,4.824533],[6.981114,4.824524],[6.981141,4.824252],[6.981232,4.824261]]]}},{"type":"Feature","properties":{"h":3.0,"on_route":false},"geometry":{"type":"Polygon","coordinates":[[[6.977104,4.821566],[6.977082,4.821693],[6.977043,4.821686],[6.977039,4.821709],[6.976983,4.821699],[6.977009,4.821549],[6.977104,4.821566]]]}},{"type":"Feature","properties":{"h":3.0,"on_route":false},"geometry":{"type":"Polygon","coordinates":[[[6.975976,4.81987],[6.975794,4.819924],[6.975777,4.819866],[6.975749,4.819875],[6.975729,4.819808],[6.975939,4.819746],[6.975976,4.81987]]]}},{"type":"Feature","properties":{"h":3.0,"on_route":false},"geometry":{"type":"Polygon","coordinates":[[[6.980576,4.82191],[6.980565,4.821955],[6.980493,4.821937],[6.980504,4.821891],[6.980576,4.82191]]]}},{"type":"Feature","properties":{"h":3.0,"on_route":false},"geometry":{"type":"Polygon","coordinates":[[[6.979945,4.821186],[6.979833,4.821199],[6.979818,4.821067],[6.979929,4.821054],[6.979945,4.821186]]]}},{"type":"Feature","properties":{"h":3.0,"on_route":false},"geometry":{"type":"Polygon","coordinates":[[[6.979929,4.824341],[6.979879,4.82435],[6.979867,4.82429],[6.979917,4.82428],[6.979929,4.824341]]]}},{"type":"Feature","properties":{"h":3.0,"on_route":false},"geometry":{"type":"Polygon","coordinates":[[[6.975776,4.826848],[6.975768,4.826943],[6.975722,4.82694],[6.975725,4.826901],[6.975596,4.826891],[6.975601,4.826834],[6.975776,4.826848]]]}},{"type":"Feature","properties":{"h":3.0,"on_route":false},"geometry":{"type":"Polygon","coordinates":[[[6.975219,4.820331],[6.975238,4.820422],[6.975179,4.820434],[6.97516,4.820344],[6.975219,4.820331]]]}},{"type":"Feature","properties":{"h":3.0,"on_route":false},"geometry":{"type":"Polygon","coordinates":[[[6.974344,4.821825],[6.974341,4.82186],[6.974435,4.821871],[6.974423,4.821979],[6.974255,4.821961],[6.97427,4.821817],[6.974344,4.821825]]]}},{"type":"Feature","properties":{"h":3.0,"on_route":false},"geometry":{"type":"Polygon","coordinates":[[[6.979392,4.824586],[6.979375,4.824733],[6.979238,4.824717],[6.979255,4.82457],[6.979392,4.824586]]]}},{"type":"Feature","properties":{"h":3.0,"on_route":false},"geometry":{"type":"Polygon","coordinates":[[[6.978347,4.820959],[6.97828,4.820959],[6.97828,4.820904],[6.978347,4.820904],[6.978347,4.820959]]]}},{"type":"Feature","properties":{"h":3.0,"on_route":false},"geometry":{"type":"Polygon","coordinates":[[[6.980198,4.825949],[6.980176,4.826122],[6.980119,4.826114],[6.980137,4.825974],[6.980107,4.825971],[6.980111,4.825938],[6.980198,4.825949]]]}},{"type":"Feature","properties":{"h":3.0,"on_route":false},"geometry":{"type":"Polygon","coordinates":[[[6.98152,4.823243],[6.981433,4.823251],[6.981427,4.82318],[6.981513,4.82317],[6.98152,4.823243]]]}},{"type":"Feature","properties":{"h":3.0,"on_route":false},"geometry":{"type":"Polygon","coordinates":[[[6.974803,4.820138],[6.974784,4.820256],[6.974701,4.820242],[6.97472,4.820125],[6.974803,4.820138]]]}},{"type":"Feature","properties":{"h":3.0,"on_route":false},"geometry":{"type":"Polygon","coordinates":[[[6.974745,4.825047],[6.974613,4.825064],[6.974606,4.825007],[6.974739,4.824991],[6.974745,4.825047]]]}},{"type":"Feature","properties":{"h":3.0,"on_route":false},"geometry":{"type":"Polygon","coordinates":[[[6.978283,4.81922],[6.978271,4.819331],[6.9782,4.819324],[6.978184,4.819481],[6.978098,4.819472],[6.978126,4.819204],[6.978283,4.81922]]]}},{"type":"Feature","properties":{"h":3.0,"on_route":false},"geometry":{"type":"Polygon","coordinates":[[[6.975237,4.824675],[6.975259,4.824869],[6.975163,4.82488],[6.975144,4.824722],[6.975173,4.824719],[6.975168,4.824683],[6.975237,4.824675]]]}},{"type":"Feature","properties":{"h":3.0,"on_route":false},"geometry":{"type":"Polygon","coordinates":[[[6.980523,4.825505],[6.980542,4.825657],[6.980494,4.825663],[6.980492,4.825644],[6.980434,4.825652],[6.980421,4.825553],[6.980468,4.825546],[6.980464,4.825513],[6.980523,4.825505]]]}},{"type":"Feature","properties":{"h":3.0,"on_route":false},"geometry":{"type":"Polygon","coordinates":[[[6.980696,4.821555],[6.980689,4.821646],[6.980594,4.821638],[6.980601,4.821547],[6.980696,4.821555]]]}},{"type":"Feature","properties":{"h":3.0,"on_route":false},"geometry":{"type":"Polygon","coordinates":[[[6.975544,4.822281],[6.975493,4.822465],[6.975375,4.822432],[6.975426,4.822248],[6.975544,4.822281]]]}},{"type":"Feature","properties":{"h":3.0,"on_route":false},"geometry":{"type":"Polygon","coordinates":[[[6.974121,4.824773],[6.974001,4.824812],[6.973959,4.824683],[6.974079,4.824644],[6.974121,4.824773]]]}},{"type":"Feature","properties":{"h":3.0,"on_route":false},"geometry":{"type":"Polygon","coordinates":[[[6.980659,4.820656],[6.980635,4.820744],[6.980591,4.820731],[6.980615,4.820643],[6.980659,4.820656]]]}},{"type":"Feature","properties":{"h":3.0,"on_route":false},"geometry":{"type":"Polygon","coordinates":[[[6.978318,4.820979],[6.978322,4.821035],[6.978284,4.821038],[6.97828,4.820982],[6.978318,4.820979]]]}},{"type":"Feature","properties":{"h":3.0,"on_route":false},"geometry":{"type":"Polygon","coordinates":[[[6.975178,4.822935],[6.975161,4.823044],[6.975102,4.823034],[6.975119,4.822925],[6.975178,4.822935]]]}},{"type":"Feature","properties":{"h":3.0,"on_route":false},"geometry":{"type":"Polygon","coordinates":[[[6.975186,4.820154],[6.97523,4.820279],[6.975157,4.820304],[6.975114,4.820179],[6.975186,4.820154]]]}},{"type":"Feature","properties":{"h":3.0,"on_route":false},"geometry":{"type":"Polygon","coordinates":[[[6.981342,4.822906],[6.981346,4.822964],[6.981235,4.822972],[6.981231,4.822915],[6.981342,4.822906]]]}},{"type":"Feature","properties":{"h":3.0,"on_route":false},"geometry":{"type":"Polygon","coordinates":[[[6.976036,4.827087],[6.975966,4.827099],[6.975957,4.827047],[6.976026,4.827034],[6.976036,4.827087]]]}},{"type":"Feature","properties":{"h":3.0,"on_route":false},"geometry":{"type":"Polygon","coordinates":[[[6.977671,4.819684],[6.977662,4.819768],[6.977526,4.819753],[6.977535,4.819669],[6.977671,4.819684]]]}},{"type":"Feature","properties":{"h":3.0,"on_route":false},"geometry":{"type":"Polygon","coordinates":[[[6.978192,4.826963],[6.978179,4.827015],[6.978138,4.827004],[6.97815,4.826953],[6.978192,4.826963]]]}},{"type":"Feature","properties":{"h":3.0,"on_route":false},"geometry":{"type":"Polygon","coordinates":[[[6.97839,4.818907],[6.978403,4.819092],[6.978272,4.819101],[6.978259,4.818916],[6.97839,4.818907]]]}},{"type":"Feature","properties":{"h":3.0,"on_route":false},"geometry":{"type":"Polygon","coordinates":[[[6.974625,4.821218],[6.974596,4.821323],[6.974505,4.821297],[6.974534,4.821192],[6.974625,4.821218]]]}},{"type":"Feature","properties":{"h":3.0,"on_route":false},"geometry":{"type":"Polygon","coordinates":[[[6.981439,4.822211],[6.981435,4.82227],[6.981337,4.822262],[6.981342,4.822204],[6.981439,4.822211]]]}},{"type":"Feature","properties":{"h":3.0,"on_route":false},"geometry":{"type":"Polygon","coordinates":[[[6.974542,4.825005],[6.974392,4.82504],[6.974345,4.82484],[6.974494,4.824805],[6.974542,4.825005]]]}},{"type":"Feature","properties":{"h":3.0,"on_route":false},"geometry":{"type":"Polygon","coordinates":[[[6.974684,4.822779],[6.974684,4.822909],[6.974614,4.822909],[6.974614,4.822951],[6.974559,4.82295],[6.974559,4.822909],[6.97452,4.822909],[6.97452,4.822779],[6.974684,4.822779]]]}},{"type":"Feature","properties":{"h":3.0,"on_route":false},"geometry":{"type":"Polygon","coordinates":[[[6.975261,4.823502],[6.975258,4.82352],[6.975271,4.823522],[6.975241,4.823697],[6.975111,4.823674],[6.975132,4.823554],[6.975033,4.823537],[6.975046,4.823464],[6.975261,4.823502]]]}},{"type":"Feature","properties":{"h":3.0,"on_route":false},"geometry":{"type":"Polygon","coordinates":[[[6.976099,4.820405],[6.976005,4.820436],[6.975972,4.820336],[6.976066,4.820305],[6.976099,4.820405]]]}},{"type":"Feature","properties":{"h":3.0,"on_route":false},"geometry":{"type":"Polygon","coordinates":[[[6.976451,4.825666],[6.976409,4.825807],[6.976225,4.825752],[6.976267,4.82561],[6.976451,4.825666]]]}},{"type":"Feature","properties":{"h":3.0,"on_route":false},"geometry":{"type":"Polygon","coordinates":[[[6.978557,4.823586],[6.97855,4.823633],[6.9785,4.823626],[6.978507,4.823578],[6.978557,4.823586]]]}},{"type":"Feature","properties":{"h":3.0,"on_route":false},"geometry":{"type":"Polygon","coordinates":[[[6.973794,4.824726],[6.973736,4.824754],[6.973704,4.824689],[6.973686,4.824651],[6.973744,4.824624],[6.973794,4.824726]]]}},{"type":"Feature","properties":{"h":3.0,"on_route":false},"geometry":{"type":"Polygon","coordinates":[[[6.976256,4.8248],[6.976237,4.824933],[6.976057,4.824907],[6.976076,4.824773],[6.976256,4.8248]]]}},{"type":"Feature","properties":{"h":3.0,"on_route":false},"geometry":{"type":"Polygon","coordinates":[[[6.980116,4.820245],[6.980137,4.820427],[6.980082,4.820433],[6.980061,4.820251],[6.980116,4.820245]]]}},{"type":"Feature","properties":{"h":3.0,"on_route":false},"geometry":{"type":"Polygon","coordinates":[[[6.98023,4.820693],[6.98025,4.820872],[6.980188,4.820879],[6.980168,4.8207],[6.98023,4.820693]]]}},{"type":"Feature","properties":{"h":3.0,"on_route":false},"geometry":{"type":"Polygon","coordinates":[[[6.974867,4.825728],[6.97503,4.825746],[6.975024,4.825798],[6.974862,4.82578],[6.974867,4.825728]]]}},{"type":"Feature","properties":{"h":3.0,"on_route":false},"geometry":{"type":"Polygon","coordinates":[[[6.974864,4.825732],[6.97486,4.825781],[6.974823,4.825778],[6.974827,4.825729],[6.974864,4.825732]]]}},{"type":"Feature","properties":{"h":3.0,"on_route":false},"geometry":{"type":"Polygon","coordinates":[[[6.980581,4.821817],[6.980564,4.821896],[6.980498,4.821883],[6.980515,4.821802],[6.980581,4.821817]]]}},{"type":"Feature","properties":{"h":3.0,"on_route":false},"geometry":{"type":"Polygon","coordinates":[[[6.975041,4.821076],[6.975036,4.821171],[6.974972,4.821168],[6.974976,4.821073],[6.975041,4.821076]]]}},{"type":"Feature","properties":{"h":3.0,"on_route":false},"geometry":{"type":"Polygon","coordinates":[[[6.97828,4.819902],[6.978154,4.819913],[6.978145,4.819807],[6.978122,4.819809],[6.97812,4.819782],[6.978163,4.819778],[6.97816,4.819744],[6.978266,4.819735],[6.97828,4.819902]]]}},{"type":"Feature","properties":{"h":3.0,"on_route":false},"geometry":{"type":"Polygon","coordinates":[[[6.978037,4.821124],[6.978017,4.821239],[6.977915,4.821222],[6.977934,4.821107],[6.978037,4.821124]]]}},{"type":"Feature","properties":{"h":3.0,"on_route":false},"geometry":{"type":"Polygon","coordinates":[[[6.979774,4.823003],[6.979783,4.822973],[6.979844,4.822991],[6.979795,4.823154],[6.979647,4.823109],[6.979687,4.822977],[6.979774,4.823003]]]}},{"type":"Feature","properties":{"h":3.0,"on_route":false},"geometry":{"type":"Polygon","coordinates":[[[6.980568,4.822227],[6.980562,4.822325],[6.980428,4.822316],[6.980435,4.822218],[6.980568,4.822227]]]}},{"type":"Feature","properties":{"h":3.0,"on_route":false},"geometry":{"type":"Polygon","coordinates":[[[6.976069,4.819243],[6.976072,4.819272],[6.976186,4.819259],[6.976196,4.819352],[6.976049,4.819368],[6.975934,4.81938],[6.975921,4.819259],[6.976069,4.819243]]]}},{"type":"Feature","properties":{"h":3.0,"on_route":false},"geometry":{"type":"Polygon","coordinates":[[[6.975084,4.825752],[6.975078,4.825804],[6.975024,4.825798],[6.97503,4.825746],[6.975084,4.825752]]]}},{"type":"Feature","properties":{"h":3.0,"on_route":false},"geometry":{"type":"Polygon","coordinates":[[[6.981027,4.822071],[6.981028,4.822108],[6.98108,4.822107],[6.981082,4.822154],[6.980939,4.822158],[6.980936,4.822074],[6.981027,4.822071]]]}},{"type":"Feature","properties":{"h":3.0,"on_route":false},"geometry":{"type":"Polygon","coordinates":[[[6.97521,4.823852],[6.97519,4.823999],[6.975146,4.823993],[6.975166,4.823846],[6.97521,4.823852]]]}},{"type":"Feature","properties":{"h":3.0,"on_route":false},"geometry":{"type":"Polygon","coordinates":[[[6.975252,4.824948],[6.975172,4.824957],[6.975163,4.824883],[6.975243,4.824873],[6.975252,4.824948]]]}},{"type":"Feature","properties":{"h":3.0,"on_route":false},"geometry":{"type":"Polygon","coordinates":[[[6.980837,4.822958],[6.980834,4.823011],[6.980767,4.823007],[6.98077,4.822954],[6.980837,4.822958]]]}},{"type":"Feature","properties":{"h":3.0,"on_route":false},"geometry":{"type":"Polygon","coordinates":[[[6.981488,4.823054],[6.98144,4.823068],[6.981425,4.823012],[6.981473,4.822999],[6.981488,4.823054]]]}},{"type":"Feature","properties":{"h":3.0,"on_route":false},"geometry":{"type":"Polygon","coordinates":[[[6.973904,4.822244],[6.973894,4.822353],[6.973625,4.822331],[6.973634,4.822221],[6.973904,4.822244]]]}},{"type":"Feature","properties":{"h":3.0,"on_route":false},"geometry":{"type":"Polygon","coordinates":[[[6.979317,4.824156],[6.979314,4.8242],[6.979272,4.824197],[6.979274,4.824154],[6.979317,4.824156]]]}},{"type":"Feature","properties":{"h":3.0,"on_route":false},"geometry":{"type":"Polygon","coordinates":[[[6.977363,4.825992],[6.977328,4.826057],[6.977236,4.826008],[6.977271,4.825942],[6.977363,4.825992]]]}},{"type":"Feature","properties":{"h":3.0,"on_route":false},"geometry":{"type":"Polygon","coordinates":[[[6.977575,4.821022],[6.977564,4.821157],[6.977492,4.821151],[6.977478,4.821327],[6.977433,4.821324],[6.977447,4.821147],[6.977383,4.821142],[6.977388,4.821072],[6.977363,4.82107],[6.977369,4.821005],[6.977575,4.821022]]]}},{"type":"Feature","properties":{"h":3.0,"on_route":false},"geometry":{"type":"Polygon","coordinates":[[[6.980602,4.824931],[6.980595,4.825027],[6.980277,4.825003],[6.980285,4.824907],[6.980602,4.824931]]]}},{"type":"Feature","properties":{"h":3.0,"on_route":false},"geometry":{"type":"Polygon","coordinates":[[[6.98073,4.821569],[6.980725,4.821626],[6.980698,4.821624],[6.980702,4.821567],[6.98073,4.821569]]]}},{"type":"Feature","properties":{"h":3.0,"on_route":false},"geometry":{"type":"Polygon","coordinates":[[[6.981316,4.822757],[6.9813,4.822908],[6.981243,4.822902],[6.981259,4.822751],[6.981316,4.822757]]]}},{"type":"Feature","properties":{"h":3.0,"on_route":false},"geometry":{"type":"Polygon","coordinates":[[[6.97603,4.823047],[6.976025,4.823111],[6.97591,4.823101],[6.975915,4.823038],[6.97603,4.823047]]]}},{"type":"Feature","properties":{"h":3.0,"on_route":false},"geometry":{"type":"Polygon","coordinates":[[[6.975268,4.825086],[6.975213,4.825091],[6.9752,4.824951],[6.975255,4.824946],[6.975268,4.825086]]]}},{"type":"Feature","properties":{"h":3.0,"on_route":false},"geometry":{"type":"Polygon","coordinates":[[[6.980408,4.824719],[6.980275,4.824757],[6.980239,4.824627],[6.980372,4.824589],[6.980408,4.824719]]]}},{"type":"Feature","properties":{"h":3.0,"on_route":false},"geometry":{"type":"Polygon","coordinates":[[[6.978229,4.81951],[6.97822,4.819709],[6.978109,4.819704],[6.978118,4.819505],[6.978229,4.81951]]]}},{"type":"Feature","properties":{"h":3.0,"on_route":false},"geometry":{"type":"Polygon","coordinates":[[[6.98063,4.822456],[6.980569,4.822464],[6.980566,4.822438],[6.980537,4.822441],[6.980543,4.82249],[6.980505,4.822495],[6.980517,4.822586],[6.980426,4.822597],[6.980403,4.822416],[6.980621,4.822389],[6.98063,4.822456]],[[6.980474,4.822499],[6.980471,4.822476],[6.980502,4.822472],[6.980505,4.822495],[6.980474,4.822499]]]}},{"type":"Feature","properties":{"h":3.0,"on_route":false},"geometry":{"type":"Polygon","coordinates":[[[6.975322,4.819755],[6.97512,4.819816],[6.975091,4.819716],[6.975293,4.819656],[6.975322,4.819755]]]}},{"type":"Feature","properties":{"h":3.0,"on_route":false},"geometry":{"type":"Polygon","coordinates":[[[6.976199,4.8273],[6.976078,4.827322],[6.976029,4.82706],[6.97615,4.827037],[6.976199,4.8273]]]}},{"type":"Feature","properties":{"h":3.0,"on_route":false},"geometry":{"type":"Polygon","coordinates":[[[6.979931,4.82307],[6.979908,4.823166],[6.979803,4.823141],[6.979812,4.8231],[6.979841,4.823107],[6.979855,4.823051],[6.979931,4.82307]]]}},{"type":"Feature","properties":{"h":3.0,"on_route":false},"geometry":{"type":"Polygon","coordinates":[[[6.97412,4.824846],[6.97418,4.825029],[6.974081,4.825061],[6.974066,4.825013],[6.974049,4.825019],[6.974007,4.824891],[6.974025,4.824885],[6.974022,4.824878],[6.97412,4.824846]]]}},{"type":"Feature","properties":{"h":3.0,"on_route":false},"geometry":{"type":"Polygon","coordinates":[[[6.976295,4.82049],[6.976208,4.820528],[6.976197,4.820504],[6.976127,4.820536],[6.976084,4.820441],[6.976242,4.82037],[6.976295,4.82049]]]}},{"type":"Feature","properties":{"h":3.0,"on_route":false},"geometry":{"type":"Polygon","coordinates":[[[6.979372,4.82391],[6.979366,4.823948],[6.979321,4.823942],[6.979326,4.823904],[6.979372,4.82391]]]}},{"type":"Feature","properties":{"h":3.0,"on_route":false},"geometry":{"type":"Polygon","coordinates":[[[6.975162,4.825502],[6.975285,4.82551],[6.975281,4.825563],[6.975159,4.825555],[6.975162,4.825502]]]}},{"type":"Feature","properties":{"h":3.0,"on_route":false},"geometry":{"type":"Polygon","coordinates":[[[6.976498,4.826541],[6.976485,4.826602],[6.976444,4.826594],[6.976457,4.826532],[6.976498,4.826541]]]}},{"type":"Feature","properties":{"h":3.0,"on_route":false},"geometry":{"type":"Polygon","coordinates":[[[6.978609,4.826601],[6.978559,4.826575],[6.978683,4.826335],[6.978733,4.826361],[6.978609,4.826601]]]}},{"type":"Feature","properties":{"h":3.0,"on_route":false},"geometry":{"type":"Polygon","coordinates":[[[6.979996,4.822557],[6.979977,4.822638],[6.97988,4.822615],[6.9799,4.822534],[6.979996,4.822557]]]}},{"type":"Feature","properties":{"h":3.0,"on_route":false},"geometry":{"type":"Polygon","coordinates":[[[6.976889,4.82032],[6.976737,4.820323],[6.976734,4.820201],[6.976886,4.820197],[6.976889,4.82032]]]}},{"type":"Feature","properties":{"h":3.0,"on_route":true},"geometry":{"type":"Polygon","coordinates":[[[6.979557,4.821326],[6.979479,4.821335],[6.979474,4.821284],[6.979551,4.821276],[6.979557,4.821326]]]}},{"type":"Feature","properties":{"h":3.0,"on_route":false},"geometry":{"type":"Polygon","coordinates":[[[6.974254,4.822048],[6.974239,4.82216],[6.974134,4.822146],[6.97415,4.822033],[6.974254,4.822048]]]}},{"type":"Feature","properties":{"h":3.0,"on_route":false},"geometry":{"type":"Polygon","coordinates":[[[6.976543,4.819067],[6.976617,4.819308],[6.976587,4.819318],[6.976601,4.819363],[6.976535,4.819384],[6.976521,4.819338],[6.976471,4.819354],[6.976416,4.819174],[6.976421,4.819173],[6.976402,4.819111],[6.976543,4.819067]]]}},{"type":"Feature","properties":{"h":3.0,"on_route":false},"geometry":{"type":"Polygon","coordinates":[[[6.977522,4.82149],[6.977516,4.821557],[6.977303,4.821539],[6.977309,4.821472],[6.977522,4.82149]]]}},{"type":"Feature","properties":{"h":3.0,"on_route":false},"geometry":{"type":"Polygon","coordinates":[[[6.977832,4.826898],[6.977821,4.826946],[6.977695,4.826915],[6.977707,4.826867],[6.977832,4.826898]]]}},{"type":"Feature","properties":{"h":3.0,"on_route":false},"geometry":{"type":"Polygon","coordinates":[[[6.975649,4.825033],[6.975649,4.825092],[6.975572,4.825092],[6.975572,4.825033],[6.975649,4.825033]]]}},{"type":"Feature","properties":{"h":3.0,"on_route":false},"geometry":{"type":"Polygon","coordinates":[[[6.978435,4.819111],[6.978432,4.819203],[6.978393,4.819201],[6.978394,4.819158],[6.978304,4.819155],[6.978302,4.819198],[6.978215,4.819196],[6.978217,4.819104],[6.978435,4.819111]]]}},{"type":"Feature","properties":{"h":3.0,"on_route":false},"geometry":{"type":"Polygon","coordinates":[[[6.974815,4.825751],[6.974783,4.82589],[6.974732,4.825878],[6.974764,4.825739],[6.974815,4.825751]]]}},{"type":"Feature","properties":{"h":3.0,"on_route":false},"geometry":{"type":"Polygon","coordinates":[[[6.974954,4.821116],[6.974939,4.82117],[6.974843,4.821144],[6.974858,4.821089],[6.974954,4.821116]]]}},{"type":"Feature","properties":{"h":3.0,"on_route":false},"geometry":{"type":"Polygon","coordinates":[[[6.979985,4.824478],[6.979934,4.824491],[6.979904,4.824374],[6.979955,4.824361],[6.979985,4.824478]]]}},{"type":"Feature","properties":{"h":3.0,"on_route":false},"geometry":{"type":"Polygon","coordinates":[[[6.975151,4.821991],[6.975126,4.822111],[6.974927,4.822069],[6.974952,4.821949],[6.975151,4.821991]]]}},{"type":"Feature","properties":{"h":3.0,"on_route":false},"geometry":{"type":"Polygon","coordinates":[[[6.976316,4.82466],[6.9763,4.824767],[6.976181,4.82475],[6.976178,4.824773],[6.976078,4.824759],[6.976097,4.824629],[6.976316,4.82466]]]}},{"type":"Feature","properties":{"h":3.0,"on_route":false},"geometry":{"type":"Polygon","coordinates":[[[6.978481,4.819961],[6.978299,4.819975],[6.978295,4.81993],[6.978478,4.819916],[6.978481,4.819961]]]}},{"type":"Feature","properties":{"h":3.0,"on_route":false},"geometry":{"type":"Polygon","coordinates":[[[6.977312,4.819995],[6.977323,4.820138],[6.97726,4.820143],[6.977249,4.82],[6.977312,4.819995]]]}},{"type":"Feature","properties":{"h":3.0,"on_route":false},"geometry":{"type":"Polygon","coordinates":[[[6.975813,4.821118],[6.975803,4.821185],[6.975836,4.82119],[6.97583,4.821226],[6.975701,4.821205],[6.975717,4.821102],[6.975813,4.821118]]]}},{"type":"Feature","properties":{"h":3.0,"on_route":false},"geometry":{"type":"Polygon","coordinates":[[[6.976116,4.820811],[6.976108,4.820845],[6.975969,4.820813],[6.975976,4.820779],[6.976116,4.820811]]]}},{"type":"Feature","properties":{"h":3.0,"on_route":false},"geometry":{"type":"Polygon","coordinates":[[[6.980304,4.823551],[6.980272,4.823643],[6.980054,4.823567],[6.980086,4.823475],[6.980304,4.823551]]]}},{"type":"Feature","properties":{"h":3.0,"on_route":false},"geometry":{"type":"Polygon","coordinates":[[[6.974224,4.822719],[6.974223,4.822839],[6.974088,4.822837],[6.974089,4.822718],[6.974224,4.822719]]]}},{"type":"Feature","properties":{"h":3.0,"on_route":false},"geometry":{"type":"Polygon","coordinates":[[[6.979729,4.826196],[6.97971,4.8263],[6.979462,4.826255],[6.979481,4.82615],[6.979729,4.826196]]]}},{"type":"Feature","properties":{"h":3.0,"on_route":false},"geometry":{"type":"Polygon","coordinates":[[[6.979185,4.825776],[6.979168,4.825889],[6.979242,4.8259],[6.979233,4.825955],[6.979096,4.825933],[6.979122,4.825766],[6.979185,4.825776]]]}},{"type":"Feature","properties":{"h":3.0,"on_route":false},"geometry":{"type":"Polygon","coordinates":[[[6.980732,4.820386],[6.980629,4.820477],[6.980566,4.820405],[6.980669,4.820314],[6.980732,4.820386]]]}},{"type":"Feature","properties":{"h":3.0,"on_route":false},"geometry":{"type":"Polygon","coordinates":[[[6.980306,4.822487],[6.980366,4.822486],[6.980369,4.822604],[6.980309,4.822606],[6.980306,4.822487]]]}},{"type":"Feature","properties":{"h":3.0,"on_route":false},"geometry":{"type":"Polygon","coordinates":[[[6.975254,4.824461],[6.975259,4.824561],[6.975186,4.824565],[6.975181,4.824464],[6.975254,4.824461]]]}},{"type":"Feature","properties":{"h":3.0,"on_route":false},"geometry":{"type":"Polygon","coordinates":[[[6.973383,4.823168],[6.973352,4.823187],[6.973383,4.823238],[6.973259,4.823314],[6.973228,4.823262],[6.973145,4.823313],[6.973092,4.823225],[6.973331,4.823081],[6.973383,4.823168]]]}},{"type":"Feature","properties":{"h":3.0,"on_route":false},"geometry":{"type":"Polygon","coordinates":[[[6.980272,4.822085],[6.980267,4.82216],[6.980275,4.82216],[6.980269,4.822247],[6.980207,4.822243],[6.980218,4.822082],[6.980272,4.822085]]]}},{"type":"Feature","properties":{"h":3.0,"on_route":false},"geometry":{"type":"Polygon","coordinates":[[[6.974605,4.820309],[6.97458,4.820414],[6.974528,4.820401],[6.974553,4.820296],[6.974605,4.820309]]]}},{"type":"Feature","properties":{"h":3.0,"on_route":false},"geometry":{"type":"Polygon","coordinates":[[[6.979373,4.824163],[6.979368,4.824209],[6.979335,4.824205],[6.979341,4.824159],[6.979373,4.824163]]]}},{"type":"Feature","properties":{"h":3.0,"on_route":false},"geometry":{"type":"Polygon","coordinates":[[[6.974494,4.824805],[6.974447,4.824816],[6.974418,4.824694],[6.974466,4.824682],[6.974494,4.824805]]]}},{"type":"Feature","properties":{"h":3.0,"on_route":false},"geometry":{"type":"Polygon","coordinates":[[[6.975565,4.821276],[6.975548,4.821375],[6.975475,4.821362],[6.975492,4.821263],[6.975565,4.821276]]]}},{"type":"Feature","properties":{"h":3.0,"on_route":false},"geometry":{"type":"Polygon","coordinates":[[[6.979462,4.823953],[6.979457,4.824015],[6.979331,4.824003],[6.979337,4.823942],[6.979462,4.823953]]]}},{"type":"Feature","properties":{"h":3.0,"on_route":true},"geometry":{"type":"Polygon","coordinates":[[[6.979305,4.820737],[6.979244,4.820752],[6.979228,4.820688],[6.979289,4.820673],[6.979305,4.820737]]]}},{"type":"Feature","properties":{"h":3.0,"on_route":false},"geometry":{"type":"Polygon","coordinates":[[[6.976269,4.822836],[6.976261,4.822899],[6.976208,4.822892],[6.976217,4.822829],[6.976269,4.822836]]]}},{"type":"Feature","properties":{"h":3.0,"on_route":false},"geometry":{"type":"Polygon","coordinates":[[[6.974553,4.824032],[6.974542,4.824133],[6.974459,4.824124],[6.97447,4.824023],[6.974553,4.824032]]]}},{"type":"Feature","properties":{"h":3.0,"on_route":false},"geometry":{"type":"Polygon","coordinates":[[[6.977386,4.82564],[6.977332,4.825767],[6.977153,4.82569],[6.977207,4.825563],[6.977386,4.82564]]]}},{"type":"Feature","properties":{"h":3.0,"on_route":false},"geometry":{"type":"Polygon","coordinates":[[[6.978565,4.825706],[6.978547,4.82576],[6.97819,4.825639],[6.978208,4.825585],[6.978565,4.825706]]]}},{"type":"Feature","properties":{"h":3.0,"on_route":false},"geometry":{"type":"Polygon","coordinates":[[[6.980362,4.822211],[6.980362,4.822139],[6.980532,4.82214],[6.980532,4.822211],[6.980362,4.822211]]]}},{"type":"Feature","properties":{"h":3.0,"on_route":false},"geometry":{"type":"Polygon","coordinates":[[[6.97729,4.821552],[6.977177,4.821589],[6.977158,4.821532],[6.977271,4.821495],[6.97729,4.821552]]]}},{"type":"Feature","properties":{"h":3.0,"on_route":false},"geometry":{"type":"Polygon","coordinates":[[[6.975516,4.826007],[6.975499,4.826138],[6.975449,4.826132],[6.975466,4.826001],[6.975516,4.826007]]]}},{"type":"Feature","properties":{"h":3.0,"on_route":false},"geometry":{"type":"Polygon","coordinates":[[[6.977291,4.825747],[6.97727,4.825793],[6.977194,4.825757],[6.977215,4.825712],[6.977291,4.825747]]]}},{"type":"Feature","properties":{"h":3.0,"on_route":false},"geometry":{"type":"Polygon","coordinates":[[[6.975085,4.820998],[6.97508,4.821086],[6.974968,4.82108],[6.974973,4.820992],[6.975085,4.820998]]]}},{"type":"Feature","properties":{"h":3.0,"on_route":true},"geometry":{"type":"Polygon","coordinates":[[[6.979518,4.821493],[6.979357,4.821505],[6.979349,4.821389],[6.97951,4.821378],[6.979518,4.821493]]]}},{"type":"Feature","properties":{"h":3.0,"on_route":false},"geometry":{"type":"Polygon","coordinates":[[[6.980005,4.822424],[6.979972,4.822557],[6.979869,4.822531],[6.979903,4.822397],[6.980005,4.822424]]]}},{"type":"Feature","properties":{"h":3.0,"on_route":false},"geometry":{"type":"Polygon","coordinates":[[[6.975433,4.826659],[6.975432,4.826685],[6.975382,4.826683],[6.975383,4.826657],[6.975433,4.826659]]]}},{"type":"Feature","properties":{"h":3.0,"on_route":false},"geometry":{"type":"Polygon","coordinates":[[[6.979584,4.822267],[6.979582,4.822325],[6.979472,4.822321],[6.979474,4.822263],[6.979584,4.822267]]]}},{"type":"Feature","properties":{"h":3.0,"on_route":false},"geometry":{"type":"Polygon","coordinates":[[[6.978356,4.826679],[6.978322,4.826743],[6.978256,4.826708],[6.97829,4.826644],[6.978356,4.826679]]]}},{"type":"Feature","properties":{"h":3.0,"on_route":true},"geometry":{"type":"Polygon","coordinates":[[[6.979222,4.82095],[6.979227,4.821005],[6.979269,4.821002],[6.979273,4.82105],[6.979326,4.821046],[6.979332,4.821124],[6.979418,4.821118],[6.979426,4.821222],[6.979287,4.821232],[6.979281,4.821151],[6.979238,4.821154],[6.979235,4.821113],[6.979186,4.821116],[6.979174,4.820953],[6.979222,4.82095]]]}},{"type":"Feature","properties":{"h":3.0,"on_route":false},"geometry":{"type":"Polygon","coordinates":[[[6.975242,4.821709],[6.975215,4.821784],[6.975088,4.821738],[6.975116,4.821663],[6.975242,4.821709]]]}},{"type":"Feature","properties":{"h":3.0,"on_route":false},"geometry":{"type":"Polygon","coordinates":[[[6.979621,4.822523],[6.97961,4.822611],[6.979555,4.822604],[6.979558,4.822581],[6.979384,4.822559],[6.979392,4.822494],[6.979621,4.822523]]]}},{"type":"Feature","properties":{"h":3.0,"on_route":false},"geometry":{"type":"Polygon","coordinates":[[[6.975126,4.820689],[6.975099,4.820763],[6.974967,4.820713],[6.974994,4.82064],[6.975126,4.820689]]]}},{"type":"Feature","properties":{"h":3.0,"on_route":false},"geometry":{"type":"Polygon","coordinates":[[[6.979988,4.821292],[6.97998,4.821421],[6.979843,4.821412],[6.979851,4.821284],[6.979988,4.821292]]]}},{"type":"Feature","properties":{"h":3.0,"on_route":false},"geometry":{"type":"Polygon","coordinates":[[[6.979121,4.822588],[6.979086,4.822735],[6.978896,4.822689],[6.978931,4.822543],[6.979121,4.822588]]]}},{"type":"Feature","properties":{"h":3.0,"on_route":false},"geometry":{"type":"Polygon","coordinates":[[[6.97525,4.824354],[6.97525,4.824435],[6.975182,4.824435],[6.975182,4.824354],[6.97525,4.824354]]]}},{"type":"Feature","properties":{"h":3.0,"on_route":false},"geometry":{"type":"Polygon","coordinates":[[[6.977277,4.819742],[6.977186,4.81974],[6.97719,4.819574],[6.977281,4.819576],[6.977277,4.819742]]]}},{"type":"Feature","properties":{"h":3.0,"on_route":false},"geometry":{"type":"Polygon","coordinates":[[[6.978414,4.820887],[6.978295,4.820892],[6.978289,4.820756],[6.978409,4.820751],[6.978414,4.820887]]]}},{"type":"Feature","properties":{"h":3.0,"on_route":false},"geometry":{"type":"Polygon","coordinates":[[[6.976102,4.826838],[6.976066,4.826841],[6.976061,4.826769],[6.976098,4.826766],[6.976102,4.826838]]]}},{"type":"Feature","properties":{"h":3.0,"on_route":false},"geometry":{"type":"Polygon","coordinates":[[[6.97673,4.820456],[6.976551,4.820507],[6.976526,4.820417],[6.976705,4.820366],[6.97673,4.820456]]]}},{"type":"Feature","properties":{"h":3.0,"on_route":false},"geometry":{"type":"Polygon","coordinates":[[[6.976915,4.822096],[6.976872,4.822249],[6.976751,4.822214],[6.976795,4.822061],[6.976915,4.822096]]]}},{"type":"Feature","properties":{"h":3.0,"on_route":false},"geometry":{"type":"Polygon","coordinates":[[[6.978937,4.824825],[6.978945,4.824788],[6.979203,4.824846],[6.979181,4.824948],[6.9789,4.824884],[6.978915,4.82482],[6.978937,4.824825]]]}},{"type":"Feature","properties":{"h":3.0,"on_route":false},"geometry":{"type":"Polygon","coordinates":[[[6.975107,4.823845],[6.975082,4.823943],[6.97506,4.823938],[6.975036,4.824033],[6.974876,4.823992],[6.974925,4.823799],[6.975107,4.823845]]]}},{"type":"Feature","properties":{"h":3.0,"on_route":false},"geometry":{"type":"Polygon","coordinates":[[[6.975884,4.824174],[6.975853,4.82433],[6.975732,4.824306],[6.975763,4.82415],[6.975884,4.824174]]]}},{"type":"Feature","properties":{"h":3.0,"on_route":false},"geometry":{"type":"Polygon","coordinates":[[[6.977459,4.818993],[6.977468,4.819119],[6.977246,4.819137],[6.977236,4.81901],[6.977459,4.818993]]]}},{"type":"Feature","properties":{"h":3.0,"on_route":false},"geometry":{"type":"Polygon","coordinates":[[[6.974863,4.825253],[6.974863,4.825313],[6.974715,4.825312],[6.974716,4.825251],[6.974863,4.825253]]]}},{"type":"Feature","properties":{"h":3.0,"on_route":false},"geometry":{"type":"Polygon","coordinates":[[[6.979208,4.824704],[6.97904,4.82467],[6.979061,4.824564],[6.97918,4.824588],[6.979186,4.824558],[6.979236,4.824567],[6.979208,4.824704]]]}},{"type":"Feature","properties":{"h":3.0,"on_route":false},"geometry":{"type":"Polygon","coordinates":[[[6.979454,4.826145],[6.979435,4.82625],[6.979065,4.826182],[6.979084,4.826077],[6.979454,4.826145]]]}},{"type":"Feature","properties":{"h":3.0,"on_route":false},"geometry":{"type":"Polygon","coordinates":[[[6.977995,4.826689],[6.977981,4.826735],[6.977928,4.826719],[6.977942,4.826672],[6.977995,4.826689]]]}},{"type":"Feature","properties":{"h":3.0,"on_route":false},"geometry":{"type":"Polygon","coordinates":[[[6.98032,4.825003],[6.980315,4.825064],[6.980342,4.825067],[6.980338,4.825104],[6.980034,4.825077],[6.980043,4.824978],[6.98032,4.825003]]]}},{"type":"Feature","properties":{"h":3.0,"on_route":false},"geometry":{"type":"Polygon","coordinates":[[[6.980983,4.822068],[6.980867,4.822084],[6.980858,4.82202],[6.980928,4.822011],[6.980919,4.821945],[6.980966,4.821939],[6.980983,4.822068]]]}},{"type":"Feature","properties":{"h":3.0,"on_route":false},"geometry":{"type":"Polygon","coordinates":[[[6.980163,4.821304],[6.980156,4.821434],[6.979989,4.821425],[6.979996,4.821295],[6.980163,4.821304]]]}},{"type":"Feature","properties":{"h":3.0,"on_route":false},"geometry":{"type":"Polygon","coordinates":[[[6.976633,4.82631],[6.9766,4.826388],[6.97645,4.826322],[6.976483,4.826245],[6.976633,4.82631]]]}},{"type":"Feature","properties":{"h":3.0,"on_route":false},"geometry":{"type":"Polygon","coordinates":[[[6.974536,4.821386],[6.974672,4.821431],[6.974662,4.821464],[6.974525,4.821418],[6.974536,4.821386]]]}},{"type":"Feature","properties":{"h":3.0,"on_route":false},"geometry":{"type":"Polygon","coordinates":[[[6.974457,4.825226],[6.974449,4.825296],[6.974378,4.825287],[6.974373,4.825328],[6.974336,4.825323],[6.974349,4.825213],[6.974457,4.825226]]]}},{"type":"Feature","properties":{"h":3.0,"on_route":false},"geometry":{"type":"Polygon","coordinates":[[[6.980439,4.823755],[6.980425,4.823937],[6.980376,4.823933],[6.980383,4.823848],[6.980315,4.823843],[6.980311,4.823895],[6.98025,4.823891],[6.980261,4.823742],[6.980439,4.823755]]]}},{"type":"Feature","properties":{"h":3.0,"on_route":false},"geometry":{"type":"Polygon","coordinates":[[[6.97548,4.823499],[6.975483,4.823524],[6.975448,4.823527],[6.975445,4.823503],[6.97548,4.823499]]]}},{"type":"Feature","properties":{"h":3.0,"on_route":false},"geometry":{"type":"Polygon","coordinates":[[[6.976293,4.8255],[6.976284,4.825556],[6.976204,4.825543],[6.976213,4.825487],[6.976293,4.8255]]]}},{"type":"Feature","properties":{"h":3.0,"on_route":false},"geometry":{"type":"Polygon","coordinates":[[[6.978611,4.824165],[6.978604,4.82422],[6.97856,4.824214],[6.978567,4.82416],[6.978611,4.824165]]]}},{"type":"Feature","properties":{"h":3.0,"on_route":false},"geometry":{"type":"Polygon","coordinates":[[[6.975372,4.825202],[6.975365,4.825374],[6.975265,4.82537],[6.975273,4.825198],[6.975372,4.825202]]]}},{"type":"Feature","properties":{"h":3.0,"on_route":false},"geometry":{"type":"Polygon","coordinates":[[[6.976584,4.820657],[6.976525,4.820674],[6.976486,4.820539],[6.976544,4.820522],[6.976584,4.820657]]]}},{"type":"Feature","properties":{"h":3.0,"on_route":false},"geometry":{"type":"Polygon","coordinates":[[[6.974188,4.824052],[6.974185,4.824092],[6.974145,4.82409],[6.974148,4.824049],[6.974188,4.824052]]]}},{"type":"Feature","properties":{"h":3.0,"on_route":false},"geometry":{"type":"Polygon","coordinates":[[[6.9792,4.825592],[6.979195,4.825621],[6.979242,4.825628],[6.979221,4.825761],[6.979141,4.825748],[6.979166,4.825587],[6.9792,4.825592]]]}},{"type":"Feature","properties":{"h":3.0,"on_route":false},"geometry":{"type":"Polygon","coordinates":[[[6.974759,4.821204],[6.974741,4.821254],[6.974679,4.821232],[6.974697,4.821182],[6.974759,4.821204]]]}},{"type":"Feature","properties":{"h":3.0,"on_route":false},"geometry":{"type":"Polygon","coordinates":[[[6.97892,4.822613],[6.978873,4.822602],[6.978892,4.822524],[6.978939,4.822536],[6.97892,4.822613]]]}},{"type":"Feature","properties":{"h":3.0,"on_route":false},"geometry":{"type":"Polygon","coordinates":[[[6.980646,4.823293],[6.980635,4.823342],[6.980526,4.823318],[6.980537,4.823269],[6.980646,4.823293]]]}},{"type":"Feature","properties":{"h":3.0,"on_route":false},"geometry":{"type":"Polygon","coordinates":[[[6.978862,4.825706],[6.978836,4.825807],[6.978698,4.825771],[6.978708,4.825733],[6.978682,4.825726],[6.978698,4.825664],[6.978862,4.825706]]]}},{"type":"Feature","properties":{"h":3.0,"on_route":false},"geometry":{"type":"Polygon","coordinates":[[[6.980713,4.822188],[6.980634,4.822209],[6.980623,4.822169],[6.980703,4.822148],[6.980713,4.822188]]]}},{"type":"Feature","properties":{"h":3.0,"on_route":false},"geometry":{"type":"Polygon","coordinates":[[[6.97728,4.820436],[6.97728,4.820471],[6.977253,4.820471],[6.977253,4.820436],[6.97728,4.820436]]]}},{"type":"Feature","properties":{"h":3.0,"on_route":false},"geometry":{"type":"Polygon","coordinates":[[[6.977296,4.821434],[6.977301,4.821467],[6.97726,4.821473],[6.977255,4.82144],[6.977296,4.821434]]]}},{"type":"Feature","properties":{"h":3.0,"on_route":false},"geometry":{"type":"Polygon","coordinates":[[[6.978072,4.826424],[6.97805,4.826464],[6.97793,4.826396],[6.977953,4.826356],[6.978072,4.826424]]]}},{"type":"Feature","properties":{"h":3.0,"on_route":true},"geometry":{"type":"Polygon","coordinates":[[[6.979269,4.821369],[6.979269,4.821434],[6.979223,4.821434],[6.979223,4.821369],[6.979269,4.821369]]]}},{"type":"Feature","properties":{"h":3.0,"on_route":false},"geometry":{"type":"Polygon","coordinates":[[[6.977352,4.822586],[6.977312,4.822674],[6.977266,4.822654],[6.977306,4.822566],[6.977352,4.822586]]]}},{"type":"Feature","properties":{"h":3.0,"on_route":false},"geometry":{"type":"Polygon","coordinates":[[[6.976091,4.826712],[6.976096,4.826773],[6.97601,4.82678],[6.976005,4.826719],[6.976091,4.826712]]]}},{"type":"Feature","properties":{"h":3.0,"on_route":false},"geometry":{"type":"Polygon","coordinates":[[[6.979684,4.823278],[6.979646,4.823368],[6.979591,4.823345],[6.979628,4.823255],[6.979684,4.823278]]]}},{"type":"Feature","properties":{"h":3.0,"on_route":false},"geometry":{"type":"Polygon","coordinates":[[[6.977114,4.823314],[6.977117,4.823335],[6.977089,4.823339],[6.977086,4.823318],[6.977114,4.823314]]]}},{"type":"Feature","properties":{"h":3.0,"on_route":false},"geometry":{"type":"Polygon","coordinates":[[[6.975884,4.82284],[6.975825,4.822823],[6.975904,4.822551],[6.975925,4.822557],[6.975963,4.822568],[6.975884,4.82284]]]}},{"type":"Feature","properties":{"h":3.0,"on_route":false},"geometry":{"type":"Polygon","coordinates":[[[6.978853,4.824584],[6.978823,4.824575],[6.978856,4.824457],[6.978887,4.824466],[6.978853,4.824584]]]}},{"type":"Feature","properties":{"h":3.0,"on_route":false},"geometry":{"type":"Polygon","coordinates":[[[6.980028,4.820555],[6.98004,4.820644],[6.97993,4.82066],[6.979917,4.820571],[6.980028,4.820555]]]}},{"type":"Feature","properties":{"h":3.0,"on_route":false},"geometry":{"type":"Polygon","coordinates":[[[6.981482,4.822276],[6.981476,4.822337],[6.981429,4.822333],[6.981434,4.822272],[6.981482,4.822276]]]}},{"type":"Feature","properties":{"h":3.0,"on_route":false},"geometry":{"type":"Polygon","coordinates":[[[6.980322,4.825645],[6.98032,4.825703],[6.980162,4.825699],[6.980163,4.825641],[6.980322,4.825645]]]}},{"type":"Feature","properties":{"h":3.0,"on_route":false},"geometry":{"type":"Polygon","coordinates":[[[6.977571,4.82708],[6.977571,4.827113],[6.977504,4.827114],[6.977504,4.827081],[6.977571,4.82708]]]}},{"type":"Feature","properties":{"h":3.0,"on_route":false},"geometry":{"type":"Polygon","coordinates":[[[6.980798,4.822727],[6.980761,4.822793],[6.980698,4.822758],[6.980699,4.822645],[6.980796,4.822626],[6.980798,4.822727]]]}},{"type":"Feature","properties":{"h":3.0,"on_route":false},"geometry":{"type":"Polygon","coordinates":[[[6.980186,4.824137],[6.979857,4.824149],[6.979855,4.824094],[6.980184,4.824082],[6.980186,4.824137]]]}},{"type":"Feature","properties":{"h":3.0,"on_route":false},"geometry":{"type":"Polygon","coordinates":[[[6.97647,4.823115],[6.976464,4.82316],[6.976398,4.82315],[6.976404,4.823105],[6.97647,4.823115]]]}},{"type":"Feature","properties":{"h":3.0,"on_route":false},"geometry":{"type":"Polygon","coordinates":[[[6.975738,4.823047],[6.97573,4.823095],[6.975672,4.823086],[6.97568,4.823037],[6.975738,4.823047]]]}},{"type":"Feature","properties":{"h":3.0,"on_route":false},"geometry":{"type":"Polygon","coordinates":[[[6.978042,4.820861],[6.978029,4.821073],[6.97794,4.821068],[6.977953,4.820856],[6.978042,4.820861]]]}},{"type":"Feature","properties":{"h":3.0,"on_route":false},"geometry":{"type":"Polygon","coordinates":[[[6.980208,4.82519],[6.980195,4.825284],[6.980017,4.82526],[6.98003,4.825167],[6.980208,4.82519]]]}},{"type":"Feature","properties":{"h":3.0,"on_route":false},"geometry":{"type":"Polygon","coordinates":[[[6.979013,4.824665],[6.978998,4.824738],[6.978946,4.824728],[6.97896,4.824654],[6.979013,4.824665]]]}},{"type":"Feature","properties":{"h":3.0,"on_route":false},"geometry":{"type":"Polygon","coordinates":[[[6.97637,4.822395],[6.976367,4.822431],[6.976343,4.822429],[6.976341,4.822451],[6.976302,4.822448],[6.976306,4.822391],[6.97637,4.822395]]]}},{"type":"Feature","properties":{"h":3.0,"on_route":false},"geometry":{"type":"Polygon","coordinates":[[[6.977125,4.822201],[6.977318,4.822273],[6.9773,4.82232],[6.97716,4.822268],[6.977115,4.822387],[6.977063,4.822368],[6.977125,4.822201]]]}},{"type":"Feature","properties":{"h":3.0,"on_route":false},"geometry":{"type":"Polygon","coordinates":[[[6.97626,4.826138],[6.97623,4.826279],[6.97605,4.82624],[6.97608,4.826099],[6.97626,4.826138]]]}},{"type":"Feature","properties":{"h":3.0,"on_route":false},"geometry":{"type":"Polygon","coordinates":[[[6.974266,4.823888],[6.974257,4.823991],[6.974204,4.823986],[6.974214,4.823883],[6.974266,4.823888]]]}},{"type":"Feature","properties":{"h":3.0,"on_route":false},"geometry":{"type":"Polygon","coordinates":[[[6.979844,4.82264],[6.979791,4.82263],[6.979785,4.82266],[6.979708,4.822645],[6.979762,4.822369],[6.979893,4.822395],[6.979844,4.82264]]]}},{"type":"Feature","properties":{"h":3.0,"on_route":false},"geometry":{"type":"Polygon","coordinates":[[[6.980931,4.823219],[6.980913,4.823305],[6.980752,4.82327],[6.980771,4.823184],[6.980931,4.823219]]]}},{"type":"Feature","properties":{"h":3.0,"on_route":false},"geometry":{"type":"Polygon","coordinates":[[[6.974578,4.825134],[6.974576,4.825182],[6.974473,4.82518],[6.974474,4.825131],[6.974578,4.825134]]]}},{"type":"Feature","properties":{"h":3.0,"on_route":false},"geometry":{"type":"Polygon","coordinates":[[[6.979125,4.825513],[6.979071,4.825703],[6.978981,4.825678],[6.979035,4.825487],[6.979125,4.825513]]]}},{"type":"Feature","properties":{"h":3.0,"on_route":false},"geometry":{"type":"Polygon","coordinates":[[[6.974479,4.823385],[6.974454,4.823524],[6.974292,4.823495],[6.974298,4.823462],[6.974276,4.823458],[6.974286,4.823404],[6.974308,4.823408],[6.974318,4.823355],[6.974479,4.823385]]]}},{"type":"Feature","properties":{"h":3.0,"on_route":false},"geometry":{"type":"Polygon","coordinates":[[[6.978126,4.825002],[6.978103,4.825111],[6.977928,4.825075],[6.977951,4.824966],[6.978126,4.825002]]]}},{"type":"Feature","properties":{"h":3.0,"on_route":false},"geometry":{"type":"Polygon","coordinates":[[[6.975377,4.819736],[6.975406,4.819854],[6.975355,4.819867],[6.975326,4.819749],[6.975377,4.819736]]]}},{"type":"Feature","properties":{"h":3.0,"on_route":false},"geometry":{"type":"Polygon","coordinates":[[[6.979499,4.822046],[6.979491,4.82214],[6.979382,4.822131],[6.97939,4.822037],[6.979499,4.822046]]]}},{"type":"Feature","properties":{"h":3.0,"on_route":false},"geometry":{"type":"Polygon","coordinates":[[[6.97509,4.825137],[6.975036,4.825144],[6.975026,4.82506],[6.97508,4.825054],[6.97509,4.825137]]]}},{"type":"Feature","properties":{"h":3.0,"on_route":false},"geometry":{"type":"Polygon","coordinates":[[[6.980863,4.823695],[6.980847,4.823755],[6.980599,4.82369],[6.980615,4.823629],[6.980863,4.823695]]]}},{"type":"Feature","properties":{"h":3.0,"on_route":false},"geometry":{"type":"Polygon","coordinates":[[[6.974815,4.820815],[6.974804,4.820876],[6.974712,4.820858],[6.974676,4.821046],[6.974553,4.821023],[6.974601,4.820772],[6.974815,4.820815]]]}},{"type":"Feature","properties":{"h":3.0,"on_route":false},"geometry":{"type":"Polygon","coordinates":[[[6.976782,4.819916],[6.976786,4.820014],[6.9767,4.820018],[6.976696,4.819919],[6.976782,4.819916]]]}},{"type":"Feature","properties":{"h":3.0,"on_route":false},"geometry":{"type":"Polygon","coordinates":[[[6.979933,4.824978],[6.979927,4.825024],[6.979884,4.825018],[6.97989,4.824973],[6.979933,4.824978]]]}},{"type":"Feature","properties":{"h":3.0,"on_route":false},"geometry":{"type":"Polygon","coordinates":[[[6.976909,4.824682],[6.976888,4.824735],[6.976926,4.82475],[6.976893,4.824834],[6.976855,4.824819],[6.97687,4.824782],[6.976788,4.824749],[6.9767,4.824973],[6.97682,4.82502],[6.97679,4.825094],[6.976587,4.825014],[6.976743,4.824616],[6.976909,4.824682]]]}},{"type":"Feature","properties":{"h":3.0,"on_route":false},"geometry":{"type":"Polygon","coordinates":[[[6.981011,4.82294],[6.980946,4.822945],[6.980941,4.822887],[6.981006,4.822881],[6.981011,4.82294]]]}},{"type":"Feature","properties":{"h":3.0,"on_route":false},"geometry":{"type":"Polygon","coordinates":[[[6.978654,4.823213],[6.978643,4.823282],[6.978605,4.823276],[6.978615,4.823207],[6.978654,4.823213]]]}},{"type":"Feature","properties":{"h":3.0,"on_route":false},"geometry":{"type":"Polygon","coordinates":[[[6.973859,4.824798],[6.973799,4.824817],[6.973789,4.824785],[6.973849,4.824766],[6.973859,4.824798]]]}},{"type":"Feature","properties":{"h":3.0,"on_route":false},"geometry":{"type":"Polygon","coordinates":[[[6.974086,4.825127],[6.974081,4.825157],[6.97405,4.825152],[6.974055,4.825122],[6.974086,4.825127]]]}},{"type":"Feature","properties":{"h":3.0,"on_route":false},"geometry":{"type":"Polygon","coordinates":[[[6.978313,4.824048],[6.978303,4.824117],[6.978232,4.824107],[6.978241,4.824038],[6.978313,4.824048]]]}},{"type":"Feature","properties":{"h":3.0,"on_route":false},"geometry":{"type":"Polygon","coordinates":[[[6.981537,4.822401],[6.981537,4.822454],[6.981302,4.822456],[6.981302,4.822404],[6.981537,4.822401]]]}},{"type":"Feature","properties":{"h":3.0,"on_route":false},"geometry":{"type":"Polygon","coordinates":[[[6.975024,4.820112],[6.975012,4.820175],[6.974856,4.820145],[6.974868,4.820082],[6.975024,4.820112]]]}},{"type":"Feature","properties":{"h":3.0,"on_route":false},"geometry":{"type":"Polygon","coordinates":[[[6.980203,4.822098],[6.980183,4.822198],[6.979957,4.822153],[6.979977,4.822053],[6.980203,4.822098]]]}},{"type":"Feature","properties":{"h":3.0,"on_route":false},"geometry":{"type":"Polygon","coordinates":[[[6.975741,4.822538],[6.975689,4.822748],[6.975814,4.822779],[6.975802,4.822831],[6.975624,4.822786],[6.975689,4.822525],[6.975741,4.822538]]]}},{"type":"Feature","properties":{"h":3.0,"on_route":false},"geometry":{"type":"Polygon","coordinates":[[[6.980791,4.825058],[6.980635,4.825084],[6.98062,4.824993],[6.980776,4.824968],[6.980791,4.825058]]]}},{"type":"Feature","properties":{"h":3.0,"on_route":false},"geometry":{"type":"Polygon","coordinates":[[[6.980707,4.822296],[6.980566,4.822314],[6.98056,4.822264],[6.98061,4.822258],[6.980606,4.822219],[6.980696,4.822208],[6.980707,4.822296]]]}},{"type":"Feature","properties":{"h":3.0,"on_route":false},"geometry":{"type":"Polygon","coordinates":[[[6.98031,4.82247],[6.9803,4.822608],[6.980246,4.822604],[6.980255,4.822467],[6.98031,4.82247]]]}},{"type":"Feature","properties":{"h":3.0,"on_route":false},"geometry":{"type":"Polygon","coordinates":[[[6.978562,4.826689],[6.97853,4.826749],[6.978299,4.826626],[6.97833,4.826566],[6.978562,4.826689]]]}},{"type":"Feature","properties":{"h":3.0,"on_route":false},"geometry":{"type":"Polygon","coordinates":[[[6.978422,4.82718],[6.978431,4.827138],[6.978598,4.827174],[6.97857,4.827301],[6.978528,4.827291],[6.978521,4.827324],[6.978455,4.82731],[6.978462,4.827277],[6.978369,4.827257],[6.978387,4.827173],[6.978422,4.82718]]]}},{"type":"Feature","properties":{"h":3.0,"on_route":false},"geometry":{"type":"Polygon","coordinates":[[[6.979974,4.820904],[6.979855,4.820918],[6.979849,4.820869],[6.979968,4.820855],[6.979974,4.820904]]]}},{"type":"Feature","properties":{"h":3.0,"on_route":false},"geometry":{"type":"Polygon","coordinates":[[[6.978908,4.8224],[6.9789,4.822462],[6.978841,4.822455],[6.97885,4.822392],[6.978908,4.8224]]]}},{"type":"Feature","properties":{"h":3.0,"on_route":false},"geometry":{"type":"Polygon","coordinates":[[[6.97871,4.826055],[6.978692,4.826123],[6.978607,4.8261],[6.978625,4.826032],[6.97871,4.826055]]]}},{"type":"Feature","properties":{"h":3.0,"on_route":false},"geometry":{"type":"Polygon","coordinates":[[[6.980974,4.823728],[6.980963,4.823786],[6.980872,4.823768],[6.980884,4.82371],[6.980974,4.823728]]]}},{"type":"Feature","properties":{"h":3.0,"on_route":true},"geometry":{"type":"Polygon","coordinates":[[[6.979615,4.820427],[6.979624,4.820494],[6.979559,4.820503],[6.97955,4.820435],[6.979615,4.820427]]]}},{"type":"Feature","properties":{"h":3.0,"on_route":false},"geometry":{"type":"Polygon","coordinates":[[[6.973286,4.822918],[6.973307,4.823017],[6.973335,4.823011],[6.973347,4.823066],[6.97328,4.82308],[6.973247,4.822926],[6.973286,4.822918]]]}},{"type":"Feature","properties":{"h":3.0,"on_route":false},"geometry":{"type":"Polygon","coordinates":[[[6.974934,4.82204],[6.974923,4.822085],[6.974876,4.822074],[6.974887,4.822029],[6.974934,4.82204]]]}},{"type":"Feature","properties":{"h":3.0,"on_route":false},"geometry":{"type":"Polygon","coordinates":[[[6.974344,4.824917],[6.974227,4.824946],[6.974206,4.824856],[6.974323,4.824828],[6.974344,4.824917]]]}},{"type":"Feature","properties":{"h":3.0,"on_route":false},"geometry":{"type":"Polygon","coordinates":[[[6.979433,4.822135],[6.979429,4.822191],[6.979235,4.822175],[6.97924,4.822119],[6.979433,4.822135]]]}},{"type":"Feature","properties":{"h":3.0,"on_route":false},"geometry":{"type":"Polygon","coordinates":[[[6.975558,4.823975],[6.975557,4.824007],[6.975535,4.824006],[6.975536,4.823975],[6.975558,4.823975]]]}},{"type":"Feature","properties":{"h":3.0,"on_route":false},"geometry":{"type":"Polygon","coordinates":[[[6.98146,4.823011],[6.981367,4.823021],[6.981362,4.822969],[6.981455,4.82296],[6.98146,4.823011]]]}},{"type":"Feature","properties":{"h":3.0,"on_route":false},"geometry":{"type":"Polygon","coordinates":[[[6.980993,4.82321],[6.980988,4.823245],[6.981015,4.823248],[6.98101,4.823283],[6.980925,4.823271],[6.980934,4.823202],[6.980993,4.82321]]]}},{"type":"Feature","properties":{"h":3.0,"on_route":false},"geometry":{"type":"Polygon","coordinates":[[[6.976727,4.822098],[6.976705,4.822215],[6.97659,4.822194],[6.976612,4.822077],[6.976727,4.822098]]]}},{"type":"Feature","properties":{"h":3.0,"on_route":false},"geometry":{"type":"Polygon","coordinates":[[[6.976385,4.825822],[6.976356,4.825965],[6.976174,4.825927],[6.976204,4.825784],[6.976385,4.825822]]]}},{"type":"Feature","properties":{"h":3.0,"on_route":false},"geometry":{"type":"Polygon","coordinates":[[[6.973382,4.824456],[6.973368,4.824481],[6.973344,4.824467],[6.973359,4.824442],[6.973382,4.824456]]]}},{"type":"Feature","properties":{"h":3.0,"on_route":false},"geometry":{"type":"Polygon","coordinates":[[[6.980541,4.824311],[6.980537,4.824391],[6.980405,4.824384],[6.980409,4.824304],[6.980541,4.824311]]]}},{"type":"Feature","properties":{"h":3.0,"on_route":false},"geometry":{"type":"Polygon","coordinates":[[[6.980888,4.823324],[6.980869,4.823407],[6.980635,4.823353],[6.980655,4.82327],[6.980888,4.823324]]]}},{"type":"Feature","properties":{"h":3.0,"on_route":false},"geometry":{"type":"Polygon","coordinates":[[[6.979539,4.825683],[6.979501,4.825891],[6.979435,4.825878],[6.979473,4.825671],[6.979539,4.825683]]]}},{"type":"Feature","properties":{"h":3.0,"on_route":false},"geometry":{"type":"Polygon","coordinates":[[[6.976299,4.81992],[6.97605,4.81997],[6.976029,4.819863],[6.976278,4.819813],[6.976299,4.81992]]]}},{"type":"Feature","properties":{"h":3.0,"on_route":false},"geometry":{"type":"Polygon","coordinates":[[[6.973721,4.825137],[6.973635,4.82515],[6.973629,4.82511],[6.973715,4.825097],[6.973721,4.825137]]]}},{"type":"Feature","properties":{"h":3.0,"on_route":false},"geometry":{"type":"Polygon","coordinates":[[[6.976528,4.821259],[6.976422,4.821287],[6.976378,4.821122],[6.976484,4.821093],[6.976528,4.821259]]]}},{"type":"Feature","properties":{"h":3.0,"on_route":false},"geometry":{"type":"Polygon","coordinates":[[[6.974737,4.825885],[6.974556,4.82588],[6.974559,4.825767],[6.974654,4.82577],[6.974655,4.825712],[6.974741,4.825714],[6.974737,4.825885]]]}},{"type":"Feature","properties":{"h":3.0,"on_route":false},"geometry":{"type":"Polygon","coordinates":[[[6.981303,4.823202],[6.981236,4.823206],[6.981232,4.823134],[6.981299,4.82313],[6.981303,4.823202]]]}},{"type":"Feature","properties":{"h":3.0,"on_route":true},"geometry":{"type":"Polygon","coordinates":[[[6.978569,4.821769],[6.978569,4.821801],[6.978522,4.8218],[6.978522,4.821769],[6.978569,4.821769]]]}},{"type":"Feature","properties":{"h":3.0,"on_route":false},"geometry":{"type":"Polygon","coordinates":[[[6.977057,4.820995],[6.977009,4.821003],[6.977,4.820947],[6.977048,4.82094],[6.977057,4.820995]]]}},{"type":"Feature","properties":{"h":3.0,"on_route":false},"geometry":{"type":"Polygon","coordinates":[[[6.975088,4.821738],[6.975061,4.821728],[6.975088,4.821653],[6.975116,4.821663],[6.975088,4.821738]]]}},{"type":"Feature","properties":{"h":3.0,"on_route":false},"geometry":{"type":"Polygon","coordinates":[[[6.979702,4.822336],[6.979692,4.82242],[6.979624,4.822412],[6.979634,4.822328],[6.979702,4.822336]]]}},{"type":"Feature","properties":{"h":3.0,"on_route":false},"geometry":{"type":"Polygon","coordinates":[[[6.97914,4.824203],[6.979138,4.82423],[6.979087,4.824225],[6.979089,4.824198],[6.97914,4.824203]]]}},{"type":"Feature","properties":{"h":3.0,"on_route":false},"geometry":{"type":"Polygon","coordinates":[[[6.979111,4.826491],[6.979096,4.826537],[6.978999,4.826504],[6.979014,4.826459],[6.979111,4.826491]]]}},{"type":"Feature","properties":{"h":3.0,"on_route":false},"geometry":{"type":"Polygon","coordinates":[[[6.980185,4.825412],[6.98018,4.825518],[6.980086,4.825513],[6.980091,4.825408],[6.980185,4.825412]]]}},{"type":"Feature","properties":{"h":3.0,"on_route":false},"geometry":{"type":"Polygon","coordinates":[[[6.974643,4.824153],[6.974641,4.824192],[6.974474,4.824182],[6.974477,4.824143],[6.974643,4.824153]]]}},{"type":"Feature","properties":{"h":3.0,"on_route":false},"geometry":{"type":"Polygon","coordinates":[[[6.978684,4.819798],[6.978509,4.819813],[6.978497,4.819666],[6.978672,4.819652],[6.978684,4.819798]]]}},{"type":"Feature","properties":{"h":3.0,"on_route":false},"geometry":{"type":"Polygon","coordinates":[[[6.974217,4.823849],[6.974204,4.823986],[6.974155,4.823982],[6.974168,4.823845],[6.974217,4.823849]]]}},{"type":"Feature","properties":{"h":3.0,"on_route":false},"geometry":{"type":"Polygon","coordinates":[[[6.978781,4.824281],[6.978738,4.824507],[6.978586,4.824477],[6.978629,4.824252],[6.978781,4.824281]]]}},{"type":"Feature","properties":{"h":3.0,"on_route":false},"geometry":{"type":"Polygon","coordinates":[[[6.980674,4.822653],[6.980343,4.822686],[6.980338,4.822629],[6.980668,4.822596],[6.980674,4.822653]]]}},{"type":"Feature","properties":{"h":3.0,"on_route":false},"geometry":{"type":"Polygon","coordinates":[[[6.976052,4.825283],[6.975993,4.825458],[6.975906,4.825429],[6.975965,4.825254],[6.976052,4.825283]]]}},{"type":"Feature","properties":{"h":3.0,"on_route":true},"geometry":{"type":"Polygon","coordinates":[[[6.978373,4.822099],[6.978372,4.82214],[6.978296,4.822139],[6.978297,4.822098],[6.978373,4.822099]]]}},{"type":"Feature","properties":{"h":3.0,"on_route":false},"geometry":{"type":"Polygon","coordinates":[[[6.975865,4.820394],[6.975725,4.820412],[6.975709,4.820292],[6.975849,4.820274],[6.975865,4.820394]]]}},{"type":"Feature","properties":{"h":3.0,"on_route":false},"geometry":{"type":"Polygon","coordinates":[[[6.979686,4.821797],[6.979697,4.821988],[6.979607,4.821993],[6.979595,4.821803],[6.979686,4.821797]]]}},{"type":"Feature","properties":{"h":3.0,"on_route":false},"geometry":{"type":"Polygon","coordinates":[[[6.981523,4.823837],[6.981497,4.823924],[6.981374,4.823888],[6.9814,4.8238],[6.981523,4.823837]]]}},{"type":"Feature","properties":{"h":3.0,"on_route":false},"geometry":{"type":"Polygon","coordinates":[[[6.976788,4.820853],[6.976594,4.820913],[6.976564,4.820814],[6.976758,4.820754],[6.976788,4.820853]]]}},{"type":"Feature","properties":{"h":3.0,"on_route":false},"geometry":{"type":"Polygon","coordinates":[[[6.9775,4.821732],[6.977482,4.82185],[6.977292,4.821822],[6.97731,4.821704],[6.9775,4.821732]]]}},{"type":"Feature","properties":{"h":3.0,"on_route":false},"geometry":{"type":"Polygon","coordinates":[[[6.976781,4.821096],[6.976813,4.821088],[6.976836,4.821177],[6.976705,4.821212],[6.976653,4.821014],[6.976752,4.820988],[6.976781,4.821096]]]}},{"type":"Feature","properties":{"h":3.0,"on_route":false},"geometry":{"type":"Polygon","coordinates":[[[6.97647,4.822014],[6.976465,4.822045],[6.976438,4.82204],[6.976442,4.82201],[6.97647,4.822014]]]}},{"type":"Feature","properties":{"h":3.0,"on_route":false},"geometry":{"type":"Polygon","coordinates":[[[6.975976,4.820712],[6.975981,4.820792],[6.975842,4.820801],[6.975837,4.820721],[6.975976,4.820712]]]}},{"type":"Feature","properties":{"h":3.0,"on_route":false},"geometry":{"type":"Polygon","coordinates":[[[6.979831,4.825638],[6.979813,4.825733],[6.979698,4.825712],[6.979716,4.825617],[6.979831,4.825638]]]}},{"type":"Feature","properties":{"h":3.0,"on_route":false},"geometry":{"type":"Polygon","coordinates":[[[6.978477,4.823629],[6.978456,4.823626],[6.97847,4.82352],[6.978491,4.823522],[6.978477,4.823629]]]}},{"type":"Feature","properties":{"h":3.0,"on_route":true},"geometry":{"type":"Polygon","coordinates":[[[6.978391,4.822419],[6.978321,4.822416],[6.978328,4.822259],[6.978398,4.822262],[6.978391,4.822419]]]}},{"type":"Feature","properties":{"h":3.0,"on_route":false},"geometry":{"type":"Polygon","coordinates":[[[6.981475,4.822851],[6.981479,4.822896],[6.981591,4.822887],[6.981595,4.822931],[6.981345,4.822951],[6.981339,4.822861],[6.981475,4.822851]]]}},{"type":"Feature","properties":{"h":3.0,"on_route":false},"geometry":{"type":"Polygon","coordinates":[[[6.980622,4.82479],[6.980592,4.824792],[6.980589,4.824749],[6.980556,4.824751],[6.980559,4.824794],[6.980516,4.824797],[6.98051,4.824712],[6.980616,4.824705],[6.980622,4.82479]]]}},{"type":"Feature","properties":{"h":3.0,"on_route":false},"geometry":{"type":"Polygon","coordinates":[[[6.974413,4.823935],[6.974412,4.824094],[6.974358,4.824093],[6.974359,4.823934],[6.974413,4.823935]]]}},{"type":"Feature","properties":{"h":3.0,"on_route":false},"geometry":{"type":"Polygon","coordinates":[[[6.976481,4.82521],[6.976463,4.825259],[6.976378,4.825227],[6.976396,4.825179],[6.976481,4.82521]]]}},{"type":"Feature","properties":{"h":3.0,"on_route":false},"geometry":{"type":"Polygon","coordinates":[[[6.978314,4.824013],[6.978311,4.824041],[6.978248,4.824033],[6.978252,4.824005],[6.978314,4.824013]]]}},{"type":"Feature","properties":{"h":3.0,"on_route":false},"geometry":{"type":"Polygon","coordinates":[[[6.976596,4.821972],[6.976574,4.822031],[6.976448,4.821984],[6.976469,4.821925],[6.976596,4.821972]]]}},{"type":"Feature","properties":{"h":3.0,"on_route":false},"geometry":{"type":"Polygon","coordinates":[[[6.980961,4.823789],[6.980929,4.823981],[6.980846,4.823967],[6.980869,4.823834],[6.980848,4.82383],[6.980857,4.823771],[6.980961,4.823789]]]}},{"type":"Feature","properties":{"h":3.0,"on_route":false},"geometry":{"type":"Polygon","coordinates":[[[6.980812,4.821919],[6.980814,4.82195],[6.980775,4.821953],[6.980772,4.821923],[6.980812,4.821919]]]}},{"type":"Feature","properties":{"h":3.0,"on_route":false},"geometry":{"type":"Polygon","coordinates":[[[6.976457,4.826421],[6.976438,4.826515],[6.976389,4.826505],[6.976408,4.826411],[6.976457,4.826421]]]}},{"type":"Feature","properties":{"h":3.0,"on_route":false},"geometry":{"type":"Polygon","coordinates":[[[6.976555,4.824471],[6.976581,4.824482],[6.976591,4.824458],[6.976811,4.824548],[6.976801,4.824572],[6.976881,4.824605],[6.976864,4.824645],[6.976539,4.824512],[6.976555,4.824471]]]}},{"type":"Feature","properties":{"h":3.0,"on_route":false},"geometry":{"type":"Polygon","coordinates":[[[6.977334,4.822461],[6.977332,4.822491],[6.977284,4.822487],[6.977287,4.822457],[6.977334,4.822461]]]}},{"type":"Feature","properties":{"h":3.0,"on_route":false},"geometry":{"type":"Polygon","coordinates":[[[6.979521,4.825612],[6.979696,4.82564],[6.979692,4.825663],[6.979687,4.825694],[6.979512,4.825666],[6.979521,4.825612]]]}},{"type":"Feature","properties":{"h":3.0,"on_route":false},"geometry":{"type":"Polygon","coordinates":[[[6.980696,4.824763],[6.980694,4.824808],[6.980632,4.824804],[6.980635,4.82476],[6.980696,4.824763]]]}},{"type":"Feature","properties":{"h":3.0,"on_route":false},"geometry":{"type":"Polygon","coordinates":[[[6.973999,4.822438],[6.973939,4.822427],[6.973947,4.822385],[6.974006,4.822396],[6.973999,4.822438]]]}},{"type":"Feature","properties":{"h":3.0,"on_route":false},"geometry":{"type":"Polygon","coordinates":[[[6.975941,4.823982],[6.975917,4.824081],[6.975844,4.824064],[6.975869,4.823964],[6.975941,4.823982]]]}},{"type":"Feature","properties":{"h":3.0,"on_route":false},"geometry":{"type":"Polygon","coordinates":[[[6.975445,4.826255],[6.975438,4.82633],[6.975374,4.826325],[6.975381,4.82625],[6.975445,4.826255]]]}},{"type":"Feature","properties":{"h":3.0,"on_route":false},"geometry":{"type":"Polygon","coordinates":[[[6.980562,4.821404],[6.980552,4.821441],[6.980583,4.821449],[6.980592,4.821412],[6.980638,4.821424],[6.980615,4.821518],[6.980475,4.821483],[6.980499,4.821389],[6.980562,4.821404]]]}},{"type":"Feature","properties":{"h":3.0,"on_route":false},"geometry":{"type":"Polygon","coordinates":[[[6.97986,4.822852],[6.979843,4.82292],[6.979719,4.822888],[6.979736,4.822821],[6.97986,4.822852]]]}},{"type":"Feature","properties":{"h":3.0,"on_route":false},"geometry":{"type":"Polygon","coordinates":[[[6.977954,4.821678],[6.977943,4.821773],[6.977815,4.821758],[6.977826,4.821663],[6.977954,4.821678]]]}},{"type":"Feature","properties":{"h":3.0,"on_route":false},"geometry":{"type":"Polygon","coordinates":[[[6.97813,4.82652],[6.978119,4.826542],[6.978194,4.826579],[6.978168,4.826632],[6.978188,4.826642],[6.978148,4.826723],[6.978081,4.82669],[6.978069,4.826716],[6.977952,4.826658],[6.978042,4.826476],[6.97813,4.82652]]]}},{"type":"Feature","properties":{"h":3.0,"on_route":false},"geometry":{"type":"Polygon","coordinates":[[[6.980552,4.824245],[6.980375,4.824261],[6.980361,4.824105],[6.980539,4.82409],[6.980552,4.824245]]]}},{"type":"Feature","properties":{"h":3.0,"on_route":false},"geometry":{"type":"Polygon","coordinates":[[[6.980952,4.822162],[6.980957,4.822241],[6.980883,4.822245],[6.980878,4.822167],[6.980952,4.822162]]]}},{"type":"Feature","properties":{"h":3.0,"on_route":false},"geometry":{"type":"Polygon","coordinates":[[[6.978234,4.824523],[6.978226,4.824579],[6.978137,4.824565],[6.978145,4.82451],[6.978234,4.824523]]]}},{"type":"Feature","properties":{"h":3.0,"on_route":false},"geometry":{"type":"Polygon","coordinates":[[[6.978761,4.826285],[6.978742,4.826341],[6.978571,4.826283],[6.97859,4.826227],[6.978761,4.826285]]]}},{"type":"Feature","properties":{"h":3.0,"on_route":false},"geometry":{"type":"Polygon","coordinates":[[[6.980082,4.825278],[6.980072,4.825371],[6.980003,4.825363],[6.980013,4.82527],[6.980082,4.825278]]]}},{"type":"Feature","properties":{"h":3.0,"on_route":false},"geometry":{"type":"Polygon","coordinates":[[[6.980082,4.82541],[6.980077,4.825569],[6.979985,4.825566],[6.97999,4.825407],[6.980082,4.82541]]]}},{"type":"Feature","properties":{"h":3.0,"on_route":false},"geometry":{"type":"Polygon","coordinates":[[[6.980916,4.821475],[6.980909,4.821572],[6.980852,4.821567],[6.98086,4.821471],[6.980916,4.821475]]]}},{"type":"Feature","properties":{"h":3.0,"on_route":false},"geometry":{"type":"Polygon","coordinates":[[[6.974802,4.823203],[6.974789,4.823282],[6.974745,4.823274],[6.974758,4.823196],[6.974802,4.823203]]]}},{"type":"Feature","properties":{"h":3.0,"on_route":false},"geometry":{"type":"Polygon","coordinates":[[[6.978211,4.821144],[6.978075,4.821155],[6.978068,4.82106],[6.978203,4.821048],[6.978211,4.821144]]]}},{"type":"Feature","properties":{"h":3.0,"on_route":false},"geometry":{"type":"Polygon","coordinates":[[[6.973441,4.823683],[6.97341,4.823689],[6.973403,4.823652],[6.973434,4.823646],[6.973441,4.823683]]]}},{"type":"Feature","properties":{"h":3.0,"on_route":false},"geometry":{"type":"Polygon","coordinates":[[[6.980281,4.824895],[6.980271,4.824998],[6.980043,4.824978],[6.980052,4.824875],[6.980281,4.824895]]]}},{"type":"Feature","properties":{"h":3.0,"on_route":false},"geometry":{"type":"Polygon","coordinates":[[[6.974697,4.821182],[6.974679,4.821232],[6.974566,4.821191],[6.974583,4.821142],[6.974697,4.821182]]]}},{"type":"Feature","properties":{"h":3.0,"on_route":false},"geometry":{"type":"Polygon","coordinates":[[[6.980295,4.823259],[6.980264,4.823341],[6.980171,4.823306],[6.980202,4.823224],[6.980295,4.823259]]]}},{"type":"Feature","properties":{"h":3.0,"on_route":false},"geometry":{"type":"Polygon","coordinates":[[[6.980201,4.821224],[6.980393,4.821223],[6.980393,4.821411],[6.980245,4.821411],[6.980245,4.8213],[6.980201,4.8213],[6.980201,4.821224]]]}},{"type":"Feature","properties":{"h":3.0,"on_route":false},"geometry":{"type":"Polygon","coordinates":[[[6.979648,4.826704],[6.979617,4.826874],[6.979514,4.826855],[6.979545,4.826685],[6.979648,4.826704]]]}},{"type":"Feature","properties":{"h":3.0,"on_route":false},"geometry":{"type":"Polygon","coordinates":[[[6.973536,4.821987],[6.973529,4.822036],[6.973499,4.822031],[6.973506,4.821982],[6.973536,4.821987]]]}},{"type":"Feature","properties":{"h":3.0,"on_route":true},"geometry":{"type":"Polygon","coordinates":[[[6.979786,4.819918],[6.979793,4.819959],[6.979753,4.819966],[6.979746,4.819924],[6.979786,4.819918]]]}},{"type":"Feature","properties":{"h":3.0,"on_route":false},"geometry":{"type":"Polygon","coordinates":[[[6.979805,4.822688],[6.979775,4.822813],[6.979711,4.822798],[6.979741,4.822673],[6.979805,4.822688]]]}},{"type":"Feature","properties":{"h":3.0,"on_route":false},"geometry":{"type":"Polygon","coordinates":[[[6.975365,4.823194],[6.975317,4.823468],[6.97521,4.823449],[6.975259,4.823175],[6.975365,4.823194]]]}},{"type":"Feature","properties":{"h":3.0,"on_route":false},"geometry":{"type":"Polygon","coordinates":[[[6.980917,4.824139],[6.98091,4.824245],[6.980746,4.824235],[6.980753,4.824128],[6.980917,4.824139]]]}},{"type":"Feature","properties":{"h":3.0,"on_route":false},"geometry":{"type":"Polygon","coordinates":[[[6.976089,4.825569],[6.976065,4.82564],[6.976005,4.82562],[6.976028,4.825549],[6.976089,4.825569]]]}},{"type":"Feature","properties":{"h":3.0,"on_route":false},"geometry":{"type":"Polygon","coordinates":[[[6.976007,4.826719],[6.976015,4.82685],[6.975896,4.826858],[6.975887,4.826727],[6.976007,4.826719]]]}},{"type":"Feature","properties":{"h":3.0,"on_route":false},"geometry":{"type":"Polygon","coordinates":[[[6.977137,4.818983],[6.977194,4.819071],[6.977225,4.819051],[6.977276,4.819129],[6.977139,4.819218],[6.977088,4.819139],[6.977121,4.819118],[6.977078,4.819052],[6.97711,4.819032],[6.977096,4.81901],[6.977137,4.818983]]]}},{"type":"Feature","properties":{"h":3.0,"on_route":false},"geometry":{"type":"Polygon","coordinates":[[[6.97571,4.821579],[6.975698,4.821609],[6.975626,4.82158],[6.975638,4.82155],[6.97571,4.821579]]]}},{"type":"Feature","properties":{"h":3.0,"on_route":false},"geometry":{"type":"Polygon","coordinates":[[[6.976311,4.822613],[6.976298,4.822716],[6.97613,4.822695],[6.976142,4.822593],[6.976311,4.822613]]]}},{"type":"Feature","properties":{"h":3.0,"on_route":false},"geometry":{"type":"Polygon","coordinates":[[[6.9799,4.825554],[6.979892,4.825627],[6.97965,4.825598],[6.979658,4.825526],[6.9799,4.825554]]]}},{"type":"Feature","properties":{"h":3.0,"on_route":false},"geometry":{"type":"Polygon","coordinates":[[[6.974065,4.822526],[6.974061,4.822577],[6.973933,4.822569],[6.973936,4.822517],[6.974065,4.822526]]]}},{"type":"Feature","properties":{"h":3.0,"on_route":false},"geometry":{"type":"Polygon","coordinates":[[[6.981533,4.823612],[6.981515,4.82369],[6.981429,4.823671],[6.981446,4.823592],[6.981533,4.823612]]]}},{"type":"Feature","properties":{"h":3.0,"on_route":false},"geometry":{"type":"Polygon","coordinates":[[[6.97512,4.82537],[6.975105,4.825493],[6.974928,4.825471],[6.974943,4.825348],[6.97512,4.82537]]]}},{"type":"Feature","properties":{"h":3.0,"on_route":false},"geometry":{"type":"Polygon","coordinates":[[[6.974997,4.822225],[6.974969,4.822351],[6.974903,4.822336],[6.974931,4.822211],[6.974997,4.822225]]]}},{"type":"Feature","properties":{"h":3.0,"on_route":false},"geometry":{"type":"Polygon","coordinates":[[[6.979303,4.826798],[6.979289,4.826842],[6.979229,4.826822],[6.979243,4.826779],[6.979303,4.826798]]]}},{"type":"Feature","properties":{"h":3.0,"on_route":false},"geometry":{"type":"Polygon","coordinates":[[[6.975633,4.821182],[6.975625,4.821254],[6.975573,4.821249],[6.975581,4.821177],[6.975633,4.821182]]]}},{"type":"Feature","properties":{"h":3.0,"on_route":false},"geometry":{"type":"Polygon","coordinates":[[[6.977586,4.826816],[6.977581,4.826895],[6.977637,4.826899],[6.977625,4.827077],[6.977501,4.827069],[6.977518,4.826811],[6.977586,4.826816]]]}},{"type":"Feature","properties":{"h":3.0,"on_route":false},"geometry":{"type":"Polygon","coordinates":[[[6.9756,4.820159],[6.975612,4.820274],[6.975561,4.82028],[6.975558,4.820253],[6.975526,4.820257],[6.975516,4.820168],[6.9756,4.820159]]]}},{"type":"Feature","properties":{"h":3.0,"on_route":false},"geometry":{"type":"Polygon","coordinates":[[[6.974142,4.824596],[6.974187,4.824734],[6.974116,4.824757],[6.974071,4.824619],[6.974142,4.824596]]]}},{"type":"Feature","properties":{"h":3.0,"on_route":false},"geometry":{"type":"Polygon","coordinates":[[[6.979049,4.822244],[6.979036,4.82229],[6.978929,4.822259],[6.978943,4.822213],[6.979049,4.822244]]]}},{"type":"Feature","properties":{"h":3.0,"on_route":false},"geometry":{"type":"Polygon","coordinates":[[[6.974599,4.825264],[6.974597,4.825324],[6.974503,4.825321],[6.974505,4.82526],[6.974599,4.825264]]]}},{"type":"Feature","properties":{"h":3.0,"on_route":false},"geometry":{"type":"Polygon","coordinates":[[[6.977284,4.821124],[6.977252,4.821138],[6.977242,4.821114],[6.977206,4.821129],[6.977217,4.821153],[6.977234,4.821146],[6.977297,4.821289],[6.977237,4.821315],[6.97715,4.821115],[6.977259,4.821067],[6.977284,4.821124]]]}},{"type":"Feature","properties":{"h":3.0,"on_route":false},"geometry":{"type":"Polygon","coordinates":[[[6.98058,4.823233],[6.980656,4.823249],[6.980646,4.823293],[6.980571,4.823277],[6.98058,4.823233]]]}},{"type":"Feature","properties":{"h":3.0,"on_route":false},"geometry":{"type":"Polygon","coordinates":[[[6.975702,4.822215],[6.975675,4.82227],[6.975426,4.822149],[6.975453,4.822094],[6.975702,4.822215]]]}},{"type":"Feature","properties":{"h":3.0,"on_route":false},"geometry":{"type":"Polygon","coordinates":[[[6.976608,4.826494],[6.976597,4.826548],[6.976521,4.826532],[6.976532,4.826478],[6.976608,4.826494]]]}},{"type":"Feature","properties":{"h":3.0,"on_route":false},"geometry":{"type":"Polygon","coordinates":[[[6.97402,4.820988],[6.974001,4.821036],[6.974043,4.821053],[6.974001,4.821159],[6.973862,4.821104],[6.973905,4.820998],[6.973947,4.821015],[6.973966,4.820967],[6.97402,4.820988]]]}},{"type":"Feature","properties":{"h":3.0,"on_route":false},"geometry":{"type":"Polygon","coordinates":[[[6.980362,4.821464],[6.980353,4.821601],[6.980234,4.821594],[6.980242,4.821457],[6.980362,4.821464]]]}},{"type":"Feature","properties":{"h":3.0,"on_route":false},"geometry":{"type":"Polygon","coordinates":[[[6.977257,4.820309],[6.977226,4.820307],[6.977228,4.820276],[6.977259,4.820278],[6.977257,4.820309]]]}},{"type":"Feature","properties":{"h":3.0,"on_route":false},"geometry":{"type":"Polygon","coordinates":[[[6.97835,4.821182],[6.978354,4.821225],[6.978291,4.82123],[6.978287,4.821187],[6.97835,4.821182]]]}},{"type":"Feature","properties":{"h":3.0,"on_route":false},"geometry":{"type":"Polygon","coordinates":[[[6.980619,4.822498],[6.980627,4.822577],[6.980526,4.822589],[6.980519,4.822509],[6.980619,4.822498]]]}},{"type":"Feature","properties":{"h":3.0,"on_route":false},"geometry":{"type":"Polygon","coordinates":[[[6.976628,4.821483],[6.976602,4.821652],[6.97651,4.821638],[6.976536,4.821469],[6.976628,4.821483]]]}},{"type":"Feature","properties":{"h":3.0,"on_route":false},"geometry":{"type":"Polygon","coordinates":[[[6.980642,4.821691],[6.980638,4.821763],[6.980451,4.821752],[6.980455,4.821681],[6.980642,4.821691]]]}},{"type":"Feature","properties":{"h":3.0,"on_route":false},"geometry":{"type":"Polygon","coordinates":[[[6.978671,4.82706],[6.978633,4.827161],[6.97853,4.827122],[6.978569,4.827021],[6.978671,4.82706]]]}},{"type":"Feature","properties":{"h":3.0,"on_route":false},"geometry":{"type":"Polygon","coordinates":[[[6.976246,4.824411],[6.976232,4.824567],[6.976122,4.824557],[6.976136,4.824401],[6.976246,4.824411]]]}},{"type":"Feature","properties":{"h":3.0,"on_route":false},"geometry":{"type":"Polygon","coordinates":[[[6.975346,4.826699],[6.975169,4.826717],[6.975163,4.826662],[6.975341,4.826644],[6.975346,4.826699]]]}},{"type":"Feature","properties":{"h":3.0,"on_route":false},"geometry":{"type":"Polygon","coordinates":[[[6.976548,4.821375],[6.976522,4.821381],[6.976538,4.821448],[6.976477,4.821463],[6.97646,4.821393],[6.976289,4.821436],[6.976264,4.821336],[6.976523,4.821272],[6.976548,4.821375]]]}},{"type":"Feature","properties":{"h":3.0,"on_route":false},"geometry":{"type":"Polygon","coordinates":[[[6.981387,4.823503],[6.981382,4.823556],[6.981334,4.823551],[6.981339,4.823499],[6.981387,4.823503]]]}},{"type":"Feature","properties":{"h":3.0,"on_route":true},"geometry":{"type":"Polygon","coordinates":[[[6.980378,4.820086],[6.980275,4.8201],[6.980268,4.820049],[6.980372,4.820036],[6.980378,4.820086]]]}},{"type":"Feature","properties":{"h":3.0,"on_route":false},"geometry":{"type":"Polygon","coordinates":[[[6.975147,4.82305],[6.975141,4.823088],[6.9751,4.823082],[6.975106,4.823044],[6.975147,4.82305]]]}},{"type":"Feature","properties":{"h":3.0,"on_route":false},"geometry":{"type":"Polygon","coordinates":[[[6.975725,4.826901],[6.975718,4.826986],[6.975655,4.826981],[6.975657,4.826952],[6.975592,4.826947],[6.975596,4.826891],[6.975725,4.826901]]]}},{"type":"Feature","properties":{"h":3.0,"on_route":false},"geometry":{"type":"Polygon","coordinates":[[[6.975955,4.824207],[6.975936,4.824319],[6.975883,4.82431],[6.975902,4.824198],[6.975955,4.824207]]]}},{"type":"Feature","properties":{"h":3.0,"on_route":false},"geometry":{"type":"Polygon","coordinates":[[[6.977627,4.819792],[6.977625,4.819841],[6.977506,4.819837],[6.977508,4.819787],[6.977627,4.819792]]]}},{"type":"Feature","properties":{"h":3.0,"on_route":false},"geometry":{"type":"Polygon","coordinates":[[[6.974035,4.821359],[6.974002,4.821458],[6.973791,4.821386],[6.973824,4.821287],[6.974035,4.821359]]]}},{"type":"Feature","properties":{"h":3.0,"on_route":false},"geometry":{"type":"Polygon","coordinates":[[[6.97992,4.821044],[6.979827,4.821055],[6.979812,4.820923],[6.979904,4.820912],[6.97992,4.821044]]]}},{"type":"Feature","properties":{"h":3.0,"on_route":false},"geometry":{"type":"Polygon","coordinates":[[[6.974836,4.821445],[6.974812,4.82152],[6.974686,4.821479],[6.97471,4.821404],[6.974836,4.821445]]]}},{"type":"Feature","properties":{"h":3.0,"on_route":false},"geometry":{"type":"Polygon","coordinates":[[[6.98086,4.822315],[6.980863,4.822355],[6.98049,4.822382],[6.980486,4.822321],[6.980719,4.822305],[6.980711,4.822203],[6.98088,4.822191],[6.980888,4.822313],[6.98086,4.822315]]]}},{"type":"Feature","properties":{"h":3.0,"on_route":false},"geometry":{"type":"Polygon","coordinates":[[[6.976085,4.821047],[6.976074,4.821087],[6.976111,4.821097],[6.976086,4.82119],[6.975889,4.821137],[6.975925,4.821004],[6.976085,4.821047]]]}},{"type":"Feature","properties":{"h":3.0,"on_route":true},"geometry":{"type":"Polygon","coordinates":[[[6.978327,4.822437],[6.978304,4.822503],[6.977961,4.822385],[6.977984,4.822319],[6.978327,4.822437]]]}},{"type":"Feature","properties":{"h":3.0,"on_route":false},"geometry":{"type":"Polygon","coordinates":[[[6.976687,4.825078],[6.976632,4.825227],[6.976515,4.825184],[6.97657,4.825035],[6.976687,4.825078]]]}},{"type":"Feature","properties":{"h":3.0,"on_route":false},"geometry":{"type":"Polygon","coordinates":[[[6.981163,4.821526],[6.981155,4.821622],[6.981138,4.821621],[6.981133,4.821682],[6.981059,4.821676],[6.981072,4.821519],[6.981163,4.821526]]]}},{"type":"Feature","properties":{"h":3.0,"on_route":false},"geometry":{"type":"Polygon","coordinates":[[[6.980568,4.823765],[6.980555,4.823969],[6.980449,4.823962],[6.980462,4.823758],[6.980568,4.823765]]]}},{"type":"Feature","properties":{"h":3.0,"on_route":false},"geometry":{"type":"Polygon","coordinates":[[[6.978834,4.825947],[6.978801,4.826078],[6.978629,4.826035],[6.978661,4.825904],[6.978834,4.825947]]]}},{"type":"Feature","properties":{"h":3.0,"on_route":false},"geometry":{"type":"Polygon","coordinates":[[[6.977379,4.821329],[6.977373,4.821396],[6.977336,4.821393],[6.977342,4.821326],[6.977379,4.821329]]]}},{"type":"Feature","properties":{"h":3.0,"on_route":false},"geometry":{"type":"Polygon","coordinates":[[[6.980146,4.823619],[6.980142,4.823638],[6.980243,4.823654],[6.980226,4.823755],[6.979897,4.823699],[6.979917,4.82358],[6.980146,4.823619]]]}},{"type":"Feature","properties":{"h":3.0,"on_route":false},"geometry":{"type":"Polygon","coordinates":[[[6.97947,4.824996],[6.97945,4.825099],[6.97927,4.825064],[6.97929,4.82496],[6.97947,4.824996]]]}},{"type":"Feature","properties":{"h":3.0,"on_route":false},"geometry":{"type":"Polygon","coordinates":[[[6.975867,4.82257],[6.975849,4.822641],[6.975723,4.822609],[6.975741,4.822538],[6.975867,4.82257]]]}},{"type":"Feature","properties":{"h":3.0,"on_route":false},"geometry":{"type":"Polygon","coordinates":[[[6.980403,4.822416],[6.980426,4.822597],[6.980378,4.822603],[6.980355,4.822422],[6.980403,4.822416]]]}},{"type":"Feature","properties":{"h":3.0,"on_route":false},"geometry":{"type":"Polygon","coordinates":[[[6.97805,4.824538],[6.978036,4.824599],[6.978002,4.824591],[6.977993,4.824632],[6.977883,4.824607],[6.977879,4.824625],[6.977753,4.824595],[6.977781,4.824475],[6.97805,4.824538]]]}},{"type":"Feature","properties":{"h":3.0,"on_route":false},"geometry":{"type":"Polygon","coordinates":[[[6.974205,4.824913],[6.974247,4.825042],[6.974212,4.825053],[6.97417,4.824924],[6.974205,4.824913]]]}},{"type":"Feature","properties":{"h":3.0,"on_route":false},"geometry":{"type":"Polygon","coordinates":[[[6.9747,4.825329],[6.974607,4.825335],[6.974603,4.825267],[6.974695,4.82526],[6.9747,4.825329]]]}},{"type":"Feature","properties":{"h":3.0,"on_route":false},"geometry":{"type":"Polygon","coordinates":[[[6.974494,4.82525],[6.974488,4.8253],[6.974449,4.825296],[6.974455,4.825246],[6.974494,4.82525]]]}},{"type":"Feature","properties":{"h":3.0,"on_route":false},"geometry":{"type":"Polygon","coordinates":[[[6.976959,4.820881],[6.976829,4.820924],[6.976802,4.820843],[6.976932,4.8208],[6.976959,4.820881]]]}},{"type":"Feature","properties":{"h":3.0,"on_route":false},"geometry":{"type":"Polygon","coordinates":[[[6.979431,4.821548],[6.979437,4.821643],[6.979416,4.821645],[6.979425,4.821784],[6.979403,4.821786],[6.979402,4.821765],[6.979373,4.821767],[6.979359,4.821552],[6.979431,4.821548]]]}},{"type":"Feature","properties":{"h":3.0,"on_route":false},"geometry":{"type":"Polygon","coordinates":[[[6.98017,4.820232],[6.980169,4.820284],[6.980132,4.820284],[6.980132,4.820232],[6.98017,4.820232]]]}},{"type":"Feature","properties":{"h":3.0,"on_route":false},"geometry":{"type":"Polygon","coordinates":[[[6.976932,4.824343],[6.976926,4.824387],[6.976945,4.82439],[6.97692,4.824566],[6.976782,4.824546],[6.976788,4.824505],[6.976765,4.824501],[6.976785,4.824364],[6.976807,4.824368],[6.976813,4.824326],[6.976932,4.824343]]]}},{"type":"Feature","properties":{"h":3.0,"on_route":false},"geometry":{"type":"Polygon","coordinates":[[[6.98011,4.823827],[6.980103,4.823913],[6.979872,4.823896],[6.979878,4.82381],[6.98011,4.823827]]]}},{"type":"Feature","properties":{"h":3.0,"on_route":false},"geometry":{"type":"Polygon","coordinates":[[[6.975881,4.826859],[6.975887,4.82692],[6.975841,4.826924],[6.975835,4.826863],[6.975881,4.826859]]]}},{"type":"Feature","properties":{"h":3.0,"on_route":false},"geometry":{"type":"Polygon","coordinates":[[[6.974157,4.822448],[6.974155,4.822474],[6.974125,4.822473],[6.974127,4.822446],[6.974157,4.822448]]]}},{"type":"Feature","properties":{"h":3.0,"on_route":false},"geometry":{"type":"Polygon","coordinates":[[[6.975295,4.82051],[6.975305,4.820611],[6.975227,4.820619],[6.975217,4.820518],[6.975295,4.82051]]]}},{"type":"Feature","properties":{"h":3.0,"on_route":false},"geometry":{"type":"Polygon","coordinates":[[[6.980661,4.821932],[6.980645,4.822041],[6.980555,4.822027],[6.980572,4.821918],[6.980661,4.821932]]]}},{"type":"Feature","properties":{"h":3.0,"on_route":false},"geometry":{"type":"Polygon","coordinates":[[[6.975821,4.819978],[6.975848,4.820049],[6.975818,4.820061],[6.975802,4.82002],[6.975781,4.820028],[6.975769,4.819998],[6.975821,4.819978]]]}},{"type":"Feature","properties":{"h":3.0,"on_route":false},"geometry":{"type":"Polygon","coordinates":[[[6.980112,4.825775],[6.980109,4.825813],[6.980182,4.825819],[6.980177,4.825879],[6.979941,4.82586],[6.979949,4.825761],[6.980112,4.825775]]]}},{"type":"Feature","properties":{"h":3.0,"on_route":false},"geometry":{"type":"Polygon","coordinates":[[[6.976732,4.826169],[6.976672,4.82629],[6.976489,4.826198],[6.976549,4.826078],[6.976732,4.826169]]]}},{"type":"Feature","properties":{"h":3.0,"on_route":false},"geometry":{"type":"Polygon","coordinates":[[[6.980314,4.823903],[6.980303,4.824034],[6.980245,4.82403],[6.980257,4.823898],[6.980314,4.823903]]]}},{"type":"Feature","properties":{"h":3.0,"on_route":false},"geometry":{"type":"Polygon","coordinates":[[[6.977559,4.821159],[6.97754,4.821341],[6.977483,4.821335],[6.977502,4.821153],[6.977559,4.821159]]]}},{"type":"Feature","properties":{"h":3.0,"on_route":true},"geometry":{"type":"Polygon","coordinates":[[[6.978911,4.821981],[6.978909,4.822059],[6.978689,4.822053],[6.978691,4.821975],[6.978911,4.821981]]]}},{"type":"Feature","properties":{"h":3.0,"on_route":false},"geometry":{"type":"Polygon","coordinates":[[[6.974244,4.820743],[6.9742,4.820866],[6.974001,4.820793],[6.974045,4.820671],[6.974244,4.820743]]]}},{"type":"Feature","properties":{"h":3.0,"on_route":false},"geometry":{"type":"Polygon","coordinates":[[[6.976346,4.820739],[6.976333,4.820694],[6.976489,4.820648],[6.976502,4.820693],[6.976346,4.820739]]]}},{"type":"Feature","properties":{"h":3.0,"on_route":false},"geometry":{"type":"Polygon","coordinates":[[[6.977352,4.821266],[6.977307,4.821284],[6.977249,4.821134],[6.977295,4.821116],[6.977352,4.821266]]]}},{"type":"Feature","properties":{"h":3.0,"on_route":false},"geometry":{"type":"Polygon","coordinates":[[[6.9757,4.821079],[6.975647,4.821069],[6.975675,4.820923],[6.975728,4.820933],[6.9757,4.821079]]]}},{"type":"Feature","properties":{"h":3.0,"on_route":false},"geometry":{"type":"Polygon","coordinates":[[[6.974243,4.824175],[6.974244,4.824155],[6.974432,4.824166],[6.974427,4.82425],[6.974388,4.824248],[6.974386,4.824273],[6.974252,4.824265],[6.974254,4.82424],[6.974197,4.824236],[6.974201,4.824173],[6.974243,4.824175]]]}},{"type":"Feature","properties":{"h":3.0,"on_route":false},"geometry":{"type":"Polygon","coordinates":[[[6.976214,4.824976],[6.976185,4.82512],[6.976045,4.825092],[6.975991,4.825081],[6.976019,4.824937],[6.976214,4.824976]]]}},{"type":"Feature","properties":{"h":3.0,"on_route":false},"geometry":{"type":"Polygon","coordinates":[[[6.980065,4.820416],[6.979973,4.820424],[6.97996,4.820273],[6.980052,4.820265],[6.980065,4.820416]]]}},{"type":"Feature","properties":{"h":3.0,"on_route":false},"geometry":{"type":"Polygon","coordinates":[[[6.976019,4.820588],[6.976016,4.820647],[6.975983,4.820645],[6.975978,4.82072],[6.975768,4.820706],[6.975774,4.820617],[6.975737,4.820615],[6.97574,4.82057],[6.976019,4.820588]]]}},{"type":"Feature","properties":{"h":3.0,"on_route":false},"geometry":{"type":"Polygon","coordinates":[[[6.977414,4.819731],[6.977314,4.819724],[6.977324,4.819564],[6.977373,4.819567],[6.977424,4.819571],[6.977414,4.819731]]]}},{"type":"Feature","properties":{"h":3.0,"on_route":false},"geometry":{"type":"Polygon","coordinates":[[[6.979403,4.82234],[6.979402,4.822355],[6.979571,4.822376],[6.979558,4.822477],[6.979312,4.822447],[6.979326,4.82233],[6.979403,4.82234]]]}},{"type":"Feature","properties":{"h":3.0,"on_route":false},"geometry":{"type":"Polygon","coordinates":[[[6.980551,4.823971],[6.980545,4.824057],[6.980445,4.82405],[6.980451,4.823964],[6.980551,4.823971]]]}},{"type":"Feature","properties":{"h":3.0,"on_route":false},"geometry":{"type":"Polygon","coordinates":[[[6.975622,4.823299],[6.975607,4.82338],[6.975568,4.823372],[6.975555,4.823442],[6.975367,4.823407],[6.975395,4.823256],[6.975622,4.823299]]]}},{"type":"Feature","properties":{"h":3.0,"on_route":false},"geometry":{"type":"Polygon","coordinates":[[[6.975411,4.823432],[6.975406,4.823477],[6.97534,4.823468],[6.975346,4.823424],[6.975411,4.823432]]]}},{"type":"Feature","properties":{"h":3.0,"on_route":false},"geometry":{"type":"Polygon","coordinates":[[[6.975934,4.82211],[6.975883,4.822325],[6.97578,4.822301],[6.975831,4.822086],[6.975934,4.82211]]]}},{"type":"Feature","properties":{"h":3.0,"on_route":false},"geometry":{"type":"Polygon","coordinates":[[[6.977141,4.82724],[6.977136,4.827301],[6.977081,4.827297],[6.977085,4.827236],[6.977141,4.82724]]]}},{"type":"Feature","properties":{"h":3.0,"on_route":false},"geometry":{"type":"Polygon","coordinates":[[[6.97354,4.82372],[6.973478,4.823731],[6.973457,4.8236],[6.973519,4.82359],[6.97354,4.82372]]]}},{"type":"Feature","properties":{"h":3.0,"on_route":false},"geometry":{"type":"Polygon","coordinates":[[[6.975615,4.825487],[6.975536,4.825854],[6.975509,4.825848],[6.975502,4.825879],[6.97538,4.825853],[6.975387,4.825822],[6.975465,4.825839],[6.975471,4.825811],[6.975393,4.825795],[6.975399,4.825767],[6.975335,4.825753],[6.975402,4.825441],[6.975615,4.825487]]]}},{"type":"Feature","properties":{"h":3.0,"on_route":false},"geometry":{"type":"Polygon","coordinates":[[[6.978902,4.827078],[6.978852,4.827194],[6.978797,4.82717],[6.978847,4.827054],[6.978902,4.827078]]]}},{"type":"Feature","properties":{"h":3.0,"on_route":false},"geometry":{"type":"Polygon","coordinates":[[[6.975615,4.824176],[6.975608,4.824263],[6.975436,4.82425],[6.975442,4.824163],[6.975615,4.824176]]]}},{"type":"Feature","properties":{"h":3.0,"on_route":false},"geometry":{"type":"Polygon","coordinates":[[[6.978627,4.824073],[6.978618,4.824126],[6.978574,4.824119],[6.978583,4.824065],[6.978627,4.824073]]]}},{"type":"Feature","properties":{"h":3.0,"on_route":false},"geometry":{"type":"Polygon","coordinates":[[[6.976231,4.82713],[6.976241,4.827185],[6.97618,4.827196],[6.976169,4.827142],[6.976231,4.82713]]]}},{"type":"Feature","properties":{"h":3.0,"on_route":false},"geometry":{"type":"Polygon","coordinates":[[[6.976586,4.825009],[6.97651,4.82521],[6.976409,4.825172],[6.976485,4.824971],[6.976586,4.825009]]]}},{"type":"Feature","properties":{"h":3.0,"on_route":false},"geometry":{"type":"Polygon","coordinates":[[[6.980593,4.82066],[6.980564,4.820798],[6.980495,4.820783],[6.980515,4.820694],[6.980483,4.820687],[6.980493,4.820638],[6.980593,4.82066]]]}},{"type":"Feature","properties":{"h":3.0,"on_route":false},"geometry":{"type":"Polygon","coordinates":[[[6.976368,4.826331],[6.976339,4.826446],[6.976258,4.826426],[6.976286,4.826311],[6.976368,4.826331]]]}},{"type":"Feature","properties":{"h":3.0,"on_route":false},"geometry":{"type":"Polygon","coordinates":[[[6.975302,4.825757],[6.975293,4.825852],[6.975237,4.825847],[6.975246,4.825751],[6.975302,4.825757]]]}},{"type":"Feature","properties":{"h":3.0,"on_route":false},"geometry":{"type":"Polygon","coordinates":[[[6.979298,4.825511],[6.979178,4.825481],[6.979191,4.825428],[6.979253,4.825444],[6.979278,4.825341],[6.979336,4.825356],[6.979298,4.825511]]]}},{"type":"Feature","properties":{"h":3.0,"on_route":false},"geometry":{"type":"Polygon","coordinates":[[[6.979891,4.82565],[6.97988,4.825724],[6.979821,4.825714],[6.979832,4.82564],[6.979891,4.82565]]]}},{"type":"Feature","properties":{"h":3.0,"on_route":false},"geometry":{"type":"Polygon","coordinates":[[[6.976084,4.826596],[6.976092,4.826713],[6.975967,4.826721],[6.975959,4.826604],[6.976084,4.826596]]]}},{"type":"Feature","properties":{"h":3.0,"on_route":false},"geometry":{"type":"Polygon","coordinates":[[[6.974725,4.82396],[6.974699,4.824072],[6.974557,4.82404],[6.974583,4.823928],[6.974725,4.82396]]]}},{"type":"Feature","properties":{"h":3.0,"on_route":false},"geometry":{"type":"Polygon","coordinates":[[[6.977368,4.82214],[6.977358,4.822175],[6.977301,4.822159],[6.977311,4.822124],[6.977368,4.82214]]]}},{"type":"Feature","properties":{"h":3.0,"on_route":false},"geometry":{"type":"Polygon","coordinates":[[[6.974804,4.821925],[6.974778,4.822024],[6.974687,4.822],[6.974713,4.821901],[6.974804,4.821925]]]}},{"type":"Feature","properties":{"h":3.0,"on_route":false},"geometry":{"type":"Polygon","coordinates":[[[6.976114,4.82263],[6.976014,4.822963],[6.975919,4.822934],[6.976018,4.822601],[6.976114,4.82263]]]}},{"type":"Feature","properties":{"h":3.0,"on_route":false},"geometry":{"type":"Polygon","coordinates":[[[6.974595,4.824633],[6.974594,4.824677],[6.974524,4.824675],[6.974525,4.824631],[6.974595,4.824633]]]}},{"type":"Feature","properties":{"h":3.0,"on_route":false},"geometry":{"type":"Polygon","coordinates":[[[6.980566,4.824419],[6.980572,4.824499],[6.980496,4.824505],[6.98049,4.824424],[6.980566,4.824419]]]}},{"type":"Feature","properties":{"h":3.0,"on_route":false},"geometry":{"type":"Polygon","coordinates":[[[6.97783,4.818907],[6.977801,4.81921],[6.977692,4.819199],[6.977721,4.818896],[6.97783,4.818907]]]}},{"type":"Feature","properties":{"h":3.0,"on_route":false},"geometry":{"type":"Polygon","coordinates":[[[6.974334,4.824045],[6.974328,4.824107],[6.974279,4.824102],[6.974284,4.824041],[6.974334,4.824045]]]}},{"type":"Feature","properties":{"h":3.0,"on_route":false},"geometry":{"type":"Polygon","coordinates":[[[6.974965,4.826199],[6.974785,4.826257],[6.97472,4.826053],[6.9749,4.825996],[6.974965,4.826199]]]}},{"type":"Feature","properties":{"h":3.0,"on_route":false},"geometry":{"type":"Polygon","coordinates":[[[6.974569,4.820444],[6.974547,4.820534],[6.974494,4.820522],[6.974516,4.820431],[6.974569,4.820444]]]}},{"type":"Feature","properties":{"h":3.0,"on_route":false},"geometry":{"type":"Polygon","coordinates":[[[6.976428,4.821908],[6.976406,4.82198],[6.976292,4.821946],[6.976314,4.821874],[6.976428,4.821908]]]}},{"type":"Feature","properties":{"h":3.0,"on_route":false},"geometry":{"type":"Polygon","coordinates":[[[6.97727,4.825926],[6.977229,4.826001],[6.977089,4.825924],[6.97713,4.825849],[6.97727,4.825926]]]}},{"type":"Feature","properties":{"h":3.0,"on_route":false},"geometry":{"type":"Polygon","coordinates":[[[6.979697,4.82205],[6.97969,4.822211],[6.979596,4.822207],[6.979603,4.822046],[6.979697,4.82205]]]}},{"type":"Feature","properties":{"h":3.0,"on_route":false},"geometry":{"type":"Polygon","coordinates":[[[6.979098,4.826531],[6.979006,4.826816],[6.97889,4.826778],[6.978895,4.826762],[6.978912,4.826768],[6.978999,4.826498],[6.979098,4.826531]]]}},{"type":"Feature","properties":{"h":3.0,"on_route":false},"geometry":{"type":"Polygon","coordinates":[[[6.980119,4.822381],[6.98011,4.82245],[6.980028,4.82244],[6.980036,4.822371],[6.980119,4.822381]]]}},{"type":"Feature","properties":{"h":3.0,"on_route":false},"geometry":{"type":"Polygon","coordinates":[[[6.974929,4.820752],[6.974889,4.820863],[6.974827,4.820841],[6.974868,4.82073],[6.974929,4.820752]]]}},{"type":"Feature","properties":{"h":3.0,"on_route":false},"geometry":{"type":"Polygon","coordinates":[[[6.975125,4.826631],[6.974988,4.826636],[6.974986,4.826576],[6.974959,4.826577],[6.974957,4.826527],[6.974984,4.826526],[6.974978,4.826376],[6.975115,4.826371],[6.975125,4.826631]]]}},{"type":"Feature","properties":{"h":3.0,"on_route":false},"geometry":{"type":"Polygon","coordinates":[[[6.97566,4.823045],[6.975638,4.82318],[6.975424,4.823145],[6.975446,4.823009],[6.97566,4.823045]]]}},{"type":"Feature","properties":{"h":3.0,"on_route":false},"geometry":{"type":"Polygon","coordinates":[[[6.975225,4.824624],[6.975227,4.824655],[6.975183,4.824658],[6.975181,4.824627],[6.975225,4.824624]]]}},{"type":"Feature","properties":{"h":3.0,"on_route":false},"geometry":{"type":"Polygon","coordinates":[[[6.976399,4.826851],[6.976346,4.826838],[6.976377,4.826708],[6.976431,4.826721],[6.976399,4.826851]]]}},{"type":"Feature","properties":{"h":3.0,"on_route":false},"geometry":{"type":"Polygon","coordinates":[[[6.977865,4.827263],[6.977782,4.827541],[6.977676,4.827509],[6.977759,4.827231],[6.977865,4.827263]]]}},{"type":"Feature","properties":{"h":3.0,"on_route":true},"geometry":{"type":"Polygon","coordinates":[[[6.979041,4.821439],[6.978975,4.821442],[6.978972,4.821358],[6.979038,4.821355],[6.979041,4.821439]]]}},{"type":"Feature","properties":{"h":3.0,"on_route":false},"geometry":{"type":"Polygon","coordinates":[[[6.978992,4.825761],[6.978955,4.825987],[6.978866,4.825972],[6.978903,4.825747],[6.978992,4.825761]]]}},{"type":"Feature","properties":{"h":3.0,"on_route":false},"geometry":{"type":"Polygon","coordinates":[[[6.973771,4.823621],[6.973678,4.823639],[6.973667,4.823588],[6.973601,4.823601],[6.97359,4.823549],[6.973751,4.823517],[6.973771,4.823621]]]}},{"type":"Feature","properties":{"h":3.0,"on_route":false},"geometry":{"type":"Polygon","coordinates":[[[6.975581,4.82695],[6.975442,4.826958],[6.97544,4.826903],[6.975579,4.826896],[6.975581,4.82695]]]}},{"type":"Feature","properties":{"h":3.0,"on_route":false},"geometry":{"type":"Polygon","coordinates":[[[6.980636,4.820271],[6.980619,4.820285],[6.980633,4.820303],[6.9806,4.820329],[6.980512,4.820217],[6.980562,4.820177],[6.980636,4.820271]]]}},{"type":"Feature","properties":{"h":3.0,"on_route":false},"geometry":{"type":"Polygon","coordinates":[[[6.979584,4.822053],[6.979575,4.822166],[6.97953,4.822163],[6.97954,4.82205],[6.979584,4.822053]]]}},{"type":"Feature","properties":{"h":3.0,"on_route":true},"geometry":{"type":"Polygon","coordinates":[[[6.978591,4.822136],[6.978591,4.822162],[6.978566,4.822162],[6.978565,4.822208],[6.97845,4.822206],[6.978451,4.822134],[6.978591,4.822136]]]}},{"type":"Feature","properties":{"h":3.0,"on_route":false},"geometry":{"type":"Polygon","coordinates":[[[6.975542,4.824517],[6.975438,4.824533],[6.975424,4.824443],[6.975396,4.824448],[6.975388,4.824395],[6.975416,4.824391],[6.975406,4.824327],[6.97551,4.824311],[6.975542,4.824517]]]}},{"type":"Feature","properties":{"h":3.0,"on_route":false},"geometry":{"type":"Polygon","coordinates":[[[6.980277,4.821632],[6.980333,4.821636],[6.980323,4.821756],[6.980227,4.821748],[6.980237,4.821629],[6.980277,4.821632]]]}},{"type":"Feature","properties":{"h":3.0,"on_route":false},"geometry":{"type":"Polygon","coordinates":[[[6.977247,4.819218],[6.977204,4.819221],[6.977201,4.819183],[6.977244,4.819179],[6.977247,4.819218]]]}},{"type":"Feature","properties":{"h":3.0,"on_route":false},"geometry":{"type":"Polygon","coordinates":[[[6.978455,4.827006],[6.97843,4.827093],[6.97836,4.827073],[6.978385,4.826986],[6.978455,4.827006]]]}},{"type":"Feature","properties":{"h":3.0,"on_route":false},"geometry":{"type":"Polygon","coordinates":[[[6.9798,4.826319],[6.979741,4.82631],[6.979758,4.826197],[6.979787,4.826201],[6.979799,4.826124],[6.97983,4.826129],[6.9798,4.826319]]]}},{"type":"Feature","properties":{"h":3.0,"on_route":false},"geometry":{"type":"Polygon","coordinates":[[[6.980932,4.821074],[6.980806,4.821109],[6.980762,4.82095],[6.980888,4.820915],[6.980932,4.821074]]]}},{"type":"Feature","properties":{"h":3.0,"on_route":false},"geometry":{"type":"Polygon","coordinates":[[[6.976508,4.825498],[6.976473,4.825643],[6.976296,4.8256],[6.97633,4.825456],[6.976508,4.825498]]]}},{"type":"Feature","properties":{"h":3.0,"on_route":false},"geometry":{"type":"Polygon","coordinates":[[[6.974906,4.82376],[6.974863,4.823978],[6.974756,4.823957],[6.974799,4.823739],[6.974906,4.82376]]]}},{"type":"Feature","properties":{"h":3.0,"on_route":false},"geometry":{"type":"Polygon","coordinates":[[[6.977483,4.821405],[6.977477,4.821482],[6.977367,4.821473],[6.977373,4.821396],[6.977483,4.821405]]]}},{"type":"Feature","properties":{"h":3.0,"on_route":false},"geometry":{"type":"Polygon","coordinates":[[[6.980486,4.822131],[6.980285,4.82215],[6.980278,4.82209],[6.98048,4.82207],[6.980486,4.822131]]]}},{"type":"Feature","properties":{"h":3.0,"on_route":false},"geometry":{"type":"Polygon","coordinates":[[[6.979756,4.821793],[6.979771,4.821968],[6.979708,4.821973],[6.979692,4.821798],[6.979756,4.821793]]]}},{"type":"Feature","properties":{"h":3.0,"on_route":false},"geometry":{"type":"Polygon","coordinates":[[[6.976658,4.819428],[6.976621,4.819433],[6.976615,4.819391],[6.976653,4.819386],[6.976658,4.819428]]]}},{"type":"Feature","properties":{"h":3.0,"on_route":false},"geometry":{"type":"Polygon","coordinates":[[[6.980118,4.822967],[6.980094,4.823057],[6.979982,4.823026],[6.980006,4.822937],[6.980118,4.822967]]]}},{"type":"Feature","properties":{"h":3.0,"on_route":false},"geometry":{"type":"Polygon","coordinates":[[[6.980309,4.824372],[6.980175,4.82441],[6.980139,4.824282],[6.980274,4.824244],[6.980309,4.824372]]]}},{"type":"Feature","properties":{"h":3.0,"on_route":false},"geometry":{"type":"Polygon","coordinates":[[[6.979742,4.821189],[6.979675,4.82121],[6.979629,4.821061],[6.979697,4.82104],[6.979742,4.821189]]]}},{"type":"Feature","properties":{"h":3.0,"on_route":false},"geometry":{"type":"Polygon","coordinates":[[[6.980097,4.822519],[6.98006,4.822668],[6.979974,4.822646],[6.980011,4.822497],[6.980097,4.822519]]]}},{"type":"Feature","properties":{"h":3.0,"on_route":false},"geometry":{"type":"Polygon","coordinates":[[[6.977367,4.822295],[6.977352,4.82237],[6.9773,4.82236],[6.977316,4.822284],[6.977367,4.822295]]]}},{"type":"Feature","properties":{"h":3.0,"on_route":false},"geometry":{"type":"Polygon","coordinates":[[[6.974959,4.826752],[6.974956,4.826702],[6.974916,4.826704],[6.974914,4.826662],[6.975081,4.826653],[6.975086,4.826745],[6.974959,4.826752]]]}},{"type":"Feature","properties":{"h":3.0,"on_route":false},"geometry":{"type":"Polygon","coordinates":[[[6.975015,4.8253],[6.975008,4.825356],[6.974918,4.825345],[6.974924,4.825289],[6.975015,4.8253]]]}},{"type":"Feature","properties":{"h":3.0,"on_route":false},"geometry":{"type":"Polygon","coordinates":[[[6.98099,4.822363],[6.98098,4.822488],[6.980931,4.822484],[6.98094,4.82236],[6.98099,4.822363]]]}},{"type":"Feature","properties":{"h":3.0,"on_route":false},"geometry":{"type":"Polygon","coordinates":[[[6.977726,4.826539],[6.97773,4.826561],[6.977703,4.826564],[6.9777,4.826542],[6.977726,4.826539]]]}},{"type":"Feature","properties":{"h":3.0,"on_route":false},"geometry":{"type":"Polygon","coordinates":[[[6.973597,4.82494],[6.97356,4.824951],[6.973551,4.824918],[6.973587,4.824908],[6.973597,4.82494]]]}},{"type":"Feature","properties":{"h":3.0,"on_route":false},"geometry":{"type":"Polygon","coordinates":[[[6.980216,4.82309],[6.980204,4.82315],[6.979966,4.823098],[6.979979,4.823038],[6.980216,4.82309]]]}},{"type":"Feature","properties":{"h":3.0,"on_route":false},"geometry":{"type":"Polygon","coordinates":[[[6.97802,4.82204],[6.978013,4.822121],[6.977983,4.822119],[6.977989,4.822038],[6.97802,4.82204]]]}},{"type":"Feature","properties":{"h":3.0,"on_route":false},"geometry":{"type":"Polygon","coordinates":[[[6.973447,4.823481],[6.973156,4.823593],[6.973103,4.823455],[6.973394,4.823343],[6.973447,4.823481]]]}},{"type":"Feature","properties":{"h":3.0,"on_route":true},"geometry":{"type":"Polygon","coordinates":[[[6.979525,4.820985],[6.97948,4.821009],[6.979448,4.820946],[6.979493,4.820923],[6.979525,4.820985]]]}},{"type":"Feature","properties":{"h":3.0,"on_route":false},"geometry":{"type":"Polygon","coordinates":[[[6.980693,4.823001],[6.98068,4.82306],[6.980727,4.823071],[6.980713,4.823134],[6.980727,4.823137],[6.980719,4.823173],[6.980771,4.823184],[6.980752,4.82327],[6.980656,4.823249],[6.980658,4.823238],[6.98057,4.823219],[6.980576,4.823192],[6.980503,4.823176],[6.980518,4.823109],[6.98059,4.823125],[6.980608,4.823044],[6.980621,4.823047],[6.980634,4.822988],[6.980693,4.823001]]]}},{"type":"Feature","properties":{"h":3.0,"on_route":false},"geometry":{"type":"Polygon","coordinates":[[[6.980277,4.82113],[6.980102,4.821155],[6.980063,4.820887],[6.980127,4.820878],[6.980146,4.821011],[6.980199,4.821004],[6.980179,4.82087],[6.980238,4.820862],[6.980277,4.82113]]]}},{"type":"Feature","properties":{"h":3.0,"on_route":false},"geometry":{"type":"Polygon","coordinates":[[[6.975266,4.822769],[6.975256,4.822821],[6.975137,4.822799],[6.975147,4.822746],[6.975266,4.822769]]]}},{"type":"Feature","properties":{"h":3.0,"on_route":false},"geometry":{"type":"Polygon","coordinates":[[[6.974316,4.825205],[6.97435,4.825341],[6.974261,4.825364],[6.974226,4.825228],[6.974316,4.825205]]]}},{"type":"Feature","properties":{"h":3.0,"on_route":false},"geometry":{"type":"Polygon","coordinates":[[[6.980104,4.82373],[6.980098,4.823806],[6.97988,4.82379],[6.979886,4.823714],[6.980104,4.82373]]]}},{"type":"Feature","properties":{"h":3.0,"on_route":false},"geometry":{"type":"Polygon","coordinates":[[[6.976887,4.821443],[6.976883,4.821512],[6.97676,4.821504],[6.976764,4.821435],[6.976887,4.821443]]]}},{"type":"Feature","properties":{"h":3.0,"on_route":false},"geometry":{"type":"Polygon","coordinates":[[[6.981281,4.822312],[6.981285,4.822269],[6.981419,4.822278],[6.981415,4.822341],[6.981469,4.822345],[6.981468,4.822371],[6.9815,4.822373],[6.981497,4.82241],[6.981255,4.822393],[6.981261,4.822311],[6.981281,4.822312]]]}},{"type":"Feature","properties":{"h":3.0,"on_route":false},"geometry":{"type":"Polygon","coordinates":[[[6.97668,4.822383],[6.97666,4.822484],[6.976617,4.822476],[6.976637,4.822375],[6.97668,4.822383]]]}},{"type":"Feature","properties":{"h":3.0,"on_route":false},"geometry":{"type":"Polygon","coordinates":[[[6.979422,4.824524],[6.979419,4.824558],[6.979353,4.824551],[6.979357,4.824517],[6.979422,4.824524]]]}},{"type":"Feature","properties":{"h":3.0,"on_route":false},"geometry":{"type":"Polygon","coordinates":[[[6.979482,4.825494],[6.979471,4.825549],[6.979389,4.825534],[6.979399,4.825479],[6.979482,4.825494]]]}},{"type":"Feature","properties":{"h":3.0,"on_route":false},"geometry":{"type":"Polygon","coordinates":[[[6.975931,4.825246],[6.975886,4.825432],[6.975765,4.825403],[6.97581,4.825217],[6.975931,4.825246]]]}},{"type":"Feature","properties":{"h":3.0,"on_route":false},"geometry":{"type":"Polygon","coordinates":[[[6.975128,4.822759],[6.975107,4.822902],[6.974922,4.822874],[6.974944,4.822731],[6.975128,4.822759]]]}},{"type":"Feature","properties":{"h":3.0,"on_route":false},"geometry":{"type":"Polygon","coordinates":[[[6.975933,4.827358],[6.975823,4.827378],[6.975773,4.827104],[6.975883,4.827083],[6.975933,4.827358]]]}},{"type":"Feature","properties":{"h":3.0,"on_route":false},"geometry":{"type":"Polygon","coordinates":[[[6.97827,4.821699],[6.978266,4.82175],[6.978137,4.821739],[6.978141,4.821689],[6.97827,4.821699]]]}},{"type":"Feature","properties":{"h":3.0,"on_route":false},"geometry":{"type":"Polygon","coordinates":[[[6.973654,4.821623],[6.973841,4.821687],[6.97382,4.821748],[6.973633,4.821684],[6.973654,4.821623]]]}},{"type":"Feature","properties":{"h":3.0,"on_route":false},"geometry":{"type":"Polygon","coordinates":[[[6.980431,4.825315],[6.980425,4.825389],[6.980078,4.825358],[6.980085,4.825284],[6.980431,4.825315]]]}},{"type":"Feature","properties":{"h":3.0,"on_route":false},"geometry":{"type":"Polygon","coordinates":[[[6.976516,4.821483],[6.976465,4.82174],[6.976321,4.821711],[6.976373,4.821454],[6.976516,4.821483]]]}},{"type":"Feature","properties":{"h":3.0,"on_route":false},"geometry":{"type":"Polygon","coordinates":[[[6.976719,4.821325],[6.976733,4.82145],[6.976683,4.821456],[6.976679,4.821422],[6.976617,4.821429],[6.976607,4.821338],[6.976719,4.821325]]]}},{"type":"Feature","properties":{"h":3.0,"on_route":false},"geometry":{"type":"Polygon","coordinates":[[[6.978501,4.819715],[6.978509,4.819813],[6.978656,4.8198],[6.978669,4.819946],[6.978499,4.81996],[6.978495,4.819913],[6.978295,4.81993],[6.978278,4.819734],[6.978501,4.819715]]]}},{"type":"Feature","properties":{"h":3.0,"on_route":false},"geometry":{"type":"Polygon","coordinates":[[[6.977557,4.820171],[6.977327,4.82019],[6.977314,4.820028],[6.977544,4.82001],[6.977557,4.820171]]]}},{"type":"Feature","properties":{"h":3.0,"on_route":false},"geometry":{"type":"Polygon","coordinates":[[[6.974681,4.824068],[6.974661,4.82416],[6.974537,4.824131],[6.974557,4.82404],[6.974681,4.824068]]]}},{"type":"Feature","properties":{"h":3.0,"on_route":false},"geometry":{"type":"Polygon","coordinates":[[[6.975215,4.821784],[6.975196,4.821837],[6.975144,4.821818],[6.975163,4.821765],[6.975215,4.821784]]]}},{"type":"Feature","properties":{"h":3.0,"on_route":false},"geometry":{"type":"Polygon","coordinates":[[[6.977578,4.81917],[6.977574,4.819223],[6.977509,4.819217],[6.977514,4.819164],[6.977578,4.81917]]]}},{"type":"Feature","properties":{"h":3.0,"on_route":false},"geometry":{"type":"Polygon","coordinates":[[[6.979339,4.826687],[6.979303,4.826798],[6.979243,4.826779],[6.979279,4.826667],[6.979339,4.826687]]]}},{"type":"Feature","properties":{"h":3.0,"on_route":false},"geometry":{"type":"Polygon","coordinates":[[[6.97568,4.820896],[6.975648,4.821069],[6.975588,4.821058],[6.97562,4.820885],[6.97568,4.820896]]]}},{"type":"Feature","properties":{"h":3.0,"on_route":false},"geometry":{"type":"Polygon","coordinates":[[[6.97499,4.826635],[6.974912,4.826638],[6.97491,4.826586],[6.974988,4.826583],[6.97499,4.826635]]]}},{"type":"Feature","properties":{"h":3.0,"on_route":false},"geometry":{"type":"Polygon","coordinates":[[[6.980172,4.820595],[6.98009,4.8206],[6.980081,4.820446],[6.980164,4.820442],[6.980172,4.820595]]]}},{"type":"Feature","properties":{"h":3.0,"on_route":false},"geometry":{"type":"Polygon","coordinates":[[[6.978589,4.824329],[6.978583,4.824369],[6.978529,4.824361],[6.978535,4.824322],[6.978589,4.824329]]]}},{"type":"Feature","properties":{"h":3.0,"on_route":false},"geometry":{"type":"Polygon","coordinates":[[[6.975796,4.819981],[6.975764,4.82],[6.975732,4.819944],[6.975764,4.819926],[6.975796,4.819981]]]}},{"type":"Feature","properties":{"h":3.0,"on_route":false},"geometry":{"type":"Polygon","coordinates":[[[6.974988,4.819951],[6.974978,4.820042],[6.97484,4.820026],[6.97485,4.819935],[6.974988,4.819951]]]}},{"type":"Feature","properties":{"h":3.0,"on_route":false},"geometry":{"type":"Polygon","coordinates":[[[6.97374,4.82512],[6.973739,4.825086],[6.973578,4.825092],[6.973581,4.825184],[6.973529,4.825186],[6.973525,4.825059],[6.973577,4.825058],[6.973576,4.82503],[6.973791,4.825023],[6.973794,4.825118],[6.97374,4.82512]]]}},{"type":"Feature","properties":{"h":3.0,"on_route":false},"geometry":{"type":"Polygon","coordinates":[[[6.97858,4.820289],[6.978594,4.820412],[6.978538,4.820419],[6.978524,4.820295],[6.97858,4.820289]]]}},{"type":"Feature","properties":{"h":3.0,"on_route":false},"geometry":{"type":"Polygon","coordinates":[[[6.978038,4.825331],[6.978034,4.825376],[6.978009,4.825374],[6.978013,4.825329],[6.978038,4.825331]]]}},{"type":"Feature","properties":{"h":3.0,"on_route":false},"geometry":{"type":"Polygon","coordinates":[[[6.976187,4.823068],[6.976186,4.823095],[6.976128,4.823095],[6.976128,4.823068],[6.976187,4.823068]]]}},{"type":"Feature","properties":{"h":3.0,"on_route":false},"geometry":{"type":"Polygon","coordinates":[[[6.979521,4.825291],[6.979495,4.825471],[6.979439,4.825463],[6.979465,4.825283],[6.979521,4.825291]]]}},{"type":"Feature","properties":{"h":3.0,"on_route":false},"geometry":{"type":"Polygon","coordinates":[[[6.979459,4.826851],[6.979436,4.826919],[6.97928,4.826867],[6.979302,4.826799],[6.979459,4.826851]]]}},{"type":"Feature","properties":{"h":3.0,"on_route":false},"geometry":{"type":"Polygon","coordinates":[[[6.979718,4.82516],[6.979711,4.825198],[6.979598,4.825176],[6.979605,4.825138],[6.979718,4.82516]]]}},{"type":"Feature","properties":{"h":3.0,"on_route":false},"geometry":{"type":"Polygon","coordinates":[[[6.974547,4.822076],[6.974542,4.822177],[6.974329,4.822166],[6.974334,4.822065],[6.974547,4.822076]]]}},{"type":"Feature","properties":{"h":3.0,"on_route":false},"geometry":{"type":"Polygon","coordinates":[[[6.975869,4.820106],[6.975837,4.820125],[6.975809,4.820075],[6.97584,4.820057],[6.975869,4.820106]]]}},{"type":"Feature","properties":{"h":3.0,"on_route":false},"geometry":{"type":"Polygon","coordinates":[[[6.979932,4.823026],[6.979849,4.822997],[6.97993,4.822767],[6.980013,4.822796],[6.979932,4.823026]]]}},{"type":"Feature","properties":{"h":3.0,"on_route":false},"geometry":{"type":"Polygon","coordinates":[[[6.979983,4.826227],[6.979956,4.82634],[6.979887,4.826324],[6.979913,4.826211],[6.979983,4.826227]]]}},{"type":"Feature","properties":{"h":3.0,"on_route":false},"geometry":{"type":"Polygon","coordinates":[[[6.976809,4.819794],[6.97655,4.819842],[6.976528,4.819723],[6.976585,4.819713],[6.976584,4.819705],[6.976786,4.819668],[6.976809,4.819794]]]}},{"type":"Feature","properties":{"h":3.0,"on_route":false},"geometry":{"type":"Polygon","coordinates":[[[6.980004,4.825658],[6.980002,4.825725],[6.979954,4.825724],[6.979957,4.825656],[6.980004,4.825658]]]}},{"type":"Feature","properties":{"h":3.0,"on_route":false},"geometry":{"type":"Polygon","coordinates":[[[6.974945,4.82199],[6.974932,4.822044],[6.974885,4.822033],[6.974898,4.821979],[6.974945,4.82199]]]}},{"type":"Feature","properties":{"h":3.0,"on_route":false},"geometry":{"type":"Polygon","coordinates":[[[6.981567,4.823401],[6.98137,4.823413],[6.981363,4.823315],[6.981561,4.823301],[6.981567,4.823401]]]}},{"type":"Feature","properties":{"h":3.0,"on_route":false},"geometry":{"type":"Polygon","coordinates":[[[6.981026,4.821484],[6.98102,4.821551],[6.980911,4.821542],[6.980916,4.821475],[6.981026,4.821484]]]}},{"type":"Feature","properties":{"h":3.0,"on_route":false},"geometry":{"type":"Polygon","coordinates":[[[6.978438,4.820221],[6.97829,4.820232],[6.978285,4.820159],[6.978309,4.820157],[6.978304,4.820088],[6.978333,4.820085],[6.978326,4.820003],[6.978421,4.819996],[6.978438,4.820221]]]}},{"type":"Feature","properties":{"h":3.0,"on_route":false},"geometry":{"type":"Polygon","coordinates":[[[6.975089,4.82324],[6.975065,4.823388],[6.974803,4.823346],[6.974827,4.823198],[6.975089,4.82324]]]}}]}