{"type":"FeatureCollection","features":[{"type":"Feature","properties":{"h":3.0,"on_route":false},"geometry":{"type":"Polygon","coordinates":[[[6.90202,4.885982],[6.901935,4.886035],[6.901874,4.885936],[6.90196,4.885883],[6.90202,4.885982]]]}},{"type":"Feature","properties":{"h":3.0,"on_route":false},"geometry":{"type":"Polygon","coordinates":[[[6.902482,4.885147],[6.902427,4.885191],[6.9024,4.885156],[6.902456,4.885112],[6.902482,4.885147]]]}},{"type":"Feature","properties":{"h":3.0,"on_route":false},"geometry":{"type":"Polygon","coordinates":[[[6.901164,4.885614],[6.901196,4.885726],[6.901141,4.885743],[6.901126,4.885689],[6.901074,4.885704],[6.901057,4.885646],[6.901164,4.885614]]]}},{"type":"Feature","properties":{"h":3.0,"on_route":false},"geometry":{"type":"Polygon","coordinates":[[[6.900427,4.885662],[6.90034,4.885822],[6.900244,4.88577],[6.900331,4.885609],[6.900427,4.885662]]]}},{"type":"Feature","properties":{"h":3.0,"on_route":false},"geometry":{"type":"Polygon","coordinates":[[[6.900324,4.88743],[6.900313,4.887519],[6.900201,4.887504],[6.900212,4.887416],[6.900324,4.88743]]]}},{"type":"Feature","properties":{"h":3.0,"on_route":false},"geometry":{"type":"Polygon","coordinates":[[[6.899564,4.883688],[6.899538,4.883678],[6.899583,4.883558],[6.899608,4.883568],[6.899564,4.883688]]]}},{"type":"Feature","properties":{"h":3.0,"on_route":false},"geometry":{"type":"Polygon","coordinates":[[[6.902576,4.885556],[6.902524,4.885584],[6.902463,4.885467],[6.902514,4.88544],[6.902576,4.885556]]]}},{"type":"Feature","properties":{"h":3.0,"on_route":false},"geometry":{"type":"Polygon","coordinates":[[[6.902193,4.886533],[6.902103,4.88655],[6.902084,4.886454],[6.902068,4.886457],[6.902062,4.886424],[6.902167,4.886403],[6.902193,4.886533]]]}},{"type":"Feature","properties":{"h":3.0,"on_route":false},"geometry":{"type":"Polygon","coordinates":[[[6.898867,4.888773],[6.898851,4.888829],[6.898672,4.888779],[6.898687,4.888723],[6.898867,4.888773]]]}},{"type":"Feature","properties":{"h":3.0,"on_route":false},"geometry":{"type":"Polygon","coordinates":[[[6.902863,4.886323],[6.902857,4.886402],[6.902742,4.886393],[6.902748,4.886314],[6.902863,4.886323]]]}},{"type":"Feature","properties":{"h":3.0,"on_route":false},"geometry":{"type":"Polygon","coordinates":[[[6.89883,4.888436],[6.898817,4.88848],[6.8987,4.888447],[6.898713,4.888403],[6.89883,4.888436]]]}},{"type":"Feature","properties":{"h":3.0,"on_route":false},"geometry":{"type":"Polygon","coordinates":[[[6.899448,4.883694],[6.899442,4.883718],[6.899322,4.88369],[6.899328,4.883666],[6.899448,4.883694]]]}},{"type":"Feature","properties":{"h":3.0,"on_route":false},"geometry":{"type":"Polygon","coordinates":[[[6.899923,4.886489],[6.899921,4.886517],[6.899796,4.88651],[6.899798,4.886482],[6.899923,4.886489]]]}},{"type":"Feature","properties":{"h":3.0,"on_route":false},"geometry":{"type":"Polygon","coordinates":[[[6.900589,4.882494],[6.900532,4.882424],[6.900655,4.882324],[6.900712,4.882394],[6.900589,4.882494]]]}},{"type":"Feature","properties":{"h":3.0,"on_route":false},"geometry":{"type":"Polygon","coordinates":[[[6.903045,4.885447],[6.90305,4.885543],[6.902986,4.885547],[6.902981,4.885451],[6.903045,4.885447]]]}},{"type":"Feature","properties":{"h":3.0,"on_route":false},"geometry":{"type":"Polygon","coordinates":[[[6.902264,4.887725],[6.902173,4.887735],[6.902169,4.88769],[6.902087,4.887698],[6.902083,4.887652],[6.902254,4.887634],[6.902264,4.887725]]]}},{"type":"Feature","properties":{"h":3.0,"on_route":false},"geometry":{"type":"Polygon","coordinates":[[[6.901542,4.885135],[6.901455,4.885169],[6.901436,4.885121],[6.901523,4.885087],[6.901542,4.885135]]]}},{"type":"Feature","properties":{"h":3.0,"on_route":false},"geometry":{"type":"Polygon","coordinates":[[[6.897566,4.886947],[6.897456,4.886959],[6.897453,4.886934],[6.897564,4.886922],[6.897566,4.886947]]]}},{"type":"Feature","properties":{"h":3.0,"on_route":false},"geometry":{"type":"Polygon","coordinates":[[[6.903093,4.884076],[6.902994,4.884145],[6.902955,4.884088],[6.903053,4.884019],[6.903093,4.884076]]]}},{"type":"Feature","properties":{"h":3.0,"on_route":false},"geometry":{"type":"Polygon","coordinates":[[[6.902721,4.88454],[6.902672,4.884579],[6.902594,4.88448],[6.902642,4.884441],[6.902721,4.88454]]]}},{"type":"Feature","properties":{"h":3.0,"on_route":false},"geometry":{"type":"Polygon","coordinates":[[[6.901465,4.885606],[6.901221,4.885703],[6.901199,4.885648],[6.901443,4.88555],[6.901465,4.885606]]]}},{"type":"Feature","properties":{"h":3.0,"on_route":false},"geometry":{"type":"Polygon","coordinates":[[[6.90121,4.885971],[6.901158,4.886004],[6.901054,4.885835],[6.901107,4.885802],[6.90121,4.885971]]]}},{"type":"Feature","properties":{"h":3.0,"on_route":false},"geometry":{"type":"Polygon","coordinates":[[[6.900436,4.887238],[6.900434,4.887258],[6.900516,4.887265],[6.900506,4.887375],[6.90039,4.887364],[6.900402,4.887235],[6.900436,4.887238]]]}},{"type":"Feature","properties":{"h":3.0,"on_route":false},"geometry":{"type":"Polygon","coordinates":[[[6.902586,4.884476],[6.902487,4.884554],[6.902436,4.88449],[6.902492,4.884446],[6.902445,4.884387],[6.90249,4.884352],[6.902586,4.884476]]]}},{"type":"Feature","properties":{"h":3.0,"on_route":false},"geometry":{"type":"Polygon","coordinates":[[[6.901537,4.888073],[6.901507,4.888075],[6.9015,4.887995],[6.90153,4.887992],[6.901537,4.888073]]]}},{"type":"Feature","properties":{"h":3.0,"on_route":false},"geometry":{"type":"Polygon","coordinates":[[[6.902914,4.88436],[6.902899,4.884379],[6.902863,4.884351],[6.902878,4.884331],[6.902914,4.88436]]]}},{"type":"Feature","properties":{"h":3.0,"on_route":false},"geometry":{"type":"Polygon","coordinates":[[[6.902458,4.885107],[6.902401,4.885154],[6.902346,4.885085],[6.902403,4.885039],[6.902458,4.885107]]]}},{"type":"Feature","properties":{"h":3.0,"on_route":false},"geometry":{"type":"Polygon","coordinates":[[[6.902287,4.887275],[6.902289,4.88733],[6.902244,4.887332],[6.902241,4.887277],[6.902287,4.887275]]]}},{"type":"Feature","properties":{"h":3.0,"on_route":false},"geometry":{"type":"Polygon","coordinates":[[[6.902176,4.882719],[6.902159,4.882757],[6.902112,4.882735],[6.902129,4.882697],[6.902176,4.882719]]]}},{"type":"Feature","properties":{"h":3.0,"on_route":false},"geometry":{"type":"Polygon","coordinates":[[[6.901156,4.88554],[6.901099,4.885563],[6.901077,4.885508],[6.901135,4.885486],[6.901156,4.88554]]]}},{"type":"Feature","properties":{"h":3.0,"on_route":false},"geometry":{"type":"Polygon","coordinates":[[[6.902172,4.884277],[6.902352,4.884501],[6.902272,4.884566],[6.902092,4.884342],[6.902172,4.884277]]]}},{"type":"Feature","properties":{"h":3.0,"on_route":false},"geometry":{"type":"Polygon","coordinates":[[[6.898661,4.888491],[6.898623,4.888482],[6.898651,4.888371],[6.898689,4.888381],[6.898661,4.888491]]]}},{"type":"Feature","properties":{"h":3.0,"on_route":false},"geometry":{"type":"Polygon","coordinates":[[[6.902358,4.884802],[6.902308,4.884843],[6.902271,4.884796],[6.902321,4.884756],[6.902358,4.884802]]]}},{"type":"Feature","properties":{"h":3.0,"on_route":false},"geometry":{"type":"Polygon","coordinates":[[[6.902038,4.882422],[6.901956,4.882499],[6.901877,4.882415],[6.901959,4.882338],[6.902038,4.882422]]]}},{"type":"Feature","properties":{"h":3.0,"on_route":false},"geometry":{"type":"Polygon","coordinates":[[[6.900325,4.883052],[6.900267,4.883099],[6.900228,4.883051],[6.900286,4.883004],[6.900325,4.883052]]]}},{"type":"Feature","properties":{"h":3.0,"on_route":false},"geometry":{"type":"Polygon","coordinates":[[[6.902154,4.883725],[6.902062,4.883803],[6.90187,4.883577],[6.901962,4.883498],[6.902154,4.883725]]]}},{"type":"Feature","properties":{"h":3.0,"on_route":false},"geometry":{"type":"Polygon","coordinates":[[[6.90198,4.883494],[6.901888,4.88357],[6.901677,4.883313],[6.901769,4.883237],[6.90198,4.883494]]]}},{"type":"Feature","properties":{"h":3.0,"on_route":false},"geometry":{"type":"Polygon","coordinates":[[[6.902682,4.8853],[6.902653,4.885316],[6.902702,4.885409],[6.902681,4.88542],[6.90272,4.885493],[6.902607,4.885553],[6.902501,4.885352],[6.902664,4.885265],[6.902682,4.8853]]]}},{"type":"Feature","properties":{"h":3.0,"on_route":false},"geometry":{"type":"Polygon","coordinates":[[[6.902619,4.885706],[6.90257,4.885734],[6.902512,4.885632],[6.902561,4.885604],[6.902619,4.885706]]]}},{"type":"Feature","properties":{"h":3.0,"on_route":false},"geometry":{"type":"Polygon","coordinates":[[[6.901401,4.8855],[6.901255,4.885545],[6.901224,4.885446],[6.90137,4.885401],[6.901401,4.8855]]]}},{"type":"Feature","properties":{"h":3.0,"on_route":false},"geometry":{"type":"Polygon","coordinates":[[[6.900842,4.886082],[6.900805,4.886146],[6.900712,4.886093],[6.900749,4.886029],[6.900842,4.886082]]]}},{"type":"Feature","properties":{"h":3.0,"on_route":false},"geometry":{"type":"Polygon","coordinates":[[[6.899825,4.887108],[6.900005,4.887196],[6.899969,4.887269],[6.899858,4.887214],[6.899806,4.887321],[6.899737,4.887287],[6.899825,4.887108]]]}},{"type":"Feature","properties":{"h":3.0,"on_route":false},"geometry":{"type":"Polygon","coordinates":[[[6.900661,4.883933],[6.900589,4.883991],[6.900472,4.883845],[6.900544,4.883787],[6.900661,4.883933]]]}},{"type":"Feature","properties":{"h":3.0,"on_route":false},"geometry":{"type":"Polygon","coordinates":[[[6.89877,4.887904],[6.898758,4.887985],[6.898665,4.887971],[6.898678,4.88789],[6.89877,4.887904]]]}},{"type":"Feature","properties":{"h":3.0,"on_route":false},"geometry":{"type":"Polygon","coordinates":[[[6.902987,4.884582],[6.902935,4.88463],[6.90286,4.884549],[6.902912,4.884501],[6.902987,4.884582]]]}},{"type":"Feature","properties":{"h":3.0,"on_route":false},"geometry":{"type":"Polygon","coordinates":[[[6.902806,4.885241],[6.902671,4.8853],[6.902648,4.885248],[6.902783,4.885188],[6.902806,4.885241]]]}},{"type":"Feature","properties":{"h":3.0,"on_route":false},"geometry":{"type":"Polygon","coordinates":[[[6.901529,4.886627],[6.901517,4.88666],[6.901438,4.886631],[6.901451,4.886598],[6.901529,4.886627]]]}},{"type":"Feature","properties":{"h":3.0,"on_route":false},"geometry":{"type":"Polygon","coordinates":[[[6.902907,4.882763],[6.902818,4.882854],[6.90271,4.882746],[6.902799,4.882656],[6.902907,4.882763]]]}},{"type":"Feature","properties":{"h":3.0,"on_route":false},"geometry":{"type":"Polygon","coordinates":[[[6.90126,4.887049],[6.901267,4.887096],[6.901202,4.887106],[6.901194,4.887059],[6.90126,4.887049]]]}},{"type":"Feature","properties":{"h":3.0,"on_route":false},"geometry":{"type":"Polygon","coordinates":[[[6.902758,4.885655],[6.902664,4.885708],[6.902584,4.885566],[6.902679,4.885513],[6.902758,4.885655]]]}},{"type":"Feature","properties":{"h":3.0,"on_route":false},"geometry":{"type":"Polygon","coordinates":[[[6.901654,4.882087],[6.901731,4.882156],[6.901685,4.882208],[6.901608,4.882138],[6.901654,4.882087]]]}},{"type":"Feature","properties":{"h":3.0,"on_route":false},"geometry":{"type":"Polygon","coordinates":[[[6.902216,4.887848],[6.902046,4.887894],[6.902024,4.887813],[6.902194,4.887768],[6.902216,4.887848]]]}},{"type":"Feature","properties":{"h":3.0,"on_route":false},"geometry":{"type":"Polygon","coordinates":[[[6.901155,4.885168],[6.901083,4.885209],[6.900985,4.885037],[6.901057,4.884996],[6.901155,4.885168]]]}},{"type":"Feature","properties":{"h":3.0,"on_route":false},"geometry":{"type":"Polygon","coordinates":[[[6.903504,4.884301],[6.903394,4.884379],[6.903348,4.884313],[6.903458,4.884236],[6.903504,4.884301]]]}},{"type":"Feature","properties":{"h":3.0,"on_route":false},"geometry":{"type":"Polygon","coordinates":[[[6.900614,4.887359],[6.900631,4.887518],[6.900546,4.887526],[6.900529,4.887367],[6.900614,4.887359]]]}},{"type":"Feature","properties":{"h":3.0,"on_route":false},"geometry":{"type":"Polygon","coordinates":[[[6.900395,4.887027],[6.900395,4.887049],[6.900364,4.887049],[6.900364,4.887027],[6.900395,4.887027]]]}},{"type":"Feature","properties":{"h":3.0,"on_route":false},"geometry":{"type":"Polygon","coordinates":[[[6.899442,4.888516],[6.89946,4.888471],[6.899525,4.888497],[6.899494,4.888575],[6.8994,4.888537],[6.899413,4.888504],[6.899442,4.888516]]]}},{"type":"Feature","properties":{"h":3.0,"on_route":false},"geometry":{"type":"Polygon","coordinates":[[[6.898531,4.886104],[6.898528,4.886185],[6.898319,4.886178],[6.898321,4.886097],[6.898531,4.886104]]]}},{"type":"Feature","properties":{"h":3.0,"on_route":false},"geometry":{"type":"Polygon","coordinates":[[[6.901462,4.888394],[6.901413,4.888453],[6.901363,4.888457],[6.901356,4.888355],[6.901459,4.888348],[6.901462,4.888394]]]}},{"type":"Feature","properties":{"h":3.0,"on_route":false},"geometry":{"type":"Polygon","coordinates":[[[6.901023,4.887349],[6.90102,4.887381],[6.900996,4.887379],[6.900999,4.887346],[6.901023,4.887349]]]}},{"type":"Feature","properties":{"h":3.0,"on_route":false},"geometry":{"type":"Polygon","coordinates":[[[6.902446,4.886877],[6.902446,4.886911],[6.902369,4.886911],[6.902369,4.886877],[6.902446,4.886877]]]}},{"type":"Feature","properties":{"h":3.0,"on_route":false},"geometry":{"type":"Polygon","coordinates":[[[6.901967,4.883964],[6.90177,4.883992],[6.901757,4.883896],[6.901953,4.883869],[6.901967,4.883964]]]}},{"type":"Feature","properties":{"h":3.0,"on_route":false},"geometry":{"type":"Polygon","coordinates":[[[6.901339,4.886683],[6.901336,4.886727],[6.901281,4.886723],[6.901285,4.886679],[6.901339,4.886683]]]}},{"type":"Feature","properties":{"h":3.0,"on_route":false},"geometry":{"type":"Polygon","coordinates":[[[6.901361,4.884318],[6.901184,4.884464],[6.901138,4.884407],[6.901315,4.884262],[6.901361,4.884318]]]}},{"type":"Feature","properties":{"h":3.0,"on_route":false},"geometry":{"type":"Polygon","coordinates":[[[6.901978,4.886085],[6.901983,4.886111],[6.902062,4.886095],[6.902077,4.886171],[6.902173,4.886152],[6.902185,4.88621],[6.90194,4.886258],[6.901909,4.886098],[6.901978,4.886085]]]}},{"type":"Feature","properties":{"h":3.0,"on_route":false},"geometry":{"type":"Polygon","coordinates":[[[6.902648,4.882058],[6.902615,4.882068],[6.902625,4.882099],[6.902586,4.882112],[6.902576,4.882081],[6.902546,4.882091],[6.902454,4.88181],[6.902556,4.881777],[6.902648,4.882058]]]}},{"type":"Feature","properties":{"h":3.0,"on_route":false},"geometry":{"type":"Polygon","coordinates":[[[6.902306,4.886385],[6.902182,4.886407],[6.902167,4.886322],[6.902291,4.8863],[6.902306,4.886385]]]}},{"type":"Feature","properties":{"h":3.0,"on_route":false},"geometry":{"type":"Polygon","coordinates":[[[6.901698,4.88581],[6.901678,4.885841],[6.901639,4.885815],[6.90166,4.885784],[6.901698,4.88581]]]}},{"type":"Feature","properties":{"h":3.0,"on_route":false},"geometry":{"type":"Polygon","coordinates":[[[6.902138,4.885816],[6.902173,4.885879],[6.902147,4.885893],[6.902112,4.885831],[6.902138,4.885816]]]}},{"type":"Feature","properties":{"h":3.0,"on_route":false},"geometry":{"type":"Polygon","coordinates":[[[6.903297,4.883184],[6.903264,4.88322],[6.903278,4.883234],[6.903198,4.883319],[6.903096,4.883222],[6.90321,4.883101],[6.903297,4.883184]]]}},{"type":"Feature","properties":{"h":3.0,"on_route":false},"geometry":{"type":"Polygon","coordinates":[[[6.902293,4.885921],[6.902214,4.885948],[6.902193,4.885887],[6.902273,4.88586],[6.902293,4.885921]]]}},{"type":"Feature","properties":{"h":3.0,"on_route":false},"geometry":{"type":"Polygon","coordinates":[[[6.90115,4.886513],[6.901144,4.886577],[6.901039,4.886567],[6.901041,4.886538],[6.900992,4.886534],[6.900995,4.886498],[6.90115,4.886513]]]}},{"type":"Feature","properties":{"h":3.0,"on_route":false},"geometry":{"type":"Polygon","coordinates":[[[6.898927,4.888362],[6.898915,4.888405],[6.898766,4.888362],[6.898778,4.888319],[6.898927,4.888362]]]}},{"type":"Feature","properties":{"h":3.0,"on_route":false},"geometry":{"type":"Polygon","coordinates":[[[6.902324,4.884244],[6.902253,4.884288],[6.902229,4.884249],[6.9023,4.884205],[6.902324,4.884244]]]}},{"type":"Feature","properties":{"h":3.0,"on_route":false},"geometry":{"type":"Polygon","coordinates":[[[6.902785,4.885758],[6.902693,4.88581],[6.902643,4.88572],[6.902735,4.885669],[6.902785,4.885758]]]}},{"type":"Feature","properties":{"h":3.0,"on_route":false},"geometry":{"type":"Polygon","coordinates":[[[6.901519,4.886924],[6.901662,4.886915],[6.901671,4.887037],[6.901528,4.887046],[6.901519,4.886924]]]}},{"type":"Feature","properties":{"h":3.0,"on_route":false},"geometry":{"type":"Polygon","coordinates":[[[6.902348,4.887565],[6.902342,4.887513],[6.902435,4.887502],[6.902442,4.887553],[6.902348,4.887565]]]}},{"type":"Feature","properties":{"h":3.0,"on_route":false},"geometry":{"type":"Polygon","coordinates":[[[6.902259,4.885208],[6.902159,4.885282],[6.902083,4.885178],[6.902101,4.885165],[6.90209,4.885149],[6.902072,4.885162],[6.901977,4.885032],[6.902077,4.884959],[6.902259,4.885208]]]}},{"type":"Feature","properties":{"h":3.0,"on_route":false},"geometry":{"type":"Polygon","coordinates":[[[6.901387,4.883847],[6.901208,4.883988],[6.901161,4.883929],[6.90134,4.883787],[6.901387,4.883847]]]}},{"type":"Feature","properties":{"h":3.0,"on_route":false},"geometry":{"type":"Polygon","coordinates":[[[6.902105,4.885917],[6.902058,4.885943],[6.902048,4.885925],[6.902008,4.885948],[6.901956,4.885855],[6.902043,4.885806],[6.902105,4.885917]]]}},{"type":"Feature","properties":{"h":3.0,"on_route":false},"geometry":{"type":"Polygon","coordinates":[[[6.903148,4.885243],[6.903147,4.885381],[6.90303,4.88538],[6.903031,4.885242],[6.903148,4.885243]]]}},{"type":"Feature","properties":{"h":3.0,"on_route":false},"geometry":{"type":"Polygon","coordinates":[[[6.901872,4.888018],[6.901792,4.88804],[6.901772,4.887964],[6.901852,4.887943],[6.901872,4.888018]]]}},{"type":"Feature","properties":{"h":3.0,"on_route":false},"geometry":{"type":"Polygon","coordinates":[[[6.898738,4.884759],[6.898711,4.884853],[6.898584,4.884815],[6.898612,4.884721],[6.898738,4.884759]]]}},{"type":"Feature","properties":{"h":3.0,"on_route":false},"geometry":{"type":"Polygon","coordinates":[[[6.901331,4.88795],[6.901335,4.887976],[6.901305,4.88798],[6.901301,4.887955],[6.901331,4.88795]]]}},{"type":"Feature","properties":{"h":3.0,"on_route":false},"geometry":{"type":"Polygon","coordinates":[[[6.902619,4.88636],[6.902618,4.886469],[6.902546,4.886468],[6.902547,4.88636],[6.902619,4.88636]]]}},{"type":"Feature","properties":{"h":3.0,"on_route":false},"geometry":{"type":"Polygon","coordinates":[[[6.903064,4.886038],[6.903046,4.886129],[6.902914,4.886103],[6.902932,4.886012],[6.903064,4.886038]]]}},{"type":"Feature","properties":{"h":3.0,"on_route":false},"geometry":{"type":"Polygon","coordinates":[[[6.901583,4.887847],[6.901595,4.887968],[6.901539,4.887974],[6.901526,4.887853],[6.901583,4.887847]]]}},{"type":"Feature","properties":{"h":3.0,"on_route":false},"geometry":{"type":"Polygon","coordinates":[[[6.898741,4.888167],[6.898726,4.888219],[6.898684,4.888207],[6.898698,4.888155],[6.898741,4.888167]]]}},{"type":"Feature","properties":{"h":3.0,"on_route":false},"geometry":{"type":"Polygon","coordinates":[[[6.903189,4.88553],[6.903189,4.885571],[6.903147,4.885571],[6.903147,4.88553],[6.903189,4.88553]]]}},{"type":"Feature","properties":{"h":3.0,"on_route":false},"geometry":{"type":"Polygon","coordinates":[[[6.900634,4.887081],[6.900623,4.8872],[6.900605,4.887198],[6.900604,4.887208],[6.900522,4.8872],[6.900523,4.887191],[6.900494,4.887188],[6.900493,4.887198],[6.900459,4.887195],[6.900456,4.887218],[6.900351,4.887208],[6.900365,4.887056],[6.900634,4.887081]]]}},{"type":"Feature","properties":{"h":3.0,"on_route":false},"geometry":{"type":"Polygon","coordinates":[[[6.89973,4.881244],[6.899701,4.881285],[6.89966,4.881256],[6.899645,4.881277],[6.899587,4.881234],[6.899632,4.881172],[6.89973,4.881244]]]}},{"type":"Feature","properties":{"h":3.0,"on_route":false},"geometry":{"type":"Polygon","coordinates":[[[6.900922,4.882021],[6.900876,4.882061],[6.900789,4.881958],[6.900835,4.881919],[6.900922,4.882021]]]}},{"type":"Feature","properties":{"h":3.0,"on_route":false},"geometry":{"type":"Polygon","coordinates":[[[6.899325,4.888895],[6.899283,4.888874],[6.899369,4.888705],[6.899411,4.888726],[6.899325,4.888895]]]}},{"type":"Feature","properties":{"h":3.0,"on_route":false},"geometry":{"type":"Polygon","coordinates":[[[6.902032,4.886635],[6.902039,4.886772],[6.901988,4.886774],[6.901981,4.886638],[6.902032,4.886635]]]}},{"type":"Feature","properties":{"h":3.0,"on_route":false},"geometry":{"type":"Polygon","coordinates":[[[6.896126,4.885094],[6.896099,4.885134],[6.896056,4.885105],[6.896083,4.885065],[6.896126,4.885094]]]}},{"type":"Feature","properties":{"h":3.0,"on_route":false},"geometry":{"type":"Polygon","coordinates":[[[6.902985,4.885449],[6.902995,4.885593],[6.902935,4.885598],[6.902925,4.885454],[6.902985,4.885449]]]}},{"type":"Feature","properties":{"h":3.0,"on_route":false},"geometry":{"type":"Polygon","coordinates":[[[6.90275,4.885924],[6.9027,4.885938],[6.902683,4.885879],[6.902733,4.885864],[6.90275,4.885924]]]}},{"type":"Feature","properties":{"h":3.0,"on_route":false},"geometry":{"type":"Polygon","coordinates":[[[6.902693,4.886818],[6.902497,4.886823],[6.902494,4.886711],[6.90269,4.886706],[6.902693,4.886818]]]}},{"type":"Feature","properties":{"h":3.0,"on_route":false},"geometry":{"type":"Polygon","coordinates":[[[6.900791,4.887522],[6.900784,4.887606],[6.900723,4.8876],[6.90073,4.887516],[6.900791,4.887522]]]}},{"type":"Feature","properties":{"h":3.0,"on_route":false},"geometry":{"type":"Polygon","coordinates":[[[6.899427,4.886428],[6.899511,4.88648],[6.899499,4.886498],[6.899416,4.886446],[6.899427,4.886428]]]}},{"type":"Feature","properties":{"h":3.0,"on_route":false},"geometry":{"type":"Polygon","coordinates":[[[6.90269,4.884995],[6.902625,4.885046],[6.902532,4.884926],[6.902597,4.884875],[6.90269,4.884995]]]}},{"type":"Feature","properties":{"h":3.0,"on_route":false},"geometry":{"type":"Polygon","coordinates":[[[6.902228,4.887899],[6.902163,4.887911],[6.902155,4.887865],[6.90222,4.887854],[6.902228,4.887899]]]}},{"type":"Feature","properties":{"h":3.0,"on_route":false},"geometry":{"type":"Polygon","coordinates":[[[6.900383,4.883987],[6.90038,4.884085],[6.900328,4.884083],[6.900295,4.884055],[6.900297,4.88401],[6.900326,4.883985],[6.900383,4.883987]]]}},{"type":"Feature","properties":{"h":3.0,"on_route":false},"geometry":{"type":"Polygon","coordinates":[[[6.900217,4.889003],[6.899989,4.889245],[6.89993,4.889189],[6.900158,4.888948],[6.900217,4.889003]]]}},{"type":"Feature","properties":{"h":3.0,"on_route":false},"geometry":{"type":"Polygon","coordinates":[[[6.902661,4.885882],[6.902685,4.885949],[6.902638,4.885966],[6.902614,4.885899],[6.902661,4.885882]]]}},{"type":"Feature","properties":{"h":3.0,"on_route":false},"geometry":{"type":"Polygon","coordinates":[[[6.902056,4.886944],[6.902067,4.887157],[6.901982,4.887162],[6.901971,4.886948],[6.902056,4.886944]]]}},{"type":"Feature","properties":{"h":3.0,"on_route":false},"geometry":{"type":"Polygon","coordinates":[[[6.897513,4.887064],[6.897517,4.887085],[6.897482,4.887092],[6.897478,4.887071],[6.897513,4.887064]]]}},{"type":"Feature","properties":{"h":3.0,"on_route":false},"geometry":{"type":"Polygon","coordinates":[[[6.900417,4.884058],[6.900407,4.884086],[6.900379,4.884077],[6.900389,4.884049],[6.900417,4.884058]]]}},{"type":"Feature","properties":{"h":3.0,"on_route":false},"geometry":{"type":"Polygon","coordinates":[[[6.900776,4.887435],[6.900777,4.887519],[6.900717,4.887519],[6.900717,4.887435],[6.900776,4.887435]]]}},{"type":"Feature","properties":{"h":3.0,"on_route":false},"geometry":{"type":"Polygon","coordinates":[[[6.903408,4.885228],[6.903444,4.885212],[6.90347,4.88527],[6.903316,4.88534],[6.903215,4.88512],[6.903334,4.885065],[6.903408,4.885228]]]}},{"type":"Feature","properties":{"h":3.0,"on_route":false},"geometry":{"type":"Polygon","coordinates":[[[6.900809,4.887254],[6.900814,4.887332],[6.900741,4.887337],[6.900736,4.887259],[6.900809,4.887254]]]}},{"type":"Feature","properties":{"h":3.0,"on_route":false},"geometry":{"type":"Polygon","coordinates":[[[6.902541,4.886964],[6.902551,4.887045],[6.902497,4.887052],[6.902487,4.886971],[6.902541,4.886964]]]}},{"type":"Feature","properties":{"h":3.0,"on_route":false},"geometry":{"type":"Polygon","coordinates":[[[6.90081,4.887262],[6.900735,4.887255],[6.900738,4.887217],[6.900814,4.887224],[6.90081,4.887262]]]}},{"type":"Feature","properties":{"h":3.0,"on_route":false},"geometry":{"type":"Polygon","coordinates":[[[6.899911,4.881252],[6.899856,4.881297],[6.899786,4.881211],[6.899841,4.881166],[6.899911,4.881252]]]}},{"type":"Feature","properties":{"h":3.0,"on_route":false},"geometry":{"type":"Polygon","coordinates":[[[6.90261,4.886483],[6.902618,4.886677],[6.902569,4.886679],[6.902562,4.886514],[6.902523,4.886516],[6.902527,4.886618],[6.90248,4.886621],[6.902475,4.886488],[6.90261,4.886483]]]}},{"type":"Feature","properties":{"h":3.0,"on_route":false},"geometry":{"type":"Polygon","coordinates":[[[6.901275,4.884209],[6.901095,4.884356],[6.901048,4.884297],[6.901227,4.884151],[6.901275,4.884209]]]}},{"type":"Feature","properties":{"h":3.0,"on_route":false},"geometry":{"type":"Polygon","coordinates":[[[6.899187,4.888503],[6.899171,4.888569],[6.89913,4.88856],[6.899146,4.888493],[6.899187,4.888503]]]}},{"type":"Feature","properties":{"h":3.0,"on_route":false},"geometry":{"type":"Polygon","coordinates":[[[6.901256,4.883296],[6.901228,4.883318],[6.901289,4.883393],[6.900967,4.883652],[6.900867,4.883527],[6.901216,4.883246],[6.901256,4.883296]]]}},{"type":"Feature","properties":{"h":3.0,"on_route":false},"geometry":{"type":"Polygon","coordinates":[[[6.900321,4.887978],[6.900257,4.88823],[6.900148,4.888203],[6.900212,4.88795],[6.900321,4.887978]]]}},{"type":"Feature","properties":{"h":3.0,"on_route":false},"geometry":{"type":"Polygon","coordinates":[[[6.90124,4.887297],[6.901109,4.88733],[6.901088,4.887246],[6.901115,4.88724],[6.901107,4.887207],[6.901211,4.88718],[6.90124,4.887297]]]}},{"type":"Feature","properties":{"h":3.0,"on_route":false},"geometry":{"type":"Polygon","coordinates":[[[6.90322,4.883341],[6.903192,4.88337],[6.903147,4.883325],[6.903174,4.883297],[6.90322,4.883341]]]}},{"type":"Feature","properties":{"h":3.0,"on_route":false},"geometry":{"type":"Polygon","coordinates":[[[6.901028,4.888058],[6.901024,4.888103],[6.900959,4.888097],[6.900964,4.888052],[6.901028,4.888058]]]}},{"type":"Feature","properties":{"h":3.0,"on_route":false},"geometry":{"type":"Polygon","coordinates":[[[6.901294,4.882419],[6.901264,4.882441],[6.901224,4.882387],[6.901254,4.882365],[6.901294,4.882419]]]}},{"type":"Feature","properties":{"h":3.0,"on_route":false},"geometry":{"type":"Polygon","coordinates":[[[6.900343,4.882784],[6.900293,4.882824],[6.900238,4.882754],[6.900289,4.882714],[6.900343,4.882784]]]}},{"type":"Feature","properties":{"h":3.0,"on_route":false},"geometry":{"type":"Polygon","coordinates":[[[6.902175,4.881348],[6.90215,4.881291],[6.902307,4.881221],[6.902332,4.881277],[6.902175,4.881348]]]}},{"type":"Feature","properties":{"h":3.0,"on_route":false},"geometry":{"type":"Polygon","coordinates":[[[6.897797,4.884587],[6.897775,4.884617],[6.897681,4.884549],[6.897703,4.884519],[6.897797,4.884587]]]}},{"type":"Feature","properties":{"h":3.0,"on_route":false},"geometry":{"type":"Polygon","coordinates":[[[6.898846,4.888559],[6.898839,4.888599],[6.898704,4.888574],[6.898711,4.888534],[6.898846,4.888559]]]}},{"type":"Feature","properties":{"h":3.0,"on_route":false},"geometry":{"type":"Polygon","coordinates":[[[6.900688,4.88649],[6.900473,4.886507],[6.900469,4.886458],[6.900536,4.886453],[6.900534,4.88643],[6.900682,4.886418],[6.900688,4.88649]]]}},{"type":"Feature","properties":{"h":3.0,"on_route":false},"geometry":{"type":"Polygon","coordinates":[[[6.902373,4.884671],[6.902348,4.884695],[6.902308,4.884654],[6.902331,4.88463],[6.902373,4.884671]]]}},{"type":"Feature","properties":{"h":3.0,"on_route":false},"geometry":{"type":"Polygon","coordinates":[[[6.901174,4.880915],[6.901182,4.880953],[6.901153,4.88096],[6.901144,4.880921],[6.901174,4.880915]]]}},{"type":"Feature","properties":{"h":3.0,"on_route":false},"geometry":{"type":"Polygon","coordinates":[[[6.901019,4.888156],[6.901012,4.888231],[6.900947,4.888225],[6.900954,4.888149],[6.901019,4.888156]]]}},{"type":"Feature","properties":{"h":3.0,"on_route":false},"geometry":{"type":"Polygon","coordinates":[[[6.901358,4.888587],[6.901421,4.888645],[6.901317,4.888757],[6.901246,4.88869],[6.901336,4.888593],[6.901345,4.888601],[6.901358,4.888587]]]}},{"type":"Feature","properties":{"h":3.0,"on_route":false},"geometry":{"type":"Polygon","coordinates":[[[6.90082,4.886867],[6.900758,4.886864],[6.900761,4.886803],[6.900823,4.886806],[6.90082,4.886867]]]}},{"type":"Feature","properties":{"h":3.0,"on_route":false},"geometry":{"type":"Polygon","coordinates":[[[6.900991,4.886355],[6.900907,4.88636],[6.900897,4.886196],[6.900981,4.886191],[6.900991,4.886355]]]}},{"type":"Feature","properties":{"h":3.0,"on_route":false},"geometry":{"type":"Polygon","coordinates":[[[6.898787,4.884613],[6.898781,4.88469],[6.898707,4.884684],[6.898713,4.884607],[6.898787,4.884613]]]}},{"type":"Feature","properties":{"h":3.0,"on_route":false},"geometry":{"type":"Polygon","coordinates":[[[6.901594,4.885436],[6.901487,4.885465],[6.90145,4.885327],[6.901556,4.885298],[6.901594,4.885436]]]}},{"type":"Feature","properties":{"h":3.0,"on_route":false},"geometry":{"type":"Polygon","coordinates":[[[6.902577,4.886137],[6.902515,4.886162],[6.902474,4.886058],[6.902453,4.886066],[6.902442,4.886038],[6.902524,4.886005],[6.902577,4.886137]]]}},{"type":"Feature","properties":{"h":3.0,"on_route":false},"geometry":{"type":"Polygon","coordinates":[[[6.899359,4.883751],[6.899351,4.883802],[6.899321,4.883798],[6.899329,4.883746],[6.899359,4.883751]]]}},{"type":"Feature","properties":{"h":3.0,"on_route":false},"geometry":{"type":"Polygon","coordinates":[[[6.901317,4.886877],[6.901313,4.88685],[6.901319,4.886849],[6.901323,4.886876],[6.901451,4.886857],[6.901454,4.886885],[6.901488,4.88688],[6.901509,4.887021],[6.9013,4.887052],[6.901275,4.886883],[6.901317,4.886877]]]}},{"type":"Feature","properties":{"h":3.0,"on_route":false},"geometry":{"type":"Polygon","coordinates":[[[6.895961,4.885295],[6.895928,4.885269],[6.896059,4.885108],[6.896091,4.885135],[6.895961,4.885295]]]}},{"type":"Feature","properties":{"h":3.0,"on_route":false},"geometry":{"type":"Polygon","coordinates":[[[6.901109,4.887565],[6.90097,4.887566],[6.90097,4.887529],[6.901109,4.887528],[6.901109,4.887565]]]}},{"type":"Feature","properties":{"h":3.0,"on_route":false},"geometry":{"type":"Polygon","coordinates":[[[6.896248,4.887478],[6.896251,4.887523],[6.896196,4.887526],[6.896194,4.887481],[6.896248,4.887478]]]}},{"type":"Feature","properties":{"h":3.0,"on_route":false},"geometry":{"type":"Polygon","coordinates":[[[6.900982,4.88636],[6.900985,4.886403],[6.900878,4.88641],[6.900876,4.886367],[6.900982,4.88636]]]}},{"type":"Feature","properties":{"h":3.0,"on_route":false},"geometry":{"type":"Polygon","coordinates":[[[6.898902,4.882784],[6.898887,4.882822],[6.898849,4.882807],[6.898865,4.882769],[6.898902,4.882784]]]}},{"type":"Feature","properties":{"h":3.0,"on_route":false},"geometry":{"type":"Polygon","coordinates":[[[6.902126,4.885876],[6.902097,4.885888],[6.902073,4.885831],[6.902102,4.885819],[6.902126,4.885876]]]}},{"type":"Feature","properties":{"h":3.0,"on_route":false},"geometry":{"type":"Polygon","coordinates":[[[6.901699,4.888061],[6.901581,4.888093],[6.901556,4.888],[6.901674,4.887968],[6.901699,4.888061]]]}},{"type":"Feature","properties":{"h":3.0,"on_route":false},"geometry":{"type":"Polygon","coordinates":[[[6.898593,4.887239],[6.898591,4.887359],[6.898506,4.887358],[6.898508,4.887238],[6.898593,4.887239]]]}},{"type":"Feature","properties":{"h":3.0,"on_route":false},"geometry":{"type":"Polygon","coordinates":[[[6.898162,4.888078],[6.898155,4.888128],[6.898062,4.888116],[6.898068,4.888066],[6.898162,4.888078]]]}},{"type":"Feature","properties":{"h":3.0,"on_route":false},"geometry":{"type":"Polygon","coordinates":[[[6.902127,4.885966],[6.902043,4.886019],[6.902011,4.885966],[6.902095,4.885914],[6.902127,4.885966]]]}},{"type":"Feature","properties":{"h":3.0,"on_route":false},"geometry":{"type":"Polygon","coordinates":[[[6.899777,4.887833],[6.899685,4.887943],[6.899642,4.887907],[6.899734,4.887796],[6.899777,4.887833]]]}},{"type":"Feature","properties":{"h":3.0,"on_route":false},"geometry":{"type":"Polygon","coordinates":[[[6.902505,4.887246],[6.902349,4.887265],[6.902339,4.887187],[6.902496,4.887167],[6.902505,4.887246]]]}},{"type":"Feature","properties":{"h":3.0,"on_route":false},"geometry":{"type":"Polygon","coordinates":[[[6.897713,4.886602],[6.897741,4.886698],[6.897715,4.886706],[6.897688,4.886609],[6.897713,4.886602]]]}},{"type":"Feature","properties":{"h":3.0,"on_route":false},"geometry":{"type":"Polygon","coordinates":[[[6.903186,4.883079],[6.903199,4.883091],[6.903109,4.883186],[6.903083,4.883162],[6.903153,4.883088],[6.903166,4.8831],[6.903186,4.883079]]]}},{"type":"Feature","properties":{"h":3.0,"on_route":false},"geometry":{"type":"Polygon","coordinates":[[[6.901792,4.888522],[6.901721,4.888597],[6.901592,4.888475],[6.901606,4.88846],[6.901592,4.888447],[6.901649,4.888386],[6.901792,4.888522]]]}},{"type":"Feature","properties":{"h":3.0,"on_route":false},"geometry":{"type":"Polygon","coordinates":[[[6.898992,4.886615],[6.898987,4.886904],[6.898824,4.8869],[6.898822,4.886985],[6.8986,4.886981],[6.898602,4.886896],[6.898172,4.886887],[6.898178,4.886599],[6.898992,4.886615]]]}},{"type":"Feature","properties":{"h":3.0,"on_route":false},"geometry":{"type":"Polygon","coordinates":[[[6.900189,4.882731],[6.900142,4.882675],[6.900244,4.882589],[6.90027,4.88262],[6.900287,4.882606],[6.900308,4.882631],[6.900189,4.882731]]]}},{"type":"Feature","properties":{"h":3.0,"on_route":false},"geometry":{"type":"Polygon","coordinates":[[[6.899314,4.888281],[6.899305,4.888327],[6.899045,4.888275],[6.899054,4.888229],[6.899314,4.888281]]]}},{"type":"Feature","properties":{"h":3.0,"on_route":false},"geometry":{"type":"Polygon","coordinates":[[[6.897788,4.88629],[6.897785,4.886314],[6.897751,4.88631],[6.897753,4.886286],[6.897788,4.88629]]]}},{"type":"Feature","properties":{"h":3.0,"on_route":false},"geometry":{"type":"Polygon","coordinates":[[[6.902857,4.886402],[6.902853,4.886446],[6.902758,4.886439],[6.902761,4.886395],[6.902857,4.886402]]]}},{"type":"Feature","properties":{"h":3.0,"on_route":false},"geometry":{"type":"Polygon","coordinates":[[[6.903136,4.885843],[6.903132,4.885908],[6.903083,4.885906],[6.903087,4.88584],[6.903136,4.885843]]]}},{"type":"Feature","properties":{"h":3.0,"on_route":false},"geometry":{"type":"Polygon","coordinates":[[[6.902879,4.885592],[6.902771,4.885615],[6.902742,4.88548],[6.90285,4.885457],[6.902879,4.885592]]]}},{"type":"Feature","properties":{"h":3.0,"on_route":false},"geometry":{"type":"Polygon","coordinates":[[[6.902368,4.885067],[6.90234,4.88509],[6.902327,4.885073],[6.902312,4.885085],[6.902255,4.885014],[6.902298,4.88498],[6.902368,4.885067]]]}},{"type":"Feature","properties":{"h":3.0,"on_route":false},"geometry":{"type":"Polygon","coordinates":[[[6.900305,4.88909],[6.900224,4.889175],[6.900232,4.889182],[6.900179,4.889237],[6.900168,4.889226],[6.900144,4.889252],[6.900155,4.889262],[6.900079,4.88934],[6.900015,4.889278],[6.900248,4.889036],[6.900305,4.88909]]]}},{"type":"Feature","properties":{"h":3.0,"on_route":false},"geometry":{"type":"Polygon","coordinates":[[[6.902653,4.887368],[6.90259,4.887382],[6.902576,4.887321],[6.902639,4.887307],[6.902653,4.887368]]]}},{"type":"Feature","properties":{"h":3.0,"on_route":false},"geometry":{"type":"Polygon","coordinates":[[[6.898062,4.88449],[6.898057,4.88453],[6.898027,4.884526],[6.898032,4.884487],[6.898062,4.88449]]]}},{"type":"Feature","properties":{"h":3.0,"on_route":false},"geometry":{"type":"Polygon","coordinates":[[[6.900681,4.887091],[6.90067,4.88721],[6.900627,4.887206],[6.900639,4.887087],[6.900681,4.887091]]]}},{"type":"Feature","properties":{"h":3.0,"on_route":false},"geometry":{"type":"Polygon","coordinates":[[[6.902801,4.884741],[6.902867,4.884825],[6.902816,4.884866],[6.902781,4.884822],[6.902798,4.884809],[6.902766,4.884769],[6.902801,4.884741]]]}},{"type":"Feature","properties":{"h":3.0,"on_route":false},"geometry":{"type":"Polygon","coordinates":[[[6.901792,4.888041],[6.901713,4.888063],[6.901692,4.887986],[6.901772,4.887964],[6.901792,4.888041]]]}},{"type":"Feature","properties":{"h":3.0,"on_route":false},"geometry":{"type":"Polygon","coordinates":[[[6.901234,4.885848],[6.901252,4.885887],[6.9013,4.885865],[6.901324,4.885917],[6.90122,4.885966],[6.901177,4.885874],[6.901234,4.885848]]]}},{"type":"Feature","properties":{"h":3.0,"on_route":false},"geometry":{"type":"Polygon","coordinates":[[[6.902245,4.884768],[6.902154,4.884839],[6.902075,4.884737],[6.902091,4.884725],[6.902111,4.88475],[6.902186,4.884692],[6.902245,4.884768]]]}},{"type":"Feature","properties":{"h":3.0,"on_route":false},"geometry":{"type":"Polygon","coordinates":[[[6.902473,4.887134],[6.902336,4.887153],[6.902324,4.887072],[6.902462,4.887053],[6.902473,4.887134]]]}},{"type":"Feature","properties":{"h":3.0,"on_route":false},"geometry":{"type":"Polygon","coordinates":[[[6.89848,4.887235],[6.898477,4.887483],[6.898189,4.887481],[6.898191,4.887232],[6.89848,4.887235]]]}},{"type":"Feature","properties":{"h":3.0,"on_route":false},"geometry":{"type":"Polygon","coordinates":[[[6.901954,4.888083],[6.90196,4.888103],[6.90174,4.888163],[6.901725,4.888109],[6.901747,4.888103],[6.901734,4.888057],[6.901894,4.888013],[6.901902,4.888041],[6.901914,4.888038],[6.901929,4.88809],[6.901954,4.888083]]]}},{"type":"Feature","properties":{"h":3.0,"on_route":false},"geometry":{"type":"Polygon","coordinates":[[[6.900853,4.886477],[6.900857,4.886524],[6.900757,4.886532],[6.900753,4.886485],[6.900853,4.886477]]]}},{"type":"Feature","properties":{"h":3.0,"on_route":false},"geometry":{"type":"Polygon","coordinates":[[[6.897405,4.886791],[6.897298,4.886812],[6.897277,4.886707],[6.897384,4.886686],[6.897405,4.886791]]]}},{"type":"Feature","properties":{"h":3.0,"on_route":false},"geometry":{"type":"Polygon","coordinates":[[[6.90306,4.883261],[6.903024,4.883235],[6.903073,4.883167],[6.903109,4.883194],[6.90306,4.883261]]]}},{"type":"Feature","properties":{"h":3.0,"on_route":false},"geometry":{"type":"Polygon","coordinates":[[[6.903106,4.885945],[6.903091,4.886031],[6.90295,4.886006],[6.902964,4.88592],[6.903106,4.885945]]]}},{"type":"Feature","properties":{"h":3.0,"on_route":false},"geometry":{"type":"Polygon","coordinates":[[[6.902931,4.88554],[6.902935,4.885598],[6.90288,4.885601],[6.902876,4.885544],[6.902931,4.88554]]]}},{"type":"Feature","properties":{"h":3.0,"on_route":false},"geometry":{"type":"Polygon","coordinates":[[[6.900828,4.885437],[6.900812,4.885464],[6.900851,4.885486],[6.900816,4.885546],[6.900694,4.885474],[6.900745,4.885388],[6.900828,4.885437]]]}},{"type":"Feature","properties":{"h":3.0,"on_route":false},"geometry":{"type":"Polygon","coordinates":[[[6.900748,4.887718],[6.900745,4.887757],[6.900708,4.887754],[6.900712,4.887715],[6.900748,4.887718]]]}},{"type":"Feature","properties":{"h":3.0,"on_route":false},"geometry":{"type":"Polygon","coordinates":[[[6.903507,4.883986],[6.903407,4.88409],[6.903351,4.884035],[6.90345,4.883932],[6.903507,4.883986]]]}},{"type":"Feature","properties":{"h":3.0,"on_route":false},"geometry":{"type":"Polygon","coordinates":[[[6.902469,4.887561],[6.902475,4.887629],[6.902524,4.887625],[6.902529,4.887694],[6.902361,4.887708],[6.90235,4.887571],[6.902469,4.887561]]]}},{"type":"Feature","properties":{"h":3.0,"on_route":false},"geometry":{"type":"Polygon","coordinates":[[[6.900931,4.886135],[6.900948,4.886152],[6.900897,4.886204],[6.900817,4.886124],[6.900868,4.886073],[6.900931,4.886135]]]}},{"type":"Feature","properties":{"h":3.0,"on_route":false},"geometry":{"type":"Polygon","coordinates":[[[6.901276,4.88631],[6.901209,4.886376],[6.901104,4.88627],[6.901171,4.886204],[6.901276,4.88631]]]}},{"type":"Feature","properties":{"h":3.0,"on_route":false},"geometry":{"type":"Polygon","coordinates":[[[6.903146,4.88616],[6.903125,4.886403],[6.903052,4.886397],[6.903059,4.886314],[6.903006,4.886309],[6.90302,4.886149],[6.903146,4.88616]]]}},{"type":"Feature","properties":{"h":3.0,"on_route":false},"geometry":{"type":"Polygon","coordinates":[[[6.900663,4.88771],[6.900656,4.887779],[6.900583,4.887772],[6.900589,4.887703],[6.900663,4.88771]]]}},{"type":"Feature","properties":{"h":3.0,"on_route":false},"geometry":{"type":"Polygon","coordinates":[[[6.901883,4.88539],[6.901784,4.885434],[6.901726,4.885303],[6.901772,4.885282],[6.901764,4.885265],[6.901817,4.885241],[6.901883,4.88539]]]}},{"type":"Feature","properties":{"h":3.0,"on_route":false},"geometry":{"type":"Polygon","coordinates":[[[6.900768,4.885924],[6.900733,4.885999],[6.900634,4.885953],[6.90067,4.885878],[6.900768,4.885924]]]}},{"type":"Feature","properties":{"h":3.0,"on_route":false},"geometry":{"type":"Polygon","coordinates":[[[6.900816,4.886246],[6.900741,4.886321],[6.900694,4.886274],[6.90077,4.886199],[6.900816,4.886246]]]}},{"type":"Feature","properties":{"h":3.0,"on_route":false},"geometry":{"type":"Polygon","coordinates":[[[6.897991,4.88714],[6.89799,4.887297],[6.897874,4.887296],[6.897874,4.887139],[6.897991,4.88714]]]}},{"type":"Feature","properties":{"h":3.0,"on_route":false},"geometry":{"type":"Polygon","coordinates":[[[6.902247,4.882578],[6.902179,4.882652],[6.902143,4.882619],[6.902211,4.882545],[6.902247,4.882578]]]}},{"type":"Feature","properties":{"h":3.0,"on_route":false},"geometry":{"type":"Polygon","coordinates":[[[6.901477,4.887388],[6.901439,4.887402],[6.901426,4.887367],[6.901464,4.887353],[6.901477,4.887388]]]}},{"type":"Feature","properties":{"h":3.0,"on_route":false},"geometry":{"type":"Polygon","coordinates":[[[6.902089,4.882696],[6.901967,4.882792],[6.901888,4.882691],[6.90201,4.882595],[6.902089,4.882696]]]}},{"type":"Feature","properties":{"h":3.0,"on_route":false},"geometry":{"type":"Polygon","coordinates":[[[6.898409,4.885485],[6.898396,4.885536],[6.8983,4.885511],[6.898313,4.88546],[6.898409,4.885485]]]}},{"type":"Feature","properties":{"h":3.0,"on_route":false},"geometry":{"type":"Polygon","coordinates":[[[6.899191,4.888496],[6.899151,4.888486],[6.89919,4.888323],[6.89923,4.888333],[6.899191,4.888496]]]}},{"type":"Feature","properties":{"h":3.0,"on_route":false},"geometry":{"type":"Polygon","coordinates":[[[6.901189,4.885747],[6.901199,4.885778],[6.901253,4.88576],[6.901274,4.885825],[6.901141,4.88587],[6.901109,4.885774],[6.901189,4.885747]]]}},{"type":"Feature","properties":{"h":3.0,"on_route":false},"geometry":{"type":"Polygon","coordinates":[[[6.903126,4.884132],[6.903208,4.884246],[6.903171,4.884273],[6.903089,4.884159],[6.903126,4.884132]]]}},{"type":"Feature","properties":{"h":3.0,"on_route":false},"geometry":{"type":"Polygon","coordinates":[[[6.899634,4.888684],[6.899546,4.888634],[6.89964,4.888465],[6.899728,4.888515],[6.899634,4.888684]]]}},{"type":"Feature","properties":{"h":3.0,"on_route":false},"geometry":{"type":"Polygon","coordinates":[[[6.902906,4.88729],[6.902755,4.887326],[6.902735,4.887244],[6.902887,4.887207],[6.902906,4.88729]]]}},{"type":"Feature","properties":{"h":3.0,"on_route":false},"geometry":{"type":"Polygon","coordinates":[[[6.899193,4.887053],[6.899183,4.887116],[6.899155,4.887111],[6.899164,4.887049],[6.899193,4.887053]]]}},{"type":"Feature","properties":{"h":3.0,"on_route":false},"geometry":{"type":"Polygon","coordinates":[[[6.898684,4.888207],[6.89865,4.888327],[6.898594,4.888311],[6.898628,4.888191],[6.898684,4.888207]]]}},{"type":"Feature","properties":{"h":3.0,"on_route":false},"geometry":{"type":"Polygon","coordinates":[[[6.901466,4.886079],[6.901426,4.886122],[6.901362,4.886063],[6.901401,4.88602],[6.901466,4.886079]]]}},{"type":"Feature","properties":{"h":3.0,"on_route":false},"geometry":{"type":"Polygon","coordinates":[[[6.901592,4.887321],[6.901603,4.88736],[6.901561,4.887372],[6.90155,4.887334],[6.901592,4.887321]]]}},{"type":"Feature","properties":{"h":3.0,"on_route":false},"geometry":{"type":"Polygon","coordinates":[[[6.898987,4.888434],[6.89895,4.888424],[6.898981,4.888302],[6.899018,4.888311],[6.898987,4.888434]]]}},{"type":"Feature","properties":{"h":3.0,"on_route":false},"geometry":{"type":"Polygon","coordinates":[[[6.900546,4.887781],[6.900682,4.887831],[6.900662,4.887886],[6.900526,4.887836],[6.900546,4.887781]]]}},{"type":"Feature","properties":{"h":3.0,"on_route":false},"geometry":{"type":"Polygon","coordinates":[[[6.898914,4.88889],[6.8989,4.888928],[6.898868,4.888916],[6.898881,4.888878],[6.898914,4.88889]]]}},{"type":"Feature","properties":{"h":3.0,"on_route":false},"geometry":{"type":"Polygon","coordinates":[[[6.902462,4.886608],[6.902308,4.886622],[6.9023,4.886527],[6.902453,4.886513],[6.902462,4.886608]]]}},{"type":"Feature","properties":{"h":3.0,"on_route":false},"geometry":{"type":"Polygon","coordinates":[[[6.902377,4.887756],[6.902375,4.887704],[6.902514,4.887697],[6.902516,4.88775],[6.902377,4.887756]]]}},{"type":"Feature","properties":{"h":3.0,"on_route":false},"geometry":{"type":"Polygon","coordinates":[[[6.902312,4.88528],[6.902304,4.885271],[6.902363,4.885225],[6.90237,4.885234],[6.902312,4.88528]]]}},{"type":"Feature","properties":{"h":3.0,"on_route":false},"geometry":{"type":"Polygon","coordinates":[[[6.901561,4.886671],[6.901559,4.886743],[6.90151,4.886741],[6.901513,4.886669],[6.901561,4.886671]]]}},{"type":"Feature","properties":{"h":3.0,"on_route":false},"geometry":{"type":"Polygon","coordinates":[[[6.902427,4.887871],[6.902438,4.887962],[6.902396,4.887967],[6.902385,4.887876],[6.902427,4.887871]]]}},{"type":"Feature","properties":{"h":3.0,"on_route":false},"geometry":{"type":"Polygon","coordinates":[[[6.899795,4.886065],[6.899787,4.886093],[6.899667,4.886058],[6.899675,4.88603],[6.899795,4.886065]]]}},{"type":"Feature","properties":{"h":3.0,"on_route":false},"geometry":{"type":"Polygon","coordinates":[[[6.901502,4.887794],[6.901402,4.887821],[6.901376,4.887721],[6.901475,4.887694],[6.901502,4.887794]]]}},{"type":"Feature","properties":{"h":3.0,"on_route":false},"geometry":{"type":"Polygon","coordinates":[[[6.901061,4.887587],[6.901072,4.88777],[6.901029,4.887772],[6.901027,4.887742],[6.90097,4.887746],[6.900966,4.887674],[6.900997,4.887672],[6.900993,4.887591],[6.901061,4.887587]]]}},{"type":"Feature","properties":{"h":3.0,"on_route":false},"geometry":{"type":"Polygon","coordinates":[[[6.903025,4.885245],[6.90303,4.885317],[6.902976,4.88532],[6.902971,4.885249],[6.903025,4.885245]]]}},{"type":"Feature","properties":{"h":3.0,"on_route":false},"geometry":{"type":"Polygon","coordinates":[[[6.900359,4.886153],[6.900342,4.88629],[6.900239,4.886277],[6.900248,4.886201],[6.900271,4.886204],[6.900279,4.886143],[6.900359,4.886153]]]}},{"type":"Feature","properties":{"h":3.0,"on_route":false},"geometry":{"type":"Polygon","coordinates":[[[6.903201,4.883775],[6.903099,4.883846],[6.903022,4.883735],[6.903124,4.883663],[6.903201,4.883775]]]}},{"type":"Feature","properties":{"h":3.0,"on_route":false},"geometry":{"type":"Polygon","coordinates":[[[6.901112,4.882374],[6.901069,4.882413],[6.901018,4.882355],[6.901061,4.882317],[6.901112,4.882374]]]}},{"type":"Feature","properties":{"h":3.0,"on_route":false},"geometry":{"type":"Polygon","coordinates":[[[6.898795,4.888257],[6.898766,4.888362],[6.898727,4.888351],[6.898756,4.888246],[6.898795,4.888257]]]}},{"type":"Feature","properties":{"h":3.0,"on_route":false},"geometry":{"type":"Polygon","coordinates":[[[6.89871,4.884964],[6.898561,4.885479],[6.898512,4.885464],[6.898529,4.885406],[6.898468,4.885388],[6.898601,4.884932],[6.89871,4.884964]]]}},{"type":"Feature","properties":{"h":3.0,"on_route":false},"geometry":{"type":"Polygon","coordinates":[[[6.899969,4.883755],[6.899946,4.883777],[6.899903,4.883734],[6.899927,4.883711],[6.899969,4.883755]]]}},{"type":"Feature","properties":{"h":3.0,"on_route":false},"geometry":{"type":"Polygon","coordinates":[[[6.903422,4.884729],[6.903383,4.88468],[6.903571,4.88453],[6.90361,4.884578],[6.903422,4.884729]]]}},{"type":"Feature","properties":{"h":3.0,"on_route":false},"geometry":{"type":"Polygon","coordinates":[[[6.899585,4.888096],[6.899563,4.888146],[6.899458,4.888101],[6.899479,4.888051],[6.899585,4.888096]]]}},{"type":"Feature","properties":{"h":3.0,"on_route":false},"geometry":{"type":"Polygon","coordinates":[[[6.90264,4.88482],[6.902562,4.884883],[6.902491,4.884796],[6.90257,4.884732],[6.90264,4.88482]]]}},{"type":"Feature","properties":{"h":3.0,"on_route":false},"geometry":{"type":"Polygon","coordinates":[[[6.901438,4.885363],[6.901296,4.885402],[6.901261,4.885275],[6.901403,4.885236],[6.901438,4.885363]]]}},{"type":"Feature","properties":{"h":3.0,"on_route":false},"geometry":{"type":"Polygon","coordinates":[[[6.901621,4.888661],[6.901415,4.888884],[6.901345,4.88882],[6.901552,4.888596],[6.901621,4.888661]]]}},{"type":"Feature","properties":{"h":3.0,"on_route":false},"geometry":{"type":"Polygon","coordinates":[[[6.902801,4.884242],[6.902762,4.884274],[6.902712,4.884214],[6.90275,4.884181],[6.902801,4.884242]]]}},{"type":"Feature","properties":{"h":3.0,"on_route":true},"geometry":{"type":"Polygon","coordinates":[[[6.898879,4.884383],[6.898858,4.884461],[6.898741,4.884429],[6.898762,4.884351],[6.898879,4.884383]]]}},{"type":"Feature","properties":{"h":3.0,"on_route":false},"geometry":{"type":"Polygon","coordinates":[[[6.89794,4.884155],[6.897924,4.884178],[6.897863,4.884136],[6.897879,4.884112],[6.89794,4.884155]]]}},{"type":"Feature","properties":{"h":3.0,"on_route":false},"geometry":{"type":"Polygon","coordinates":[[[6.900212,4.885213],[6.900146,4.885357],[6.900292,4.885424],[6.900268,4.885476],[6.90007,4.885385],[6.900159,4.885188],[6.900212,4.885213]]]}},{"type":"Feature","properties":{"h":3.0,"on_route":false},"geometry":{"type":"Polygon","coordinates":[[[6.902188,4.88821],[6.901977,4.888267],[6.901962,4.888215],[6.902174,4.888157],[6.902188,4.88821]]]}},{"type":"Feature","properties":{"h":3.0,"on_route":false},"geometry":{"type":"Polygon","coordinates":[[[6.901259,4.887288],[6.901291,4.887404],[6.901231,4.88742],[6.9012,4.887304],[6.901259,4.887288]]]}},{"type":"Feature","properties":{"h":3.0,"on_route":false},"geometry":{"type":"Polygon","coordinates":[[[6.902747,4.88302],[6.902671,4.88313],[6.902526,4.883029],[6.902602,4.88292],[6.902747,4.88302]]]}},{"type":"Feature","properties":{"h":3.0,"on_route":false},"geometry":{"type":"Polygon","coordinates":[[[6.900596,4.884105],[6.900567,4.884133],[6.900548,4.884113],[6.900578,4.884086],[6.900596,4.884105]]]}},{"type":"Feature","properties":{"h":3.0,"on_route":false},"geometry":{"type":"Polygon","coordinates":[[[6.901007,4.886667],[6.901003,4.886728],[6.900908,4.886721],[6.900912,4.886661],[6.901007,4.886667]]]}},{"type":"Feature","properties":{"h":3.0,"on_route":false},"geometry":{"type":"Polygon","coordinates":[[[6.901356,4.88604],[6.9013,4.88608],[6.901227,4.885977],[6.901284,4.885937],[6.901356,4.88604]]]}},{"type":"Feature","properties":{"h":3.0,"on_route":false},"geometry":{"type":"Polygon","coordinates":[[[6.902993,4.885722],[6.902957,4.885723],[6.902959,4.885753],[6.902793,4.885761],[6.90279,4.885697],[6.902935,4.88569],[6.902934,4.885671],[6.902967,4.88567],[6.902968,4.885688],[6.902991,4.885687],[6.902993,4.885722]]]}},{"type":"Feature","properties":{"h":3.0,"on_route":false},"geometry":{"type":"Polygon","coordinates":[[[6.899373,4.888702],[6.899357,4.888736],[6.899284,4.8887],[6.8993,4.888666],[6.899373,4.888702]]]}},{"type":"Feature","properties":{"h":3.0,"on_route":false},"geometry":{"type":"Polygon","coordinates":[[[6.900001,4.888826],[6.899978,4.888866],[6.899938,4.888843],[6.899961,4.888803],[6.900001,4.888826]]]}},{"type":"Feature","properties":{"h":3.0,"on_route":false},"geometry":{"type":"Polygon","coordinates":[[[6.901414,4.885198],[6.901349,4.885222],[6.901342,4.885202],[6.901283,4.885224],[6.90129,4.885245],[6.901236,4.885265],[6.901187,4.885135],[6.901364,4.885067],[6.901414,4.885198]]]}},{"type":"Feature","properties":{"h":3.0,"on_route":false},"geometry":{"type":"Polygon","coordinates":[[[6.900962,4.888758],[6.90107,4.888841],[6.901044,4.888874],[6.900937,4.888791],[6.900962,4.888758]]]}},{"type":"Feature","properties":{"h":3.0,"on_route":false},"geometry":{"type":"Polygon","coordinates":[[[6.898711,4.888584],[6.898683,4.888693],[6.898644,4.888683],[6.898672,4.888574],[6.898711,4.888584]]]}},{"type":"Feature","properties":{"h":3.0,"on_route":false},"geometry":{"type":"Polygon","coordinates":[[[6.900804,4.88691],[6.900791,4.887054],[6.900677,4.887043],[6.900685,4.886955],[6.900607,4.886948],[6.9006,4.887025],[6.900539,4.887019],[6.900551,4.886886],[6.900804,4.88691]]]}},{"type":"Feature","properties":{"h":3.0,"on_route":false},"geometry":{"type":"Polygon","coordinates":[[[6.899523,4.888876],[6.899424,4.889049],[6.899329,4.888995],[6.899428,4.888821],[6.899523,4.888876]]]}},{"type":"Feature","properties":{"h":3.0,"on_route":false},"geometry":{"type":"Polygon","coordinates":[[[6.902346,4.884898],[6.902271,4.884957],[6.902188,4.884849],[6.902203,4.884838],[6.902185,4.884815],[6.902245,4.884768],[6.902346,4.884898]]]}},{"type":"Feature","properties":{"h":3.0,"on_route":false},"geometry":{"type":"Polygon","coordinates":[[[6.900262,4.885235],[6.900219,4.885329],[6.900315,4.885373],[6.900292,4.885424],[6.900146,4.885357],[6.900212,4.885213],[6.900262,4.885235]]]}},{"type":"Feature","properties":{"h":3.0,"on_route":false},"geometry":{"type":"Polygon","coordinates":[[[6.901687,4.886236],[6.90174,4.886417],[6.901549,4.886472],[6.901526,4.886392],[6.901662,4.886353],[6.901632,4.886252],[6.901687,4.886236]]]}},{"type":"Feature","properties":{"h":3.0,"on_route":false},"geometry":{"type":"Polygon","coordinates":[[[6.900981,4.885568],[6.901034,4.885626],[6.900976,4.885678],[6.900942,4.88564],[6.900983,4.885603],[6.900965,4.885583],[6.900981,4.885568]]]}},{"type":"Feature","properties":{"h":3.0,"on_route":false},"geometry":{"type":"Polygon","coordinates":[[[6.901258,4.882433],[6.901215,4.882475],[6.901137,4.882393],[6.901179,4.882352],[6.901258,4.882433]]]}},{"type":"Feature","properties":{"h":3.0,"on_route":false},"geometry":{"type":"Polygon","coordinates":[[[6.899485,4.88553],[6.899432,4.885713],[6.899351,4.88569],[6.899404,4.885507],[6.899485,4.88553]]]}},{"type":"Feature","properties":{"h":3.0,"on_route":false},"geometry":{"type":"Polygon","coordinates":[[[6.900548,4.887491],[6.900369,4.887521],[6.900349,4.887404],[6.900528,4.887374],[6.900548,4.887491]]]}},{"type":"Feature","properties":{"h":3.0,"on_route":false},"geometry":{"type":"Polygon","coordinates":[[[6.902348,4.884705],[6.902307,4.884739],[6.902209,4.884616],[6.90225,4.884583],[6.902348,4.884705]]]}},{"type":"Feature","properties":{"h":3.0,"on_route":false},"geometry":{"type":"Polygon","coordinates":[[[6.89887,4.888221],[6.898862,4.888254],[6.898733,4.888221],[6.898742,4.888188],[6.89887,4.888221]]]}},{"type":"Feature","properties":{"h":3.0,"on_route":false},"geometry":{"type":"Polygon","coordinates":[[[6.903171,4.88599],[6.903164,4.886044],[6.903095,4.886034],[6.903102,4.88598],[6.903171,4.88599]]]}},{"type":"Feature","properties":{"h":3.0,"on_route":false},"geometry":{"type":"Polygon","coordinates":[[[6.903321,4.883284],[6.903306,4.883299],[6.903339,4.883334],[6.903354,4.883319],[6.903372,4.883338],[6.903258,4.883448],[6.903185,4.883372],[6.903299,4.883262],[6.903321,4.883284]]]}},{"type":"Feature","properties":{"h":3.0,"on_route":false},"geometry":{"type":"Polygon","coordinates":[[[6.902072,4.887481],[6.902069,4.887632],[6.901948,4.887629],[6.901951,4.887478],[6.902072,4.887481]]]}},{"type":"Feature","properties":{"h":3.0,"on_route":false},"geometry":{"type":"Polygon","coordinates":[[[6.901819,4.885074],[6.901714,4.885134],[6.901576,4.884889],[6.90168,4.88483],[6.901819,4.885074]]]}},{"type":"Feature","properties":{"h":3.0,"on_route":false},"geometry":{"type":"Polygon","coordinates":[[[6.901643,4.887484],[6.901556,4.887506],[6.901564,4.887538],[6.901517,4.88755],[6.901477,4.887391],[6.901611,4.887357],[6.901643,4.887484]]]}},{"type":"Feature","properties":{"h":3.0,"on_route":false},"geometry":{"type":"Polygon","coordinates":[[[6.900247,4.886629],[6.900175,4.886806],[6.900098,4.886774],[6.900125,4.886707],[6.900144,4.886714],[6.900188,4.886605],[6.900247,4.886629]]]}},{"type":"Feature","properties":{"h":3.0,"on_route":false},"geometry":{"type":"Polygon","coordinates":[[[6.901839,4.885144],[6.901861,4.885193],[6.901892,4.885178],[6.901974,4.885358],[6.901886,4.885398],[6.901782,4.88517],[6.901839,4.885144]]]}},{"type":"Feature","properties":{"h":3.0,"on_route":false},"geometry":{"type":"Polygon","coordinates":[[[6.901475,4.88322],[6.901281,4.883374],[6.90122,4.883297],[6.901414,4.883143],[6.901475,4.88322]]]}},{"type":"Feature","properties":{"h":3.0,"on_route":false},"geometry":{"type":"Polygon","coordinates":[[[6.901543,4.88859],[6.901517,4.888625],[6.901441,4.888569],[6.901466,4.888534],[6.901543,4.88859]]]}},{"type":"Feature","properties":{"h":3.0,"on_route":false},"geometry":{"type":"Polygon","coordinates":[[[6.902486,4.882635],[6.902452,4.882672],[6.902323,4.882553],[6.902357,4.882516],[6.902486,4.882635]]]}},{"type":"Feature","properties":{"h":3.0,"on_route":false},"geometry":{"type":"Polygon","coordinates":[[[6.902057,4.88609],[6.901988,4.886114],[6.90197,4.886061],[6.902039,4.886037],[6.902057,4.88609]]]}},{"type":"Feature","properties":{"h":3.0,"on_route":false},"geometry":{"type":"Polygon","coordinates":[[[6.902573,4.886881],[6.902571,4.886944],[6.902505,4.886941],[6.902508,4.886879],[6.902573,4.886881]]]}},{"type":"Feature","properties":{"h":3.0,"on_route":false},"geometry":{"type":"Polygon","coordinates":[[[6.901123,4.887116],[6.901115,4.887153],[6.901082,4.887147],[6.90109,4.88711],[6.901123,4.887116]]]}},{"type":"Feature","properties":{"h":3.0,"on_route":false},"geometry":{"type":"Polygon","coordinates":[[[6.900819,4.886155],[6.900792,4.886208],[6.900687,4.886154],[6.900713,4.886101],[6.900819,4.886155]]]}},{"type":"Feature","properties":{"h":3.0,"on_route":false},"geometry":{"type":"Polygon","coordinates":[[[6.900831,4.888572],[6.900815,4.888603],[6.900878,4.888636],[6.900852,4.888684],[6.900593,4.888547],[6.900635,4.888468],[6.900831,4.888572]]]}},{"type":"Feature","properties":{"h":3.0,"on_route":false},"geometry":{"type":"Polygon","coordinates":[[[6.902399,4.88583],[6.902494,4.886],[6.902418,4.886043],[6.902323,4.885873],[6.902399,4.88583]]]}},{"type":"Feature","properties":{"h":3.0,"on_route":false},"geometry":{"type":"Polygon","coordinates":[[[6.900689,4.886495],[6.900712,4.88681],[6.900608,4.886818],[6.900585,4.886503],[6.900689,4.886495]]]}},{"type":"Feature","properties":{"h":3.0,"on_route":false},"geometry":{"type":"Polygon","coordinates":[[[6.900839,4.887178],[6.900835,4.887219],[6.900776,4.887214],[6.90078,4.887173],[6.900839,4.887178]]]}},{"type":"Feature","properties":{"h":3.0,"on_route":false},"geometry":{"type":"Polygon","coordinates":[[[6.901546,4.885734],[6.901507,4.885747],[6.901494,4.885708],[6.901533,4.885695],[6.901546,4.885734]]]}},{"type":"Feature","properties":{"h":3.0,"on_route":false},"geometry":{"type":"Polygon","coordinates":[[[6.898856,4.885874],[6.898856,4.885896],[6.898789,4.885896],[6.89879,4.885874],[6.898856,4.885874]]]}},{"type":"Feature","properties":{"h":3.0,"on_route":false},"geometry":{"type":"Polygon","coordinates":[[[6.902353,4.882722],[6.902327,4.882759],[6.902291,4.882733],[6.902317,4.882697],[6.902353,4.882722]]]}},{"type":"Feature","properties":{"h":3.0,"on_route":false},"geometry":{"type":"Polygon","coordinates":[[[6.901596,4.883525],[6.901271,4.88379],[6.901223,4.883731],[6.90152,4.88349],[6.901506,4.883473],[6.901535,4.883449],[6.901596,4.883525]]]}},{"type":"Feature","properties":{"h":3.0,"on_route":false},"geometry":{"type":"Polygon","coordinates":[[[6.902169,4.887937],[6.902077,4.887962],[6.902057,4.887887],[6.902149,4.887863],[6.902169,4.887937]]]}},{"type":"Feature","properties":{"h":3.0,"on_route":false},"geometry":{"type":"Polygon","coordinates":[[[6.900138,4.888205],[6.900099,4.888308],[6.899859,4.888216],[6.899899,4.888113],[6.900138,4.888205]]]}},{"type":"Feature","properties":{"h":3.0,"on_route":false},"geometry":{"type":"Polygon","coordinates":[[[6.901214,4.885448],[6.901253,4.885585],[6.901199,4.885601],[6.90116,4.885464],[6.901214,4.885448]]]}},{"type":"Feature","properties":{"h":3.0,"on_route":false},"geometry":{"type":"Polygon","coordinates":[[[6.902169,4.886401],[6.902069,4.886417],[6.902054,4.886328],[6.902155,4.886313],[6.902169,4.886401]]]}},{"type":"Feature","properties":{"h":3.0,"on_route":false},"geometry":{"type":"Polygon","coordinates":[[[6.898685,4.888149],[6.898677,4.88819],[6.898633,4.888181],[6.898641,4.888141],[6.898685,4.888149]]]}},{"type":"Feature","properties":{"h":3.0,"on_route":false},"geometry":{"type":"Polygon","coordinates":[[[6.898403,4.88787],[6.8984,4.887891],[6.898292,4.887874],[6.898295,4.887854],[6.898403,4.88787]]]}},{"type":"Feature","properties":{"h":3.0,"on_route":false},"geometry":{"type":"Polygon","coordinates":[[[6.901435,4.886593],[6.901395,4.886671],[6.901318,4.886631],[6.901359,4.886553],[6.901435,4.886593]]]}},{"type":"Feature","properties":{"h":3.0,"on_route":false},"geometry":{"type":"Polygon","coordinates":[[[6.898511,4.888108],[6.898506,4.888137],[6.898438,4.888126],[6.898442,4.888097],[6.898511,4.888108]]]}},{"type":"Feature","properties":{"h":3.0,"on_route":false},"geometry":{"type":"Polygon","coordinates":[[[6.897868,4.886072],[6.897875,4.886145],[6.8978,4.886153],[6.897793,4.88608],[6.897868,4.886072]]]}},{"type":"Feature","properties":{"h":3.0,"on_route":false},"geometry":{"type":"Polygon","coordinates":[[[6.902097,4.885437],[6.902034,4.885477],[6.902001,4.885424],[6.902064,4.885385],[6.902097,4.885437]]]}},{"type":"Feature","properties":{"h":3.0,"on_route":false},"geometry":{"type":"Polygon","coordinates":[[[6.902621,4.885028],[6.902522,4.885108],[6.902472,4.885047],[6.902572,4.884966],[6.902621,4.885028]]]}},{"type":"Feature","properties":{"h":3.0,"on_route":false},"geometry":{"type":"Polygon","coordinates":[[[6.898628,4.884497],[6.898625,4.884523],[6.898595,4.884519],[6.898598,4.884493],[6.898628,4.884497]]]}},{"type":"Feature","properties":{"h":3.0,"on_route":false},"geometry":{"type":"Polygon","coordinates":[[[6.895832,4.885318],[6.89579,4.885358],[6.895762,4.885329],[6.89553,4.88555],[6.895477,4.885493],[6.895709,4.885273],[6.895657,4.885217],[6.895699,4.885177],[6.895832,4.885318]]]}},{"type":"Feature","properties":{"h":3.0,"on_route":false},"geometry":{"type":"Polygon","coordinates":[[[6.902559,4.88774],[6.902565,4.887786],[6.902631,4.887779],[6.902643,4.887878],[6.902511,4.887892],[6.902495,4.887747],[6.902559,4.88774]]]}},{"type":"Feature","properties":{"h":3.0,"on_route":false},"geometry":{"type":"Polygon","coordinates":[[[6.901109,4.88887],[6.901085,4.888902],[6.901043,4.888871],[6.901068,4.888839],[6.901109,4.88887]]]}},{"type":"Feature","properties":{"h":3.0,"on_route":false},"geometry":{"type":"Polygon","coordinates":[[[6.901884,4.888142],[6.901891,4.888165],[6.90181,4.888187],[6.901804,4.888164],[6.901884,4.888142]]]}},{"type":"Feature","properties":{"h":3.0,"on_route":false},"geometry":{"type":"Polygon","coordinates":[[[6.900473,4.886454],[6.900452,4.886459],[6.900462,4.886499],[6.900377,4.88652],[6.90034,4.886372],[6.900446,4.886345],[6.900473,4.886454]]]}},{"type":"Feature","properties":{"h":3.0,"on_route":false},"geometry":{"type":"Polygon","coordinates":[[[6.899151,4.882988],[6.899177,4.882967],[6.899218,4.883018],[6.899072,4.883134],[6.898929,4.882953],[6.899048,4.882859],[6.899151,4.882988]]]}},{"type":"Feature","properties":{"h":3.0,"on_route":false},"geometry":{"type":"Polygon","coordinates":[[[6.898498,4.886979],[6.898498,4.886959],[6.8986,4.886961],[6.8986,4.886981],[6.898498,4.886979]]]}},{"type":"Feature","properties":{"h":3.0,"on_route":false},"geometry":{"type":"Polygon","coordinates":[[[6.901875,4.886435],[6.901838,4.886439],[6.901835,4.886412],[6.901872,4.886408],[6.901875,4.886435]]]}},{"type":"Feature","properties":{"h":3.0,"on_route":false},"geometry":{"type":"Polygon","coordinates":[[[6.900803,4.887124],[6.900798,4.887175],[6.90078,4.887173],[6.900776,4.887214],[6.900685,4.887206],[6.900693,4.887114],[6.900803,4.887124]]]}},{"type":"Feature","properties":{"h":3.0,"on_route":false},"geometry":{"type":"Polygon","coordinates":[[[6.901989,4.884452],[6.901954,4.884479],[6.901922,4.884436],[6.901957,4.88441],[6.901989,4.884452]]]}},{"type":"Feature","properties":{"h":3.0,"on_route":false},"geometry":{"type":"Polygon","coordinates":[[[6.898798,4.887493],[6.898794,4.887587],[6.898769,4.887586],[6.898774,4.887492],[6.898798,4.887493]]]}},{"type":"Feature","properties":{"h":3.0,"on_route":false},"geometry":{"type":"Polygon","coordinates":[[[6.899874,4.883839],[6.899862,4.883884],[6.899757,4.883856],[6.899769,4.883812],[6.899874,4.883839]]]}},{"type":"Feature","properties":{"h":3.0,"on_route":false},"geometry":{"type":"Polygon","coordinates":[[[6.897822,4.886637],[6.897827,4.886756],[6.897806,4.886757],[6.897801,4.886638],[6.897822,4.886637]]]}},{"type":"Feature","properties":{"h":3.0,"on_route":false},"geometry":{"type":"Polygon","coordinates":[[[6.901808,4.884602],[6.901729,4.884666],[6.901687,4.884615],[6.901766,4.88455],[6.901808,4.884602]]]}},{"type":"Feature","properties":{"h":3.0,"on_route":false},"geometry":{"type":"Polygon","coordinates":[[[6.901343,4.882147],[6.90132,4.882174],[6.901275,4.882135],[6.901298,4.882108],[6.901343,4.882147]]]}},{"type":"Feature","properties":{"h":3.0,"on_route":false},"geometry":{"type":"Polygon","coordinates":[[[6.903273,4.884339],[6.90322,4.884392],[6.903134,4.884307],[6.903187,4.884254],[6.903273,4.884339]]]}},{"type":"Feature","properties":{"h":3.0,"on_route":false},"geometry":{"type":"Polygon","coordinates":[[[6.899839,4.888405],[6.899823,4.888469],[6.899739,4.888447],[6.899755,4.888384],[6.899839,4.888405]]]}},{"type":"Feature","properties":{"h":3.0,"on_route":false},"geometry":{"type":"Polygon","coordinates":[[[6.901582,4.881166],[6.901432,4.881202],[6.90141,4.881108],[6.901559,4.881072],[6.901582,4.881166]]]}},{"type":"Feature","properties":{"h":3.0,"on_route":false},"geometry":{"type":"Polygon","coordinates":[[[6.902222,4.88145],[6.90208,4.881516],[6.902091,4.881539],[6.902,4.881582],[6.901921,4.881411],[6.902155,4.881303],[6.902222,4.88145]]]}},{"type":"Feature","properties":{"h":3.0,"on_route":false},"geometry":{"type":"Polygon","coordinates":[[[6.897816,4.886352],[6.89781,4.886374],[6.897709,4.886348],[6.897715,4.886326],[6.897816,4.886352]]]}},{"type":"Feature","properties":{"h":3.0,"on_route":false},"geometry":{"type":"Polygon","coordinates":[[[6.901438,4.887481],[6.901475,4.887471],[6.901496,4.88755],[6.901459,4.88756],[6.901464,4.88758],[6.901446,4.887585],[6.901475,4.887694],[6.901376,4.887721],[6.901341,4.887592],[6.901367,4.887585],[6.901339,4.887482],[6.901431,4.887458],[6.901438,4.887481]]]}},{"type":"Feature","properties":{"h":3.0,"on_route":false},"geometry":{"type":"Polygon","coordinates":[[[6.901082,4.885723],[6.90104,4.885768],[6.900975,4.885707],[6.901017,4.885662],[6.901082,4.885723]]]}},{"type":"Feature","properties":{"h":3.0,"on_route":false},"geometry":{"type":"Polygon","coordinates":[[[6.900477,4.886137],[6.90048,4.886178],[6.9005,4.886176],[6.90051,4.886295],[6.900388,4.886305],[6.900375,4.886146],[6.900477,4.886137]]]}},{"type":"Feature","properties":{"h":3.0,"on_route":false},"geometry":{"type":"Polygon","coordinates":[[[6.903526,4.884821],[6.903664,4.885044],[6.903729,4.885004],[6.903793,4.885108],[6.903564,4.88525],[6.903381,4.884952],[6.903508,4.884874],[6.903489,4.884844],[6.903526,4.884821]]]}},{"type":"Feature","properties":{"h":3.0,"on_route":false},"geometry":{"type":"Polygon","coordinates":[[[6.900835,4.887047],[6.900828,4.887127],[6.900784,4.887123],[6.900792,4.887043],[6.900835,4.887047]]]}},{"type":"Feature","properties":{"h":3.0,"on_route":false},"geometry":{"type":"Polygon","coordinates":[[[6.900726,4.887219],[6.900729,4.887306],[6.90065,4.88731],[6.900646,4.887222],[6.900726,4.887219]]]}},{"type":"Feature","properties":{"h":3.0,"on_route":false},"geometry":{"type":"Polygon","coordinates":[[[6.900145,4.886173],[6.900136,4.886281],[6.900112,4.886279],[6.900121,4.886171],[6.900145,4.886173]]]}},{"type":"Feature","properties":{"h":3.0,"on_route":false},"geometry":{"type":"Polygon","coordinates":[[[6.899404,4.885507],[6.899351,4.88569],[6.899234,4.885655],[6.899287,4.885472],[6.899404,4.885507]]]}},{"type":"Feature","properties":{"h":3.0,"on_route":false},"geometry":{"type":"Polygon","coordinates":[[[6.90317,4.884268],[6.903129,4.884303],[6.903001,4.884151],[6.903042,4.884116],[6.90317,4.884268]]]}},{"type":"Feature","properties":{"h":3.0,"on_route":false},"geometry":{"type":"Polygon","coordinates":[[[6.898936,4.888815],[6.898925,4.888855],[6.898894,4.888846],[6.898905,4.888806],[6.898936,4.888815]]]}},{"type":"Feature","properties":{"h":3.0,"on_route":false},"geometry":{"type":"Polygon","coordinates":[[[6.900227,4.887271],[6.900206,4.887379],[6.900146,4.887367],[6.900167,4.887259],[6.900227,4.887271]]]}},{"type":"Feature","properties":{"h":3.0,"on_route":false},"geometry":{"type":"Polygon","coordinates":[[[6.898862,4.888768],[6.898814,4.888753],[6.898856,4.888612],[6.898905,4.888627],[6.898862,4.888768]]]}},{"type":"Feature","properties":{"h":3.0,"on_route":false},"geometry":{"type":"Polygon","coordinates":[[[6.897708,4.886746],[6.897649,4.886767],[6.897612,4.88666],[6.897671,4.88664],[6.897708,4.886746]]]}},{"type":"Feature","properties":{"h":3.0,"on_route":false},"geometry":{"type":"Polygon","coordinates":[[[6.901221,4.884688],[6.901171,4.884709],[6.901156,4.884673],[6.901205,4.884652],[6.901221,4.884688]]]}},{"type":"Feature","properties":{"h":3.0,"on_route":false},"geometry":{"type":"Polygon","coordinates":[[[6.902831,4.885825],[6.902786,4.885846],[6.902798,4.885871],[6.902824,4.885858],[6.902844,4.8859],[6.902765,4.885937],[6.902719,4.885836],[6.902816,4.885791],[6.902831,4.885825]]]}},{"type":"Feature","properties":{"h":3.0,"on_route":false},"geometry":{"type":"Polygon","coordinates":[[[6.90157,4.887304],[6.901494,4.887344],[6.90146,4.887278],[6.901537,4.887238],[6.90157,4.887304]]]}},{"type":"Feature","properties":{"h":3.0,"on_route":false},"geometry":{"type":"Polygon","coordinates":[[[6.899406,4.883763],[6.899396,4.883816],[6.899368,4.88381],[6.899378,4.883758],[6.899406,4.883763]]]}},{"type":"Feature","properties":{"h":3.0,"on_route":false},"geometry":{"type":"Polygon","coordinates":[[[6.90302,4.884043],[6.902985,4.883993],[6.903163,4.883869],[6.903197,4.883918],[6.90302,4.884043]]]}},{"type":"Feature","properties":{"h":3.0,"on_route":false},"geometry":{"type":"Polygon","coordinates":[[[6.902753,4.884342],[6.902673,4.884405],[6.902612,4.884328],[6.902693,4.884265],[6.902753,4.884342]]]}},{"type":"Feature","properties":{"h":3.0,"on_route":false},"geometry":{"type":"Polygon","coordinates":[[[6.900759,4.887398],[6.900668,4.887389],[6.900672,4.887345],[6.900763,4.887353],[6.900759,4.887398]]]}},{"type":"Feature","properties":{"h":3.0,"on_route":false},"geometry":{"type":"Polygon","coordinates":[[[6.903059,4.886314],[6.903055,4.886368],[6.903024,4.886366],[6.903029,4.886311],[6.903059,4.886314]]]}},{"type":"Feature","properties":{"h":3.0,"on_route":false},"geometry":{"type":"Polygon","coordinates":[[[6.901318,4.886249],[6.901303,4.886234],[6.901264,4.886274],[6.901219,4.886229],[6.901283,4.886164],[6.901343,4.886223],[6.901318,4.886249]]]}},{"type":"Feature","properties":{"h":3.0,"on_route":false},"geometry":{"type":"Polygon","coordinates":[[[6.900969,4.885536],[6.900887,4.885608],[6.900829,4.885542],[6.900912,4.885469],[6.900969,4.885536]]]}},{"type":"Feature","properties":{"h":3.0,"on_route":false},"geometry":{"type":"Polygon","coordinates":[[[6.901688,4.885361],[6.901635,4.885376],[6.901616,4.885308],[6.901669,4.885293],[6.901688,4.885361]]]}},{"type":"Feature","properties":{"h":3.0,"on_route":false},"geometry":{"type":"Polygon","coordinates":[[[6.901301,4.884969],[6.901279,4.884934],[6.9012,4.884984],[6.901163,4.884926],[6.901346,4.884808],[6.901406,4.884901],[6.901301,4.884969]]]}},{"type":"Feature","properties":{"h":3.0,"on_route":false},"geometry":{"type":"Polygon","coordinates":[[[6.898298,4.885615],[6.898296,4.885673],[6.898253,4.885672],[6.898255,4.885614],[6.898298,4.885615]]]}},{"type":"Feature","properties":{"h":3.0,"on_route":false},"geometry":{"type":"Polygon","coordinates":[[[6.902252,4.887995],[6.902108,4.888035],[6.902086,4.887957],[6.902175,4.887932],[6.902181,4.887951],[6.902235,4.887936],[6.902252,4.887995]]]}},{"type":"Feature","properties":{"h":3.0,"on_route":false},"geometry":{"type":"Polygon","coordinates":[[[6.903076,4.886685],[6.903065,4.88682],[6.903017,4.886816],[6.903028,4.886681],[6.903076,4.886685]]]}},{"type":"Feature","properties":{"h":3.0,"on_route":false},"geometry":{"type":"Polygon","coordinates":[[[6.90164,4.886299],[6.901582,4.886343],[6.901534,4.88628],[6.901591,4.886236],[6.90164,4.886299]]]}},{"type":"Feature","properties":{"h":3.0,"on_route":false},"geometry":{"type":"Polygon","coordinates":[[[6.898729,4.888353],[6.898718,4.888392],[6.898582,4.888353],[6.898593,4.888314],[6.898729,4.888353]]]}},{"type":"Feature","properties":{"h":3.0,"on_route":false},"geometry":{"type":"Polygon","coordinates":[[[6.901808,4.886723],[6.9018,4.886821],[6.901742,4.886817],[6.90175,4.886719],[6.901808,4.886723]]]}},{"type":"Feature","properties":{"h":3.0,"on_route":false},"geometry":{"type":"Polygon","coordinates":[[[6.901617,4.885559],[6.9015,4.885592],[6.901468,4.885477],[6.901585,4.885444],[6.901617,4.885559]]]}},{"type":"Feature","properties":{"h":3.0,"on_route":false},"geometry":{"type":"Polygon","coordinates":[[[6.900115,4.887189],[6.90013,4.887133],[6.900314,4.88718],[6.900287,4.887285],[6.90006,4.887227],[6.900072,4.887178],[6.900115,4.887189]]]}},{"type":"Feature","properties":{"h":3.0,"on_route":false},"geometry":{"type":"Polygon","coordinates":[[[6.902901,4.88644],[6.902894,4.88653],[6.902847,4.886526],[6.902854,4.886436],[6.902901,4.88644]]]}},{"type":"Feature","properties":{"h":3.0,"on_route":false},"geometry":{"type":"Polygon","coordinates":[[[6.90173,4.884093],[6.901636,4.884169],[6.901576,4.884094],[6.90167,4.884018],[6.90173,4.884093]]]}},{"type":"Feature","properties":{"h":3.0,"on_route":false},"geometry":{"type":"Polygon","coordinates":[[[6.899049,4.888725],[6.899011,4.888824],[6.898966,4.888807],[6.899004,4.888708],[6.899049,4.888725]]]}},{"type":"Feature","properties":{"h":3.0,"on_route":false},"geometry":{"type":"Polygon","coordinates":[[[6.898616,4.888009],[6.898611,4.888037],[6.898472,4.888013],[6.898477,4.887984],[6.898616,4.888009]]]}},{"type":"Feature","properties":{"h":3.0,"on_route":false},"geometry":{"type":"Polygon","coordinates":[[[6.902147,4.882616],[6.902113,4.882584],[6.902212,4.882476],[6.902246,4.882507],[6.902147,4.882616]]]}},{"type":"Feature","properties":{"h":3.0,"on_route":false},"geometry":{"type":"Polygon","coordinates":[[[6.901918,4.886877],[6.901914,4.887046],[6.901836,4.887044],[6.901839,4.886876],[6.901918,4.886877]]]}},{"type":"Feature","properties":{"h":3.0,"on_route":false},"geometry":{"type":"Polygon","coordinates":[[[6.899531,4.883488],[6.899442,4.883582],[6.899423,4.883564],[6.899512,4.88347],[6.899531,4.883488]]]}},{"type":"Feature","properties":{"h":3.0,"on_route":false},"geometry":{"type":"Polygon","coordinates":[[[6.899123,4.886751],[6.899093,4.886746],[6.899105,4.886673],[6.899135,4.886678],[6.899123,4.886751]]]}},{"type":"Feature","properties":{"h":3.0,"on_route":false},"geometry":{"type":"Polygon","coordinates":[[[6.900942,4.88535],[6.900914,4.885394],[6.900806,4.885326],[6.900834,4.885282],[6.900942,4.88535]]]}},{"type":"Feature","properties":{"h":3.0,"on_route":false},"geometry":{"type":"Polygon","coordinates":[[[6.902631,4.885801],[6.90259,4.885817],[6.902577,4.885784],[6.902618,4.885767],[6.902631,4.885801]]]}},{"type":"Feature","properties":{"h":3.0,"on_route":false},"geometry":{"type":"Polygon","coordinates":[[[6.899057,4.888269],[6.899048,4.888302],[6.898862,4.888254],[6.89887,4.888221],[6.899057,4.888269]]]}},{"type":"Feature","properties":{"h":3.0,"on_route":false},"geometry":{"type":"Polygon","coordinates":[[[6.899776,4.88264],[6.899479,4.882877],[6.899444,4.882834],[6.899307,4.882943],[6.899168,4.882768],[6.899602,4.882421],[6.899776,4.88264]]]}},{"type":"Feature","properties":{"h":3.0,"on_route":false},"geometry":{"type":"Polygon","coordinates":[[[6.90087,4.883836],[6.900784,4.883907],[6.900769,4.883889],[6.900856,4.883818],[6.90087,4.883836]]]}},{"type":"Feature","properties":{"h":3.0,"on_route":false},"geometry":{"type":"Polygon","coordinates":[[[6.903034,4.886462],[6.90302,4.886554],[6.902926,4.886539],[6.902941,4.886447],[6.903034,4.886462]]]}},{"type":"Feature","properties":{"h":3.0,"on_route":false},"geometry":{"type":"Polygon","coordinates":[[[6.901785,4.882566],[6.901742,4.882609],[6.901778,4.882646],[6.901801,4.882624],[6.901869,4.882692],[6.901778,4.882782],[6.901614,4.882617],[6.901725,4.882506],[6.901785,4.882566]]]}},{"type":"Feature","properties":{"h":3.0,"on_route":false},"geometry":{"type":"Polygon","coordinates":[[[6.901393,4.886782],[6.901277,4.886773],[6.901281,4.886723],[6.901336,4.886727],[6.901338,4.886701],[6.901399,4.886705],[6.901393,4.886782]]]}},{"type":"Feature","properties":{"h":3.0,"on_route":false},"geometry":{"type":"Polygon","coordinates":[[[6.899925,4.888419],[6.899912,4.88846],[6.899858,4.888443],[6.899871,4.888402],[6.899925,4.888419]]]}},{"type":"Feature","properties":{"h":3.0,"on_route":false},"geometry":{"type":"Polygon","coordinates":[[[6.903214,4.885576],[6.90322,4.885655],[6.903198,4.885657],[6.9032,4.885687],[6.903222,4.885686],[6.903228,4.885754],[6.90309,4.885765],[6.903086,4.885717],[6.903042,4.885721],[6.903031,4.88559],[6.903214,4.885576]]]}},{"type":"Feature","properties":{"h":3.0,"on_route":false},"geometry":{"type":"Polygon","coordinates":[[[6.900277,4.88635],[6.900193,4.886539],[6.900217,4.886549],[6.900196,4.886598],[6.900089,4.88655],[6.900194,4.886313],[6.900277,4.88635]]]}},{"type":"Feature","properties":{"h":3.0,"on_route":false},"geometry":{"type":"Polygon","coordinates":[[[6.901121,4.886578],[6.901118,4.886609],[6.901093,4.886608],[6.901089,4.886659],[6.901037,4.886655],[6.901042,4.886573],[6.901121,4.886578]]]}},{"type":"Feature","properties":{"h":3.0,"on_route":false},"geometry":{"type":"Polygon","coordinates":[[[6.901079,4.885555],[6.901027,4.885598],[6.900897,4.885435],[6.900949,4.885393],[6.901079,4.885555]]]}},{"type":"Feature","properties":{"h":3.0,"on_route":false},"geometry":{"type":"Polygon","coordinates":[[[6.899336,4.888493],[6.899265,4.888631],[6.899212,4.888603],[6.899283,4.888466],[6.899336,4.888493]]]}},{"type":"Feature","properties":{"h":3.0,"on_route":false},"geometry":{"type":"Polygon","coordinates":[[[6.901234,4.885102],[6.901142,4.885145],[6.901089,4.88503],[6.901181,4.884987],[6.901234,4.885102]]]}},{"type":"Feature","properties":{"h":3.0,"on_route":false},"geometry":{"type":"Polygon","coordinates":[[[6.901821,4.886878],[6.901821,4.886936],[6.901775,4.886937],[6.901776,4.886979],[6.901822,4.886978],[6.901823,4.887041],[6.901701,4.887043],[6.901699,4.88688],[6.901821,4.886878]]]}},{"type":"Feature","properties":{"h":3.0,"on_route":false},"geometry":{"type":"Polygon","coordinates":[[[6.900372,4.887311],[6.900347,4.887422],[6.900195,4.887388],[6.90022,4.887277],[6.900372,4.887311]]]}},{"type":"Feature","properties":{"h":3.0,"on_route":false},"geometry":{"type":"Polygon","coordinates":[[[6.903213,4.885518],[6.903153,4.885523],[6.90315,4.88548],[6.90321,4.885476],[6.903213,4.885518]]]}},{"type":"Feature","properties":{"h":3.0,"on_route":false},"geometry":{"type":"Polygon","coordinates":[[[6.9,4.887883],[6.899898,4.887909],[6.899837,4.887663],[6.89994,4.887637],[6.9,4.887883]]]}},{"type":"Feature","properties":{"h":3.0,"on_route":false},"geometry":{"type":"Polygon","coordinates":[[[6.901424,4.886127],[6.901348,4.886208],[6.901266,4.886131],[6.901343,4.886049],[6.901424,4.886127]]]}},{"type":"Feature","properties":{"h":3.0,"on_route":false},"geometry":{"type":"Polygon","coordinates":[[[6.901595,4.887176],[6.90151,4.887199],[6.901475,4.887067],[6.90156,4.887044],[6.901595,4.887176]]]}},{"type":"Feature","properties":{"h":3.0,"on_route":false},"geometry":{"type":"Polygon","coordinates":[[[6.898581,4.888677],[6.898537,4.888758],[6.898413,4.88869],[6.898456,4.88861],[6.898581,4.888677]]]}},{"type":"Feature","properties":{"h":3.0,"on_route":false},"geometry":{"type":"Polygon","coordinates":[[[6.901091,4.888446],[6.901379,4.888459],[6.901376,4.888524],[6.901336,4.888522],[6.901335,4.888546],[6.901087,4.888535],[6.901091,4.888446]]]}},{"type":"Feature","properties":{"h":3.0,"on_route":false},"geometry":{"type":"Polygon","coordinates":[[[6.902233,4.882696],[6.902198,4.882663],[6.902268,4.882588],[6.902302,4.88262],[6.902233,4.882696]]]}},{"type":"Feature","properties":{"h":3.0,"on_route":false},"geometry":{"type":"Polygon","coordinates":[[[6.902912,4.886299],[6.90291,4.886327],[6.902946,4.886329],[6.902943,4.886377],[6.902907,4.886375],[6.902905,4.886412],[6.902865,4.886409],[6.902872,4.886297],[6.902912,4.886299]]]}},{"type":"Feature","properties":{"h":3.0,"on_route":false},"geometry":{"type":"Polygon","coordinates":[[[6.899013,4.888637],[6.898965,4.888625],[6.899006,4.888467],[6.899054,4.888479],[6.899013,4.888637]]]}},{"type":"Feature","properties":{"h":3.0,"on_route":false},"geometry":{"type":"Polygon","coordinates":[[[6.902911,4.884499],[6.902867,4.884541],[6.902838,4.884511],[6.902825,4.884524],[6.902853,4.884554],[6.902777,4.884626],[6.902706,4.884551],[6.90284,4.884424],[6.902911,4.884499]]]}},{"type":"Feature","properties":{"h":3.0,"on_route":false},"geometry":{"type":"Polygon","coordinates":[[[6.901915,4.886216],[6.901812,4.886268],[6.901754,4.886151],[6.901823,4.886117],[6.901829,4.886131],[6.901864,4.886113],[6.901915,4.886216]]]}},{"type":"Feature","properties":{"h":3.0,"on_route":false},"geometry":{"type":"Polygon","coordinates":[[[6.897521,4.887097],[6.897525,4.887165],[6.897447,4.887169],[6.897444,4.887101],[6.897521,4.887097]]]}},{"type":"Feature","properties":{"h":3.0,"on_route":false},"geometry":{"type":"Polygon","coordinates":[[[6.901421,4.887916],[6.901313,4.887943],[6.901298,4.887882],[6.901321,4.887876],[6.901307,4.887817],[6.901391,4.887796],[6.901421,4.887916]]]}},{"type":"Feature","properties":{"h":3.0,"on_route":false},"geometry":{"type":"Polygon","coordinates":[[[6.89851,4.888778],[6.898494,4.888807],[6.898438,4.888777],[6.898454,4.888748],[6.89851,4.888778]]]}},{"type":"Feature","properties":{"h":3.0,"on_route":false},"geometry":{"type":"Polygon","coordinates":[[[6.902141,4.88812],[6.902153,4.888168],[6.902048,4.888195],[6.902029,4.888117],[6.901956,4.888135],[6.901942,4.888081],[6.902133,4.888033],[6.902154,4.888117],[6.902141,4.88812]]]}},{"type":"Feature","properties":{"h":3.0,"on_route":false},"geometry":{"type":"Polygon","coordinates":[[[6.901547,4.884985],[6.901419,4.885056],[6.90135,4.884932],[6.901478,4.884861],[6.901547,4.884985]]]}},{"type":"Feature","properties":{"h":3.0,"on_route":false},"geometry":{"type":"Polygon","coordinates":[[[6.896671,4.887959],[6.896668,4.888002],[6.896629,4.887999],[6.896631,4.887957],[6.896671,4.887959]]]}},{"type":"Feature","properties":{"h":3.0,"on_route":false},"geometry":{"type":"Polygon","coordinates":[[[6.903137,4.887341],[6.902778,4.88747],[6.902747,4.887383],[6.902811,4.88736],[6.902821,4.88739],[6.902943,4.887347],[6.902919,4.887277],[6.903092,4.887215],[6.903137,4.887341]]]}},{"type":"Feature","properties":{"h":3.0,"on_route":false},"geometry":{"type":"Polygon","coordinates":[[[6.902492,4.886237],[6.902329,4.886354],[6.902269,4.88627],[6.902431,4.886153],[6.902492,4.886237]]]}},{"type":"Feature","properties":{"h":3.0,"on_route":false},"geometry":{"type":"Polygon","coordinates":[[[6.903555,4.884277],[6.903509,4.884311],[6.903377,4.884133],[6.903423,4.884099],[6.903555,4.884277]]]}},{"type":"Feature","properties":{"h":3.0,"on_route":false},"geometry":{"type":"Polygon","coordinates":[[[6.902658,4.887536],[6.902542,4.887561],[6.90255,4.887596],[6.902486,4.88761],[6.902465,4.88751],[6.902644,4.887471],[6.902658,4.887536]]]}},{"type":"Feature","properties":{"h":3.0,"on_route":false},"geometry":{"type":"Polygon","coordinates":[[[6.900632,4.887535],[6.900634,4.887508],[6.900712,4.887515],[6.900701,4.887627],[6.900671,4.887624],[6.900663,4.88771],[6.900616,4.887706],[6.900624,4.88762],[6.900546,4.887613],[6.900554,4.887528],[6.900632,4.887535]]]}},{"type":"Feature","properties":{"h":3.0,"on_route":false},"geometry":{"type":"Polygon","coordinates":[[[6.902491,4.887375],[6.902497,4.887402],[6.90252,4.887397],[6.902539,4.887484],[6.90243,4.887509],[6.902423,4.887476],[6.902397,4.887482],[6.902379,4.887401],[6.902491,4.887375]]]}},{"type":"Feature","properties":{"h":3.0,"on_route":false},"geometry":{"type":"Polygon","coordinates":[[[6.901217,4.886431],[6.901183,4.886501],[6.901124,4.886472],[6.901158,4.886402],[6.901217,4.886431]]]}},{"type":"Feature","properties":{"h":3.0,"on_route":false},"geometry":{"type":"Polygon","coordinates":[[[6.903031,4.885326],[6.903029,4.885445],[6.902983,4.885445],[6.902983,4.885326],[6.903031,4.885326]]]}},{"type":"Feature","properties":{"h":3.0,"on_route":false},"geometry":{"type":"Polygon","coordinates":[[[6.898965,4.8888],[6.898914,4.888785],[6.898954,4.888641],[6.899005,4.888656],[6.898965,4.8888]]]}},{"type":"Feature","properties":{"h":3.0,"on_route":false},"geometry":{"type":"Polygon","coordinates":[[[6.89612,4.884801],[6.896076,4.884757],[6.896247,4.884583],[6.896291,4.884627],[6.89612,4.884801]]]}},{"type":"Feature","properties":{"h":3.0,"on_route":false},"geometry":{"type":"Polygon","coordinates":[[[6.902502,4.882077],[6.902457,4.882113],[6.902444,4.882096],[6.902211,4.882281],[6.902174,4.882235],[6.902452,4.882014],[6.902502,4.882077]]]}},{"type":"Feature","properties":{"h":3.0,"on_route":false},"geometry":{"type":"Polygon","coordinates":[[[6.901572,4.888219],[6.901743,4.8882],[6.901754,4.888299],[6.901584,4.888319],[6.901572,4.888219]]]}},{"type":"Feature","properties":{"h":3.0,"on_route":false},"geometry":{"type":"Polygon","coordinates":[[[6.899593,4.88834],[6.899577,4.888429],[6.89946,4.888408],[6.899477,4.888318],[6.899593,4.88834]]]}},{"type":"Feature","properties":{"h":3.0,"on_route":false},"geometry":{"type":"Polygon","coordinates":[[[6.901269,4.88721],[6.90135,4.887418],[6.901367,4.887412],[6.901349,4.887366],[6.901404,4.887345],[6.901441,4.887444],[6.90133,4.887487],[6.90123,4.887225],[6.901269,4.88721]]]}},{"type":"Feature","properties":{"h":3.0,"on_route":false},"geometry":{"type":"Polygon","coordinates":[[[6.900696,4.88599],[6.900667,4.88605],[6.900529,4.885984],[6.900483,4.886081],[6.900545,4.886111],[6.900582,4.886034],[6.900681,4.886081],[6.900618,4.886214],[6.900367,4.886095],[6.900467,4.885881],[6.900696,4.88599]]]}},{"type":"Feature","properties":{"h":3.0,"on_route":false},"geometry":{"type":"Polygon","coordinates":[[[6.900288,4.883795],[6.900288,4.883803],[6.900178,4.883891],[6.900176,4.883887],[6.900127,4.883926],[6.900113,4.88391],[6.900112,4.883912],[6.89996,4.883722],[6.899709,4.883416],[6.899713,4.883413],[6.899711,4.883411],[6.899938,4.883227],[6.89993,4.883217],[6.9,4.88316],[6.900008,4.88317],[6.900015,4.883165],[6.900016,4.883166],[6.900021,4.883162],[6.900048,4.883196],[6.900043,4.8832],[6.900061,4.883222],[6.900094,4.883195],[6.900112,4.883216],[6.90029,4.883069],[6.90029,4.883077],[6.900391,4.882995],[6.900394,4.882995],[6.900511,4.882897],[6.900931,4.882553],[6.901262,4.882958],[6.901214,4.882997],[6.901214,4.883019],[6.901227,4.883035],[6.901214,4.883046],[6.901214,4.883137],[6.901104,4.883136],[6.900983,4.883236],[6.900982,4.88328],[6.900929,4.88328],[6.900859,4.883338],[6.90091,4.883399],[6.900908,4.8834],[6.90091,4.883404],[6.900858,4.883446],[6.900858,4.88347],[6.900829,4.883469],[6.900541,4.883704],[6.900514,4.883725],[6.900457,4.883655],[6.900288,4.883795]]]}},{"type":"Feature","properties":{"h":3.0,"on_route":false},"geometry":{"type":"Polygon","coordinates":[[[6.899921,4.886828],[6.899872,4.886944],[6.899729,4.886883],[6.899718,4.886909],[6.899576,4.886849],[6.899635,4.886707],[6.899921,4.886828]]]}},{"type":"Feature","properties":{"h":3.0,"on_route":false},"geometry":{"type":"Polygon","coordinates":[[[6.899625,4.886471],[6.899742,4.886476],[6.89974,4.886507],[6.899624,4.886502],[6.899625,4.886471]]]}},{"type":"Feature","properties":{"h":3.0,"on_route":false},"geometry":{"type":"Polygon","coordinates":[[[6.900857,4.886524],[6.900868,4.886658],[6.900732,4.886669],[6.900721,4.886535],[6.900857,4.886524]]]}},{"type":"Feature","properties":{"h":3.0,"on_route":false},"geometry":{"type":"Polygon","coordinates":[[[6.897307,4.887199],[6.897313,4.887306],[6.897286,4.887308],[6.897281,4.887201],[6.897307,4.887199]]]}},{"type":"Feature","properties":{"h":3.0,"on_route":false},"geometry":{"type":"Polygon","coordinates":[[[6.902826,4.885413],[6.902719,4.885437],[6.902686,4.885292],[6.902747,4.885278],[6.902793,4.885267],[6.902826,4.885413]]]}},{"type":"Feature","properties":{"h":3.0,"on_route":false},"geometry":{"type":"Polygon","coordinates":[[[6.902816,4.884866],[6.902767,4.884905],[6.902728,4.884856],[6.902777,4.884817],[6.902816,4.884866]]]}},{"type":"Feature","properties":{"h":3.0,"on_route":false},"geometry":{"type":"Polygon","coordinates":[[[6.903019,4.886791],[6.903014,4.886851],[6.902953,4.886846],[6.902959,4.886785],[6.903019,4.886791]]]}},{"type":"Feature","properties":{"h":3.0,"on_route":false},"geometry":{"type":"Polygon","coordinates":[[[6.900993,4.887448],[6.900994,4.887413],[6.901075,4.887417],[6.901072,4.887495],[6.900963,4.88749],[6.900965,4.887447],[6.900993,4.887448]]]}},{"type":"Feature","properties":{"h":3.0,"on_route":false},"geometry":{"type":"Polygon","coordinates":[[[6.901635,4.885912],[6.901527,4.885971],[6.901503,4.885927],[6.901611,4.885868],[6.901635,4.885912]]]}},{"type":"Feature","properties":{"h":3.0,"on_route":false},"geometry":{"type":"Polygon","coordinates":[[[6.901413,4.888747],[6.901345,4.88882],[6.901299,4.888777],[6.901367,4.888704],[6.901413,4.888747]]]}},{"type":"Feature","properties":{"h":3.0,"on_route":false},"geometry":{"type":"Polygon","coordinates":[[[6.901805,4.887834],[6.901683,4.887843],[6.901685,4.887865],[6.901597,4.887872],[6.901592,4.887805],[6.90163,4.887802],[6.901627,4.887768],[6.901647,4.887766],[6.901645,4.887742],[6.901797,4.88773],[6.901805,4.887834]]]}},{"type":"Feature","properties":{"h":3.0,"on_route":false},"geometry":{"type":"Polygon","coordinates":[[[6.899426,4.886341],[6.899395,4.886335],[6.899415,4.886216],[6.899446,4.886221],[6.899426,4.886341]]]}},{"type":"Feature","properties":{"h":3.0,"on_route":false},"geometry":{"type":"Polygon","coordinates":[[[6.902378,4.884827],[6.902408,4.884863],[6.902449,4.88483],[6.902564,4.884972],[6.902472,4.885046],[6.902328,4.884867],[6.902378,4.884827]]]}},{"type":"Feature","properties":{"h":3.0,"on_route":false},"geometry":{"type":"Polygon","coordinates":[[[6.902053,4.886476],[6.902059,4.886564],[6.902088,4.886562],[6.902092,4.886626],[6.90212,4.886624],[6.902115,4.88656],[6.90217,4.886556],[6.902183,4.88674],[6.902043,4.88675],[6.902033,4.88661],[6.901983,4.886614],[6.901973,4.886482],[6.902053,4.886476]]]}},{"type":"Feature","properties":{"h":3.0,"on_route":false},"geometry":{"type":"Polygon","coordinates":[[[6.902377,4.883964],[6.902284,4.884044],[6.902093,4.883822],[6.902186,4.883742],[6.902377,4.883964]]]}},{"type":"Feature","properties":{"h":3.0,"on_route":false},"geometry":{"type":"Polygon","coordinates":[[[6.902331,4.885148],[6.902242,4.885204],[6.902129,4.885025],[6.902217,4.884969],[6.902331,4.885148]]]}},{"type":"Feature","properties":{"h":3.0,"on_route":false},"geometry":{"type":"Polygon","coordinates":[[[6.901669,4.888589],[6.901606,4.888656],[6.901443,4.888501],[6.901506,4.888435],[6.901669,4.888589]]]}},{"type":"Feature","properties":{"h":3.0,"on_route":false},"geometry":{"type":"Polygon","coordinates":[[[6.90181,4.886284],[6.901741,4.886297],[6.90173,4.88624],[6.901799,4.886226],[6.90181,4.886284]]]}},{"type":"Feature","properties":{"h":3.0,"on_route":false},"geometry":{"type":"Polygon","coordinates":[[[6.903057,4.883836],[6.902969,4.883898],[6.90291,4.883813],[6.902998,4.883751],[6.903057,4.883836]]]}},{"type":"Feature","properties":{"h":3.0,"on_route":false},"geometry":{"type":"Polygon","coordinates":[[[6.899377,4.888563],[6.899327,4.888666],[6.899265,4.888636],[6.899315,4.888533],[6.899377,4.888563]]]}},{"type":"Feature","properties":{"h":3.0,"on_route":false},"geometry":{"type":"Polygon","coordinates":[[[6.900405,4.887234],[6.900388,4.887309],[6.900292,4.887287],[6.900309,4.887212],[6.900405,4.887234]]]}},{"type":"Feature","properties":{"h":3.0,"on_route":false},"geometry":{"type":"Polygon","coordinates":[[[6.898333,4.884549],[6.898121,4.88529],[6.897878,4.88522],[6.898089,4.88448],[6.898333,4.884549]]]}},{"type":"Feature","properties":{"h":3.0,"on_route":false},"geometry":{"type":"Polygon","coordinates":[[[6.900113,4.886905],[6.900098,4.886938],[6.900122,4.886949],[6.900104,4.886989],[6.899927,4.886906],[6.89996,4.886834],[6.900113,4.886905]]]}},{"type":"Feature","properties":{"h":3.0,"on_route":false},"geometry":{"type":"Polygon","coordinates":[[[6.900968,4.888814],[6.900939,4.888853],[6.9009,4.888824],[6.900929,4.888785],[6.900968,4.888814]]]}},{"type":"Feature","properties":{"h":3.0,"on_route":false},"geometry":{"type":"Polygon","coordinates":[[[6.899745,4.888214],[6.899676,4.888187],[6.899738,4.888026],[6.899806,4.888052],[6.899745,4.888214]]]}},{"type":"Feature","properties":{"h":3.0,"on_route":false},"geometry":{"type":"Polygon","coordinates":[[[6.903056,4.884627],[6.903073,4.884658],[6.903046,4.884673],[6.903028,4.884642],[6.903056,4.884627]]]}},{"type":"Feature","properties":{"h":3.0,"on_route":false},"geometry":{"type":"Polygon","coordinates":[[[6.899013,4.88844],[6.899003,4.888479],[6.898909,4.888455],[6.898919,4.888416],[6.899013,4.88844]]]}},{"type":"Feature","properties":{"h":3.0,"on_route":false},"geometry":{"type":"Polygon","coordinates":[[[6.900893,4.886281],[6.900905,4.886355],[6.900859,4.886362],[6.900847,4.886288],[6.900893,4.886281]]]}},{"type":"Feature","properties":{"h":3.0,"on_route":false},"geometry":{"type":"Polygon","coordinates":[[[6.901051,4.887341],[6.901047,4.887378],[6.901013,4.887375],[6.901016,4.887338],[6.901051,4.887341]]]}},{"type":"Feature","properties":{"h":3.0,"on_route":false},"geometry":{"type":"Polygon","coordinates":[[[6.898978,4.8885],[6.898939,4.888637],[6.898898,4.888625],[6.898937,4.888488],[6.898978,4.8885]]]}},{"type":"Feature","properties":{"h":3.0,"on_route":false},"geometry":{"type":"Polygon","coordinates":[[[6.90285,4.886484],[6.902847,4.886526],[6.902823,4.886524],[6.902826,4.886482],[6.90285,4.886484]]]}},{"type":"Feature","properties":{"h":3.0,"on_route":false},"geometry":{"type":"Polygon","coordinates":[[[6.90147,4.88598],[6.901388,4.886006],[6.901367,4.88594],[6.90145,4.885914],[6.90147,4.88598]]]}},{"type":"Feature","properties":{"h":3.0,"on_route":false},"geometry":{"type":"Polygon","coordinates":[[[6.900637,4.881752],[6.900618,4.881766],[6.900643,4.881798],[6.900597,4.881834],[6.900507,4.88172],[6.900572,4.881669],[6.900637,4.881752]]]}},{"type":"Feature","properties":{"h":3.0,"on_route":false},"geometry":{"type":"Polygon","coordinates":[[[6.902271,4.887584],[6.902273,4.887623],[6.902219,4.887626],[6.902217,4.887586],[6.902271,4.887584]]]}},{"type":"Feature","properties":{"h":3.0,"on_route":false},"geometry":{"type":"Polygon","coordinates":[[[6.897449,4.884136],[6.897428,4.884161],[6.897325,4.884077],[6.897346,4.884051],[6.897449,4.884136]]]}},{"type":"Feature","properties":{"h":3.0,"on_route":false},"geometry":{"type":"Polygon","coordinates":[[[6.900356,4.886955],[6.900351,4.886987],[6.900281,4.886977],[6.900286,4.886945],[6.900356,4.886955]]]}},{"type":"Feature","properties":{"h":3.0,"on_route":false},"geometry":{"type":"Polygon","coordinates":[[[6.902964,4.884719],[6.902902,4.884769],[6.902849,4.884703],[6.902911,4.884653],[6.902964,4.884719]]]}},{"type":"Feature","properties":{"h":3.0,"on_route":false},"geometry":{"type":"Polygon","coordinates":[[[6.90237,4.882736],[6.902336,4.882704],[6.902393,4.882643],[6.902426,4.882674],[6.90237,4.882736]]]}},{"type":"Feature","properties":{"h":3.0,"on_route":false},"geometry":{"type":"Polygon","coordinates":[[[6.901049,4.888276],[6.901396,4.888283],[6.901395,4.888337],[6.901357,4.888336],[6.901355,4.88844],[6.901046,4.888433],[6.901049,4.888276]]]}},{"type":"Feature","properties":{"h":3.0,"on_route":false},"geometry":{"type":"Polygon","coordinates":[[[6.900924,4.880769],[6.900711,4.880779],[6.900697,4.880442],[6.900909,4.880433],[6.900924,4.880769]]]}},{"type":"Feature","properties":{"h":3.0,"on_route":false},"geometry":{"type":"Polygon","coordinates":[[[6.898835,4.882704],[6.898842,4.882745],[6.898803,4.882752],[6.898795,4.882712],[6.898835,4.882704]]]}},{"type":"Feature","properties":{"h":3.0,"on_route":false},"geometry":{"type":"Polygon","coordinates":[[[6.898095,4.888263],[6.898104,4.888235],[6.89823,4.888274],[6.898205,4.888356],[6.8981,4.888324],[6.898108,4.888297],[6.89805,4.888279],[6.898058,4.888252],[6.898095,4.888263]]]}},{"type":"Feature","properties":{"h":3.0,"on_route":false},"geometry":{"type":"Polygon","coordinates":[[[6.899453,4.888098],[6.899429,4.88817],[6.899381,4.888154],[6.899406,4.888082],[6.899453,4.888098]]]}},{"type":"Feature","properties":{"h":3.0,"on_route":false},"geometry":{"type":"Polygon","coordinates":[[[6.902378,4.884827],[6.902328,4.884867],[6.902308,4.884843],[6.902358,4.884802],[6.902378,4.884827]]]}},{"type":"Feature","properties":{"h":3.0,"on_route":false},"geometry":{"type":"Polygon","coordinates":[[[6.899649,4.888141],[6.899601,4.888106],[6.899698,4.887969],[6.899746,4.888004],[6.899649,4.888141]]]}},{"type":"Feature","properties":{"h":3.0,"on_route":false},"geometry":{"type":"Polygon","coordinates":[[[6.902528,4.885612],[6.902486,4.885645],[6.902454,4.885603],[6.902421,4.885628],[6.902478,4.885702],[6.902511,4.885677],[6.902569,4.885752],[6.902536,4.885777],[6.902513,4.885747],[6.902492,4.885763],[6.902347,4.885573],[6.902442,4.8855],[6.902528,4.885612]]]}},{"type":"Feature","properties":{"h":3.0,"on_route":false},"geometry":{"type":"Polygon","coordinates":[[[6.898764,4.888587],[6.898728,4.888715],[6.898687,4.888703],[6.898723,4.888576],[6.898764,4.888587]]]}},{"type":"Feature","properties":{"h":3.0,"on_route":false},"geometry":{"type":"Polygon","coordinates":[[[6.902466,4.887772],[6.902473,4.887814],[6.902432,4.887821],[6.902425,4.887779],[6.902466,4.887772]]]}},{"type":"Feature","properties":{"h":3.0,"on_route":false},"geometry":{"type":"Polygon","coordinates":[[[6.901964,4.884761],[6.901885,4.884838],[6.901848,4.8848],[6.901927,4.884722],[6.901964,4.884761]]]}},{"type":"Feature","properties":{"h":3.0,"on_route":false},"geometry":{"type":"Polygon","coordinates":[[[6.902272,4.886184],[6.902203,4.886209],[6.902153,4.886068],[6.902221,4.886043],[6.902272,4.886184]]]}},{"type":"Feature","properties":{"h":3.0,"on_route":false},"geometry":{"type":"Polygon","coordinates":[[[6.898678,4.88789],[6.898674,4.887913],[6.898583,4.887898],[6.898587,4.887876],[6.898678,4.88789]]]}},{"type":"Feature","properties":{"h":3.0,"on_route":false},"geometry":{"type":"Polygon","coordinates":[[[6.898015,4.885704],[6.898001,4.885743],[6.897973,4.885733],[6.897987,4.885693],[6.898015,4.885704]]]}},{"type":"Feature","properties":{"h":3.0,"on_route":false},"geometry":{"type":"Polygon","coordinates":[[[6.898473,4.884862],[6.898414,4.884844],[6.898442,4.88475],[6.898462,4.884756],[6.898484,4.884685],[6.898523,4.884697],[6.898473,4.884862]]]}},{"type":"Feature","properties":{"h":3.0,"on_route":false},"geometry":{"type":"Polygon","coordinates":[[[6.901737,4.887537],[6.901691,4.887521],[6.901727,4.887418],[6.901773,4.887434],[6.901737,4.887537]]]}},{"type":"Feature","properties":{"h":3.0,"on_route":false},"geometry":{"type":"Polygon","coordinates":[[[6.89706,4.885547],[6.89706,4.885615],[6.897028,4.885615],[6.897029,4.885547],[6.89706,4.885547]]]}},{"type":"Feature","properties":{"h":3.0,"on_route":false},"geometry":{"type":"Polygon","coordinates":[[[6.902926,4.886003],[6.902921,4.886059],[6.902875,4.886055],[6.90288,4.885998],[6.902926,4.886003]]]}},{"type":"Feature","properties":{"h":3.0,"on_route":false},"geometry":{"type":"Polygon","coordinates":[[[6.899251,4.885468],[6.899202,4.885652],[6.898921,4.885577],[6.89897,4.885393],[6.899251,4.885468]]]}},{"type":"Feature","properties":{"h":3.0,"on_route":false},"geometry":{"type":"Polygon","coordinates":[[[6.901692,4.884672],[6.901606,4.884737],[6.901579,4.884701],[6.901665,4.884637],[6.901692,4.884672]]]}},{"type":"Feature","properties":{"h":3.0,"on_route":false},"geometry":{"type":"Polygon","coordinates":[[[6.899798,4.887477],[6.899731,4.887615],[6.899626,4.887564],[6.899694,4.887426],[6.899798,4.887477]]]}},{"type":"Feature","properties":{"h":3.0,"on_route":false},"geometry":{"type":"Polygon","coordinates":[[[6.898877,4.88851],[6.898868,4.888545],[6.89873,4.888509],[6.898739,4.888474],[6.898877,4.88851]]]}},{"type":"Feature","properties":{"h":3.0,"on_route":false},"geometry":{"type":"Polygon","coordinates":[[[6.902873,4.886803],[6.90287,4.886838],[6.902799,4.886832],[6.902802,4.886798],[6.902873,4.886803]]]}},{"type":"Feature","properties":{"h":3.0,"on_route":false},"geometry":{"type":"Polygon","coordinates":[[[6.901957,4.887915],[6.901853,4.887943],[6.901821,4.887826],[6.901925,4.887797],[6.901957,4.887915]]]}},{"type":"Feature","properties":{"h":3.0,"on_route":false},"geometry":{"type":"Polygon","coordinates":[[[6.900551,4.886886],[6.900541,4.886994],[6.900487,4.886989],[6.900497,4.886882],[6.900551,4.886886]]]}},{"type":"Feature","properties":{"h":3.0,"on_route":false},"geometry":{"type":"Polygon","coordinates":[[[6.900593,4.887703],[6.900526,4.887818],[6.900499,4.887802],[6.900567,4.887687],[6.900593,4.887703]]]}},{"type":"Feature","properties":{"h":3.0,"on_route":false},"geometry":{"type":"Polygon","coordinates":[[[6.900528,4.885642],[6.900469,4.885737],[6.900449,4.885725],[6.900508,4.88563],[6.900528,4.885642]]]}},{"type":"Feature","properties":{"h":3.0,"on_route":false},"geometry":{"type":"Polygon","coordinates":[[[6.897442,4.886444],[6.897184,4.886541],[6.897026,4.886117],[6.897284,4.88602],[6.897442,4.886444]]]}},{"type":"Feature","properties":{"h":3.0,"on_route":false},"geometry":{"type":"Polygon","coordinates":[[[6.900476,4.887986],[6.900409,4.888296],[6.900499,4.888316],[6.900484,4.888384],[6.900247,4.888332],[6.900262,4.888264],[6.900292,4.88827],[6.900359,4.887961],[6.900476,4.887986]]]}},{"type":"Feature","properties":{"h":3.0,"on_route":false},"geometry":{"type":"Polygon","coordinates":[[[6.898925,4.888522],[6.89891,4.88858],[6.898879,4.888572],[6.898894,4.888514],[6.898925,4.888522]]]}},{"type":"Feature","properties":{"h":3.0,"on_route":false},"geometry":{"type":"Polygon","coordinates":[[[6.901255,4.884691],[6.901212,4.884686],[6.901216,4.884649],[6.901259,4.884654],[6.901255,4.884691]]]}},{"type":"Feature","properties":{"h":3.0,"on_route":false},"geometry":{"type":"Polygon","coordinates":[[[6.903127,4.885139],[6.903022,4.885205],[6.902948,4.885087],[6.903053,4.885021],[6.903127,4.885139]]]}},{"type":"Feature","properties":{"h":3.0,"on_route":false},"geometry":{"type":"Polygon","coordinates":[[[6.901242,4.884629],[6.901196,4.884657],[6.901161,4.884599],[6.901207,4.884571],[6.901242,4.884629]]]}},{"type":"Feature","properties":{"h":3.0,"on_route":false},"geometry":{"type":"Polygon","coordinates":[[[6.900524,4.886829],[6.900425,4.886837],[6.900402,4.886556],[6.900502,4.886548],[6.900524,4.886829]]]}},{"type":"Feature","properties":{"h":3.0,"on_route":false},"geometry":{"type":"Polygon","coordinates":[[[6.90117,4.884968],[6.901066,4.885026],[6.901043,4.884985],[6.901148,4.884927],[6.90117,4.884968]]]}},{"type":"Feature","properties":{"h":3.0,"on_route":false},"geometry":{"type":"Polygon","coordinates":[[[6.902935,4.88569],[6.90279,4.885697],[6.902786,4.885612],[6.902931,4.885605],[6.902935,4.88569]]]}},{"type":"Feature","properties":{"h":3.0,"on_route":false},"geometry":{"type":"Polygon","coordinates":[[[6.900751,4.886809],[6.900747,4.886867],[6.900705,4.886864],[6.900709,4.886806],[6.900751,4.886809]]]}},{"type":"Feature","properties":{"h":3.0,"on_route":true},"geometry":{"type":"Polygon","coordinates":[[[6.899095,4.884525],[6.899061,4.884642],[6.898989,4.884621],[6.899023,4.884504],[6.899095,4.884525]]]}},{"type":"Feature","properties":{"h":3.0,"on_route":true},"geometry":{"type":"Polygon","coordinates":[[[6.898817,4.884524],[6.898802,4.884578],[6.898707,4.884552],[6.898722,4.884498],[6.898817,4.884524]]]}},{"type":"Feature","properties":{"h":3.0,"on_route":false},"geometry":{"type":"Polygon","coordinates":[[[6.902428,4.884991],[6.902401,4.885013],[6.902414,4.88503],[6.902403,4.885039],[6.902333,4.884952],[6.902371,4.884921],[6.902428,4.884991]]]}},{"type":"Feature","properties":{"h":3.0,"on_route":false},"geometry":{"type":"Polygon","coordinates":[[[6.898051,4.888028],[6.89804,4.888102],[6.89799,4.888094],[6.898002,4.88802],[6.898051,4.888028]]]}},{"type":"Feature","properties":{"h":3.0,"on_route":false},"geometry":{"type":"Polygon","coordinates":[[[6.901293,4.8861],[6.901246,4.886126],[6.901259,4.88615],[6.901213,4.886175],[6.901161,4.886079],[6.901254,4.886028],[6.901293,4.8861]]]}},{"type":"Feature","properties":{"h":3.0,"on_route":false},"geometry":{"type":"Polygon","coordinates":[[[6.9028,4.882074],[6.902804,4.882104],[6.90277,4.882108],[6.902766,4.882079],[6.9028,4.882074]]]}},{"type":"Feature","properties":{"h":3.0,"on_route":false},"geometry":{"type":"Polygon","coordinates":[[[6.900516,4.885483],[6.900459,4.885586],[6.900413,4.88556],[6.90047,4.885457],[6.900516,4.885483]]]}},{"type":"Feature","properties":{"h":3.0,"on_route":false},"geometry":{"type":"Polygon","coordinates":[[[6.901144,4.888155],[6.901144,4.888177],[6.901099,4.888177],[6.901099,4.888155],[6.901144,4.888155]]]}},{"type":"Feature","properties":{"h":3.0,"on_route":false},"geometry":{"type":"Polygon","coordinates":[[[6.901578,4.886539],[6.90154,4.886628],[6.901422,4.886578],[6.90146,4.886489],[6.901578,4.886539]]]}},{"type":"Feature","properties":{"h":3.0,"on_route":false},"geometry":{"type":"Polygon","coordinates":[[[6.901678,4.885071],[6.901586,4.885123],[6.901544,4.88505],[6.901549,4.885047],[6.901527,4.885008],[6.901615,4.884958],[6.901678,4.885071]]]}},{"type":"Feature","properties":{"h":3.0,"on_route":false},"geometry":{"type":"Polygon","coordinates":[[[6.901225,4.888653],[6.901194,4.888693],[6.901076,4.888601],[6.901107,4.888561],[6.901225,4.888653]]]}},{"type":"Feature","properties":{"h":3.0,"on_route":false},"geometry":{"type":"Polygon","coordinates":[[[6.902036,4.887993],[6.901985,4.888006],[6.90196,4.887914],[6.902011,4.8879],[6.902036,4.887993]]]}},{"type":"Feature","properties":{"h":3.0,"on_route":false},"geometry":{"type":"Polygon","coordinates":[[[6.902803,4.886004],[6.902706,4.886027],[6.902688,4.885948],[6.902785,4.885925],[6.902803,4.886004]]]}},{"type":"Feature","properties":{"h":3.0,"on_route":false},"geometry":{"type":"Polygon","coordinates":[[[6.903356,4.883645],[6.903341,4.883655],[6.903412,4.883759],[6.903376,4.883784],[6.903386,4.883798],[6.903343,4.883828],[6.903244,4.883685],[6.903338,4.88362],[6.903356,4.883645]]]}},{"type":"Feature","properties":{"h":3.0,"on_route":false},"geometry":{"type":"Polygon","coordinates":[[[6.899415,4.888716],[6.89939,4.888698],[6.899453,4.88861],[6.899478,4.888628],[6.899415,4.888716]]]}},{"type":"Feature","properties":{"h":3.0,"on_route":false},"geometry":{"type":"Polygon","coordinates":[[[6.900803,4.88189],[6.900778,4.881927],[6.90074,4.881901],[6.900764,4.881864],[6.900803,4.88189]]]}},{"type":"Feature","properties":{"h":3.0,"on_route":false},"geometry":{"type":"Polygon","coordinates":[[[6.901373,4.887267],[6.901305,4.887293],[6.901259,4.887177],[6.901328,4.88715],[6.901373,4.887267]]]}},{"type":"Feature","properties":{"h":3.0,"on_route":false},"geometry":{"type":"Polygon","coordinates":[[[6.900526,4.887824],[6.900508,4.887854],[6.900476,4.887833],[6.900494,4.887804],[6.900526,4.887824]]]}},{"type":"Feature","properties":{"h":3.0,"on_route":false},"geometry":{"type":"Polygon","coordinates":[[[6.898034,4.884673],[6.897945,4.884987],[6.897858,4.884962],[6.897948,4.884648],[6.898034,4.884673]]]}},{"type":"Feature","properties":{"h":3.0,"on_route":false},"geometry":{"type":"Polygon","coordinates":[[[6.900834,4.885006],[6.900797,4.885022],[6.900813,4.884964],[6.900843,4.884973],[6.900834,4.885006]]]}},{"type":"Feature","properties":{"h":3.0,"on_route":false},"geometry":{"type":"Polygon","coordinates":[[[6.902578,4.884586],[6.902563,4.884568],[6.902555,4.884575],[6.902539,4.884555],[6.902507,4.884581],[6.902491,4.884561],[6.902591,4.884482],[6.902636,4.88454],[6.902578,4.884586]]]}},{"type":"Feature","properties":{"h":3.0,"on_route":false},"geometry":{"type":"Polygon","coordinates":[[[6.901858,4.884664],[6.90178,4.884728],[6.901729,4.884666],[6.901807,4.884602],[6.901858,4.884664]]]}},{"type":"Feature","properties":{"h":3.0,"on_route":false},"geometry":{"type":"Polygon","coordinates":[[[6.901981,4.886069],[6.901885,4.886108],[6.901863,4.886052],[6.901898,4.886037],[6.90189,4.886019],[6.901918,4.886008],[6.901925,4.886026],[6.901959,4.886013],[6.901981,4.886069]]]}},{"type":"Feature","properties":{"h":3.0,"on_route":false},"geometry":{"type":"Polygon","coordinates":[[[6.899461,4.888346],[6.89942,4.88845],[6.899311,4.888406],[6.899352,4.888302],[6.899461,4.888346]]]}},{"type":"Feature","properties":{"h":3.0,"on_route":false},"geometry":{"type":"Polygon","coordinates":[[[6.901628,4.88275],[6.901618,4.88278],[6.901586,4.88277],[6.901596,4.88274],[6.901628,4.88275]]]}},{"type":"Feature","properties":{"h":3.0,"on_route":false},"geometry":{"type":"Polygon","coordinates":[[[6.900922,4.886479],[6.900916,4.886622],[6.900865,4.88662],[6.900868,4.886539],[6.900851,4.886538],[6.900853,4.886477],[6.900922,4.886479]]]}},{"type":"Feature","properties":{"h":3.0,"on_route":false},"geometry":{"type":"Polygon","coordinates":[[[6.901173,4.885179],[6.90121,4.885272],[6.901155,4.885294],[6.901145,4.885268],[6.901114,4.885281],[6.901087,4.885213],[6.901173,4.885179]]]}},{"type":"Feature","properties":{"h":3.0,"on_route":false},"geometry":{"type":"Polygon","coordinates":[[[6.90258,4.885873],[6.902483,4.885935],[6.902441,4.88587],[6.902464,4.885855],[6.902444,4.885826],[6.902519,4.885777],[6.90258,4.885873]]]}},{"type":"Feature","properties":{"h":3.0,"on_route":false},"geometry":{"type":"Polygon","coordinates":[[[6.902205,4.884952],[6.902143,4.885001],[6.902076,4.884915],[6.902138,4.884866],[6.902205,4.884952]]]}},{"type":"Feature","properties":{"h":3.0,"on_route":false},"geometry":{"type":"Polygon","coordinates":[[[6.901033,4.888006],[6.901029,4.88805],[6.900914,4.888039],[6.900913,4.888048],[6.900895,4.888046],[6.9009,4.887994],[6.901033,4.888006]]]}},{"type":"Feature","properties":{"h":3.0,"on_route":false},"geometry":{"type":"Polygon","coordinates":[[[6.898656,4.888511],[6.898638,4.888579],[6.898546,4.888556],[6.898564,4.888487],[6.898656,4.888511]]]}},{"type":"Feature","properties":{"h":3.0,"on_route":false},"geometry":{"type":"Polygon","coordinates":[[[6.901968,4.887166],[6.90197,4.887195],[6.901996,4.887194],[6.90201,4.887451],[6.901932,4.887455],[6.901931,4.887436],[6.90191,4.887437],[6.901895,4.88717],[6.901968,4.887166]]]}},{"type":"Feature","properties":{"h":3.0,"on_route":false},"geometry":{"type":"Polygon","coordinates":[[[6.901947,4.88631],[6.901899,4.886332],[6.901857,4.886239],[6.901904,4.886217],[6.901947,4.88631]]]}},{"type":"Feature","properties":{"h":3.0,"on_route":false},"geometry":{"type":"Polygon","coordinates":[[[6.90294,4.8854],[6.902833,4.885416],[6.902813,4.885285],[6.90292,4.885269],[6.90294,4.8854]]]}},{"type":"Feature","properties":{"h":3.0,"on_route":false},"geometry":{"type":"Polygon","coordinates":[[[6.902151,4.886986],[6.902151,4.887018],[6.90225,4.887019],[6.902249,4.887137],[6.90208,4.887135],[6.902081,4.886986],[6.902151,4.886986]]]}},{"type":"Feature","properties":{"h":3.0,"on_route":false},"geometry":{"type":"Polygon","coordinates":[[[6.90132,4.887513],[6.90126,4.887529],[6.901247,4.887481],[6.901307,4.887465],[6.90132,4.887513]]]}},{"type":"Feature","properties":{"h":3.0,"on_route":false},"geometry":{"type":"Polygon","coordinates":[[[6.902295,4.884724],[6.902245,4.884764],[6.902159,4.884657],[6.902209,4.884616],[6.902295,4.884724]]]}},{"type":"Feature","properties":{"h":3.0,"on_route":false},"geometry":{"type":"Polygon","coordinates":[[[6.902945,4.885772],[6.90294,4.885821],[6.902866,4.885813],[6.902871,4.885765],[6.902945,4.885772]]]}},{"type":"Feature","properties":{"h":3.0,"on_route":false},"geometry":{"type":"Polygon","coordinates":[[[6.898847,4.882616],[6.898803,4.882653],[6.898746,4.882585],[6.89879,4.882547],[6.898847,4.882616]]]}},{"type":"Feature","properties":{"h":3.0,"on_route":false},"geometry":{"type":"Polygon","coordinates":[[[6.902885,4.883893],[6.902838,4.88394],[6.902734,4.883831],[6.902782,4.883785],[6.902885,4.883893]]]}},{"type":"Feature","properties":{"h":3.0,"on_route":false},"geometry":{"type":"Polygon","coordinates":[[[6.900429,4.882622],[6.900373,4.882552],[6.900501,4.882448],[6.900558,4.882518],[6.900429,4.882622]]]}},{"type":"Feature","properties":{"h":3.0,"on_route":false},"geometry":{"type":"Polygon","coordinates":[[[6.902931,4.885945],[6.902926,4.886003],[6.902837,4.885995],[6.902842,4.885938],[6.902931,4.885945]]]}},{"type":"Feature","properties":{"h":3.0,"on_route":false},"geometry":{"type":"Polygon","coordinates":[[[6.901234,4.886998],[6.90123,4.887031],[6.901188,4.887026],[6.901192,4.886993],[6.901234,4.886998]]]}},{"type":"Feature","properties":{"h":3.0,"on_route":false},"geometry":{"type":"Polygon","coordinates":[[[6.90257,4.887172],[6.902584,4.887281],[6.902512,4.88729],[6.902497,4.887182],[6.90257,4.887172]]]}},{"type":"Feature","properties":{"h":3.0,"on_route":false},"geometry":{"type":"Polygon","coordinates":[[[6.901163,4.88796],[6.901151,4.888034],[6.90088,4.887991],[6.900891,4.887917],[6.901163,4.88796]]]}},{"type":"Feature","properties":{"h":3.0,"on_route":false},"geometry":{"type":"Polygon","coordinates":[[[6.899786,4.88777],[6.899781,4.887799],[6.899757,4.887795],[6.899761,4.887766],[6.899786,4.88777]]]}},{"type":"Feature","properties":{"h":3.0,"on_route":false},"geometry":{"type":"Polygon","coordinates":[[[6.902812,4.887136],[6.902759,4.887146],[6.902748,4.88709],[6.9028,4.887079],[6.902812,4.887136]]]}},{"type":"Feature","properties":{"h":3.0,"on_route":false},"geometry":{"type":"Polygon","coordinates":[[[6.902898,4.884769],[6.902866,4.884801],[6.902808,4.884744],[6.902839,4.884712],[6.902898,4.884769]]]}},{"type":"Feature","properties":{"h":3.0,"on_route":false},"geometry":{"type":"Polygon","coordinates":[[[6.902071,4.886872],[6.902074,4.886943],[6.901993,4.886947],[6.901989,4.886876],[6.902071,4.886872]]]}},{"type":"Feature","properties":{"h":3.0,"on_route":false},"geometry":{"type":"Polygon","coordinates":[[[6.899181,4.886136],[6.899178,4.886291],[6.899073,4.886289],[6.899072,4.886333],[6.898873,4.886329],[6.898874,4.886285],[6.898634,4.886281],[6.898637,4.886126],[6.899181,4.886136]]]}},{"type":"Feature","properties":{"h":3.0,"on_route":false},"geometry":{"type":"Polygon","coordinates":[[[6.899499,4.887268],[6.899409,4.887571],[6.899298,4.887537],[6.899388,4.887235],[6.899499,4.887268]]]}},{"type":"Feature","properties":{"h":3.0,"on_route":false},"geometry":{"type":"Polygon","coordinates":[[[6.901201,4.884101],[6.901011,4.884254],[6.900897,4.884111],[6.901087,4.883958],[6.901201,4.884101]]]}},{"type":"Feature","properties":{"h":3.0,"on_route":false},"geometry":{"type":"Polygon","coordinates":[[[6.89893,4.885405],[6.89889,4.885541],[6.89886,4.885532],[6.898889,4.885433],[6.898833,4.885417],[6.898843,4.88538],[6.89893,4.885405]]]}},{"type":"Feature","properties":{"h":3.0,"on_route":false},"geometry":{"type":"Polygon","coordinates":[[[6.898613,4.888499],[6.898563,4.888485],[6.898596,4.888367],[6.898646,4.888381],[6.898613,4.888499]]]}},{"type":"Feature","properties":{"h":3.0,"on_route":false},"geometry":{"type":"Polygon","coordinates":[[[6.901324,4.885742],[6.901201,4.885777],[6.901185,4.885721],[6.901308,4.885685],[6.901324,4.885742]]]}},{"type":"Feature","properties":{"h":3.0,"on_route":false},"geometry":{"type":"Polygon","coordinates":[[[6.900671,4.882509],[6.900557,4.882602],[6.900518,4.882554],[6.900632,4.882461],[6.900671,4.882509]]]}},{"type":"Feature","properties":{"h":3.0,"on_route":false},"geometry":{"type":"Polygon","coordinates":[[[6.902287,4.887202],[6.902147,4.8872],[6.902145,4.887287],[6.902243,4.887289],[6.902242,4.88733],[6.902093,4.887327],[6.902094,4.887258],[6.902012,4.887256],[6.902014,4.887152],[6.902288,4.887158],[6.902287,4.887202]]]}},{"type":"Feature","properties":{"h":3.0,"on_route":false},"geometry":{"type":"Polygon","coordinates":[[[6.90118,4.885599],[6.901059,4.885647],[6.901035,4.885588],[6.901156,4.88554],[6.90118,4.885599]]]}},{"type":"Feature","properties":{"h":3.0,"on_route":false},"geometry":{"type":"Polygon","coordinates":[[[6.899263,4.889037],[6.89923,4.889107],[6.899136,4.889061],[6.89917,4.888991],[6.899263,4.889037]]]}},{"type":"Feature","properties":{"h":3.0,"on_route":false},"geometry":{"type":"Polygon","coordinates":[[[6.901513,4.886669],[6.90151,4.886759],[6.901558,4.886761],[6.901557,4.886809],[6.901449,4.886805],[6.90145,4.886788],[6.901396,4.886786],[6.9014,4.886666],[6.901513,4.886669]]]}},{"type":"Feature","properties":{"h":3.0,"on_route":false},"geometry":{"type":"Polygon","coordinates":[[[6.900131,4.88639],[6.900065,4.886487],[6.900046,4.886474],[6.900112,4.886376],[6.900131,4.88639]]]}},{"type":"Feature","properties":{"h":3.0,"on_route":false},"geometry":{"type":"Polygon","coordinates":[[[6.900833,4.882254],[6.900851,4.882241],[6.900891,4.882299],[6.900873,4.882311],[6.900897,4.882346],[6.900775,4.882431],[6.90069,4.882309],[6.900732,4.88228],[6.900722,4.882265],[6.900801,4.882209],[6.900833,4.882254]]]}},{"type":"Feature","properties":{"h":3.0,"on_route":false},"geometry":{"type":"Polygon","coordinates":[[[6.902485,4.88705],[6.902357,4.887067],[6.90234,4.886944],[6.902468,4.886926],[6.902485,4.88705]]]}},{"type":"Feature","properties":{"h":3.0,"on_route":false},"geometry":{"type":"Polygon","coordinates":[[[6.902039,4.88413],[6.901985,4.884164],[6.90201,4.884205],[6.901789,4.884344],[6.901739,4.884264],[6.902014,4.884091],[6.902039,4.88413]]]}},{"type":"Feature","properties":{"h":3.0,"on_route":false},"geometry":{"type":"Polygon","coordinates":[[[6.898231,4.887821],[6.89822,4.887886],[6.898101,4.887866],[6.898112,4.887801],[6.898231,4.887821]]]}},{"type":"Feature","properties":{"h":3.0,"on_route":false},"geometry":{"type":"Polygon","coordinates":[[[6.901969,4.887111],[6.901968,4.887151],[6.901912,4.88715],[6.901913,4.88711],[6.901969,4.887111]]]}},{"type":"Feature","properties":{"h":3.0,"on_route":false},"geometry":{"type":"Polygon","coordinates":[[[6.90186,4.887125],[6.901814,4.887245],[6.901692,4.887199],[6.901738,4.887078],[6.90186,4.887125]]]}},{"type":"Feature","properties":{"h":3.0,"on_route":false},"geometry":{"type":"Polygon","coordinates":[[[6.899646,4.887349],[6.899549,4.887678],[6.899471,4.887654],[6.899568,4.887326],[6.899646,4.887349]]]}},{"type":"Feature","properties":{"h":3.0,"on_route":false},"geometry":{"type":"Polygon","coordinates":[[[6.901178,4.882519],[6.901168,4.882547],[6.901141,4.882537],[6.901151,4.88251],[6.901178,4.882519]]]}},{"type":"Feature","properties":{"h":3.0,"on_route":false},"geometry":{"type":"Polygon","coordinates":[[[6.901185,4.886157],[6.90115,4.886179],[6.901122,4.886133],[6.901157,4.886112],[6.901185,4.886157]]]}},{"type":"Feature","properties":{"h":3.0,"on_route":false},"geometry":{"type":"Polygon","coordinates":[[[6.8989,4.888829],[6.898849,4.888814],[6.898905,4.888627],[6.898956,4.888642],[6.8989,4.888829]]]}},{"type":"Feature","properties":{"h":3.0,"on_route":false},"geometry":{"type":"Polygon","coordinates":[[[6.902075,4.884874],[6.902022,4.884926],[6.901948,4.884851],[6.901922,4.884876],[6.901885,4.884839],[6.901964,4.884761],[6.902075,4.884874]]]}},{"type":"Feature","properties":{"h":3.0,"on_route":false},"geometry":{"type":"Polygon","coordinates":[[[6.903366,4.884133],[6.903292,4.884186],[6.90313,4.88396],[6.903205,4.883906],[6.903366,4.884133]]]}},{"type":"Feature","properties":{"h":3.0,"on_route":false},"geometry":{"type":"Polygon","coordinates":[[[6.897717,4.886402],[6.897755,4.886517],[6.897725,4.886527],[6.897688,4.886412],[6.897717,4.886402]]]}},{"type":"Feature","properties":{"h":3.0,"on_route":false},"geometry":{"type":"Polygon","coordinates":[[[6.902769,4.886187],[6.902757,4.886333],[6.902649,4.886324],[6.902661,4.886178],[6.902769,4.886187]]]}},{"type":"Feature","properties":{"h":3.0,"on_route":false},"geometry":{"type":"Polygon","coordinates":[[[6.90199,4.888017],[6.901902,4.888041],[6.901885,4.887981],[6.901864,4.887987],[6.901852,4.887943],[6.901962,4.887912],[6.90199,4.888017]]]}},{"type":"Feature","properties":{"h":3.0,"on_route":false},"geometry":{"type":"Polygon","coordinates":[[[6.89928,4.888986],[6.899255,4.889034],[6.899187,4.888999],[6.899211,4.888951],[6.89928,4.888986]]]}},{"type":"Feature","properties":{"h":3.0,"on_route":false},"geometry":{"type":"Polygon","coordinates":[[[6.899679,4.887646],[6.899665,4.887687],[6.899737,4.887712],[6.899714,4.887777],[6.899678,4.887765],[6.899663,4.887809],[6.899556,4.887772],[6.899609,4.887621],[6.899679,4.887646]]]}},{"type":"Feature","properties":{"h":3.0,"on_route":false},"geometry":{"type":"Polygon","coordinates":[[[6.902267,4.886436],[6.902273,4.886536],[6.902203,4.88654],[6.902198,4.88644],[6.902267,4.886436]]]}},{"type":"Feature","properties":{"h":3.0,"on_route":false},"geometry":{"type":"Polygon","coordinates":[[[6.900685,4.888052],[6.900651,4.888059],[6.900643,4.888019],[6.900676,4.888012],[6.900685,4.888052]]]}},{"type":"Feature","properties":{"h":3.0,"on_route":false},"geometry":{"type":"Polygon","coordinates":[[[6.901741,4.887543],[6.90173,4.887729],[6.901657,4.887725],[6.901669,4.887538],[6.901741,4.887543]]]}},{"type":"Feature","properties":{"h":3.0,"on_route":false},"geometry":{"type":"Polygon","coordinates":[[[6.899988,4.889246],[6.899857,4.889385],[6.899795,4.889326],[6.899882,4.889233],[6.899873,4.889224],[6.899917,4.889178],[6.899988,4.889246]]]}},{"type":"Feature","properties":{"h":3.0,"on_route":false},"geometry":{"type":"Polygon","coordinates":[[[6.900028,4.887113],[6.899994,4.887183],[6.899835,4.887106],[6.899869,4.887036],[6.900028,4.887113]]]}},{"type":"Feature","properties":{"h":3.0,"on_route":false},"geometry":{"type":"Polygon","coordinates":[[[6.9021,4.887747],[6.902044,4.887763],[6.902032,4.88772],[6.902088,4.887705],[6.9021,4.887747]]]}},{"type":"Feature","properties":{"h":3.0,"on_route":false},"geometry":{"type":"Polygon","coordinates":[[[6.901858,4.886803],[6.901811,4.886806],[6.901806,4.886733],[6.901853,4.88673],[6.901858,4.886803]]]}},{"type":"Feature","properties":{"h":3.0,"on_route":false},"geometry":{"type":"Polygon","coordinates":[[[6.89922,4.883976],[6.899178,4.883964],[6.899215,4.883837],[6.899257,4.883849],[6.89922,4.883976]]]}},{"type":"Feature","properties":{"h":3.0,"on_route":false},"geometry":{"type":"Polygon","coordinates":[[[6.898586,4.887876],[6.898574,4.887957],[6.898394,4.887928],[6.898406,4.887848],[6.898586,4.887876]]]}},{"type":"Feature","properties":{"h":3.0,"on_route":false},"geometry":{"type":"Polygon","coordinates":[[[6.901383,4.885067],[6.901248,4.885106],[6.901228,4.885037],[6.901363,4.884998],[6.901383,4.885067]]]}},{"type":"Feature","properties":{"h":3.0,"on_route":false},"geometry":{"type":"Polygon","coordinates":[[[6.898861,4.887244],[6.898859,4.887364],[6.898591,4.887359],[6.898593,4.887239],[6.898861,4.887244]]]}},{"type":"Feature","properties":{"h":3.0,"on_route":false},"geometry":{"type":"Polygon","coordinates":[[[6.901493,4.885671],[6.901438,4.885698],[6.901407,4.885631],[6.901462,4.885605],[6.901493,4.885671]]]}},{"type":"Feature","properties":{"h":3.0,"on_route":false},"geometry":{"type":"Polygon","coordinates":[[[6.900739,4.887771],[6.90073,4.887807],[6.900693,4.887798],[6.900703,4.887762],[6.900739,4.887771]]]}},{"type":"Feature","properties":{"h":3.0,"on_route":false},"geometry":{"type":"Polygon","coordinates":[[[6.902498,4.88435],[6.902458,4.884382],[6.902354,4.884248],[6.902394,4.884217],[6.902498,4.88435]]]}},{"type":"Feature","properties":{"h":3.0,"on_route":false},"geometry":{"type":"Polygon","coordinates":[[[6.901415,4.885543],[6.901309,4.885576],[6.901268,4.885589],[6.901255,4.885545],[6.901401,4.8855],[6.901415,4.885543]]]}},{"type":"Feature","properties":{"h":3.0,"on_route":false},"geometry":{"type":"Polygon","coordinates":[[[6.901256,4.885399],[6.901134,4.885436],[6.901107,4.885347],[6.90123,4.885311],[6.901256,4.885399]]]}},{"type":"Feature","properties":{"h":3.0,"on_route":false},"geometry":{"type":"Polygon","coordinates":[[[6.895981,4.884906],[6.895871,4.885018],[6.895819,4.884966],[6.895929,4.884854],[6.895981,4.884906]]]}},{"type":"Feature","properties":{"h":3.0,"on_route":false},"geometry":{"type":"Polygon","coordinates":[[[6.902819,4.882603],[6.902731,4.882679],[6.902662,4.882598],[6.902751,4.882522],[6.902819,4.882603]]]}},{"type":"Feature","properties":{"h":3.0,"on_route":false},"geometry":{"type":"Polygon","coordinates":[[[6.901993,4.885192],[6.901941,4.885231],[6.901859,4.885119],[6.901912,4.88508],[6.901993,4.885192]]]}},{"type":"Feature","properties":{"h":3.0,"on_route":false},"geometry":{"type":"Polygon","coordinates":[[[6.901209,4.887423],[6.901268,4.887544],[6.90123,4.887562],[6.901193,4.887487],[6.901156,4.887505],[6.901135,4.88746],[6.901209,4.887423]]]}},{"type":"Feature","properties":{"h":3.0,"on_route":false},"geometry":{"type":"Polygon","coordinates":[[[6.898951,4.888294],[6.89894,4.888335],[6.898785,4.888295],[6.898796,4.888254],[6.898951,4.888294]]]}},{"type":"Feature","properties":{"h":3.0,"on_route":false},"geometry":{"type":"Polygon","coordinates":[[[6.901829,4.884875],[6.901868,4.88485],[6.901947,4.884974],[6.901897,4.885006],[6.901885,4.884986],[6.901864,4.884999],[6.901902,4.885059],[6.901856,4.885089],[6.901741,4.884909],[6.901819,4.884859],[6.901829,4.884875]]]}},{"type":"Feature","properties":{"h":3.0,"on_route":false},"geometry":{"type":"Polygon","coordinates":[[[6.897265,4.88704],[6.897265,4.887067],[6.897245,4.887067],[6.897245,4.887039],[6.897265,4.88704]]]}},{"type":"Feature","properties":{"h":3.0,"on_route":false},"geometry":{"type":"Polygon","coordinates":[[[6.897767,4.886024],[6.897732,4.886161],[6.897684,4.886148],[6.897719,4.886011],[6.897767,4.886024]]]}},{"type":"Feature","properties":{"h":3.0,"on_route":false},"geometry":{"type":"Polygon","coordinates":[[[6.89859,4.884952],[6.898441,4.885472],[6.89832,4.885437],[6.898469,4.884917],[6.89859,4.884952]]]}},{"type":"Feature","properties":{"h":3.0,"on_route":false},"geometry":{"type":"Polygon","coordinates":[[[6.901972,4.885014],[6.901902,4.885059],[6.901877,4.885019],[6.901916,4.884993],[6.901927,4.88501],[6.901957,4.88499],[6.901972,4.885014]]]}},{"type":"Feature","properties":{"h":3.0,"on_route":false},"geometry":{"type":"Polygon","coordinates":[[[6.900357,4.886523],[6.90027,4.886537],[6.900262,4.886487],[6.900293,4.886482],[6.900284,4.886418],[6.90034,4.886409],[6.900357,4.886523]]]}},{"type":"Feature","properties":{"h":3.0,"on_route":false},"geometry":{"type":"Polygon","coordinates":[[[6.902922,4.885159],[6.90289,4.885172],[6.902905,4.88521],[6.902844,4.885235],[6.902822,4.885179],[6.902855,4.885166],[6.902827,4.885095],[6.902887,4.885071],[6.902922,4.885159]]]}},{"type":"Feature","properties":{"h":3.0,"on_route":false},"geometry":{"type":"Polygon","coordinates":[[[6.898489,4.887626],[6.898484,4.887693],[6.898204,4.887676],[6.898208,4.887609],[6.898489,4.887626]]]}},{"type":"Feature","properties":{"h":3.0,"on_route":false},"geometry":{"type":"Polygon","coordinates":[[[6.902479,4.886761],[6.902477,4.886814],[6.902252,4.886806],[6.902253,4.886754],[6.902479,4.886761]]]}},{"type":"Feature","properties":{"h":3.0,"on_route":false},"geometry":{"type":"Polygon","coordinates":[[[6.900181,4.886832],[6.900141,4.886901],[6.899977,4.886805],[6.900017,4.886736],[6.900181,4.886832]]]}},{"type":"Feature","properties":{"h":3.0,"on_route":false},"geometry":{"type":"Polygon","coordinates":[[[6.899425,4.888455],[6.899401,4.888503],[6.89936,4.888482],[6.89935,4.8885],[6.899272,4.88846],[6.899306,4.888394],[6.899425,4.888455]]]}},{"type":"Feature","properties":{"h":3.0,"on_route":false},"geometry":{"type":"Polygon","coordinates":[[[6.901529,4.8879],[6.901458,4.887919],[6.901462,4.887933],[6.901437,4.887939],[6.901406,4.887824],[6.901501,4.887798],[6.901529,4.8879]]]}},{"type":"Feature","properties":{"h":3.0,"on_route":false},"geometry":{"type":"Polygon","coordinates":[[[6.902151,4.885395],[6.902111,4.885427],[6.902056,4.885359],[6.902096,4.885327],[6.902151,4.885395]]]}},{"type":"Feature","properties":{"h":3.0,"on_route":false},"geometry":{"type":"Polygon","coordinates":[[[6.900851,4.886709],[6.900772,4.886715],[6.900768,4.886666],[6.900847,4.88666],[6.900851,4.886709]]]}},{"type":"Feature","properties":{"h":3.0,"on_route":false},"geometry":{"type":"Polygon","coordinates":[[[6.902182,4.887739],[6.902114,4.887757],[6.9021,4.887702],[6.902168,4.887685],[6.902182,4.887739]]]}},{"type":"Feature","properties":{"h":3.0,"on_route":false},"geometry":{"type":"Polygon","coordinates":[[[6.900161,4.887253],[6.900138,4.887344],[6.900036,4.887318],[6.90006,4.887227],[6.900161,4.887253]]]}},{"type":"Feature","properties":{"h":3.0,"on_route":false},"geometry":{"type":"Polygon","coordinates":[[[6.901803,4.886599],[6.901626,4.886621],[6.901613,4.886512],[6.90179,4.88649],[6.901803,4.886599]]]}},{"type":"Feature","properties":{"h":3.0,"on_route":false},"geometry":{"type":"Polygon","coordinates":[[[6.899963,4.886114],[6.899955,4.886142],[6.899828,4.886106],[6.899836,4.886078],[6.899963,4.886114]]]}},{"type":"Feature","properties":{"h":3.0,"on_route":false},"geometry":{"type":"Polygon","coordinates":[[[6.90053,4.887509],[6.900534,4.887587],[6.900445,4.887591],[6.900441,4.887514],[6.90053,4.887509]]]}},{"type":"Feature","properties":{"h":3.0,"on_route":false},"geometry":{"type":"Polygon","coordinates":[[[6.900702,4.887884],[6.900688,4.887952],[6.900624,4.887939],[6.900638,4.887871],[6.900702,4.887884]]]}},{"type":"Feature","properties":{"h":3.0,"on_route":false},"geometry":{"type":"Polygon","coordinates":[[[6.901591,4.88529],[6.901445,4.885331],[6.901433,4.885288],[6.901579,4.885247],[6.901591,4.88529]]]}},{"type":"Feature","properties":{"h":3.0,"on_route":false},"geometry":{"type":"Polygon","coordinates":[[[6.899279,4.888638],[6.899225,4.888744],[6.899301,4.888783],[6.89923,4.888922],[6.899209,4.888912],[6.899189,4.88895],[6.899067,4.888887],[6.899212,4.888603],[6.899279,4.888638]]]}},{"type":"Feature","properties":{"h":3.0,"on_route":false},"geometry":{"type":"Polygon","coordinates":[[[6.902567,4.886617],[6.902569,4.886679],[6.902483,4.886683],[6.90248,4.886621],[6.902567,4.886617]]]}},{"type":"Feature","properties":{"h":3.0,"on_route":false},"geometry":{"type":"Polygon","coordinates":[[[6.901281,4.887833],[6.901279,4.887945],[6.90121,4.887944],[6.901212,4.887831],[6.901281,4.887833]]]}},{"type":"Feature","properties":{"h":3.0,"on_route":false},"geometry":{"type":"Polygon","coordinates":[[[6.900156,4.887497],[6.899944,4.887644],[6.899882,4.887553],[6.900093,4.887407],[6.900156,4.887497]]]}},{"type":"Feature","properties":{"h":3.0,"on_route":false},"geometry":{"type":"Polygon","coordinates":[[[6.9018,4.882329],[6.901682,4.88222],[6.901836,4.882053],[6.901954,4.882162],[6.9018,4.882329]]]}},{"type":"Feature","properties":{"h":3.0,"on_route":false},"geometry":{"type":"Polygon","coordinates":[[[6.901328,4.887145],[6.901228,4.887172],[6.901212,4.887112],[6.901312,4.887085],[6.901328,4.887145]]]}},{"type":"Feature","properties":{"h":3.0,"on_route":false},"geometry":{"type":"Polygon","coordinates":[[[6.899328,4.888722],[6.89931,4.888759],[6.899239,4.888724],[6.899257,4.888687],[6.899328,4.888722]]]}},{"type":"Feature","properties":{"h":3.0,"on_route":false},"geometry":{"type":"Polygon","coordinates":[[[6.900226,4.882775],[6.90017,4.882822],[6.900113,4.882755],[6.90017,4.882707],[6.900226,4.882775]]]}},{"type":"Feature","properties":{"h":3.0,"on_route":false},"geometry":{"type":"Polygon","coordinates":[[[6.899324,4.883584],[6.899297,4.883577],[6.899328,4.883468],[6.899354,4.883475],[6.899324,4.883584]]]}},{"type":"Feature","properties":{"h":3.0,"on_route":false},"geometry":{"type":"Polygon","coordinates":[[[6.902241,4.887277],[6.902149,4.887282],[6.902146,4.887218],[6.902238,4.887213],[6.902241,4.887277]]]}},{"type":"Feature","properties":{"h":3.0,"on_route":false},"geometry":{"type":"Polygon","coordinates":[[[6.898442,4.888097],[6.898431,4.888168],[6.898378,4.888159],[6.898389,4.888089],[6.898442,4.888097]]]}},{"type":"Feature","properties":{"h":3.0,"on_route":false},"geometry":{"type":"Polygon","coordinates":[[[6.900877,4.888745],[6.90081,4.888832],[6.90055,4.888632],[6.900617,4.888545],[6.900877,4.888745]]]}},{"type":"Feature","properties":{"h":3.0,"on_route":false},"geometry":{"type":"Polygon","coordinates":[[[6.899159,4.888333],[6.899146,4.888381],[6.899104,4.88837],[6.899116,4.888322],[6.899159,4.888333]]]}},{"type":"Feature","properties":{"h":3.0,"on_route":false},"geometry":{"type":"Polygon","coordinates":[[[6.90152,4.887245],[6.90147,4.887265],[6.901401,4.887097],[6.90145,4.887076],[6.90152,4.887245]]]}},{"type":"Feature","properties":{"h":3.0,"on_route":false},"geometry":{"type":"Polygon","coordinates":[[[6.898445,4.887703],[6.898445,4.887726],[6.898388,4.887726],[6.898388,4.887703],[6.898445,4.887703]]]}},{"type":"Feature","properties":{"h":3.0,"on_route":false},"geometry":{"type":"Polygon","coordinates":[[[6.901717,4.887063],[6.901712,4.887135],[6.901617,4.887129],[6.901622,4.887056],[6.901717,4.887063]]]}},{"type":"Feature","properties":{"h":3.0,"on_route":false},"geometry":{"type":"Polygon","coordinates":[[[6.900912,4.885398],[6.900874,4.885457],[6.900768,4.885388],[6.900806,4.88533],[6.900912,4.885398]]]}},{"type":"Feature","properties":{"h":3.0,"on_route":false},"geometry":{"type":"Polygon","coordinates":[[[6.902514,4.886321],[6.902531,4.886462],[6.902463,4.88647],[6.902447,4.886329],[6.902514,4.886321]]]}},{"type":"Feature","properties":{"h":3.0,"on_route":false},"geometry":{"type":"Polygon","coordinates":[[[6.90187,4.888239],[6.901789,4.888245],[6.901785,4.888191],[6.901866,4.888185],[6.90187,4.888239]]]}},{"type":"Feature","properties":{"h":3.0,"on_route":false},"geometry":{"type":"Polygon","coordinates":[[[6.895732,4.885858],[6.895721,4.885889],[6.895691,4.885879],[6.895702,4.885847],[6.895732,4.885858]]]}},{"type":"Feature","properties":{"h":3.0,"on_route":false},"geometry":{"type":"Polygon","coordinates":[[[6.899122,4.888475],[6.89908,4.888464],[6.899104,4.88837],[6.899146,4.888381],[6.899122,4.888475]]]}},{"type":"Feature","properties":{"h":3.0,"on_route":false},"geometry":{"type":"Polygon","coordinates":[[[6.90218,4.882462],[6.9021,4.882563],[6.902064,4.882534],[6.902143,4.882433],[6.90218,4.882462]]]}},{"type":"Feature","properties":{"h":3.0,"on_route":false},"geometry":{"type":"Polygon","coordinates":[[[6.902466,4.886498],[6.902363,4.88651],[6.902348,4.886379],[6.902451,4.886367],[6.902466,4.886498]]]}},{"type":"Feature","properties":{"h":3.0,"on_route":false},"geometry":{"type":"Polygon","coordinates":[[[6.899078,4.888639],[6.899034,4.888628],[6.899076,4.888464],[6.899119,4.888475],[6.899078,4.888639]]]}},{"type":"Feature","properties":{"h":3.0,"on_route":false},"geometry":{"type":"Polygon","coordinates":[[[6.903465,4.883721],[6.903425,4.883759],[6.903347,4.883674],[6.903387,4.883637],[6.903465,4.883721]]]}},{"type":"Feature","properties":{"h":3.0,"on_route":false},"geometry":{"type":"Polygon","coordinates":[[[6.901076,4.888896],[6.901047,4.888935],[6.900939,4.888853],[6.900968,4.888814],[6.901076,4.888896]]]}},{"type":"Feature","properties":{"h":3.0,"on_route":false},"geometry":{"type":"Polygon","coordinates":[[[6.902271,4.88753],[6.902109,4.887544],[6.902115,4.887603],[6.902076,4.887607],[6.902066,4.887492],[6.902266,4.887474],[6.902271,4.88753]]]}},{"type":"Feature","properties":{"h":3.0,"on_route":false},"geometry":{"type":"Polygon","coordinates":[[[6.901238,4.885999],[6.90122,4.886009],[6.901229,4.886025],[6.901154,4.886066],[6.901128,4.88602],[6.901221,4.885969],[6.901238,4.885999]]]}},{"type":"Feature","properties":{"h":3.0,"on_route":false},"geometry":{"type":"Polygon","coordinates":[[[6.900891,4.886015],[6.900843,4.886089],[6.900748,4.886027],[6.900796,4.885953],[6.900891,4.886015]]]}},{"type":"Feature","properties":{"h":3.0,"on_route":false},"geometry":{"type":"Polygon","coordinates":[[[6.900711,4.88442],[6.900672,4.884456],[6.90072,4.884509],[6.900626,4.884596],[6.900599,4.884566],[6.900584,4.88458],[6.900563,4.884557],[6.900578,4.884543],[6.900552,4.884516],[6.900685,4.884393],[6.900711,4.88442]]]}},{"type":"Feature","properties":{"h":3.0,"on_route":false},"geometry":{"type":"Polygon","coordinates":[[[6.900056,4.886747],[6.899998,4.886717],[6.900076,4.886564],[6.900135,4.886595],[6.900056,4.886747]]]}},{"type":"Feature","properties":{"h":3.0,"on_route":false},"geometry":{"type":"Polygon","coordinates":[[[6.896298,4.884812],[6.896244,4.88488],[6.896183,4.88483],[6.896237,4.884763],[6.896298,4.884812]]]}},{"type":"Feature","properties":{"h":3.0,"on_route":false},"geometry":{"type":"Polygon","coordinates":[[[6.902209,4.887635],[6.902111,4.88764],[6.902107,4.887563],[6.902205,4.887558],[6.902209,4.887635]]]}},{"type":"Feature","properties":{"h":3.0,"on_route":false},"geometry":{"type":"Polygon","coordinates":[[[6.898857,4.887482],[6.898589,4.887476],[6.898591,4.887358],[6.89886,4.887364],[6.898857,4.887482]]]}},{"type":"Feature","properties":{"h":3.0,"on_route":false},"geometry":{"type":"Polygon","coordinates":[[[6.902094,4.882483],[6.902011,4.882561],[6.901954,4.882499],[6.902037,4.882421],[6.902094,4.882483]]]}},{"type":"Feature","properties":{"h":3.0,"on_route":false},"geometry":{"type":"Polygon","coordinates":[[[6.900859,4.886711],[6.900865,4.886805],[6.900744,4.886812],[6.900738,4.886718],[6.900859,4.886711]]]}},{"type":"Feature","properties":{"h":3.0,"on_route":false},"geometry":{"type":"Polygon","coordinates":[[[6.90224,4.887334],[6.902246,4.887437],[6.902091,4.887446],[6.902085,4.887343],[6.90224,4.887334]]]}},{"type":"Feature","properties":{"h":3.0,"on_route":false},"geometry":{"type":"Polygon","coordinates":[[[6.902919,4.885408],[6.902919,4.885465],[6.902874,4.885464],[6.902875,4.885407],[6.902919,4.885408]]]}},{"type":"Feature","properties":{"h":3.0,"on_route":false},"geometry":{"type":"Polygon","coordinates":[[[6.902225,4.886011],[6.902189,4.886027],[6.902176,4.885996],[6.902212,4.88598],[6.902225,4.886011]]]}},{"type":"Feature","properties":{"h":3.0,"on_route":false},"geometry":{"type":"Polygon","coordinates":[[[6.901749,4.886469],[6.901685,4.886481],[6.901678,4.886447],[6.901743,4.886435],[6.901749,4.886469]]]}},{"type":"Feature","properties":{"h":3.0,"on_route":false},"geometry":{"type":"Polygon","coordinates":[[[6.898703,4.888341],[6.898662,4.88833],[6.898693,4.88821],[6.898733,4.888221],[6.898703,4.888341]]]}},{"type":"Feature","properties":{"h":3.0,"on_route":false},"geometry":{"type":"Polygon","coordinates":[[[6.90338,4.8844],[6.903297,4.884474],[6.903224,4.884392],[6.903307,4.884318],[6.90338,4.8844]]]}},{"type":"Feature","properties":{"h":3.0,"on_route":false},"geometry":{"type":"Polygon","coordinates":[[[6.903147,4.885202],[6.903149,4.885236],[6.903122,4.885238],[6.90312,4.885204],[6.903147,4.885202]]]}},{"type":"Feature","properties":{"h":3.0,"on_route":false},"geometry":{"type":"Polygon","coordinates":[[[6.896161,4.885066],[6.89613,4.885037],[6.89631,4.88485],[6.896341,4.88488],[6.896161,4.885066]]]}},{"type":"Feature","properties":{"h":3.0,"on_route":false},"geometry":{"type":"Polygon","coordinates":[[[6.898518,4.888063],[6.898511,4.888108],[6.898389,4.888089],[6.898397,4.888043],[6.898518,4.888063]]]}},{"type":"Feature","properties":{"h":3.0,"on_route":false},"geometry":{"type":"Polygon","coordinates":[[[6.903245,4.883049],[6.903218,4.883085],[6.90318,4.883057],[6.903207,4.883021],[6.903245,4.883049]]]}},{"type":"Feature","properties":{"h":3.0,"on_route":false},"geometry":{"type":"Polygon","coordinates":[[[6.903096,4.884501],[6.903052,4.88454],[6.903002,4.884483],[6.903046,4.884444],[6.903096,4.884501]]]}},{"type":"Feature","properties":{"h":3.0,"on_route":false},"geometry":{"type":"Polygon","coordinates":[[[6.901509,4.888643],[6.901413,4.888747],[6.901367,4.888704],[6.901463,4.8886],[6.901509,4.888643]]]}},{"type":"Feature","properties":{"h":3.0,"on_route":false},"geometry":{"type":"Polygon","coordinates":[[[6.899307,4.888931],[6.89929,4.888978],[6.899236,4.888958],[6.899253,4.888911],[6.899307,4.888931]]]}},{"type":"Feature","properties":{"h":3.0,"on_route":false},"geometry":{"type":"Polygon","coordinates":[[[6.90029,4.887609],[6.900125,4.887805],[6.900042,4.887735],[6.900208,4.887539],[6.90029,4.887609]]]}},{"type":"Feature","properties":{"h":3.0,"on_route":false},"geometry":{"type":"Polygon","coordinates":[[[6.901217,4.88783],[6.901207,4.887942],[6.901151,4.887937],[6.901161,4.887825],[6.901217,4.88783]]]}},{"type":"Feature","properties":{"h":3.0,"on_route":false},"geometry":{"type":"Polygon","coordinates":[[[6.897446,4.887148],[6.897459,4.887418],[6.897339,4.887424],[6.897326,4.887154],[6.897446,4.887148]]]}},{"type":"Feature","properties":{"h":3.0,"on_route":false},"geometry":{"type":"Polygon","coordinates":[[[6.900788,4.885749],[6.900689,4.885889],[6.900605,4.885829],[6.900704,4.885689],[6.900788,4.885749]]]}},{"type":"Feature","properties":{"h":3.0,"on_route":false},"geometry":{"type":"Polygon","coordinates":[[[6.902737,4.884908],[6.902687,4.884954],[6.902647,4.884911],[6.902697,4.884865],[6.902737,4.884908]]]}},{"type":"Feature","properties":{"h":3.0,"on_route":false},"geometry":{"type":"Polygon","coordinates":[[[6.902377,4.88599],[6.902281,4.886043],[6.902232,4.885953],[6.902329,4.885901],[6.902377,4.88599]]]}},{"type":"Feature","properties":{"h":3.0,"on_route":false},"geometry":{"type":"Polygon","coordinates":[[[6.901101,4.886161],[6.901007,4.88622],[6.900965,4.886151],[6.901058,4.886093],[6.901101,4.886161]]]}},{"type":"Feature","properties":{"h":3.0,"on_route":false},"geometry":{"type":"Polygon","coordinates":[[[6.902385,4.885237],[6.902365,4.885249],[6.902354,4.885231],[6.902306,4.885259],[6.902273,4.885202],[6.902342,4.885162],[6.902385,4.885237]]]}},{"type":"Feature","properties":{"h":3.0,"on_route":false},"geometry":{"type":"Polygon","coordinates":[[[6.901544,4.887374],[6.901503,4.887384],[6.901492,4.887341],[6.901533,4.88733],[6.901544,4.887374]]]}},{"type":"Feature","properties":{"h":3.0,"on_route":false},"geometry":{"type":"Polygon","coordinates":[[[6.900895,4.888688],[6.900841,4.88873],[6.900821,4.888703],[6.900875,4.888662],[6.900895,4.888688]]]}},{"type":"Feature","properties":{"h":3.0,"on_route":false},"geometry":{"type":"Polygon","coordinates":[[[6.902478,4.88158],[6.902458,4.881592],[6.902485,4.881636],[6.902403,4.881688],[6.902337,4.881582],[6.902439,4.881518],[6.902478,4.88158]]]}},{"type":"Feature","properties":{"h":3.0,"on_route":false},"geometry":{"type":"Polygon","coordinates":[[[6.901861,4.886476],[6.901863,4.886493],[6.90196,4.886481],[6.901977,4.886601],[6.901841,4.886619],[6.901823,4.88648],[6.901861,4.886476]]]}},{"type":"Feature","properties":{"h":3.0,"on_route":false},"geometry":{"type":"Polygon","coordinates":[[[6.903331,4.88381],[6.90319,4.883909],[6.903131,4.883824],[6.903272,4.883725],[6.903331,4.88381]]]}},{"type":"Feature","properties":{"h":3.0,"on_route":false},"geometry":{"type":"Polygon","coordinates":[[[6.902443,4.886145],[6.90239,4.886175],[6.902321,4.886051],[6.902374,4.886021],[6.902443,4.886145]]]}},{"type":"Feature","properties":{"h":3.0,"on_route":false},"geometry":{"type":"Polygon","coordinates":[[[6.901497,4.888169],[6.901504,4.888238],[6.901528,4.888235],[6.901538,4.888321],[6.901411,4.888335],[6.901394,4.88818],[6.901497,4.888169]]]}},{"type":"Feature","properties":{"h":3.0,"on_route":false},"geometry":{"type":"Polygon","coordinates":[[[6.900646,4.886406],[6.900509,4.886452],[6.90047,4.886334],[6.900608,4.886289],[6.900646,4.886406]]]}},{"type":"Feature","properties":{"h":3.0,"on_route":false},"geometry":{"type":"Polygon","coordinates":[[[6.902644,4.886092],[6.902649,4.886137],[6.902573,4.886145],[6.902569,4.8861],[6.902644,4.886092]]]}},{"type":"Feature","properties":{"h":3.0,"on_route":false},"geometry":{"type":"Polygon","coordinates":[[[6.901055,4.88667],[6.901051,4.886731],[6.901003,4.886728],[6.901007,4.886667],[6.901055,4.88667]]]}},{"type":"Feature","properties":{"h":3.0,"on_route":false},"geometry":{"type":"Polygon","coordinates":[[[6.901656,4.884471],[6.901631,4.884499],[6.901606,4.884476],[6.901631,4.884449],[6.901656,4.884471]]]}},{"type":"Feature","properties":{"h":3.0,"on_route":false},"geometry":{"type":"Polygon","coordinates":[[[6.902917,4.886546],[6.902899,4.886644],[6.902829,4.886631],[6.902846,4.886533],[6.902917,4.886546]]]}},{"type":"Feature","properties":{"h":3.0,"on_route":false},"geometry":{"type":"Polygon","coordinates":[[[6.900951,4.883634],[6.900629,4.883893],[6.900544,4.883787],[6.900866,4.883528],[6.900951,4.883634]]]}},{"type":"Feature","properties":{"h":3.0,"on_route":false},"geometry":{"type":"Polygon","coordinates":[[[6.902983,4.885299],[6.902983,4.885326],[6.902952,4.885325],[6.902952,4.885299],[6.902983,4.885299]]]}},{"type":"Feature","properties":{"h":3.0,"on_route":false},"geometry":{"type":"Polygon","coordinates":[[[6.901944,4.886727],[6.901949,4.886781],[6.901994,4.886777],[6.901997,4.886809],[6.901867,4.886821],[6.901862,4.886768],[6.901895,4.886765],[6.901892,4.886732],[6.901944,4.886727]]]}},{"type":"Feature","properties":{"h":3.0,"on_route":false},"geometry":{"type":"Polygon","coordinates":[[[6.901431,4.885744],[6.901361,4.885777],[6.901313,4.885676],[6.901383,4.885642],[6.901431,4.885744]]]}},{"type":"Feature","properties":{"h":3.0,"on_route":false},"geometry":{"type":"Polygon","coordinates":[[[6.90247,4.884769],[6.902452,4.884783],[6.90246,4.884793],[6.902394,4.884846],[6.902307,4.884739],[6.902391,4.884671],[6.90247,4.884769]]]}},{"type":"Feature","properties":{"h":3.0,"on_route":false},"geometry":{"type":"Polygon","coordinates":[[[6.898638,4.888579],[6.898627,4.888625],[6.898589,4.888616],[6.8986,4.88857],[6.898638,4.888579]]]}},{"type":"Feature","properties":{"h":3.0,"on_route":false},"geometry":{"type":"Polygon","coordinates":[[[6.898045,4.884468],[6.898029,4.884524],[6.89798,4.884509],[6.897996,4.884454],[6.898045,4.884468]]]}},{"type":"Feature","properties":{"h":3.0,"on_route":false},"geometry":{"type":"Polygon","coordinates":[[[6.902558,4.884881],[6.902511,4.884918],[6.902448,4.884836],[6.902466,4.884822],[6.902458,4.884811],[6.902487,4.884789],[6.902558,4.884881]]]}},{"type":"Feature","properties":{"h":3.0,"on_route":false},"geometry":{"type":"Polygon","coordinates":[[[6.903466,4.883557],[6.903412,4.883599],[6.903325,4.883486],[6.903378,4.883445],[6.903466,4.883557]]]}},{"type":"Feature","properties":{"h":3.0,"on_route":false},"geometry":{"type":"Polygon","coordinates":[[[6.902823,4.887596],[6.902542,4.887696],[6.90252,4.887636],[6.902802,4.887536],[6.902823,4.887596]]]}},{"type":"Feature","properties":{"h":3.0,"on_route":false},"geometry":{"type":"Polygon","coordinates":[[[6.899086,4.888327],[6.899053,4.888454],[6.899004,4.888441],[6.899037,4.888314],[6.899086,4.888327]]]}},{"type":"Feature","properties":{"h":3.0,"on_route":false},"geometry":{"type":"Polygon","coordinates":[[[6.899931,4.887385],[6.899902,4.887446],[6.899879,4.887434],[6.899846,4.887503],[6.899722,4.887443],[6.899733,4.88742],[6.899707,4.887407],[6.899758,4.887301],[6.899931,4.887385]]]}},{"type":"Feature","properties":{"h":3.0,"on_route":false},"geometry":{"type":"Polygon","coordinates":[[[6.903018,4.886415],[6.903015,4.886449],[6.902929,4.886442],[6.902932,4.886408],[6.903018,4.886415]]]}},{"type":"Feature","properties":{"h":3.0,"on_route":false},"geometry":{"type":"Polygon","coordinates":[[[6.902007,4.885538],[6.901947,4.885568],[6.901922,4.885517],[6.901982,4.885487],[6.902007,4.885538]]]}},{"type":"Feature","properties":{"h":3.0,"on_route":false},"geometry":{"type":"Polygon","coordinates":[[[6.902168,4.886042],[6.902124,4.886064],[6.902161,4.886138],[6.902106,4.886166],[6.902034,4.886023],[6.902133,4.885973],[6.902168,4.886042]]]}},{"type":"Feature","properties":{"h":3.0,"on_route":false},"geometry":{"type":"Polygon","coordinates":[[[6.902688,4.884598],[6.902636,4.884639],[6.902621,4.88462],[6.902572,4.884658],[6.902537,4.884614],[6.902637,4.884534],[6.902688,4.884598]]]}},{"type":"Feature","properties":{"h":3.0,"on_route":false},"geometry":{"type":"Polygon","coordinates":[[[6.897722,4.886821],[6.897752,4.886903],[6.897727,4.886912],[6.897697,4.88683],[6.897722,4.886821]]]}},{"type":"Feature","properties":{"h":3.0,"on_route":false},"geometry":{"type":"Polygon","coordinates":[[[6.897281,4.887201],[6.897286,4.887308],[6.897249,4.88731],[6.897243,4.887203],[6.897281,4.887201]]]}},{"type":"Feature","properties":{"h":3.0,"on_route":false},"geometry":{"type":"Polygon","coordinates":[[[6.899399,4.888552],[6.899437,4.888571],[6.899378,4.888691],[6.899327,4.888666],[6.899377,4.888563],[6.89939,4.88857],[6.899399,4.888552]]]}},{"type":"Feature","properties":{"h":3.0,"on_route":false},"geometry":{"type":"Polygon","coordinates":[[[6.89805,4.888219],[6.898047,4.88824],[6.897993,4.888231],[6.897997,4.88821],[6.89805,4.888219]]]}},{"type":"Feature","properties":{"h":3.0,"on_route":false},"geometry":{"type":"Polygon","coordinates":[[[6.901132,4.885468],[6.90105,4.885518],[6.900946,4.885346],[6.901029,4.885296],[6.901132,4.885468]]]}},{"type":"Feature","properties":{"h":3.0,"on_route":false},"geometry":{"type":"Polygon","coordinates":[[[6.901982,4.885487],[6.901922,4.885517],[6.901876,4.885421],[6.901936,4.885392],[6.901982,4.885487]]]}},{"type":"Feature","properties":{"h":3.0,"on_route":false},"geometry":{"type":"Polygon","coordinates":[[[6.902429,4.887821],[6.902311,4.88783],[6.902304,4.887756],[6.902423,4.887746],[6.902429,4.887821]]]}},{"type":"Feature","properties":{"h":3.0,"on_route":false},"geometry":{"type":"Polygon","coordinates":[[[6.902604,4.885893],[6.902646,4.885981],[6.902611,4.885997],[6.902569,4.88591],[6.902604,4.885893]]]}},{"type":"Feature","properties":{"h":3.0,"on_route":false},"geometry":{"type":"Polygon","coordinates":[[[6.902837,4.886584],[6.902826,4.886651],[6.902784,4.886643],[6.902796,4.886576],[6.902837,4.886584]]]}},{"type":"Feature","properties":{"h":3.0,"on_route":false},"geometry":{"type":"Polygon","coordinates":[[[6.898389,4.888089],[6.898378,4.888159],[6.898285,4.888144],[6.898278,4.888189],[6.898348,4.8882],[6.898334,4.888287],[6.898189,4.888264],[6.898222,4.888061],[6.898389,4.888089]]]}},{"type":"Feature","properties":{"h":3.0,"on_route":false},"geometry":{"type":"Polygon","coordinates":[[[6.900432,4.883932],[6.900425,4.883991],[6.900367,4.883984],[6.900374,4.883925],[6.900432,4.883932]]]}},{"type":"Feature","properties":{"h":3.0,"on_route":false},"geometry":{"type":"Polygon","coordinates":[[[6.902458,4.884382],[6.902379,4.884444],[6.902275,4.884311],[6.902354,4.884248],[6.902458,4.884382]]]}},{"type":"Feature","properties":{"h":3.0,"on_route":false},"geometry":{"type":"Polygon","coordinates":[[[6.901695,4.885124],[6.901547,4.885207],[6.901518,4.885153],[6.901665,4.885071],[6.901695,4.885124]]]}},{"type":"Feature","properties":{"h":3.0,"on_route":false},"geometry":{"type":"Polygon","coordinates":[[[6.899707,4.883328],[6.899666,4.883276],[6.899628,4.883307],[6.899581,4.883248],[6.899619,4.883217],[6.899578,4.883166],[6.899707,4.883063],[6.899748,4.883114],[6.899993,4.882917],[6.900012,4.882941],[6.900127,4.882848],[6.900196,4.882934],[6.899707,4.883328]]]}},{"type":"Feature","properties":{"h":3.0,"on_route":false},"geometry":{"type":"Polygon","coordinates":[[[6.900714,4.887448],[6.900713,4.887497],[6.90065,4.887497],[6.900651,4.887448],[6.900714,4.887448]]]}},{"type":"Feature","properties":{"h":3.0,"on_route":false},"geometry":{"type":"Polygon","coordinates":[[[6.903394,4.883633],[6.903365,4.883643],[6.90335,4.8836],[6.903379,4.88359],[6.903394,4.883633]]]}},{"type":"Feature","properties":{"h":3.0,"on_route":false},"geometry":{"type":"Polygon","coordinates":[[[6.902321,4.882495],[6.902287,4.882531],[6.902165,4.882415],[6.902199,4.882379],[6.902321,4.882495]]]}},{"type":"Feature","properties":{"h":3.0,"on_route":false},"geometry":{"type":"Polygon","coordinates":[[[6.897633,4.886397],[6.897513,4.886444],[6.897505,4.886423],[6.897625,4.886376],[6.897633,4.886397]]]}},{"type":"Feature","properties":{"h":3.0,"on_route":false},"geometry":{"type":"Polygon","coordinates":[[[6.903051,4.885794],[6.903047,4.885839],[6.902941,4.885829],[6.902945,4.885784],[6.903051,4.885794]]]}},{"type":"Feature","properties":{"h":3.0,"on_route":false},"geometry":{"type":"Polygon","coordinates":[[[6.89963,4.888467],[6.899606,4.888448],[6.899632,4.888415],[6.899656,4.888433],[6.89963,4.888467]]]}},{"type":"Feature","properties":{"h":3.0,"on_route":false},"geometry":{"type":"Polygon","coordinates":[[[6.90196,4.885883],[6.901944,4.885893],[6.901911,4.88584],[6.901927,4.88583],[6.90196,4.885883]]]}},{"type":"Feature","properties":{"h":3.0,"on_route":false},"geometry":{"type":"Polygon","coordinates":[[[6.902886,4.886643],[6.90288,4.886713],[6.902833,4.886709],[6.902838,4.886639],[6.902886,4.886643]]]}},{"type":"Feature","properties":{"h":3.0,"on_route":false},"geometry":{"type":"Polygon","coordinates":[[[6.903085,4.886567],[6.903076,4.886685],[6.902911,4.886672],[6.90292,4.886554],[6.903085,4.886567]]]}},{"type":"Feature","properties":{"h":3.0,"on_route":false},"geometry":{"type":"Polygon","coordinates":[[[6.902927,4.884641],[6.902836,4.884713],[6.90277,4.88463],[6.902861,4.884557],[6.902927,4.884641]]]}},{"type":"Feature","properties":{"h":3.0,"on_route":false},"geometry":{"type":"Polygon","coordinates":[[[6.901808,4.885244],[6.901737,4.885269],[6.901719,4.885219],[6.90179,4.885193],[6.901808,4.885244]]]}},{"type":"Feature","properties":{"h":3.0,"on_route":false},"geometry":{"type":"Polygon","coordinates":[[[6.902695,4.88746],[6.902631,4.887476],[6.902612,4.887397],[6.902675,4.887381],[6.902695,4.88746]]]}},{"type":"Feature","properties":{"h":3.0,"on_route":false},"geometry":{"type":"Polygon","coordinates":[[[6.898425,4.888194],[6.898407,4.888277],[6.898362,4.888268],[6.89838,4.888184],[6.898425,4.888194]]]}},{"type":"Feature","properties":{"h":3.0,"on_route":false},"geometry":{"type":"Polygon","coordinates":[[[6.899837,4.887882],[6.899754,4.888001],[6.899705,4.887967],[6.899788,4.887848],[6.899837,4.887882]]]}},{"type":"Feature","properties":{"h":3.0,"on_route":false},"geometry":{"type":"Polygon","coordinates":[[[6.898636,4.884513],[6.898633,4.884536],[6.898604,4.884533],[6.898607,4.884509],[6.898636,4.884513]]]}},{"type":"Feature","properties":{"h":3.0,"on_route":false},"geometry":{"type":"Polygon","coordinates":[[[6.899497,4.883643],[6.899475,4.883625],[6.899554,4.883529],[6.899575,4.883547],[6.899497,4.883643]]]}},{"type":"Feature","properties":{"h":3.0,"on_route":false},"geometry":{"type":"Polygon","coordinates":[[[6.902801,4.884741],[6.902701,4.884821],[6.902661,4.884771],[6.902648,4.884782],[6.902574,4.884689],[6.902688,4.884598],[6.902801,4.884741]]]}},{"type":"Feature","properties":{"h":3.0,"on_route":false},"geometry":{"type":"Polygon","coordinates":[[[6.900905,4.887027],[6.900895,4.887133],[6.900828,4.887127],[6.900838,4.887021],[6.900905,4.887027]]]}},{"type":"Feature","properties":{"h":3.0,"on_route":false},"geometry":{"type":"Polygon","coordinates":[[[6.90319,4.884091],[6.903132,4.884132],[6.903093,4.884076],[6.903151,4.884035],[6.90319,4.884091]]]}},{"type":"Feature","properties":{"h":3.0,"on_route":false},"geometry":{"type":"Polygon","coordinates":[[[6.903267,4.885091],[6.903214,4.885115],[6.903123,4.884916],[6.903177,4.884892],[6.903267,4.885091]]]}},{"type":"Feature","properties":{"h":3.0,"on_route":false},"geometry":{"type":"Polygon","coordinates":[[[6.900968,4.885884],[6.900925,4.88594],[6.900783,4.88583],[6.900826,4.885774],[6.900968,4.885884]]]}},{"type":"Feature","properties":{"h":3.0,"on_route":false},"geometry":{"type":"Polygon","coordinates":[[[6.897357,4.884155],[6.896797,4.884754],[6.89665,4.884616],[6.897209,4.884016],[6.897357,4.884155]]]}},{"type":"Feature","properties":{"h":3.0,"on_route":false},"geometry":{"type":"Polygon","coordinates":[[[6.902198,4.886279],[6.902039,4.88631],[6.902026,4.886241],[6.902185,4.88621],[6.902198,4.886279]]]}},{"type":"Feature","properties":{"h":3.0,"on_route":false},"geometry":{"type":"Polygon","coordinates":[[[6.898731,4.888463],[6.898717,4.888526],[6.898676,4.888517],[6.898689,4.888454],[6.898731,4.888463]]]}},{"type":"Feature","properties":{"h":3.0,"on_route":false},"geometry":{"type":"Polygon","coordinates":[[[6.901958,4.888335],[6.901942,4.888277],[6.902148,4.888221],[6.902164,4.888279],[6.901958,4.888335]]]}},{"type":"Feature","properties":{"h":3.0,"on_route":false},"geometry":{"type":"Polygon","coordinates":[[[6.898957,4.888417],[6.898937,4.888411],[6.898967,4.888306],[6.898987,4.888312],[6.898957,4.888417]]]}},{"type":"Feature","properties":{"h":3.0,"on_route":false},"geometry":{"type":"Polygon","coordinates":[[[6.898853,4.887919],[6.89884,4.887999],[6.898756,4.887985],[6.898769,4.887905],[6.898853,4.887919]]]}},{"type":"Feature","properties":{"h":3.0,"on_route":false},"geometry":{"type":"Polygon","coordinates":[[[6.902268,4.882727],[6.902233,4.882696],[6.902333,4.882587],[6.902367,4.882619],[6.902268,4.882727]]]}},{"type":"Feature","properties":{"h":3.0,"on_route":false},"geometry":{"type":"Polygon","coordinates":[[[6.900976,4.886511],[6.900971,4.886568],[6.901042,4.886573],[6.901037,4.886655],[6.900921,4.886645],[6.900932,4.886507],[6.900976,4.886511]]]}},{"type":"Feature","properties":{"h":3.0,"on_route":false},"geometry":{"type":"Polygon","coordinates":[[[6.900608,4.88579],[6.900574,4.88584],[6.900507,4.885794],[6.900541,4.885744],[6.900608,4.88579]]]}},{"type":"Feature","properties":{"h":3.0,"on_route":false},"geometry":{"type":"Polygon","coordinates":[[[6.90267,4.885768],[6.902719,4.885856],[6.902657,4.885891],[6.902635,4.885851],[6.902664,4.885834],[6.902637,4.885786],[6.90267,4.885768]]]}},{"type":"Feature","properties":{"h":3.0,"on_route":false},"geometry":{"type":"Polygon","coordinates":[[[6.901726,4.886717],[6.901725,4.886733],[6.901749,4.886735],[6.901742,4.886817],[6.901648,4.886809],[6.901656,4.886711],[6.901726,4.886717]]]}},{"type":"Feature","properties":{"h":3.0,"on_route":false},"geometry":{"type":"Polygon","coordinates":[[[6.901106,4.885261],[6.901084,4.88527],[6.901102,4.885315],[6.901055,4.885334],[6.901018,4.885241],[6.901087,4.885213],[6.901106,4.885261]]]}},{"type":"Feature","properties":{"h":3.0,"on_route":false},"geometry":{"type":"Polygon","coordinates":[[[6.901832,4.887937],[6.90167,4.887963],[6.901668,4.887955],[6.901602,4.887964],[6.90159,4.88788],[6.901819,4.887847],[6.901832,4.887937]]]}},{"type":"Feature","properties":{"h":3.0,"on_route":false},"geometry":{"type":"Polygon","coordinates":[[[6.901889,4.885532],[6.901824,4.885566],[6.901801,4.885522],[6.901865,4.885488],[6.901889,4.885532]]]}},{"type":"Feature","properties":{"h":3.0,"on_route":false},"geometry":{"type":"Polygon","coordinates":[[[6.901643,4.887715],[6.901623,4.887717],[6.901627,4.887768],[6.901572,4.887772],[6.901575,4.887807],[6.901514,4.887811],[6.901496,4.887599],[6.901575,4.887592],[6.901571,4.887542],[6.901629,4.887537],[6.901643,4.887715]]]}},{"type":"Feature","properties":{"h":3.0,"on_route":false},"geometry":{"type":"Polygon","coordinates":[[[6.903237,4.883657],[6.903207,4.883616],[6.903314,4.883537],[6.903344,4.883577],[6.903237,4.883657]]]}},{"type":"Feature","properties":{"h":3.0,"on_route":false},"geometry":{"type":"Polygon","coordinates":[[[6.902623,4.887465],[6.902539,4.887484],[6.902525,4.887421],[6.902609,4.887402],[6.902623,4.887465]]]}},{"type":"Feature","properties":{"h":3.0,"on_route":false},"geometry":{"type":"Polygon","coordinates":[[[6.901264,4.887761],[6.901147,4.887767],[6.901142,4.887664],[6.901206,4.88766],[6.901205,4.887636],[6.901258,4.887634],[6.901264,4.887761]]]}},{"type":"Feature","properties":{"h":3.0,"on_route":false},"geometry":{"type":"Polygon","coordinates":[[[6.901002,4.886752],[6.900993,4.886823],[6.900948,4.886817],[6.900958,4.886746],[6.901002,4.886752]]]}},{"type":"Feature","properties":{"h":3.0,"on_route":false},"geometry":{"type":"Polygon","coordinates":[[[6.901404,4.887345],[6.901349,4.887366],[6.901321,4.887291],[6.901375,4.88727],[6.901404,4.887345]]]}},{"type":"Feature","properties":{"h":3.0,"on_route":false},"geometry":{"type":"Polygon","coordinates":[[[6.900968,4.885706],[6.90092,4.885769],[6.90081,4.885684],[6.900858,4.885621],[6.900968,4.885706]]]}},{"type":"Feature","properties":{"h":3.0,"on_route":false},"geometry":{"type":"Polygon","coordinates":[[[6.90289,4.88613],[6.902657,4.886149],[6.902648,4.886032],[6.90288,4.886013],[6.90289,4.88613]]]}},{"type":"Feature","properties":{"h":3.0,"on_route":false},"geometry":{"type":"Polygon","coordinates":[[[6.901924,4.88768],[6.901771,4.887722],[6.901756,4.887667],[6.90191,4.887626],[6.901924,4.88768]]]}},{"type":"Feature","properties":{"h":3.0,"on_route":false},"geometry":{"type":"Polygon","coordinates":[[[6.898482,4.884897],[6.898432,4.88507],[6.898416,4.885066],[6.898423,4.88504],[6.898373,4.885025],[6.898391,4.88496],[6.898373,4.884954],[6.898382,4.884924],[6.8984,4.884929],[6.898415,4.884878],[6.898482,4.884897]]]}},{"type":"Feature","properties":{"h":3.0,"on_route":false},"geometry":{"type":"Polygon","coordinates":[[[6.901633,4.886673],[6.901628,4.886811],[6.901557,4.886809],[6.901561,4.886671],[6.901633,4.886673]]]}},{"type":"Feature","properties":{"h":3.0,"on_route":false},"geometry":{"type":"Polygon","coordinates":[[[6.899951,4.888926],[6.899729,4.889211],[6.899646,4.889146],[6.899868,4.888861],[6.899951,4.888926]]]}},{"type":"Feature","properties":{"h":3.0,"on_route":false},"geometry":{"type":"Polygon","coordinates":[[[6.901481,4.883092],[6.901437,4.883117],[6.901413,4.883075],[6.901458,4.88305],[6.901481,4.883092]]]}},{"type":"Feature","properties":{"h":3.0,"on_route":false},"geometry":{"type":"Polygon","coordinates":[[[6.898666,4.885371],[6.898641,4.88546],[6.898572,4.88544],[6.898598,4.885351],[6.898666,4.885371]]]}},{"type":"Feature","properties":{"h":3.0,"on_route":false},"geometry":{"type":"Polygon","coordinates":[[[6.901152,4.887337],[6.90116,4.887369],[6.901136,4.887375],[6.901128,4.887343],[6.901152,4.887337]]]}},{"type":"Feature","properties":{"h":3.0,"on_route":false},"geometry":{"type":"Polygon","coordinates":[[[6.902057,4.888049],[6.901953,4.888077],[6.90194,4.88803],[6.902045,4.888002],[6.902057,4.888049]]]}},{"type":"Feature","properties":{"h":3.0,"on_route":false},"geometry":{"type":"Polygon","coordinates":[[[6.899521,4.888875],[6.899431,4.888823],[6.899531,4.888649],[6.899621,4.888701],[6.899521,4.888875]]]}},{"type":"Feature","properties":{"h":3.0,"on_route":false},"geometry":{"type":"Polygon","coordinates":[[[6.90297,4.887178],[6.902798,4.88722],[6.902787,4.887175],[6.902817,4.887167],[6.9028,4.8871],[6.902943,4.887065],[6.90297,4.887178]]]}},{"type":"Feature","properties":{"h":3.0,"on_route":false},"geometry":{"type":"Polygon","coordinates":[[[6.901481,4.884739],[6.901601,4.884955],[6.901547,4.884985],[6.901428,4.884769],[6.901481,4.884739]]]}},{"type":"Feature","properties":{"h":3.0,"on_route":false},"geometry":{"type":"Polygon","coordinates":[[[6.902315,4.882775],[6.902282,4.882812],[6.90206,4.882607],[6.902093,4.88257],[6.902315,4.882775]]]}},{"type":"Feature","properties":{"h":3.0,"on_route":false},"geometry":{"type":"Polygon","coordinates":[[[6.899325,4.886207],[6.899324,4.886239],[6.899188,4.886236],[6.899188,4.886204],[6.899325,4.886207]]]}},{"type":"Feature","properties":{"h":3.0,"on_route":false},"geometry":{"type":"Polygon","coordinates":[[[6.900764,4.888918],[6.90055,4.88917],[6.900477,4.889109],[6.900692,4.888856],[6.900764,4.888918]]]}},{"type":"Feature","properties":{"h":3.0,"on_route":false},"geometry":{"type":"Polygon","coordinates":[[[6.901152,4.886084],[6.9011,4.886111],[6.90098,4.885883],[6.901031,4.885856],[6.901152,4.886084]]]}},{"type":"Feature","properties":{"h":3.0,"on_route":false},"geometry":{"type":"Polygon","coordinates":[[[6.898822,4.888821],[6.898808,4.88887],[6.898653,4.888826],[6.898667,4.888777],[6.898822,4.888821]]]}},{"type":"Feature","properties":{"h":3.0,"on_route":false},"geometry":{"type":"Polygon","coordinates":[[[6.901096,4.88811],[6.901091,4.888163],[6.900954,4.888149],[6.900953,4.88817],[6.900902,4.888165],[6.900909,4.888092],[6.901096,4.88811]]]}},{"type":"Feature","properties":{"h":3.0,"on_route":false},"geometry":{"type":"Polygon","coordinates":[[[6.898616,4.888235],[6.898544,4.888488],[6.8985,4.888476],[6.898571,4.888222],[6.898616,4.888235]]]}},{"type":"Feature","properties":{"h":3.0,"on_route":false},"geometry":{"type":"Polygon","coordinates":[[[6.901072,4.885181],[6.900992,4.885232],[6.900926,4.885129],[6.900893,4.88515],[6.90087,4.885116],[6.900984,4.885042],[6.901072,4.885181]]]}},{"type":"Feature","properties":{"h":3.0,"on_route":false},"geometry":{"type":"Polygon","coordinates":[[[6.901132,4.887666],[6.901143,4.887765],[6.901086,4.887772],[6.901074,4.887673],[6.901132,4.887666]]]}},{"type":"Feature","properties":{"h":3.0,"on_route":false},"geometry":{"type":"Polygon","coordinates":[[[6.903075,4.886902],[6.903058,4.887058],[6.902838,4.887035],[6.902843,4.886994],[6.902863,4.886996],[6.902876,4.886881],[6.903075,4.886902]]]}},{"type":"Feature","properties":{"h":3.0,"on_route":false},"geometry":{"type":"Polygon","coordinates":[[[6.901574,4.884498],[6.901313,4.884662],[6.901228,4.884528],[6.90149,4.884363],[6.901574,4.884498]]]}},{"type":"Feature","properties":{"h":3.0,"on_route":false},"geometry":{"type":"Polygon","coordinates":[[[6.902738,4.887352],[6.902677,4.887365],[6.902672,4.88734],[6.902647,4.887345],[6.902636,4.887292],[6.902723,4.887275],[6.902738,4.887352]]]}},{"type":"Feature","properties":{"h":3.0,"on_route":false},"geometry":{"type":"Polygon","coordinates":[[[6.90295,4.883049],[6.902888,4.883145],[6.902782,4.883077],[6.902844,4.882981],[6.90295,4.883049]]]}},{"type":"Feature","properties":{"h":3.0,"on_route":false},"geometry":{"type":"Polygon","coordinates":[[[6.899159,4.888956],[6.899135,4.889006],[6.899023,4.888952],[6.899048,4.888902],[6.899159,4.888956]]]}},{"type":"Feature","properties":{"h":3.0,"on_route":false},"geometry":{"type":"Polygon","coordinates":[[[6.900751,4.886192],[6.900715,4.886268],[6.90065,4.886237],[6.900686,4.886161],[6.900751,4.886192]]]}},{"type":"Feature","properties":{"h":3.0,"on_route":false},"geometry":{"type":"Polygon","coordinates":[[[6.902062,4.88538],[6.902025,4.885404],[6.902007,4.885376],[6.902044,4.885352],[6.902062,4.88538]]]}},{"type":"Feature","properties":{"h":3.0,"on_route":false},"geometry":{"type":"Polygon","coordinates":[[[6.902062,4.886468],[6.902,4.886478],[6.901996,4.886451],[6.901969,4.886455],[6.901953,4.886347],[6.902042,4.886334],[6.902062,4.886468]]]}},{"type":"Feature","properties":{"h":3.0,"on_route":false},"geometry":{"type":"Polygon","coordinates":[[[6.90152,4.885861],[6.901417,4.885895],[6.901382,4.885789],[6.901485,4.885755],[6.90152,4.885861]]]}},{"type":"Feature","properties":{"h":3.0,"on_route":false},"geometry":{"type":"Polygon","coordinates":[[[6.901478,4.883952],[6.901297,4.884099],[6.90125,4.884041],[6.901432,4.883894],[6.901478,4.883952]]]}},{"type":"Feature","properties":{"h":3.0,"on_route":false},"geometry":{"type":"Polygon","coordinates":[[[6.901197,4.887053],[6.901195,4.887098],[6.901165,4.887096],[6.901167,4.887052],[6.901197,4.887053]]]}},{"type":"Feature","properties":{"h":3.0,"on_route":false},"geometry":{"type":"Polygon","coordinates":[[[6.90041,4.882426],[6.900171,4.882618],[6.900129,4.882565],[6.900368,4.882373],[6.90041,4.882426]]]}},{"type":"Feature","properties":{"h":3.0,"on_route":false},"geometry":{"type":"Polygon","coordinates":[[[6.90139,4.888616],[6.901349,4.888579],[6.901434,4.888487],[6.901475,4.888524],[6.90139,4.888616]]]}},{"type":"Feature","properties":{"h":3.0,"on_route":false},"geometry":{"type":"Polygon","coordinates":[[[6.902009,4.881635],[6.902039,4.881681],[6.902011,4.881698],[6.901982,4.881653],[6.902009,4.881635]]]}},{"type":"Feature","properties":{"h":3.0,"on_route":false},"geometry":{"type":"Polygon","coordinates":[[[6.899235,4.888517],[6.899191,4.888501],[6.899252,4.888329],[6.899298,4.888345],[6.899235,4.888517]]]}},{"type":"Feature","properties":{"h":3.0,"on_route":false},"geometry":{"type":"Polygon","coordinates":[[[6.90146,4.887252],[6.901387,4.88728],[6.901347,4.887174],[6.901419,4.887146],[6.90146,4.887252]]]}},{"type":"Feature","properties":{"h":3.0,"on_route":false},"geometry":{"type":"Polygon","coordinates":[[[6.902796,4.885192],[6.902736,4.885204],[6.902731,4.885181],[6.902791,4.885169],[6.902796,4.885192]]]}},{"type":"Feature","properties":{"h":3.0,"on_route":false},"geometry":{"type":"Polygon","coordinates":[[[6.902177,4.881604],[6.902197,4.881654],[6.902168,4.881666],[6.902148,4.881616],[6.902177,4.881604]]]}},{"type":"Feature","properties":{"h":3.0,"on_route":false},"geometry":{"type":"Polygon","coordinates":[[[6.899171,4.888569],[6.899151,4.888657],[6.89911,4.888647],[6.89913,4.88856],[6.899171,4.888569]]]}},{"type":"Feature","properties":{"h":3.0,"on_route":false},"geometry":{"type":"Polygon","coordinates":[[[6.900957,4.889047],[6.900929,4.889084],[6.900799,4.888983],[6.900827,4.888946],[6.900957,4.889047]]]}},{"type":"Feature","properties":{"h":3.0,"on_route":false},"geometry":{"type":"Polygon","coordinates":[[[6.901156,4.88778],[6.901143,4.887865],[6.901031,4.887848],[6.901045,4.887763],[6.901156,4.88778]]]}},{"type":"Feature","properties":{"h":3.0,"on_route":false},"geometry":{"type":"Polygon","coordinates":[[[6.900827,4.886407],[6.900823,4.886363],[6.900875,4.886359],[6.900878,4.886403],[6.900902,4.886401],[6.900904,4.886423],[6.900986,4.886417],[6.900982,4.886361],[6.901101,4.886352],[6.901111,4.886482],[6.900929,4.886497],[6.900927,4.886471],[6.900888,4.886474],[6.900887,4.886454],[6.900686,4.88647],[6.900682,4.886418],[6.900827,4.886407]]]}},{"type":"Feature","properties":{"h":3.0,"on_route":false},"geometry":{"type":"Polygon","coordinates":[[[6.899314,4.885922],[6.899307,4.885948],[6.899202,4.885923],[6.899208,4.885897],[6.899314,4.885922]]]}},{"type":"Feature","properties":{"h":3.0,"on_route":false},"geometry":{"type":"Polygon","coordinates":[[[6.90092,4.885769],[6.900882,4.885818],[6.900788,4.885745],[6.900826,4.885696],[6.90092,4.885769]]]}},{"type":"Feature","properties":{"h":3.0,"on_route":false},"geometry":{"type":"Polygon","coordinates":[[[6.901974,4.886878],[6.901969,4.887111],[6.901913,4.88711],[6.901918,4.886877],[6.901974,4.886878]]]}},{"type":"Feature","properties":{"h":3.0,"on_route":false},"geometry":{"type":"Polygon","coordinates":[[[6.9024,4.881691],[6.902278,4.881766],[6.902234,4.881694],[6.902357,4.881619],[6.9024,4.881691]]]}},{"type":"Feature","properties":{"h":3.0,"on_route":false},"geometry":{"type":"Polygon","coordinates":[[[6.898805,4.888724],[6.898759,4.888714],[6.898788,4.888585],[6.898833,4.888595],[6.898805,4.888724]]]}},{"type":"Feature","properties":{"h":3.0,"on_route":false},"geometry":{"type":"Polygon","coordinates":[[[6.897607,4.887068],[6.897559,4.887072],[6.897557,4.88705],[6.897605,4.887046],[6.897607,4.887068]]]}},{"type":"Feature","properties":{"h":3.0,"on_route":false},"geometry":{"type":"Polygon","coordinates":[[[6.900945,4.885983],[6.900911,4.886022],[6.900859,4.885976],[6.900893,4.885937],[6.900945,4.885983]]]}},{"type":"Feature","properties":{"h":3.0,"on_route":false},"geometry":{"type":"Polygon","coordinates":[[[6.902383,4.887964],[6.90233,4.887975],[6.90231,4.887878],[6.902363,4.887867],[6.902383,4.887964]]]}},{"type":"Feature","properties":{"h":3.0,"on_route":false},"geometry":{"type":"Polygon","coordinates":[[[6.900569,4.8877],[6.90051,4.887791],[6.90029,4.887647],[6.90035,4.887556],[6.900569,4.8877]]]}},{"type":"Feature","properties":{"h":3.0,"on_route":false},"geometry":{"type":"Polygon","coordinates":[[[6.90098,4.886824],[6.900974,4.886912],[6.90082,4.886902],[6.900826,4.886814],[6.90098,4.886824]]]}},{"type":"Feature","properties":{"h":3.0,"on_route":false},"geometry":{"type":"Polygon","coordinates":[[[6.901317,4.881579],[6.901471,4.881736],[6.901398,4.881807],[6.901245,4.881651],[6.901317,4.881579]]]}},{"type":"Feature","properties":{"h":3.0,"on_route":false},"geometry":{"type":"Polygon","coordinates":[[[6.902027,4.887775],[6.90193,4.887801],[6.901923,4.887775],[6.901816,4.887805],[6.901792,4.887716],[6.901996,4.887661],[6.902027,4.887775]]]}},{"type":"Feature","properties":{"h":3.0,"on_route":false},"geometry":{"type":"Polygon","coordinates":[[[6.900614,4.887359],[6.900529,4.887367],[6.900518,4.887266],[6.900603,4.887257],[6.900614,4.887359]]]}},{"type":"Feature","properties":{"h":3.0,"on_route":false},"geometry":{"type":"Polygon","coordinates":[[[6.901969,4.888187],[6.901908,4.888202],[6.901895,4.88815],[6.901956,4.888135],[6.901969,4.888187]]]}},{"type":"Feature","properties":{"h":3.0,"on_route":false},"geometry":{"type":"Polygon","coordinates":[[[6.900448,4.887902],[6.90044,4.887938],[6.900373,4.88792],[6.900382,4.887885],[6.900448,4.887902]]]}},{"type":"Feature","properties":{"h":3.0,"on_route":false},"geometry":{"type":"Polygon","coordinates":[[[6.901794,4.885494],[6.90175,4.88551],[6.901738,4.885479],[6.901713,4.885488],[6.901725,4.885519],[6.901672,4.885539],[6.90162,4.885397],[6.901743,4.885352],[6.901794,4.885494]]]}},{"type":"Feature","properties":{"h":3.0,"on_route":false},"geometry":{"type":"Polygon","coordinates":[[[6.902836,4.886666],[6.902833,4.886709],[6.90288,4.886713],[6.902873,4.886803],[6.90277,4.886795],[6.90278,4.886662],[6.902836,4.886666]]]}},{"type":"Feature","properties":{"h":3.0,"on_route":false},"geometry":{"type":"Polygon","coordinates":[[[6.900686,4.88704],[6.900681,4.887091],[6.900494,4.887073],[6.900499,4.887022],[6.900686,4.88704]]]}},{"type":"Feature","properties":{"h":3.0,"on_route":false},"geometry":{"type":"Polygon","coordinates":[[[6.902092,4.887286],[6.902096,4.887342],[6.902013,4.887347],[6.902009,4.887292],[6.902092,4.887286]]]}},{"type":"Feature","properties":{"h":3.0,"on_route":false},"geometry":{"type":"Polygon","coordinates":[[[6.901024,4.887761],[6.901005,4.88785],[6.900897,4.887826],[6.900916,4.887738],[6.901024,4.887761]]]}},{"type":"Feature","properties":{"h":3.0,"on_route":false},"geometry":{"type":"Polygon","coordinates":[[[6.901527,4.887913],[6.901537,4.887991],[6.901477,4.887999],[6.901467,4.88792],[6.901527,4.887913]]]}},{"type":"Feature","properties":{"h":3.0,"on_route":false},"geometry":{"type":"Polygon","coordinates":[[[6.901633,4.887216],[6.901602,4.887234],[6.901572,4.887183],[6.901602,4.887165],[6.901633,4.887216]]]}},{"type":"Feature","properties":{"h":3.0,"on_route":false},"geometry":{"type":"Polygon","coordinates":[[[6.901546,4.886414],[6.901492,4.88648],[6.90145,4.886446],[6.901503,4.88638],[6.901546,4.886414]]]}},{"type":"Feature","properties":{"h":3.0,"on_route":false},"geometry":{"type":"Polygon","coordinates":[[[6.900404,4.887021],[6.900403,4.887041],[6.900376,4.88704],[6.900377,4.88702],[6.900404,4.887021]]]}},{"type":"Feature","properties":{"h":3.0,"on_route":false},"geometry":{"type":"Polygon","coordinates":[[[6.900297,4.88667],[6.900296,4.886715],[6.900261,4.886714],[6.900261,4.886669],[6.900297,4.88667]]]}},{"type":"Feature","properties":{"h":3.0,"on_route":false},"geometry":{"type":"Polygon","coordinates":[[[6.901577,4.888202],[6.901497,4.888223],[6.901466,4.8881],[6.901547,4.88808],[6.901577,4.888202]]]}},{"type":"Feature","properties":{"h":3.0,"on_route":false},"geometry":{"type":"Polygon","coordinates":[[[6.903195,4.885375],[6.903201,4.885437],[6.903143,4.885442],[6.90315,4.885518],[6.903058,4.885527],[6.903051,4.88545],[6.903032,4.885452],[6.903026,4.88539],[6.903195,4.885375]]]}},{"type":"Feature","properties":{"h":3.0,"on_route":false},"geometry":{"type":"Polygon","coordinates":[[[6.90112,4.887862],[6.901107,4.887944],[6.900917,4.887914],[6.900925,4.887866],[6.900908,4.887863],[6.900914,4.887829],[6.90112,4.887862]]]}},{"type":"Feature","properties":{"h":3.0,"on_route":false},"geometry":{"type":"Polygon","coordinates":[[[6.900949,4.885183],[6.900881,4.885295],[6.900824,4.88526],[6.900892,4.885148],[6.900949,4.885183]]]}},{"type":"Feature","properties":{"h":3.0,"on_route":false},"geometry":{"type":"Polygon","coordinates":[[[6.903028,4.886147],[6.903016,4.886255],[6.902924,4.886245],[6.90293,4.88619],[6.902821,4.886178],[6.902827,4.886125],[6.903028,4.886147]]]}},{"type":"Feature","properties":{"h":3.0,"on_route":true},"geometry":{"type":"Polygon","coordinates":[[[6.89883,4.884453],[6.898826,4.884469],[6.898854,4.884476],[6.898839,4.88453],[6.898646,4.884477],[6.898665,4.884408],[6.89883,4.884453]]]}},{"type":"Feature","properties":{"h":3.0,"on_route":false},"geometry":{"type":"Polygon","coordinates":[[[6.902478,4.88459],[6.902405,4.884658],[6.902308,4.884554],[6.90238,4.884486],[6.902478,4.88459]]]}}]}