{"type":"FeatureCollection","features":[{"type":"Feature","properties":{"h":3.0,"on_route":false},"geometry":{"type":"Polygon","coordinates":[[[7.006954,4.787098],[7.006936,4.787138],[7.006905,4.787124],[7.006923,4.787084],[7.006954,4.787098]]]}},{"type":"Feature","properties":{"h":3.0,"on_route":false},"geometry":{"type":"Polygon","coordinates":[[[7.012612,4.788487],[7.012551,4.788513],[7.012536,4.788478],[7.012597,4.788452],[7.012612,4.788487]]]}},{"type":"Feature","properties":{"h":3.0,"on_route":false},"geometry":{"type":"Polygon","coordinates":[[[7.013431,4.788435],[7.013232,4.788465],[7.013218,4.788369],[7.013417,4.78834],[7.013431,4.788435]]]}},{"type":"Feature","properties":{"h":3.0,"on_route":false},"geometry":{"type":"Polygon","coordinates":[[[7.008771,4.787685],[7.008673,4.787714],[7.008636,4.787589],[7.008734,4.787559],[7.008771,4.787685]]]}},{"type":"Feature","properties":{"h":3.0,"on_route":false},"geometry":{"type":"Polygon","coordinates":[[[7.011078,4.793975],[7.011024,4.794014],[7.01097,4.793938],[7.011023,4.793899],[7.011078,4.793975]]]}},{"type":"Feature","properties":{"h":3.0,"on_route":false},"geometry":{"type":"Polygon","coordinates":[[[7.008122,4.788041],[7.008176,4.788072],[7.00814,4.788136],[7.008007,4.788062],[7.008146,4.787811],[7.008225,4.787855],[7.008122,4.788041]]]}},{"type":"Feature","properties":{"h":3.0,"on_route":false},"geometry":{"type":"Polygon","coordinates":[[[7.00803,4.792801],[7.007967,4.792848],[7.007885,4.792738],[7.007949,4.79269],[7.00803,4.792801]]]}},{"type":"Feature","properties":{"h":3.0,"on_route":false},"geometry":{"type":"Polygon","coordinates":[[[7.008542,4.789277],[7.008481,4.789306],[7.008364,4.789062],[7.008425,4.789032],[7.008542,4.789277]]]}},{"type":"Feature","properties":{"h":3.0,"on_route":false},"geometry":{"type":"Polygon","coordinates":[[[7.00915,4.792678],[7.009013,4.792782],[7.008959,4.79271],[7.009042,4.792648],[7.009025,4.792625],[7.00908,4.792584],[7.00915,4.792678]]]}},{"type":"Feature","properties":{"h":3.0,"on_route":false},"geometry":{"type":"Polygon","coordinates":[[[7.012901,4.792008],[7.012917,4.792044],[7.012886,4.792058],[7.01287,4.792022],[7.012901,4.792008]]]}},{"type":"Feature","properties":{"h":3.0,"on_route":false},"geometry":{"type":"Polygon","coordinates":[[[7.0112,4.79296],[7.011151,4.792992],[7.011118,4.79294],[7.011167,4.792909],[7.0112,4.79296]]]}},{"type":"Feature","properties":{"h":3.0,"on_route":false},"geometry":{"type":"Polygon","coordinates":[[[7.007168,4.792505],[7.006927,4.792679],[7.006859,4.792585],[7.006899,4.792556],[7.006891,4.792546],[7.007093,4.7924],[7.007168,4.792505]]]}},{"type":"Feature","properties":{"h":3.0,"on_route":false},"geometry":{"type":"Polygon","coordinates":[[[7.006872,4.792046],[7.007051,4.792291],[7.007014,4.792318],[7.00686,4.792108],[7.006837,4.792125],[7.006812,4.79209],[7.006872,4.792046]]]}},{"type":"Feature","properties":{"h":3.0,"on_route":false},"geometry":{"type":"Polygon","coordinates":[[[7.013121,4.788661],[7.013037,4.788685],[7.013023,4.788637],[7.013107,4.788613],[7.013121,4.788661]]]}},{"type":"Feature","properties":{"h":3.0,"on_route":false},"geometry":{"type":"Polygon","coordinates":[[[7.009123,4.787685],[7.009039,4.787716],[7.009012,4.787639],[7.009095,4.787608],[7.009123,4.787685]]]}},{"type":"Feature","properties":{"h":3.0,"on_route":false},"geometry":{"type":"Polygon","coordinates":[[[7.007816,4.788017],[7.007786,4.788063],[7.007769,4.788052],[7.007742,4.788092],[7.007782,4.788119],[7.007745,4.788173],[7.007693,4.788138],[7.007681,4.788156],[7.007635,4.788125],[7.007623,4.788143],[7.007581,4.788115],[7.0077,4.787939],[7.007816,4.788017]]]}},{"type":"Feature","properties":{"h":3.0,"on_route":false},"geometry":{"type":"Polygon","coordinates":[[[7.011998,4.791092],[7.011927,4.791143],[7.011869,4.791063],[7.01194,4.791012],[7.011998,4.791092]]]}},{"type":"Feature","properties":{"h":3.0,"on_route":false},"geometry":{"type":"Polygon","coordinates":[[[7.011118,4.79315],[7.011059,4.793191],[7.010955,4.793039],[7.011014,4.792999],[7.011118,4.79315]]]}},{"type":"Feature","properties":{"h":3.0,"on_route":false},"geometry":{"type":"Polygon","coordinates":[[[7.007261,4.791286],[7.007257,4.791399],[7.00721,4.791397],[7.007214,4.791285],[7.007261,4.791286]]]}},{"type":"Feature","properties":{"h":3.0,"on_route":false},"geometry":{"type":"Polygon","coordinates":[[[7.008791,4.787087],[7.008782,4.787114],[7.008718,4.787093],[7.008726,4.787067],[7.008791,4.787087]]]}},{"type":"Feature","properties":{"h":3.0,"on_route":false},"geometry":{"type":"Polygon","coordinates":[[[7.010968,4.792648],[7.010916,4.79268],[7.01088,4.79262],[7.010933,4.792589],[7.010968,4.792648]]]}},{"type":"Feature","properties":{"h":3.0,"on_route":false},"geometry":{"type":"Polygon","coordinates":[[[7.007878,4.792613],[7.007839,4.792631],[7.007822,4.792595],[7.007861,4.792577],[7.007878,4.792613]]]}},{"type":"Feature","properties":{"h":3.0,"on_route":false},"geometry":{"type":"Polygon","coordinates":[[[7.010899,4.789594],[7.010882,4.789715],[7.010732,4.789694],[7.010749,4.789573],[7.010899,4.789594]]]}},{"type":"Feature","properties":{"h":3.0,"on_route":false},"geometry":{"type":"Polygon","coordinates":[[[7.012143,4.792],[7.012115,4.792086],[7.012086,4.792077],[7.012077,4.792103],[7.012046,4.792093],[7.012055,4.792066],[7.012007,4.792051],[7.012016,4.792025],[7.011973,4.792011],[7.011992,4.791951],[7.012143,4.792]]]}},{"type":"Feature","properties":{"h":3.0,"on_route":false},"geometry":{"type":"Polygon","coordinates":[[[7.007497,4.791415],[7.007427,4.791467],[7.007435,4.791478],[7.007335,4.791552],[7.007251,4.791438],[7.007421,4.791312],[7.007497,4.791415]]]}},{"type":"Feature","properties":{"h":3.0,"on_route":false},"geometry":{"type":"Polygon","coordinates":[[[7.007338,4.792206],[7.007278,4.79225],[7.007221,4.79217],[7.007281,4.792126],[7.007338,4.792206]]]}},{"type":"Feature","properties":{"h":3.0,"on_route":false},"geometry":{"type":"Polygon","coordinates":[[[7.011826,4.793279],[7.01176,4.793443],[7.011625,4.793388],[7.011692,4.793224],[7.011826,4.793279]]]}},{"type":"Feature","properties":{"h":3.0,"on_route":false},"geometry":{"type":"Polygon","coordinates":[[[7.012931,4.79196],[7.012723,4.792109],[7.012659,4.792018],[7.012867,4.79187],[7.012931,4.79196]]]}},{"type":"Feature","properties":{"h":3.0,"on_route":false},"geometry":{"type":"Polygon","coordinates":[[[7.011159,4.790725],[7.01107,4.79079],[7.011022,4.790724],[7.011112,4.790659],[7.011159,4.790725]]]}},{"type":"Feature","properties":{"h":3.0,"on_route":false},"geometry":{"type":"Polygon","coordinates":[[[7.011063,4.790676],[7.010975,4.79074],[7.010997,4.790771],[7.010953,4.790803],[7.010874,4.790695],[7.011007,4.790599],[7.011063,4.790676]]]}},{"type":"Feature","properties":{"h":3.0,"on_route":false},"geometry":{"type":"Polygon","coordinates":[[[7.013519,4.790019],[7.013483,4.790036],[7.013467,4.790003],[7.013504,4.789986],[7.013519,4.790019]]]}},{"type":"Feature","properties":{"h":3.0,"on_route":false},"geometry":{"type":"Polygon","coordinates":[[[7.011249,4.790132],[7.011203,4.790163],[7.011164,4.790105],[7.01121,4.790074],[7.011249,4.790132]]]}},{"type":"Feature","properties":{"h":3.0,"on_route":false},"geometry":{"type":"Polygon","coordinates":[[[7.007644,4.788505],[7.00758,4.788462],[7.007602,4.788429],[7.007633,4.78845],[7.007686,4.788371],[7.007719,4.788392],[7.007644,4.788505]]]}},{"type":"Feature","properties":{"h":3.0,"on_route":false},"geometry":{"type":"Polygon","coordinates":[[[7.008497,4.791538],[7.008447,4.791575],[7.008304,4.79138],[7.008354,4.791343],[7.008497,4.791538]]]}},{"type":"Feature","properties":{"h":3.0,"on_route":false},"geometry":{"type":"Polygon","coordinates":[[[7.011244,4.791167],[7.011146,4.791238],[7.011061,4.79112],[7.011063,4.791118],[7.011079,4.79114],[7.011174,4.79107],[7.011244,4.791167]]]}},{"type":"Feature","properties":{"h":3.0,"on_route":false},"geometry":{"type":"Polygon","coordinates":[[[7.00788,4.788491],[7.007815,4.788595],[7.007693,4.788517],[7.007759,4.788414],[7.00788,4.788491]]]}},{"type":"Feature","properties":{"h":3.0,"on_route":false},"geometry":{"type":"Polygon","coordinates":[[[7.007486,4.792101],[7.007342,4.792204],[7.007285,4.792123],[7.007429,4.79202],[7.007486,4.792101]]]}},{"type":"Feature","properties":{"h":3.0,"on_route":false},"geometry":{"type":"Polygon","coordinates":[[[7.013225,4.790446],[7.013211,4.790613],[7.013156,4.790609],[7.01317,4.790441],[7.013225,4.790446]]]}},{"type":"Feature","properties":{"h":3.0,"on_route":false},"geometry":{"type":"Polygon","coordinates":[[[7.011734,4.789161],[7.011686,4.789193],[7.011655,4.789146],[7.011704,4.789114],[7.011734,4.789161]]]}},{"type":"Feature","properties":{"h":3.0,"on_route":false},"geometry":{"type":"Polygon","coordinates":[[[7.013422,4.788929],[7.013383,4.788956],[7.013322,4.788865],[7.01336,4.788838],[7.013422,4.788929]]]}},{"type":"Feature","properties":{"h":3.0,"on_route":false},"geometry":{"type":"Polygon","coordinates":[[[7.007554,4.789321],[7.007524,4.789372],[7.007579,4.789405],[7.007562,4.789435],[7.007601,4.789459],[7.007554,4.789538],[7.007515,4.789515],[7.007497,4.789545],[7.007369,4.789469],[7.007482,4.789278],[7.007554,4.789321]]]}},{"type":"Feature","properties":{"h":3.0,"on_route":false},"geometry":{"type":"Polygon","coordinates":[[[7.014327,4.789023],[7.014348,4.789134],[7.014151,4.789173],[7.014129,4.789062],[7.014327,4.789023]]]}},{"type":"Feature","properties":{"h":3.0,"on_route":false},"geometry":{"type":"Polygon","coordinates":[[[7.013626,4.790729],[7.013618,4.790772],[7.013486,4.790747],[7.013494,4.790704],[7.013626,4.790729]]]}},{"type":"Feature","properties":{"h":3.0,"on_route":false},"geometry":{"type":"Polygon","coordinates":[[[7.006016,4.789318],[7.005989,4.789289],[7.006093,4.789192],[7.00612,4.789221],[7.006016,4.789318]]]}},{"type":"Feature","properties":{"h":3.0,"on_route":false},"geometry":{"type":"Polygon","coordinates":[[[7.013938,4.790676],[7.013691,4.790748],[7.013653,4.790618],[7.0139,4.790546],[7.013938,4.790676]]]}},{"type":"Feature","properties":{"h":3.0,"on_route":false},"geometry":{"type":"Polygon","coordinates":[[[7.007034,4.793112],[7.007018,4.793147],[7.00694,4.793111],[7.006957,4.793076],[7.007034,4.793112]]]}},{"type":"Feature","properties":{"h":3.0,"on_route":false},"geometry":{"type":"Polygon","coordinates":[[[7.00814,4.79245],[7.008123,4.792425],[7.008164,4.792396],[7.008181,4.792421],[7.00814,4.79245]]]}},{"type":"Feature","properties":{"h":3.0,"on_route":false},"geometry":{"type":"Polygon","coordinates":[[[7.014444,4.789172],[7.014284,4.789287],[7.014257,4.789249],[7.014417,4.789134],[7.014444,4.789172]]]}},{"type":"Feature","properties":{"h":3.0,"on_route":false},"geometry":{"type":"Polygon","coordinates":[[[7.012326,4.79317],[7.012331,4.79323],[7.012165,4.793243],[7.012161,4.793182],[7.012326,4.79317]]]}},{"type":"Feature","properties":{"h":3.0,"on_route":false},"geometry":{"type":"Polygon","coordinates":[[[7.010001,4.787128],[7.009791,4.787234],[7.009737,4.787124],[7.009946,4.787019],[7.010001,4.787128]]]}},{"type":"Feature","properties":{"h":3.0,"on_route":false},"geometry":{"type":"Polygon","coordinates":[[[7.010167,4.794172],[7.010151,4.794204],[7.010123,4.79419],[7.010139,4.794158],[7.010167,4.794172]]]}},{"type":"Feature","properties":{"h":3.0,"on_route":false},"geometry":{"type":"Polygon","coordinates":[[[7.010811,4.791436],[7.010665,4.791538],[7.010616,4.791467],[7.010762,4.791365],[7.010811,4.791436]]]}},{"type":"Feature","properties":{"h":3.0,"on_route":false},"geometry":{"type":"Polygon","coordinates":[[[7.01074,4.786691],[7.010729,4.786717],[7.01071,4.786709],[7.010702,4.786726],[7.010623,4.786692],[7.010642,4.786649],[7.01074,4.786691]]]}},{"type":"Feature","properties":{"h":3.0,"on_route":false},"geometry":{"type":"Polygon","coordinates":[[[7.008382,4.791547],[7.008249,4.791642],[7.008163,4.791521],[7.008213,4.791485],[7.008229,4.791508],[7.008259,4.791487],[7.008276,4.79151],[7.008329,4.791472],[7.008382,4.791547]]]}},{"type":"Feature","properties":{"h":3.0,"on_route":false},"geometry":{"type":"Polygon","coordinates":[[[7.007287,4.793448],[7.007121,4.793567],[7.007039,4.793452],[7.007205,4.793333],[7.007287,4.793448]]]}},{"type":"Feature","properties":{"h":3.0,"on_route":false},"geometry":{"type":"Polygon","coordinates":[[[7.007993,4.792472],[7.007843,4.792562],[7.00779,4.792473],[7.007815,4.792458],[7.007797,4.792428],[7.00786,4.792391],[7.007878,4.79242],[7.007939,4.792383],[7.007993,4.792472]]]}},{"type":"Feature","properties":{"h":3.0,"on_route":false},"geometry":{"type":"Polygon","coordinates":[[[7.012324,4.7929],[7.012273,4.792951],[7.0122,4.792877],[7.012251,4.792827],[7.012324,4.7929]]]}},{"type":"Feature","properties":{"h":3.0,"on_route":false},"geometry":{"type":"Polygon","coordinates":[[[7.012782,4.788536],[7.012596,4.788618],[7.012551,4.788514],[7.012737,4.788433],[7.012782,4.788536]]]}},{"type":"Feature","properties":{"h":3.0,"on_route":false},"geometry":{"type":"Polygon","coordinates":[[[7.011595,4.789164],[7.011445,4.789273],[7.011361,4.789156],[7.011511,4.789047],[7.011595,4.789164]]]}},{"type":"Feature","properties":{"h":3.0,"on_route":false},"geometry":{"type":"Polygon","coordinates":[[[7.008543,4.786791],[7.008524,4.786832],[7.008446,4.786797],[7.008464,4.786755],[7.008543,4.786791]]]}},{"type":"Feature","properties":{"h":3.0,"on_route":false},"geometry":{"type":"Polygon","coordinates":[[[7.009614,4.787481],[7.009587,4.787462],[7.009652,4.787373],[7.009679,4.787392],[7.009614,4.787481]]]}},{"type":"Feature","properties":{"h":3.0,"on_route":false},"geometry":{"type":"Polygon","coordinates":[[[7.012447,4.789635],[7.012357,4.789699],[7.012213,4.789496],[7.012262,4.789461],[7.012243,4.789435],[7.012284,4.789406],[7.012447,4.789635]]]}},{"type":"Feature","properties":{"h":3.0,"on_route":false},"geometry":{"type":"Polygon","coordinates":[[[7.014368,4.789822],[7.014197,4.789947],[7.014122,4.789844],[7.014294,4.789719],[7.014368,4.789822]]]}},{"type":"Feature","properties":{"h":3.0,"on_route":false},"geometry":{"type":"Polygon","coordinates":[[[7.010677,4.786602],[7.010653,4.786666],[7.010582,4.78664],[7.010606,4.786576],[7.010677,4.786602]]]}},{"type":"Feature","properties":{"h":3.0,"on_route":false},"geometry":{"type":"Polygon","coordinates":[[[7.010893,4.793016],[7.010866,4.793035],[7.010894,4.793075],[7.010781,4.793153],[7.010702,4.793039],[7.010841,4.792942],[7.010893,4.793016]]]}},{"type":"Feature","properties":{"h":3.0,"on_route":false},"geometry":{"type":"Polygon","coordinates":[[[7.011409,4.793574],[7.011369,4.793605],[7.011218,4.793414],[7.011257,4.793382],[7.011409,4.793574]]]}},{"type":"Feature","properties":{"h":3.0,"on_route":false},"geometry":{"type":"Polygon","coordinates":[[[7.006383,4.790444],[7.00635,4.790493],[7.006187,4.790383],[7.00622,4.790334],[7.006383,4.790444]]]}},{"type":"Feature","properties":{"h":3.0,"on_route":false},"geometry":{"type":"Polygon","coordinates":[[[7.008458,4.78808],[7.008385,4.788102],[7.008404,4.788164],[7.008252,4.78821],[7.008165,4.787921],[7.00839,4.787853],[7.008458,4.78808]]]}},{"type":"Feature","properties":{"h":3.0,"on_route":false},"geometry":{"type":"Polygon","coordinates":[[[7.009368,4.786349],[7.009353,4.786394],[7.009318,4.786383],[7.009333,4.786338],[7.009368,4.786349]]]}},{"type":"Feature","properties":{"h":3.0,"on_route":false},"geometry":{"type":"Polygon","coordinates":[[[7.006793,4.792768],[7.006598,4.792785],[7.006591,4.792703],[7.006786,4.792686],[7.006793,4.792768]]]}},{"type":"Feature","properties":{"h":3.0,"on_route":false},"geometry":{"type":"Polygon","coordinates":[[[7.013472,4.792005],[7.013463,4.792062],[7.013404,4.792052],[7.013413,4.791995],[7.013472,4.792005]]]}},{"type":"Feature","properties":{"h":3.0,"on_route":false},"geometry":{"type":"Polygon","coordinates":[[[7.011568,4.793448],[7.011448,4.793543],[7.011331,4.793394],[7.01145,4.793299],[7.011568,4.793448]]]}},{"type":"Feature","properties":{"h":3.0,"on_route":false},"geometry":{"type":"Polygon","coordinates":[[[7.008485,4.793832],[7.008452,4.793887],[7.008531,4.793936],[7.008468,4.794037],[7.008336,4.793955],[7.008432,4.793799],[7.008485,4.793832]]]}},{"type":"Feature","properties":{"h":3.0,"on_route":false},"geometry":{"type":"Polygon","coordinates":[[[7.013968,4.790658],[7.013977,4.790696],[7.013954,4.790702],[7.013944,4.790664],[7.013968,4.790658]]]}},{"type":"Feature","properties":{"h":3.0,"on_route":false},"geometry":{"type":"Polygon","coordinates":[[[7.009524,4.790826],[7.00948,4.790857],[7.009465,4.790835],[7.009509,4.790804],[7.009524,4.790826]]]}},{"type":"Feature","properties":{"h":3.0,"on_route":false},"geometry":{"type":"Polygon","coordinates":[[[7.009466,4.792656],[7.009053,4.792949],[7.009005,4.79288],[7.009418,4.792588],[7.009466,4.792656]]]}},{"type":"Feature","properties":{"h":3.0,"on_route":false},"geometry":{"type":"Polygon","coordinates":[[[7.010378,4.78764],[7.010226,4.787749],[7.010199,4.787711],[7.010351,4.787602],[7.010378,4.78764]]]}},{"type":"Feature","properties":{"h":3.0,"on_route":false},"geometry":{"type":"Polygon","coordinates":[[[7.011911,4.789939],[7.011864,4.789975],[7.011783,4.789871],[7.011829,4.789834],[7.011911,4.789939]]]}},{"type":"Feature","properties":{"h":3.0,"on_route":false},"geometry":{"type":"Polygon","coordinates":[[[7.011915,4.789663],[7.011798,4.789754],[7.011745,4.789686],[7.011863,4.789595],[7.011915,4.789663]]]}},{"type":"Feature","properties":{"h":3.0,"on_route":false},"geometry":{"type":"Polygon","coordinates":[[[7.011924,4.789548],[7.011852,4.789604],[7.011804,4.789542],[7.011876,4.789486],[7.011924,4.789548]]]}},{"type":"Feature","properties":{"h":3.0,"on_route":false},"geometry":{"type":"Polygon","coordinates":[[[7.013714,4.788303],[7.013662,4.788306],[7.013667,4.788399],[7.013559,4.788405],[7.013551,4.788266],[7.013712,4.788257],[7.013714,4.788303]]]}},{"type":"Feature","properties":{"h":3.0,"on_route":false},"geometry":{"type":"Polygon","coordinates":[[[7.009647,4.785168],[7.009577,4.785302],[7.009418,4.785218],[7.009487,4.785084],[7.009647,4.785168]]]}},{"type":"Feature","properties":{"h":3.0,"on_route":false},"geometry":{"type":"Polygon","coordinates":[[[7.012917,4.792923],[7.012672,4.792952],[7.012665,4.7929],[7.012694,4.792897],[7.012682,4.792793],[7.012836,4.792774],[7.012847,4.792868],[7.012909,4.792861],[7.012917,4.792923]]]}},{"type":"Feature","properties":{"h":3.0,"on_route":false},"geometry":{"type":"Polygon","coordinates":[[[7.010781,4.794258],[7.01076,4.794312],[7.010494,4.794209],[7.010514,4.794155],[7.010781,4.794258]]]}},{"type":"Feature","properties":{"h":3.0,"on_route":false},"geometry":{"type":"Polygon","coordinates":[[[7.009007,4.793447],[7.008976,4.79347],[7.009018,4.793528],[7.00899,4.793549],[7.008948,4.793491],[7.008929,4.793505],[7.008971,4.793563],[7.008901,4.793615],[7.008859,4.793557],[7.008781,4.793614],[7.008729,4.793543],[7.008955,4.793376],[7.009007,4.793447]]]}},{"type":"Feature","properties":{"h":3.0,"on_route":false},"geometry":{"type":"Polygon","coordinates":[[[7.006933,4.792719],[7.006893,4.792744],[7.006874,4.792713],[7.006914,4.792688],[7.006933,4.792719]]]}},{"type":"Feature","properties":{"h":3.0,"on_route":false},"geometry":{"type":"Polygon","coordinates":[[[7.011076,4.789944],[7.011037,4.789972],[7.011001,4.789921],[7.01104,4.789893],[7.011076,4.789944]]]}},{"type":"Feature","properties":{"h":3.0,"on_route":false},"geometry":{"type":"Polygon","coordinates":[[[7.006493,4.789999],[7.006511,4.789977],[7.006644,4.790086],[7.006602,4.790138],[7.006445,4.790009],[7.006469,4.789979],[7.006493,4.789999]]]}},{"type":"Feature","properties":{"h":3.0,"on_route":false},"geometry":{"type":"Polygon","coordinates":[[[7.011469,4.791194],[7.011428,4.791212],[7.011409,4.791171],[7.01145,4.791153],[7.011469,4.791194]]]}},{"type":"Feature","properties":{"h":3.0,"on_route":false},"geometry":{"type":"Polygon","coordinates":[[[7.01028,4.794314],[7.010262,4.794376],[7.010188,4.794354],[7.010206,4.794293],[7.01028,4.794314]]]}},{"type":"Feature","properties":{"h":3.0,"on_route":false},"geometry":{"type":"Polygon","coordinates":[[[7.010376,4.791596],[7.010155,4.791766],[7.010081,4.79167],[7.010302,4.791499],[7.010376,4.791596]]]}},{"type":"Feature","properties":{"h":3.0,"on_route":false},"geometry":{"type":"Polygon","coordinates":[[[7.012595,4.790296],[7.012504,4.790348],[7.012464,4.790276],[7.012554,4.790225],[7.012595,4.790296]]]}},{"type":"Feature","properties":{"h":3.0,"on_route":false},"geometry":{"type":"Polygon","coordinates":[[[7.012202,4.789948],[7.012113,4.790019],[7.012063,4.789955],[7.012152,4.789884],[7.012202,4.789948]]]}},{"type":"Feature","properties":{"h":3.0,"on_route":false},"geometry":{"type":"Polygon","coordinates":[[[7.007825,4.787592],[7.00781,4.787636],[7.00776,4.787619],[7.007775,4.787575],[7.007825,4.787592]]]}},{"type":"Feature","properties":{"h":3.0,"on_route":false},"geometry":{"type":"Polygon","coordinates":[[[7.01118,4.793224],[7.011136,4.793248],[7.011118,4.793214],[7.011162,4.79319],[7.01118,4.793224]]]}},{"type":"Feature","properties":{"h":3.0,"on_route":false},"geometry":{"type":"Polygon","coordinates":[[[7.010267,4.791385],[7.010296,4.791432],[7.010271,4.791448],[7.010241,4.791401],[7.010267,4.791385]]]}},{"type":"Feature","properties":{"h":3.0,"on_route":false},"geometry":{"type":"Polygon","coordinates":[[[7.013055,4.792577],[7.013213,4.792593],[7.013209,4.792638],[7.013139,4.792631],[7.013134,4.792684],[7.013045,4.792675],[7.013055,4.792577]]]}},{"type":"Feature","properties":{"h":3.0,"on_route":false},"geometry":{"type":"Polygon","coordinates":[[[7.010376,4.789998],[7.010386,4.790117],[7.010315,4.790123],[7.010305,4.790004],[7.010376,4.789998]]]}},{"type":"Feature","properties":{"h":3.0,"on_route":false},"geometry":{"type":"Polygon","coordinates":[[[7.010015,4.793315],[7.009982,4.793321],[7.009977,4.793296],[7.01001,4.79329],[7.010015,4.793315]]]}},{"type":"Feature","properties":{"h":3.0,"on_route":false},"geometry":{"type":"Polygon","coordinates":[[[7.007967,4.792848],[7.007916,4.792886],[7.007851,4.7928],[7.007833,4.792814],[7.007815,4.79279],[7.007885,4.792738],[7.007967,4.792848]]]}},{"type":"Feature","properties":{"h":3.0,"on_route":false},"geometry":{"type":"Polygon","coordinates":[[[7.012194,4.790464],[7.012242,4.790531],[7.012194,4.790566],[7.012146,4.790498],[7.012194,4.790464]]]}},{"type":"Feature","properties":{"h":3.0,"on_route":false},"geometry":{"type":"Polygon","coordinates":[[[7.008798,4.787306],[7.008664,4.787385],[7.008634,4.787334],[7.008769,4.787255],[7.008798,4.787306]]]}},{"type":"Feature","properties":{"h":3.0,"on_route":false},"geometry":{"type":"Polygon","coordinates":[[[7.011435,4.791015],[7.011407,4.790978],[7.011536,4.790878],[7.011564,4.790915],[7.011435,4.791015]]]}},{"type":"Feature","properties":{"h":3.0,"on_route":false},"geometry":{"type":"Polygon","coordinates":[[[7.009139,4.786477],[7.009118,4.786552],[7.009017,4.786523],[7.009038,4.786448],[7.009139,4.786477]]]}},{"type":"Feature","properties":{"h":3.0,"on_route":false},"geometry":{"type":"Polygon","coordinates":[[[7.009039,4.791151],[7.008906,4.791266],[7.008825,4.791172],[7.008957,4.791057],[7.009039,4.791151]]]}},{"type":"Feature","properties":{"h":3.0,"on_route":false},"geometry":{"type":"Polygon","coordinates":[[[7.014198,4.788133],[7.014149,4.788188],[7.014176,4.788212],[7.014202,4.788183],[7.014256,4.788231],[7.01418,4.788317],[7.014049,4.788199],[7.014148,4.788088],[7.014198,4.788133]]]}},{"type":"Feature","properties":{"h":3.0,"on_route":false},"geometry":{"type":"Polygon","coordinates":[[[7.00677,4.789519],[7.006738,4.789566],[7.00668,4.789528],[7.006713,4.78948],[7.00677,4.789519]]]}},{"type":"Feature","properties":{"h":3.0,"on_route":false},"geometry":{"type":"Polygon","coordinates":[[[7.007491,4.792152],[7.007556,4.792242],[7.007522,4.792266],[7.007458,4.792176],[7.007491,4.792152]]]}},{"type":"Feature","properties":{"h":3.0,"on_route":false},"geometry":{"type":"Polygon","coordinates":[[[7.012052,4.78954],[7.011907,4.789651],[7.011863,4.789595],[7.012008,4.789483],[7.012052,4.78954]]]}},{"type":"Feature","properties":{"h":3.0,"on_route":false},"geometry":{"type":"Polygon","coordinates":[[[7.012392,4.790496],[7.012361,4.790522],[7.012327,4.790482],[7.012359,4.790455],[7.012392,4.790496]]]}},{"type":"Feature","properties":{"h":3.0,"on_route":false},"geometry":{"type":"Polygon","coordinates":[[[7.007676,4.789066],[7.007674,4.789091],[7.007531,4.789084],[7.007532,4.789059],[7.007493,4.789058],[7.007498,4.788962],[7.00756,4.788965],[7.007559,4.788987],[7.007693,4.788993],[7.007694,4.788971],[7.007733,4.788973],[7.007734,4.788953],[7.007795,4.788956],[7.007789,4.789071],[7.007676,4.789066]]]}},{"type":"Feature","properties":{"h":3.0,"on_route":false},"geometry":{"type":"Polygon","coordinates":[[[7.013511,4.791703],[7.013472,4.791763],[7.013389,4.791708],[7.013429,4.791648],[7.013511,4.791703]]]}},{"type":"Feature","properties":{"h":3.0,"on_route":false},"geometry":{"type":"Polygon","coordinates":[[[7.010714,4.786869],[7.010549,4.786977],[7.010476,4.786865],[7.010642,4.786757],[7.010714,4.786869]]]}},{"type":"Feature","properties":{"h":3.0,"on_route":false},"geometry":{"type":"Polygon","coordinates":[[[7.008832,4.791841],[7.008778,4.79188],[7.008749,4.79184],[7.008661,4.791904],[7.008701,4.79196],[7.008648,4.791998],[7.00856,4.791876],[7.008755,4.791734],[7.008832,4.791841]]]}},{"type":"Feature","properties":{"h":3.0,"on_route":false},"geometry":{"type":"Polygon","coordinates":[[[7.01075,4.792052],[7.010712,4.792067],[7.010698,4.792029],[7.010736,4.792015],[7.01075,4.792052]]]}},{"type":"Feature","properties":{"h":3.0,"on_route":false},"geometry":{"type":"Polygon","coordinates":[[[7.00626,4.790294],[7.006237,4.790332],[7.006137,4.790269],[7.00616,4.790232],[7.00626,4.790294]]]}},{"type":"Feature","properties":{"h":3.0,"on_route":false},"geometry":{"type":"Polygon","coordinates":[[[7.010978,4.790852],[7.010895,4.790909],[7.010851,4.790846],[7.010934,4.790789],[7.010978,4.790852]]]}},{"type":"Feature","properties":{"h":3.0,"on_route":false},"geometry":{"type":"Polygon","coordinates":[[[7.011541,4.790874],[7.011446,4.790948],[7.011288,4.790743],[7.011383,4.790669],[7.011541,4.790874]]]}},{"type":"Feature","properties":{"h":3.0,"on_route":false},"geometry":{"type":"Polygon","coordinates":[[[7.009617,4.79284],[7.009545,4.792895],[7.009428,4.792741],[7.0095,4.792686],[7.009617,4.79284]]]}},{"type":"Feature","properties":{"h":3.0,"on_route":false},"geometry":{"type":"Polygon","coordinates":[[[7.007044,4.792359],[7.006938,4.792437],[7.00676,4.792192],[7.006865,4.792115],[7.007044,4.792359]]]}},{"type":"Feature","properties":{"h":3.0,"on_route":false},"geometry":{"type":"Polygon","coordinates":[[[7.013776,4.7883],[7.013773,4.788341],[7.01373,4.788337],[7.013734,4.788296],[7.013776,4.7883]]]}},{"type":"Feature","properties":{"h":3.0,"on_route":false},"geometry":{"type":"Polygon","coordinates":[[[7.010056,4.794299],[7.009992,4.794376],[7.009873,4.794278],[7.009937,4.794201],[7.010056,4.794299]]]}},{"type":"Feature","properties":{"h":3.0,"on_route":false},"geometry":{"type":"Polygon","coordinates":[[[7.013403,4.789375],[7.013338,4.789418],[7.013295,4.789352],[7.01336,4.78931],[7.013403,4.789375]]]}},{"type":"Feature","properties":{"h":3.0,"on_route":false},"geometry":{"type":"Polygon","coordinates":[[[7.010549,4.79053],[7.010571,4.790579],[7.010542,4.790593],[7.010519,4.790544],[7.010549,4.79053]]]}},{"type":"Feature","properties":{"h":3.0,"on_route":false},"geometry":{"type":"Polygon","coordinates":[[[7.014089,4.789626],[7.014016,4.789657],[7.013997,4.789612],[7.01407,4.789581],[7.014089,4.789626]]]}},{"type":"Feature","properties":{"h":3.0,"on_route":false},"geometry":{"type":"Polygon","coordinates":[[[7.011204,4.79076],[7.01116,4.790757],[7.011162,4.790718],[7.011206,4.790721],[7.011204,4.79076]]]}},{"type":"Feature","properties":{"h":3.0,"on_route":false},"geometry":{"type":"Polygon","coordinates":[[[7.009705,4.792958],[7.009633,4.793013],[7.009619,4.792993],[7.009601,4.793006],[7.009549,4.792938],[7.009567,4.792925],[7.009563,4.79292],[7.009603,4.792889],[7.009584,4.792865],[7.009617,4.79284],[7.009705,4.792958]]]}},{"type":"Feature","properties":{"h":3.0,"on_route":false},"geometry":{"type":"Polygon","coordinates":[[[7.011067,4.790598],[7.011115,4.790667],[7.011095,4.790681],[7.011047,4.790613],[7.011067,4.790598]]]}},{"type":"Feature","properties":{"h":3.0,"on_route":false},"geometry":{"type":"Polygon","coordinates":[[[7.00709,4.788972],[7.006892,4.78928],[7.006827,4.789238],[7.007025,4.78893],[7.00709,4.788972]]]}},{"type":"Feature","properties":{"h":3.0,"on_route":false},"geometry":{"type":"Polygon","coordinates":[[[7.006067,4.790786],[7.006058,4.790802],[7.006109,4.790831],[7.006058,4.79092],[7.00594,4.790853],[7.005999,4.790748],[7.006067,4.790786]]]}},{"type":"Feature","properties":{"h":3.0,"on_route":false},"geometry":{"type":"Polygon","coordinates":[[[7.008202,4.789562],[7.00816,4.789594],[7.008124,4.789546],[7.008165,4.789514],[7.008202,4.789562]]]}},{"type":"Feature","properties":{"h":3.0,"on_route":false},"geometry":{"type":"Polygon","coordinates":[[[7.01074,4.79205],[7.010824,4.792171],[7.010847,4.792156],[7.010873,4.792194],[7.010823,4.792229],[7.010713,4.792069],[7.01074,4.79205]]]}},{"type":"Feature","properties":{"h":3.0,"on_route":false},"geometry":{"type":"Polygon","coordinates":[[[7.010077,4.792723],[7.010077,4.792786],[7.010012,4.792786],[7.010011,4.792831],[7.009913,4.792831],[7.009914,4.792722],[7.010077,4.792723]]]}},{"type":"Feature","properties":{"h":3.0,"on_route":false},"geometry":{"type":"Polygon","coordinates":[[[7.012356,4.793425],[7.012239,4.793433],[7.012231,4.793322],[7.012304,4.793317],[7.012302,4.793289],[7.012346,4.793286],[7.012356,4.793425]]]}},{"type":"Feature","properties":{"h":3.0,"on_route":false},"geometry":{"type":"Polygon","coordinates":[[[7.010665,4.791721],[7.010542,4.791807],[7.010513,4.791766],[7.010636,4.79168],[7.010665,4.791721]]]}},{"type":"Feature","properties":{"h":3.0,"on_route":false},"geometry":{"type":"Polygon","coordinates":[[[7.008152,4.792682],[7.008043,4.792752],[7.007943,4.792595],[7.008052,4.792525],[7.008152,4.792682]]]}},{"type":"Feature","properties":{"h":3.0,"on_route":false},"geometry":{"type":"Polygon","coordinates":[[[7.00787,4.792909],[7.007768,4.792973],[7.007718,4.792892],[7.00782,4.792828],[7.00787,4.792909]]]}},{"type":"Feature","properties":{"h":3.0,"on_route":false},"geometry":{"type":"Polygon","coordinates":[[[7.013056,4.79169],[7.013006,4.791725],[7.012957,4.791655],[7.013007,4.791619],[7.013056,4.79169]]]}},{"type":"Feature","properties":{"h":3.0,"on_route":false},"geometry":{"type":"Polygon","coordinates":[[[7.009916,4.794085],[7.009756,4.794209],[7.009695,4.794131],[7.009713,4.794117],[7.0097,4.794099],[7.009841,4.793989],[7.009916,4.794085]]]}},{"type":"Feature","properties":{"h":3.0,"on_route":false},"geometry":{"type":"Polygon","coordinates":[[[7.008189,4.793269],[7.008108,4.793322],[7.008054,4.79324],[7.008135,4.793186],[7.008189,4.793269]]]}},{"type":"Feature","properties":{"h":3.0,"on_route":false},"geometry":{"type":"Polygon","coordinates":[[[7.011802,4.790923],[7.01166,4.791028],[7.011614,4.790966],[7.01171,4.790895],[7.011684,4.79086],[7.01173,4.790825],[7.011802,4.790923]]]}},{"type":"Feature","properties":{"h":3.0,"on_route":false},"geometry":{"type":"Polygon","coordinates":[[[7.009529,4.792874],[7.009512,4.792888],[7.009546,4.792933],[7.009441,4.793012],[7.009409,4.79297],[7.009352,4.793013],[7.009384,4.793056],[7.009299,4.79312],[7.009281,4.793096],[7.009253,4.793117],[7.009164,4.792998],[7.009191,4.792977],[7.00917,4.792949],[7.009221,4.792911],[7.009242,4.792938],[7.009379,4.792834],[7.009358,4.792807],[7.009417,4.792762],[7.009438,4.79279],[7.009455,4.792776],[7.009529,4.792874]]]}},{"type":"Feature","properties":{"h":3.0,"on_route":false},"geometry":{"type":"Polygon","coordinates":[[[7.009226,4.79328],[7.009182,4.793309],[7.009133,4.793237],[7.009177,4.793207],[7.009226,4.79328]]]}},{"type":"Feature","properties":{"h":3.0,"on_route":false},"geometry":{"type":"Polygon","coordinates":[[[7.012637,4.789477],[7.012591,4.78951],[7.01254,4.78944],[7.012587,4.789406],[7.012637,4.789477]]]}},{"type":"Feature","properties":{"h":3.0,"on_route":false},"geometry":{"type":"Polygon","coordinates":[[[7.006266,4.789945],[7.006248,4.789979],[7.006216,4.789962],[7.006235,4.789928],[7.006266,4.789945]]]}},{"type":"Feature","properties":{"h":3.0,"on_route":false},"geometry":{"type":"Polygon","coordinates":[[[7.009445,4.793939],[7.009518,4.79407],[7.009475,4.794094],[7.009401,4.793964],[7.009445,4.793939]]]}},{"type":"Feature","properties":{"h":3.0,"on_route":false},"geometry":{"type":"Polygon","coordinates":[[[7.012035,4.792919],[7.012004,4.792966],[7.011966,4.79294],[7.011996,4.792894],[7.012035,4.792919]]]}},{"type":"Feature","properties":{"h":3.0,"on_route":false},"geometry":{"type":"Polygon","coordinates":[[[7.006309,4.790638],[7.006225,4.790693],[7.006188,4.790636],[7.006272,4.790582],[7.006309,4.790638]]]}},{"type":"Feature","properties":{"h":3.0,"on_route":false},"geometry":{"type":"Polygon","coordinates":[[[7.013828,4.788347],[7.01383,4.788277],[7.013985,4.78828],[7.013984,4.78835],[7.013828,4.788347]]]}},{"type":"Feature","properties":{"h":3.0,"on_route":false},"geometry":{"type":"Polygon","coordinates":[[[7.012996,4.789609],[7.012922,4.789663],[7.0129,4.789632],[7.012974,4.789578],[7.012996,4.789609]]]}},{"type":"Feature","properties":{"h":3.0,"on_route":false},"geometry":{"type":"Polygon","coordinates":[[[7.013034,4.791817],[7.012916,4.791904],[7.012883,4.791859],[7.013001,4.791772],[7.013034,4.791817]]]}},{"type":"Feature","properties":{"h":3.0,"on_route":false},"geometry":{"type":"Polygon","coordinates":[[[7.008811,4.7859],[7.008759,4.785919],[7.008741,4.78587],[7.008793,4.785851],[7.008811,4.7859]]]}},{"type":"Feature","properties":{"h":3.0,"on_route":false},"geometry":{"type":"Polygon","coordinates":[[[7.012076,4.79015],[7.011983,4.790225],[7.011887,4.790104],[7.01198,4.79003],[7.012076,4.79015]]]}},{"type":"Feature","properties":{"h":3.0,"on_route":false},"geometry":{"type":"Polygon","coordinates":[[[7.006801,4.78811],[7.006636,4.788362],[7.006574,4.788321],[7.006738,4.788069],[7.006801,4.78811]]]}},{"type":"Feature","properties":{"h":3.0,"on_route":false},"geometry":{"type":"Polygon","coordinates":[[[7.011038,4.791508],[7.010993,4.791537],[7.010963,4.791491],[7.011008,4.791462],[7.011038,4.791508]]]}},{"type":"Feature","properties":{"h":3.0,"on_route":false},"geometry":{"type":"Polygon","coordinates":[[[7.006224,4.788848],[7.006184,4.788922],[7.006147,4.788902],[7.006127,4.788939],[7.00604,4.788892],[7.0061,4.788781],[7.006224,4.788848]]]}},{"type":"Feature","properties":{"h":3.0,"on_route":false},"geometry":{"type":"Polygon","coordinates":[[[7.007438,4.789285],[7.007275,4.789527],[7.007218,4.789488],[7.007381,4.789246],[7.007438,4.789285]]]}},{"type":"Feature","properties":{"h":3.0,"on_route":false},"geometry":{"type":"Polygon","coordinates":[[[7.01,4.7914],[7.009972,4.79142],[7.0099,4.791319],[7.009927,4.791299],[7.01,4.7914]]]}},{"type":"Feature","properties":{"h":3.0,"on_route":false},"geometry":{"type":"Polygon","coordinates":[[[7.008686,4.792118],[7.008679,4.79216],[7.008655,4.792155],[7.008642,4.792225],[7.008666,4.79223],[7.008634,4.792403],[7.008529,4.792384],[7.008581,4.792099],[7.008686,4.792118]]]}},{"type":"Feature","properties":{"h":3.0,"on_route":false},"geometry":{"type":"Polygon","coordinates":[[[7.008525,4.788239],[7.008651,4.788333],[7.008602,4.788399],[7.008526,4.788343],[7.00851,4.788365],[7.008465,4.788332],[7.008482,4.788309],[7.008497,4.78832],[7.008533,4.788272],[7.008512,4.788256],[7.008525,4.788239]]]}},{"type":"Feature","properties":{"h":3.0,"on_route":false},"geometry":{"type":"Polygon","coordinates":[[[7.010774,4.793488],[7.010556,4.79365],[7.010483,4.79355],[7.010701,4.793389],[7.010774,4.793488]]]}},{"type":"Feature","properties":{"h":3.0,"on_route":false},"geometry":{"type":"Polygon","coordinates":[[[7.008479,4.78823],[7.008463,4.788268],[7.008422,4.788252],[7.008438,4.788213],[7.008479,4.78823]]]}},{"type":"Feature","properties":{"h":3.0,"on_route":false},"geometry":{"type":"Polygon","coordinates":[[[7.007698,4.786174],[7.007657,4.786347],[7.007475,4.786304],[7.007516,4.786131],[7.007698,4.786174]]]}},{"type":"Feature","properties":{"h":3.0,"on_route":false},"geometry":{"type":"Polygon","coordinates":[[[7.011212,4.790452],[7.011092,4.790536],[7.011044,4.790467],[7.011164,4.790383],[7.011212,4.790452]]]}},{"type":"Feature","properties":{"h":3.0,"on_route":false},"geometry":{"type":"Polygon","coordinates":[[[7.010957,4.789742],[7.010933,4.789764],[7.010903,4.789729],[7.010927,4.789708],[7.010957,4.789742]]]}},{"type":"Feature","properties":{"h":3.0,"on_route":false},"geometry":{"type":"Polygon","coordinates":[[[7.009428,4.791611],[7.009462,4.791605],[7.009477,4.791681],[7.009503,4.791676],[7.009525,4.791793],[7.009379,4.791821],[7.009366,4.791749],[7.009333,4.791755],[7.009319,4.791681],[7.009287,4.791687],[7.009264,4.791565],[7.009414,4.791537],[7.009428,4.791611]]]}},{"type":"Feature","properties":{"h":3.0,"on_route":false},"geometry":{"type":"Polygon","coordinates":[[[7.009775,4.793121],[7.009655,4.793161],[7.009666,4.793195],[7.009579,4.793224],[7.009534,4.793089],[7.009742,4.79302],[7.009775,4.793121]]]}},{"type":"Feature","properties":{"h":3.0,"on_route":false},"geometry":{"type":"Polygon","coordinates":[[[7.010278,4.794156],[7.010273,4.794179],[7.010248,4.794174],[7.010252,4.794151],[7.010278,4.794156]]]}},{"type":"Feature","properties":{"h":3.0,"on_route":false},"geometry":{"type":"Polygon","coordinates":[[[7.013976,4.789924],[7.013968,4.79],[7.013604,4.789965],[7.013612,4.789889],[7.013976,4.789924]]]}},{"type":"Feature","properties":{"h":3.0,"on_route":false},"geometry":{"type":"Polygon","coordinates":[[[7.007606,4.788227],[7.007629,4.788191],[7.007705,4.78824],[7.007567,4.788453],[7.007491,4.788404],[7.007563,4.788293],[7.007413,4.788196],[7.007456,4.788129],[7.007606,4.788227]]]}},{"type":"Feature","properties":{"h":3.0,"on_route":false},"geometry":{"type":"Polygon","coordinates":[[[7.010443,4.794211],[7.010449,4.79419],[7.010486,4.7942],[7.010453,4.794314],[7.010315,4.794275],[7.010342,4.794182],[7.010443,4.794211]]]}},{"type":"Feature","properties":{"h":3.0,"on_route":false},"geometry":{"type":"Polygon","coordinates":[[[7.009941,4.786212],[7.009917,4.78627],[7.009804,4.786222],[7.009828,4.786164],[7.009941,4.786212]]]}},{"type":"Feature","properties":{"h":3.0,"on_route":false},"geometry":{"type":"Polygon","coordinates":[[[7.00799,4.785952],[7.008017,4.785943],[7.008062,4.786087],[7.007921,4.786131],[7.007867,4.785957],[7.007981,4.785921],[7.00799,4.785952]]]}},{"type":"Feature","properties":{"h":3.0,"on_route":false},"geometry":{"type":"Polygon","coordinates":[[[7.007883,4.78862],[7.007819,4.788578],[7.007915,4.78843],[7.007979,4.788471],[7.007883,4.78862]]]}},{"type":"Feature","properties":{"h":3.0,"on_route":false},"geometry":{"type":"Polygon","coordinates":[[[7.012209,4.793584],[7.012209,4.793642],[7.012107,4.793639],[7.012109,4.793581],[7.012209,4.793584]]]}},{"type":"Feature","properties":{"h":3.0,"on_route":false},"geometry":{"type":"Polygon","coordinates":[[[7.01141,4.791592],[7.011344,4.791638],[7.011266,4.791527],[7.011332,4.79148],[7.01141,4.791592]]]}},{"type":"Feature","properties":{"h":3.0,"on_route":false},"geometry":{"type":"Polygon","coordinates":[[[7.011453,4.789064],[7.011419,4.789089],[7.011406,4.789085],[7.011415,4.78906],[7.011461,4.789039],[7.011453,4.789064]]]}},{"type":"Feature","properties":{"h":3.0,"on_route":false},"geometry":{"type":"Polygon","coordinates":[[[7.009059,4.78786],[7.009017,4.787876],[7.008976,4.787764],[7.009019,4.787748],[7.009059,4.78786]]]}},{"type":"Feature","properties":{"h":3.0,"on_route":false},"geometry":{"type":"Polygon","coordinates":[[[7.013037,4.788314],[7.013042,4.788357],[7.013005,4.788361],[7.013,4.788318],[7.013037,4.788314]]]}},{"type":"Feature","properties":{"h":3.0,"on_route":false},"geometry":{"type":"Polygon","coordinates":[[[7.011306,4.793613],[7.011181,4.793714],[7.011064,4.793567],[7.011189,4.793466],[7.011306,4.793613]]]}},{"type":"Feature","properties":{"h":3.0,"on_route":false},"geometry":{"type":"Polygon","coordinates":[[[7.010628,4.786521],[7.010564,4.786653],[7.010506,4.786624],[7.010528,4.78658],[7.010496,4.786564],[7.010474,4.786609],[7.010415,4.78658],[7.010478,4.786448],[7.010628,4.786521]]]}},{"type":"Feature","properties":{"h":3.0,"on_route":false},"geometry":{"type":"Polygon","coordinates":[[[7.010064,4.790428],[7.010034,4.790386],[7.010124,4.790323],[7.010153,4.790365],[7.010064,4.790428]]]}},{"type":"Feature","properties":{"h":3.0,"on_route":false},"geometry":{"type":"Polygon","coordinates":[[[7.013249,4.788673],[7.013309,4.788762],[7.01327,4.788789],[7.01321,4.788699],[7.013249,4.788673]]]}},{"type":"Feature","properties":{"h":3.0,"on_route":false},"geometry":{"type":"Polygon","coordinates":[[[7.012958,4.792765],[7.012956,4.792811],[7.012929,4.792811],[7.012928,4.792846],[7.012843,4.792844],[7.012845,4.792762],[7.012958,4.792765]]]}},{"type":"Feature","properties":{"h":3.0,"on_route":false},"geometry":{"type":"Polygon","coordinates":[[[7.011939,4.791918],[7.011918,4.791936],[7.011893,4.791904],[7.011915,4.791887],[7.011939,4.791918]]]}},{"type":"Feature","properties":{"h":3.0,"on_route":false},"geometry":{"type":"Polygon","coordinates":[[[7.011345,4.790643],[7.011292,4.79068],[7.011262,4.790637],[7.011314,4.7906],[7.011345,4.790643]]]}},{"type":"Feature","properties":{"h":3.0,"on_route":false},"geometry":{"type":"Polygon","coordinates":[[[7.008313,4.792008],[7.008296,4.792024],[7.008265,4.791989],[7.008282,4.791974],[7.008313,4.792008]]]}},{"type":"Feature","properties":{"h":3.0,"on_route":false},"geometry":{"type":"Polygon","coordinates":[[[7.009325,4.786738],[7.0093,4.786777],[7.00922,4.786726],[7.009245,4.786686],[7.009325,4.786738]]]}},{"type":"Feature","properties":{"h":3.0,"on_route":false},"geometry":{"type":"Polygon","coordinates":[[[7.008827,4.788074],[7.008786,4.788193],[7.008633,4.78814],[7.008674,4.788021],[7.008827,4.788074]]]}},{"type":"Feature","properties":{"h":3.0,"on_route":false},"geometry":{"type":"Polygon","coordinates":[[[7.010375,4.791368],[7.010309,4.791414],[7.010251,4.79133],[7.010316,4.791284],[7.010375,4.791368]]]}},{"type":"Feature","properties":{"h":3.0,"on_route":false},"geometry":{"type":"Polygon","coordinates":[[[7.008566,4.787644],[7.008545,4.787722],[7.008445,4.787695],[7.008466,4.787617],[7.008566,4.787644]]]}},{"type":"Feature","properties":{"h":3.0,"on_route":false},"geometry":{"type":"Polygon","coordinates":[[[7.00986,4.791333],[7.00974,4.791403],[7.009689,4.791316],[7.009809,4.791246],[7.00986,4.791333]]]}},{"type":"Feature","properties":{"h":3.0,"on_route":false},"geometry":{"type":"Polygon","coordinates":[[[7.007483,4.786423],[7.007445,4.786579],[7.007323,4.786548],[7.007361,4.786392],[7.007483,4.786423]]]}},{"type":"Feature","properties":{"h":3.0,"on_route":false},"geometry":{"type":"Polygon","coordinates":[[[7.009669,4.792188],[7.009651,4.792201],[7.009784,4.792387],[7.009582,4.792532],[7.009429,4.792317],[7.009648,4.792159],[7.009669,4.792188]]]}},{"type":"Feature","properties":{"h":3.0,"on_route":false},"geometry":{"type":"Polygon","coordinates":[[[7.011329,4.789304],[7.011167,4.789462],[7.01109,4.789382],[7.011139,4.789335],[7.011158,4.789356],[7.011196,4.789319],[7.011161,4.789283],[7.011237,4.789209],[7.011329,4.789304]]]}},{"type":"Feature","properties":{"h":3.0,"on_route":false},"geometry":{"type":"Polygon","coordinates":[[[7.006199,4.789139],[7.006175,4.789179],[7.006105,4.789138],[7.006129,4.789097],[7.006199,4.789139]]]}},{"type":"Feature","properties":{"h":3.0,"on_route":false},"geometry":{"type":"Polygon","coordinates":[[[7.010334,4.790661],[7.010071,4.790864],[7.009991,4.790761],[7.010254,4.790557],[7.010334,4.790661]]]}},{"type":"Feature","properties":{"h":3.0,"on_route":false},"geometry":{"type":"Polygon","coordinates":[[[7.010695,4.792069],[7.010657,4.792097],[7.010631,4.792061],[7.010669,4.792034],[7.010695,4.792069]]]}},{"type":"Feature","properties":{"h":3.0,"on_route":false},"geometry":{"type":"Polygon","coordinates":[[[7.012808,4.789402],[7.01266,4.789509],[7.012587,4.789406],[7.012627,4.789378],[7.012606,4.789347],[7.012653,4.789313],[7.012675,4.789343],[7.012735,4.7893],[7.012808,4.789402]]]}},{"type":"Feature","properties":{"h":3.0,"on_route":false},"geometry":{"type":"Polygon","coordinates":[[[7.007795,4.79102],[7.007646,4.791061],[7.007623,4.790978],[7.007772,4.790937],[7.007795,4.79102]]]}},{"type":"Feature","properties":{"h":3.0,"on_route":false},"geometry":{"type":"Polygon","coordinates":[[[7.009985,4.79287],[7.009982,4.792919],[7.009905,4.792914],[7.009909,4.792865],[7.009985,4.79287]]]}},{"type":"Feature","properties":{"h":3.0,"on_route":false},"geometry":{"type":"Polygon","coordinates":[[[7.006027,4.789616],[7.006033,4.789661],[7.005965,4.78967],[7.005959,4.789625],[7.006027,4.789616]]]}},{"type":"Feature","properties":{"h":3.0,"on_route":false},"geometry":{"type":"Polygon","coordinates":[[[7.007471,4.792966],[7.00746,4.79295],[7.007423,4.792975],[7.007365,4.792888],[7.007517,4.792786],[7.007586,4.79289],[7.007471,4.792966]]]}},{"type":"Feature","properties":{"h":3.0,"on_route":false},"geometry":{"type":"Polygon","coordinates":[[[7.011794,4.793602],[7.011764,4.793595],[7.011786,4.793506],[7.011817,4.793514],[7.011794,4.793602]]]}},{"type":"Feature","properties":{"h":3.0,"on_route":false},"geometry":{"type":"Polygon","coordinates":[[[7.007146,4.791424],[7.007008,4.791716],[7.006946,4.791687],[7.007084,4.791395],[7.007146,4.791424]]]}},{"type":"Feature","properties":{"h":3.0,"on_route":false},"geometry":{"type":"Polygon","coordinates":[[[7.007434,4.788779],[7.007389,4.788857],[7.007346,4.788831],[7.007391,4.788753],[7.007434,4.788779]]]}},{"type":"Feature","properties":{"h":3.0,"on_route":false},"geometry":{"type":"Polygon","coordinates":[[[7.012267,4.789989],[7.012215,4.789996],[7.012201,4.789892],[7.012254,4.789885],[7.012267,4.789989]]]}},{"type":"Feature","properties":{"h":3.0,"on_route":false},"geometry":{"type":"Polygon","coordinates":[[[7.012219,4.791152],[7.012096,4.791245],[7.012007,4.791127],[7.012063,4.791085],[7.012078,4.791104],[7.012145,4.791054],[7.012219,4.791152]]]}},{"type":"Feature","properties":{"h":3.0,"on_route":false},"geometry":{"type":"Polygon","coordinates":[[[7.013629,4.789078],[7.013658,4.789057],[7.013691,4.789102],[7.013607,4.789165],[7.013514,4.789041],[7.013571,4.788999],[7.013629,4.789078]]]}},{"type":"Feature","properties":{"h":3.0,"on_route":false},"geometry":{"type":"Polygon","coordinates":[[[7.013948,4.788742],[7.013945,4.788857],[7.013987,4.788857],[7.013986,4.78889],[7.013916,4.788889],[7.013916,4.78892],[7.013859,4.788918],[7.01386,4.788867],[7.013733,4.788864],[7.013736,4.788737],[7.013948,4.788742]]]}},{"type":"Feature","properties":{"h":3.0,"on_route":false},"geometry":{"type":"Polygon","coordinates":[[[7.011789,4.789142],[7.011754,4.78916],[7.011735,4.78912],[7.01177,4.789103],[7.011789,4.789142]]]}},{"type":"Feature","properties":{"h":3.0,"on_route":false},"geometry":{"type":"Polygon","coordinates":[[[7.008848,4.7923],[7.008819,4.792329],[7.008777,4.792287],[7.008805,4.792258],[7.008848,4.7923]]]}},{"type":"Feature","properties":{"h":3.0,"on_route":false},"geometry":{"type":"Polygon","coordinates":[[[7.006263,4.78903],[7.006199,4.789139],[7.006103,4.789082],[7.006166,4.788973],[7.006263,4.78903]]]}},{"type":"Feature","properties":{"h":3.0,"on_route":false},"geometry":{"type":"Polygon","coordinates":[[[7.013603,4.788837],[7.013441,4.788834],[7.013442,4.788773],[7.013405,4.788772],[7.013407,4.78869],[7.013606,4.788694],[7.013603,4.788837]]]}},{"type":"Feature","properties":{"h":3.0,"on_route":false},"geometry":{"type":"Polygon","coordinates":[[[7.008329,4.791472],[7.008276,4.79151],[7.008243,4.791464],[7.008297,4.791426],[7.008329,4.791472]]]}},{"type":"Feature","properties":{"h":3.0,"on_route":false},"geometry":{"type":"Polygon","coordinates":[[[7.010671,4.789733],[7.010648,4.789889],[7.010536,4.789872],[7.010559,4.789717],[7.010671,4.789733]]]}},{"type":"Feature","properties":{"h":3.0,"on_route":false},"geometry":{"type":"Polygon","coordinates":[[[7.007174,4.793354],[7.007082,4.79342],[7.007047,4.793371],[7.007139,4.793305],[7.007174,4.793354]]]}},{"type":"Feature","properties":{"h":3.0,"on_route":false},"geometry":{"type":"Polygon","coordinates":[[[7.012723,4.792109],[7.012549,4.792233],[7.012485,4.792142],[7.012659,4.792018],[7.012723,4.792109]]]}},{"type":"Feature","properties":{"h":3.0,"on_route":false},"geometry":{"type":"Polygon","coordinates":[[[7.008914,4.787743],[7.008961,4.787872],[7.009009,4.787855],[7.009028,4.787907],[7.00898,4.787924],[7.008968,4.787893],[7.008935,4.787905],[7.008881,4.787755],[7.008914,4.787743]]]}},{"type":"Feature","properties":{"h":3.0,"on_route":false},"geometry":{"type":"Polygon","coordinates":[[[7.011112,4.789884],[7.011069,4.789903],[7.011056,4.789875],[7.0111,4.789856],[7.011112,4.789884]]]}},{"type":"Feature","properties":{"h":3.0,"on_route":false},"geometry":{"type":"Polygon","coordinates":[[[7.013596,4.789871],[7.013596,4.7899],[7.013565,4.7899],[7.013565,4.789871],[7.013596,4.789871]]]}},{"type":"Feature","properties":{"h":3.0,"on_route":false},"geometry":{"type":"Polygon","coordinates":[[[7.01024,4.791441],[7.009944,4.791676],[7.009873,4.791586],[7.010168,4.791351],[7.01024,4.791441]]]}},{"type":"Feature","properties":{"h":3.0,"on_route":false},"geometry":{"type":"Polygon","coordinates":[[[7.011589,4.79376],[7.011527,4.79381],[7.011386,4.793636],[7.011448,4.793586],[7.011589,4.79376]]]}},{"type":"Feature","properties":{"h":3.0,"on_route":false},"geometry":{"type":"Polygon","coordinates":[[[7.010425,4.790934],[7.010336,4.791002],[7.010315,4.790974],[7.010403,4.790906],[7.010425,4.790934]]]}},{"type":"Feature","properties":{"h":3.0,"on_route":false},"geometry":{"type":"Polygon","coordinates":[[[7.012935,4.792566],[7.0129,4.792594],[7.01284,4.792518],[7.012875,4.79249],[7.012935,4.792566]]]}},{"type":"Feature","properties":{"h":3.0,"on_route":false},"geometry":{"type":"Polygon","coordinates":[[[7.012474,4.793144],[7.01247,4.793217],[7.012452,4.793216],[7.012451,4.79324],[7.012403,4.793237],[7.012408,4.79314],[7.012474,4.793144]]]}},{"type":"Feature","properties":{"h":3.0,"on_route":false},"geometry":{"type":"Polygon","coordinates":[[[7.010309,4.790053],[7.010319,4.790172],[7.010252,4.790178],[7.010242,4.790059],[7.010309,4.790053]]]}},{"type":"Feature","properties":{"h":3.0,"on_route":false},"geometry":{"type":"Polygon","coordinates":[[[7.008052,4.791464],[7.007992,4.79149],[7.007971,4.791441],[7.008031,4.791415],[7.008052,4.791464]]]}},{"type":"Feature","properties":{"h":3.0,"on_route":false},"geometry":{"type":"Polygon","coordinates":[[[7.012816,4.791807],[7.012715,4.791875],[7.012645,4.791771],[7.012746,4.791702],[7.012816,4.791807]]]}},{"type":"Feature","properties":{"h":3.0,"on_route":false},"geometry":{"type":"Polygon","coordinates":[[[7.008955,4.787483],[7.008896,4.787504],[7.008867,4.787422],[7.008926,4.7874],[7.008955,4.787483]]]}},{"type":"Feature","properties":{"h":3.0,"on_route":false},"geometry":{"type":"Polygon","coordinates":[[[7.007424,4.792705],[7.007378,4.792738],[7.007359,4.792713],[7.00731,4.792748],[7.007259,4.792678],[7.007354,4.792609],[7.007424,4.792705]]]}},{"type":"Feature","properties":{"h":3.0,"on_route":false},"geometry":{"type":"Polygon","coordinates":[[[7.009189,4.792071],[7.009109,4.792116],[7.009072,4.792051],[7.009152,4.792005],[7.009189,4.792071]]]}},{"type":"Feature","properties":{"h":3.0,"on_route":false},"geometry":{"type":"Polygon","coordinates":[[[7.009071,4.786959],[7.008945,4.787022],[7.008883,4.786896],[7.008801,4.786937],[7.008786,4.786906],[7.008704,4.786947],[7.008639,4.786816],[7.008763,4.786754],[7.008745,4.786717],[7.008911,4.786635],[7.009071,4.786959]]]}},{"type":"Feature","properties":{"h":3.0,"on_route":false},"geometry":{"type":"Polygon","coordinates":[[[7.012746,4.791702],[7.012669,4.791754],[7.012623,4.791686],[7.012584,4.791713],[7.012544,4.791654],[7.01266,4.791576],[7.012746,4.791702]]]}},{"type":"Feature","properties":{"h":3.0,"on_route":false},"geometry":{"type":"Polygon","coordinates":[[[7.006123,4.79071],[7.006097,4.79076],[7.006015,4.790715],[7.006041,4.790666],[7.006123,4.79071]]]}},{"type":"Feature","properties":{"h":3.0,"on_route":false},"geometry":{"type":"Polygon","coordinates":[[[7.013308,4.790263],[7.013303,4.790318],[7.013281,4.790316],[7.013282,4.790296],[7.01326,4.790294],[7.013263,4.790259],[7.013308,4.790263]]]}},{"type":"Feature","properties":{"h":3.0,"on_route":false},"geometry":{"type":"Polygon","coordinates":[[[7.007856,4.788229],[7.007814,4.788298],[7.007732,4.788247],[7.007774,4.788179],[7.007856,4.788229]]]}},{"type":"Feature","properties":{"h":3.0,"on_route":false},"geometry":{"type":"Polygon","coordinates":[[[7.007404,4.787715],[7.007346,4.787806],[7.00725,4.787744],[7.007309,4.787653],[7.007404,4.787715]]]}},{"type":"Feature","properties":{"h":3.0,"on_route":false},"geometry":{"type":"Polygon","coordinates":[[[7.013078,4.789064],[7.012987,4.789126],[7.013087,4.789273],[7.012976,4.789349],[7.01286,4.789178],[7.012894,4.789155],[7.012823,4.789049],[7.012991,4.788935],[7.013078,4.789064]]]}},{"type":"Feature","properties":{"h":3.0,"on_route":false},"geometry":{"type":"Polygon","coordinates":[[[7.007938,4.792262],[7.007972,4.792236],[7.008002,4.792275],[7.007964,4.792304],[7.007992,4.792341],[7.00796,4.792366],[7.007891,4.792274],[7.007926,4.792247],[7.007938,4.792262]]]}},{"type":"Feature","properties":{"h":3.0,"on_route":false},"geometry":{"type":"Polygon","coordinates":[[[7.012717,4.788444],[7.012642,4.788475],[7.012619,4.788417],[7.012694,4.788387],[7.012717,4.788444]]]}},{"type":"Feature","properties":{"h":3.0,"on_route":false},"geometry":{"type":"Polygon","coordinates":[[[7.011651,4.793924],[7.011499,4.794047],[7.011424,4.793955],[7.011575,4.793831],[7.011651,4.793924]]]}},{"type":"Feature","properties":{"h":3.0,"on_route":false},"geometry":{"type":"Polygon","coordinates":[[[7.008681,4.791403],[7.008551,4.791498],[7.008538,4.791479],[7.008513,4.791497],[7.008481,4.791453],[7.008505,4.791435],[7.008409,4.791303],[7.008538,4.791208],[7.008681,4.791403]]]}},{"type":"Feature","properties":{"h":3.0,"on_route":false},"geometry":{"type":"Polygon","coordinates":[[[7.01283,4.79223],[7.012603,4.792254],[7.012597,4.792196],[7.012824,4.792172],[7.01283,4.79223]]]}},{"type":"Feature","properties":{"h":3.0,"on_route":false},"geometry":{"type":"Polygon","coordinates":[[[7.009587,4.787247],[7.009653,4.787317],[7.009612,4.787355],[7.009546,4.787285],[7.009587,4.787247]]]}},{"type":"Feature","properties":{"h":3.0,"on_route":false},"geometry":{"type":"Polygon","coordinates":[[[7.007585,4.788166],[7.00757,4.788198],[7.007527,4.788179],[7.007542,4.788147],[7.007585,4.788166]]]}},{"type":"Feature","properties":{"h":3.0,"on_route":false},"geometry":{"type":"Polygon","coordinates":[[[7.009625,4.791986],[7.009485,4.792092],[7.009403,4.791981],[7.009542,4.791876],[7.009625,4.791986]]]}},{"type":"Feature","properties":{"h":3.0,"on_route":false},"geometry":{"type":"Polygon","coordinates":[[[7.009498,4.78766],[7.009492,4.787715],[7.009447,4.78771],[7.009453,4.787655],[7.009498,4.78766]]]}},{"type":"Feature","properties":{"h":3.0,"on_route":false},"geometry":{"type":"Polygon","coordinates":[[[7.0104,4.786811],[7.010438,4.78679],[7.010467,4.786842],[7.010429,4.786863],[7.010453,4.786907],[7.010353,4.786962],[7.010276,4.786822],[7.010376,4.786767],[7.0104,4.786811]]]}},{"type":"Feature","properties":{"h":3.0,"on_route":false},"geometry":{"type":"Polygon","coordinates":[[[7.011196,4.79319],[7.011161,4.793142],[7.011238,4.793086],[7.011272,4.793134],[7.011196,4.79319]]]}},{"type":"Feature","properties":{"h":3.0,"on_route":false},"geometry":{"type":"Polygon","coordinates":[[[7.008716,4.788829],[7.008667,4.788893],[7.008479,4.788749],[7.008528,4.788685],[7.008716,4.788829]]]}},{"type":"Feature","properties":{"h":3.0,"on_route":false},"geometry":{"type":"Polygon","coordinates":[[[7.007634,4.787886],[7.007618,4.787922],[7.007573,4.787902],[7.007589,4.787866],[7.007634,4.787886]]]}},{"type":"Feature","properties":{"h":3.0,"on_route":false},"geometry":{"type":"Polygon","coordinates":[[[7.009074,4.79215],[7.008893,4.79229],[7.008851,4.792236],[7.009032,4.792096],[7.009074,4.79215]]]}},{"type":"Feature","properties":{"h":3.0,"on_route":false},"geometry":{"type":"Polygon","coordinates":[[[7.00728,4.789664],[7.007107,4.78984],[7.007049,4.789783],[7.007222,4.789608],[7.00728,4.789664]]]}},{"type":"Feature","properties":{"h":3.0,"on_route":false},"geometry":{"type":"Polygon","coordinates":[[[7.010577,4.789596],[7.010559,4.789717],[7.010399,4.789693],[7.010417,4.789572],[7.010577,4.789596]]]}},{"type":"Feature","properties":{"h":3.0,"on_route":false},"geometry":{"type":"Polygon","coordinates":[[[7.006214,4.790832],[7.006187,4.790875],[7.006093,4.790816],[7.00612,4.790773],[7.006214,4.790832]]]}},{"type":"Feature","properties":{"h":3.0,"on_route":false},"geometry":{"type":"Polygon","coordinates":[[[7.006328,4.789622],[7.006182,4.789642],[7.006185,4.789667],[7.006037,4.789686],[7.006023,4.789579],[7.006168,4.78956],[7.006157,4.78948],[7.006226,4.789471],[7.006233,4.789518],[7.006265,4.789514],[7.006269,4.789547],[7.006317,4.78954],[7.006328,4.789622]]]}},{"type":"Feature","properties":{"h":3.0,"on_route":false},"geometry":{"type":"Polygon","coordinates":[[[7.008575,4.791048],[7.00854,4.791138],[7.008455,4.791104],[7.008491,4.791014],[7.008575,4.791048]]]}},{"type":"Feature","properties":{"h":3.0,"on_route":false},"geometry":{"type":"Polygon","coordinates":[[[7.00953,4.792152],[7.009435,4.792223],[7.009308,4.792053],[7.009403,4.791981],[7.00953,4.792152]]]}},{"type":"Feature","properties":{"h":3.0,"on_route":false},"geometry":{"type":"Polygon","coordinates":[[[7.00912,4.786548],[7.009099,4.786621],[7.008992,4.78659],[7.009013,4.786517],[7.00912,4.786548]]]}},{"type":"Feature","properties":{"h":3.0,"on_route":false},"geometry":{"type":"Polygon","coordinates":[[[7.00801,4.792534],[7.00789,4.792606],[7.007856,4.792549],[7.007976,4.792477],[7.00801,4.792534]]]}},{"type":"Feature","properties":{"h":3.0,"on_route":false},"geometry":{"type":"Polygon","coordinates":[[[7.008163,4.7892],[7.007944,4.789267],[7.007915,4.789172],[7.008134,4.789106],[7.008163,4.7892]]]}},{"type":"Feature","properties":{"h":3.0,"on_route":false},"geometry":{"type":"Polygon","coordinates":[[[7.007664,4.79143],[7.007616,4.791459],[7.00756,4.791369],[7.007608,4.791339],[7.007664,4.79143]]]}},{"type":"Feature","properties":{"h":3.0,"on_route":false},"geometry":{"type":"Polygon","coordinates":[[[7.010467,4.790363],[7.01053,4.79046],[7.010487,4.790488],[7.010424,4.790392],[7.010467,4.790363]]]}},{"type":"Feature","properties":{"h":3.0,"on_route":false},"geometry":{"type":"Polygon","coordinates":[[[7.011869,4.785903],[7.01184,4.785899],[7.011853,4.785811],[7.011883,4.785815],[7.011869,4.785903]]]}},{"type":"Feature","properties":{"h":3.0,"on_route":false},"geometry":{"type":"Polygon","coordinates":[[[7.010278,4.786634],[7.01021,4.786787],[7.010191,4.786778],[7.01017,4.786824],[7.009963,4.78673],[7.010052,4.786531],[7.010278,4.786634]]]}},{"type":"Feature","properties":{"h":3.0,"on_route":false},"geometry":{"type":"Polygon","coordinates":[[[7.010197,4.794148],[7.010114,4.794065],[7.010236,4.793942],[7.010319,4.794024],[7.010197,4.794148]]]}},{"type":"Feature","properties":{"h":3.0,"on_route":false},"geometry":{"type":"Polygon","coordinates":[[[7.009915,4.792331],[7.009877,4.792354],[7.009844,4.792301],[7.009882,4.792278],[7.009915,4.792331]]]}},{"type":"Feature","properties":{"h":3.0,"on_route":false},"geometry":{"type":"Polygon","coordinates":[[[7.00641,4.789151],[7.006392,4.789195],[7.006359,4.789182],[7.006378,4.789137],[7.00641,4.789151]]]}},{"type":"Feature","properties":{"h":3.0,"on_route":false},"geometry":{"type":"Polygon","coordinates":[[[7.011048,4.790792],[7.010997,4.790829],[7.010971,4.790792],[7.011021,4.790755],[7.011048,4.790792]]]}},{"type":"Feature","properties":{"h":3.0,"on_route":false},"geometry":{"type":"Polygon","coordinates":[[[7.006459,4.790046],[7.0063,4.790298],[7.006169,4.790215],[7.006317,4.78998],[7.006359,4.790006],[7.00637,4.789989],[7.006459,4.790046]]]}},{"type":"Feature","properties":{"h":3.0,"on_route":false},"geometry":{"type":"Polygon","coordinates":[[[7.008232,4.793877],[7.008103,4.793972],[7.008067,4.793923],[7.008197,4.793828],[7.008232,4.793877]]]}},{"type":"Feature","properties":{"h":3.0,"on_route":false},"geometry":{"type":"Polygon","coordinates":[[[7.010329,4.789952],[7.010328,4.790004],[7.010287,4.790003],[7.010288,4.789951],[7.010329,4.789952]]]}},{"type":"Feature","properties":{"h":3.0,"on_route":false},"geometry":{"type":"Polygon","coordinates":[[[7.00934,4.792447],[7.009293,4.79248],[7.009278,4.792459],[7.009224,4.792497],[7.00924,4.792519],[7.00928,4.79249],[7.009329,4.792559],[7.009179,4.792667],[7.009114,4.792576],[7.009143,4.792555],[7.009117,4.792519],[7.009137,4.792504],[7.009126,4.792489],[7.009158,4.792466],[7.009078,4.792353],[7.009127,4.792318],[7.009208,4.79226],[7.00934,4.792447]]]}},{"type":"Feature","properties":{"h":3.0,"on_route":false},"geometry":{"type":"Polygon","coordinates":[[[7.010079,4.791088],[7.01004,4.791108],[7.010011,4.791049],[7.01005,4.79103],[7.010079,4.791088]]]}},{"type":"Feature","properties":{"h":3.0,"on_route":false},"geometry":{"type":"Polygon","coordinates":[[[7.008365,4.788636],[7.008336,4.788682],[7.008233,4.788616],[7.008263,4.78857],[7.008365,4.788636]]]}},{"type":"Feature","properties":{"h":3.0,"on_route":false},"geometry":{"type":"Polygon","coordinates":[[[7.008168,4.789508],[7.008138,4.789538],[7.008048,4.789446],[7.008079,4.789416],[7.008168,4.789508]]]}},{"type":"Feature","properties":{"h":3.0,"on_route":false},"geometry":{"type":"Polygon","coordinates":[[[7.011104,4.793238],[7.011055,4.79327],[7.011035,4.793238],[7.011083,4.793206],[7.011104,4.793238]]]}},{"type":"Feature","properties":{"h":3.0,"on_route":false},"geometry":{"type":"Polygon","coordinates":[[[7.008578,4.78891],[7.008496,4.788946],[7.008472,4.78889],[7.008553,4.788854],[7.008578,4.78891]]]}},{"type":"Feature","properties":{"h":3.0,"on_route":false},"geometry":{"type":"Polygon","coordinates":[[[7.00971,4.787274],[7.009651,4.787302],[7.009612,4.787219],[7.009671,4.78719],[7.00971,4.787274]]]}},{"type":"Feature","properties":{"h":3.0,"on_route":false},"geometry":{"type":"Polygon","coordinates":[[[7.007468,4.792748],[7.007424,4.792772],[7.007396,4.79272],[7.00744,4.792696],[7.007468,4.792748]]]}},{"type":"Feature","properties":{"h":3.0,"on_route":false},"geometry":{"type":"Polygon","coordinates":[[[7.00762,4.788609],[7.007586,4.788589],[7.00752,4.788697],[7.007443,4.78865],[7.007553,4.788469],[7.007664,4.788537],[7.00762,4.788609]]]}},{"type":"Feature","properties":{"h":3.0,"on_route":false},"geometry":{"type":"Polygon","coordinates":[[[7.013086,4.790729],[7.013052,4.790752],[7.013009,4.790689],[7.013043,4.790665],[7.013086,4.790729]]]}},{"type":"Feature","properties":{"h":3.0,"on_route":false},"geometry":{"type":"Polygon","coordinates":[[[7.008256,4.792733],[7.008078,4.792866],[7.008092,4.792884],[7.008028,4.792931],[7.007967,4.792848],[7.008208,4.792668],[7.008256,4.792733]]]}},{"type":"Feature","properties":{"h":3.0,"on_route":false},"geometry":{"type":"Polygon","coordinates":[[[7.009888,4.787316],[7.009894,4.787356],[7.009871,4.78736],[7.009864,4.78732],[7.009888,4.787316]]]}},{"type":"Feature","properties":{"h":3.0,"on_route":false},"geometry":{"type":"Polygon","coordinates":[[[7.011332,4.790047],[7.01129,4.790066],[7.011275,4.790033],[7.011317,4.790014],[7.011332,4.790047]]]}},{"type":"Feature","properties":{"h":3.0,"on_route":false},"geometry":{"type":"Polygon","coordinates":[[[7.011755,4.790209],[7.011738,4.790239],[7.011707,4.790221],[7.011724,4.790191],[7.011755,4.790209]]]}},{"type":"Feature","properties":{"h":3.0,"on_route":false},"geometry":{"type":"Polygon","coordinates":[[[7.012312,4.790558],[7.012238,4.790611],[7.012211,4.790574],[7.012286,4.790521],[7.012312,4.790558]]]}},{"type":"Feature","properties":{"h":3.0,"on_route":false},"geometry":{"type":"Polygon","coordinates":[[[7.007019,4.789706],[7.006995,4.789672],[7.007193,4.789526],[7.007217,4.78956],[7.007019,4.789706]]]}},{"type":"Feature","properties":{"h":3.0,"on_route":false},"geometry":{"type":"Polygon","coordinates":[[[7.006569,4.789115],[7.00649,4.789253],[7.006393,4.789197],[7.006472,4.789059],[7.006569,4.789115]]]}},{"type":"Feature","properties":{"h":3.0,"on_route":false},"geometry":{"type":"Polygon","coordinates":[[[7.008459,4.787515],[7.008441,4.78757],[7.008214,4.787497],[7.008232,4.787442],[7.008459,4.787515]]]}},{"type":"Feature","properties":{"h":3.0,"on_route":false},"geometry":{"type":"Polygon","coordinates":[[[7.013113,4.792116],[7.013097,4.792226],[7.01304,4.792218],[7.013055,4.792108],[7.013113,4.792116]]]}},{"type":"Feature","properties":{"h":3.0,"on_route":false},"geometry":{"type":"Polygon","coordinates":[[[7.011543,4.790315],[7.011424,4.790401],[7.011393,4.790357],[7.011512,4.790271],[7.011543,4.790315]]]}},{"type":"Feature","properties":{"h":3.0,"on_route":false},"geometry":{"type":"Polygon","coordinates":[[[7.008073,4.792292],[7.008071,4.792257],[7.008141,4.792254],[7.008142,4.792282],[7.008175,4.792281],[7.008176,4.792288],[7.008208,4.792287],[7.008212,4.792388],[7.008004,4.792396],[7.008,4.792294],[7.008073,4.792292]]]}},{"type":"Feature","properties":{"h":3.0,"on_route":false},"geometry":{"type":"Polygon","coordinates":[[[7.00991,4.791921],[7.00986,4.791856],[7.009845,4.791868],[7.009821,4.791837],[7.010043,4.791665],[7.010117,4.791762],[7.00991,4.791921]]]}},{"type":"Feature","properties":{"h":3.0,"on_route":false},"geometry":{"type":"Polygon","coordinates":[[[7.011864,4.790992],[7.011724,4.791096],[7.011701,4.791065],[7.011841,4.79096],[7.011864,4.790992]]]}},{"type":"Feature","properties":{"h":3.0,"on_route":false},"geometry":{"type":"Polygon","coordinates":[[[7.012974,4.792743],[7.012847,4.792772],[7.012843,4.792752],[7.012688,4.792787],[7.012672,4.792717],[7.012954,4.792654],[7.012974,4.792743]]]}},{"type":"Feature","properties":{"h":3.0,"on_route":false},"geometry":{"type":"Polygon","coordinates":[[[7.012359,4.790985],[7.012318,4.791015],[7.012274,4.790955],[7.012315,4.790925],[7.012359,4.790985]]]}},{"type":"Feature","properties":{"h":3.0,"on_route":false},"geometry":{"type":"Polygon","coordinates":[[[7.012291,4.788522],[7.012268,4.788555],[7.012232,4.788529],[7.012255,4.788496],[7.012291,4.788522]]]}},{"type":"Feature","properties":{"h":3.0,"on_route":false},"geometry":{"type":"Polygon","coordinates":[[[7.006064,4.791045],[7.005867,4.791328],[7.005797,4.791279],[7.005995,4.790996],[7.006064,4.791045]]]}},{"type":"Feature","properties":{"h":3.0,"on_route":false},"geometry":{"type":"Polygon","coordinates":[[[7.010319,4.790172],[7.010326,4.790247],[7.010258,4.790253],[7.010252,4.790178],[7.010319,4.790172]]]}},{"type":"Feature","properties":{"h":3.0,"on_route":false},"geometry":{"type":"Polygon","coordinates":[[[7.006021,4.789398],[7.006005,4.789387],[7.0059,4.789543],[7.005855,4.789513],[7.00598,4.789327],[7.006041,4.789368],[7.006021,4.789398]]]}},{"type":"Feature","properties":{"h":3.0,"on_route":false},"geometry":{"type":"Polygon","coordinates":[[[7.010601,4.794267],[7.010571,4.794353],[7.010451,4.794311],[7.010481,4.794225],[7.010601,4.794267]]]}},{"type":"Feature","properties":{"h":3.0,"on_route":false},"geometry":{"type":"Polygon","coordinates":[[[7.013019,4.792127],[7.01301,4.792204],[7.01297,4.792199],[7.012979,4.792122],[7.013019,4.792127]]]}},{"type":"Feature","properties":{"h":3.0,"on_route":false},"geometry":{"type":"Polygon","coordinates":[[[7.006872,4.792046],[7.006812,4.79209],[7.00678,4.792046],[7.00684,4.792002],[7.006872,4.792046]]]}},{"type":"Feature","properties":{"h":3.0,"on_route":false},"geometry":{"type":"Polygon","coordinates":[[[7.006869,4.792765],[7.006787,4.79282],[7.006807,4.792736],[7.006837,4.792717],[7.006869,4.792765]]]}},{"type":"Feature","properties":{"h":3.0,"on_route":false},"geometry":{"type":"Polygon","coordinates":[[[7.007991,4.788335],[7.007958,4.788387],[7.007814,4.788298],[7.007847,4.788245],[7.007991,4.788335]]]}},{"type":"Feature","properties":{"h":3.0,"on_route":false},"geometry":{"type":"Polygon","coordinates":[[[7.013142,4.788797],[7.013113,4.788863],[7.013022,4.788823],[7.013051,4.788757],[7.013142,4.788797]]]}},{"type":"Feature","properties":{"h":3.0,"on_route":false},"geometry":{"type":"Polygon","coordinates":[[[7.010939,4.790785],[7.010853,4.790847],[7.010757,4.790714],[7.010844,4.790652],[7.010939,4.790785]]]}},{"type":"Feature","properties":{"h":3.0,"on_route":false},"geometry":{"type":"Polygon","coordinates":[[[7.009957,4.792313],[7.009916,4.792339],[7.00988,4.792282],[7.009921,4.792256],[7.009957,4.792313]]]}},{"type":"Feature","properties":{"h":3.0,"on_route":false},"geometry":{"type":"Polygon","coordinates":[[[7.008189,4.789263],[7.008046,4.789308],[7.008024,4.789235],[7.008166,4.78919],[7.008189,4.789263]]]}},{"type":"Feature","properties":{"h":3.0,"on_route":false},"geometry":{"type":"Polygon","coordinates":[[[7.007704,4.788618],[7.007585,4.788798],[7.007517,4.788753],[7.007636,4.788573],[7.007704,4.788618]]]}},{"type":"Feature","properties":{"h":3.0,"on_route":false},"geometry":{"type":"Polygon","coordinates":[[[7.00965,4.787481],[7.009623,4.787461],[7.009686,4.787372],[7.009713,4.787391],[7.00965,4.787481]]]}},{"type":"Feature","properties":{"h":3.0,"on_route":false},"geometry":{"type":"Polygon","coordinates":[[[7.011056,4.79032],[7.010961,4.790403],[7.010838,4.79026],[7.010932,4.790178],[7.011056,4.79032]]]}},{"type":"Feature","properties":{"h":3.0,"on_route":false},"geometry":{"type":"Polygon","coordinates":[[[7.010548,4.793643],[7.01049,4.793687],[7.010496,4.793695],[7.010446,4.793733],[7.010343,4.793599],[7.010451,4.793515],[7.010548,4.793643]]]}},{"type":"Feature","properties":{"h":3.0,"on_route":false},"geometry":{"type":"Polygon","coordinates":[[[7.012112,4.792321],[7.012091,4.79235],[7.012012,4.792294],[7.012033,4.792265],[7.012112,4.792321]]]}},{"type":"Feature","properties":{"h":3.0,"on_route":false},"geometry":{"type":"Polygon","coordinates":[[[7.009407,4.790902],[7.009279,4.790989],[7.009247,4.79094],[7.009375,4.790854],[7.009407,4.790902]]]}},{"type":"Feature","properties":{"h":3.0,"on_route":false},"geometry":{"type":"Polygon","coordinates":[[[7.010158,4.79365],[7.010177,4.79366],[7.010125,4.793762],[7.010034,4.793716],[7.010151,4.793486],[7.010223,4.793523],[7.010158,4.79365]]]}},{"type":"Feature","properties":{"h":3.0,"on_route":false},"geometry":{"type":"Polygon","coordinates":[[[7.012251,4.792827],[7.012238,4.792814],[7.012222,4.79283],[7.012158,4.792766],[7.01225,4.792674],[7.012326,4.792751],[7.012251,4.792827]]]}},{"type":"Feature","properties":{"h":3.0,"on_route":false},"geometry":{"type":"Polygon","coordinates":[[[7.010925,4.789409],[7.010878,4.789436],[7.01082,4.789338],[7.010867,4.78931],[7.010925,4.789409]]]}},{"type":"Feature","properties":{"h":3.0,"on_route":false},"geometry":{"type":"Polygon","coordinates":[[[7.011428,4.790033],[7.011489,4.790114],[7.011558,4.790062],[7.011612,4.790134],[7.011515,4.790207],[7.011471,4.790148],[7.011374,4.790221],[7.011304,4.790126],[7.011428,4.790033]]]}},{"type":"Feature","properties":{"h":3.0,"on_route":false},"geometry":{"type":"Polygon","coordinates":[[[7.012513,4.790415],[7.012396,4.790498],[7.012353,4.790438],[7.01247,4.790354],[7.012513,4.790415]]]}},{"type":"Feature","properties":{"h":3.0,"on_route":false},"geometry":{"type":"Polygon","coordinates":[[[7.01058,4.790332],[7.010515,4.790388],[7.01048,4.790347],[7.0105,4.79033],[7.010482,4.79031],[7.010528,4.790271],[7.01058,4.790332]]]}},{"type":"Feature","properties":{"h":3.0,"on_route":false},"geometry":{"type":"Polygon","coordinates":[[[7.011103,4.792901],[7.01098,4.792991],[7.010993,4.793008],[7.010968,4.793027],[7.010903,4.792938],[7.011051,4.79283],[7.011103,4.792901]]]}},{"type":"Feature","properties":{"h":3.0,"on_route":false},"geometry":{"type":"Polygon","coordinates":[[[7.01097,4.790151],[7.010824,4.790261],[7.010754,4.790167],[7.0109,4.790057],[7.01097,4.790151]]]}},{"type":"Feature","properties":{"h":3.0,"on_route":false},"geometry":{"type":"Polygon","coordinates":[[[7.009521,4.793149],[7.0095,4.793156],[7.009523,4.793222],[7.009444,4.79325],[7.00946,4.793295],[7.009418,4.79331],[7.009447,4.793393],[7.009344,4.793429],[7.009299,4.793302],[7.00936,4.79328],[7.009354,4.793263],[7.009293,4.793284],[7.009262,4.793196],[7.009507,4.79311],[7.009521,4.793149]]]}},{"type":"Feature","properties":{"h":3.0,"on_route":false},"geometry":{"type":"Polygon","coordinates":[[[7.012061,4.789663],[7.012083,4.789646],[7.012133,4.789711],[7.012019,4.789798],[7.01197,4.789734],[7.012009,4.789703],[7.011946,4.789622],[7.011998,4.789582],[7.012061,4.789663]]]}},{"type":"Feature","properties":{"h":3.0,"on_route":false},"geometry":{"type":"Polygon","coordinates":[[[7.009023,4.78767],[7.008975,4.787687],[7.008964,4.787656],[7.00889,4.787683],[7.008859,4.787597],[7.008981,4.787553],[7.009023,4.78767]]]}},{"type":"Feature","properties":{"h":3.0,"on_route":false},"geometry":{"type":"Polygon","coordinates":[[[7.010691,4.791257],[7.010631,4.791297],[7.010605,4.791258],[7.010665,4.791218],[7.010691,4.791257]]]}},{"type":"Feature","properties":{"h":3.0,"on_route":false},"geometry":{"type":"Polygon","coordinates":[[[7.009058,4.788154],[7.009017,4.788273],[7.008865,4.788221],[7.008906,4.788102],[7.009058,4.788154]]]}},{"type":"Feature","properties":{"h":3.0,"on_route":false},"geometry":{"type":"Polygon","coordinates":[[[7.010248,4.786989],[7.010045,4.787088],[7.009999,4.786993],[7.010201,4.786893],[7.010248,4.786989]]]}},{"type":"Feature","properties":{"h":3.0,"on_route":false},"geometry":{"type":"Polygon","coordinates":[[[7.010768,4.792262],[7.010583,4.792408],[7.010528,4.792337],[7.010682,4.792215],[7.010704,4.792242],[7.010733,4.792218],[7.010768,4.792262]]]}},{"type":"Feature","properties":{"h":3.0,"on_route":false},"geometry":{"type":"Polygon","coordinates":[[[7.011647,4.790014],[7.011567,4.790075],[7.011338,4.78977],[7.011418,4.789709],[7.011647,4.790014]]]}},{"type":"Feature","properties":{"h":3.0,"on_route":false},"geometry":{"type":"Polygon","coordinates":[[[7.010447,4.789949],[7.010456,4.790066],[7.010382,4.790072],[7.010372,4.789956],[7.010447,4.789949]]]}},{"type":"Feature","properties":{"h":3.0,"on_route":false},"geometry":{"type":"Polygon","coordinates":[[[7.008767,4.793694],[7.008704,4.793741],[7.008846,4.793931],[7.008783,4.793978],[7.008605,4.79374],[7.008731,4.793645],[7.008767,4.793694]]]}},{"type":"Feature","properties":{"h":3.0,"on_route":false},"geometry":{"type":"Polygon","coordinates":[[[7.013675,4.789288],[7.013637,4.789314],[7.013574,4.789218],[7.013613,4.789192],[7.013675,4.789288]]]}},{"type":"Feature","properties":{"h":3.0,"on_route":false},"geometry":{"type":"Polygon","coordinates":[[[7.012156,4.791794],[7.012194,4.791766],[7.012297,4.791906],[7.012201,4.791977],[7.012086,4.791821],[7.012145,4.791778],[7.012156,4.791794]]]}},{"type":"Feature","properties":{"h":3.0,"on_route":false},"geometry":{"type":"Polygon","coordinates":[[[7.012768,4.792955],[7.012772,4.793019],[7.012628,4.793029],[7.012624,4.792966],[7.012768,4.792955]]]}},{"type":"Feature","properties":{"h":3.0,"on_route":false},"geometry":{"type":"Polygon","coordinates":[[[7.007859,4.78807],[7.007831,4.788114],[7.007773,4.788076],[7.007802,4.788032],[7.007859,4.78807]]]}},{"type":"Feature","properties":{"h":3.0,"on_route":false},"geometry":{"type":"Polygon","coordinates":[[[7.013456,4.790347],[7.01345,4.790431],[7.013035,4.790399],[7.013042,4.790315],[7.013456,4.790347]]]}},{"type":"Feature","properties":{"h":3.0,"on_route":false},"geometry":{"type":"Polygon","coordinates":[[[7.010772,4.789419],[7.010749,4.789574],[7.010625,4.789556],[7.010648,4.789401],[7.010772,4.789419]]]}},{"type":"Feature","properties":{"h":3.0,"on_route":false},"geometry":{"type":"Polygon","coordinates":[[[7.008392,4.788886],[7.008137,4.789005],[7.008103,4.788931],[7.008357,4.788812],[7.008392,4.788886]]]}},{"type":"Feature","properties":{"h":3.0,"on_route":false},"geometry":{"type":"Polygon","coordinates":[[[7.009419,4.787373],[7.009345,4.787392],[7.009354,4.787427],[7.009242,4.787456],[7.009234,4.787421],[7.009183,4.787434],[7.009158,4.787338],[7.00923,4.787319],[7.009214,4.787259],[7.009305,4.787236],[7.009325,4.787315],[7.009399,4.787296],[7.009419,4.787373]]]}},{"type":"Feature","properties":{"h":3.0,"on_route":false},"geometry":{"type":"Polygon","coordinates":[[[7.012076,4.79101],[7.012013,4.791058],[7.011986,4.791022],[7.012049,4.790974],[7.012076,4.79101]]]}},{"type":"Feature","properties":{"h":3.0,"on_route":false},"geometry":{"type":"Polygon","coordinates":[[[7.007725,4.791357],[7.007698,4.791318],[7.007791,4.791253],[7.007818,4.791292],[7.007725,4.791357]]]}},{"type":"Feature","properties":{"h":3.0,"on_route":false},"geometry":{"type":"Polygon","coordinates":[[[7.009918,4.79223],[7.009878,4.792257],[7.009829,4.792183],[7.009868,4.792156],[7.009918,4.79223]]]}},{"type":"Feature","properties":{"h":3.0,"on_route":false},"geometry":{"type":"Polygon","coordinates":[[[7.009241,4.787948],[7.009143,4.787982],[7.009071,4.787773],[7.009168,4.787739],[7.009241,4.787948]]]}},{"type":"Feature","properties":{"h":3.0,"on_route":false},"geometry":{"type":"Polygon","coordinates":[[[7.007647,4.786559],[7.007612,4.786553],[7.007625,4.786479],[7.00766,4.786485],[7.007647,4.786559]]]}},{"type":"Feature","properties":{"h":3.0,"on_route":false},"geometry":{"type":"Polygon","coordinates":[[[7.007904,4.786751],[7.007831,4.786784],[7.007816,4.786751],[7.00789,4.786718],[7.007904,4.786751]]]}},{"type":"Feature","properties":{"h":3.0,"on_route":false},"geometry":{"type":"Polygon","coordinates":[[[7.01301,4.792453],[7.012986,4.792588],[7.012942,4.792581],[7.012965,4.792445],[7.01301,4.792453]]]}},{"type":"Feature","properties":{"h":3.0,"on_route":false},"geometry":{"type":"Polygon","coordinates":[[[7.012048,4.793107],[7.011952,4.793275],[7.01182,4.7932],[7.011915,4.793031],[7.012048,4.793107]]]}},{"type":"Feature","properties":{"h":3.0,"on_route":false},"geometry":{"type":"Polygon","coordinates":[[[7.006569,4.790115],[7.006411,4.790368],[7.0063,4.790298],[7.006459,4.790046],[7.006569,4.790115]]]}},{"type":"Feature","properties":{"h":3.0,"on_route":false},"geometry":{"type":"Polygon","coordinates":[[[7.012189,4.7931],[7.012153,4.793165],[7.012047,4.793106],[7.012082,4.793041],[7.012189,4.7931]]]}},{"type":"Feature","properties":{"h":3.0,"on_route":false},"geometry":{"type":"Polygon","coordinates":[[[7.010976,4.789363],[7.010942,4.789392],[7.010872,4.789308],[7.010906,4.789279],[7.010976,4.789363]]]}},{"type":"Feature","properties":{"h":3.0,"on_route":false},"geometry":{"type":"Polygon","coordinates":[[[7.006055,4.789984],[7.006044,4.790018],[7.006006,4.790006],[7.006017,4.789971],[7.006055,4.789984]]]}},{"type":"Feature","properties":{"h":3.0,"on_route":false},"geometry":{"type":"Polygon","coordinates":[[[7.012356,4.790527],[7.012312,4.790558],[7.012286,4.790521],[7.01233,4.790489],[7.012356,4.790527]]]}},{"type":"Feature","properties":{"h":3.0,"on_route":false},"geometry":{"type":"Polygon","coordinates":[[[7.011663,4.791161],[7.011504,4.791264],[7.011468,4.791207],[7.011627,4.791104],[7.011663,4.791161]]]}},{"type":"Feature","properties":{"h":3.0,"on_route":false},"geometry":{"type":"Polygon","coordinates":[[[7.013439,4.791139],[7.013343,4.79129],[7.013316,4.791273],[7.013298,4.791301],[7.013053,4.791144],[7.013095,4.791078],[7.013127,4.791099],[7.013154,4.791058],[7.013182,4.791076],[7.013228,4.791003],[7.013439,4.791139]]]}},{"type":"Feature","properties":{"h":3.0,"on_route":false},"geometry":{"type":"Polygon","coordinates":[[[7.009155,4.786275],[7.009093,4.786296],[7.009106,4.786335],[7.008973,4.786379],[7.008946,4.786299],[7.008921,4.786307],[7.008893,4.786223],[7.009052,4.78617],[7.00908,4.786254],[7.009142,4.786233],[7.009155,4.786275]]]}},{"type":"Feature","properties":{"h":3.0,"on_route":false},"geometry":{"type":"Polygon","coordinates":[[[7.006952,4.789824],[7.00688,4.789939],[7.006698,4.789825],[7.00677,4.78971],[7.006952,4.789824]]]}},{"type":"Feature","properties":{"h":3.0,"on_route":false},"geometry":{"type":"Polygon","coordinates":[[[7.007338,4.791041],[7.007236,4.791105],[7.007211,4.791065],[7.007313,4.791001],[7.007338,4.791041]]]}},{"type":"Feature","properties":{"h":3.0,"on_route":false},"geometry":{"type":"Polygon","coordinates":[[[7.013744,4.791865],[7.01369,4.791942],[7.013657,4.791919],[7.01364,4.791944],[7.013444,4.791804],[7.013516,4.791702],[7.013744,4.791865]]]}},{"type":"Feature","properties":{"h":3.0,"on_route":false},"geometry":{"type":"Polygon","coordinates":[[[7.010183,4.791848],[7.010006,4.791985],[7.00994,4.791899],[7.010117,4.791762],[7.010183,4.791848]]]}},{"type":"Feature","properties":{"h":3.0,"on_route":false},"geometry":{"type":"Polygon","coordinates":[[[7.010468,4.792341],[7.010324,4.792462],[7.010292,4.792423],[7.010435,4.792302],[7.010468,4.792341]]]}},{"type":"Feature","properties":{"h":3.0,"on_route":false},"geometry":{"type":"Polygon","coordinates":[[[7.009069,4.793056],[7.00902,4.793092],[7.008969,4.793023],[7.009018,4.792986],[7.009069,4.793056]]]}},{"type":"Feature","properties":{"h":3.0,"on_route":false},"geometry":{"type":"Polygon","coordinates":[[[7.006583,4.792388],[7.00665,4.792464],[7.00663,4.792482],[7.006563,4.792405],[7.006583,4.792388]]]}},{"type":"Feature","properties":{"h":3.0,"on_route":false},"geometry":{"type":"Polygon","coordinates":[[[7.010476,4.790748],[7.010428,4.790685],[7.010473,4.790652],[7.01052,4.790714],[7.010476,4.790748]]]}},{"type":"Feature","properties":{"h":3.0,"on_route":false},"geometry":{"type":"Polygon","coordinates":[[[7.011914,4.789303],[7.011885,4.789264],[7.011963,4.789205],[7.011993,4.789245],[7.011914,4.789303]]]}},{"type":"Feature","properties":{"h":3.0,"on_route":false},"geometry":{"type":"Polygon","coordinates":[[[7.013287,4.791456],[7.013357,4.79153],[7.013315,4.79157],[7.013245,4.791496],[7.013287,4.791456]]]}},{"type":"Feature","properties":{"h":3.0,"on_route":false},"geometry":{"type":"Polygon","coordinates":[[[7.011014,4.786525],[7.010924,4.786462],[7.01103,4.786307],[7.011002,4.786288],[7.011052,4.786215],[7.01117,4.786297],[7.011014,4.786525]]]}},{"type":"Feature","properties":{"h":3.0,"on_route":false},"geometry":{"type":"Polygon","coordinates":[[[7.01378,4.789726],[7.013746,4.789679],[7.01388,4.789583],[7.013914,4.789631],[7.01378,4.789726]]]}},{"type":"Feature","properties":{"h":3.0,"on_route":false},"geometry":{"type":"Polygon","coordinates":[[[7.009114,4.791738],[7.008953,4.791792],[7.008916,4.791682],[7.009077,4.791628],[7.009114,4.791738]]]}},{"type":"Feature","properties":{"h":3.0,"on_route":false},"geometry":{"type":"Polygon","coordinates":[[[7.008282,4.787289],[7.008231,4.787405],[7.008095,4.787345],[7.00812,4.787287],[7.008103,4.787279],[7.008128,4.787222],[7.008282,4.787289]]]}},{"type":"Feature","properties":{"h":3.0,"on_route":false},"geometry":{"type":"Polygon","coordinates":[[[7.009454,4.787778],[7.009326,4.787818],[7.009268,4.787631],[7.009396,4.787591],[7.009454,4.787778]]]}},{"type":"Feature","properties":{"h":3.0,"on_route":false},"geometry":{"type":"Polygon","coordinates":[[[7.006966,4.789864],[7.006934,4.789887],[7.006917,4.789863],[7.006949,4.78984],[7.006966,4.789864]]]}},{"type":"Feature","properties":{"h":3.0,"on_route":false},"geometry":{"type":"Polygon","coordinates":[[[7.006849,4.789448],[7.006792,4.789534],[7.006713,4.78948],[7.00677,4.789394],[7.006849,4.789448]]]}},{"type":"Feature","properties":{"h":3.0,"on_route":false},"geometry":{"type":"Polygon","coordinates":[[[7.010266,4.790007],[7.010271,4.790056],[7.010228,4.79006],[7.010224,4.790011],[7.010266,4.790007]]]}},{"type":"Feature","properties":{"h":3.0,"on_route":false},"geometry":{"type":"Polygon","coordinates":[[[7.007789,4.792739],[7.007703,4.792801],[7.007656,4.792736],[7.007712,4.792696],[7.007728,4.792719],[7.007758,4.792697],[7.007789,4.792739]]]}},{"type":"Feature","properties":{"h":3.0,"on_route":false},"geometry":{"type":"Polygon","coordinates":[[[7.008742,4.791237],[7.008767,4.791264],[7.008795,4.791239],[7.008851,4.791302],[7.00878,4.791365],[7.0087,4.791274],[7.008742,4.791237]]]}},{"type":"Feature","properties":{"h":3.0,"on_route":false},"geometry":{"type":"Polygon","coordinates":[[[7.010603,4.79097],[7.010271,4.791228],[7.010186,4.791119],[7.010519,4.790861],[7.010603,4.79097]]]}},{"type":"Feature","properties":{"h":3.0,"on_route":false},"geometry":{"type":"Polygon","coordinates":[[[7.013554,4.789638],[7.01335,4.789792],[7.013333,4.789769],[7.013537,4.789615],[7.013554,4.789638]]]}},{"type":"Feature","properties":{"h":3.0,"on_route":false},"geometry":{"type":"Polygon","coordinates":[[[7.010853,4.794016],[7.010941,4.794135],[7.0109,4.794166],[7.010812,4.794047],[7.010853,4.794016]]]}},{"type":"Feature","properties":{"h":3.0,"on_route":false},"geometry":{"type":"Polygon","coordinates":[[[7.011607,4.791022],[7.011565,4.791052],[7.011587,4.791083],[7.011518,4.791133],[7.011469,4.791064],[7.01158,4.790984],[7.011607,4.791022]]]}},{"type":"Feature","properties":{"h":3.0,"on_route":false},"geometry":{"type":"Polygon","coordinates":[[[7.012066,4.788866],[7.012067,4.788923],[7.011973,4.788925],[7.011972,4.788868],[7.012066,4.788866]]]}},{"type":"Feature","properties":{"h":3.0,"on_route":false},"geometry":{"type":"Polygon","coordinates":[[[7.012544,4.791942],[7.01248,4.791993],[7.01251,4.792031],[7.012446,4.792081],[7.012346,4.791954],[7.012474,4.791853],[7.012544,4.791942]]]}},{"type":"Feature","properties":{"h":3.0,"on_route":false},"geometry":{"type":"Polygon","coordinates":[[[7.012537,4.792739],[7.01243,4.792823],[7.012386,4.792767],[7.012407,4.79275],[7.01238,4.792716],[7.012357,4.792734],[7.012309,4.792674],[7.012418,4.792587],[7.012537,4.792739]]]}},{"type":"Feature","properties":{"h":3.0,"on_route":false},"geometry":{"type":"Polygon","coordinates":[[[7.012208,4.793569],[7.012047,4.793577],[7.012043,4.793511],[7.012063,4.79351],[7.012053,4.793319],[7.012195,4.793312],[7.012208,4.793569]]]}},{"type":"Feature","properties":{"h":3.0,"on_route":false},"geometry":{"type":"Polygon","coordinates":[[[7.013053,4.788455],[7.012806,4.788526],[7.012775,4.788418],[7.013022,4.788347],[7.013053,4.788455]]]}},{"type":"Feature","properties":{"h":3.0,"on_route":false},"geometry":{"type":"Polygon","coordinates":[[[7.013373,4.79176],[7.012978,4.792062],[7.012919,4.791984],[7.013314,4.791682],[7.013373,4.79176]]]}},{"type":"Feature","properties":{"h":3.0,"on_route":false},"geometry":{"type":"Polygon","coordinates":[[[7.008113,4.791399],[7.008078,4.79141],[7.008064,4.791365],[7.008099,4.791354],[7.008113,4.791399]]]}},{"type":"Feature","properties":{"h":3.0,"on_route":false},"geometry":{"type":"Polygon","coordinates":[[[7.011794,4.793512],[7.01174,4.79349],[7.011802,4.793338],[7.011856,4.79336],[7.011794,4.793512]]]}},{"type":"Feature","properties":{"h":3.0,"on_route":false},"geometry":{"type":"Polygon","coordinates":[[[7.006274,4.791523],[7.006243,4.791555],[7.006195,4.79151],[7.006226,4.791478],[7.006274,4.791523]]]}},{"type":"Feature","properties":{"h":3.0,"on_route":false},"geometry":{"type":"Polygon","coordinates":[[[7.008292,4.791347],[7.008206,4.791222],[7.00837,4.791109],[7.008406,4.791162],[7.008472,4.791117],[7.008521,4.79119],[7.008292,4.791347]]]}},{"type":"Feature","properties":{"h":3.0,"on_route":false},"geometry":{"type":"Polygon","coordinates":[[[7.008548,4.788155],[7.008517,4.788139],[7.008554,4.788066],[7.008584,4.788081],[7.008548,4.788155]]]}},{"type":"Feature","properties":{"h":3.0,"on_route":false},"geometry":{"type":"Polygon","coordinates":[[[7.008535,4.787909],[7.008503,4.787989],[7.008443,4.787964],[7.008475,4.787884],[7.008535,4.787909]]]}},{"type":"Feature","properties":{"h":3.0,"on_route":false},"geometry":{"type":"Polygon","coordinates":[[[7.010237,4.791256],[7.010189,4.79129],[7.010083,4.79114],[7.010131,4.791105],[7.010237,4.791256]]]}},{"type":"Feature","properties":{"h":3.0,"on_route":false},"geometry":{"type":"Polygon","coordinates":[[[7.010246,4.790108],[7.010256,4.790224],[7.010183,4.79023],[7.010173,4.790114],[7.010246,4.790108]]]}},{"type":"Feature","properties":{"h":3.0,"on_route":false},"geometry":{"type":"Polygon","coordinates":[[[7.013593,4.789204],[7.013543,4.789221],[7.013587,4.789356],[7.013491,4.789387],[7.013421,4.789173],[7.013397,4.789181],[7.013389,4.789157],[7.013559,4.789102],[7.013593,4.789204]]]}},{"type":"Feature","properties":{"h":3.0,"on_route":false},"geometry":{"type":"Polygon","coordinates":[[[7.01212,4.790691],[7.01206,4.790717],[7.012044,4.790679],[7.012104,4.790653],[7.01212,4.790691]]]}},{"type":"Feature","properties":{"h":3.0,"on_route":false},"geometry":{"type":"Polygon","coordinates":[[[7.009951,4.794344],[7.009908,4.794397],[7.009832,4.794335],[7.009875,4.794282],[7.009951,4.794344]]]}},{"type":"Feature","properties":{"h":3.0,"on_route":false},"geometry":{"type":"Polygon","coordinates":[[[7.01084,4.791885],[7.010719,4.791973],[7.010631,4.791852],[7.010752,4.791763],[7.01084,4.791885]]]}},{"type":"Feature","properties":{"h":3.0,"on_route":false},"geometry":{"type":"Polygon","coordinates":[[[7.011768,4.793579],[7.011624,4.793693],[7.011535,4.79358],[7.011678,4.793466],[7.011768,4.793579]]]}},{"type":"Feature","properties":{"h":3.0,"on_route":false},"geometry":{"type":"Polygon","coordinates":[[[7.009014,4.792324],[7.008875,4.792424],[7.008838,4.792373],[7.008977,4.792273],[7.009014,4.792324]]]}},{"type":"Feature","properties":{"h":3.0,"on_route":false},"geometry":{"type":"Polygon","coordinates":[[[7.008102,4.786143],[7.008061,4.786267],[7.007938,4.786226],[7.00798,4.786102],[7.008102,4.786143]]]}},{"type":"Feature","properties":{"h":3.0,"on_route":false},"geometry":{"type":"Polygon","coordinates":[[[7.012884,4.791771],[7.012867,4.791799],[7.012839,4.791782],[7.012856,4.791754],[7.012884,4.791771]]]}},{"type":"Feature","properties":{"h":3.0,"on_route":false},"geometry":{"type":"Polygon","coordinates":[[[7.007147,4.789885],[7.007087,4.78995],[7.006986,4.789855],[7.007047,4.789791],[7.007147,4.789885]]]}},{"type":"Feature","properties":{"h":3.0,"on_route":false},"geometry":{"type":"Polygon","coordinates":[[[7.013303,4.788614],[7.013249,4.788621],[7.013245,4.788588],[7.013299,4.788581],[7.013303,4.788614]]]}},{"type":"Feature","properties":{"h":3.0,"on_route":false},"geometry":{"type":"Polygon","coordinates":[[[7.014574,4.789344],[7.014506,4.789392],[7.014523,4.789415],[7.014429,4.789482],[7.014346,4.789365],[7.014327,4.789378],[7.014293,4.78933],[7.014473,4.789201],[7.014574,4.789344]]]}},{"type":"Feature","properties":{"h":3.0,"on_route":false},"geometry":{"type":"Polygon","coordinates":[[[7.00773,4.793134],[7.007654,4.793191],[7.007626,4.793154],[7.007702,4.793097],[7.00773,4.793134]]]}},{"type":"Feature","properties":{"h":3.0,"on_route":false},"geometry":{"type":"Polygon","coordinates":[[[7.009076,4.791916],[7.009,4.791954],[7.008964,4.791883],[7.00904,4.791845],[7.009076,4.791916]]]}},{"type":"Feature","properties":{"h":3.0,"on_route":false},"geometry":{"type":"Polygon","coordinates":[[[7.00897,4.791999],[7.008876,4.792066],[7.008837,4.792011],[7.008902,4.791964],[7.008913,4.79198],[7.008942,4.791959],[7.00897,4.791999]]]}},{"type":"Feature","properties":{"h":3.0,"on_route":false},"geometry":{"type":"Polygon","coordinates":[[[7.01045,4.786989],[7.010298,4.787128],[7.010252,4.787077],[7.010405,4.786939],[7.01045,4.786989]]]}},{"type":"Feature","properties":{"h":3.0,"on_route":false},"geometry":{"type":"Polygon","coordinates":[[[7.012658,4.790155],[7.012566,4.790169],[7.012571,4.790201],[7.012534,4.790207],[7.012529,4.790175],[7.012445,4.790188],[7.012427,4.790071],[7.01264,4.790039],[7.012658,4.790155]]]}},{"type":"Feature","properties":{"h":3.0,"on_route":false},"geometry":{"type":"Polygon","coordinates":[[[7.008554,4.786847],[7.008502,4.786968],[7.008359,4.786906],[7.008412,4.786785],[7.008554,4.786847]]]}},{"type":"Feature","properties":{"h":3.0,"on_route":false},"geometry":{"type":"Polygon","coordinates":[[[7.010906,4.792383],[7.010811,4.792449],[7.010781,4.792406],[7.010877,4.79234],[7.010906,4.792383]]]}},{"type":"Feature","properties":{"h":3.0,"on_route":false},"geometry":{"type":"Polygon","coordinates":[[[7.006252,4.789991],[7.00621,4.790032],[7.006195,4.790017],[7.006236,4.789975],[7.006252,4.789991]]]}},{"type":"Feature","properties":{"h":3.0,"on_route":false},"geometry":{"type":"Polygon","coordinates":[[[7.014225,4.789365],[7.014168,4.789398],[7.014132,4.789336],[7.014189,4.789304],[7.014225,4.789365]]]}},{"type":"Feature","properties":{"h":3.0,"on_route":false},"geometry":{"type":"Polygon","coordinates":[[[7.011777,4.793695],[7.011695,4.793833],[7.011638,4.7938],[7.01172,4.793661],[7.011777,4.793695]]]}},{"type":"Feature","properties":{"h":3.0,"on_route":false},"geometry":{"type":"Polygon","coordinates":[[[7.013843,4.789529],[7.013681,4.789651],[7.013656,4.789618],[7.013734,4.78956],[7.013715,4.789535],[7.0138,4.789471],[7.013843,4.789529]]]}},{"type":"Feature","properties":{"h":3.0,"on_route":false},"geometry":{"type":"Polygon","coordinates":[[[7.013005,4.791115],[7.012965,4.791157],[7.01292,4.791115],[7.01296,4.791072],[7.013005,4.791115]]]}},{"type":"Feature","properties":{"h":3.0,"on_route":false},"geometry":{"type":"Polygon","coordinates":[[[7.010365,4.790124],[7.010364,4.79023],[7.010333,4.79023],[7.010333,4.790124],[7.010365,4.790124]]]}},{"type":"Feature","properties":{"h":3.0,"on_route":false},"geometry":{"type":"Polygon","coordinates":[[[7.007503,4.791215],[7.00739,4.791285],[7.007284,4.791114],[7.007397,4.791044],[7.007503,4.791215]]]}},{"type":"Feature","properties":{"h":3.0,"on_route":false},"geometry":{"type":"Polygon","coordinates":[[[7.009574,4.787124],[7.009572,4.787126],[7.009639,4.787198],[7.009546,4.787285],[7.009442,4.787173],[7.009537,4.787084],[7.009574,4.787124]]]}},{"type":"Feature","properties":{"h":3.0,"on_route":false},"geometry":{"type":"Polygon","coordinates":[[[7.012339,4.792121],[7.012279,4.792164],[7.012196,4.792047],[7.012256,4.792005],[7.012339,4.792121]]]}},{"type":"Feature","properties":{"h":3.0,"on_route":false},"geometry":{"type":"Polygon","coordinates":[[[7.008761,4.79123],[7.008692,4.791292],[7.008656,4.791252],[7.008725,4.79119],[7.008761,4.79123]]]}},{"type":"Feature","properties":{"h":3.0,"on_route":false},"geometry":{"type":"Polygon","coordinates":[[[7.010332,4.793774],[7.010315,4.793789],[7.010283,4.793753],[7.0103,4.793737],[7.010332,4.793774]]]}},{"type":"Feature","properties":{"h":3.0,"on_route":false},"geometry":{"type":"Polygon","coordinates":[[[7.011485,4.791455],[7.011483,4.791494],[7.011564,4.791498],[7.011566,4.791459],[7.011807,4.79147],[7.011801,4.791592],[7.011404,4.791572],[7.01141,4.791451],[7.011485,4.791455]]]}},{"type":"Feature","properties":{"h":3.0,"on_route":false},"geometry":{"type":"Polygon","coordinates":[[[7.007143,4.788186],[7.007124,4.788225],[7.007085,4.788206],[7.007104,4.788167],[7.007143,4.788186]]]}},{"type":"Feature","properties":{"h":3.0,"on_route":false},"geometry":{"type":"Polygon","coordinates":[[[7.009213,4.786567],[7.009194,4.786605],[7.00916,4.786589],[7.009179,4.78655],[7.009213,4.786567]]]}},{"type":"Feature","properties":{"h":3.0,"on_route":false},"geometry":{"type":"Polygon","coordinates":[[[7.00795,4.788078],[7.007856,4.788229],[7.0078,4.788195],[7.007894,4.788043],[7.00795,4.788078]]]}},{"type":"Feature","properties":{"h":3.0,"on_route":false},"geometry":{"type":"Polygon","coordinates":[[[7.006265,4.790872],[7.006227,4.790931],[7.006171,4.790895],[7.006208,4.790836],[7.006265,4.790872]]]}},{"type":"Feature","properties":{"h":3.0,"on_route":false},"geometry":{"type":"Polygon","coordinates":[[[7.012775,4.790365],[7.01259,4.790498],[7.012539,4.790426],[7.012724,4.790294],[7.012775,4.790365]]]}},{"type":"Feature","properties":{"h":3.0,"on_route":false},"geometry":{"type":"Polygon","coordinates":[[[7.011439,4.791226],[7.011365,4.791274],[7.011355,4.791258],[7.011429,4.791211],[7.011439,4.791226]]]}},{"type":"Feature","properties":{"h":3.0,"on_route":false},"geometry":{"type":"Polygon","coordinates":[[[7.00622,4.789362],[7.006174,4.78944],[7.006061,4.789374],[7.006107,4.789295],[7.00622,4.789362]]]}},{"type":"Feature","properties":{"h":3.0,"on_route":false},"geometry":{"type":"Polygon","coordinates":[[[7.011692,4.790558],[7.011742,4.790623],[7.011823,4.790561],[7.011887,4.790646],[7.011855,4.790671],[7.011874,4.790697],[7.011825,4.790734],[7.011805,4.790708],[7.01174,4.790757],[7.011627,4.790607],[7.011692,4.790558]]]}},{"type":"Feature","properties":{"h":3.0,"on_route":false},"geometry":{"type":"Polygon","coordinates":[[[7.013015,4.790192],[7.012847,4.790301],[7.0128,4.790229],[7.012969,4.79012],[7.013015,4.790192]]]}},{"type":"Feature","properties":{"h":3.0,"on_route":false},"geometry":{"type":"Polygon","coordinates":[[[7.007939,4.791921],[7.007854,4.791984],[7.007835,4.791959],[7.00781,4.791977],[7.007737,4.791878],[7.007847,4.791796],[7.007939,4.791921]]]}},{"type":"Feature","properties":{"h":3.0,"on_route":false},"geometry":{"type":"Polygon","coordinates":[[[7.007995,4.791865],[7.007931,4.791911],[7.007881,4.791842],[7.007945,4.791796],[7.007995,4.791865]]]}},{"type":"Feature","properties":{"h":3.0,"on_route":false},"geometry":{"type":"Polygon","coordinates":[[[7.012078,4.793198],[7.012049,4.79326],[7.011978,4.793228],[7.012006,4.793166],[7.012078,4.793198]]]}},{"type":"Feature","properties":{"h":3.0,"on_route":false},"geometry":{"type":"Polygon","coordinates":[[[7.012233,4.793008],[7.012184,4.793097],[7.012052,4.793024],[7.012101,4.792935],[7.012233,4.793008]]]}},{"type":"Feature","properties":{"h":3.0,"on_route":false},"geometry":{"type":"Polygon","coordinates":[[[7.011457,4.793844],[7.011343,4.793933],[7.011219,4.793772],[7.011333,4.793684],[7.011457,4.793844]]]}},{"type":"Feature","properties":{"h":3.0,"on_route":false},"geometry":{"type":"Polygon","coordinates":[[[7.013895,4.790184],[7.013767,4.790274],[7.013687,4.790158],[7.013814,4.790069],[7.013895,4.790184]]]}},{"type":"Feature","properties":{"h":3.0,"on_route":false},"geometry":{"type":"Polygon","coordinates":[[[7.013222,4.792512],[7.013213,4.792593],[7.013085,4.79258],[7.013093,4.792499],[7.013222,4.792512]]]}},{"type":"Feature","properties":{"h":3.0,"on_route":false},"geometry":{"type":"Polygon","coordinates":[[[7.013719,4.788396],[7.013667,4.788399],[7.013664,4.788343],[7.013716,4.78834],[7.013719,4.788396]]]}},{"type":"Feature","properties":{"h":3.0,"on_route":false},"geometry":{"type":"Polygon","coordinates":[[[7.010767,4.794045],[7.010604,4.794165],[7.01052,4.79405],[7.010683,4.793931],[7.010767,4.794045]]]}},{"type":"Feature","properties":{"h":3.0,"on_route":false},"geometry":{"type":"Polygon","coordinates":[[[7.010232,4.787143],[7.010199,4.787154],[7.01019,4.787124],[7.010222,4.787114],[7.010232,4.787143]]]}},{"type":"Feature","properties":{"h":3.0,"on_route":false},"geometry":{"type":"Polygon","coordinates":[[[7.00729,4.787136],[7.007248,4.78724],[7.007577,4.787373],[7.007619,4.787269],[7.007737,4.787317],[7.00762,4.787608],[7.007482,4.787552],[7.0075,4.787508],[7.00752,4.787516],[7.007542,4.787462],[7.007491,4.787442],[7.007469,4.787495],[7.007236,4.787401],[7.007257,4.787348],[7.007212,4.787329],[7.007173,4.787428],[7.007048,4.787378],[7.007165,4.787086],[7.00729,4.787136]]]}},{"type":"Feature","properties":{"h":3.0,"on_route":false},"geometry":{"type":"Polygon","coordinates":[[[7.008307,4.78914],[7.008265,4.789196],[7.008152,4.78911],[7.008194,4.789054],[7.008307,4.78914]]]}},{"type":"Feature","properties":{"h":3.0,"on_route":false},"geometry":{"type":"Polygon","coordinates":[[[7.01451,4.78804],[7.01454,4.788061],[7.01451,4.788102],[7.014481,4.788081],[7.01441,4.788181],[7.014354,4.788142],[7.014386,4.788096],[7.014367,4.788083],[7.014455,4.78796],[7.014529,4.788013],[7.01451,4.78804]]]}},{"type":"Feature","properties":{"h":3.0,"on_route":false},"geometry":{"type":"Polygon","coordinates":[[[7.008381,4.786776],[7.008332,4.786892],[7.008205,4.786838],[7.008253,4.786722],[7.008381,4.786776]]]}},{"type":"Feature","properties":{"h":3.0,"on_route":false},"geometry":{"type":"Polygon","coordinates":[[[7.00973,4.793298],[7.009639,4.79333],[7.009621,4.793279],[7.009658,4.793266],[7.00965,4.793244],[7.009704,4.793225],[7.00973,4.793298]]]}},{"type":"Feature","properties":{"h":3.0,"on_route":false},"geometry":{"type":"Polygon","coordinates":[[[7.010034,4.790386],[7.009835,4.790527],[7.009795,4.79047],[7.009994,4.790329],[7.010034,4.790386]]]}},{"type":"Feature","properties":{"h":3.0,"on_route":false},"geometry":{"type":"Polygon","coordinates":[[[7.011787,4.793889],[7.011707,4.793856],[7.011784,4.793664],[7.011864,4.793696],[7.011787,4.793889]]]}},{"type":"Feature","properties":{"h":3.0,"on_route":false},"geometry":{"type":"Polygon","coordinates":[[[7.013556,4.788349],[7.013559,4.788405],[7.013457,4.788411],[7.013454,4.788354],[7.013556,4.788349]]]}},{"type":"Feature","properties":{"h":3.0,"on_route":false},"geometry":{"type":"Polygon","coordinates":[[[7.009146,4.786631],[7.009162,4.786618],[7.009221,4.786694],[7.009198,4.786711],[7.00926,4.786792],[7.009283,4.786774],[7.009333,4.78684],[7.00917,4.786967],[7.009089,4.786862],[7.009111,4.786845],[7.009079,4.786804],[7.009057,4.786821],[7.008994,4.78674],[7.009017,4.786722],[7.009009,4.786712],[7.009133,4.786615],[7.009146,4.786631]]]}},{"type":"Feature","properties":{"h":3.0,"on_route":false},"geometry":{"type":"Polygon","coordinates":[[[7.013213,4.792062],[7.01313,4.79207],[7.013126,4.792019],[7.013208,4.792012],[7.013213,4.792062]]]}},{"type":"Feature","properties":{"h":3.0,"on_route":false},"geometry":{"type":"Polygon","coordinates":[[[7.011148,4.792023],[7.010928,4.792189],[7.010753,4.791955],[7.010973,4.791789],[7.011148,4.792023]]]}},{"type":"Feature","properties":{"h":3.0,"on_route":false},"geometry":{"type":"Polygon","coordinates":[[[7.009301,4.786469],[7.009283,4.786506],[7.009247,4.786488],[7.009265,4.786451],[7.009301,4.786469]]]}},{"type":"Feature","properties":{"h":3.0,"on_route":false},"geometry":{"type":"Polygon","coordinates":[[[7.007769,4.788333],[7.007753,4.788371],[7.007715,4.788355],[7.007731,4.788316],[7.007769,4.788333]]]}},{"type":"Feature","properties":{"h":3.0,"on_route":false},"geometry":{"type":"Polygon","coordinates":[[[7.006411,4.790368],[7.006373,4.790428],[7.006288,4.790375],[7.006326,4.790314],[7.006411,4.790368]]]}},{"type":"Feature","properties":{"h":3.0,"on_route":false},"geometry":{"type":"Polygon","coordinates":[[[7.008086,4.788541],[7.008006,4.788665],[7.0079,4.788597],[7.00798,4.788472],[7.008086,4.788541]]]}},{"type":"Feature","properties":{"h":3.0,"on_route":false},"geometry":{"type":"Polygon","coordinates":[[[7.011243,4.791453],[7.011207,4.791399],[7.011428,4.79125],[7.011464,4.791303],[7.011243,4.791453]]]}},{"type":"Feature","properties":{"h":3.0,"on_route":false},"geometry":{"type":"Polygon","coordinates":[[[7.010789,4.794176],[7.010764,4.794239],[7.010652,4.794196],[7.010677,4.794132],[7.010789,4.794176]]]}},{"type":"Feature","properties":{"h":3.0,"on_route":false},"geometry":{"type":"Polygon","coordinates":[[[7.010321,4.79421],[7.010283,4.794319],[7.010197,4.794289],[7.010235,4.79418],[7.010321,4.79421]]]}},{"type":"Feature","properties":{"h":3.0,"on_route":false},"geometry":{"type":"Polygon","coordinates":[[[7.009264,4.788367],[7.009049,4.788658],[7.008953,4.788586],[7.008968,4.788567],[7.008922,4.788533],[7.009123,4.788262],[7.009264,4.788367]]]}},{"type":"Feature","properties":{"h":3.0,"on_route":false},"geometry":{"type":"Polygon","coordinates":[[[7.008749,4.787771],[7.008746,4.787924],[7.008635,4.787921],[7.008638,4.787768],[7.008749,4.787771]]]}},{"type":"Feature","properties":{"h":3.0,"on_route":false},"geometry":{"type":"Polygon","coordinates":[[[7.012435,4.790557],[7.012294,4.790667],[7.012261,4.790624],[7.012402,4.790514],[7.012435,4.790557]]]}},{"type":"Feature","properties":{"h":3.0,"on_route":false},"geometry":{"type":"Polygon","coordinates":[[[7.013723,4.788733],[7.013715,4.788957],[7.013629,4.788954],[7.013636,4.78873],[7.013723,4.788733]]]}},{"type":"Feature","properties":{"h":3.0,"on_route":false},"geometry":{"type":"Polygon","coordinates":[[[7.010421,4.793481],[7.010338,4.793368],[7.010524,4.79323],[7.010546,4.793261],[7.010596,4.793224],[7.010656,4.793307],[7.010421,4.793481]]]}},{"type":"Feature","properties":{"h":3.0,"on_route":false},"geometry":{"type":"Polygon","coordinates":[[[7.010516,4.79414],[7.010468,4.794177],[7.01044,4.794141],[7.010408,4.794166],[7.010346,4.794085],[7.010378,4.794061],[7.010366,4.794046],[7.010414,4.794008],[7.010516,4.79414]]]}},{"type":"Feature","properties":{"h":3.0,"on_route":false},"geometry":{"type":"Polygon","coordinates":[[[7.008324,4.791145],[7.008196,4.791212],[7.008181,4.791183],[7.00831,4.791116],[7.008324,4.791145]]]}},{"type":"Feature","properties":{"h":3.0,"on_route":false},"geometry":{"type":"Polygon","coordinates":[[[7.007008,4.792905],[7.006962,4.792928],[7.006948,4.7929],[7.006993,4.792877],[7.007008,4.792905]]]}},{"type":"Feature","properties":{"h":3.0,"on_route":false},"geometry":{"type":"Polygon","coordinates":[[[7.009868,4.79091],[7.009826,4.790942],[7.009754,4.790846],[7.009796,4.790814],[7.009868,4.79091]]]}},{"type":"Feature","properties":{"h":3.0,"on_route":false},"geometry":{"type":"Polygon","coordinates":[[[7.012336,4.789749],[7.012272,4.789792],[7.01225,4.789761],[7.012267,4.78975],[7.012195,4.789644],[7.012243,4.789611],[7.012336,4.789749]]]}},{"type":"Feature","properties":{"h":3.0,"on_route":false},"geometry":{"type":"Polygon","coordinates":[[[7.010734,4.789678],[7.010714,4.789675],[7.010705,4.789738],[7.010559,4.789717],[7.010577,4.789596],[7.01062,4.789603],[7.010627,4.789556],[7.010749,4.789574],[7.010734,4.789678]]]}},{"type":"Feature","properties":{"h":3.0,"on_route":false},"geometry":{"type":"Polygon","coordinates":[[[7.00841,4.789473],[7.008291,4.789487],[7.008276,4.789355],[7.008396,4.789342],[7.00841,4.789473]]]}},{"type":"Feature","properties":{"h":3.0,"on_route":false},"geometry":{"type":"Polygon","coordinates":[[[7.012632,4.792631],[7.0126,4.792656],[7.012616,4.792677],[7.012537,4.792739],[7.012418,4.792587],[7.012529,4.7925],[7.012632,4.792631]]]}},{"type":"Feature","properties":{"h":3.0,"on_route":false},"geometry":{"type":"Polygon","coordinates":[[[7.007827,4.788987],[7.007821,4.789014],[7.007789,4.789006],[7.007795,4.788979],[7.007827,4.788987]]]}},{"type":"Feature","properties":{"h":3.0,"on_route":false},"geometry":{"type":"Polygon","coordinates":[[[7.013185,4.789117],[7.013191,4.78916],[7.013197,4.789156],[7.013203,4.789164],[7.013228,4.78916],[7.013244,4.789261],[7.01325,4.789269],[7.013323,4.789257],[7.013381,4.789214],[7.013401,4.789241],[7.013395,4.789246],[7.0134,4.789245],[7.013406,4.789287],[7.013321,4.789301],[7.013257,4.789348],[7.013269,4.789424],[7.013344,4.789526],[7.01338,4.78952],[7.013447,4.78947],[7.01347,4.7895],[7.013621,4.789389],[7.013684,4.789474],[7.013515,4.789599],[7.013478,4.789547],[7.013449,4.789568],[7.013456,4.789613],[7.01337,4.789627],[7.013269,4.789702],[7.01323,4.789649],[7.013158,4.78966],[7.013137,4.789523],[7.013041,4.789392],[7.013049,4.789387],[7.013042,4.789344],[7.013044,4.789344],[7.013044,4.789342],[7.013127,4.789329],[7.013174,4.789295],[7.01318,4.789303],[7.013208,4.789299],[7.013206,4.789287],[7.013176,4.789247],[7.013197,4.789232],[7.013195,4.789216],[7.013179,4.789219],[7.013164,4.78912],[7.013185,4.789117]]]}},{"type":"Feature","properties":{"h":3.0,"on_route":false},"geometry":{"type":"Polygon","coordinates":[[[7.012331,4.790256],[7.012196,4.790276],[7.012201,4.790311],[7.012115,4.790324],[7.012095,4.790189],[7.012316,4.790157],[7.012331,4.790256]]]}},{"type":"Feature","properties":{"h":3.0,"on_route":false},"geometry":{"type":"Polygon","coordinates":[[[7.007677,4.792666],[7.007596,4.792727],[7.007607,4.792742],[7.007552,4.792784],[7.007459,4.792661],[7.007514,4.792619],[7.00753,4.792641],[7.007611,4.792579],[7.007677,4.792666]]]}},{"type":"Feature","properties":{"h":3.0,"on_route":false},"geometry":{"type":"Polygon","coordinates":[[[7.011745,4.791251],[7.011642,4.791332],[7.011605,4.791285],[7.011708,4.791204],[7.011745,4.791251]]]}},{"type":"Feature","properties":{"h":3.0,"on_route":false},"geometry":{"type":"Polygon","coordinates":[[[7.009345,4.785376],[7.009328,4.785367],[7.009306,4.785409],[7.009208,4.785357],[7.009331,4.785125],[7.009445,4.785186],[7.009345,4.785376]]]}},{"type":"Feature","properties":{"h":3.0,"on_route":false},"geometry":{"type":"Polygon","coordinates":[[[7.012567,4.789036],[7.012579,4.789028],[7.012638,4.789111],[7.012518,4.789195],[7.012411,4.789042],[7.012435,4.789025],[7.012432,4.789022],[7.012516,4.788963],[7.012567,4.789036]]]}},{"type":"Feature","properties":{"h":3.0,"on_route":false},"geometry":{"type":"Polygon","coordinates":[[[7.0136,4.789794],[7.013479,4.789885],[7.013417,4.789802],[7.013538,4.789711],[7.0136,4.789794]]]}},{"type":"Feature","properties":{"h":3.0,"on_route":false},"geometry":{"type":"Polygon","coordinates":[[[7.012354,4.788638],[7.012322,4.788656],[7.012345,4.788696],[7.012262,4.788743],[7.012281,4.788777],[7.012225,4.788809],[7.012183,4.788735],[7.012239,4.788703],[7.012229,4.788686],[7.012344,4.78862],[7.012354,4.788638]]]}},{"type":"Feature","properties":{"h":3.0,"on_route":false},"geometry":{"type":"Polygon","coordinates":[[[7.012268,4.791062],[7.012233,4.79109],[7.012191,4.791035],[7.012207,4.791023],[7.012199,4.791013],[7.012219,4.790997],[7.012268,4.791062]]]}},{"type":"Feature","properties":{"h":3.0,"on_route":false},"geometry":{"type":"Polygon","coordinates":[[[7.012916,4.789957],[7.012701,4.789991],[7.012684,4.789878],[7.012898,4.789844],[7.012916,4.789957]]]}},{"type":"Feature","properties":{"h":3.0,"on_route":false},"geometry":{"type":"Polygon","coordinates":[[[7.010725,4.79211],[7.010687,4.792137],[7.010657,4.792097],[7.010695,4.792069],[7.010725,4.79211]]]}},{"type":"Feature","properties":{"h":3.0,"on_route":false},"geometry":{"type":"Polygon","coordinates":[[[7.010124,4.790323],[7.010034,4.790386],[7.009994,4.790329],[7.010083,4.790265],[7.010124,4.790323]]]}},{"type":"Feature","properties":{"h":3.0,"on_route":false},"geometry":{"type":"Polygon","coordinates":[[[7.0111,4.791053],[7.010968,4.791149],[7.010938,4.791107],[7.01107,4.791011],[7.0111,4.791053]]]}},{"type":"Feature","properties":{"h":3.0,"on_route":false},"geometry":{"type":"Polygon","coordinates":[[[7.009053,4.792949],[7.008971,4.793007],[7.008923,4.792939],[7.009005,4.79288],[7.009053,4.792949]]]}},{"type":"Feature","properties":{"h":3.0,"on_route":false},"geometry":{"type":"Polygon","coordinates":[[[7.013383,4.791954],[7.013382,4.791986],[7.013338,4.791986],[7.013338,4.791954],[7.013383,4.791954]]]}},{"type":"Feature","properties":{"h":3.0,"on_route":false},"geometry":{"type":"Polygon","coordinates":[[[7.011333,4.790962],[7.011158,4.791083],[7.011106,4.791007],[7.011281,4.790886],[7.011333,4.790962]]]}},{"type":"Feature","properties":{"h":3.0,"on_route":false},"geometry":{"type":"Polygon","coordinates":[[[7.012528,4.790675],[7.012939,4.790724],[7.012929,4.790806],[7.012518,4.790757],[7.012528,4.790675]]]}},{"type":"Feature","properties":{"h":3.0,"on_route":false},"geometry":{"type":"Polygon","coordinates":[[[7.006483,4.790506],[7.006439,4.790571],[7.006394,4.790541],[7.00641,4.790516],[7.006379,4.790496],[7.006406,4.790455],[7.006483,4.790506]]]}},{"type":"Feature","properties":{"h":3.0,"on_route":false},"geometry":{"type":"Polygon","coordinates":[[[7.010979,4.793887],[7.010816,4.794008],[7.010744,4.793911],[7.010764,4.793896],[7.010753,4.793881],[7.010896,4.793774],[7.010979,4.793887]]]}},{"type":"Feature","properties":{"h":3.0,"on_route":false},"geometry":{"type":"Polygon","coordinates":[[[7.010813,4.790415],[7.010692,4.790501],[7.010617,4.790395],[7.010643,4.790376],[7.010632,4.790361],[7.010653,4.790346],[7.010664,4.790361],[7.010738,4.790309],[7.010813,4.790415]]]}},{"type":"Feature","properties":{"h":3.0,"on_route":false},"geometry":{"type":"Polygon","coordinates":[[[7.009399,4.786583],[7.009387,4.786602],[7.009423,4.786626],[7.009355,4.786732],[7.009205,4.786635],[7.009286,4.78651],[7.009399,4.786583]]]}},{"type":"Feature","properties":{"h":3.0,"on_route":false},"geometry":{"type":"Polygon","coordinates":[[[7.006167,4.789464],[7.006137,4.789511],[7.006117,4.789498],[7.006073,4.789568],[7.006051,4.789554],[7.006072,4.789521],[7.006009,4.789481],[7.006061,4.789397],[7.006167,4.789464]]]}},{"type":"Feature","properties":{"h":3.0,"on_route":false},"geometry":{"type":"Polygon","coordinates":[[[7.007355,4.787976],[7.007221,4.78789],[7.007271,4.787812],[7.007283,4.787821],[7.007308,4.787781],[7.007347,4.787807],[7.007406,4.787715],[7.007359,4.787684],[7.00743,4.787574],[7.00756,4.787658],[7.007355,4.787976]]]}},{"type":"Feature","properties":{"h":3.0,"on_route":false},"geometry":{"type":"Polygon","coordinates":[[[7.009803,4.79205],[7.009792,4.792081],[7.009765,4.792072],[7.009776,4.792041],[7.009803,4.79205]]]}},{"type":"Feature","properties":{"h":3.0,"on_route":false},"geometry":{"type":"Polygon","coordinates":[[[7.006265,4.789284],[7.006202,4.789246],[7.006157,4.789325],[7.006107,4.789295],[7.006199,4.789138],[7.006312,4.789204],[7.006265,4.789284]]]}},{"type":"Feature","properties":{"h":3.0,"on_route":false},"geometry":{"type":"Polygon","coordinates":[[[7.007801,4.785762],[7.007742,4.785939],[7.007768,4.785947],[7.007731,4.786059],[7.007918,4.786121],[7.007902,4.786172],[7.007952,4.786189],[7.007939,4.786225],[7.007549,4.786095],[7.007673,4.785719],[7.007801,4.785762]]]}},{"type":"Feature","properties":{"h":3.0,"on_route":false},"geometry":{"type":"Polygon","coordinates":[[[7.007338,4.792084],[7.007293,4.792118],[7.007245,4.792052],[7.007291,4.792018],[7.007338,4.792084]]]}},{"type":"Feature","properties":{"h":3.0,"on_route":false},"geometry":{"type":"Polygon","coordinates":[[[7.006138,4.789787],[7.006117,4.789819],[7.006142,4.789835],[7.006044,4.789991],[7.00579,4.789831],[7.005908,4.789642],[7.006138,4.789787]]]}},{"type":"Feature","properties":{"h":3.0,"on_route":false},"geometry":{"type":"Polygon","coordinates":[[[7.010574,4.791321],[7.010451,4.791411],[7.01035,4.791273],[7.010472,4.791182],[7.010574,4.791321]]]}},{"type":"Feature","properties":{"h":3.0,"on_route":false},"geometry":{"type":"Polygon","coordinates":[[[7.012477,4.789251],[7.012341,4.789349],[7.012261,4.789237],[7.012397,4.789139],[7.012477,4.789251]]]}},{"type":"Feature","properties":{"h":3.0,"on_route":false},"geometry":{"type":"Polygon","coordinates":[[[7.008304,4.792396],[7.008444,4.792581],[7.008378,4.792631],[7.008307,4.792537],[7.008265,4.792569],[7.008197,4.792478],[7.008304,4.792396]]]}},{"type":"Feature","properties":{"h":3.0,"on_route":false},"geometry":{"type":"Polygon","coordinates":[[[7.01192,4.788868],[7.011918,4.788933],[7.011885,4.788932],[7.011884,4.788959],[7.011741,4.788955],[7.011743,4.788863],[7.01192,4.788868]]]}},{"type":"Feature","properties":{"h":3.0,"on_route":false},"geometry":{"type":"Polygon","coordinates":[[[7.01452,4.789618],[7.014166,4.789626],[7.014164,4.78955],[7.014305,4.789547],[7.014304,4.789506],[7.014368,4.789505],[7.014369,4.789545],[7.014518,4.789542],[7.01452,4.789618]]]}},{"type":"Feature","properties":{"h":3.0,"on_route":false},"geometry":{"type":"Polygon","coordinates":[[[7.013556,4.790907],[7.01345,4.791],[7.013316,4.790845],[7.013421,4.790753],[7.013556,4.790907]]]}},{"type":"Feature","properties":{"h":3.0,"on_route":false},"geometry":{"type":"Polygon","coordinates":[[[7.007466,4.788121],[7.007435,4.788119],[7.007437,4.788082],[7.007468,4.788084],[7.007466,4.788121]]]}},{"type":"Feature","properties":{"h":3.0,"on_route":false},"geometry":{"type":"Polygon","coordinates":[[[7.012861,4.792573],[7.012787,4.792621],[7.01273,4.792533],[7.012804,4.792485],[7.012861,4.792573]]]}},{"type":"Feature","properties":{"h":3.0,"on_route":false},"geometry":{"type":"Polygon","coordinates":[[[7.008465,4.786532],[7.008451,4.786557],[7.00853,4.786603],[7.008487,4.786678],[7.00851,4.786692],[7.0085,4.786711],[7.008476,4.786697],[7.008442,4.786756],[7.008382,4.786721],[7.008372,4.786738],[7.008326,4.786711],[7.008316,4.786728],[7.00827,4.786701],[7.008393,4.78649],[7.008465,4.786532]]]}},{"type":"Feature","properties":{"h":3.0,"on_route":false},"geometry":{"type":"Polygon","coordinates":[[[7.008301,4.791108],[7.008135,4.7912],[7.008106,4.791149],[7.008137,4.791131],[7.008109,4.791081],[7.008244,4.791006],[7.008301,4.791108]]]}},{"type":"Feature","properties":{"h":3.0,"on_route":false},"geometry":{"type":"Polygon","coordinates":[[[7.011024,4.794319],[7.010916,4.794246],[7.011026,4.794082],[7.011135,4.794156],[7.011024,4.794319]]]}},{"type":"Feature","properties":{"h":3.0,"on_route":false},"geometry":{"type":"Polygon","coordinates":[[[7.010158,4.79414],[7.010078,4.794219],[7.010013,4.794153],[7.009985,4.794181],[7.009957,4.794153],[7.010065,4.794046],[7.010158,4.79414]]]}},{"type":"Feature","properties":{"h":3.0,"on_route":false},"geometry":{"type":"Polygon","coordinates":[[[7.012222,4.790903],[7.012124,4.790975],[7.012087,4.790923],[7.012184,4.790852],[7.012222,4.790903]]]}},{"type":"Feature","properties":{"h":3.0,"on_route":false},"geometry":{"type":"Polygon","coordinates":[[[7.012389,4.792978],[7.012386,4.792937],[7.012395,4.792936],[7.012391,4.792893],[7.01254,4.792881],[7.012546,4.792966],[7.012389,4.792978]]]}},{"type":"Feature","properties":{"h":3.0,"on_route":false},"geometry":{"type":"Polygon","coordinates":[[[7.00681,4.78811],[7.0067,4.788035],[7.006811,4.787869],[7.006921,4.787944],[7.00681,4.78811]]]}},{"type":"Feature","properties":{"h":3.0,"on_route":false},"geometry":{"type":"Polygon","coordinates":[[[7.012347,4.790729],[7.012319,4.79069],[7.012466,4.790584],[7.012494,4.790623],[7.012347,4.790729]]]}},{"type":"Feature","properties":{"h":3.0,"on_route":false},"geometry":{"type":"Polygon","coordinates":[[[7.01046,4.791879],[7.010436,4.791895],[7.010448,4.791913],[7.010306,4.79201],[7.010276,4.791966],[7.01025,4.791984],[7.010205,4.791917],[7.010397,4.791786],[7.01046,4.791879]]]}},{"type":"Feature","properties":{"h":3.0,"on_route":false},"geometry":{"type":"Polygon","coordinates":[[[7.007578,4.7866],[7.007512,4.786588],[7.007505,4.786628],[7.007465,4.78662],[7.007503,4.786416],[7.007609,4.786436],[7.007578,4.7866]]]}},{"type":"Feature","properties":{"h":3.0,"on_route":false},"geometry":{"type":"Polygon","coordinates":[[[7.00976,4.793213],[7.009766,4.793237],[7.009727,4.793247],[7.009721,4.793223],[7.00976,4.793213]]]}},{"type":"Feature","properties":{"h":3.0,"on_route":false},"geometry":{"type":"Polygon","coordinates":[[[7.007681,4.786872],[7.007667,4.786911],[7.007596,4.786886],[7.00761,4.786846],[7.007681,4.786872]]]}},{"type":"Feature","properties":{"h":3.0,"on_route":false},"geometry":{"type":"Polygon","coordinates":[[[7.009695,4.786932],[7.009604,4.786952],[7.009592,4.786898],[7.009684,4.786878],[7.009695,4.786932]]]}},{"type":"Feature","properties":{"h":3.0,"on_route":false},"geometry":{"type":"Polygon","coordinates":[[[7.009821,4.786548],[7.009887,4.786818],[7.009695,4.786866],[7.009676,4.786788],[7.00965,4.786794],[7.00963,4.786709],[7.009655,4.786702],[7.009646,4.786667],[7.009621,4.786674],[7.00961,4.786628],[7.00968,4.786611],[7.009673,4.786584],[7.009821,4.786548]]]}},{"type":"Feature","properties":{"h":3.0,"on_route":false},"geometry":{"type":"Polygon","coordinates":[[[7.008769,4.786637],[7.008662,4.786681],[7.00862,4.786579],[7.008727,4.786535],[7.008769,4.786637]]]}},{"type":"Feature","properties":{"h":3.0,"on_route":false},"geometry":{"type":"Polygon","coordinates":[[[7.007752,4.792592],[7.007834,4.792706],[7.007789,4.792739],[7.007758,4.792697],[7.007707,4.792625],[7.007752,4.792592]]]}},{"type":"Feature","properties":{"h":3.0,"on_route":false},"geometry":{"type":"Polygon","coordinates":[[[7.00806,4.793762],[7.007994,4.793672],[7.008002,4.793667],[7.007972,4.793626],[7.008101,4.793531],[7.008118,4.793554],[7.008338,4.793392],[7.008417,4.7935],[7.00806,4.793762]]]}},{"type":"Feature","properties":{"h":3.0,"on_route":false},"geometry":{"type":"Polygon","coordinates":[[[7.008747,4.788538],[7.00872,4.788577],[7.008623,4.788511],[7.00865,4.788471],[7.008747,4.788538]]]}},{"type":"Feature","properties":{"h":3.0,"on_route":false},"geometry":{"type":"Polygon","coordinates":[[[7.01101,4.786238],[7.010988,4.786286],[7.01096,4.786273],[7.010933,4.786334],[7.010879,4.78631],[7.010914,4.786233],[7.010894,4.786224],[7.010908,4.786192],[7.01101,4.786238]]]}},{"type":"Feature","properties":{"h":3.0,"on_route":false},"geometry":{"type":"Polygon","coordinates":[[[7.009761,4.793885],[7.009635,4.793981],[7.009586,4.793915],[7.009711,4.793819],[7.009761,4.793885]]]}},{"type":"Feature","properties":{"h":3.0,"on_route":false},"geometry":{"type":"Polygon","coordinates":[[[7.010754,4.790211],[7.010612,4.790304],[7.010572,4.790242],[7.010714,4.790149],[7.010754,4.790211]]]}},{"type":"Feature","properties":{"h":3.0,"on_route":false},"geometry":{"type":"Polygon","coordinates":[[[7.007708,4.786644],[7.00768,4.786564],[7.007953,4.786468],[7.007981,4.786548],[7.007708,4.786644]]]}},{"type":"Feature","properties":{"h":3.0,"on_route":false},"geometry":{"type":"Polygon","coordinates":[[[7.009941,4.792914],[7.00994,4.79294],[7.009899,4.792938],[7.0099,4.792912],[7.009941,4.792914]]]}},{"type":"Feature","properties":{"h":3.0,"on_route":false},"geometry":{"type":"Polygon","coordinates":[[[7.007204,4.793102],[7.00717,4.793175],[7.006922,4.79306],[7.006956,4.792986],[7.007204,4.793102]]]}},{"type":"Feature","properties":{"h":3.0,"on_route":false},"geometry":{"type":"Polygon","coordinates":[[[7.006409,4.789803],[7.006386,4.789844],[7.006319,4.789804],[7.006342,4.789764],[7.006409,4.789803]]]}},{"type":"Feature","properties":{"h":3.0,"on_route":false},"geometry":{"type":"Polygon","coordinates":[[[7.01042,4.793781],[7.010374,4.793814],[7.010294,4.793701],[7.01034,4.793668],[7.01042,4.793781]]]}},{"type":"Feature","properties":{"h":3.0,"on_route":false},"geometry":{"type":"Polygon","coordinates":[[[7.012093,4.790326],[7.012019,4.790339],[7.011999,4.790222],[7.011979,4.790226],[7.011976,4.79021],[7.012069,4.790193],[7.012093,4.790326]]]}},{"type":"Feature","properties":{"h":3.0,"on_route":false},"geometry":{"type":"Polygon","coordinates":[[[7.010972,4.789634],[7.010872,4.789534],[7.010948,4.789457],[7.010989,4.789498],[7.011063,4.789424],[7.011122,4.789483],[7.010972,4.789634]]]}},{"type":"Feature","properties":{"h":3.0,"on_route":false},"geometry":{"type":"Polygon","coordinates":[[[7.008134,4.787021],[7.008145,4.787063],[7.008107,4.787073],[7.008097,4.787031],[7.008134,4.787021]]]}},{"type":"Feature","properties":{"h":3.0,"on_route":false},"geometry":{"type":"Polygon","coordinates":[[[7.012112,4.790817],[7.01201,4.790885],[7.011987,4.790851],[7.012089,4.790783],[7.012112,4.790817]]]}},{"type":"Feature","properties":{"h":3.0,"on_route":false},"geometry":{"type":"Polygon","coordinates":[[[7.008597,4.788555],[7.008564,4.788566],[7.008579,4.788607],[7.008434,4.788659],[7.008447,4.788696],[7.008377,4.788721],[7.008331,4.788588],[7.008578,4.788501],[7.008597,4.788555]]]}},{"type":"Feature","properties":{"h":3.0,"on_route":false},"geometry":{"type":"Polygon","coordinates":[[[7.007923,4.792995],[7.007874,4.793025],[7.007864,4.793008],[7.00779,4.793054],[7.007801,4.793071],[7.007754,4.7931],[7.007701,4.793015],[7.00787,4.792909],[7.007923,4.792995]]]}},{"type":"Feature","properties":{"h":3.0,"on_route":false},"geometry":{"type":"Polygon","coordinates":[[[7.010295,4.791035],[7.01021,4.791101],[7.010188,4.791073],[7.010273,4.791006],[7.010295,4.791035]]]}},{"type":"Feature","properties":{"h":3.0,"on_route":false},"geometry":{"type":"Polygon","coordinates":[[[7.007301,4.791181],[7.007358,4.791299],[7.007312,4.791321],[7.007256,4.791203],[7.007301,4.791181]]]}},{"type":"Feature","properties":{"h":3.0,"on_route":false},"geometry":{"type":"Polygon","coordinates":[[[7.00962,4.791815],[7.009553,4.79185],[7.009528,4.791802],[7.009595,4.791767],[7.00962,4.791815]]]}},{"type":"Feature","properties":{"h":3.0,"on_route":false},"geometry":{"type":"Polygon","coordinates":[[[7.006498,4.78871],[7.006521,4.788668],[7.006771,4.788809],[7.006668,4.788992],[7.00658,4.788942],[7.006617,4.788876],[7.006382,4.788743],[7.006424,4.788668],[7.006498,4.78871]]]}},{"type":"Feature","properties":{"h":3.0,"on_route":false},"geometry":{"type":"Polygon","coordinates":[[[7.007288,4.791912],[7.007155,4.792007],[7.007116,4.791953],[7.007248,4.791857],[7.007288,4.791912]]]}},{"type":"Feature","properties":{"h":3.0,"on_route":false},"geometry":{"type":"Polygon","coordinates":[[[7.009127,4.793161],[7.009095,4.793184],[7.009071,4.793149],[7.009103,4.793127],[7.009127,4.793161]]]}},{"type":"Feature","properties":{"h":3.0,"on_route":false},"geometry":{"type":"Polygon","coordinates":[[[7.012025,4.79337],[7.011944,4.793648],[7.011865,4.793625],[7.011946,4.793346],[7.012025,4.79337]]]}},{"type":"Feature","properties":{"h":3.0,"on_route":false},"geometry":{"type":"Polygon","coordinates":[[[7.012353,4.793168],[7.012183,4.793181],[7.012179,4.793136],[7.012229,4.793132],[7.012227,4.793098],[7.012347,4.793089],[7.012353,4.793168]]]}},{"type":"Feature","properties":{"h":3.0,"on_route":false},"geometry":{"type":"Polygon","coordinates":[[[7.012086,4.793629],[7.012003,4.793794],[7.011897,4.793741],[7.011981,4.793575],[7.012086,4.793629]]]}},{"type":"Feature","properties":{"h":3.0,"on_route":false},"geometry":{"type":"Polygon","coordinates":[[[7.008492,4.787708],[7.008469,4.787795],[7.008562,4.78782],[7.008547,4.787875],[7.008407,4.787837],[7.008414,4.787809],[7.008376,4.787799],[7.008407,4.787684],[7.008492,4.787708]]]}},{"type":"Feature","properties":{"h":3.0,"on_route":false},"geometry":{"type":"Polygon","coordinates":[[[7.00696,4.788362],[7.006734,4.788213],[7.006801,4.78811],[7.006924,4.788192],[7.006991,4.78809],[7.007093,4.788158],[7.00696,4.788362]]]}},{"type":"Feature","properties":{"h":3.0,"on_route":false},"geometry":{"type":"Polygon","coordinates":[[[7.009078,4.793768],[7.009045,4.793791],[7.009025,4.793762],[7.009057,4.793739],[7.009078,4.793768]]]}},{"type":"Feature","properties":{"h":3.0,"on_route":false},"geometry":{"type":"Polygon","coordinates":[[[7.012052,4.793024],[7.012016,4.793089],[7.011914,4.793032],[7.011949,4.792968],[7.012052,4.793024]]]}},{"type":"Feature","properties":{"h":3.0,"on_route":false},"geometry":{"type":"Polygon","coordinates":[[[7.011682,4.79161],[7.011682,4.791642],[7.011566,4.791641],[7.011566,4.791609],[7.011682,4.79161]]]}},{"type":"Feature","properties":{"h":3.0,"on_route":false},"geometry":{"type":"Polygon","coordinates":[[[7.012201,4.789124],[7.012119,4.789183],[7.012083,4.789133],[7.012165,4.789074],[7.012201,4.789124]]]}},{"type":"Feature","properties":{"h":3.0,"on_route":false},"geometry":{"type":"Polygon","coordinates":[[[7.0094,4.788047],[7.009338,4.78807],[7.009278,4.787911],[7.00934,4.787888],[7.0094,4.788047]]]}},{"type":"Feature","properties":{"h":3.0,"on_route":false},"geometry":{"type":"Polygon","coordinates":[[[7.007759,4.788742],[7.007777,4.788716],[7.007838,4.788759],[7.007855,4.788735],[7.007952,4.788803],[7.007867,4.788926],[7.007808,4.788885],[7.007791,4.78891],[7.007728,4.788866],[7.007712,4.78889],[7.00761,4.788819],[7.007694,4.788697],[7.007759,4.788742]]]}},{"type":"Feature","properties":{"h":3.0,"on_route":false},"geometry":{"type":"Polygon","coordinates":[[[7.006416,4.790599],[7.006333,4.79064],[7.006305,4.790584],[7.006388,4.790543],[7.006416,4.790599]]]}},{"type":"Feature","properties":{"h":3.0,"on_route":false},"geometry":{"type":"Polygon","coordinates":[[[7.006373,4.789131],[7.006354,4.789172],[7.006318,4.789156],[7.006337,4.789114],[7.006373,4.789131]]]}},{"type":"Feature","properties":{"h":3.0,"on_route":false},"geometry":{"type":"Polygon","coordinates":[[[7.009566,4.786926],[7.009539,4.786966],[7.00945,4.786905],[7.009477,4.786865],[7.009566,4.786926]]]}},{"type":"Feature","properties":{"h":3.0,"on_route":false},"geometry":{"type":"Polygon","coordinates":[[[7.008844,4.792531],[7.008865,4.792561],[7.008895,4.79254],[7.008999,4.792691],[7.008899,4.792761],[7.008853,4.792694],[7.008834,4.792707],[7.008755,4.792593],[7.008844,4.792531]]]}},{"type":"Feature","properties":{"h":3.0,"on_route":false},"geometry":{"type":"Polygon","coordinates":[[[7.009771,4.791639],[7.009697,4.791706],[7.009661,4.791666],[7.009735,4.791599],[7.009771,4.791639]]]}},{"type":"Feature","properties":{"h":3.0,"on_route":false},"geometry":{"type":"Polygon","coordinates":[[[7.007318,4.788702],[7.007214,4.788857],[7.007129,4.788799],[7.007233,4.788644],[7.007318,4.788702]]]}},{"type":"Feature","properties":{"h":3.0,"on_route":false},"geometry":{"type":"Polygon","coordinates":[[[7.007157,4.78784],[7.007089,4.787943],[7.007285,4.788075],[7.007233,4.788153],[7.0072,4.788131],[7.00718,4.78816],[7.00711,4.788113],[7.007088,4.788146],[7.007001,4.788087],[7.007023,4.788054],[7.006902,4.787973],[7.007013,4.787807],[7.007021,4.787812],[7.00705,4.787769],[7.007157,4.78784]]]}},{"type":"Feature","properties":{"h":3.0,"on_route":false},"geometry":{"type":"Polygon","coordinates":[[[7.012047,4.789834],[7.011915,4.789937],[7.011808,4.789799],[7.011941,4.789696],[7.012047,4.789834]]]}},{"type":"Feature","properties":{"h":3.0,"on_route":false},"geometry":{"type":"Polygon","coordinates":[[[7.009319,4.786431],[7.009301,4.786469],[7.009265,4.786451],[7.009284,4.786414],[7.009319,4.786431]]]}},{"type":"Feature","properties":{"h":3.0,"on_route":false},"geometry":{"type":"Polygon","coordinates":[[[7.011314,4.7906],[7.011195,4.790684],[7.011092,4.790536],[7.011212,4.790452],[7.011314,4.7906]]]}},{"type":"Feature","properties":{"h":3.0,"on_route":false},"geometry":{"type":"Polygon","coordinates":[[[7.008467,4.787618],[7.008453,4.787671],[7.008364,4.787646],[7.008378,4.787594],[7.008467,4.787618]]]}},{"type":"Feature","properties":{"h":3.0,"on_route":false},"geometry":{"type":"Polygon","coordinates":[[[7.008726,4.791181],[7.008672,4.791241],[7.00859,4.791167],[7.008644,4.791107],[7.008726,4.791181]]]}},{"type":"Feature","properties":{"h":3.0,"on_route":false},"geometry":{"type":"Polygon","coordinates":[[[7.008831,4.788497],[7.008801,4.788545],[7.008659,4.788456],[7.008689,4.788408],[7.008831,4.788497]]]}},{"type":"Feature","properties":{"h":3.0,"on_route":false},"geometry":{"type":"Polygon","coordinates":[[[7.009095,4.787608],[7.009012,4.787639],[7.008948,4.787462],[7.009031,4.787432],[7.009095,4.787608]]]}},{"type":"Feature","properties":{"h":3.0,"on_route":false},"geometry":{"type":"Polygon","coordinates":[[[7.008101,4.791355],[7.008025,4.791377],[7.008011,4.791326],[7.008087,4.791304],[7.008101,4.791355]]]}},{"type":"Feature","properties":{"h":3.0,"on_route":false},"geometry":{"type":"Polygon","coordinates":[[[7.007946,4.793032],[7.007897,4.793062],[7.007874,4.793025],[7.007923,4.792995],[7.007946,4.793032]]]}},{"type":"Feature","properties":{"h":3.0,"on_route":false},"geometry":{"type":"Polygon","coordinates":[[[7.007414,4.788611],[7.007332,4.788556],[7.007294,4.788613],[7.007225,4.788567],[7.007275,4.788492],[7.00725,4.788475],[7.007283,4.788426],[7.007308,4.788442],[7.00737,4.788348],[7.007432,4.788389],[7.00742,4.788406],[7.00751,4.788466],[7.007414,4.788611]]]}},{"type":"Feature","properties":{"h":3.0,"on_route":false},"geometry":{"type":"Polygon","coordinates":[[[7.012468,4.791841],[7.01237,4.7919],[7.012268,4.791729],[7.012366,4.79167],[7.012468,4.791841]]]}},{"type":"Feature","properties":{"h":3.0,"on_route":false},"geometry":{"type":"Polygon","coordinates":[[[7.006968,4.787088],[7.006912,4.787053],[7.007034,4.786858],[7.00709,4.786893],[7.006968,4.787088]]]}},{"type":"Feature","properties":{"h":3.0,"on_route":false},"geometry":{"type":"Polygon","coordinates":[[[7.008496,4.788945],[7.008416,4.788981],[7.008392,4.788927],[7.008472,4.788891],[7.008496,4.788945]]]}},{"type":"Feature","properties":{"h":3.0,"on_route":false},"geometry":{"type":"Polygon","coordinates":[[[7.011191,4.790278],[7.011277,4.790399],[7.011359,4.79034],[7.01141,4.790412],[7.011297,4.790492],[7.011283,4.790473],[7.011261,4.790489],[7.011138,4.790316],[7.011191,4.790278]]]}},{"type":"Feature","properties":{"h":3.0,"on_route":false},"geometry":{"type":"Polygon","coordinates":[[[7.011829,4.789826],[7.011791,4.789849],[7.011758,4.789793],[7.011796,4.78977],[7.011829,4.789826]]]}},{"type":"Feature","properties":{"h":3.0,"on_route":false},"geometry":{"type":"Polygon","coordinates":[[[7.012755,4.793034],[7.01275,4.793211],[7.012616,4.793207],[7.012621,4.793031],[7.012755,4.793034]]]}},{"type":"Feature","properties":{"h":3.0,"on_route":false},"geometry":{"type":"Polygon","coordinates":[[[7.013344,4.792006],[7.013326,4.792177],[7.013218,4.792165],[7.013237,4.791994],[7.013344,4.792006]]]}},{"type":"Feature","properties":{"h":3.0,"on_route":false},"geometry":{"type":"Polygon","coordinates":[[[7.012462,4.792295],[7.012402,4.792338],[7.012312,4.79221],[7.012371,4.792167],[7.012462,4.792295]]]}},{"type":"Feature","properties":{"h":3.0,"on_route":false},"geometry":{"type":"Polygon","coordinates":[[[7.010179,4.791311],[7.010054,4.791402],[7.009999,4.791326],[7.010124,4.791235],[7.010179,4.791311]]]}},{"type":"Feature","properties":{"h":3.0,"on_route":false},"geometry":{"type":"Polygon","coordinates":[[[7.010407,4.791703],[7.010282,4.791799],[7.010248,4.791755],[7.010267,4.791741],[7.010238,4.791702],[7.010344,4.79162],[7.010407,4.791703]]]}},{"type":"Feature","properties":{"h":3.0,"on_route":false},"geometry":{"type":"Polygon","coordinates":[[[7.008581,4.793398],[7.00854,4.793337],[7.008764,4.793184],[7.008805,4.793245],[7.008581,4.793398]]]}},{"type":"Feature","properties":{"h":3.0,"on_route":false},"geometry":{"type":"Polygon","coordinates":[[[7.011041,4.793303],[7.010966,4.793355],[7.010937,4.793312],[7.011012,4.79326],[7.011041,4.793303]]]}},{"type":"Feature","properties":{"h":3.0,"on_route":false},"geometry":{"type":"Polygon","coordinates":[[[7.014027,4.788147],[7.013938,4.788228],[7.013913,4.788199],[7.014001,4.788119],[7.014027,4.788147]]]}},{"type":"Feature","properties":{"h":3.0,"on_route":false},"geometry":{"type":"Polygon","coordinates":[[[7.01254,4.793147],[7.012535,4.793244],[7.012491,4.793242],[7.012492,4.793219],[7.01247,4.793217],[7.012474,4.793144],[7.01254,4.793147]]]}},{"type":"Feature","properties":{"h":3.0,"on_route":false},"geometry":{"type":"Polygon","coordinates":[[[7.011243,4.790222],[7.011158,4.790279],[7.011019,4.790073],[7.011036,4.790062],[7.011025,4.790045],[7.011093,4.789999],[7.011243,4.790222]]]}},{"type":"Feature","properties":{"h":3.0,"on_route":false},"geometry":{"type":"Polygon","coordinates":[[[7.008933,4.787571],[7.008859,4.787597],[7.008826,4.787506],[7.0089,4.787479],[7.008933,4.787571]]]}},{"type":"Feature","properties":{"h":3.0,"on_route":false},"geometry":{"type":"Polygon","coordinates":[[[7.009105,4.792227],[7.00905,4.792268],[7.009016,4.792224],[7.009071,4.792182],[7.009105,4.792227]]]}},{"type":"Feature","properties":{"h":3.0,"on_route":false},"geometry":{"type":"Polygon","coordinates":[[[7.012797,4.791504],[7.012857,4.791461],[7.012906,4.791529],[7.012816,4.791593],[7.012858,4.791652],[7.012797,4.791696],[7.012623,4.791453],[7.012714,4.791387],[7.012797,4.791504]]]}},{"type":"Feature","properties":{"h":3.0,"on_route":false},"geometry":{"type":"Polygon","coordinates":[[[7.007534,4.788129],[7.007453,4.788076],[7.007497,4.788009],[7.007524,4.788026],[7.007544,4.787995],[7.007599,4.78803],[7.007534,4.788129]]]}},{"type":"Feature","properties":{"h":3.0,"on_route":false},"geometry":{"type":"Polygon","coordinates":[[[7.012823,4.78905],[7.012871,4.789122],[7.012837,4.789145],[7.012788,4.789073],[7.012823,4.78905]]]}},{"type":"Feature","properties":{"h":3.0,"on_route":false},"geometry":{"type":"Polygon","coordinates":[[[7.008856,4.788613],[7.00878,4.788723],[7.008671,4.788648],[7.008747,4.788538],[7.008856,4.788613]]]}},{"type":"Feature","properties":{"h":3.0,"on_route":false},"geometry":{"type":"Polygon","coordinates":[[[7.013337,4.788888],[7.013242,4.788952],[7.013226,4.788929],[7.013193,4.788952],[7.013209,4.788975],[7.013078,4.789064],[7.012991,4.788935],[7.013155,4.788824],[7.013072,4.7887],[7.013167,4.788636],[7.013337,4.788888]]]}},{"type":"Feature","properties":{"h":3.0,"on_route":false},"geometry":{"type":"Polygon","coordinates":[[[7.012564,4.789311],[7.012466,4.789379],[7.012426,4.789321],[7.012524,4.789252],[7.012564,4.789311]]]}},{"type":"Feature","properties":{"h":3.0,"on_route":false},"geometry":{"type":"Polygon","coordinates":[[[7.011153,4.79039],[7.010978,4.790512],[7.010923,4.790433],[7.01104,4.790351],[7.011054,4.790371],[7.011112,4.79033],[7.011153,4.79039]]]}},{"type":"Feature","properties":{"h":3.0,"on_route":false},"geometry":{"type":"Polygon","coordinates":[[[7.013042,4.790315],[7.013035,4.790399],[7.012992,4.790395],[7.012998,4.790312],[7.013042,4.790315]]]}},{"type":"Feature","properties":{"h":3.0,"on_route":false},"geometry":{"type":"Polygon","coordinates":[[[7.012102,4.790603],[7.012073,4.790624],[7.011994,4.790518],[7.012023,4.790496],[7.012102,4.790603]]]}},{"type":"Feature","properties":{"h":3.0,"on_route":false},"geometry":{"type":"Polygon","coordinates":[[[7.010993,4.792296],[7.010921,4.792343],[7.010859,4.792248],[7.010931,4.792201],[7.010993,4.792296]]]}},{"type":"Feature","properties":{"h":3.0,"on_route":false},"geometry":{"type":"Polygon","coordinates":[[[7.007346,4.792357],[7.007367,4.792402],[7.007339,4.792415],[7.007318,4.79237],[7.007346,4.792357]]]}},{"type":"Feature","properties":{"h":3.0,"on_route":false},"geometry":{"type":"Polygon","coordinates":[[[7.009725,4.787324],[7.009702,4.787283],[7.00979,4.787233],[7.009813,4.787274],[7.009725,4.787324]]]}},{"type":"Feature","properties":{"h":3.0,"on_route":false},"geometry":{"type":"Polygon","coordinates":[[[7.008236,4.787705],[7.008221,4.787755],[7.008121,4.787724],[7.008136,4.787674],[7.008236,4.787705]]]}},{"type":"Feature","properties":{"h":3.0,"on_route":false},"geometry":{"type":"Polygon","coordinates":[[[7.013908,4.788227],[7.013913,4.788271],[7.013855,4.788278],[7.01385,4.788234],[7.013908,4.788227]]]}},{"type":"Feature","properties":{"h":3.0,"on_route":false},"geometry":{"type":"Polygon","coordinates":[[[7.009813,4.794429],[7.009771,4.79447],[7.009669,4.794365],[7.00971,4.794324],[7.009813,4.794429]]]}},{"type":"Feature","properties":{"h":3.0,"on_route":false},"geometry":{"type":"Polygon","coordinates":[[[7.00876,4.791362],[7.008719,4.791401],[7.008633,4.79131],[7.008673,4.791271],[7.00876,4.791362]]]}},{"type":"Feature","properties":{"h":3.0,"on_route":false},"geometry":{"type":"Polygon","coordinates":[[[7.008313,4.788263],[7.008302,4.788289],[7.008266,4.788274],[7.008277,4.788248],[7.008313,4.788263]]]}},{"type":"Feature","properties":{"h":3.0,"on_route":false},"geometry":{"type":"Polygon","coordinates":[[[7.012234,4.790804],[7.01217,4.790853],[7.012104,4.790769],[7.012167,4.790719],[7.012234,4.790804]]]}},{"type":"Feature","properties":{"h":3.0,"on_route":false},"geometry":{"type":"Polygon","coordinates":[[[7.011504,4.790495],[7.01137,4.790588],[7.011319,4.790515],[7.011453,4.790422],[7.011504,4.790495]]]}},{"type":"Feature","properties":{"h":3.0,"on_route":false},"geometry":{"type":"Polygon","coordinates":[[[7.011956,4.791986],[7.011953,4.792009],[7.011931,4.792007],[7.011934,4.791983],[7.011956,4.791986]]]}},{"type":"Feature","properties":{"h":3.0,"on_route":false},"geometry":{"type":"Polygon","coordinates":[[[7.006386,4.788934],[7.006358,4.788982],[7.006313,4.788956],[7.006341,4.788908],[7.006386,4.788934]]]}},{"type":"Feature","properties":{"h":3.0,"on_route":false},"geometry":{"type":"Polygon","coordinates":[[[7.010785,4.791086],[7.010751,4.791116],[7.010706,4.791064],[7.01074,4.791034],[7.010785,4.791086]]]}},{"type":"Feature","properties":{"h":3.0,"on_route":false},"geometry":{"type":"Polygon","coordinates":[[[7.007768,4.792973],[7.007741,4.79299],[7.007722,4.792959],[7.007662,4.792996],[7.007632,4.792946],[7.007718,4.792892],[7.007768,4.792973]]]}},{"type":"Feature","properties":{"h":3.0,"on_route":false},"geometry":{"type":"Polygon","coordinates":[[[7.011039,4.79321],[7.01096,4.79326],[7.010931,4.793214],[7.011011,4.793164],[7.011039,4.79321]]]}},{"type":"Feature","properties":{"h":3.0,"on_route":false},"geometry":{"type":"Polygon","coordinates":[[[7.008206,4.787452],[7.008193,4.787497],[7.008008,4.787441],[7.008021,4.787396],[7.008206,4.787452]]]}},{"type":"Feature","properties":{"h":3.0,"on_route":false},"geometry":{"type":"Polygon","coordinates":[[[7.012569,4.789568],[7.012468,4.789642],[7.012431,4.789591],[7.012532,4.789517],[7.012569,4.789568]]]}},{"type":"Feature","properties":{"h":3.0,"on_route":false},"geometry":{"type":"Polygon","coordinates":[[[7.00706,4.792191],[7.007026,4.792217],[7.006937,4.792098],[7.006971,4.792072],[7.00706,4.792191]]]}},{"type":"Feature","properties":{"h":3.0,"on_route":false},"geometry":{"type":"Polygon","coordinates":[[[7.013079,4.789917],[7.01295,4.789938],[7.01292,4.789753],[7.013049,4.789732],[7.013079,4.789917]]]}},{"type":"Feature","properties":{"h":3.0,"on_route":false},"geometry":{"type":"Polygon","coordinates":[[[7.006784,4.792068],[7.006748,4.792108],[7.006704,4.792067],[7.006741,4.792028],[7.006784,4.792068]]]}},{"type":"Feature","properties":{"h":3.0,"on_route":false},"geometry":{"type":"Polygon","coordinates":[[[7.0109,4.794167],[7.01085,4.794203],[7.010762,4.794082],[7.010812,4.794046],[7.0109,4.794167]]]}},{"type":"Feature","properties":{"h":3.0,"on_route":false},"geometry":{"type":"Polygon","coordinates":[[[7.012811,4.792477],[7.012746,4.792517],[7.01272,4.792476],[7.012785,4.792436],[7.012811,4.792477]]]}}]}